latitude,longitude,bright_ti4,scan,track,acq_date,acq_time,satellite,instrument,confidence,version,bright_ti5,frp,daynight,type
37.89556,24.92304,328.66,0.46,0.39,2021-01-01,1101,N,VIIRS,n,2,286.81,2.43,D,0
39.86472,25.34067,338.98,0.42,0.38,2021-01-01,1102,N,VIIRS,n,2,289.39,3.59,D,0
40.46978,21.12828,339.69,0.4,0.44,2021-01-01,1102,N,VIIRS,n,2,280.17,2.81,D,0
39.92297,22.6991,333.67,0.53,0.42,2021-01-01,1102,N,VIIRS,n,2,288.21,6.19,D,0
39.92142,22.7013,337.45,0.53,0.42,2021-01-01,1102,N,VIIRS,n,2,288.93,4.84,D,0
39.86728,25.33478,333.22,0.42,0.38,2021-01-01,1102,N,VIIRS,n,2,290.85,4.07,D,0
38.56454,23.29445,318.9,0.32,0.55,2021-01-02,0101,N,VIIRS,n,2,280.6,1.56,N,2
35.21378,25.57331,329.91,0.55,0.51,2021-01-02,1042,N,VIIRS,n,2,286.3,6.17,D,0
40.78402,22.73566,340.8,0.55,0.68,2021-01-02,1224,N,VIIRS,n,2,286.79,4.79,D,0
40.82938,22.72675,335.44,0.55,0.68,2021-01-02,1224,N,VIIRS,n,2,283.73,3.67,D,0
40.78461,22.7327,345.39,0.55,0.68,2021-01-02,1224,N,VIIRS,n,2,286.07,4.47,D,0
35.28946,24.71097,339.26,0.54,0.68,2021-01-03,1023,N,VIIRS,n,2,284.13,3.86,D,0
37.9951,24.55953,347.41,0.37,0.58,2021-01-03,1204,N,VIIRS,n,2,287.33,4.3,D,0
37.99366,24.55989,346.36,0.37,0.58,2021-01-03,1204,N,VIIRS,n,2,286.94,5.25,D,0
39.38699,22.80902,306.88,0.47,0.4,2021-01-05,0005,N,VIIRS,n,2,277.22,0.76,N,2
39.35475,22.9857,297.05,0.46,0.39,2021-01-05,0005,N,VIIRS,n,2,280.16,0.67,N,2
38.1297,23.52295,306.64,0.43,0.38,2021-01-05,0005,N,VIIRS,n,2,281.44,0.91,N,2
37.91887,23.07414,296.58,0.44,0.46,2021-01-08,0049,N,VIIRS,n,2,284,0.76,N,2
38.56588,23.29313,300.38,0.44,0.46,2021-01-08,0049,N,VIIRS,n,2,285.19,0.93,N,2
36.82278,24.58053,327.81,0.41,0.61,2021-01-08,1030,N,VIIRS,n,2,288.15,2.61,D,0
37.89268,24.92621,331.86,0.65,0.73,2021-01-09,1011,N,VIIRS,n,2,283.62,8.92,D,0
37.89083,24.92033,329.7,0.65,0.73,2021-01-09,1011,N,VIIRS,n,2,283.99,8.92,D,0
38.12992,23.52581,310.11,0.4,0.37,2021-01-10,0011,N,VIIRS,n,2,285.25,1.27,N,2
38.5667,23.29459,321.22,0.4,0.37,2021-01-10,0011,N,VIIRS,n,2,285.71,1.71,N,3
38.56333,23.29387,296.43,0.4,0.37,2021-01-10,0011,N,VIIRS,n,2,285.71,0.6,N,2
37.9177,23.07262,300.96,0.4,0.37,2021-01-10,0012,N,VIIRS,n,2,288.24,1.05,N,2
38.39238,23.07101,330.1,0.41,0.37,2021-01-10,1133,N,VIIRS,n,2,290.59,2.66,D,0
39.03878,22.24179,342.61,0.4,0.37,2021-01-10,1133,N,VIIRS,n,2,292.39,5.52,D,0
38.56474,23.29571,330.2,0.4,0.44,2021-01-10,2352,N,VIIRS,n,2,283.59,3.92,N,2
38.13046,23.52509,304.36,0.39,0.44,2021-01-10,2353,N,VIIRS,n,2,285.45,0.9,N,2
38.53632,22.80205,326.66,0.42,0.38,2021-01-11,1114,N,VIIRS,n,2,287.58,2.38,D,0
39.35649,22.984,298.23,0.49,0.49,2021-01-13,0055,N,VIIRS,n,2,279.45,0.79,N,2
39.3544,22.98407,302.24,0.49,0.49,2021-01-13,0055,N,VIIRS,n,2,280.45,1.76,N,2
36.72522,25.37623,338.08,0.62,0.54,2021-01-13,1036,N,VIIRS,n,2,287.53,6.34,D,0
35.05133,25.64439,326.64,0.59,0.7,2021-01-14,1017,N,VIIRS,n,2,284.01,3.09,D,0
35.05137,25.64412,325.09,0.59,0.7,2021-01-14,1017,N,VIIRS,n,2,283.99,2.23,D,0
37.91848,23.07159,296.68,0.38,0.36,2021-01-15,0018,N,VIIRS,n,2,282.82,1.13,N,2
39.16293,25.94542,347.9,0.43,0.46,2021-01-18,1043,N,VIIRS,n,2,286.5,8.3,D,0
41.10904,23.39289,356.47,0.34,0.56,2021-01-19,1205,N,VIIRS,n,2,280,4.62,D,0
41.10857,23.39251,349.15,0.34,0.56,2021-01-19,1205,N,VIIRS,n,2,279.44,3.54,D,0
39.3545,22.98442,300.64,0.39,0.36,2021-01-20,0024,N,VIIRS,n,2,274.65,0.91,N,2
39.16603,22.84588,301.78,0.39,0.36,2021-01-20,0024,N,VIIRS,n,2,269.19,0.71,N,2
38.12999,23.52707,299.35,0.4,0.37,2021-01-20,0024,N,VIIRS,n,2,274.26,0.48,N,2
35.26647,23.60662,339.34,0.52,0.41,2021-01-20,1145,N,VIIRS,n,2,288.84,10.58,D,0
35.26471,23.6085,339,0.52,0.41,2021-01-20,1145,N,VIIRS,n,2,288.37,7.37,D,0
37.19842,24.50014,334.6,0.4,0.44,2021-01-20,1145,N,VIIRS,n,2,285.54,2.86,D,0
41.01136,24.10082,325.17,0.42,0.45,2021-01-20,1146,N,VIIRS,n,2,281.04,2.56,D,0
38.36378,21.21158,326.47,0.44,0.39,2021-01-20,1146,N,VIIRS,n,2,285.65,2.5,D,0
38.56625,23.29333,296.37,0.49,0.48,2021-01-21,2346,N,VIIRS,n,2,278.85,1.03,N,2
38.13088,23.52483,298.75,0.47,0.48,2021-01-21,2346,N,VIIRS,n,2,277.53,1.09,N,2
40.28281,23.44321,298.98,0.35,0.57,2021-01-23,0107,N,VIIRS,n,2,278.65,0.57,N,2
38.56326,23.29416,306.18,0.38,0.59,2021-01-23,0108,N,VIIRS,n,2,280.75,1.33,N,2
39.354,22.9842,300.87,0.35,0.57,2021-01-23,0108,N,VIIRS,n,2,276.39,0.9,N,2
38.12885,23.52716,297,0.46,0.47,2021-01-24,0049,N,VIIRS,n,2,279.74,0.76,N,2
37.959,23.40119,300.31,0.46,0.47,2021-01-24,0049,N,VIIRS,n,2,282.99,1.39,N,0
37.96324,23.40273,302.98,0.46,0.47,2021-01-24,0049,N,VIIRS,n,2,283.61,1.42,N,3
39.38399,22.80831,295.3,0.4,0.44,2021-01-24,0049,N,VIIRS,n,2,278.2,0.5,N,0
38.12918,23.52453,299.97,0.4,0.37,2021-01-26,0012,N,VIIRS,n,2,271.62,0.86,N,2
38.37479,24.0604,297.14,0.33,0.55,2021-01-27,2334,N,VIIRS,n,2,276.98,0.64,N,2
38.13164,23.52426,296.79,0.35,0.56,2021-01-27,2334,N,VIIRS,n,2,274.2,0.38,N,2
41.09553,23.47554,333.4,0.54,0.42,2021-01-28,1056,N,VIIRS,n,2,281.32,6.38,D,0
40.19304,22.56748,342.79,0.41,0.45,2021-01-28,1056,N,VIIRS,n,2,283.29,5.09,D,0
41.04095,22.92307,328.65,0.32,0.55,2021-01-29,1037,N,VIIRS,n,2,282.14,2.26,D,0
39.38686,22.80828,295.4,0.39,0.36,2021-01-31,0017,N,VIIRS,n,2,263.07,0.35,N,2
39.35368,22.98603,301.66,0.39,0.36,2021-01-31,0017,N,VIIRS,n,2,279.31,1.01,N,2
38.12759,23.5247,296.25,0.38,0.36,2021-01-31,0018,N,VIIRS,n,2,276.99,0.63,N,2
38.37498,24.06388,295.7,0.39,0.36,2021-01-31,0018,N,VIIRS,n,2,275.7,0.25,N,2
38.13088,23.52553,302.83,0.38,0.36,2021-01-31,0018,N,VIIRS,n,2,280.79,0.63,N,2
39.42704,22.66827,328.74,0.39,0.36,2021-02-01,1121,N,VIIRS,n,2,284.62,2.91,D,0
37.91851,22.80794,306.14,0.56,0.69,2021-02-02,2321,N,VIIRS,n,2,278.03,1.29,N,0
37.91909,22.80747,307.76,0.56,0.69,2021-02-02,2321,N,VIIRS,n,2,277.99,1.07,N,0
38.56424,23.29539,295.61,0.32,0.55,2021-02-03,0101,N,VIIRS,n,2,279.87,0.76,N,2
38.56508,23.2921,295.26,0.32,0.55,2021-02-03,0101,N,VIIRS,n,2,281.04,1.18,N,2
37.91881,23.07333,298.29,0.32,0.55,2021-02-03,0102,N,VIIRS,n,2,283.12,0.7,N,2
40.08104,23.79473,327.87,0.52,0.5,2021-02-03,1043,N,VIIRS,n,2,288.65,4.13,D,0
40.6876,22.72568,347.68,0.55,0.68,2021-02-03,1224,N,VIIRS,n,2,290.45,5.44,D,0
38.13029,23.52444,302.34,0.39,0.44,2021-02-04,0043,N,VIIRS,n,2,280.57,0.9,N,2
39.16835,22.84115,308.13,0.52,0.41,2021-02-04,0043,N,VIIRS,n,2,279.79,1.43,N,2
38.3726,24.06227,302.95,0.41,0.45,2021-02-04,0043,N,VIIRS,n,2,283.52,0.91,N,2
40.43301,21.16401,347.13,0.51,0.5,2021-02-04,1205,N,VIIRS,n,2,292.88,8.91,D,0
41.07395,23.78807,345.38,0.36,0.57,2021-02-04,1205,N,VIIRS,n,2,289.38,2.13,D,0
40.77102,22.94888,339.37,0.32,0.55,2021-02-04,1205,N,VIIRS,n,2,289.75,1.9,D,0
41.06866,23.78932,327.25,0.36,0.57,2021-02-04,1205,N,VIIRS,n,2,289.68,2.13,D,0
40.42949,21.16522,340.57,0.51,0.5,2021-02-04,1205,N,VIIRS,n,2,291.46,14.11,D,0
38.03898,23.51171,296.26,0.4,0.37,2021-02-05,0024,N,VIIRS,n,2,285.05,0.89,N,0
37.91749,23.07167,298.97,0.39,0.36,2021-02-05,0024,N,VIIRS,n,2,285.65,0.77,N,2
38.12835,23.52395,316.23,0.4,0.37,2021-02-05,0024,N,VIIRS,n,2,283.78,1.3,N,2
38.3739,24.06115,299.36,0.41,0.37,2021-02-05,0024,N,VIIRS,n,2,283.11,0.85,N,2
38.56561,23.29393,303.99,0.39,0.36,2021-02-05,0024,N,VIIRS,n,2,280.35,1.1,N,2
38.02334,22.49459,329.89,0.49,0.41,2021-02-05,1145,N,VIIRS,n,2,289.22,2.5,D,0
38.02348,22.49302,330.38,0.49,0.41,2021-02-05,1145,N,VIIRS,n,2,289.49,3.45,D,0
40.62048,21.31215,332.37,0.47,0.4,2021-02-05,1146,N,VIIRS,n,2,290.7,3.79,D,0
40.08144,23.79628,327.18,0.4,0.44,2021-02-05,1146,N,VIIRS,n,2,290.62,3.12,D,0
40.76516,21.4457,330.39,0.48,0.4,2021-02-05,1146,N,VIIRS,n,2,289.18,3.3,D,0
38.56599,23.29266,297.26,0.44,0.39,2021-02-06,0005,N,VIIRS,n,2,284.99,0.96,N,2
39.35376,22.98336,295.43,0.46,0.39,2021-02-06,0005,N,VIIRS,n,2,282.98,0.67,N,2
39.38618,22.80702,302.48,0.47,0.4,2021-02-06,0005,N,VIIRS,n,2,271.42,0.82,N,2
37.91882,23.07209,299.16,0.44,0.39,2021-02-06,0005,N,VIIRS,n,2,286.67,1.09,N,2
38.13052,23.52433,308.1,0.43,0.38,2021-02-06,0005,N,VIIRS,n,2,282.39,1.56,N,2
35.34503,23.77039,331.4,0.38,0.36,2021-02-06,1126,N,VIIRS,n,2,295.41,2.89,D,0
38.19387,21.99333,327.33,0.39,0.36,2021-02-06,1127,N,VIIRS,n,2,292.35,4.45,D,0
38.19456,21.99771,329.53,0.39,0.36,2021-02-06,1127,N,VIIRS,n,2,293.73,4.45,D,0
38.44897,23.09698,327.9,0.39,0.36,2021-02-06,1127,N,VIIRS,n,2,294.12,1.52,D,0
41.01805,24.06255,331.12,0.41,0.37,2021-02-06,1127,N,VIIRS,n,2,292.32,2.56,D,0
40.29799,21.41108,328.67,0.38,0.36,2021-02-06,1127,N,VIIRS,n,2,292.39,1.77,D,0
40.97169,23.1522,333.97,0.4,0.37,2021-02-06,1127,N,VIIRS,n,2,291.87,2.6,D,0
40.97503,23.15138,326.23,0.4,0.37,2021-02-06,1127,N,VIIRS,n,2,291.75,1.52,D,0
39.33954,22.63312,336.2,0.39,0.36,2021-02-06,1127,N,VIIRS,n,2,297.71,2.73,D,0
39.15541,22.83226,329.57,0.39,0.36,2021-02-06,1127,N,VIIRS,n,2,292.59,2.1,D,0
38.93601,22.05079,329.13,0.38,0.36,2021-02-06,1127,N,VIIRS,n,2,297.42,2.28,D,0
38.9367,22.05519,329.79,0.38,0.36,2021-02-06,1127,N,VIIRS,n,2,297.37,2.28,D,0
38.83776,22.06513,307.37,0.33,0.55,2021-02-08,0108,N,VIIRS,n,2,275.52,0.89,N,0
38.56499,23.29309,324.55,0.78,0.78,2021-02-08,2308,N,VIIRS,n,2,283.47,4.81,N,2
38.56535,23.29459,329.71,0.79,0.78,2021-02-08,2308,N,VIIRS,n,2,283.44,4.41,N,2
38.56551,23.29518,295.15,0.44,0.46,2021-02-09,0049,N,VIIRS,n,2,280.79,0.64,N,2
35.2547,24.60305,332.45,0.45,0.63,2021-02-09,1029,N,VIIRS,n,2,284.05,2.99,D,0
35.25383,24.60176,325.27,0.45,0.63,2021-02-09,1029,N,VIIRS,n,2,284.03,1.64,D,0
38.39638,23.08232,351.53,0.38,0.59,2021-02-09,1211,N,VIIRS,n,2,292.58,5.21,D,0
38.50051,23.06138,340.55,0.38,0.59,2021-02-09,1211,N,VIIRS,n,2,292.79,3.6,D,0
38.46136,23.04698,367,0.38,0.58,2021-02-09,1211,N,VIIRS,h,2,294.1,8.22,D,0
39.35374,22.98537,308.06,0.41,0.37,2021-02-10,0030,N,VIIRS,n,2,283.52,1.1,N,2
38.37413,24.06336,298.35,0.45,0.39,2021-02-10,0030,N,VIIRS,n,2,283.93,0.8,N,2
38.128,23.52536,309.87,0.43,0.38,2021-02-10,0030,N,VIIRS,n,2,282.22,1.65,N,2
38.03447,23.59477,296.63,0.44,0.38,2021-02-10,0030,N,VIIRS,n,2,282.47,0.76,N,0
37.9185,23.07305,299.48,0.42,0.38,2021-02-10,0030,N,VIIRS,n,2,285.74,1.07,N,2
37.90038,24.91895,341.92,0.46,0.39,2021-02-11,1133,N,VIIRS,n,2,290.6,6.33,D,3
37.89672,24.91924,345.91,0.46,0.39,2021-02-11,1133,N,VIIRS,n,2,294.42,6.33,D,0
37.89735,24.92456,331.45,0.46,0.39,2021-02-11,1133,N,VIIRS,n,2,292.06,6.33,D,0
39.16825,22.84221,303.29,0.43,0.46,2021-02-11,2352,N,VIIRS,n,2,279.04,0.88,N,2
37.91898,23.07111,296.76,0.41,0.45,2021-02-11,2353,N,VIIRS,n,2,285.45,0.78,N,2
38.12809,23.52338,309.89,0.39,0.44,2021-02-11,2353,N,VIIRS,n,2,283.76,1.53,N,2
38.03937,23.50977,312.3,0.39,0.44,2021-02-11,2353,N,VIIRS,n,2,284.65,1.52,N,0
38.03535,23.509,298.29,0.39,0.44,2021-02-11,2353,N,VIIRS,n,2,284.73,0.88,N,3
39.38621,22.80771,296.24,0.71,0.75,2021-02-12,0132,N,VIIRS,n,2,276.88,0.79,N,2
38.56602,23.29346,298.76,0.79,0.78,2021-02-12,0133,N,VIIRS,n,2,280.3,1.18,N,2
38.56309,23.29504,295.89,0.79,0.78,2021-02-12,0133,N,VIIRS,n,2,280.39,1.4,N,2
35.23964,24.20646,326.17,0.41,0.37,2021-02-12,1113,N,VIIRS,n,2,285.88,3,D,0
35.24037,24.2107,328.76,0.41,0.37,2021-02-12,1113,N,VIIRS,n,2,288.85,5.9,D,0
38.44864,23.07233,330.59,0.41,0.37,2021-02-12,1114,N,VIIRS,n,2,292.84,1.96,D,0
38.39988,22.99742,329.71,0.42,0.37,2021-02-12,1114,N,VIIRS,n,2,294.65,1.66,D,0
40.54341,22.6894,341.44,0.41,0.37,2021-02-12,1115,N,VIIRS,n,2,285.49,10.09,D,0
40.5732,22.76001,328.98,0.4,0.37,2021-02-12,1115,N,VIIRS,n,2,282.16,1.96,D,0
40.55627,22.62082,342.33,0.41,0.37,2021-02-12,1115,N,VIIRS,n,2,283.24,7.27,D,0
40.57066,22.76572,325.67,0.4,0.37,2021-02-12,1115,N,VIIRS,n,2,297.61,40.78,D,0
40.9089,24.63218,328.63,0.38,0.36,2021-02-12,1115,N,VIIRS,n,2,287.08,1.1,D,0
40.92548,23.79198,328.24,0.39,0.36,2021-02-12,1115,N,VIIRS,n,2,284.46,5.02,D,0
40.92474,23.78741,327.72,0.39,0.36,2021-02-12,1115,N,VIIRS,n,2,283.84,2.97,D,0
35.20477,24.5955,339.34,0.42,0.45,2021-02-13,1054,N,VIIRS,n,2,284.9,4.45,D,0
39.54182,22.32175,305.51,0.4,0.37,2021-02-16,0017,N,VIIRS,n,2,265.25,0.78,N,0
40.72464,23.06287,298.74,0.39,0.36,2021-02-16,0017,N,VIIRS,n,2,266.59,0.42,N,0
38.1305,21.64054,302.01,0.4,0.37,2021-02-16,0018,N,VIIRS,n,2,271.72,0.87,N,0
40.25957,23.37284,328.32,0.49,0.4,2021-02-16,1140,N,VIIRS,n,2,286.4,8.45,D,3
40.63577,22.82703,334.11,0.47,0.4,2021-02-16,1140,N,VIIRS,n,2,278.64,5.13,D,0
40.26009,23.37042,336.71,0.49,0.4,2021-02-16,1140,N,VIIRS,n,2,285.59,8.7,D,0
38.03853,23.51184,302.17,0.49,0.4,2021-02-16,2359,N,VIIRS,n,2,277.83,2,N,0
38.12871,23.52581,308.82,0.49,0.4,2021-02-16,2359,N,VIIRS,n,2,271.17,2.03,N,2
38.4807,21.20715,329.63,0.42,0.38,2021-02-17,1120,N,VIIRS,n,2,287.07,3.16,D,0
37.80317,23.05454,327.97,0.39,0.36,2021-02-17,1120,N,VIIRS,n,2,283.36,3.02,D,0
37.04136,22.0389,329.22,0.41,0.37,2021-02-17,1120,N,VIIRS,n,2,289.12,2.42,D,0
41.12595,23.41552,326.88,0.47,0.4,2021-02-18,1102,N,VIIRS,n,2,290.8,2.08,D,0
40.46849,22.89926,342.32,0.5,0.41,2021-02-18,1102,N,VIIRS,n,2,289.4,12.62,D,0
40.71898,22.57534,343.65,0.51,0.41,2021-02-18,1102,N,VIIRS,n,2,286.17,9.01,D,0
41.07271,25.17708,328.71,0.42,0.37,2021-02-18,1102,N,VIIRS,n,2,283.92,3.21,D,0
40.71725,22.57394,325.98,0.51,0.41,2021-02-18,1102,N,VIIRS,n,2,286.52,10.82,D,0
38.03759,23.51171,299.68,0.34,0.56,2021-02-19,0102,N,VIIRS,n,2,280.02,1.2,N,0
38.03937,23.51294,299.13,0.34,0.56,2021-02-19,0102,N,VIIRS,n,2,280.75,0.96,N,0
41.00903,23.46572,336.03,0.51,0.49,2021-02-19,1043,N,VIIRS,n,2,285.59,4.89,D,0
40.69683,22.74211,331.2,0.56,0.52,2021-02-19,1043,N,VIIRS,n,2,291.61,3.89,D,0
40.33997,22.61313,332.9,0.58,0.52,2021-02-19,1043,N,VIIRS,n,2,290.3,4.32,D,0
41.04072,23.45689,349.3,0.51,0.49,2021-02-19,1043,N,VIIRS,n,2,284.8,9.24,D,0
41.04119,23.45883,340.35,0.51,0.49,2021-02-19,1043,N,VIIRS,n,2,285.12,5.76,D,0
41.03679,23.46065,334.26,0.51,0.49,2021-02-19,1043,N,VIIRS,n,2,284.79,5.76,D,0
41.03334,23.50725,338.57,0.51,0.49,2021-02-19,1043,N,VIIRS,n,2,286.97,4.07,D,0
41.03489,23.50636,326.06,0.61,0.71,2021-02-19,1224,N,VIIRS,n,2,272.1,5.18,D,0
41.03851,23.50826,338.32,0.61,0.71,2021-02-19,1224,N,VIIRS,n,2,272.99,3.85,D,0
38.12945,23.52654,301.85,0.39,0.44,2021-02-20,0043,N,VIIRS,n,2,275.39,1,N,2
39.35351,22.98473,301.46,0.52,0.42,2021-02-20,0043,N,VIIRS,n,2,279.15,1.67,N,2
35.27441,24.39017,332.37,0.56,0.69,2021-02-20,1023,N,VIIRS,n,2,275.35,3.71,D,0
35.2687,24.39404,340.83,0.56,0.69,2021-02-20,1023,N,VIIRS,n,2,278.04,5.12,D,0
40.9871,22.06549,326.41,0.58,0.52,2021-02-20,1205,N,VIIRS,n,2,283.26,2.11,D,0
41.01508,22.09423,328.22,0.51,0.41,2021-02-21,1146,N,VIIRS,n,2,290.4,3.16,D,0
39.62026,20.96151,329.55,0.45,0.39,2021-02-21,1146,N,VIIRS,n,2,291.24,4.3,D,0
39.61963,20.95638,328.31,0.45,0.39,2021-02-21,1146,N,VIIRS,n,2,291.29,4.3,D,0
39.7472,20.77624,335.29,0.44,0.39,2021-02-21,1146,N,VIIRS,n,2,291.75,3.49,D,0
40.68477,21.12776,329.1,0.47,0.39,2021-02-21,1146,N,VIIRS,n,2,284.23,6.84,D,0
40.68406,21.12171,335.95,0.47,0.39,2021-02-21,1146,N,VIIRS,n,2,287.99,6.84,D,0
38.12804,23.52399,304.83,0.43,0.38,2021-02-22,0005,N,VIIRS,n,2,279.19,1.56,N,2
38.37427,24.05991,296.76,0.42,0.38,2021-02-22,0005,N,VIIRS,n,2,277.74,0.71,N,2
39.1664,22.84277,295.67,0.47,0.39,2021-02-22,0005,N,VIIRS,n,2,273.83,1.12,N,2
37.81415,21.31785,341.59,0.39,0.36,2021-02-22,1127,N,VIIRS,n,2,294.69,4.09,D,0
37.97574,22.04768,329.77,0.39,0.36,2021-02-22,1127,N,VIIRS,n,2,290.11,4.3,D,0
37.97506,22.04334,329.67,0.39,0.36,2021-02-22,1127,N,VIIRS,n,2,290.09,4.31,D,0
37.89986,21.38867,333.62,0.39,0.36,2021-02-22,1127,N,VIIRS,n,2,306.05,44.34,D,0
37.90317,21.38781,332.86,0.39,0.36,2021-02-22,1127,N,VIIRS,n,2,292.23,6.27,D,0
38.45731,21.61271,333.56,0.39,0.36,2021-02-22,1127,N,VIIRS,n,2,292.72,3.02,D,0
39.21261,25.89371,335.8,0.45,0.39,2021-02-22,1127,N,VIIRS,n,2,287.72,2.74,D,0
39.24288,20.56308,338.34,0.4,0.37,2021-02-22,1127,N,VIIRS,n,2,292.34,1.72,D,0
39.25618,20.55941,342.79,0.4,0.37,2021-02-22,1127,N,VIIRS,n,2,291.95,2.25,D,0
40.95198,24.72403,331.78,0.43,0.38,2021-02-22,1127,N,VIIRS,n,2,291.11,5.82,D,0
40.67945,22.68256,354.09,0.39,0.36,2021-02-22,1127,N,VIIRS,n,2,296.22,5.04,D,0
40.67879,22.67798,325.25,0.39,0.36,2021-02-22,1127,N,VIIRS,n,2,292.99,5.04,D,0
40.68277,22.68174,341.93,0.39,0.36,2021-02-22,1127,N,VIIRS,n,2,294.37,3.82,D,0
40.91803,23.61567,328.24,0.4,0.37,2021-02-22,1127,N,VIIRS,n,2,291.47,1.76,D,0
40.95525,23.57948,326.18,0.4,0.37,2021-02-22,1127,N,VIIRS,n,2,293.76,1.84,D,0
40.96064,23.13817,329.57,0.39,0.37,2021-02-22,1127,N,VIIRS,n,2,290.24,2.09,D,0
41.11434,23.96702,327.05,0.41,0.37,2021-02-22,1127,N,VIIRS,n,2,291.57,1.96,D,0
38.13124,23.52332,305.03,0.47,0.48,2021-02-22,2346,N,VIIRS,n,2,280.25,1.08,N,2
40.54611,22.39872,331.29,0.46,0.39,2021-02-23,1108,N,VIIRS,n,2,294.41,2.34,D,0
40.62155,22.64258,341.95,0.45,0.39,2021-02-23,1108,N,VIIRS,n,2,295.81,4.21,D,0
40.62301,22.64024,336.65,0.45,0.39,2021-02-23,1108,N,VIIRS,n,2,295.69,3.37,D,0
41.08132,25.03471,345.77,0.39,0.36,2021-02-23,1108,N,VIIRS,n,2,295.36,6.3,D,0
40.87363,22.58721,329.62,0.45,0.39,2021-02-23,1108,N,VIIRS,n,2,299.01,1.79,D,0
40.6157,22.77109,330.81,0.44,0.39,2021-02-23,1108,N,VIIRS,n,2,294.06,3.08,D,0
37.59883,21.79822,326.58,0.54,0.42,2021-02-23,1108,N,VIIRS,n,2,293.37,5.29,D,0
37.59864,21.79632,330.54,0.54,0.42,2021-02-23,1108,N,VIIRS,n,2,293.74,3.48,D,0
37.88056,21.34008,331.1,0.56,0.43,2021-02-23,1108,N,VIIRS,n,2,294.12,4.56,D,0
38.69335,20.62235,339.5,0.39,0.44,2021-02-23,1108,N,VIIRS,n,2,293.03,3.95,D,0
40.42635,22.0499,326.48,0.47,0.4,2021-02-23,1108,N,VIIRS,n,2,291.27,6.92,D,0
40.95033,24.90092,329.93,0.39,0.36,2021-02-23,1108,N,VIIRS,n,2,290.66,0.99,D,0
40.61125,22.76703,327.56,0.44,0.39,2021-02-23,1108,N,VIIRS,n,2,293.03,2.01,D,0
41.13773,23.32835,327.27,0.42,0.38,2021-02-23,1109,N,VIIRS,n,2,294.57,1.42,D,0
41.114,23.35671,327.04,0.42,0.38,2021-02-23,1109,N,VIIRS,n,2,294.86,1.02,D,0
41.12334,23.34856,335.13,0.42,0.38,2021-02-23,1109,N,VIIRS,n,2,294.77,2.8,D,0
38.12849,23.52357,303.59,0.42,0.61,2021-02-23,2327,N,VIIRS,n,2,281.09,0.79,N,2
39.35329,22.98312,304.37,0.35,0.57,2021-02-24,0107,N,VIIRS,n,2,283.01,1.24,N,2
40.28482,23.44654,295.07,0.35,0.57,2021-02-24,0107,N,VIIRS,n,2,279.49,0.66,N,2
37.91744,23.0724,297.56,0.39,0.59,2021-02-24,0108,N,VIIRS,n,2,284.48,1.29,N,2
35.39627,23.74483,336.88,0.55,0.51,2021-02-24,1048,N,VIIRS,n,2,286.29,6.4,D,0
35.39435,23.74984,337.24,0.55,0.51,2021-02-24,1048,N,VIIRS,n,2,287.47,4.88,D,0
39.15249,22.83148,327.02,0.51,0.49,2021-02-24,1049,N,VIIRS,n,2,292.46,2.86,D,0
38.75085,22.63975,340.14,0.53,0.5,2021-02-24,1049,N,VIIRS,n,2,297,22.61,D,0
37.80878,22.78207,328.59,0.55,0.51,2021-02-24,1049,N,VIIRS,n,2,294.21,3.69,D,0
38.50041,23.05558,342.74,0.51,0.49,2021-02-24,1049,N,VIIRS,n,2,297.94,14.23,D,0
41.09451,25.18357,329.97,0.53,0.42,2021-02-24,1050,N,VIIRS,n,2,293.77,6,D,0
41.06059,25.21586,330.82,0.53,0.42,2021-02-24,1050,N,VIIRS,n,2,291.23,2.83,D,0
41.09073,25.18493,333.77,0.53,0.42,2021-02-24,1050,N,VIIRS,n,2,296.98,6,D,0
41.06976,25.04386,326.65,0.54,0.42,2021-02-24,1050,N,VIIRS,n,2,291.06,1.19,D,0
40.62248,22.8034,328.04,0.47,0.48,2021-02-24,1050,N,VIIRS,n,2,295.74,4.96,D,0
40.61034,22.67157,341.58,0.48,0.48,2021-02-24,1050,N,VIIRS,n,2,293.4,4.62,D,0
40.63219,22.64489,330.29,0.48,0.48,2021-02-24,1050,N,VIIRS,n,2,293.23,1.79,D,0
40.65091,22.68536,325.87,0.47,0.48,2021-02-24,1050,N,VIIRS,n,2,293.17,1.67,D,0
40.64376,22.63427,334.12,0.48,0.48,2021-02-24,1050,N,VIIRS,n,2,308.87,38.96,D,0
40.64805,22.63256,355.49,0.48,0.48,2021-02-24,1050,N,VIIRS,n,2,295.27,38.96,D,0
40.68182,22.63709,337.25,0.48,0.48,2021-02-24,1050,N,VIIRS,n,2,294.26,2.96,D,0
40.68216,22.64048,340.45,0.48,0.48,2021-02-24,1050,N,VIIRS,n,2,296.25,6.3,D,0
40.68725,22.60241,357.4,0.48,0.48,2021-02-24,1050,N,VIIRS,n,2,300.87,18.39,D,0
40.67816,22.56379,336.39,0.48,0.48,2021-02-24,1050,N,VIIRS,n,2,293.08,3.29,D,0
40.3929,21.11749,338.73,0.58,0.52,2021-02-24,1050,N,VIIRS,n,2,293.07,7.94,D,0
41.09459,23.36385,329.49,0.43,0.46,2021-02-24,1050,N,VIIRS,n,2,293.46,1.74,D,0
40.72341,21.67816,330.01,0.53,0.5,2021-02-24,1050,N,VIIRS,n,2,291.73,3.54,D,0
41.12504,23.28099,337.73,0.43,0.46,2021-02-24,1050,N,VIIRS,n,2,293.12,2.89,D,0
35.49688,24.0024,333.08,0.74,0.76,2021-02-24,1229,N,VIIRS,n,2,290.09,6.43,D,0
37.12824,22.24491,345.23,0.6,0.71,2021-02-24,1229,N,VIIRS,n,2,292.42,7.44,D,0
40.52726,21.37061,352.49,0.57,0.69,2021-02-24,1230,N,VIIRS,n,2,295.05,8.89,D,0
39.93767,21.61966,327.97,0.58,0.7,2021-02-24,1230,N,VIIRS,n,2,294.44,3.87,D,0
40.5268,21.36822,347.05,0.57,0.69,2021-02-24,1230,N,VIIRS,n,2,293.61,10.58,D,0
40.65788,22.621,346.88,0.66,0.73,2021-02-24,1230,N,VIIRS,n,2,291.86,4.36,D,0
40.69174,22.58024,340.19,0.65,0.73,2021-02-24,1230,N,VIIRS,n,2,290.98,4.67,D,0
40.65778,22.61954,347.29,0.66,0.73,2021-02-24,1230,N,VIIRS,n,2,291.92,9.08,D,0
40.69185,22.57856,338.16,0.66,0.73,2021-02-24,1230,N,VIIRS,n,2,291.19,2.79,D,0
41.06274,23.34965,336.52,0.72,0.76,2021-02-24,1230,N,VIIRS,n,2,291.86,4.15,D,0
38.74825,22.63471,337.22,0.65,0.73,2021-02-24,1230,N,VIIRS,n,2,290.26,6.3,D,0
40.651,22.62103,329.92,0.66,0.73,2021-02-24,1230,N,VIIRS,n,2,294.52,4.36,D,0
40.28234,23.44464,295.97,0.41,0.45,2021-02-25,0048,N,VIIRS,n,2,278.91,0.57,N,2
39.35101,22.98579,304.94,0.41,0.45,2021-02-25,0049,N,VIIRS,n,2,281.89,1.61,N,2
38.56382,23.29241,319.16,0.44,0.46,2021-02-25,0049,N,VIIRS,n,2,284.26,2.38,N,2
38.56433,23.29597,319.02,0.44,0.46,2021-02-25,0049,N,VIIRS,n,2,281.75,1.53,N,2
38.12688,23.52298,295.95,0.46,0.47,2021-02-25,0049,N,VIIRS,n,2,281.61,0.3,N,2
39.99264,20.53257,300.53,0.47,0.4,2021-02-25,0049,N,VIIRS,n,2,281.11,1.35,N,0
41.05663,24.11907,337,0.34,0.56,2021-02-25,1031,N,VIIRS,n,2,287.77,1.94,D,0
41.0587,24.11805,336.03,0.34,0.56,2021-02-25,1031,N,VIIRS,n,2,287.27,1.93,D,0
40.70031,22.70386,325.4,0.4,0.6,2021-02-25,1031,N,VIIRS,n,2,289.99,1.92,D,0
41.06765,23.39649,326.2,0.37,0.58,2021-02-25,1031,N,VIIRS,n,2,288.3,1.67,D,0
40.974,23.15777,338.6,0.38,0.59,2021-02-25,1031,N,VIIRS,n,2,291.78,3.6,D,0
41.15507,23.38699,348.7,0.36,0.58,2021-02-25,1031,N,VIIRS,n,2,290.76,2.88,D,0
37.5998,21.80911,340.37,0.63,0.54,2021-02-25,1210,N,VIIRS,n,2,294.75,5.58,D,0
37.59661,21.81094,338.87,0.63,0.54,2021-02-25,1210,N,VIIRS,n,2,294.84,8.03,D,0
34.95789,25.14647,367,0.46,0.64,2021-02-25,1210,N,VIIRS,h,2,292.89,6.3,D,0
37.43848,22.01916,349.84,0.32,0.55,2021-02-25,1210,N,VIIRS,n,2,291.96,3.47,D,0
39.16073,22.84088,349.8,0.37,0.58,2021-02-25,1211,N,VIIRS,n,2,290.44,4.12,D,0
38.36579,23.37299,340.92,0.39,0.59,2021-02-25,1211,N,VIIRS,n,2,288.12,1.86,D,0
40.53952,22.63658,345.46,0.37,0.58,2021-02-25,1211,N,VIIRS,n,2,291.41,5.59,D,0
40.51151,21.72701,355.78,0.33,0.56,2021-02-25,1211,N,VIIRS,n,2,295.89,7.86,D,0
40.51128,21.72308,350.45,0.33,0.55,2021-02-25,1211,N,VIIRS,n,2,295.74,5.07,D,0
40.64826,22.72398,329.4,0.38,0.58,2021-02-25,1211,N,VIIRS,n,2,292.53,2.95,D,0
40.65663,22.78327,340.34,0.38,0.59,2021-02-25,1211,N,VIIRS,n,2,293.78,2.36,D,0
40.92683,23.78736,332.76,0.43,0.62,2021-02-25,1211,N,VIIRS,n,2,289.01,1.79,D,0
39.35453,22.98508,307.73,0.41,0.37,2021-02-26,0030,N,VIIRS,n,2,282.71,0.92,N,2
39.1679,22.84311,296.94,0.41,0.37,2021-02-26,0030,N,VIIRS,n,2,278.35,0.75,N,2
38.12801,23.5256,297,0.43,0.38,2021-02-26,0030,N,VIIRS,n,2,280.97,0.7,N,2
38.03443,23.59481,295.95,0.44,0.38,2021-02-26,0030,N,VIIRS,n,2,281.92,0.54,N,0
37.91896,23.07248,300.74,0.42,0.38,2021-02-26,0030,N,VIIRS,n,2,286.56,1.13,N,2
38.37383,24.06316,299.99,0.45,0.39,2021-02-26,0030,N,VIIRS,n,2,282.7,0.56,N,2
40.85324,23.67122,329.57,0.61,0.71,2021-02-26,1012,N,VIIRS,n,2,289.94,3.45,D,0
40.25451,21.89627,350.4,0.76,0.77,2021-02-26,1012,N,VIIRS,n,2,290.07,8.31,D,0
40.25237,21.8977,344.03,0.76,0.77,2021-02-26,1012,N,VIIRS,n,2,290.02,11.72,D,0
40.6723,22.75708,345.01,0.43,0.46,2021-02-26,1152,N,VIIRS,n,2,298.12,5.01,D,0
37.71154,22.65417,326.28,0.39,0.44,2021-02-26,1152,N,VIIRS,n,2,295.05,2.11,D,0
37.86787,21.2317,340.52,0.51,0.41,2021-02-26,1152,N,VIIRS,n,2,294.35,6.72,D,0
38.51635,23.00396,339.57,0.42,0.45,2021-02-26,1152,N,VIIRS,n,2,294.36,7.66,D,0
38.45239,21.18641,336.27,0.51,0.41,2021-02-26,1152,N,VIIRS,n,2,294.06,9.14,D,0
38.45173,21.18049,342.15,0.51,0.41,2021-02-26,1152,N,VIIRS,n,2,294.18,5.89,D,0
38.61269,21.67986,330.53,0.54,0.42,2021-02-26,1152,N,VIIRS,n,2,293.98,9.87,D,0
39.07305,22.45045,334.01,0.4,0.44,2021-02-26,1152,N,VIIRS,n,2,292.84,3.49,D,0
39.98876,25.17081,339.5,0.56,0.52,2021-02-26,1152,N,VIIRS,n,2,290.6,8.92,D,0
39.98872,25.17626,331.67,0.56,0.52,2021-02-26,1152,N,VIIRS,n,2,290.32,6.66,D,0
39.98828,25.16969,338.66,0.56,0.52,2021-02-26,1152,N,VIIRS,n,2,290.17,4.86,D,0
40.31387,22.55629,328.55,0.42,0.45,2021-02-26,1152,N,VIIRS,n,2,294.04,1.48,D,0
40.31392,22.55285,339.78,0.42,0.45,2021-02-26,1152,N,VIIRS,n,2,295.75,2.67,D,0
40.3401,21.27841,347.3,0.54,0.42,2021-02-26,1152,N,VIIRS,n,2,298.05,7.84,D,0
40.57337,22.69694,340.03,0.42,0.46,2021-02-26,1152,N,VIIRS,n,2,297.6,6.88,D,0
40.59572,22.75562,341.01,0.43,0.46,2021-02-26,1152,N,VIIRS,n,2,296.25,8.19,D,0
40.58616,22.64877,345.19,0.42,0.45,2021-02-26,1152,N,VIIRS,n,2,296.91,5.69,D,0
40.59787,22.63676,340.14,0.42,0.45,2021-02-26,1152,N,VIIRS,n,2,297.27,4.07,D,0
40.71019,22.65291,341.8,0.42,0.46,2021-02-26,1152,N,VIIRS,n,2,304.38,15.04,D,0
40.70972,22.64783,328.98,0.42,0.45,2021-02-26,1152,N,VIIRS,n,2,295.63,15.04,D,0
40.7144,22.65228,342.62,0.42,0.46,2021-02-26,1152,N,VIIRS,n,2,296.07,15.04,D,0
40.71394,22.64719,338.69,0.42,0.45,2021-02-26,1152,N,VIIRS,n,2,296.76,15.04,D,0
40.69418,22.43156,327.36,0.41,0.45,2021-02-26,1152,N,VIIRS,l,2,298.91,1.68,D,0
40.93944,23.03687,333.91,0.45,0.47,2021-02-26,1152,N,VIIRS,n,2,295.53,3.83,D,0
40.96154,23.14169,326.12,0.45,0.47,2021-02-26,1152,N,VIIRS,n,2,293.93,1.76,D,0
41.05195,23.37867,331.08,0.47,0.47,2021-02-26,1152,N,VIIRS,n,2,298.45,3.24,D,0
41.05938,23.3606,338.18,0.46,0.47,2021-02-26,1152,N,VIIRS,n,2,297.81,4.55,D,0
41.12363,24.06042,333.42,0.5,0.49,2021-02-26,1152,N,VIIRS,n,2,300.38,2.57,D,0
41.08855,22.22387,345.57,0.41,0.45,2021-02-26,1153,N,VIIRS,n,2,292.43,4.78,D,0
39.35384,22.98361,303.68,0.41,0.37,2021-02-27,0011,N,VIIRS,n,2,282.82,0.84,N,2
40.70621,22.81505,297.6,0.43,0.38,2021-02-27,0011,N,VIIRS,n,2,281.13,0.86,N,2
38.13074,23.52602,304.09,0.4,0.37,2021-02-27,0011,N,VIIRS,n,2,283.33,1.37,N,2
38.37452,24.06055,298.06,0.39,0.36,2021-02-27,0011,N,VIIRS,n,2,280.23,0.56,N,2
38.56546,23.29235,297.92,0.4,0.37,2021-02-27,0011,N,VIIRS,n,2,285.31,0.99,N,2
37.91941,23.07353,298.13,0.4,0.37,2021-02-27,0012,N,VIIRS,n,2,286.41,1.32,N,2
38.03868,23.51081,298,0.4,0.37,2021-02-27,0012,N,VIIRS,n,2,284.97,0.93,N,0
38.0337,23.59295,296.07,0.39,0.36,2021-02-27,0012,N,VIIRS,n,2,281.25,0.71,N,0
37.91983,23.07088,296.37,0.4,0.37,2021-02-27,0012,N,VIIRS,n,2,285.47,0.88,N,2
35.23465,23.6316,327.34,0.4,0.37,2021-02-27,1132,N,VIIRS,n,2,295.23,1.45,D,0
35.45721,23.57898,329.27,0.4,0.37,2021-02-27,1132,N,VIIRS,n,2,292.15,2.17,D,0
35.2896,24.62251,331.59,0.43,0.38,2021-02-27,1132,N,VIIRS,n,2,291.42,3.46,D,0
40.5862,22.67245,334.54,0.41,0.37,2021-02-27,1133,N,VIIRS,n,2,296.42,1.87,D,0
40.66245,22.75352,337.31,0.42,0.37,2021-02-27,1133,N,VIIRS,n,2,296.78,4.05,D,0
38.31903,23.08598,331.43,0.41,0.37,2021-02-27,1133,N,VIIRS,n,2,298.03,3.16,D,0
39.09606,20.94956,337.93,0.38,0.36,2021-02-27,1133,N,VIIRS,n,2,293.52,5.08,D,0
39.24353,20.51139,331.2,0.38,0.36,2021-02-27,1133,N,VIIRS,n,2,293.1,2.93,D,0
39.63412,22.53301,328.04,0.4,0.37,2021-02-27,1133,N,VIIRS,n,2,295.32,1.95,D,0
39.53952,21.66963,331.3,0.39,0.36,2021-02-27,1133,N,VIIRS,n,2,297.19,1.88,D,0
39.78069,21.3856,326.9,0.39,0.36,2021-02-27,1133,N,VIIRS,n,2,296.97,1.75,D,0
40.77766,23.52695,332.58,0.44,0.38,2021-02-27,1133,N,VIIRS,n,2,295.92,7.29,D,0
40.65316,22.65464,331.91,0.41,0.37,2021-02-27,1133,N,VIIRS,n,2,297.19,2.25,D,0
40.66397,22.738,326.88,0.42,0.37,2021-02-27,1133,N,VIIRS,l,2,297.74,1.26,D,0
40.64974,22.6554,345.52,0.41,0.37,2021-02-27,1133,N,VIIRS,n,2,299.64,3.64,D,0
39.78306,21.38653,331.75,0.39,0.36,2021-02-27,1133,N,VIIRS,n,2,297.05,3.35,D,0
40.25433,23.24123,328.2,0.43,0.38,2021-02-27,1133,N,VIIRS,n,2,293.56,1.27,D,0
40.57208,22.64547,334.03,0.41,0.37,2021-02-27,1133,N,VIIRS,n,2,297.2,5.02,D,0
40.56376,21.68214,336.6,0.39,0.37,2021-02-27,1133,N,VIIRS,n,2,299.27,11.95,D,0
37.29454,21.93984,330.3,0.39,0.36,2021-02-27,1133,N,VIIRS,n,2,294.89,1.65,D,0
37.29785,21.93908,329.73,0.39,0.36,2021-02-27,1133,N,VIIRS,n,2,294.38,3.29,D,0
37.69049,21.36242,336.25,0.38,0.36,2021-02-27,1133,N,VIIRS,n,2,292.85,2.78,D,0
37.80521,21.29184,331.48,0.38,0.36,2021-02-27,1133,N,VIIRS,n,2,293.22,3.68,D,0
38.89841,22.32421,328.31,0.4,0.37,2021-02-27,1133,N,VIIRS,n,2,296,1.5,D,0
40.66901,22.09248,337.46,0.4,0.37,2021-02-27,1134,N,VIIRS,n,2,298.75,5.87,D,0
40.50791,21.13141,327.04,0.39,0.36,2021-02-27,1134,N,VIIRS,n,2,296.87,1.27,D,0
41.07053,22.68221,341.68,0.42,0.37,2021-02-27,1134,N,VIIRS,n,2,296.83,14.71,D,0
41.00407,22.38561,339.53,0.41,0.37,2021-02-27,1134,N,VIIRS,n,2,295.41,4.49,D,0
40.84467,21.54342,332.1,0.39,0.37,2021-02-27,1134,N,VIIRS,n,2,293.68,3.88,D,0
40.84532,21.54806,327.62,0.39,0.37,2021-02-27,1134,N,VIIRS,n,2,293.74,3.02,D,0
41.09001,23.47157,330.79,0.44,0.38,2021-02-27,1134,N,VIIRS,n,2,296.03,2.57,D,0
41.04509,24.73242,330.49,0.49,0.4,2021-02-27,1134,N,VIIRS,n,2,295.41,3.02,D,0
40.28413,23.44601,295.47,0.41,0.45,2021-02-27,2352,N,VIIRS,n,2,280.03,0.5,N,2
38.37426,24.06368,295.2,0.55,0.43,2021-02-27,2352,N,VIIRS,n,2,281.48,0.65,N,2
38.13095,23.5234,306.01,0.39,0.44,2021-02-27,2353,N,VIIRS,n,2,282.65,1.32,N,2
35.12928,25.8401,330.62,0.39,0.36,2021-02-28,1113,N,VIIRS,n,2,294.6,4.84,D,0
37.08812,22.00188,330.58,0.46,0.39,2021-02-28,1114,N,VIIRS,n,2,292.14,3.22,D,0
37.86677,21.89906,331.21,0.46,0.39,2021-02-28,1114,N,VIIRS,n,2,293.23,3.31,D,0
39.19412,20.70171,330.55,0.48,0.4,2021-02-28,1114,N,VIIRS,n,2,293.98,3.37,D,0
40.87515,24.64422,330.03,0.38,0.36,2021-02-28,1115,N,VIIRS,n,2,288.6,2.57,D,0
41.14105,23.3191,334.15,0.39,0.36,2021-02-28,1115,N,VIIRS,n,2,292.88,1.46,D,0
41.13773,23.32006,325.44,0.39,0.36,2021-02-28,1115,N,VIIRS,n,2,292.52,1.46,D,0
41.11737,23.3017,330.21,0.39,0.36,2021-02-28,1115,N,VIIRS,n,2,293.73,1.53,D,0
41.00311,22.66306,329.7,0.4,0.37,2021-02-28,1115,N,VIIRS,n,2,291.21,1.75,D,0
41.0789,23.40473,337.44,0.39,0.36,2021-02-28,1115,N,VIIRS,n,2,293.61,3.39,D,0
41.08951,25.16025,331.59,0.38,0.36,2021-02-28,1115,N,VIIRS,n,2,293.3,2.38,D,0
40.61247,22.3217,342.06,0.41,0.37,2021-02-28,1115,N,VIIRS,n,2,293.45,4.07,D,0
40.58712,22.42045,338.96,0.41,0.37,2021-02-28,1115,N,VIIRS,n,2,297.36,29.19,D,0
40.36074,21.30922,326.18,0.44,0.39,2021-02-28,1115,N,VIIRS,n,2,288.88,3.22,D,0
40.89866,24.61908,347.48,0.38,0.36,2021-02-28,1115,N,VIIRS,n,2,290.56,5.04,D,0
40.89936,24.62361,341.2,0.38,0.36,2021-02-28,1115,N,VIIRS,n,2,288.89,5.12,D,0
40.89537,24.61996,345.61,0.38,0.36,2021-02-28,1115,N,VIIRS,n,2,290.88,5.04,D,0
40.89368,24.65341,333.94,0.38,0.36,2021-02-28,1115,N,VIIRS,n,2,289.4,3.04,D,0
39.3531,22.98512,300.55,0.42,0.61,2021-03-01,0114,N,VIIRS,n,2,279.73,1.45,N,2
40.88821,24.70638,333.78,0.49,0.4,2021-03-01,1056,N,VIIRS,n,2,290.95,2.46,D,0
40.92588,24.82001,328.91,0.48,0.4,2021-03-01,1056,N,VIIRS,n,2,290.3,7.72,D,0
40.57832,22.67231,330.6,0.4,0.44,2021-03-01,1056,N,VIIRS,n,2,292.65,1.74,D,0
40.58528,22.66471,339.93,0.4,0.44,2021-03-01,1056,N,VIIRS,n,2,293.67,6.63,D,0
40.60614,22.62175,332.93,0.4,0.44,2021-03-01,1056,N,VIIRS,n,2,293.63,3.17,D,0
40.61013,22.62026,340.07,0.4,0.44,2021-03-01,1056,N,VIIRS,n,2,295.16,6.7,D,0
40.60962,22.62219,353.04,0.4,0.44,2021-03-01,1056,N,VIIRS,n,2,295.27,10.06,D,0
40.67253,22.65396,339.94,0.4,0.44,2021-03-01,1056,N,VIIRS,n,2,296.89,2.97,D,0
40.69441,22.36778,331.21,0.41,0.45,2021-03-01,1056,N,VIIRS,n,2,296.64,1.9,D,0
40.57713,21.64495,334.04,0.45,0.47,2021-03-01,1056,N,VIIRS,n,2,289.77,3.29,D,0
41.01286,23.44466,330.99,0.55,0.42,2021-03-01,1056,N,VIIRS,n,2,291.55,7.62,D,0
41.01667,23.44327,329.37,0.55,0.42,2021-03-01,1056,N,VIIRS,n,2,291.09,7.62,D,0
41.01536,23.43691,329.97,0.55,0.42,2021-03-01,1056,N,VIIRS,n,2,290.73,7.62,D,0
41.01278,23.44331,331.97,0.54,0.42,2021-03-01,1056,N,VIIRS,n,2,294.94,12.08,D,0
41.01659,23.44193,331.43,0.54,0.42,2021-03-01,1056,N,VIIRS,n,2,291.19,3.83,D,0
41.04175,23.40548,328.03,0.55,0.42,2021-03-01,1056,N,VIIRS,n,2,292.13,3.93,D,0
41.03908,23.39275,329.74,0.55,0.42,2021-03-01,1056,N,VIIRS,n,2,291.83,2.69,D,0
40.92614,22.5098,326.41,0.4,0.44,2021-03-01,1056,N,VIIRS,n,2,292.88,1.79,D,0
41.13259,23.37099,341.39,0.55,0.42,2021-03-01,1056,N,VIIRS,n,2,293.82,8.61,D,0
41.1364,23.36961,330.96,0.55,0.42,2021-03-01,1056,N,VIIRS,n,2,293.61,3.92,D,0
41.12407,23.29145,327.48,0.55,0.43,2021-03-01,1056,N,VIIRS,n,2,292.55,2.77,D,0
41.01226,22.12025,333.74,0.42,0.45,2021-03-01,1056,N,VIIRS,n,2,294.19,2.89,D,0
41.2292,22.80524,328.82,0.38,0.43,2021-03-01,1056,N,VIIRS,n,2,290.04,2.32,D,0
39.52949,22.01072,325.75,0.73,0.76,2021-03-01,1236,N,VIIRS,n,2,289.36,3.02,D,0
40.57523,21.6467,329.43,0.71,0.75,2021-03-01,1237,N,VIIRS,n,2,289.32,7.76,D,0
41.09739,22.22927,345.49,0.76,0.77,2021-03-01,1237,N,VIIRS,n,2,288.36,12.36,D,0
41.09785,22.22851,345.83,0.76,0.77,2021-03-01,1237,N,VIIRS,n,2,288.82,9.91,D,0
40.51941,21.37413,331.81,0.68,0.74,2021-03-01,1237,N,VIIRS,n,2,288.79,8.64,D,0
40.51755,21.37267,338.42,0.69,0.74,2021-03-01,1237,N,VIIRS,n,2,289.62,10.49,D,0
40.67506,22.73749,328.76,0.34,0.56,2021-03-02,1037,N,VIIRS,n,2,289.87,2.31,D,0
40.67171,22.73677,338.08,0.34,0.56,2021-03-02,1037,N,VIIRS,n,2,291.03,2.22,D,0
40.64236,22.60626,335.93,0.34,0.56,2021-03-02,1037,N,VIIRS,n,2,293.43,1.83,D,0
40.68119,22.68928,367,0.34,0.56,2021-03-02,1037,N,VIIRS,h,2,296.5,14.25,D,0
40.71274,22.66204,328.76,0.34,0.56,2021-03-02,1037,N,VIIRS,n,2,292.12,1.77,D,0
40.71769,22.65982,330.3,0.34,0.56,2021-03-02,1037,N,VIIRS,n,2,291.89,2.39,D,0
39.93184,25.13778,338.05,0.54,0.5,2021-03-02,1037,N,VIIRS,n,2,284.02,12.16,D,0
40.90808,26.24189,338.19,0.45,0.47,2021-03-02,1037,N,VIIRS,n,2,284.83,2.75,D,0
40.63615,22.69432,349.42,0.34,0.56,2021-03-02,1037,N,VIIRS,n,2,293.81,2.58,D,0
40.64111,22.69209,335.27,0.34,0.56,2021-03-02,1037,N,VIIRS,n,2,290.79,2.58,D,0
40.64504,22.68597,336.48,0.34,0.56,2021-03-02,1037,N,VIIRS,n,2,292.44,2.68,D,0
37.87487,22.30806,331.43,0.41,0.61,2021-03-02,1217,N,VIIRS,n,2,288.74,3.48,D,0
40.66391,22.76565,337.6,0.46,0.63,2021-03-02,1218,N,VIIRS,n,2,295.87,3.6,D,0
40.6809,22.58705,326.6,0.45,0.63,2021-03-02,1218,N,VIIRS,n,2,292.83,1.66,D,0
40.68679,22.58674,336.72,0.45,0.63,2021-03-02,1218,N,VIIRS,n,2,295.42,1.66,D,0
40.6848,22.58895,337.38,0.45,0.63,2021-03-02,1218,N,VIIRS,n,2,293.56,4.59,D,0
40.96549,23.60334,332.12,0.51,0.66,2021-03-02,1218,N,VIIRS,n,2,291.19,1.62,D,0
41.19411,23.27018,336.78,0.49,0.65,2021-03-02,1218,N,VIIRS,n,2,294.2,2.43,D,0
40.99645,23.3848,335.79,0.5,0.65,2021-03-02,1218,N,VIIRS,n,2,292.97,13.18,D,0
41.00192,23.38564,367,0.5,0.66,2021-03-02,1218,N,VIIRS,h,2,293.92,8.13,D,0
41.27928,22.86199,346.32,0.47,0.64,2021-03-02,1218,N,VIIRS,n,2,290.15,7.29,D,0
41.07293,25.21743,338.62,0.62,0.71,2021-03-02,1218,N,VIIRS,n,2,286.37,3.29,D,0
41.09174,23.30246,341.64,0.49,0.65,2021-03-02,1218,N,VIIRS,n,2,294.06,3.82,D,0
39.35516,22.98685,302.9,0.45,0.39,2021-03-03,0036,N,VIIRS,n,2,278.2,0.74,N,2
39.16676,22.84237,305.18,0.45,0.39,2021-03-03,0036,N,VIIRS,n,2,273.7,0.66,N,2
40.66432,22.86476,308.83,0.43,0.38,2021-03-03,0036,N,VIIRS,n,2,274.49,1.23,N,0
38.12993,23.52426,300.89,0.5,0.41,2021-03-03,0037,N,VIIRS,n,2,278.21,1.39,N,2
40.57283,22.62173,346.45,0.58,0.7,2021-03-03,1018,N,VIIRS,n,2,294.32,6.64,D,0
40.58107,22.64816,330.14,0.58,0.7,2021-03-03,1018,N,VIIRS,n,2,293.46,2.91,D,0
40.6843,23.36009,325.21,0.53,0.67,2021-03-03,1018,N,VIIRS,n,2,287.61,0.77,D,0
40.68652,23.35844,327.47,0.53,0.67,2021-03-03,1018,N,VIIRS,n,2,289.26,2.38,D,0
39.20828,25.86352,337.23,0.44,0.63,2021-03-03,1018,N,VIIRS,n,2,288.37,3.48,D,0
40.65849,22.62054,338.26,0.58,0.7,2021-03-03,1018,N,VIIRS,n,2,292.58,3.67,D,0
40.5732,22.61975,325.02,0.58,0.7,2021-03-03,1018,N,VIIRS,n,2,293.49,3.18,D,0
40.5753,22.62634,337.58,0.58,0.7,2021-03-03,1018,N,VIIRS,n,2,293.41,3.18,D,0
40.57489,22.62835,328.31,0.58,0.7,2021-03-03,1018,N,VIIRS,n,2,292.69,7.04,D,0
37.11048,22.03119,327.72,0.43,0.46,2021-03-03,1158,N,VIIRS,n,2,293.62,1.79,D,0
39.97913,25.17716,343.56,0.34,0.56,2021-03-03,1158,N,VIIRS,n,2,288.15,2.01,D,0
39.58045,21.65903,327.17,0.44,0.46,2021-03-03,1158,N,VIIRS,n,2,294.8,1.92,D,0
39.48471,21.73234,325.54,0.44,0.46,2021-03-03,1158,N,VIIRS,n,2,293.41,1.39,D,0
39.1564,25.96838,356.28,0.37,0.58,2021-03-03,1158,N,VIIRS,n,2,295.89,8.21,D,0
39.15661,25.97241,342.7,0.37,0.58,2021-03-03,1158,N,VIIRS,n,2,291.63,8.21,D,0
37.91273,21.23805,340.43,0.4,0.44,2021-03-03,1158,N,VIIRS,n,2,293.45,3.27,D,0
37.91476,21.23668,344.16,0.4,0.44,2021-03-03,1158,N,VIIRS,n,2,293.58,5.09,D,0
37.08646,22.00477,334.84,0.43,0.46,2021-03-03,1158,N,VIIRS,n,2,291.75,4.92,D,0
37.08221,22.00538,342.21,0.43,0.46,2021-03-03,1158,N,VIIRS,n,2,294.84,4.92,D,0
40.58805,22.82478,333.54,0.52,0.5,2021-03-03,1159,N,VIIRS,n,2,296.94,5.57,D,0
41.617,26.26061,350.1,0.4,0.6,2021-03-03,1159,N,VIIRS,n,2,292.12,5.33,D,0
40.63789,22.58633,341.13,0.5,0.49,2021-03-03,1159,N,VIIRS,n,2,301.86,6.29,D,0
40.63836,22.59241,341.23,0.51,0.49,2021-03-03,1159,N,VIIRS,n,2,299.47,9.21,D,0
40.64875,22.78975,332.59,0.52,0.5,2021-03-03,1159,N,VIIRS,n,2,298.49,3.08,D,0
40.5958,22.6409,327,0.51,0.49,2021-03-03,1159,N,VIIRS,l,2,298.5,2.3,D,0
40.58581,22.82278,337.99,0.52,0.5,2021-03-03,1159,N,VIIRS,n,2,297.84,4.33,D,0
40.39859,21.86062,331.69,0.46,0.47,2021-03-03,1159,N,VIIRS,n,2,298.75,3.55,D,0
40.59073,22.68101,325.35,0.51,0.49,2021-03-03,1159,N,VIIRS,n,2,298.85,2.16,D,0
40.25384,21.37165,325.16,0.43,0.46,2021-03-03,1159,N,VIIRS,n,2,293.35,1.63,D,0
40.28805,21.39,328.86,0.44,0.46,2021-03-03,1159,N,VIIRS,n,2,295.81,2.46,D,0
40.31054,21.11181,332.29,0.42,0.45,2021-03-03,1159,N,VIIRS,n,2,293.3,4.9,D,0
40.31466,21.11029,341.76,0.42,0.45,2021-03-03,1159,N,VIIRS,n,2,291.32,16.49,D,0
41.10666,23.35154,329.4,0.56,0.51,2021-03-03,1159,N,VIIRS,n,2,294.31,3.38,D,0
40.98272,22.04757,328.8,0.48,0.48,2021-03-03,1159,N,VIIRS,n,2,295.65,2.66,D,0
40.99147,23.07549,339,0.54,0.51,2021-03-03,1159,N,VIIRS,n,2,291.68,3.39,D,0
40.92432,24.69975,343.39,0.33,0.55,2021-03-03,1159,N,VIIRS,n,2,295.2,3.09,D,0
40.86263,23.81424,330.36,0.59,0.53,2021-03-03,1159,N,VIIRS,n,2,296.79,2.91,D,0
40.92308,24.70065,348.85,0.33,0.55,2021-03-03,1159,N,VIIRS,n,2,295.54,3.28,D,0
40.86135,23.81595,327.51,0.59,0.53,2021-03-03,1159,N,VIIRS,n,2,297.39,1.96,D,0
40.70135,22.70004,329.96,0.51,0.5,2021-03-03,1159,N,VIIRS,n,2,301.02,2.94,D,0
40.65314,22.23997,341.22,0.49,0.48,2021-03-03,1159,N,VIIRS,n,2,299.56,6.41,D,0
40.70201,22.69549,330.53,0.51,0.49,2021-03-03,1159,N,VIIRS,n,2,298.3,3.37,D,0
40.65114,22.23642,332.02,0.48,0.48,2021-03-03,1159,N,VIIRS,n,2,297.75,3.25,D,0
40.65162,22.24225,329.73,0.48,0.48,2021-03-03,1159,N,VIIRS,n,2,297.98,3.78,D,0
40.70473,22.81317,300.57,0.39,0.36,2021-03-04,0017,N,VIIRS,n,2,277.39,0.93,N,2
39.35451,22.98358,307.3,0.39,0.36,2021-03-04,0017,N,VIIRS,n,2,281.27,0.81,N,2
39.16846,22.84509,312.93,0.39,0.36,2021-03-04,0017,N,VIIRS,n,2,275.8,1.43,N,2
40.93682,24.93714,304.1,0.39,0.36,2021-03-04,0017,N,VIIRS,n,2,273.01,0.47,N,0
38.13025,23.52574,312.33,0.38,0.36,2021-03-04,0018,N,VIIRS,n,2,281.6,1.23,N,2
37.91943,23.07262,299.01,0.38,0.36,2021-03-04,0018,N,VIIRS,n,2,284.76,1.03,N,2
39.08683,20.68676,345.23,0.4,0.37,2021-03-04,1139,N,VIIRS,n,2,294.65,9.51,D,0
39.56769,22.25792,329.24,0.44,0.38,2021-03-04,1139,N,VIIRS,n,2,298.7,1.26,D,0
37.4276,22.2288,337.03,0.42,0.38,2021-03-04,1139,N,VIIRS,n,2,293.72,5.03,D,0
37.82087,21.54874,330.12,0.41,0.37,2021-03-04,1139,N,VIIRS,n,2,294.25,1.88,D,0
37.95293,21.29105,333.41,0.4,0.37,2021-03-04,1139,N,VIIRS,n,2,295.93,3.89,D,0
37.95631,21.29032,327.82,0.4,0.37,2021-03-04,1139,N,VIIRS,n,2,294.69,3.89,D,0
38.13539,20.61838,331.09,0.39,0.36,2021-03-04,1139,N,VIIRS,n,2,296.48,1.52,D,0
39.09359,21.06867,325.45,0.4,0.37,2021-03-04,1139,N,VIIRS,n,2,295.11,1.9,D,0
40.66379,22.74146,343.18,0.47,0.39,2021-03-04,1140,N,VIIRS,n,2,303.7,15.07,D,0
40.64336,22.66096,337.85,0.46,0.39,2021-03-04,1140,N,VIIRS,n,2,300.4,6.53,D,0
40.78677,23.96866,332.48,0.52,0.42,2021-03-04,1140,N,VIIRS,n,2,293.42,4.69,D,0
40.64104,22.8027,335.46,0.47,0.4,2021-03-04,1140,N,VIIRS,n,2,297.19,2.76,D,0
40.58414,22.75415,325.25,0.47,0.39,2021-03-04,1140,N,VIIRS,n,2,297,1.13,D,0
40.38264,21.20673,327.84,0.42,0.37,2021-03-04,1140,N,VIIRS,n,2,292.67,2.64,D,0
40.55661,22.61377,330.53,0.46,0.39,2021-03-04,1140,N,VIIRS,n,2,294.79,2.14,D,0
41.01381,23.37073,339.42,0.5,0.41,2021-03-04,1140,N,VIIRS,n,2,298.39,3.84,D,0
41.0557,23.3689,333.91,0.5,0.41,2021-03-04,1140,N,VIIRS,n,2,300.91,2.16,D,0
41.25147,22.96161,326.92,0.48,0.4,2021-03-04,1140,N,VIIRS,n,2,293.68,2.48,D,0
41.01388,23.37245,334.54,0.5,0.41,2021-03-04,1140,N,VIIRS,n,2,298.07,3.05,D,0
40.66015,22.74218,334.09,0.47,0.39,2021-03-04,1140,N,VIIRS,n,2,300.39,4.61,D,0
40.74806,22.41575,334.21,0.45,0.39,2021-03-04,1140,N,VIIRS,n,2,304.25,4.31,D,0
40.7407,22.47818,346.78,0.46,0.39,2021-03-04,1140,N,VIIRS,n,2,302.17,8.82,D,0
40.70185,22.30419,325.85,0.45,0.39,2021-03-04,1140,N,VIIRS,n,2,294.89,2.08,D,0
40.97073,23.8702,335.56,0.52,0.42,2021-03-04,1140,N,VIIRS,n,2,301.19,9.54,D,0
40.71746,22.62807,333.29,0.46,0.39,2021-03-04,1140,N,VIIRS,n,2,298.5,2.28,D,0
40.72167,21.27467,325.07,0.42,0.38,2021-03-04,1140,N,VIIRS,n,2,296.33,2.47,D,0
40.98962,23.39521,326.31,0.5,0.41,2021-03-04,1140,N,VIIRS,l,2,297.18,1.42,D,0
40.96103,23.13911,328.46,0.49,0.4,2021-03-04,1140,N,VIIRS,n,2,295.5,1.63,D,0
40.71744,22.62931,325.02,0.46,0.39,2021-03-04,1140,N,VIIRS,l,2,297.95,3.45,D,0
40.89838,24.63538,329.85,0.56,0.43,2021-03-04,1140,N,VIIRS,n,2,294.4,2.99,D,0
40.69115,22.75302,334.68,0.47,0.39,2021-03-04,1140,N,VIIRS,n,2,299.75,3.49,D,0
40.37615,21.37586,327.96,0.42,0.38,2021-03-04,1140,N,VIIRS,n,2,296.77,3.29,D,0
40.58401,23.35431,329.01,0.49,0.4,2021-03-04,1140,N,VIIRS,n,2,296.45,2.4,D,0
40.27002,21.28031,337.06,0.42,0.37,2021-03-04,1140,N,VIIRS,n,2,295.84,5.51,D,0
39.85836,20.59248,333.09,0.4,0.37,2021-03-04,1140,N,VIIRS,n,2,293.63,2.36,D,0
39.56078,21.63173,326.73,0.42,0.38,2021-03-04,1140,N,VIIRS,n,2,297.32,1.87,D,0
41.37129,23.42549,326.51,0.5,0.41,2021-03-04,1140,N,VIIRS,n,2,293.53,2.55,D,0
40.96908,23.86607,331.22,0.52,0.42,2021-03-04,1140,N,VIIRS,n,2,298.87,4.16,D,0
40.96975,23.87228,332.86,0.52,0.42,2021-03-04,1140,N,VIIRS,n,2,299.6,4.16,D,0
38.38719,22.11249,302.53,0.38,0.43,2021-03-04,2359,N,VIIRS,n,2,279.01,0.48,N,0
38.12918,23.5223,296.18,0.49,0.41,2021-03-04,2359,N,VIIRS,n,2,278.45,0.65,N,2
35.18798,24.27344,330.45,0.39,0.36,2021-03-05,1119,N,VIIRS,n,2,292.67,2.74,D,0
36.91482,25.96801,325.61,0.4,0.37,2021-03-05,1120,N,VIIRS,l,2,297.73,3.1,D,0
38.90369,22.3178,326.99,0.39,0.37,2021-03-05,1120,N,VIIRS,l,2,298.77,2.8,D,0
38.58903,21.28677,330.56,0.42,0.37,2021-03-05,1120,N,VIIRS,n,2,290.23,2.82,D,0
36.91093,22.60122,335.38,0.4,0.37,2021-03-05,1120,N,VIIRS,n,2,290.82,2.27,D,0
37.81388,22.09626,326.54,0.41,0.37,2021-03-05,1120,N,VIIRS,n,2,285.31,1.9,D,0
38.58987,21.2915,330.07,0.42,0.37,2021-03-05,1120,N,VIIRS,n,2,289.83,2.82,D,0
38.59081,21.28926,336.11,0.42,0.37,2021-03-05,1120,N,VIIRS,n,2,289.78,2.5,D,0
38.58741,21.29023,326.98,0.42,0.37,2021-03-05,1120,N,VIIRS,n,2,288.41,2.5,D,0
38.53404,23.00548,332.68,0.39,0.36,2021-03-05,1120,N,VIIRS,n,2,302.08,3.11,D,0
38.41384,23.86415,325.81,0.38,0.36,2021-03-05,1120,N,VIIRS,n,2,296.62,1.66,D,0
38.12995,23.52483,325.11,0.39,0.36,2021-03-05,1120,N,VIIRS,n,2,297.28,1.71,D,2
37.85461,22.12923,328.06,0.4,0.37,2021-03-05,1120,N,VIIRS,n,2,282.74,1.93,D,0
41.08828,22.97368,337.62,0.38,0.36,2021-03-05,1121,N,VIIRS,n,2,300.89,5.83,D,0
39.41101,21.81887,345.53,0.4,0.37,2021-03-05,1121,N,VIIRS,n,2,289.1,5.19,D,0
39.93065,25.20635,326.44,0.4,0.37,2021-03-05,1121,N,VIIRS,n,2,293.53,1.64,D,0
39.44805,22.29063,327.43,0.39,0.36,2021-03-05,1121,N,VIIRS,n,2,294.85,1.1,D,0
39.59487,22.02954,329.32,0.4,0.37,2021-03-05,1121,N,VIIRS,n,2,296.3,1.9,D,0
39.50663,21.74034,331.06,0.4,0.37,2021-03-05,1121,N,VIIRS,n,2,290.49,2.14,D,0
39.46729,21.75629,333.56,0.4,0.37,2021-03-05,1121,N,VIIRS,n,2,287.56,4.81,D,0
39.46317,21.75262,327.1,0.4,0.37,2021-03-05,1121,N,VIIRS,n,2,288.53,1.41,D,0
39.05907,22.23998,332.42,0.4,0.37,2021-03-05,1121,N,VIIRS,n,2,298.13,2.79,D,0
41.38641,23.71748,346.01,0.39,0.36,2021-03-05,1121,N,VIIRS,n,2,303.44,8.8,D,0
41.38311,23.71835,338.23,0.39,0.36,2021-03-05,1121,N,VIIRS,n,2,301.39,4.26,D,0
41.08858,22.22046,331.83,0.39,0.36,2021-03-05,1121,N,VIIRS,n,2,296.61,4.45,D,0
41.00065,22.15728,328.4,0.39,0.36,2021-03-05,1121,N,VIIRS,n,2,297.34,3.09,D,0
41.15228,23.34903,335.95,0.38,0.36,2021-03-05,1121,N,VIIRS,n,2,299.49,3.9,D,0
41.02864,22.63483,341.86,0.39,0.36,2021-03-05,1121,N,VIIRS,n,2,306.16,21.56,D,0
41.09497,23.39563,334.16,0.38,0.36,2021-03-05,1121,N,VIIRS,n,2,299.03,2.1,D,0
41.10112,23.43657,326.48,0.38,0.36,2021-03-05,1121,N,VIIRS,n,2,297.71,1.49,D,0
40.75452,21.45417,325.54,0.4,0.37,2021-03-05,1121,N,VIIRS,n,2,293.56,2.24,D,0
40.74962,21.44585,335.96,0.4,0.37,2021-03-05,1121,N,VIIRS,n,2,294.54,5.1,D,0
40.74025,21.47305,330.6,0.4,0.37,2021-03-05,1121,N,VIIRS,n,2,293.89,1.89,D,0
40.99098,23.11621,339.88,0.38,0.36,2021-03-05,1121,N,VIIRS,n,2,298.87,7.23,D,0
40.82927,22.2418,327.2,0.39,0.36,2021-03-05,1121,N,VIIRS,n,2,299.34,0.85,D,0
40.51484,21.00009,336.36,0.41,0.37,2021-03-05,1121,N,VIIRS,n,2,293.95,3.66,D,0
40.7416,22.49524,333.84,0.39,0.36,2021-03-05,1121,N,VIIRS,n,2,301.42,1.54,D,0
40.61641,21.83001,332.68,0.39,0.36,2021-03-05,1121,N,VIIRS,n,2,294.39,2.65,D,0
40.71967,22.48706,332.78,0.39,0.36,2021-03-05,1121,N,VIIRS,n,2,301.11,1.66,D,0
40.72112,22.49614,326.58,0.39,0.36,2021-03-05,1121,N,VIIRS,n,2,300.72,1.58,D,0
40.80861,23.16583,331.56,0.38,0.36,2021-03-05,1121,N,VIIRS,n,2,297.79,4.53,D,0
40.68449,22.52516,346.77,0.39,0.36,2021-03-05,1121,N,VIIRS,n,2,302.31,3.76,D,0
40.66407,22.48343,326.54,0.39,0.36,2021-03-05,1121,N,VIIRS,l,2,300.23,1.52,D,0
40.66552,22.4925,336.26,0.39,0.36,2021-03-05,1121,N,VIIRS,n,2,302.43,3.85,D,0
40.68501,22.61485,333.08,0.39,0.36,2021-03-05,1121,N,VIIRS,n,2,301.41,1.96,D,0
40.96706,24.57569,328.07,0.39,0.36,2021-03-05,1121,N,VIIRS,n,2,294.68,2.94,D,0
40.63061,22.67562,333.92,0.39,0.36,2021-03-05,1121,N,VIIRS,n,2,298.94,1.97,D,0
40.57818,22.36839,328.67,0.39,0.36,2021-03-05,1121,N,VIIRS,n,2,297.12,1.52,D,0
40.38492,21.22768,326.34,0.4,0.37,2021-03-05,1121,N,VIIRS,n,2,293.65,1.71,D,0
40.5509,22.54161,337.08,0.39,0.36,2021-03-05,1121,N,VIIRS,n,2,294.85,3.15,D,0
40.54834,22.54704,340.97,0.39,0.36,2021-03-05,1121,N,VIIRS,n,2,296.36,3.32,D,0
40.58777,22.79564,330.9,0.39,0.36,2021-03-05,1121,N,VIIRS,n,2,298.87,2.35,D,0
40.58494,22.79494,326.7,0.39,0.36,2021-03-05,1121,N,VIIRS,n,2,298.36,1.38,D,0
40.53691,22.53449,329.01,0.39,0.36,2021-03-05,1121,N,VIIRS,n,2,296.56,2.29,D,0
40.53361,22.53539,334.31,0.39,0.36,2021-03-05,1121,N,VIIRS,n,2,299.13,2.29,D,0
40.26162,21.41372,331.36,0.4,0.37,2021-03-05,1121,N,VIIRS,n,2,295.79,1.76,D,0
40.25827,21.41467,325.84,0.4,0.37,2021-03-05,1121,N,VIIRS,n,2,295.84,1.76,D,0
40.24323,21.76267,325.48,0.4,0.37,2021-03-05,1121,N,VIIRS,n,2,299.79,1.49,D,0
39.91086,21.65325,332.04,0.4,0.37,2021-03-05,1121,N,VIIRS,n,2,290.72,2.57,D,0
37.03928,22.05881,332.86,0.43,0.46,2021-03-06,1101,N,VIIRS,n,2,288,3.42,D,0
38.04393,22.49055,343.36,0.39,0.44,2021-03-06,1101,N,VIIRS,n,2,293.92,7.09,D,0
38.43726,22.97338,331.58,0.54,0.42,2021-03-06,1102,N,VIIRS,n,2,298.82,2.75,D,0
38.86306,22.52331,331.48,0.56,0.43,2021-03-06,1102,N,VIIRS,n,2,292.9,3.93,D,0
38.86438,22.52429,331.73,0.56,0.43,2021-03-06,1102,N,VIIRS,n,2,291.48,3.25,D,0
38.49085,22.93611,346.2,0.55,0.42,2021-03-06,1102,N,VIIRS,n,2,298.17,7.78,D,0
38.48561,22.97052,335.44,0.54,0.42,2021-03-06,1102,N,VIIRS,n,2,297.55,16.06,D,0
39.15156,22.8279,327.48,0.54,0.42,2021-03-06,1102,N,VIIRS,n,2,289.47,2.31,D,0
39.22985,22.81447,342.29,0.53,0.42,2021-03-06,1102,N,VIIRS,n,2,287.89,24.17,D,0
40.93549,23.56844,326.54,0.43,0.62,2021-03-08,1025,N,VIIRS,n,2,288.47,1.07,D,0
41.01175,24.16213,326.27,0.4,0.6,2021-03-08,1025,N,VIIRS,n,2,288.52,1.08,D,0
40.98668,24.60601,325.14,0.38,0.59,2021-03-08,1025,N,VIIRS,n,2,287.26,1.94,D,0
40.83441,22.65565,336.12,0.48,0.65,2021-03-08,1025,N,VIIRS,n,2,285.4,3.53,D,0
41.01366,23.44019,330.91,0.44,0.62,2021-03-08,1025,N,VIIRS,n,2,288.79,2.63,D,0
41.01307,23.44155,334.79,0.44,0.62,2021-03-08,1025,N,VIIRS,n,2,290.17,1.63,D,0
37.97064,24.73097,367,0.38,0.58,2021-03-08,1204,N,VIIRS,h,2,292.63,12.4,D,0
40.95654,23.82117,350.87,0.36,0.57,2021-03-08,1205,N,VIIRS,n,2,291.76,7.43,D,0
41.072,22.83239,330.91,0.63,0.54,2021-03-08,1205,N,VIIRS,n,2,289.69,4.74,D,0
40.95677,23.82555,367,0.36,0.57,2021-03-08,1205,N,VIIRS,h,2,294.57,7.43,D,0
41.07706,23.43227,367,0.34,0.56,2021-03-08,1205,N,VIIRS,h,2,295.06,4.28,D,0
37.61527,21.45384,325.68,0.45,0.39,2021-03-09,1145,N,VIIRS,n,2,291.24,2.07,D,0
36.842,22.64437,330.12,0.49,0.4,2021-03-09,1145,N,VIIRS,n,2,294.21,3.15,D,0
37.36182,23.20792,332.73,0.52,0.42,2021-03-09,1145,N,VIIRS,n,2,293.64,4.61,D,0
37.36338,23.20579,331.76,0.52,0.42,2021-03-09,1145,N,VIIRS,n,2,293.18,3.3,D,0
39.21832,20.49991,326.31,0.43,0.38,2021-03-09,1146,N,VIIRS,n,2,293.34,2.25,D,0
39.96694,20.40475,329.99,0.43,0.38,2021-03-09,1146,N,VIIRS,n,2,294.78,5.16,D,0
39.05184,20.98416,325.36,0.44,0.39,2021-03-09,1146,N,VIIRS,n,2,293.53,1.63,D,0
37.9179,23.07048,296.08,0.44,0.39,2021-03-10,0005,N,VIIRS,n,2,283.02,1.29,N,2
38.03776,23.51134,302.37,0.43,0.38,2021-03-10,0005,N,VIIRS,n,2,279.86,1.1,N,0
36.91123,22.59679,346.78,0.38,0.36,2021-03-10,1126,N,VIIRS,n,2,297.15,3.58,D,0
35.15583,24.51649,333.62,0.39,0.36,2021-03-10,1126,N,VIIRS,n,2,287.9,4.95,D,0
36.9119,22.60108,342.6,0.38,0.36,2021-03-10,1126,N,VIIRS,n,2,297.24,3.58,D,0
36.9964,22.5104,346.56,0.38,0.36,2021-03-10,1126,N,VIIRS,n,2,298.05,7.39,D,0
35.15252,24.51727,332.77,0.39,0.36,2021-03-10,1126,N,VIIRS,n,2,289.72,4.95,D,0
38.27004,23.20321,332.55,0.39,0.36,2021-03-10,1127,N,VIIRS,n,2,293.3,3.03,D,0
40.45216,25.47815,333.96,0.45,0.39,2021-03-10,1127,N,VIIRS,n,2,288.97,3.18,D,0
39.6426,22.5653,326.2,0.39,0.36,2021-03-10,1127,N,VIIRS,n,2,290.64,0.98,D,0
38.43805,23.01115,328.35,0.39,0.36,2021-03-10,1127,N,VIIRS,n,2,297.5,1.18,D,0
38.03938,23.51062,302.12,0.42,0.61,2021-03-11,2327,N,VIIRS,n,2,280.51,1.18,N,0
41.09694,23.30984,332.38,0.43,0.46,2021-03-12,1050,N,VIIRS,n,2,279.26,3.24,D,0
40.88417,24.64978,348.32,0.32,0.55,2021-03-13,1031,N,VIIRS,n,2,288.43,3.43,D,0
40.51525,22.6008,329.95,0.37,0.58,2021-03-13,1211,N,VIIRS,n,2,279.79,8.17,D,0
40.94455,23.16926,325.26,0.4,0.6,2021-03-13,1211,N,VIIRS,n,2,288.96,2.75,D,0
40.73988,22.54441,327.79,0.37,0.58,2021-03-13,1211,N,VIIRS,n,2,295.73,2.93,D,0
41.09357,23.36558,326.02,0.41,0.61,2021-03-13,1211,N,VIIRS,n,2,293.8,1.05,D,0
40.51548,22.60528,357.42,0.37,0.58,2021-03-13,1211,N,VIIRS,l,2,283.77,18.78,D,0
39.57219,21.70762,337.64,0.56,0.43,2021-03-14,1152,N,VIIRS,n,2,296.39,6.78,D,0
40.61616,22.56871,325.78,0.42,0.45,2021-03-14,1152,N,VIIRS,l,2,298.97,2.17,D,0
40.57662,21.58495,336.51,0.56,0.43,2021-03-14,1152,N,VIIRS,n,2,300.44,12.2,D,0
40.61884,22.59883,326.77,0.42,0.45,2021-03-14,1152,N,VIIRS,l,2,298.54,0.95,D,0
40.28406,23.44542,298.33,0.41,0.37,2021-03-15,0011,N,VIIRS,n,2,283.17,1.31,N,2
40.28476,23.44367,300.84,0.41,0.37,2021-03-15,0011,N,VIIRS,n,2,283.34,1.08,N,2
37.91904,23.07253,299.2,0.4,0.37,2021-03-15,0011,N,VIIRS,n,2,285.65,0.96,N,2
38.56474,23.29332,316.06,0.4,0.37,2021-03-15,0011,N,VIIRS,n,2,282.59,1.17,N,2
38.56812,23.29406,298.23,0.4,0.37,2021-03-15,0011,N,VIIRS,n,2,282.98,1.17,N,3
39.16751,22.84529,297.28,0.41,0.37,2021-03-15,0011,N,VIIRS,n,2,280.04,1.08,N,2
39.16816,22.8405,314.17,0.42,0.37,2021-03-15,0011,N,VIIRS,n,2,280.42,1.61,N,2
39.40304,22.0253,329.09,0.39,0.37,2021-03-15,1133,N,VIIRS,n,2,290.98,2.37,D,0
39.16662,22.844,306.18,0.43,0.46,2021-03-15,2352,N,VIIRS,n,2,278.8,1.33,N,2
38.56535,23.29519,298,0.4,0.44,2021-03-15,2352,N,VIIRS,n,2,281.04,0.71,N,2
38.12838,23.52393,299.9,0.39,0.44,2021-03-15,2353,N,VIIRS,n,2,280.01,0.67,N,2
38.63897,22.50784,327.25,0.43,0.38,2021-03-16,1114,N,VIIRS,n,2,293.06,1.48,D,0
38.40788,24.06357,337.53,0.4,0.37,2021-03-16,1114,N,VIIRS,n,2,290.98,6.54,D,0
38.39117,23.14149,331.29,0.41,0.37,2021-03-16,1114,N,VIIRS,n,2,292.27,2.43,D,0
38.4211,23.08883,329.68,0.41,0.37,2021-03-16,1114,N,VIIRS,n,2,290.24,2.34,D,0
38.44941,22.95414,345.1,0.42,0.37,2021-03-16,1114,N,VIIRS,n,2,296.94,5.49,D,0
38.45281,22.95318,334.92,0.42,0.37,2021-03-16,1114,N,VIIRS,n,2,294.99,5.49,D,0
38.81659,22.45903,334.72,0.43,0.38,2021-03-16,1114,N,VIIRS,n,2,297.99,6.34,D,0
39.35465,21.94547,331.53,0.44,0.38,2021-03-16,1114,N,VIIRS,n,2,290.44,3.45,D,0
40.70432,23.11045,342.17,0.4,0.37,2021-03-16,1115,N,VIIRS,n,2,286.34,23.36,D,0
38.37241,24.06141,295.85,0.33,0.55,2021-03-16,2334,N,VIIRS,n,2,278.98,0.49,N,2
39.26678,22.27796,332.14,0.45,0.47,2021-03-17,1055,N,VIIRS,n,2,298.05,2.41,D,0
38.90089,22.00618,326.96,0.47,0.48,2021-03-17,1055,N,VIIRS,n,2,287.92,2.62,D,0
37.80745,24.86673,327.11,0.54,0.42,2021-03-17,1055,N,VIIRS,n,2,290.41,2.88,D,0
40.88927,24.63524,336.71,0.49,0.4,2021-03-17,1056,N,VIIRS,n,2,290.91,9.95,D,0
40.55547,22.58034,349.58,0.41,0.45,2021-03-17,1056,N,VIIRS,n,2,306,35.99,D,0
39.47958,22.74117,328.52,0.42,0.45,2021-03-17,1056,N,VIIRS,n,2,293.96,1.77,D,0
40.88818,24.63756,332.77,0.49,0.4,2021-03-17,1056,N,VIIRS,n,2,291.2,5.65,D,0
40.96147,24.56765,331.13,0.49,0.4,2021-03-17,1056,N,VIIRS,n,2,289.75,7.75,D,0
40.89183,24.63631,331.32,0.49,0.4,2021-03-17,1056,N,VIIRS,n,2,289.49,5.65,D,0
40.95669,24.56316,339.67,0.49,0.4,2021-03-17,1056,N,VIIRS,n,2,290.37,4.68,D,0
40.4486,21.28032,350.01,0.68,0.74,2021-03-17,1237,N,VIIRS,n,2,282.24,10.96,D,0
40.44956,21.28025,349.91,0.68,0.74,2021-03-17,1237,N,VIIRS,n,2,281.78,7.68,D,0
38.38078,23.12876,342.02,0.37,0.58,2021-03-18,1036,N,VIIRS,n,2,291.67,4.28,D,0
40.58607,22.33902,347.06,0.35,0.57,2021-03-18,1037,N,VIIRS,n,2,297.8,3.66,D,0
38.51832,23.01772,367,0.37,0.58,2021-03-18,1037,N,VIIRS,h,2,298.37,14.5,D,0
38.51722,23.01357,355.99,0.37,0.58,2021-03-18,1037,N,VIIRS,n,2,299.13,10.65,D,0
38.53347,22.98819,367,0.37,0.58,2021-03-18,1037,N,VIIRS,h,2,292.99,4.53,D,0
38.53236,22.98402,326.32,0.37,0.58,2021-03-18,1037,N,VIIRS,n,2,292.04,4.53,D,0
38.67454,22.54786,328.88,0.39,0.59,2021-03-18,1037,N,VIIRS,n,2,294.62,3.4,D,0
39.89214,21.6032,348.62,0.4,0.6,2021-03-18,1037,N,VIIRS,n,2,286.79,3.02,D,0
40.91732,23.70804,332.38,0.6,0.53,2021-03-18,1037,N,VIIRS,n,2,291.18,4.83,D,0
40.74958,22.50733,339.95,0.34,0.56,2021-03-18,1037,N,VIIRS,n,2,299.56,2.61,D,0
40.5103,21.32598,336.37,0.4,0.6,2021-03-18,1037,N,VIIRS,n,2,289.61,2.66,D,0
40.75456,22.50508,330.78,0.34,0.56,2021-03-18,1037,N,VIIRS,n,2,296.68,2.61,D,0
39.89746,21.60079,336.2,0.4,0.6,2021-03-18,1037,N,VIIRS,n,2,287.44,3.02,D,0
39.8962,21.59632,340.64,0.4,0.6,2021-03-18,1037,N,VIIRS,n,2,285.03,3.02,D,0
40.38972,23.154,333.3,0.33,0.55,2021-03-18,1037,N,VIIRS,n,2,290.14,2.21,D,0
40.62255,22.68835,325.92,0.34,0.56,2021-03-18,1037,N,VIIRS,n,2,293.23,1.05,D,0
38.97938,20.79187,327.94,0.39,0.44,2021-03-19,1158,N,VIIRS,n,2,290.53,3.58,D,0
40.62968,22.77576,340.99,0.52,0.5,2021-03-19,1159,N,VIIRS,n,2,294.42,11.84,D,0
35.23897,23.60763,325.33,0.39,0.44,2021-03-22,1101,N,VIIRS,n,2,286.62,2.5,D,0
35.36109,24.64848,328.76,0.52,0.41,2021-03-22,1101,N,VIIRS,n,2,290.69,3.86,D,0
38.37205,24.06101,299.37,0.35,0.57,2021-03-23,0101,N,VIIRS,n,2,279,0.85,N,2
41.32806,23.80377,348.12,0.69,0.74,2021-03-25,1006,N,VIIRS,n,2,282.37,18.85,D,0
37.89777,21.35859,337.88,0.44,0.39,2021-03-25,1145,N,VIIRS,n,2,291.45,4.07,D,0
40.69994,22.88122,319.39,0.48,0.4,2021-03-26,0004,N,VIIRS,n,2,273.45,1.83,N,0
37.41324,22.06768,303.56,0.48,0.4,2021-03-26,0005,N,VIIRS,n,2,272.16,1.1,N,0
38.19459,24.05711,331.17,0.4,0.37,2021-03-26,1126,N,VIIRS,n,2,292.1,3.43,D,0
38.22448,22.14494,328.27,0.38,0.36,2021-03-26,1126,N,VIIRS,n,2,292.3,1.49,D,0
37.79697,21.27865,337.44,0.39,0.36,2021-03-26,1126,N,VIIRS,n,2,292.95,2.78,D,0
36.66046,22.91533,325.54,0.38,0.36,2021-03-26,1126,N,VIIRS,n,2,290.98,1.25,D,0
40.63762,22.8178,325.04,0.39,0.36,2021-03-26,1127,N,VIIRS,l,2,299.23,2.17,D,0
39.16924,20.58086,325.12,0.4,0.37,2021-03-26,1127,N,VIIRS,n,2,288.16,1.45,D,0
39.27458,20.88239,329.64,0.39,0.36,2021-03-26,1127,N,VIIRS,n,2,289.23,2.36,D,0
39.27789,20.88141,327.37,0.39,0.36,2021-03-26,1127,N,VIIRS,n,2,289.8,2.36,D,0
38.92533,22.21881,335.44,0.38,0.36,2021-03-26,1127,N,VIIRS,n,2,294.76,2.77,D,0
37.41312,22.06338,295.43,0.55,0.51,2021-03-26,2346,N,VIIRS,n,2,273.22,1.13,N,0
39.16819,22.84103,295.43,0.52,0.5,2021-03-26,2346,N,VIIRS,n,2,274.31,1.13,N,2
39.38782,22.80887,296.41,0.59,0.7,2021-03-27,0126,N,VIIRS,n,2,272.34,0.67,N,2
40.31161,22.28328,336.16,0.47,0.39,2021-03-27,1108,N,VIIRS,n,2,294.22,4.18,D,0
41.07083,23.44732,331.24,0.42,0.38,2021-03-27,1108,N,VIIRS,n,2,298.46,1.86,D,0
41.55635,26.55869,328.46,0.38,0.36,2021-03-27,1108,N,VIIRS,n,2,296.58,1.05,D,0
41.55114,26.5696,332.44,0.38,0.36,2021-03-27,1108,N,VIIRS,n,2,296.3,1.73,D,0
40.75006,22.42032,335.28,0.46,0.39,2021-03-27,1108,N,VIIRS,n,2,304.65,6.22,D,0
40.65581,22.4173,328.59,0.46,0.39,2021-03-27,1108,N,VIIRS,n,2,299.41,1.71,D,0
40.65527,22.41917,325.89,0.46,0.39,2021-03-27,1108,N,VIIRS,n,2,298.06,1.09,D,0
40.63852,22.6483,335.43,0.45,0.39,2021-03-27,1108,N,VIIRS,n,2,303.8,3.59,D,0
40.84826,24.12451,332.05,0.41,0.37,2021-03-27,1108,N,VIIRS,n,2,292.84,3.01,D,0
40.93933,24.7447,329.12,0.4,0.37,2021-03-27,1108,N,VIIRS,n,2,295.38,2.25,D,0
39.5579,22.39075,325.87,0.47,0.4,2021-03-27,1108,N,VIIRS,n,2,292.42,1.35,D,0
38.42189,21.14469,332.21,0.56,0.43,2021-03-27,1108,N,VIIRS,n,2,294.37,3.54,D,0
37.90363,21.40326,326.55,0.56,0.43,2021-03-27,1108,N,VIIRS,n,2,289.26,3.47,D,0
39.38565,22.80613,304.13,0.35,0.56,2021-03-28,0107,N,VIIRS,n,2,273.33,0.49,N,2
39.38486,22.80794,296.92,0.35,0.56,2021-03-28,0107,N,VIIRS,n,2,272.36,0.58,N,2
38.37547,24.0627,296.59,0.42,0.61,2021-03-28,0108,N,VIIRS,n,2,279.25,0.57,N,2
37.92739,22.86833,353.18,0.54,0.51,2021-03-28,1049,N,VIIRS,n,2,293.25,15.2,D,0
37.692,21.38803,325.73,0.33,0.55,2021-03-28,1049,N,VIIRS,n,2,289.36,1.68,D,0
37.70025,21.35676,326.85,0.33,0.55,2021-03-28,1049,N,VIIRS,n,2,289.59,1.48,D,0
37.92979,22.86936,339.95,0.54,0.51,2021-03-28,1049,N,VIIRS,n,2,293.62,12.8,D,0
40.67348,22.28974,328.21,0.5,0.49,2021-03-28,1050,N,VIIRS,n,2,297.44,2.37,D,0
41.08325,23.36595,337.27,0.43,0.46,2021-03-28,1050,N,VIIRS,n,2,301.28,3.05,D,0
41.57651,26.26681,331.35,0.48,0.4,2021-03-28,1050,N,VIIRS,n,2,296.38,1.51,D,0
40.66907,22.65374,330.88,0.48,0.48,2021-03-28,1050,N,VIIRS,n,2,300.96,2.01,D,0
40.84933,21.52662,333.65,0.54,0.51,2021-03-28,1050,N,VIIRS,n,2,292.93,3,D,0
39.8853,20.54611,326.99,0.51,0.66,2021-03-28,1230,N,VIIRS,n,2,289.45,3.22,D,0
39.88704,20.54323,340.83,0.51,0.66,2021-03-28,1230,N,VIIRS,n,2,290.36,4.56,D,0
39.89149,20.54573,327.69,0.51,0.66,2021-03-28,1230,N,VIIRS,n,2,288.16,3.22,D,0
40.63467,22.51774,305.1,0.55,0.43,2021-03-29,0048,N,VIIRS,n,2,267.68,1.41,N,0
40.63431,22.51792,308.81,0.55,0.43,2021-03-29,0048,N,VIIRS,n,2,267.02,1.17,N,0
38.56687,23.29401,317.74,0.44,0.46,2021-03-29,0049,N,VIIRS,n,2,282.56,2.33,N,3
37.41458,22.06824,301.79,0.41,0.45,2021-03-29,0049,N,VIIRS,n,2,278.57,0.55,N,0
37.81325,22.17358,298.29,0.4,0.44,2021-03-29,0049,N,VIIRS,n,2,275.45,0.61,N,0
37.91808,23.07153,297.98,0.44,0.46,2021-03-29,0049,N,VIIRS,n,2,285.45,1.41,N,2
38.56378,23.29539,309.58,0.44,0.46,2021-03-29,0049,N,VIIRS,n,2,280.93,1.72,N,2
35.44149,23.81532,331.25,0.49,0.65,2021-03-29,1029,N,VIIRS,n,2,289.09,4.47,D,0
35.44581,23.81551,331.54,0.49,0.65,2021-03-29,1029,N,VIIRS,n,2,290.74,2.89,D,0
36.77929,22.51091,326.39,0.53,0.67,2021-03-29,1030,N,VIIRS,n,2,291.1,2.52,D,0
38.4222,23.68199,334.15,0.42,0.61,2021-03-29,1030,N,VIIRS,n,2,293.32,3.48,D,0
41.17863,23.34903,367,0.37,0.58,2021-03-29,1031,N,VIIRS,h,2,296.96,6.01,D,0
40.67883,22.22151,340.42,0.43,0.62,2021-03-29,1031,N,VIIRS,n,2,293.02,4.98,D,0
38.42446,23.6827,327.37,0.4,0.6,2021-03-29,1211,N,VIIRS,n,2,293.49,2.04,D,0
40.9441,23.69796,352.85,0.42,0.61,2021-03-29,1211,N,VIIRS,n,2,288.94,6.27,D,0
40.94435,23.69908,356.07,0.42,0.61,2021-03-29,1211,N,VIIRS,n,2,288.69,5.46,D,0
39.16727,22.84527,303.48,0.41,0.37,2021-03-30,0030,N,VIIRS,n,2,279.71,0.97,N,2
40.68142,22.71985,330.38,0.43,0.46,2021-03-30,1152,N,VIIRS,l,2,301.71,1.64,D,0
37.86297,21.37178,325.43,0.51,0.41,2021-03-30,1152,N,VIIRS,n,2,295.1,2.4,D,0
38.4431,21.18417,332.95,0.51,0.41,2021-03-30,1152,N,VIIRS,n,2,289.43,1.73,D,0
39.75187,22.09439,339.15,0.39,0.44,2021-03-30,1152,N,VIIRS,n,2,293.38,2.13,D,0
39.95713,20.37939,329.73,0.49,0.4,2021-03-30,1152,N,VIIRS,n,2,297.04,3.2,D,0
40.55533,22.73575,328.02,0.43,0.46,2021-03-30,1152,N,VIIRS,n,2,299.32,1.97,D,0
40.58007,22.26512,329.88,0.4,0.44,2021-03-30,1152,N,VIIRS,n,2,302.82,2.31,D,0
40.63643,22.78042,335.33,0.43,0.46,2021-03-30,1152,N,VIIRS,n,2,303.52,1.82,D,0
40.62479,22.47109,350.46,0.41,0.45,2021-03-30,1152,N,VIIRS,n,2,300.72,5.25,D,0
40.6252,22.46886,341.63,0.41,0.45,2021-03-30,1152,N,VIIRS,n,2,301.77,6.48,D,0
40.79482,21.12671,342.79,0.54,0.42,2021-03-30,1152,N,VIIRS,n,2,293.51,11.22,D,0
41.24517,22.79393,333.02,0.44,0.46,2021-03-30,1152,N,VIIRS,n,2,297.35,2.47,D,0
40.26714,21.38873,329.34,0.39,0.36,2021-03-31,1133,N,VIIRS,n,2,297.15,2.27,D,0
39.98978,20.49364,334.35,0.38,0.36,2021-03-31,1133,N,VIIRS,n,2,296.28,2.89,D,0
39.98675,20.49302,354.44,0.38,0.36,2021-03-31,1133,N,VIIRS,n,2,298.86,9.22,D,0
39.77751,22.38578,343.22,0.4,0.37,2021-03-31,1133,N,VIIRS,n,2,296.42,3.35,D,0
39.77413,22.38655,334.38,0.4,0.37,2021-03-31,1133,N,VIIRS,n,2,295.52,3.35,D,0
39.42604,20.75777,330.18,0.38,0.36,2021-03-31,1133,N,VIIRS,n,2,292.82,2.04,D,0
39.23914,20.51416,326.75,0.38,0.36,2021-03-31,1133,N,VIIRS,n,2,296.61,2.29,D,0
39.23585,20.515,340.07,0.38,0.36,2021-03-31,1133,N,VIIRS,n,2,296.44,2.81,D,0
38.55896,21.21558,345.12,0.38,0.36,2021-03-31,1133,N,VIIRS,n,2,295.33,4.21,D,0
37.70422,21.34766,333.8,0.38,0.36,2021-03-31,1133,N,VIIRS,n,2,296.43,3.07,D,0
37.6936,21.3906,328.24,0.38,0.36,2021-03-31,1133,N,VIIRS,n,2,293.57,1.65,D,0
40.9369,23.77929,327.88,0.45,0.39,2021-03-31,1133,N,VIIRS,n,2,293.49,1.63,D,0
40.41875,21.32969,327.45,0.39,0.36,2021-03-31,1133,N,VIIRS,n,2,296.62,0.87,D,0
40.77915,23.87988,330.8,0.45,0.39,2021-03-31,1133,N,VIIRS,n,2,293.71,2.58,D,0
40.88251,24.72082,332.63,0.48,0.4,2021-03-31,1133,N,VIIRS,n,2,291.92,6.46,D,0
40.93889,24.88813,332.45,0.49,0.4,2021-03-31,1133,N,VIIRS,n,2,292.73,5.84,D,0
40.95116,23.16847,367,0.43,0.38,2021-03-31,1133,N,VIIRS,h,2,301.12,11.05,D,0
40.69454,22.46791,331.35,0.41,0.37,2021-03-31,1133,N,VIIRS,l,2,302.59,0.78,D,0
41.29665,23.81604,327.39,0.45,0.39,2021-03-31,1133,N,VIIRS,n,2,296.72,2,D,0
40.9518,23.17356,328.78,0.43,0.38,2021-03-31,1133,N,VIIRS,n,2,296.25,2.75,D,0
40.51589,22.54154,327.68,0.41,0.37,2021-03-31,1133,N,VIIRS,l,2,301.22,0.92,D,0
40.59506,22.82483,328.25,0.42,0.37,2021-03-31,1133,N,VIIRS,n,2,299.48,1.61,D,0
38.13099,23.52401,300.64,0.39,0.44,2021-03-31,2352,N,VIIRS,n,2,279.73,0.79,N,2
38.13074,23.52598,300.85,0.39,0.44,2021-03-31,2352,N,VIIRS,n,2,280.15,0.98,N,2
38.56485,23.29523,298.92,0.4,0.45,2021-03-31,2352,N,VIIRS,n,2,280.53,1.21,N,2
38.03767,23.5113,317.12,0.39,0.44,2021-03-31,2352,N,VIIRS,n,2,282.65,1.56,N,0
37.41542,22.06348,298.74,0.45,0.47,2021-03-31,2353,N,VIIRS,n,2,275.08,1.21,N,0
37.41593,22.06628,298.86,0.45,0.47,2021-03-31,2353,N,VIIRS,n,2,275.15,0.92,N,0
39.89338,20.53423,326.94,0.48,0.4,2021-04-01,1114,N,VIIRS,n,2,296.44,5.14,D,0
37.88905,21.55754,335.28,0.47,0.4,2021-04-01,1114,N,VIIRS,n,2,286.32,11.72,D,0
38.44401,21.3107,329.47,0.47,0.4,2021-04-01,1114,N,VIIRS,n,2,292.69,3.8,D,0
38.42645,21.17983,328.87,0.48,0.4,2021-04-01,1114,N,VIIRS,n,2,295.04,1.2,D,0
39.57264,21.63222,339.44,0.44,0.39,2021-04-01,1114,N,VIIRS,n,2,299.75,7.94,D,0
39.77369,22.33591,331.66,0.42,0.38,2021-04-01,1114,N,VIIRS,n,2,294.82,2.51,D,0
39.82688,22.08054,326.98,0.43,0.38,2021-04-01,1114,N,VIIRS,n,2,296.15,1.7,D,0
39.60505,20.86617,340.69,0.47,0.4,2021-04-01,1114,N,VIIRS,n,2,299.34,9.28,D,0
40.95648,24.6862,332.24,0.38,0.36,2021-04-01,1115,N,VIIRS,n,2,299.04,1.52,D,0
40.56765,22.29853,335.38,0.41,0.37,2021-04-01,1115,N,VIIRS,n,2,302.93,5.2,D,0
41.07925,25.1352,346.33,0.38,0.36,2021-04-01,1115,N,VIIRS,n,2,294.87,7.55,D,0
40.71375,22.50431,330.29,0.41,0.37,2021-04-01,1115,N,VIIRS,n,2,298.14,1.6,D,0
41.00719,24.26759,325.94,0.39,0.36,2021-04-01,1115,N,VIIRS,n,2,298.67,1.33,D,0
40.67994,22.33265,331.1,0.41,0.37,2021-04-01,1115,N,VIIRS,n,2,300.31,1.61,D,0
40.4757,21.13755,329.99,0.45,0.39,2021-04-01,1115,N,VIIRS,n,2,297.1,3.19,D,0
41.00298,23.50256,328.26,0.39,0.36,2021-04-01,1115,N,VIIRS,n,2,294.55,1.27,D,0
40.99592,23.35497,329.25,0.39,0.36,2021-04-01,1115,N,VIIRS,n,2,299.66,1.63,D,0
40.88911,24.73122,339.91,0.38,0.36,2021-04-01,1115,N,VIIRS,n,2,296.96,4.63,D,0
40.88574,24.64261,325.2,0.38,0.36,2021-04-01,1115,N,VIIRS,l,2,298.4,2.07,D,0
40.8965,24.668,336.99,0.38,0.36,2021-04-01,1115,N,VIIRS,n,2,300.15,2.6,D,0
40.8958,24.66348,330.37,0.38,0.36,2021-04-01,1115,N,VIIRS,n,2,299.21,1.23,D,0
40.89441,24.65443,326,0.38,0.36,2021-04-01,1115,N,VIIRS,l,2,296.52,0.57,D,0
38.13003,23.52621,298.66,0.35,0.57,2021-04-01,2333,N,VIIRS,n,2,276.98,0.6,N,2
38.13136,23.52501,299.08,0.35,0.57,2021-04-01,2334,N,VIIRS,n,2,277.74,0.55,N,2
37.41568,22.06605,296.37,0.41,0.61,2021-04-01,2334,N,VIIRS,n,2,276.02,0.69,N,0
38.0369,23.5078,311.07,0.35,0.57,2021-04-01,2334,N,VIIRS,n,2,281.64,1.75,N,3
40.28329,23.44403,296.79,0.42,0.61,2021-04-02,0113,N,VIIRS,n,2,278.48,0.67,N,2
38.03966,23.51406,295.49,0.49,0.65,2021-04-02,0114,N,VIIRS,n,2,279.71,0.98,N,0
37.41551,22.06669,298.14,0.43,0.62,2021-04-02,0114,N,VIIRS,n,2,275.69,0.67,N,0
38.56649,23.29415,309.55,0.46,0.64,2021-04-02,0114,N,VIIRS,n,2,280.09,1.75,N,2
35.07389,24.79221,325.77,0.41,0.45,2021-04-02,1054,N,VIIRS,n,2,293.59,1.21,D,0
38.92139,22.37606,334.86,0.45,0.47,2021-04-02,1055,N,VIIRS,n,2,294.8,3.56,D,0
38.41034,22.99323,334.73,0.43,0.46,2021-04-02,1055,N,VIIRS,n,2,299,3.47,D,0
38.92023,22.37086,328.93,0.45,0.47,2021-04-02,1055,N,VIIRS,n,2,297.36,3.56,D,0
40.68718,22.46574,337.82,0.41,0.45,2021-04-02,1056,N,VIIRS,n,2,299.73,3.29,D,0
41.04908,23.45256,333.37,0.55,0.42,2021-04-02,1056,N,VIIRS,n,2,293.5,3.32,D,0
40.66385,21.66674,330.75,0.45,0.47,2021-04-02,1056,N,VIIRS,n,2,291.87,1.96,D,0
38.13029,23.52422,296.47,0.63,0.72,2021-04-02,2315,N,VIIRS,n,2,281.73,0.97,N,2
40.42281,21.15001,296.57,0.57,0.43,2021-04-03,0055,N,VIIRS,n,2,275.77,0.89,N,0
38.03804,23.51583,296.07,0.56,0.51,2021-04-03,0055,N,VIIRS,n,2,284.09,1.4,N,0
37.91848,21.18781,335.63,0.48,0.65,2021-04-03,1036,N,VIIRS,n,2,292.01,4.25,D,0
37.64762,24.3915,367,0.33,0.56,2021-04-03,1036,N,VIIRS,h,2,297.95,4.6,D,0
40.42288,21.15315,341.5,0.41,0.61,2021-04-03,1037,N,VIIRS,n,2,294.46,3.42,D,0
40.54592,22.64637,326.22,0.34,0.56,2021-04-03,1037,N,VIIRS,n,2,293.38,1,D,0
40.88192,21.36955,332.47,0.39,0.59,2021-04-03,1037,N,VIIRS,n,2,294.81,2.91,D,0
39.17215,23.32623,330.82,0.35,0.56,2021-04-03,1037,N,VIIRS,n,2,293.15,3.53,D,0
39.78774,22.79019,327.55,0.36,0.57,2021-04-03,1037,N,VIIRS,n,2,287.13,2.29,D,0
40.70418,22.73697,330.1,0.34,0.56,2021-04-03,1037,N,VIIRS,n,2,297.52,1.36,D,0
39.53994,22.07209,338.51,0.41,0.61,2021-04-03,1217,N,VIIRS,n,2,295.27,3.08,D,0
38.93715,22.0486,331.34,0.41,0.6,2021-04-03,1217,N,VIIRS,n,2,294.41,2.77,D,0
38.93154,22.04967,367,0.41,0.6,2021-04-03,1217,N,VIIRS,h,2,297.31,8.38,D,0
40.16953,21.43016,344.27,0.39,0.59,2021-04-03,1217,N,VIIRS,n,2,297.42,5.22,D,0
40.16879,21.43043,338.83,0.39,0.59,2021-04-03,1217,N,VIIRS,n,2,295.99,4,D,0
40.3826,21.18584,328.4,0.38,0.58,2021-04-03,1217,N,VIIRS,n,2,292.39,1.51,D,0
40.38805,21.18553,328.06,0.38,0.58,2021-04-03,1217,N,VIIRS,n,2,289.97,1.51,D,0
40.4193,21.15366,345.96,0.37,0.58,2021-04-03,1217,N,VIIRS,n,2,294.77,4.42,D,0
38.93451,22.04823,367,0.41,0.6,2021-04-03,1217,N,VIIRS,h,2,298.13,9.17,D,0
40.42475,21.15316,367,0.37,0.58,2021-04-03,1217,N,VIIRS,h,2,295.33,9.72,D,0
40.6437,22.84352,350.05,0.46,0.64,2021-04-03,1217,N,VIIRS,n,2,295.83,6.92,D,0
39.53403,22.06755,330.52,0.41,0.61,2021-04-03,1217,N,VIIRS,n,2,294.43,1.76,D,0
40.64596,22.83974,340.76,0.46,0.64,2021-04-03,1218,N,VIIRS,n,2,294.67,3.36,D,0
38.41334,23.16303,326.49,0.64,0.72,2021-04-04,1018,N,VIIRS,n,2,291.2,2.82,D,0
37.88745,24.83309,339.63,0.62,0.54,2021-04-04,1158,N,VIIRS,n,2,265.7,15.06,D,0
37.89251,24.83312,328.64,0.62,0.54,2021-04-04,1158,N,VIIRS,n,2,268.62,14.08,D,0
37.88247,24.83409,356.36,0.62,0.54,2021-04-04,1158,N,VIIRS,l,2,265.33,15.06,D,0
39.41268,20.39176,331.4,0.57,0.43,2021-04-04,1158,N,VIIRS,n,2,276.66,4.45,D,0
37.893,24.84046,345.07,0.62,0.54,2021-04-04,1158,N,VIIRS,n,2,268.3,14.08,D,0
40.82734,22.35499,334.71,0.45,0.39,2021-04-05,1140,N,VIIRS,n,2,293.38,3.44,D,0
39.97394,20.53024,346.77,0.42,0.38,2021-04-06,1121,N,VIIRS,n,2,297.35,9.14,D,0
40.82358,21.11897,335.16,0.4,0.37,2021-04-06,1121,N,VIIRS,n,2,295.27,4.43,D,0
39.97307,20.52543,330.5,0.43,0.38,2021-04-06,1121,N,VIIRS,n,2,296.75,3.58,D,0
39.169,22.84473,298.94,0.32,0.54,2021-04-06,2339,N,VIIRS,n,2,280.23,0.71,N,2
38.37241,24.06398,296.04,0.54,0.51,2021-04-06,2340,N,VIIRS,n,2,284.12,0.65,N,2
38.03609,23.51241,312.61,0.57,0.52,2021-04-06,2340,N,VIIRS,n,2,285.2,2.28,N,3
38.0366,23.50583,301.6,0.57,0.52,2021-04-06,2340,N,VIIRS,n,2,284.43,2.32,N,3
38.13116,23.5267,301.25,0.57,0.52,2021-04-06,2340,N,VIIRS,n,2,283.83,1.49,N,2
38.12943,23.52531,304.55,0.57,0.52,2021-04-06,2340,N,VIIRS,n,2,284.33,1.27,N,2
36.90446,22.69959,352.35,0.4,0.44,2021-04-07,1101,N,VIIRS,n,2,300.3,10.21,D,0
36.90153,22.69935,353.97,0.4,0.44,2021-04-07,1101,N,VIIRS,n,2,305.17,16.44,D,0
36.90245,22.70375,340.14,0.4,0.44,2021-04-07,1101,N,VIIRS,n,2,299.97,12.52,D,0
36.90044,22.70078,367,0.4,0.44,2021-04-07,1101,N,VIIRS,h,2,304.82,12.77,D,0
40.28638,24.26513,328,0.45,0.39,2021-04-07,1102,N,VIIRS,n,2,295.41,3.96,D,0
39.95554,25.17099,325.92,0.43,0.38,2021-04-07,1102,N,VIIRS,n,2,293.9,2.19,D,0
38.37271,24.06254,297.6,0.35,0.57,2021-04-08,0101,N,VIIRS,n,2,284.82,0.59,N,2
38.12915,23.52428,296.47,0.34,0.56,2021-04-08,0101,N,VIIRS,n,2,282.9,0.36,N,2
40.62113,22.24908,328.34,0.6,0.53,2021-04-08,1043,N,VIIRS,n,2,293.43,3.52,D,0
37.892,21.21433,341.2,0.44,0.62,2021-04-08,1223,N,VIIRS,n,2,294.96,4.08,D,0
38.12843,23.52629,303.26,0.39,0.44,2021-04-09,0043,N,VIIRS,n,2,277.31,0.54,N,2
39.20977,20.91022,325.38,0.65,0.73,2021-04-09,1024,N,VIIRS,n,2,291.74,3.03,D,0
40.6326,22.79425,328.1,0.48,0.65,2021-04-09,1025,N,VIIRS,n,2,296.95,2.32,D,0
36.97895,21.75449,326.3,0.5,0.49,2021-04-09,1204,N,VIIRS,n,2,292.62,2.6,D,0
37.7118,21.36596,340.39,0.49,0.48,2021-04-09,1204,N,VIIRS,n,2,296.39,7.82,D,0
37.96426,22.5926,349.81,0.57,0.52,2021-04-09,1204,N,VIIRS,n,2,295.13,12.52,D,0
38.38453,21.84613,349.19,0.53,0.5,2021-04-09,1204,N,VIIRS,n,2,300.2,46.49,D,0
39.19991,22.22648,330.63,0.56,0.52,2021-04-09,1204,N,VIIRS,n,2,299.17,4.13,D,0
38.48597,21.43592,337.05,0.5,0.49,2021-04-09,1204,N,VIIRS,n,2,291.6,2.51,D,0
38.13066,23.52619,305.54,0.4,0.37,2021-04-10,0024,N,VIIRS,n,2,278.54,1.78,N,2
37.91862,23.07236,299.17,0.39,0.36,2021-04-10,0024,N,VIIRS,n,2,283.53,1.14,N,2
37.84861,21.20901,303.65,0.39,0.36,2021-04-10,0024,N,VIIRS,n,2,274.17,0.72,N,0
37.09093,22.0858,331.93,0.46,0.39,2021-04-10,1145,N,VIIRS,n,2,296.76,6.54,D,0
38.4417,21.30741,336.67,0.45,0.39,2021-04-10,1145,N,VIIRS,n,2,299.73,6.84,D,0
37.91737,21.53657,332.69,0.45,0.39,2021-04-10,1145,N,VIIRS,n,2,294.99,4.71,D,0
37.69395,21.35251,337.45,0.44,0.38,2021-04-10,1145,N,VIIRS,n,2,296.41,4.37,D,0
37.81664,21.62069,328.33,0.45,0.39,2021-04-10,1145,N,VIIRS,n,2,291.54,2.35,D,0
40.26315,21.48323,325.59,0.47,0.4,2021-04-10,1146,N,VIIRS,n,2,291.7,1.45,D,0
40.22604,21.38788,339.67,0.47,0.4,2021-04-10,1146,N,VIIRS,n,2,300.38,13.47,D,0
40.26772,22.48414,332.28,0.52,0.41,2021-04-10,1146,N,VIIRS,n,2,295.84,4.95,D,0
40.21355,22.52536,329.34,0.52,0.42,2021-04-10,1146,N,VIIRS,n,2,291.58,4.27,D,0
40.34496,21.29413,326.48,0.47,0.39,2021-04-10,1146,N,VIIRS,n,2,292.76,1.89,D,0
40.37358,21.31656,331.83,0.47,0.4,2021-04-10,1146,N,VIIRS,n,2,296.48,2.54,D,0
40.81221,22.32135,332.8,0.52,0.41,2021-04-10,1146,N,VIIRS,n,2,299.69,4.61,D,0
40.77774,22.1467,343.78,0.51,0.41,2021-04-10,1146,N,VIIRS,n,2,301.7,13.73,D,0
40.79614,23.96511,332.71,0.41,0.45,2021-04-10,1146,N,VIIRS,n,2,295.06,2.17,D,0
40.22968,21.38721,341.85,0.47,0.4,2021-04-10,1146,N,VIIRS,n,2,298.55,16.25,D,0
38.13073,23.52673,305.12,0.43,0.38,2021-04-11,0005,N,VIIRS,n,2,279.9,1.28,N,2
39.16919,22.84015,303.79,0.47,0.4,2021-04-11,0005,N,VIIRS,n,2,278.45,1.18,N,2
39.16855,22.84556,303.14,0.47,0.4,2021-04-11,0005,N,VIIRS,n,2,277.39,1.72,N,2
35.33915,24.7274,333.8,0.39,0.36,2021-04-11,1125,N,VIIRS,n,2,295.31,3.48,D,0
35.01825,25.63427,325.52,0.41,0.37,2021-04-11,1125,N,VIIRS,l,2,298.82,1.28,D,0
37.74389,21.4944,337.62,0.39,0.36,2021-04-11,1126,N,VIIRS,n,2,296.32,6.45,D,0
35.39142,23.82162,336.14,0.38,0.36,2021-04-11,1126,N,VIIRS,n,2,297.01,5.02,D,0
37.38487,21.69643,330.04,0.39,0.36,2021-04-11,1126,N,VIIRS,n,2,295.49,2.39,D,0
38.13024,23.52379,329.67,0.39,0.36,2021-04-11,1126,N,VIIRS,n,2,302.16,2.63,D,2
40.28367,23.51946,331.43,0.4,0.37,2021-04-11,1127,N,VIIRS,n,2,296.24,2.14,D,0
39.58403,21.97174,333.44,0.38,0.36,2021-04-11,1127,N,VIIRS,n,2,296.19,2.15,D,0
39.17669,20.94894,328.86,0.39,0.36,2021-04-11,1127,N,VIIRS,n,2,297.84,1.27,D,0
40.83749,22.3031,334.39,0.39,0.36,2021-04-11,1127,N,VIIRS,n,2,302.02,2.6,D,0
40.4813,21.6677,334.69,0.38,0.36,2021-04-11,1127,N,VIIRS,n,2,300.57,2.9,D,0
40.59349,22.52958,332.47,0.39,0.36,2021-04-11,1127,N,VIIRS,n,2,301.87,1.72,D,0
40.37359,21.21904,339,0.39,0.36,2021-04-11,1127,N,VIIRS,n,2,299.83,3.16,D,0
40.34001,21.30617,344.44,0.39,0.36,2021-04-11,1127,N,VIIRS,n,2,300.12,6.24,D,0
40.34072,21.31067,346.9,0.39,0.36,2021-04-11,1127,N,VIIRS,n,2,300.56,4.74,D,0
40.54338,22.64891,333.11,0.39,0.36,2021-04-11,1127,N,VIIRS,n,2,301.13,5.4,D,0
40.33743,21.31157,339.62,0.39,0.36,2021-04-11,1127,N,VIIRS,n,2,298.87,4.74,D,0
40.29308,21.35618,328.75,0.39,0.36,2021-04-11,1127,N,VIIRS,n,2,298.85,0.94,D,0
41.03191,23.56092,338.11,0.4,0.37,2021-04-11,1127,N,VIIRS,n,2,300.91,1.88,D,0
41.01024,23.47779,336.63,0.4,0.37,2021-04-11,1127,N,VIIRS,n,2,301.44,2.88,D,0
40.66938,21.58873,332.15,0.38,0.36,2021-04-11,1127,N,VIIRS,n,2,299.79,1.32,D,0
38.03874,23.50821,295.3,0.47,0.48,2021-04-11,2346,N,VIIRS,n,2,283.1,1.12,N,0
37.74797,24.06339,297.23,0.44,0.46,2021-04-11,2346,N,VIIRS,n,2,280.87,1.1,N,0
37.9186,23.07252,296.18,0.5,0.49,2021-04-11,2346,N,VIIRS,n,2,285.02,1.42,N,2
37.74595,24.06554,295.91,0.44,0.46,2021-04-11,2346,N,VIIRS,n,2,281.85,0.93,N,0
38.12992,23.52425,306.29,0.47,0.48,2021-04-11,2346,N,VIIRS,n,2,279.95,1.59,N,2
38.12982,23.52517,325.69,0.45,0.39,2021-04-12,1107,N,VIIRS,n,2,299.02,2.32,D,2
35.12017,24.74472,325.33,0.45,0.39,2021-04-12,1107,N,VIIRS,n,2,297.4,1.05,D,0
38.31218,23.64658,343.68,0.45,0.39,2021-04-12,1108,N,VIIRS,n,2,297.34,5.3,D,0
40.04837,21.89532,327.57,0.49,0.4,2021-04-12,1108,N,VIIRS,n,2,293.33,3.61,D,0
40.78093,23.01998,329.79,0.44,0.38,2021-04-12,1108,N,VIIRS,n,2,289.33,2.71,D,0
35.0872,24.75109,340.92,0.5,0.49,2021-04-13,1048,N,VIIRS,n,2,293.54,3.3,D,0
35.63186,27.154,329.53,0.55,0.43,2021-04-13,1048,N,VIIRS,n,2,298.08,2.03,D,0
37.8474,21.16082,338.35,0.53,0.67,2021-04-13,1229,N,VIIRS,n,2,290.34,4.64,D,0
37.93719,21.51223,326.77,0.55,0.68,2021-04-13,1229,N,VIIRS,n,2,285.85,2.13,D,0
38.32412,23.81022,304.83,0.74,0.76,2021-04-13,2308,N,VIIRS,n,2,280.46,2.04,N,0
38.32418,23.80143,301.18,0.75,0.77,2021-04-13,2308,N,VIIRS,n,2,280.07,2.04,N,0
39.35268,22.98385,300.09,0.41,0.45,2021-04-14,0049,N,VIIRS,n,2,284.66,1.2,N,2
39.16559,22.84629,303.22,0.41,0.45,2021-04-14,0049,N,VIIRS,n,2,278.47,1.19,N,2
37.91912,23.07279,299.2,0.44,0.46,2021-04-14,0049,N,VIIRS,n,2,287.26,1,N,2
38.12876,23.52506,295.76,0.46,0.47,2021-04-14,0049,N,VIIRS,n,2,281.75,0.8,N,2
38.32675,23.80879,333.88,0.47,0.48,2021-04-14,0049,N,VIIRS,n,2,284.07,4.58,N,3
35.13185,25.8352,326.75,0.39,0.6,2021-04-14,1029,N,VIIRS,n,2,286.04,0.49,D,0
40.28391,23.44308,296.22,0.41,0.37,2021-04-15,0029,N,VIIRS,n,2,282.65,0.51,N,2
40.76544,24.00812,298,0.42,0.38,2021-04-15,0029,N,VIIRS,n,2,278.26,1.03,N,0
38.13018,23.52691,310.04,0.43,0.38,2021-04-15,0030,N,VIIRS,n,2,284.93,1.86,N,2
39.35534,22.9847,302.13,0.41,0.37,2021-04-15,0030,N,VIIRS,n,2,284.69,0.78,N,2
37.91873,23.07315,301.39,0.42,0.38,2021-04-15,0030,N,VIIRS,n,2,288.07,0.86,N,2
39.168,22.845,308.91,0.41,0.37,2021-04-15,0030,N,VIIRS,n,2,281.74,1.58,N,2
38.56787,23.29539,315.9,0.42,0.38,2021-04-15,0030,N,VIIRS,n,2,282.66,1.57,N,3
38.56447,23.29431,318.4,0.42,0.38,2021-04-15,0030,N,VIIRS,n,2,283.14,1.57,N,2
41.06676,23.42165,330.73,0.62,0.71,2021-04-15,1012,N,VIIRS,n,2,297.6,3.57,D,0
39.20515,22.8198,325.6,0.41,0.45,2021-04-15,1152,N,VIIRS,n,2,293.86,3.16,D,0
39.78299,21.37771,327.8,0.54,0.42,2021-04-15,1152,N,VIIRS,n,2,301.05,3.25,D,0
39.20561,22.82465,338.46,0.41,0.45,2021-04-15,1152,N,VIIRS,n,2,290.89,3.16,D,3
41.04831,23.40019,336.39,0.46,0.47,2021-04-15,1152,N,VIIRS,n,2,303.03,2.57,D,0
38.5671,23.29249,297.59,0.4,0.37,2021-04-16,0011,N,VIIRS,n,2,282.12,1.2,N,3
38.56372,23.29174,295.05,0.4,0.37,2021-04-16,0011,N,VIIRS,n,2,282.36,0.74,N,2
38.56644,23.29716,304.92,0.4,0.37,2021-04-16,0011,N,VIIRS,n,2,280.84,1.08,N,2
35.35079,24.35943,304.54,0.38,0.36,2021-04-16,0012,N,VIIRS,n,2,280.4,0.79,N,3
37.77271,21.29664,342.21,0.49,0.4,2021-04-17,1114,N,VIIRS,n,2,297.47,3.67,D,0
37.91772,23.07103,297.23,0.53,0.5,2021-04-19,0055,N,VIIRS,n,2,285.77,1.11,N,2
40.1617,24.28446,326.22,0.59,0.53,2021-04-19,1037,N,VIIRS,n,2,290.41,4.18,D,0
38.56601,23.2936,312.69,0.47,0.4,2021-04-20,0036,N,VIIRS,n,2,283.89,2.2,N,2
38.13008,23.52399,305.33,0.49,0.4,2021-04-20,0036,N,VIIRS,n,2,281.63,1.19,N,2
39.168,22.84274,301.1,0.45,0.39,2021-04-20,0036,N,VIIRS,n,2,281.22,0.85,N,2
40.66471,22.8674,303.42,0.43,0.38,2021-04-20,0036,N,VIIRS,n,2,278.54,0.41,N,0
40.28452,23.44539,297.47,0.45,0.39,2021-04-20,0036,N,VIIRS,n,2,280.58,0.63,N,2
39.35283,22.98656,301.64,0.45,0.39,2021-04-20,0036,N,VIIRS,n,2,283.25,0.83,N,2
40.52044,21.14194,339.36,0.42,0.45,2021-04-20,1158,N,VIIRS,n,2,291.37,5.04,D,0
39.53974,21.68206,340.19,0.44,0.46,2021-04-20,1158,N,VIIRS,n,2,293.03,3.27,D,0
38.56522,23.29303,313.43,0.38,0.36,2021-04-21,0017,N,VIIRS,n,2,285.62,1.48,N,2
39.16897,22.84334,295.64,0.39,0.36,2021-04-21,0017,N,VIIRS,n,2,281.17,0.99,N,2
38.03364,23.59119,297.78,0.38,0.36,2021-04-21,0017,N,VIIRS,n,2,285.57,0.69,N,0
38.12833,23.52709,311.01,0.38,0.36,2021-04-21,0017,N,VIIRS,n,2,284.4,1.72,N,2
39.35432,22.98694,298.87,0.39,0.36,2021-04-21,0017,N,VIIRS,n,2,283.2,0.6,N,2
37.91727,23.07497,297.41,0.38,0.36,2021-04-21,0018,N,VIIRS,n,2,285.88,0.54,N,2
37.91795,23.07063,297.65,0.38,0.36,2021-04-21,0018,N,VIIRS,n,2,286.32,0.54,N,2
38.12806,23.52413,306.65,0.5,0.41,2021-04-21,2359,N,VIIRS,n,2,283.06,1.88,N,2
39.44419,22.81227,332.39,0.39,0.36,2021-04-22,1120,N,VIIRS,n,2,300.15,2.64,D,0
38.33776,23.55489,334.12,0.39,0.36,2021-04-22,1120,N,VIIRS,n,2,301.24,3.3,D,0
38.75143,22.71898,326.71,0.39,0.36,2021-04-22,1120,N,VIIRS,n,2,299.9,1.88,D,0
38.21059,22.07171,331.88,0.4,0.37,2021-04-22,1120,N,VIIRS,n,2,295.24,3.02,D,0
39.58461,20.23958,325.48,0.45,0.47,2021-04-25,1204,N,VIIRS,n,2,295.26,2.67,D,0
38.03357,23.60538,367,0.32,0.55,2021-04-25,1204,N,VIIRS,h,2,292.3,7.38,D,0
39.16671,22.84366,301.15,0.39,0.36,2021-04-26,0023,N,VIIRS,n,2,280.51,0.84,N,2
39.35462,22.98626,299.87,0.39,0.36,2021-04-26,0023,N,VIIRS,n,2,283.3,0.88,N,2
38.56527,23.29308,298.7,0.39,0.36,2021-04-26,0024,N,VIIRS,n,2,285.33,0.94,N,2
38.12914,23.52434,314.02,0.4,0.37,2021-04-26,0024,N,VIIRS,n,2,283.08,1.93,N,2
37.91688,23.07082,296.74,0.39,0.36,2021-04-26,0024,N,VIIRS,n,2,284.9,0.56,N,0
35.05745,25.58094,343.35,0.42,0.46,2021-04-26,1144,N,VIIRS,n,2,299.09,4.17,D,0
35.05327,25.58189,349.92,0.42,0.46,2021-04-26,1144,N,VIIRS,n,2,308.77,11.5,D,0
38.66525,20.65644,329.84,0.43,0.38,2021-04-26,1145,N,VIIRS,n,2,296.02,2.52,D,0
38.63802,21.29951,341.13,0.45,0.39,2021-04-26,1145,N,VIIRS,n,2,303.13,3.82,D,0
41.51678,26.60432,331.13,0.56,0.52,2021-04-26,1146,N,VIIRS,n,2,298.97,3.63,D,0
35.35615,24.64562,330.14,0.39,0.36,2021-04-27,1125,N,VIIRS,n,2,292.57,3.05,D,0
38.91837,20.85105,334.78,0.39,0.37,2021-04-27,1126,N,VIIRS,n,2,285.82,2.77,D,0
38.56564,23.29277,295.77,0.49,0.49,2021-04-27,2346,N,VIIRS,n,2,274.55,0.8,N,2
38.13083,23.52369,297.5,0.47,0.48,2021-04-27,2346,N,VIIRS,n,2,273.46,0.64,N,2
36.54817,22.44771,324.73,0.48,0.65,2021-04-28,2327,N,VIIRS,n,2,278.9,12.98,N,0
36.55379,22.45727,315.1,0.48,0.65,2021-04-28,2327,N,VIIRS,n,2,285.66,5.21,N,0
36.55398,22.45319,305.03,0.48,0.65,2021-04-28,2327,N,VIIRS,n,2,283.69,5.21,N,0
38.12752,23.52329,303.05,0.43,0.62,2021-04-28,2327,N,VIIRS,n,2,284.73,0.71,N,2
38.12736,23.52343,301.82,0.43,0.62,2021-04-28,2327,N,VIIRS,n,2,284.53,0.46,N,2
36.54776,22.45703,320.63,0.48,0.65,2021-04-28,2327,N,VIIRS,n,2,273.2,5.21,N,0
36.54795,22.45269,367,0.48,0.65,2021-04-28,2327,N,VIIRS,h,2,287.41,5.21,N,0
37.91624,23.07353,298.57,0.39,0.59,2021-04-29,0107,N,VIIRS,n,2,287.99,0.79,N,2
37.91873,23.07145,298.53,0.39,0.59,2021-04-29,0107,N,VIIRS,n,2,288.38,0.96,N,2
38.56681,23.29289,313.65,0.38,0.59,2021-04-29,0107,N,VIIRS,n,2,286.79,1.99,N,3
37.5037,21.63297,301.02,0.33,0.55,2021-04-29,0108,N,VIIRS,n,2,285.96,0.88,N,0
37.50596,21.63245,298.97,0.33,0.55,2021-04-29,0108,N,VIIRS,n,2,286.49,0.55,N,0
36.54751,22.4574,367,0.39,0.59,2021-04-29,0108,N,VIIRS,h,2,289.5,4.41,N,0
36.54897,22.45194,308.66,0.39,0.59,2021-04-29,0108,N,VIIRS,n,2,284.93,6.72,N,0
36.54185,22.45676,313.65,0.39,0.59,2021-04-29,0108,N,VIIRS,n,2,286.36,4.41,N,0
41.11823,24.58442,333.22,0.57,0.43,2021-04-29,1049,N,VIIRS,n,2,296.16,4.89,D,0
41.0637,24.19062,340.36,0.4,0.44,2021-04-29,1049,N,VIIRS,n,2,296.91,1.52,D,0
35.18542,25.2735,299.56,0.6,0.7,2021-04-29,2309,N,VIIRS,n,2,288.9,1.18,N,0
40.69412,22.96979,297.26,0.57,0.43,2021-04-30,0048,N,VIIRS,n,2,284.19,0.6,N,0
39.3869,22.8057,304.96,0.4,0.44,2021-04-30,0048,N,VIIRS,n,2,285.83,0.62,N,2
39.35213,22.98589,302.8,0.41,0.45,2021-04-30,0048,N,VIIRS,n,2,287.46,0.94,N,2
40.69265,22.96973,297.13,0.57,0.43,2021-04-30,0048,N,VIIRS,n,2,284.12,0.64,N,0
38.13013,23.52405,300.99,0.46,0.47,2021-04-30,0049,N,VIIRS,n,2,285.7,1,N,2
38.56551,23.29595,338.37,0.44,0.46,2021-04-30,0049,N,VIIRS,n,2,287.96,8.15,N,2
38.13051,23.52562,296.37,0.46,0.47,2021-04-30,0049,N,VIIRS,n,2,285.48,0.64,N,2
35.2629,24.31175,332.44,0.47,0.64,2021-04-30,1029,N,VIIRS,n,2,295.78,2.84,D,0
39.14071,25.92127,331.18,0.62,0.54,2021-04-30,1030,N,VIIRS,n,2,300.14,4.38,D,0
37.55041,21.66691,304.71,0.44,0.38,2021-05-02,0011,N,VIIRS,n,2,266.45,1.31,N,0
37.54975,21.67214,315.35,0.44,0.38,2021-05-02,0011,N,VIIRS,n,2,260.04,1.09,N,0
38.12873,23.526,302.61,0.4,0.37,2021-05-02,0011,N,VIIRS,n,2,269.96,1.07,N,2
36.06498,27.79126,297.41,0.44,0.38,2021-05-02,0011,N,VIIRS,n,2,286.81,0.24,N,0
41.17738,24.04222,338.17,0.46,0.39,2021-05-02,1133,N,VIIRS,n,2,302.91,1,D,0
40.87483,21.604,330.58,0.39,0.36,2021-05-02,1133,N,VIIRS,n,2,300.44,1.67,D,0
40.87815,21.60317,330.94,0.39,0.36,2021-05-02,1133,N,VIIRS,n,2,301.16,2,D,0
38.13018,23.52501,307.84,0.39,0.44,2021-05-02,2352,N,VIIRS,n,2,287.34,1.2,N,2
38.56714,23.2935,297.7,0.41,0.45,2021-05-02,2352,N,VIIRS,n,2,275.84,0.92,N,3
35.18457,25.26467,295.27,0.46,0.39,2021-05-02,2353,N,VIIRS,n,2,264.95,0.45,N,0
36.15474,27.82796,334.29,0.39,0.37,2021-05-03,1113,N,VIIRS,n,2,273.48,5.21,D,0
41.48424,26.51671,328.9,0.4,0.37,2021-05-03,1114,N,VIIRS,n,2,293.54,1.47,D,0
40.75816,21.12956,332.67,0.45,0.39,2021-05-03,1114,N,VIIRS,n,2,291.72,3.19,D,0
38.1315,23.52407,296.93,0.63,0.72,2021-05-04,2314,N,VIIRS,n,2,285.21,0.81,N,2
38.07347,23.62895,297.23,0.63,0.72,2021-05-04,2314,N,VIIRS,n,2,284.34,0.84,N,0
38.13042,23.52691,297.52,0.55,0.51,2021-05-05,0055,N,VIIRS,n,2,286.09,1.03,N,2
38.05025,23.59495,330.32,0.36,0.57,2021-05-05,1036,N,VIIRS,n,2,287.98,1.26,D,0
38.56637,23.2935,305.37,0.47,0.4,2021-05-06,0036,N,VIIRS,n,2,265.26,0.75,N,2
40.50105,21.12439,327.33,0.7,0.75,2021-05-06,1018,N,VIIRS,n,2,294.88,2.69,D,0
40.28729,21.44989,325.82,0.68,0.74,2021-05-06,1018,N,VIIRS,n,2,292.62,1.81,D,0
40.50138,21.12392,327.7,0.7,0.75,2021-05-06,1018,N,VIIRS,n,2,294.67,3.65,D,0
40.51816,21.13924,339.87,0.42,0.45,2021-05-06,1158,N,VIIRS,n,2,298.8,1.33,D,0
40.2318,21.53816,330.04,0.44,0.46,2021-05-06,1158,N,VIIRS,l,2,303.64,1.38,D,0
40.51846,21.14148,337.77,0.42,0.45,2021-05-06,1158,N,VIIRS,n,2,297.04,1.88,D,0
38.12854,23.52662,314.61,0.38,0.36,2021-05-07,0017,N,VIIRS,n,2,282.62,0.9,N,2
40.60991,22.5259,342.45,0.39,0.36,2021-05-08,1121,N,VIIRS,n,2,295.48,4.11,D,0
38.12878,23.52398,305.68,0.57,0.52,2021-05-08,2340,N,VIIRS,n,2,288.83,1.49,N,2
37.16497,21.5726,342.25,0.45,0.47,2021-05-09,1101,N,VIIRS,n,2,297.76,4.38,D,0
37.40197,24.89855,331.86,0.47,0.4,2021-05-09,1101,N,VIIRS,l,2,303.8,3.83,D,0
38.4613,21.23733,332.09,0.44,0.46,2021-05-09,1101,N,VIIRS,n,2,301.31,2.33,D,0
37.40555,24.8974,335.06,0.47,0.4,2021-05-09,1101,N,VIIRS,l,2,305.09,3.83,D,0
40.53484,21.00734,367,0.41,0.45,2021-05-09,1102,N,VIIRS,h,2,301.68,16.81,D,0
37.95859,23.39952,310.14,0.53,0.67,2021-05-09,2321,N,VIIRS,n,2,286.35,1.22,N,0
37.96178,23.3996,317.14,0.53,0.67,2021-05-09,2321,N,VIIRS,n,2,286.63,2.35,N,0
38.1269,23.52456,301.22,0.52,0.67,2021-05-09,2321,N,VIIRS,n,2,285.63,0.85,N,2
38.56479,23.29384,305.15,0.63,0.54,2021-05-10,0101,N,VIIRS,n,2,286.43,2.24,N,2
38.37392,24.06299,299.49,0.35,0.57,2021-05-10,0101,N,VIIRS,n,2,285.66,0.88,N,2
38.56461,23.29459,306.4,0.63,0.54,2021-05-10,0101,N,VIIRS,n,2,286.83,1.35,N,2
38.37414,24.06063,303.28,0.35,0.57,2021-05-10,0101,N,VIIRS,n,2,286.02,0.77,N,2
35.05099,25.75421,340.43,0.54,0.51,2021-05-10,1042,N,VIIRS,n,2,300.07,5,D,0
41.27998,23.35465,325.3,0.51,0.49,2021-05-10,1043,N,VIIRS,n,2,296.74,2.28,D,0
41.00156,25.22795,341.04,0.42,0.45,2021-05-10,1043,N,VIIRS,n,2,302.13,4.47,D,0
38.40192,21.17503,336.69,0.39,0.59,2021-05-10,1043,N,VIIRS,n,2,302.86,3.07,D,0
39.35435,22.9821,296.8,0.52,0.41,2021-05-11,0042,N,VIIRS,n,2,285.59,0.71,N,2
39.38651,22.8052,295.74,0.51,0.41,2021-05-11,0042,N,VIIRS,n,2,283.48,0.36,N,2
38.37466,24.0606,305.13,0.4,0.44,2021-05-11,0042,N,VIIRS,n,2,286.6,1.11,N,2
40.28405,23.44693,301.48,0.52,0.42,2021-05-11,0042,N,VIIRS,n,2,285.34,0.94,N,2
37.95949,23.39974,327.6,0.38,0.43,2021-05-11,0043,N,VIIRS,n,2,288.9,3.17,N,0
37.96339,23.40108,323.73,0.38,0.43,2021-05-11,0043,N,VIIRS,n,2,289.29,3.17,N,3
38.12861,23.52494,305.04,0.38,0.44,2021-05-11,0043,N,VIIRS,n,2,287.25,0.92,N,2
41.11008,25.36991,332.89,0.43,0.62,2021-05-11,1205,N,VIIRS,n,2,298.09,1.32,D,0
40.2854,23.44677,301.76,0.39,0.36,2021-05-12,0023,N,VIIRS,n,2,285.56,0.54,N,2
40.69901,22.95253,297.49,0.38,0.36,2021-05-12,0023,N,VIIRS,n,2,286.74,0.37,N,0
39.16769,22.84443,302.52,0.39,0.36,2021-05-12,0024,N,VIIRS,n,2,283.83,1.17,N,2
37.91778,23.07126,304.48,0.39,0.36,2021-05-12,0024,N,VIIRS,n,2,292.17,1.54,N,2
38.13016,23.52546,317,0.4,0.37,2021-05-12,0024,N,VIIRS,n,2,290.3,2.05,N,2
38.56591,23.29362,298.94,0.39,0.36,2021-05-12,0024,N,VIIRS,n,2,288.2,1.07,N,2
40.28396,23.44484,303.57,0.46,0.39,2021-05-13,0004,N,VIIRS,n,2,285.24,1.14,N,2
38.37394,24.06245,306.43,0.42,0.38,2021-05-13,0005,N,VIIRS,n,2,290.47,1.1,N,2
38.56286,23.29568,300.88,0.45,0.39,2021-05-13,0005,N,VIIRS,n,2,288.32,0.97,N,2
38.56643,23.29631,338.85,0.45,0.39,2021-05-13,0005,N,VIIRS,n,2,288.41,5.25,N,2
39.16753,22.84183,297.79,0.47,0.4,2021-05-13,0005,N,VIIRS,n,2,285.56,1.19,N,2
39.35368,22.98708,299.41,0.46,0.39,2021-05-13,0005,N,VIIRS,n,2,287.45,0.89,N,2
38.1284,23.52473,315.38,0.43,0.38,2021-05-13,0005,N,VIIRS,n,2,290.5,1.66,N,2
38.03681,23.51267,301.22,0.43,0.38,2021-05-13,0005,N,VIIRS,n,2,289,1.41,N,3
40.69775,22.76719,331.94,0.39,0.36,2021-05-13,1127,N,VIIRS,l,2,303.49,0.84,D,0
40.28439,23.44749,296.52,0.5,0.49,2021-05-13,2345,N,VIIRS,n,2,286.4,0.53,N,2
38.56908,23.2937,330.4,0.49,0.49,2021-05-13,2346,N,VIIRS,n,2,287.8,4.54,N,3
38.1282,23.52711,302.67,0.47,0.48,2021-05-13,2346,N,VIIRS,n,2,287.83,1.59,N,2
37.96112,23.40004,300.46,0.48,0.48,2021-05-13,2346,N,VIIRS,n,2,289.03,0.42,N,0
39.38623,22.80773,300.35,0.53,0.5,2021-05-13,2346,N,VIIRS,n,2,285.79,0.98,N,2
38.56457,23.29325,338.51,0.49,0.49,2021-05-13,2346,N,VIIRS,n,2,288.89,4.54,N,2
38.37596,24.0604,303.13,0.44,0.46,2021-05-13,2346,N,VIIRS,n,2,289.93,1.11,N,3
38.56532,23.29386,295.32,0.66,0.73,2021-05-14,0126,N,VIIRS,n,2,285.26,0.95,N,2
39.35194,22.98547,300.5,0.6,0.71,2021-05-14,0126,N,VIIRS,n,2,286.9,1.31,N,0
38.1283,23.52301,301.19,0.43,0.62,2021-05-14,2327,N,VIIRS,n,2,285.34,1.1,N,2
38.37479,24.06097,300.41,0.4,0.6,2021-05-14,2327,N,VIIRS,n,2,289.49,0.73,N,2
38.12734,23.52649,299.15,0.43,0.62,2021-05-14,2327,N,VIIRS,n,2,284.64,0.82,N,2
38.56474,23.29301,297.42,0.38,0.59,2021-05-15,0107,N,VIIRS,n,2,286.97,0.71,N,2
39.35486,22.98352,301.93,0.35,0.57,2021-05-15,0107,N,VIIRS,n,2,288.64,1.12,N,2
37.91713,23.07213,298.85,0.39,0.59,2021-05-15,0108,N,VIIRS,n,2,284.64,1.17,N,2
38.13014,23.52418,295.65,0.77,0.77,2021-05-15,2308,N,VIIRS,n,2,283.31,0.91,N,2
40.28422,23.44694,300.61,0.41,0.45,2021-05-16,0048,N,VIIRS,n,2,283.76,0.92,N,2
39.35422,22.98367,306.46,0.41,0.45,2021-05-16,0049,N,VIIRS,n,2,286.11,1.07,N,2
38.37272,24.06309,298.84,0.48,0.48,2021-05-16,0049,N,VIIRS,n,2,285.67,1.34,N,2
38.5661,23.29589,328.14,0.44,0.46,2021-05-16,0049,N,VIIRS,n,2,286.18,3.59,N,2
38.64186,23.03473,307.62,0.42,0.46,2021-05-16,0049,N,VIIRS,n,2,283.97,0.58,N,0
39.16736,22.84322,299.32,0.41,0.37,2021-05-17,0030,N,VIIRS,n,2,286.51,0.93,N,2
38.56497,23.29319,302.33,0.42,0.38,2021-05-17,0030,N,VIIRS,n,2,288.64,1.14,N,2
38.37548,24.06256,300.23,0.45,0.39,2021-05-17,0030,N,VIIRS,n,2,288.4,0.66,N,2
40.28601,23.44719,295.09,0.41,0.37,2021-05-17,0030,N,VIIRS,n,2,284.26,0.39,N,2
40.28265,23.4462,297.84,0.41,0.37,2021-05-17,0030,N,VIIRS,n,2,282.93,0.38,N,2
37.77038,21.29421,322.1,0.39,0.36,2021-05-17,0030,N,VIIRS,n,2,285.19,1.44,N,3
38.07732,23.62637,303.06,0.44,0.38,2021-05-17,0030,N,VIIRS,n,2,285.7,0.61,N,0
38.12946,23.52307,313.37,0.43,0.38,2021-05-17,0030,N,VIIRS,n,2,287.54,1.21,N,2
39.35415,22.98566,309.4,0.41,0.37,2021-05-17,0030,N,VIIRS,n,2,288.98,1.22,N,2
39.16818,22.83858,295.8,0.41,0.37,2021-05-17,0030,N,VIIRS,n,2,285.22,0.56,N,2
38.37371,24.06065,306.66,0.39,0.36,2021-05-18,0011,N,VIIRS,n,2,290.55,0.97,N,2
39.16566,22.84627,305.04,0.42,0.37,2021-05-18,0011,N,VIIRS,n,2,288.42,0.91,N,2
39.16975,22.84222,303.09,0.42,0.37,2021-05-18,0011,N,VIIRS,n,2,290.04,1.15,N,2
38.12967,23.52435,314.37,0.4,0.37,2021-05-18,0011,N,VIIRS,n,2,286.01,1.52,N,2
39.3554,22.98722,306.07,0.41,0.37,2021-05-18,0011,N,VIIRS,n,2,291.87,0.75,N,2
40.70616,22.81633,305.19,0.43,0.38,2021-05-18,0011,N,VIIRS,n,2,287.66,0.55,N,2
38.56381,23.29218,300.44,0.4,0.37,2021-05-18,0011,N,VIIRS,n,2,289.75,0.68,N,2
40.05162,23.42878,330.13,0.43,0.38,2021-05-18,1133,N,VIIRS,n,2,304.35,1.87,D,0
40.05511,23.42807,338.02,0.43,0.38,2021-05-18,1133,N,VIIRS,n,2,305.41,6.19,D,0
39.7071,20.74358,327.69,0.38,0.36,2021-05-18,1133,N,VIIRS,l,2,300.19,1.46,D,0
38.3733,24.06085,301.37,0.56,0.43,2021-05-18,2352,N,VIIRS,n,2,289.23,1.29,N,2
39.16834,22.84053,300.21,0.43,0.46,2021-05-18,2352,N,VIIRS,n,2,287.73,0.75,N,2
40.28378,23.44412,299.11,0.42,0.45,2021-05-18,2352,N,VIIRS,n,2,287.7,0.71,N,2
40.70592,22.81613,296.24,0.45,0.47,2021-05-18,2352,N,VIIRS,n,2,286.1,0.55,N,2
38.12952,23.52375,318.11,0.39,0.44,2021-05-18,2352,N,VIIRS,n,2,290.62,1.64,N,2
39.35399,22.9877,296.17,0.72,0.75,2021-05-19,0132,N,VIIRS,n,2,286.09,1.26,N,2
40.76319,22.689,338.5,0.4,0.37,2021-05-19,1115,N,VIIRS,n,2,308.04,2.64,D,0
40.28407,23.44306,296.37,0.37,0.58,2021-05-19,2333,N,VIIRS,n,2,286.34,0.38,N,2
38.37366,24.06194,305.42,0.33,0.55,2021-05-19,2333,N,VIIRS,n,2,292.48,0.73,N,2
38.3719,24.06176,306.12,0.33,0.55,2021-05-19,2333,N,VIIRS,n,2,291.79,0.77,N,2
38.04397,23.07133,334.08,0.37,0.58,2021-05-19,2334,N,VIIRS,n,2,301.17,70.51,N,0
37.05328,26.92072,301.4,0.45,0.47,2021-05-19,2334,N,VIIRS,n,2,289.71,0.27,N,0
37.0575,26.9222,304.35,0.45,0.47,2021-05-19,2334,N,VIIRS,n,2,289.2,0.27,N,0
38.02948,23.09702,295.81,0.37,0.58,2021-05-19,2334,N,VIIRS,n,2,277.82,0.81,N,0
38.02981,23.09163,297.08,0.37,0.58,2021-05-19,2334,N,VIIRS,n,2,278.17,0.67,N,0
38.03014,23.08644,297.48,0.37,0.58,2021-05-19,2334,N,VIIRS,n,2,279.17,0.67,N,0
38.03073,23.07669,297.53,0.37,0.58,2021-05-19,2334,N,VIIRS,n,2,279.99,1.43,N,0
38.03099,23.07254,297.84,0.37,0.58,2021-05-19,2334,N,VIIRS,n,2,278.81,0.69,N,0
38.03123,23.06863,296.76,0.37,0.58,2021-05-19,2334,N,VIIRS,n,2,277.82,0.69,N,0
38.03146,23.06482,295.49,0.37,0.58,2021-05-19,2334,N,VIIRS,n,2,277.41,0.51,N,0
38.03172,23.06051,295.04,0.37,0.58,2021-05-19,2334,N,VIIRS,n,2,276.15,0.51,N,0
38.03103,23.10878,297.6,0.37,0.58,2021-05-19,2334,N,VIIRS,n,2,276.73,1.93,N,0
38.03131,23.1036,300.36,0.37,0.58,2021-05-19,2334,N,VIIRS,n,2,276.19,1.93,N,0
38.0316,23.09856,302.41,0.37,0.58,2021-05-19,2334,N,VIIRS,n,2,277.28,10.45,N,0
38.03187,23.09356,305.41,0.37,0.58,2021-05-19,2334,N,VIIRS,n,2,277.48,10.45,N,0
38.03215,23.08856,305.16,0.37,0.58,2021-05-19,2334,N,VIIRS,n,2,278.19,35.02,N,0
38.03244,23.08333,303.22,0.37,0.58,2021-05-19,2334,N,VIIRS,n,2,280.08,35.02,N,0
38.03271,23.07843,305.04,0.37,0.58,2021-05-19,2334,N,VIIRS,n,2,279.67,9.52,N,0
38.03294,23.07422,305.79,0.37,0.58,2021-05-19,2334,N,VIIRS,n,2,278.49,9.52,N,0
38.03316,23.07029,304.61,0.37,0.58,2021-05-19,2334,N,VIIRS,n,2,276.62,2.51,N,0
38.03338,23.06642,302.26,0.37,0.58,2021-05-19,2334,N,VIIRS,n,2,275.91,2.51,N,0
38.0336,23.06237,299.69,0.37,0.58,2021-05-19,2334,N,VIIRS,n,2,276.19,1.3,N,0
38.03389,23.05721,297.72,0.37,0.58,2021-05-19,2334,N,VIIRS,n,2,276.24,1.3,N,0
38.03417,23.05207,296.15,0.37,0.58,2021-05-19,2334,N,VIIRS,n,2,277.11,0.93,N,0
38.03584,23.11958,295.72,0.37,0.58,2021-05-19,2334,N,VIIRS,n,2,279.01,0.75,N,0
38.03609,23.11522,299.53,0.37,0.58,2021-05-19,2334,N,VIIRS,n,2,277.51,1.1,N,0
38.03635,23.11053,304.82,0.37,0.58,2021-05-19,2334,N,VIIRS,n,2,277.23,1.1,N,0
38.03663,23.1054,311.25,0.37,0.58,2021-05-19,2334,N,VIIRS,n,2,277.16,1.93,N,0
38.03916,23.06014,316.62,0.37,0.58,2021-05-19,2334,N,VIIRS,n,2,276.19,1.3,N,0
38.03945,23.05494,310.73,0.37,0.58,2021-05-19,2334,N,VIIRS,n,2,277.06,1.3,N,0
38.03976,23.0492,305.31,0.37,0.58,2021-05-19,2334,N,VIIRS,n,2,278.53,0.93,N,0
38.04007,23.04359,303.49,0.37,0.58,2021-05-19,2334,N,VIIRS,n,2,277.58,0.93,N,0
38.04036,23.03832,301.28,0.37,0.58,2021-05-19,2334,N,VIIRS,n,2,276.88,0.86,N,0
38.04068,23.03255,298.42,0.37,0.58,2021-05-19,2334,N,VIIRS,n,2,278.55,0.86,N,0
38.03691,23.1004,321.3,0.37,0.58,2021-05-19,2334,N,VIIRS,n,2,278.04,1.93,N,0
38.03718,23.09563,339.79,0.37,0.58,2021-05-19,2334,N,VIIRS,n,2,278.7,10.45,N,0
38.03743,23.09121,367,0.37,0.58,2021-05-19,2334,N,VIIRS,h,2,280.41,10.45,N,0
38.03769,23.08657,337.6,0.37,0.58,2021-05-19,2334,N,VIIRS,n,2,286.65,35.02,N,0
38.03796,23.08153,367,0.37,0.58,2021-05-19,2334,N,VIIRS,h,2,289.79,35.02,N,0
38.03821,23.07712,343.28,0.37,0.58,2021-05-19,2334,N,VIIRS,n,2,279.88,9.52,N,0
38.03843,23.07323,337.67,0.37,0.58,2021-05-19,2334,N,VIIRS,n,2,277.7,9.52,N,0
38.03865,23.06924,332.15,0.37,0.58,2021-05-19,2334,N,VIIRS,n,2,275.72,2.51,N,0
38.03889,23.06491,323.84,0.37,0.58,2021-05-19,2334,N,VIIRS,n,2,275.79,2.51,N,0
38.04113,23.1219,295.63,0.37,0.58,2021-05-19,2334,N,VIIRS,n,2,279.22,0.49,N,0
38.04138,23.11748,299.67,0.37,0.58,2021-05-19,2334,N,VIIRS,n,2,278.23,0.49,N,0
38.04165,23.11257,305.22,0.37,0.58,2021-05-19,2334,N,VIIRS,n,2,277.66,1.13,N,0
38.04195,23.10729,311.37,0.37,0.58,2021-05-19,2334,N,VIIRS,n,2,278.66,1.13,N,0
38.04597,23.03535,308.21,0.37,0.58,2021-05-19,2334,N,VIIRS,n,2,279.65,1.6,N,0
38.04625,23.03026,299.95,0.37,0.58,2021-05-19,2334,N,VIIRS,n,2,281.36,1.6,N,0
38.04223,23.10219,320.08,0.37,0.58,2021-05-19,2334,N,VIIRS,n,2,280.03,3.47,N,0
38.04249,23.09769,334.95,0.37,0.58,2021-05-19,2334,N,VIIRS,n,2,282.97,3.47,N,0
38.04274,23.09326,352.51,0.37,0.58,2021-05-19,2334,N,VIIRS,n,2,287.54,49.44,N,0
38.04299,23.08873,367,0.37,0.58,2021-05-19,2334,N,VIIRS,h,2,316.08,49.44,N,0
38.04351,23.0794,336.75,0.37,0.58,2021-05-19,2334,N,VIIRS,n,2,327.23,160.76,N,0
38.04374,23.07533,346.38,0.37,0.58,2021-05-19,2334,N,VIIRS,n,2,300.7,70.51,N,0
38.04421,23.06701,354.9,0.37,0.58,2021-05-19,2334,N,VIIRS,n,2,297.99,41.78,N,0
38.04447,23.06238,367,0.37,0.58,2021-05-19,2334,N,VIIRS,h,2,285.33,41.78,N,0
38.04473,23.05758,367,0.37,0.58,2021-05-19,2334,N,VIIRS,h,2,280.66,18.56,N,0
38.04504,23.05217,354.19,0.37,0.58,2021-05-19,2334,N,VIIRS,n,2,281.47,18.56,N,0
38.04538,23.04584,349.64,0.37,0.58,2021-05-19,2334,N,VIIRS,n,2,282.24,6.09,N,0
38.04567,23.04065,330.75,0.37,0.58,2021-05-19,2334,N,VIIRS,n,2,279.14,6.09,N,0
38.04663,23.12027,295.57,0.37,0.58,2021-05-19,2334,N,VIIRS,n,2,279.12,0.49,N,0
38.04692,23.11531,298.73,0.37,0.58,2021-05-19,2334,N,VIIRS,n,2,278.94,0.49,N,0
38.04723,23.10982,302.59,0.37,0.58,2021-05-19,2334,N,VIIRS,n,2,279.52,1.13,N,0
38.04753,23.10451,306.44,0.37,0.58,2021-05-19,2334,N,VIIRS,n,2,280.42,1.13,N,0
38.04778,23.09996,313.11,0.37,0.58,2021-05-19,2334,N,VIIRS,n,2,281.78,3.47,N,0
38.05143,23.03508,301.76,0.37,0.58,2021-05-19,2334,N,VIIRS,n,2,283.17,1.6,N,0
38.04803,23.09561,325.96,0.37,0.58,2021-05-19,2334,N,VIIRS,n,2,282.07,3.47,N,0
38.04829,23.09103,367,0.37,0.58,2021-05-19,2334,N,VIIRS,h,2,284.32,49.44,N,0
38.04855,23.08641,367,0.37,0.58,2021-05-19,2334,N,VIIRS,h,2,287.16,49.44,N,0
38.04881,23.08189,322.68,0.37,0.58,2021-05-19,2334,N,VIIRS,n,2,299.58,160.76,N,0
38.04905,23.07756,339.7,0.37,0.58,2021-05-19,2334,N,VIIRS,n,2,309.71,160.76,N,0
38.04928,23.07336,356.93,0.37,0.58,2021-05-19,2334,N,VIIRS,n,2,299.97,70.51,N,0
38.04954,23.0689,367,0.37,0.58,2021-05-19,2334,N,VIIRS,h,2,296.79,70.51,N,0
38.0498,23.06411,367,0.37,0.58,2021-05-19,2334,N,VIIRS,h,2,302.49,41.78,N,0
38.05006,23.05947,367,0.37,0.58,2021-05-19,2334,N,VIIRS,h,2,293.73,41.78,N,0
38.05061,23.0497,344.76,0.37,0.58,2021-05-19,2334,N,VIIRS,n,2,285.38,18.56,N,0
38.0509,23.04454,355.23,0.37,0.58,2021-05-19,2334,N,VIIRS,n,2,284.11,6.09,N,0
38.05117,23.0397,321.89,0.37,0.58,2021-05-19,2334,N,VIIRS,n,2,282.79,6.09,N,0
38.05329,23.09859,301.32,0.37,0.58,2021-05-19,2334,N,VIIRS,n,2,285.41,1.39,N,0
38.05355,23.09398,304.94,0.37,0.58,2021-05-19,2334,N,VIIRS,n,2,285.87,1.39,N,0
38.05381,23.08929,313.17,0.37,0.58,2021-05-19,2334,N,VIIRS,n,2,286.82,2.86,N,0
38.05589,23.05262,317.34,0.37,0.58,2021-05-19,2334,N,VIIRS,n,2,280.79,2.63,N,3
38.05613,23.0483,312.79,0.37,0.58,2021-05-19,2334,N,VIIRS,n,2,281.39,2.63,N,3
38.05637,23.04404,305.49,0.37,0.58,2021-05-19,2334,N,VIIRS,n,2,283.36,2.24,N,0
38.05408,23.08462,325.35,0.37,0.58,2021-05-19,2334,N,VIIRS,n,2,287.32,2.86,N,0
38.05433,23.0801,367,0.37,0.58,2021-05-19,2334,N,VIIRS,h,2,287.97,98.28,N,0
38.05482,23.07148,367,0.37,0.58,2021-05-19,2334,N,VIIRS,h,2,310.68,137.9,N,0
38.05537,23.0617,367,0.37,0.58,2021-05-19,2334,N,VIIRS,h,2,291.64,6.45,N,3
38.05564,23.05703,327.96,0.37,0.58,2021-05-19,2334,N,VIIRS,n,2,282.07,6.45,N,3
38.05954,23.08402,303.5,0.37,0.58,2021-05-19,2334,N,VIIRS,n,2,283.43,2.86,N,3
38.06082,23.06161,306.17,0.37,0.58,2021-05-19,2334,N,VIIRS,n,2,283.55,6.45,N,3
38.06107,23.05728,302.58,0.37,0.58,2021-05-19,2334,N,VIIRS,n,2,283.32,6.45,N,3
38.1279,23.52429,314.05,0.35,0.57,2021-05-19,2334,N,VIIRS,n,2,290.08,1.23,N,2
38.05064,23.12231,353.95,0.47,0.64,2021-05-20,0114,N,VIIRS,n,2,318.85,98.03,N,0
39.35235,22.98402,304.84,0.42,0.61,2021-05-20,0114,N,VIIRS,n,2,290.36,0.91,N,0
39.35566,22.98341,299.58,0.42,0.61,2021-05-20,0114,N,VIIRS,n,2,289.12,0.54,N,2
38.0562,23.14752,301.6,0.47,0.64,2021-05-20,0114,N,VIIRS,n,2,289.13,43.72,N,0
38.0616,23.10616,347.89,0.46,0.64,2021-05-20,0114,N,VIIRS,n,2,291.37,12.03,N,3
38.05804,23.11865,350.98,0.47,0.64,2021-05-20,0114,N,VIIRS,n,2,306.01,72.9,N,0
38.0569,23.12265,350.29,0.47,0.64,2021-05-20,0114,N,VIIRS,n,2,309.51,72.9,N,0
38.0556,23.12722,367,0.47,0.64,2021-05-20,0114,N,VIIRS,h,2,294.25,26.63,N,0
38.05421,23.1321,367,0.47,0.64,2021-05-20,0114,N,VIIRS,h,2,294.83,26.63,N,0
38.0528,23.13709,367,0.47,0.64,2021-05-20,0114,N,VIIRS,h,2,293.83,43.72,N,0
38.0513,23.14234,342.74,0.47,0.64,2021-05-20,0114,N,VIIRS,n,2,304.36,43.72,N,0
38.0498,23.14764,342.06,0.47,0.64,2021-05-20,0114,N,VIIRS,n,2,291.49,14.19,N,0
38.06297,23.10136,303.59,0.46,0.64,2021-05-20,0114,N,VIIRS,n,2,288.38,12.03,N,3
38.04823,23.15313,313.54,0.47,0.64,2021-05-20,0114,N,VIIRS,n,2,289.16,14.19,N,0
38.04664,23.15872,304.2,0.47,0.64,2021-05-20,0114,N,VIIRS,n,2,288.28,3.54,N,0
38.05895,23.09315,344.03,0.46,0.64,2021-05-20,0114,N,VIIRS,n,2,295.88,16.92,N,3
38.05766,23.09766,367,0.46,0.64,2021-05-20,0114,N,VIIRS,h,2,306.88,33.15,N,0
38.05649,23.10178,355.76,0.46,0.64,2021-05-20,0114,N,VIIRS,n,2,308.65,33.15,N,0
38.05523,23.10622,367,0.46,0.64,2021-05-20,0114,N,VIIRS,h,2,309.63,36.28,N,0
38.05403,23.11043,353.77,0.47,0.64,2021-05-20,0114,N,VIIRS,n,2,310.6,36.28,N,0
38.05291,23.11434,367,0.47,0.64,2021-05-20,0114,N,VIIRS,h,2,307.11,44.84,N,0
38.02488,23.05681,298.49,0.46,0.64,2021-05-20,0114,N,VIIRS,n,2,281.69,1.56,N,0
38.02934,23.06339,301.64,0.46,0.64,2021-05-20,0114,N,VIIRS,n,2,283.45,1.56,N,0
38.03066,23.05879,305.46,0.46,0.64,2021-05-20,0114,N,VIIRS,n,2,284.65,1.56,N,0
38.03181,23.05477,313.56,0.46,0.64,2021-05-20,0114,N,VIIRS,n,2,284.91,4.35,N,0
38.03299,23.05067,316.93,0.46,0.64,2021-05-20,0114,N,VIIRS,n,2,286.21,4.35,N,0
38.03413,23.04667,311.34,0.46,0.64,2021-05-20,0114,N,VIIRS,n,2,286.46,3.28,N,0
38.03524,23.0428,307.48,0.46,0.64,2021-05-20,0114,N,VIIRS,n,2,286.27,3.28,N,0
38.0363,23.0391,303.27,0.46,0.64,2021-05-20,0114,N,VIIRS,n,2,286.99,1.69,N,0
38.03729,23.03562,300.7,0.46,0.64,2021-05-20,0114,N,VIIRS,n,2,287.28,1.69,N,0
38.02518,23.10008,298.62,0.47,0.64,2021-05-20,0114,N,VIIRS,n,2,282.44,1.47,N,0
38.02653,23.0954,301.21,0.47,0.64,2021-05-20,0114,N,VIIRS,n,2,283.22,2.83,N,0
38.02778,23.09103,304.15,0.47,0.64,2021-05-20,0114,N,VIIRS,n,2,284.45,2.83,N,0
38.029,23.08678,310.3,0.47,0.64,2021-05-20,0114,N,VIIRS,n,2,285.24,7.25,N,0
38.03017,23.08268,314.72,0.46,0.64,2021-05-20,0114,N,VIIRS,n,2,286.49,7.25,N,0
38.04218,23.04072,315.69,0.46,0.64,2021-05-20,0114,N,VIIRS,n,2,289.67,54.4,N,0
38.04322,23.03705,307.7,0.46,0.64,2021-05-20,0114,N,VIIRS,n,2,289.16,2.65,N,0
38.0443,23.0333,302.26,0.46,0.64,2021-05-20,0114,N,VIIRS,n,2,288.83,2.65,N,0
38.04541,23.02942,299.64,0.46,0.64,2021-05-20,0114,N,VIIRS,n,2,287.56,2.79,N,0
38.03139,23.07843,322.8,0.46,0.64,2021-05-20,0114,N,VIIRS,n,2,288.47,77.17,N,0
38.0328,23.0735,332.56,0.46,0.64,2021-05-20,0114,N,VIIRS,n,2,289.67,77.17,N,0
38.03434,23.0681,350.41,0.46,0.64,2021-05-20,0114,N,VIIRS,n,2,293.1,404.58,N,0
38.03578,23.06308,326.98,0.46,0.64,2021-05-20,0114,N,VIIRS,n,2,303.83,404.58,N,0
38.04009,23.048,354.69,0.46,0.64,2021-05-20,0114,N,VIIRS,n,2,319.64,776.64,N,0
38.04113,23.04439,348.23,0.46,0.64,2021-05-20,0114,N,VIIRS,n,2,290.34,54.4,N,0
38.02711,23.11556,298.73,0.47,0.64,2021-05-20,0114,N,VIIRS,n,2,281.6,1.45,N,0
38.02842,23.11099,302.49,0.47,0.64,2021-05-20,0114,N,VIIRS,n,2,281.69,1.45,N,0
38.02962,23.10679,298.13,0.47,0.64,2021-05-20,0114,N,VIIRS,n,2,283.5,1.47,N,0
38.03078,23.10274,300.91,0.47,0.64,2021-05-20,0114,N,VIIRS,n,2,283.71,1.47,N,0
38.0319,23.09882,308.94,0.47,0.64,2021-05-20,0114,N,VIIRS,n,2,284.28,2.83,N,0
38.04967,23.03668,302.23,0.46,0.64,2021-05-20,0114,N,VIIRS,n,2,288.94,2.65,N,0
38.03304,23.09487,331.97,0.47,0.64,2021-05-20,0114,N,VIIRS,n,2,286.47,2.83,N,0
38.03422,23.09072,344.15,0.47,0.64,2021-05-20,0114,N,VIIRS,n,2,289.3,7.25,N,0
38.03543,23.08648,353.05,0.46,0.64,2021-05-20,0114,N,VIIRS,n,2,290.9,7.25,N,0
38.03655,23.08258,367,0.46,0.64,2021-05-20,0114,N,VIIRS,h,2,291.86,77.17,N,0
38.04523,23.05221,344.11,0.46,0.64,2021-05-20,0114,N,VIIRS,n,2,334.67,776.64,N,0
38.04621,23.04879,367,0.46,0.64,2021-05-20,0114,N,VIIRS,h,2,305.4,54.4,N,0
38.04722,23.04525,328.43,0.46,0.64,2021-05-20,0114,N,VIIRS,n,2,292.46,54.4,N,0
38.04839,23.04117,340.9,0.46,0.64,2021-05-20,0114,N,VIIRS,n,2,292.64,2.65,N,0
38.03207,23.12048,300.72,0.47,0.64,2021-05-20,0114,N,VIIRS,n,2,284.85,14.33,N,0
38.05125,23.05334,315.61,0.46,0.64,2021-05-20,0114,N,VIIRS,n,2,291.71,3.19,N,0
38.05234,23.04955,303.47,0.46,0.64,2021-05-20,0114,N,VIIRS,n,2,289.92,3.19,N,0
38.03335,23.116,328.56,0.47,0.64,2021-05-20,0114,N,VIIRS,n,2,285.78,14.33,N,0
38.03455,23.11181,351.43,0.47,0.64,2021-05-20,0114,N,VIIRS,n,2,293.8,38.99,N,0
38.03566,23.10791,367,0.47,0.64,2021-05-20,0114,N,VIIRS,h,2,292.7,38.99,N,0
38.03675,23.1041,347.85,0.47,0.64,2021-05-20,0114,N,VIIRS,n,2,288.85,18.08,N,0
38.03788,23.10017,350.7,0.47,0.64,2021-05-20,0114,N,VIIRS,n,2,291.79,18.08,N,0
38.03905,23.09605,356.47,0.47,0.64,2021-05-20,0114,N,VIIRS,n,2,295.06,13.64,N,0
38.04032,23.09163,367,0.46,0.64,2021-05-20,0114,N,VIIRS,h,2,296.47,13.64,N,0
38.04154,23.08735,367,0.46,0.64,2021-05-20,0114,N,VIIRS,h,2,296.08,28.42,N,0
38.04269,23.08332,341.14,0.46,0.64,2021-05-20,0114,N,VIIRS,n,2,298.93,28.42,N,0
38.04391,23.07904,367,0.46,0.64,2021-05-20,0114,N,VIIRS,h,2,309.74,31.44,N,0
38.04533,23.07407,348.64,0.46,0.64,2021-05-20,0114,N,VIIRS,n,2,293.73,31.44,N,0
38.04667,23.06938,351.06,0.46,0.64,2021-05-20,0114,N,VIIRS,n,2,294.41,8.45,N,0
38.04786,23.06525,343.62,0.46,0.64,2021-05-20,0114,N,VIIRS,n,2,294.16,8.45,N,0
38.04901,23.06119,336.14,0.46,0.64,2021-05-20,0114,N,VIIRS,n,2,292.9,5,N,0
38.05015,23.05719,328.68,0.46,0.64,2021-05-20,0114,N,VIIRS,n,2,293.26,5,N,3
38.033,23.13949,297.64,0.47,0.64,2021-05-20,0114,N,VIIRS,n,2,285.47,2.57,N,0
38.03428,23.13501,302.27,0.47,0.64,2021-05-20,0114,N,VIIRS,n,2,285.62,3.67,N,0
38.03553,23.13065,312.77,0.47,0.64,2021-05-20,0114,N,VIIRS,n,2,285.79,3.67,N,0
38.05504,23.06231,317.9,0.46,0.64,2021-05-20,0114,N,VIIRS,n,2,290.77,5,N,3
38.03679,23.12624,332.12,0.47,0.64,2021-05-20,0114,N,VIIRS,n,2,287.72,14.33,N,0
38.03809,23.12168,367,0.47,0.64,2021-05-20,0114,N,VIIRS,h,2,297.96,14.33,N,0
38.03936,23.11722,355.83,0.47,0.64,2021-05-20,0114,N,VIIRS,n,2,305.19,38.99,N,0
38.04055,23.11308,367,0.47,0.64,2021-05-20,0114,N,VIIRS,h,2,308.37,38.99,N,0
38.04165,23.10923,367,0.47,0.64,2021-05-20,0114,N,VIIRS,h,2,303.74,18.08,N,0
38.04272,23.10549,367,0.47,0.64,2021-05-20,0114,N,VIIRS,h,2,299.82,18.08,N,0
38.04387,23.10147,346.3,0.47,0.64,2021-05-20,0114,N,VIIRS,n,2,300.08,13.64,N,0
38.04513,23.09706,367,0.46,0.64,2021-05-20,0114,N,VIIRS,h,2,300.29,13.64,N,0
38.04638,23.09267,367,0.46,0.64,2021-05-20,0114,N,VIIRS,h,2,298.24,28.42,N,0
38.0476,23.08838,367,0.46,0.64,2021-05-20,0114,N,VIIRS,h,2,296.37,28.42,N,0
38.04885,23.08402,349.34,0.46,0.64,2021-05-20,0114,N,VIIRS,n,2,294.13,31.44,N,0
38.05013,23.07955,333.31,0.46,0.64,2021-05-20,0114,N,VIIRS,n,2,294.12,31.44,N,0
38.05141,23.07502,340.59,0.46,0.64,2021-05-20,0114,N,VIIRS,n,2,293.98,8.45,N,0
38.05265,23.07069,339.31,0.46,0.64,2021-05-20,0114,N,VIIRS,n,2,294.52,8.45,N,0
38.05379,23.06667,332.58,0.46,0.64,2021-05-20,0114,N,VIIRS,n,2,292.54,5,N,0
38.0358,23.15201,316.44,0.47,0.64,2021-05-20,0114,N,VIIRS,n,2,287.1,3.37,N,0
38.05897,23.07079,314.32,0.46,0.64,2021-05-20,0114,N,VIIRS,n,2,288.51,6.23,N,3
38.03735,23.14658,337.24,0.47,0.64,2021-05-20,0114,N,VIIRS,n,2,288.77,3.37,N,0
38.03885,23.14136,351.22,0.47,0.64,2021-05-20,0114,N,VIIRS,n,2,293.45,58.29,N,0
38.04024,23.13648,337.97,0.47,0.64,2021-05-20,0114,N,VIIRS,n,2,307.48,58.29,N,0
38.04152,23.132,325.41,0.47,0.64,2021-05-20,0114,N,VIIRS,n,2,316,205.08,N,0
38.04286,23.12728,334.48,0.47,0.64,2021-05-20,0114,N,VIIRS,n,2,318.81,205.08,N,0
38.04433,23.12213,367,0.47,0.64,2021-05-20,0114,N,VIIRS,h,2,307.12,98.03,N,0
38.04559,23.11771,367,0.47,0.64,2021-05-20,0114,N,VIIRS,h,2,319.73,98.03,N,0
38.0467,23.11385,367,0.47,0.64,2021-05-20,0114,N,VIIRS,h,2,303.76,44.84,N,0
38.04777,23.11008,355.1,0.47,0.64,2021-05-20,0114,N,VIIRS,n,2,298.94,44.84,N,0
38.04887,23.10623,354.04,0.47,0.64,2021-05-20,0114,N,VIIRS,n,2,299.76,36.28,N,0
38.05009,23.10193,341.32,0.46,0.64,2021-05-20,0114,N,VIIRS,n,2,297.34,36.28,N,0
38.05138,23.09744,367,0.46,0.64,2021-05-20,0114,N,VIIRS,h,2,301.48,33.15,N,0
38.05262,23.09307,367,0.46,0.64,2021-05-20,0114,N,VIIRS,h,2,298.49,33.15,N,0
38.05386,23.08873,367,0.46,0.64,2021-05-20,0114,N,VIIRS,h,2,299.67,16.92,N,0
38.05515,23.08418,343.17,0.46,0.64,2021-05-20,0114,N,VIIRS,n,2,295.71,16.92,N,0
38.05644,23.07965,351.55,0.46,0.64,2021-05-20,0114,N,VIIRS,n,2,309.1,28.6,N,0
38.05782,23.07481,346.18,0.46,0.64,2021-05-20,0114,N,VIIRS,n,2,292.19,28.6,N,0
38.04021,23.15892,300.51,0.47,0.64,2021-05-20,0114,N,VIIRS,n,2,288.04,3.37,N,0
38.04184,23.15318,312.64,0.47,0.64,2021-05-20,0114,N,VIIRS,n,2,288.59,3.37,N,0
38.06019,23.08878,310.19,0.46,0.64,2021-05-20,0114,N,VIIRS,n,2,289.74,16.92,N,3
38.06165,23.08367,308.23,0.46,0.64,2021-05-20,0114,N,VIIRS,n,2,288.88,28.6,N,3
38.04348,23.14742,325.62,0.47,0.64,2021-05-20,0114,N,VIIRS,n,2,289.92,58.29,N,0
38.04501,23.14209,335.15,0.47,0.64,2021-05-20,0114,N,VIIRS,n,2,302.39,58.29,N,0
38.04774,23.13249,327.25,0.47,0.64,2021-05-20,0114,N,VIIRS,n,2,323.15,205.08,N,0
38.04918,23.12746,340.18,0.47,0.64,2021-05-20,0114,N,VIIRS,n,2,322.77,98.03,N,0
38.05186,23.11803,355.97,0.47,0.64,2021-05-20,0114,N,VIIRS,n,2,310.52,44.84,N,0
38.05808,23.142,344.94,0.43,0.46,2021-05-20,1055,N,VIIRS,n,2,301.28,10.43,D,0
38.01013,23.20606,328.44,0.43,0.46,2021-05-20,1055,N,VIIRS,n,2,281.76,4.08,D,0
38.0151,23.2085,338.7,0.43,0.46,2021-05-20,1055,N,VIIRS,n,2,295.85,71.43,D,0
38.01413,23.20414,355.63,0.43,0.46,2021-05-20,1055,N,VIIRS,n,2,285.86,143.46,D,0
38.01215,23.1952,344.09,0.43,0.46,2021-05-20,1055,N,VIIRS,n,2,278.8,20.45,D,0
38.01315,23.19968,356.98,0.43,0.46,2021-05-20,1055,N,VIIRS,l,2,289.34,143.46,D,0
38.02004,23.21085,354.39,0.43,0.46,2021-05-20,1055,N,VIIRS,n,2,281.04,71.43,D,0
38.01908,23.20647,346.16,0.43,0.46,2021-05-20,1055,N,VIIRS,n,2,296.31,71.43,D,0
38.01616,23.19329,349.69,0.43,0.46,2021-05-20,1055,N,VIIRS,n,2,289.98,20.45,D,0
38.01519,23.18891,332.82,0.43,0.46,2021-05-20,1055,N,VIIRS,n,2,279.22,20.45,D,0
38.01319,23.17985,348,0.43,0.46,2021-05-20,1055,N,VIIRS,n,2,281.09,16.48,D,0
38.01211,23.175,347.94,0.43,0.46,2021-05-20,1055,N,VIIRS,n,2,285.01,16.55,D,0
38.02404,23.20891,353.75,0.43,0.46,2021-05-20,1055,N,VIIRS,n,2,293.99,156.44,D,0
38.02304,23.2044,348.15,0.43,0.46,2021-05-20,1055,N,VIIRS,n,2,298.79,156.44,D,0
38.02208,23.20003,348.21,0.43,0.46,2021-05-20,1055,N,VIIRS,n,2,291.31,54.16,D,0
38.02112,23.19568,349.03,0.43,0.46,2021-05-20,1055,N,VIIRS,n,2,291.31,54.16,D,0
38.02018,23.19141,351.86,0.43,0.46,2021-05-20,1055,N,VIIRS,n,2,299.9,25.19,D,0
38.01622,23.17352,353.38,0.43,0.46,2021-05-20,1055,N,VIIRS,n,2,295.77,23.23,D,0
38.01517,23.16878,343.72,0.43,0.46,2021-05-20,1055,N,VIIRS,n,2,283.07,23.23,D,0
38.02506,23.21352,356.87,0.43,0.46,2021-05-20,1055,N,VIIRS,l,2,289.82,161.18,D,0
38.01922,23.18707,356.87,0.43,0.46,2021-05-20,1055,N,VIIRS,l,2,288.16,25.19,D,0
38.01824,23.18265,356.87,0.43,0.46,2021-05-20,1055,N,VIIRS,l,2,285.08,20.72,D,0
38.01725,23.17817,356.87,0.43,0.46,2021-05-20,1055,N,VIIRS,l,2,288.58,20.72,D,0
38.01936,23.16767,367,0.43,0.46,2021-05-20,1055,N,VIIRS,h,2,294.21,23.23,D,0
38.02602,23.19782,352.41,0.43,0.46,2021-05-20,1055,N,VIIRS,n,2,287.6,54.16,D,0
38.02506,23.19347,353.45,0.43,0.46,2021-05-20,1055,N,VIIRS,n,2,289.74,54.16,D,0
38.02411,23.18916,355.53,0.43,0.46,2021-05-20,1055,N,VIIRS,n,2,280.26,25.19,D,0
38.02124,23.1762,350.99,0.43,0.46,2021-05-20,1055,N,VIIRS,n,2,283.44,20.72,D,0
38.02031,23.17196,353.89,0.43,0.46,2021-05-20,1055,N,VIIRS,n,2,290.24,23.23,D,0
38.02316,23.18486,356.83,0.43,0.46,2021-05-20,1055,N,VIIRS,l,2,282.08,25.19,D,0
38.02221,23.18056,356.83,0.43,0.46,2021-05-20,1055,N,VIIRS,l,2,287.75,20.72,D,0
38.03301,23.20947,355.13,0.43,0.46,2021-05-20,1055,N,VIIRS,n,2,289.65,40.19,D,0
38.03096,23.20014,347.88,0.43,0.46,2021-05-20,1055,N,VIIRS,n,2,285.6,65.78,D,0
38.02996,23.19564,342.97,0.43,0.46,2021-05-20,1055,N,VIIRS,n,2,298.37,53.34,D,0
38.02898,23.19119,346.84,0.43,0.46,2021-05-20,1055,N,VIIRS,n,2,294.06,53.34,D,0
38.028,23.18671,350.93,0.43,0.46,2021-05-20,1055,N,VIIRS,n,2,281.3,9.63,D,0
38.02514,23.17376,345.97,0.43,0.46,2021-05-20,1055,N,VIIRS,n,2,276.58,6.82,D,0
38.02424,23.16968,348.59,0.43,0.46,2021-05-20,1055,N,VIIRS,n,2,279.05,4.97,D,0
38.02338,23.16579,336.67,0.43,0.46,2021-05-20,1055,N,VIIRS,n,2,276.93,4.97,D,0
38.02703,23.18232,356.19,0.43,0.46,2021-05-20,1055,N,VIIRS,l,2,288.61,9.63,D,0
38.02607,23.17801,356.19,0.43,0.46,2021-05-20,1055,N,VIIRS,l,2,281.74,6.82,D,0
38.03698,23.20735,345.92,0.43,0.46,2021-05-20,1055,N,VIIRS,n,2,282.25,40.19,D,0
38.03594,23.20266,355.6,0.43,0.46,2021-05-20,1055,N,VIIRS,n,2,285.34,65.78,D,0
38.03396,23.19368,355.71,0.43,0.46,2021-05-20,1055,N,VIIRS,n,2,287.71,53.34,D,0
38.03293,23.18899,348.93,0.43,0.46,2021-05-20,1055,N,VIIRS,n,2,289.6,53.34,D,0
38.03192,23.1844,351.28,0.43,0.46,2021-05-20,1055,N,VIIRS,n,2,278.44,9.63,D,0
38.03092,23.17989,344.5,0.43,0.46,2021-05-20,1055,N,VIIRS,n,2,275.15,9.63,D,0
38.02996,23.1755,349.77,0.43,0.46,2021-05-20,1055,N,VIIRS,n,2,279.45,6.82,D,0
38.02903,23.17133,344.83,0.43,0.46,2021-05-20,1055,N,VIIRS,n,2,279.71,6.82,D,0
38.02815,23.1673,338.86,0.43,0.46,2021-05-20,1055,N,VIIRS,n,2,275.26,4.97,D,0
38.02729,23.16343,338.17,0.43,0.46,2021-05-20,1055,N,VIIRS,n,2,277.11,4.97,D,0
38.03497,23.19826,356.81,0.43,0.46,2021-05-20,1055,N,VIIRS,l,2,276.67,65.78,D,0
38.03897,23.19634,345.71,0.43,0.46,2021-05-20,1055,N,VIIRS,n,2,271.37,15.63,D,0
38.03689,23.18684,354.01,0.43,0.46,2021-05-20,1055,N,VIIRS,n,2,283.94,42.75,D,0
38.03487,23.17766,335.21,0.43,0.46,2021-05-20,1055,N,VIIRS,n,2,268.31,15.64,D,0
38.03392,23.1734,343.46,0.43,0.46,2021-05-20,1055,N,VIIRS,n,2,272.34,10.67,D,0
38.0321,23.16512,346.66,0.43,0.46,2021-05-20,1055,N,VIIRS,n,2,274.03,5.12,D,0
38.03125,23.16124,344.24,0.43,0.46,2021-05-20,1055,N,VIIRS,n,2,280.29,5.12,D,0
38.03794,23.19163,356.21,0.43,0.46,2021-05-20,1055,N,VIIRS,l,2,277.09,42.75,D,0
38.03584,23.18212,356.21,0.43,0.46,2021-05-20,1055,N,VIIRS,l,2,280.12,15.64,D,0
38.033,23.16918,356.21,0.43,0.46,2021-05-20,1055,N,VIIRS,l,2,278.93,10.67,D,0
38.03605,23.1629,333.44,0.43,0.46,2021-05-20,1055,N,VIIRS,n,2,272.88,5.12,D,0
38.03516,23.15889,337.48,0.43,0.46,2021-05-20,1055,N,VIIRS,n,2,275.77,5.12,D,0
38.04391,23.1785,349.1,0.43,0.46,2021-05-20,1055,N,VIIRS,n,2,266.14,16.43,D,0
38.04096,23.16505,333.63,0.43,0.46,2021-05-20,1055,N,VIIRS,n,2,275.15,5.87,D,0
38.03455,23.13594,331.9,0.43,0.46,2021-05-20,1055,N,VIIRS,n,2,291.72,5.05,D,0
38.03358,23.13152,339.45,0.43,0.46,2021-05-20,1055,N,VIIRS,n,2,293.77,5.05,D,0
38.04692,23.17202,350.13,0.43,0.46,2021-05-20,1055,N,VIIRS,n,2,272.3,16.43,D,0
38.04125,23.1462,350.97,0.43,0.46,2021-05-20,1055,N,VIIRS,n,2,289.44,10.45,D,0
38.03839,23.1332,341.98,0.43,0.46,2021-05-20,1055,N,VIIRS,n,2,293.46,5.05,D,0
38.03741,23.12873,337.5,0.43,0.46,2021-05-20,1055,N,VIIRS,n,2,292.47,5.05,D,0
38.03544,23.1198,337.15,0.43,0.46,2021-05-20,1055,N,VIIRS,n,2,296.25,5.45,D,0
38.03446,23.11535,353.85,0.43,0.46,2021-05-20,1055,N,VIIRS,n,2,296.39,8.52,D,0
38.04797,23.17678,356.58,0.43,0.46,2021-05-20,1055,N,VIIRS,l,2,270.92,16.43,D,0
38.05098,23.17033,351.99,0.43,0.46,2021-05-20,1055,N,VIIRS,n,2,266.36,12.13,D,0
38.03304,23.08866,344.79,0.44,0.46,2021-05-20,1055,N,VIIRS,n,2,295.98,10.09,D,0
38.03191,23.08357,337.97,0.44,0.46,2021-05-20,1055,N,VIIRS,n,2,293.76,5.45,D,0
38.05399,23.16384,351.92,0.43,0.46,2021-05-20,1055,N,VIIRS,n,2,272.31,8.64,D,0
38.03081,23.05831,351.18,0.44,0.46,2021-05-20,1055,N,VIIRS,n,2,283.77,7.61,D,0
38.05507,23.1485,343.38,0.43,0.46,2021-05-20,1055,N,VIIRS,n,2,296.52,4.1,D,0
38.0347,23.05572,355.85,0.44,0.46,2021-05-20,1055,N,VIIRS,n,2,293.15,24.67,D,0
38.05713,23.13766,339.56,0.43,0.46,2021-05-20,1055,N,VIIRS,n,2,299.06,10.43,D,0
38.04239,23.05009,326.46,0.44,0.46,2021-05-20,1055,N,VIIRS,n,2,292.44,4.06,D,0
38.37194,23.16305,355.54,0.42,0.46,2021-05-20,1055,N,VIIRS,n,2,324.71,61.89,D,0
38.37708,23.16636,341.59,0.42,0.46,2021-05-20,1055,N,VIIRS,n,2,303.77,42.04,D,0
38.37495,23.15664,356.02,0.43,0.46,2021-05-20,1055,N,VIIRS,n,2,323.51,61.89,D,0
38.37389,23.15181,341.31,0.43,0.46,2021-05-20,1055,N,VIIRS,l,2,314.94,22.11,D,0
38.37599,23.16142,367,0.42,0.46,2021-05-20,1055,N,VIIRS,l,2,331.21,61.89,D,0
38.38005,23.15983,329.66,0.42,0.46,2021-05-20,1055,N,VIIRS,l,2,303.38,3.59,D,0
38.37899,23.15501,333.49,0.43,0.46,2021-05-20,1055,N,VIIRS,l,2,307.54,3.59,D,0
40.71429,22.61206,325.77,0.4,0.44,2021-05-20,1056,N,VIIRS,l,2,300.23,1.32,D,0
39.38631,22.80732,296,0.7,0.75,2021-05-20,2314,N,VIIRS,n,2,283.36,0.63,N,2
38.04875,23.22009,341.03,0.65,0.73,2021-05-20,2315,N,VIIRS,n,2,288.24,5.45,N,0
38.0491,23.20235,311.36,0.66,0.73,2021-05-20,2315,N,VIIRS,n,2,286.73,11.84,N,0
38.04221,23.20321,298.85,0.66,0.73,2021-05-20,2315,N,VIIRS,n,2,285.79,2.56,N,0
38.04205,23.21163,306.35,0.66,0.73,2021-05-20,2315,N,VIIRS,n,2,286.33,2.19,N,0
38.04188,23.22068,302.7,0.65,0.73,2021-05-20,2315,N,VIIRS,n,2,285.73,2.19,N,0
38.0417,23.22991,310.61,0.65,0.73,2021-05-20,2315,N,VIIRS,n,2,285.29,3.44,N,0
38.04141,23.24503,307.44,0.65,0.73,2021-05-20,2315,N,VIIRS,n,2,285.34,1.29,N,0
38.03633,23.15082,299.11,0.66,0.73,2021-05-20,2315,N,VIIRS,n,2,282.72,1.37,N,0
38.03443,23.25179,295.28,0.65,0.73,2021-05-20,2315,N,VIIRS,n,2,284.04,1.29,N,0
38.03065,23.0826,296.85,0.67,0.73,2021-05-20,2315,N,VIIRS,n,2,281.32,0.7,N,0
38.02956,23.1445,298.64,0.66,0.73,2021-05-20,2315,N,VIIRS,n,2,280.65,2.46,N,0
38.02945,23.15052,297.17,0.66,0.73,2021-05-20,2315,N,VIIRS,n,2,281.02,2.05,N,0
38.02936,23.15593,316.11,0.66,0.73,2021-05-20,2315,N,VIIRS,n,2,283.04,2.05,N,0
38.02926,23.16094,298.24,0.66,0.73,2021-05-20,2315,N,VIIRS,n,2,282.89,1.23,N,0
38.02772,23.24456,304.37,0.65,0.73,2021-05-20,2315,N,VIIRS,n,2,284.62,3.22,N,0
38.02703,23.28047,301.77,0.65,0.73,2021-05-20,2315,N,VIIRS,n,2,284.93,5.94,N,0
38.02073,23.25178,331.47,0.65,0.73,2021-05-20,2315,N,VIIRS,n,2,285.66,3.22,N,0
38.0202,23.28022,349.75,0.65,0.73,2021-05-20,2315,N,VIIRS,n,2,287.38,5.94,N,0
38.02007,23.28735,330.78,0.65,0.73,2021-05-20,2315,N,VIIRS,n,2,285.56,9.16,N,0
38.02253,23.15295,310.15,0.66,0.73,2021-05-20,2315,N,VIIRS,n,2,280.58,2.05,N,0
38.02242,23.1591,305.58,0.66,0.73,2021-05-20,2315,N,VIIRS,n,2,280.77,2.05,N,0
38.02232,23.16489,300.34,0.66,0.73,2021-05-20,2315,N,VIIRS,n,2,281.89,1.23,N,0
38.02086,23.24471,307.7,0.65,0.73,2021-05-20,2315,N,VIIRS,n,2,284.08,3.22,N,0
38.02033,23.273,302.99,0.65,0.73,2021-05-20,2315,N,VIIRS,n,2,285.03,5.94,N,0
38.01459,23.213,296.3,0.66,0.73,2021-05-20,2315,N,VIIRS,n,2,283.15,1.83,N,0
38.0076,23.22053,298.69,0.66,0.73,2021-05-20,2315,N,VIIRS,n,2,282.88,1.67,N,0
38.05582,23.19857,367,0.66,0.73,2021-05-20,2315,N,VIIRS,h,2,289.86,8.32,N,0
38.05605,23.18225,300.15,0.66,0.73,2021-05-20,2315,N,VIIRS,n,2,285.67,7.27,N,0
38.05594,23.19012,317.28,0.66,0.73,2021-05-20,2315,N,VIIRS,n,2,286.12,7.27,N,0
38.05569,23.2072,307.07,0.66,0.73,2021-05-20,2315,N,VIIRS,n,2,285.92,8.32,N,0
38.05557,23.21617,304.43,0.66,0.73,2021-05-20,2315,N,VIIRS,n,2,285.28,2.58,N,0
38.0638,23.15298,300.18,0.66,0.73,2021-05-20,2315,N,VIIRS,n,2,285.36,2.47,N,0
38.06364,23.16116,297.5,0.66,0.73,2021-05-20,2315,N,VIIRS,n,2,285.05,1.9,N,0
38.05595,23.20262,346.32,0.66,0.73,2021-05-20,2315,N,VIIRS,n,2,287.07,11.84,N,0
38.00722,23.21891,300.63,0.65,0.73,2021-05-20,2315,N,VIIRS,n,2,282.96,1.45,N,0
38.00707,23.22515,297.13,0.65,0.73,2021-05-20,2315,N,VIIRS,n,2,283.64,0.99,N,0
38.05643,23.17821,297.52,0.66,0.73,2021-05-20,2315,N,VIIRS,n,2,285.27,4.86,N,0
38.06349,23.16903,307.97,0.66,0.73,2021-05-20,2315,N,VIIRS,n,2,286.03,1.9,N,0
38.06332,23.17737,310.55,0.66,0.73,2021-05-20,2315,N,VIIRS,n,2,285.83,1.6,N,0
38.06361,23.13435,299.63,0.66,0.73,2021-05-20,2315,N,VIIRS,n,2,284.93,2.75,N,0
38.0634,23.14925,297.63,0.66,0.73,2021-05-20,2315,N,VIIRS,n,2,285.55,1.76,N,0
38.1318,23.5257,295.46,0.63,0.72,2021-05-20,2315,N,VIIRS,n,2,284.48,0.53,N,2
38.06328,23.15723,298.64,0.66,0.73,2021-05-20,2315,N,VIIRS,n,2,285.16,1.76,N,0
38.06316,23.18572,299.2,0.66,0.73,2021-05-20,2315,N,VIIRS,n,2,285.25,1.6,N,0
38.05612,23.1942,355.72,0.66,0.73,2021-05-20,2315,N,VIIRS,n,2,288.42,11.84,N,0
38.05628,23.18595,304.29,0.66,0.73,2021-05-20,2315,N,VIIRS,n,2,285.91,4.86,N,0
38.05578,23.21153,303.55,0.66,0.73,2021-05-20,2315,N,VIIRS,n,2,285.78,5.45,N,0
38.04892,23.21112,324.73,0.66,0.73,2021-05-20,2315,N,VIIRS,n,2,288.07,5.45,N,0
38.06316,23.16545,300.99,0.66,0.73,2021-05-20,2315,N,VIIRS,n,2,285.44,3.06,N,0
38.06293,23.18179,304.12,0.66,0.73,2021-05-20,2315,N,VIIRS,n,2,285.19,7.27,N,0
38.06305,23.17339,312.02,0.66,0.73,2021-05-20,2315,N,VIIRS,n,2,286.18,3.06,N,0
38.06267,23.1996,298.5,0.66,0.73,2021-05-20,2315,N,VIIRS,n,2,284.52,8.32,N,0
38.06573,23.13225,302.33,0.53,0.5,2021-05-21,0055,N,VIIRS,n,2,286.98,1.89,N,3
38.01868,23.24672,297.83,0.54,0.51,2021-05-21,0055,N,VIIRS,n,2,284.57,2.98,N,0
38.02323,23.22773,309.47,0.54,0.51,2021-05-21,0055,N,VIIRS,n,2,284.42,1.23,N,0
38.01718,23.2736,312.68,0.54,0.51,2021-05-21,0055,N,VIIRS,n,2,285.56,1.73,N,0
38.02163,23.25503,304.41,0.54,0.51,2021-05-21,0055,N,VIIRS,n,2,285.29,1.46,N,0
38.02313,23.24879,327.8,0.54,0.51,2021-05-21,0055,N,VIIRS,n,2,286.63,2.98,N,0
38.02014,23.2819,301.98,0.54,0.51,2021-05-21,0055,N,VIIRS,n,2,286.62,2.67,N,0
38.02163,23.2757,337.98,0.54,0.51,2021-05-21,0055,N,VIIRS,n,2,288.88,5.81,N,0
38.03933,23.22237,300.24,0.54,0.51,2021-05-21,0055,N,VIIRS,n,2,285.17,1.27,N,0
38.04065,23.21686,300.11,0.54,0.51,2021-05-21,0055,N,VIIRS,n,2,285.27,1.38,N,0
38.04197,23.21129,303.29,0.54,0.51,2021-05-21,0055,N,VIIRS,n,2,285.96,1.38,N,0
38.04332,23.20567,301.81,0.54,0.51,2021-05-21,0055,N,VIIRS,n,2,285.59,1.26,N,0
38.04469,23.19992,298.82,0.54,0.51,2021-05-21,0055,N,VIIRS,n,2,285.8,1.26,N,0
38.06023,23.13471,300.29,0.53,0.5,2021-05-21,0055,N,VIIRS,n,2,285.59,2.88,N,0
38.06291,23.12346,310.29,0.53,0.5,2021-05-21,0055,N,VIIRS,n,2,286.97,3.18,N,3
38.06159,23.12899,328.2,0.53,0.5,2021-05-21,0055,N,VIIRS,n,2,287.71,2.88,N,0
38.03812,23.24811,298.14,0.54,0.51,2021-05-21,0055,N,VIIRS,n,2,284.89,0.58,N,0
38.0396,23.24189,296.34,0.54,0.51,2021-05-21,0055,N,VIIRS,n,2,284.58,1.64,N,0
38.04381,23.22427,303.22,0.54,0.51,2021-05-21,0055,N,VIIRS,n,2,285.56,7.36,N,0
38.0451,23.21884,300.11,0.54,0.51,2021-05-21,0055,N,VIIRS,n,2,285.71,3.7,N,0
38.04644,23.21324,305.34,0.54,0.51,2021-05-21,0055,N,VIIRS,n,2,286.07,3.7,N,0
38.05367,23.20362,311.12,0.54,0.51,2021-05-21,0055,N,VIIRS,n,2,286.53,1.77,N,0
38.05505,23.19782,312.69,0.54,0.51,2021-05-21,0055,N,VIIRS,n,2,286.85,1.68,N,0
38.05643,23.19201,304.47,0.54,0.51,2021-05-21,0055,N,VIIRS,n,2,286.32,1.68,N,0
38.0578,23.18624,304.07,0.54,0.5,2021-05-21,0055,N,VIIRS,n,2,286.1,1.3,N,0
38.05921,23.18031,298.41,0.54,0.5,2021-05-21,0055,N,VIIRS,n,2,285.99,1.3,N,0
38.06469,23.15729,299.8,0.53,0.5,2021-05-21,0055,N,VIIRS,n,2,286.21,1.98,N,0
38.06606,23.15154,311.03,0.53,0.5,2021-05-21,0055,N,VIIRS,n,2,287.17,2.99,N,0
38.047,23.23159,350.27,0.54,0.51,2021-05-21,0055,N,VIIRS,n,2,289.68,7.36,N,0
38.04832,23.22605,347.46,0.54,0.51,2021-05-21,0055,N,VIIRS,n,2,290.87,7.36,N,0
38.04962,23.22059,336.04,0.54,0.51,2021-05-21,0055,N,VIIRS,n,2,289.21,3.7,N,0
38.05098,23.21491,331.37,0.54,0.51,2021-05-21,0055,N,VIIRS,n,2,288.48,3.7,N,0
38.05687,23.21084,301.43,0.54,0.51,2021-05-21,0055,N,VIIRS,n,2,285.62,2.6,N,0
38.06232,23.18797,302.92,0.54,0.5,2021-05-21,0055,N,VIIRS,n,2,286.38,1.82,N,0
38.06502,23.17659,308.09,0.53,0.5,2021-05-21,0055,N,VIIRS,n,2,286.58,1.15,N,0
38.06636,23.17091,304.59,0.53,0.5,2021-05-21,0055,N,VIIRS,n,2,287.09,1.15,N,0
38.06775,23.16508,314.11,0.53,0.5,2021-05-21,0055,N,VIIRS,n,2,287.09,1.33,N,0
38.06913,23.15925,298.82,0.53,0.5,2021-05-21,0055,N,VIIRS,n,2,286.68,1.33,N,0
38.05824,23.20511,331.06,0.54,0.51,2021-05-21,0055,N,VIIRS,n,2,288.29,2.6,N,0
38.05962,23.19931,327.36,0.54,0.51,2021-05-21,0055,N,VIIRS,n,2,287.99,5.94,N,0
38.12879,23.525,296.67,0.55,0.51,2021-05-21,0055,N,VIIRS,n,2,286.34,0.7,N,2
39.3866,22.80918,300.1,0.48,0.48,2021-05-21,0055,N,VIIRS,n,2,285.39,0.74,N,2
40.28528,23.44369,298.01,0.49,0.48,2021-05-21,0055,N,VIIRS,n,2,284.1,0.53,N,2
38.04779,23.20757,309.6,0.54,0.51,2021-05-21,0055,N,VIIRS,n,2,286.27,1.77,N,0
38.04916,23.20185,305.72,0.54,0.51,2021-05-21,0055,N,VIIRS,n,2,285.76,1.77,N,0
38.05054,23.19608,301.2,0.54,0.51,2021-05-21,0055,N,VIIRS,n,2,285.97,1.68,N,0
38.05232,23.20926,307.15,0.54,0.51,2021-05-21,0055,N,VIIRS,n,2,286.74,1.77,N,0
38.00313,23.20865,295.43,0.54,0.51,2021-05-21,0055,N,VIIRS,n,2,281.96,0.25,N,0
38.01951,23.16109,298.27,0.54,0.5,2021-05-21,0055,N,VIIRS,n,2,279.35,2.62,N,0
38.00861,23.22689,295.3,0.54,0.51,2021-05-21,0055,N,VIIRS,n,2,283.57,0.75,N,0
38.00587,23.21779,296.9,0.54,0.51,2021-05-21,0055,N,VIIRS,n,2,282.68,0.75,N,0
38.03891,23.12739,333.51,0.38,0.59,2021-05-21,1036,N,VIIRS,n,2,294.8,3.03,D,0
38.05218,23.2213,330.9,0.38,0.58,2021-05-21,1036,N,VIIRS,n,2,296.55,4.05,D,0
38.03409,23.15288,327.85,0.38,0.59,2021-05-21,1036,N,VIIRS,n,2,291.47,1.4,D,0
38.05859,23.22378,332.17,0.38,0.58,2021-05-21,1036,N,VIIRS,n,2,294.64,4.21,D,0
38.05735,23.21908,345.69,0.38,0.58,2021-05-21,1036,N,VIIRS,n,2,296.7,5.58,D,0
38.00298,23.20965,330.93,0.38,0.59,2021-05-21,1036,N,VIIRS,n,2,295.85,1.54,D,0
38.01948,23.16318,367,0.38,0.59,2021-05-21,1036,N,VIIRS,h,2,301.22,13.08,D,0
38.05616,23.21454,347.64,0.38,0.58,2021-05-21,1036,N,VIIRS,n,2,298.99,5.58,D,0
38.01842,23.1592,343.06,0.38,0.59,2021-05-21,1036,N,VIIRS,n,2,291.51,13.08,D,0
38.04953,23.23307,341.31,0.37,0.58,2021-05-21,1036,N,VIIRS,n,2,295.92,6.19,D,0
38.05462,23.23054,367,0.37,0.58,2021-05-21,1036,N,VIIRS,h,2,296.1,6.19,D,0
38.05339,23.22588,367,0.38,0.58,2021-05-21,1036,N,VIIRS,h,2,298.37,6.19,D,0
38.05897,23.20338,331.89,0.38,0.58,2021-05-21,1036,N,VIIRS,n,2,296.2,6.22,D,0
38.03798,23.12387,328.64,0.38,0.59,2021-05-21,1036,N,VIIRS,n,2,293.49,2.15,D,0
38.0542,23.225,367,0.46,0.64,2021-05-21,1217,N,VIIRS,h,2,300.91,15.86,D,0
38.05398,23.22008,329.46,0.46,0.64,2021-05-21,1217,N,VIIRS,n,2,294.82,6.95,D,0
38.06013,23.22423,367,0.46,0.64,2021-05-21,1217,N,VIIRS,h,2,294.41,15.53,D,0
38.05993,23.2195,356.49,0.46,0.64,2021-05-21,1217,N,VIIRS,n,2,295.23,12.27,D,0
38.05886,23.19444,340.8,0.46,0.64,2021-05-21,1217,N,VIIRS,n,2,297.62,3.71,D,0
38.05439,23.22979,367,0.46,0.64,2021-05-21,1217,N,VIIRS,h,2,296.57,15.86,D,0
38.3747,24.06448,295.52,0.51,0.41,2021-05-22,0036,N,VIIRS,n,2,285.27,0.49,N,2
38.56463,23.29653,298.03,0.48,0.4,2021-05-22,0036,N,VIIRS,n,2,286.45,0.62,N,2
39.16714,22.84358,296.6,0.45,0.39,2021-05-22,0036,N,VIIRS,n,2,284.36,0.57,N,2
39.35224,22.98681,299.52,0.45,0.39,2021-05-22,0036,N,VIIRS,n,2,287.41,0.55,N,2
39.35577,22.98785,298.36,0.45,0.39,2021-05-22,0036,N,VIIRS,n,2,287.42,0.54,N,2
39.38614,22.80704,311.28,0.45,0.39,2021-05-22,0036,N,VIIRS,n,2,285.85,1.29,N,2
39.35474,22.98434,306.07,0.45,0.39,2021-05-22,0036,N,VIIRS,n,2,288.68,1.25,N,2
40.28559,23.44397,298.98,0.45,0.39,2021-05-22,0036,N,VIIRS,n,2,286.02,0.51,N,2
40.76358,24.01032,322.66,0.47,0.4,2021-05-22,0036,N,VIIRS,n,2,283.93,1.38,N,0
38.1293,23.52736,305.85,0.49,0.41,2021-05-22,0036,N,VIIRS,n,2,285.36,1.24,N,2
38.37234,24.06285,303.54,0.51,0.41,2021-05-22,0036,N,VIIRS,n,2,285.51,0.96,N,2
38.03689,23.14725,308.1,0.48,0.4,2021-05-22,0037,N,VIIRS,n,2,285.19,1.31,N,0
37.91845,23.07261,303.06,0.48,0.4,2021-05-22,0037,N,VIIRS,n,2,290.62,1.28,N,2
38.03211,23.13276,300.22,0.48,0.4,2021-05-22,0037,N,VIIRS,n,2,282.75,0.72,N,0
38.05576,23.20714,297.42,0.48,0.4,2021-05-22,0037,N,VIIRS,n,2,285.99,0.4,N,0
38.05939,23.20819,298.13,0.48,0.4,2021-05-22,0037,N,VIIRS,n,2,285.3,0.98,N,0
38.06404,23.20402,305.64,0.48,0.4,2021-05-22,0037,N,VIIRS,n,2,286.6,0.98,N,0
38.06508,23.19875,308.36,0.48,0.4,2021-05-22,0037,N,VIIRS,n,2,287.45,2.11,N,0
40.28511,21.45033,329.92,0.68,0.74,2021-05-22,1018,N,VIIRS,n,2,289.6,2.67,D,0
40.49944,21.01317,325.54,0.7,0.75,2021-05-22,1019,N,VIIRS,n,2,288.02,2.9,D,0
38.02922,23.08389,330.29,0.5,0.49,2021-05-22,1158,N,VIIRS,n,2,301.5,3.69,D,0
37.38877,24.40397,342.95,0.58,0.52,2021-05-22,1158,N,VIIRS,l,2,314.84,87.35,D,0
39.16795,22.83982,295.43,0.39,0.36,2021-05-23,0017,N,VIIRS,n,2,285.01,0.8,N,2
39.16728,22.84429,304.74,0.39,0.36,2021-05-23,0017,N,VIIRS,n,2,285.68,1.22,N,2
40.28471,23.44399,302.59,0.39,0.36,2021-05-23,0017,N,VIIRS,n,2,286.27,0.71,N,2
38.12932,23.52624,312.19,0.38,0.36,2021-05-23,0018,N,VIIRS,n,2,286.66,1.2,N,2
38.37333,24.06353,303.83,0.39,0.36,2021-05-23,0018,N,VIIRS,n,2,288.01,0.61,N,2
37.91821,23.07273,305.53,0.38,0.36,2021-05-23,0018,N,VIIRS,n,2,292.85,1.34,N,2
37.5201,22.15308,367,0.42,0.37,2021-05-23,1139,N,VIIRS,h,2,341.91,43.13,D,0
37.5207,22.15771,367,0.42,0.37,2021-05-23,1139,N,VIIRS,l,2,329.92,83.99,D,0
37.52354,22.15235,339.51,0.42,0.37,2021-05-23,1139,N,VIIRS,n,2,308.96,43.13,D,0
36.95417,22.56002,344.42,0.42,0.38,2021-05-23,1139,N,VIIRS,n,2,311.3,7.49,D,0
40.28321,23.44618,300.22,0.53,0.42,2021-05-23,2358,N,VIIRS,n,2,287.28,0.64,N,2
39.16633,22.84694,301.09,0.54,0.42,2021-05-23,2359,N,VIIRS,n,2,287.45,1.05,N,2
37.52343,22.15616,302.6,0.56,0.43,2021-05-23,2359,N,VIIRS,n,2,288.19,1.7,N,0
37.52499,22.15629,308.76,0.56,0.43,2021-05-23,2359,N,VIIRS,n,2,289.36,1.36,N,0
38.12908,23.52725,304.24,0.5,0.41,2021-05-23,2359,N,VIIRS,n,2,289.35,0.7,N,2
38.37489,24.06388,304.88,0.47,0.4,2021-05-23,2359,N,VIIRS,n,2,290.44,0.5,N,2
38.37386,24.05983,305.25,0.47,0.4,2021-05-23,2359,N,VIIRS,n,2,290.34,0.83,N,2
37.61344,24.29088,347.32,0.38,0.36,2021-05-24,1120,N,VIIRS,n,2,319.42,31.66,D,0
41.09909,24.82629,341.53,0.4,0.37,2021-05-24,1121,N,VIIRS,n,2,303.37,3.12,D,0
40.28406,23.4462,299.37,0.61,0.53,2021-05-24,2339,N,VIIRS,n,2,288.08,0.65,N,2
38.56362,23.29282,313.05,0.59,0.53,2021-05-24,2340,N,VIIRS,n,2,289.82,1.87,N,2
38.56856,23.29314,318.43,0.59,0.53,2021-05-24,2340,N,VIIRS,n,2,289.42,1.87,N,3
38.12727,23.52387,298.41,0.57,0.52,2021-05-24,2340,N,VIIRS,n,2,288.1,1.05,N,2
37.60326,24.29276,319.27,0.51,0.5,2021-05-24,2340,N,VIIRS,n,2,291.74,2.51,N,0
38.13088,23.52445,302.49,0.57,0.52,2021-05-24,2340,N,VIIRS,n,2,290.51,0.79,N,2
38.56713,23.29368,326.89,0.59,0.53,2021-05-24,2340,N,VIIRS,n,2,290.06,4.14,N,3
38.37169,24.06013,299.39,0.61,0.71,2021-05-25,0120,N,VIIRS,n,2,288.1,1.22,N,2
38.37189,24.06151,299.55,0.61,0.71,2021-05-25,0120,N,VIIRS,n,2,288.22,1.16,N,2
39.1659,22.84452,299.97,0.5,0.66,2021-05-25,0120,N,VIIRS,n,2,285.97,0.82,N,2
39.16909,22.84398,297.07,0.57,0.69,2021-05-25,2321,N,VIIRS,n,2,286.98,0.85,N,2
38.37408,24.06097,299.81,0.49,0.65,2021-05-25,2321,N,VIIRS,n,2,289.18,0.79,N,2
38.13127,23.52312,300.19,0.52,0.67,2021-05-25,2321,N,VIIRS,n,2,289.29,0.75,N,2
38.37163,24.05958,300.53,0.35,0.57,2021-05-26,0101,N,VIIRS,n,2,288.88,0.87,N,2
39.35519,22.98279,303.1,0.59,0.53,2021-05-26,0101,N,VIIRS,n,2,290.64,0.78,N,2
40.28351,23.44402,300.17,0.52,0.42,2021-05-27,0042,N,VIIRS,n,2,288.2,0.76,N,2
39.38512,22.80615,298.35,0.51,0.41,2021-05-27,0042,N,VIIRS,n,2,286.98,0.89,N,2
38.37297,24.05989,308.62,0.4,0.45,2021-05-27,0043,N,VIIRS,n,2,291.25,0.89,N,2
39.16865,22.84443,298.67,0.52,0.41,2021-05-27,0043,N,VIIRS,n,2,288.36,1.27,N,2
40.28356,23.44317,309.72,0.39,0.36,2021-05-28,0023,N,VIIRS,n,2,288.09,0.62,N,2
40.70491,22.81399,299.68,0.38,0.36,2021-05-28,0023,N,VIIRS,n,2,288.64,0.58,N,2
38.37551,24.06237,300.63,0.4,0.37,2021-05-28,0024,N,VIIRS,n,2,289.29,0.53,N,3
38.56324,23.29363,300.92,0.39,0.36,2021-05-28,0024,N,VIIRS,n,2,290.55,0.71,N,2
39.35383,22.9832,306.88,0.39,0.36,2021-05-28,0024,N,VIIRS,n,2,290.16,0.68,N,2
39.3859,22.80664,304.47,0.39,0.36,2021-05-28,0024,N,VIIRS,n,2,289.23,0.73,N,2
38.12717,23.52638,304.48,0.4,0.37,2021-05-28,0024,N,VIIRS,n,2,288.8,0.88,N,2
38.33443,21.84667,300.73,0.38,0.36,2021-05-28,0024,N,VIIRS,n,2,290.68,0.56,N,0
37.91829,23.07237,304.49,0.39,0.36,2021-05-28,0024,N,VIIRS,n,2,293.24,0.99,N,2
38.1305,23.52729,304.36,0.4,0.37,2021-05-28,0024,N,VIIRS,n,2,290.24,0.72,N,2
38.37218,24.06135,300.13,0.4,0.37,2021-05-28,0024,N,VIIRS,n,2,288.53,0.53,N,2
37.90603,22.94363,337.62,0.51,0.41,2021-05-28,1145,N,VIIRS,n,2,309.78,4.15,D,0
39.3544,22.98358,302.29,0.46,0.39,2021-05-29,0005,N,VIIRS,n,2,290.33,0.64,N,2
40.28377,23.4462,303.41,0.46,0.39,2021-05-29,0005,N,VIIRS,n,2,288.11,0.74,N,2
38.37377,24.0599,307.94,0.42,0.38,2021-05-29,0005,N,VIIRS,n,2,289.99,0.85,N,2
38.56667,23.2951,330.11,0.44,0.39,2021-05-29,0005,N,VIIRS,n,2,291.81,3.44,N,3
38.13103,23.52761,301.56,0.43,0.38,2021-05-29,0005,N,VIIRS,n,2,291.3,0.51,N,2
38.12755,23.52677,306.72,0.43,0.38,2021-05-29,0005,N,VIIRS,n,2,289.6,0.51,N,2
36.79891,27.15673,318.11,0.39,0.36,2021-05-29,0005,N,VIIRS,n,2,290.41,1.3,N,0
39.16769,22.84268,317.22,0.47,0.39,2021-05-29,0005,N,VIIRS,n,2,289.08,0.94,N,2
39.17133,22.8434,300.94,0.47,0.39,2021-05-29,0005,N,VIIRS,n,2,289.21,0.94,N,3
38.31538,23.62251,337.83,0.39,0.36,2021-05-29,1127,N,VIIRS,n,2,306.03,3.56,D,0
39.3866,22.76686,337.54,0.39,0.36,2021-05-29,1127,N,VIIRS,n,2,305.86,0.77,D,0
41.55479,26.30334,336.02,0.49,0.4,2021-05-29,1127,N,VIIRS,n,2,297.82,4.14,D,0
39.16832,22.84383,298.4,0.52,0.5,2021-05-29,2346,N,VIIRS,n,2,286.03,2.46,N,2
38.13148,23.52331,298.04,0.47,0.48,2021-05-29,2346,N,VIIRS,n,2,281.34,1.05,N,2
38.12799,23.52539,298.05,0.42,0.61,2021-05-30,2327,N,VIIRS,n,2,283.4,0.69,N,2
38.3734,24.06376,295.07,0.4,0.6,2021-05-30,2327,N,VIIRS,n,2,282.32,0.69,N,2
38.57012,23.29125,311.75,0.79,0.78,2021-05-31,2308,N,VIIRS,n,2,282.51,3.16,N,3
38.56355,23.29932,310.46,0.79,0.78,2021-05-31,2308,N,VIIRS,n,2,281.13,2.73,N,0
38.56363,23.28748,297.64,0.79,0.78,2021-05-31,2308,N,VIIRS,n,2,280.91,2.73,N,0
38.56275,23.29195,306.1,0.79,0.78,2021-05-31,2308,N,VIIRS,n,2,281.38,3.16,N,2
38.37246,24.06267,301.8,0.49,0.48,2021-06-01,0049,N,VIIRS,n,2,285.71,1.07,N,2
38.4608,21.29775,329.15,0.53,0.42,2021-06-01,0049,N,VIIRS,n,2,285.73,3.47,N,0
39.38686,22.80656,316.15,0.4,0.44,2021-06-01,0049,N,VIIRS,n,2,285.15,1.47,N,2
38.56337,23.2937,305.29,0.44,0.46,2021-06-01,0049,N,VIIRS,n,2,286.87,1.04,N,2
39.35635,22.98447,298.52,0.41,0.45,2021-06-01,0049,N,VIIRS,n,2,285.95,1.23,N,2
38.56551,23.29208,306.37,0.44,0.46,2021-06-01,0049,N,VIIRS,n,2,288.01,1.57,N,2
38.56821,23.29499,339.58,0.43,0.62,2021-06-01,1030,N,VIIRS,n,2,293.48,3.03,D,3
38.90907,20.78111,329.89,0.56,0.69,2021-06-01,1031,N,VIIRS,n,2,291.15,4.22,D,3
37.57148,24.28031,330.74,0.43,0.62,2021-06-01,1210,N,VIIRS,n,2,297.93,1.82,D,0
39.03772,20.98418,333.18,0.59,0.53,2021-06-01,1211,N,VIIRS,n,2,296.76,5.71,D,0
37.91722,23.07199,301.74,0.42,0.38,2021-06-02,0030,N,VIIRS,n,2,290.66,1.23,N,2
38.12857,23.52713,312.63,0.43,0.38,2021-06-02,0030,N,VIIRS,n,2,287.12,1.53,N,2
38.37207,24.06283,303.64,0.45,0.39,2021-06-02,0030,N,VIIRS,n,2,285.82,0.84,N,2
38.56612,23.29455,298.38,0.42,0.38,2021-06-02,0030,N,VIIRS,n,2,288.02,0.95,N,2
39.16649,22.84262,297.12,0.41,0.37,2021-06-02,0030,N,VIIRS,n,2,283.13,0.64,N,2
39.35391,22.98273,300.72,0.41,0.37,2021-06-02,0030,N,VIIRS,n,2,285.23,0.88,N,2
39.38826,22.80679,298.57,0.4,0.37,2021-06-02,0030,N,VIIRS,n,2,282.95,0.98,N,2
39.38773,22.80941,299.86,0.4,0.37,2021-06-02,0030,N,VIIRS,n,2,282.24,0.43,N,2
40.28527,23.44306,300.15,0.41,0.37,2021-06-02,0030,N,VIIRS,n,2,285.11,0.55,N,2
37.91856,23.07457,302.29,0.42,0.38,2021-06-02,0030,N,VIIRS,n,2,290.99,0.79,N,2
40.70648,22.81547,305.3,0.4,0.37,2021-06-02,0030,N,VIIRS,n,2,285.51,0.73,N,2
40.70061,22.95017,296.28,0.4,0.37,2021-06-02,0030,N,VIIRS,n,2,284.7,0.45,N,0
36.95531,27.01736,315.42,0.42,0.45,2021-06-02,0030,N,VIIRS,n,2,287.14,1.32,N,0
38.07421,23.32083,341.9,0.43,0.46,2021-06-02,1152,N,VIIRS,n,2,305.72,9.04,D,0
38.07072,23.32006,336.15,0.43,0.46,2021-06-02,1152,N,VIIRS,l,2,307.5,3.48,D,0
38.07379,23.31617,348.96,0.43,0.46,2021-06-02,1152,N,VIIRS,n,2,309.81,9.17,D,0
38.37366,24.06062,306.76,0.39,0.36,2021-06-03,0011,N,VIIRS,n,2,287.31,0.82,N,2
38.56748,23.29595,317.4,0.4,0.37,2021-06-03,0011,N,VIIRS,n,2,288.46,1.94,N,3
38.5641,23.29524,313.41,0.4,0.37,2021-06-03,0011,N,VIIRS,n,2,288.39,1.94,N,2
39.35593,22.9862,298.8,0.41,0.37,2021-06-03,0011,N,VIIRS,n,2,288.08,0.6,N,2
40.28342,23.44426,299.94,0.41,0.37,2021-06-03,0011,N,VIIRS,n,2,286.14,0.44,N,2
40.70524,22.81579,302.93,0.43,0.38,2021-06-03,0011,N,VIIRS,n,2,286.86,0.84,N,2
39.16993,22.84173,310.74,0.42,0.37,2021-06-03,0011,N,VIIRS,n,2,285.35,1.45,N,2
38.13002,23.52489,315.06,0.4,0.37,2021-06-03,0012,N,VIIRS,n,2,288.07,1.68,N,2
37.91857,23.07367,302.88,0.4,0.37,2021-06-03,0012,N,VIIRS,n,2,290.83,1,N,2
39.77365,22.36857,339.17,0.4,0.37,2021-06-03,1133,N,VIIRS,l,2,311.2,7.2,D,0
40.06544,21.41149,337.85,0.39,0.36,2021-06-03,1133,N,VIIRS,n,2,305.61,2.1,D,0
40.76105,22.45617,335.14,0.41,0.37,2021-06-03,1134,N,VIIRS,l,2,307.43,3.82,D,0
40.70536,22.81569,297.89,0.45,0.47,2021-06-03,2352,N,VIIRS,n,2,287.38,0.75,N,2
38.56657,23.2921,303.21,0.4,0.45,2021-06-03,2353,N,VIIRS,n,2,290.52,1.32,N,2
38.5661,23.29701,310.94,0.4,0.45,2021-06-03,2353,N,VIIRS,n,2,288.53,1.32,N,2
38.37415,24.06281,300.88,0.55,0.43,2021-06-03,2353,N,VIIRS,n,2,287.92,1.09,N,2
38.12952,23.52514,311.92,0.39,0.44,2021-06-03,2353,N,VIIRS,n,2,287.57,1.79,N,2
38.03627,23.59189,300.61,0.39,0.44,2021-06-03,2353,N,VIIRS,n,2,289.98,0.88,N,0
37.91739,23.0725,302.49,0.41,0.45,2021-06-03,2353,N,VIIRS,n,2,290.9,1.1,N,2
37.146,24.50803,323.07,0.51,0.41,2021-06-03,2353,N,VIIRS,n,2,287.77,2.23,N,0
38.59694,21.25996,339.11,0.47,0.4,2021-06-04,1114,N,VIIRS,n,2,302.68,4.07,D,0
40.28596,23.44568,300.55,0.37,0.58,2021-06-04,2333,N,VIIRS,n,2,286.25,0.41,N,2
39.16582,22.84572,297.74,0.39,0.59,2021-06-04,2333,N,VIIRS,n,2,285.56,0.69,N,2
38.13158,23.52463,307.51,0.35,0.57,2021-06-04,2334,N,VIIRS,n,2,286.78,1.01,N,2
38.03747,23.59257,299.73,0.34,0.56,2021-06-04,2334,N,VIIRS,n,2,288.35,0.39,N,0
40.28321,23.44441,305.77,0.42,0.61,2021-06-05,0113,N,VIIRS,n,2,285.87,1.14,N,2
40.28712,23.44501,297.27,0.42,0.61,2021-06-05,0114,N,VIIRS,n,2,285.28,0.42,N,2
40.28167,23.44263,296.3,0.42,0.61,2021-06-05,0114,N,VIIRS,n,2,284.45,0.42,N,2
38.37295,24.05964,302.05,0.51,0.66,2021-06-05,0114,N,VIIRS,n,2,285.61,1.1,N,2
38.56419,23.29343,298.83,0.46,0.64,2021-06-05,0114,N,VIIRS,n,2,285.25,0.86,N,2
40.50951,22.9646,333.04,0.39,0.44,2021-06-05,1056,N,VIIRS,n,2,307.02,1.53,D,0
38.12993,23.52271,299.29,0.63,0.72,2021-06-05,2315,N,VIIRS,n,2,285.21,0.81,N,2
38.12848,23.52563,295.3,0.63,0.72,2021-06-05,2315,N,VIIRS,n,2,284.94,0.65,N,2
38.3726,24.05976,301.49,0.59,0.52,2021-06-06,0055,N,VIIRS,n,2,287.07,1.47,N,2
40.69907,22.95317,297.75,0.45,0.47,2021-06-06,0055,N,VIIRS,n,2,287.73,0.81,N,0
40.28598,23.44283,298.35,0.49,0.49,2021-06-06,0055,N,VIIRS,n,2,287.2,0.95,N,2
40.28254,23.44689,297.77,0.49,0.49,2021-06-06,0055,N,VIIRS,n,2,286.96,0.56,N,2
39.35167,22.98517,299.3,0.49,0.49,2021-06-06,0055,N,VIIRS,n,2,288.75,1.24,N,0
38.12933,23.52724,299.58,0.56,0.51,2021-06-06,0055,N,VIIRS,n,2,286.8,1.15,N,2
39.30061,22.70142,346.12,0.37,0.58,2021-06-06,1037,N,VIIRS,n,2,300.87,6.04,D,0
39.30169,22.70545,367,0.37,0.58,2021-06-06,1037,N,VIIRS,h,2,300.79,9.38,D,0
38.12745,23.52337,303.33,0.49,0.41,2021-06-07,0037,N,VIIRS,n,2,289.66,1.25,N,2
38.3732,24.06112,305.49,0.52,0.41,2021-06-07,0037,N,VIIRS,n,2,291.68,1.08,N,2
38.56517,23.29161,305.94,0.48,0.4,2021-06-07,0037,N,VIIRS,n,2,291.06,1.35,N,3
39.81852,22.48375,333.04,0.62,0.72,2021-06-07,1018,N,VIIRS,n,2,281.95,7.95,D,0
39.82319,22.48203,343.15,0.49,0.48,2021-06-07,1159,N,VIIRS,n,2,298.55,5.47,D,0
39.82393,22.47923,336.28,0.49,0.49,2021-06-07,1159,N,VIIRS,n,2,297.99,4.65,D,0
39.72467,22.55971,330.01,0.49,0.49,2021-06-07,1159,N,VIIRS,l,2,301.07,2.75,D,0
39.81867,22.48234,332.83,0.49,0.48,2021-06-07,1159,N,VIIRS,n,2,297.21,5.47,D,0
39.81938,22.47926,331.76,0.49,0.49,2021-06-07,1159,N,VIIRS,n,2,297.23,1.4,D,0
38.12954,23.52321,310.32,0.38,0.36,2021-06-08,0018,N,VIIRS,n,2,289.56,0.96,N,2
38.03425,23.59105,303.88,0.38,0.36,2021-06-08,0018,N,VIIRS,n,2,290.59,0.89,N,0
38.37377,24.06071,307.25,0.39,0.36,2021-06-08,0018,N,VIIRS,n,2,289.94,0.89,N,2
38.56579,23.29325,303.13,0.38,0.36,2021-06-08,0018,N,VIIRS,n,2,291.36,0.84,N,2
39.16628,22.84444,305,0.39,0.36,2021-06-08,0018,N,VIIRS,n,2,288.96,0.85,N,2
39.36015,22.08383,336.86,0.43,0.38,2021-06-08,1140,N,VIIRS,n,2,305.21,4.25,D,0
38.03421,23.59261,301.95,0.49,0.4,2021-06-08,2359,N,VIIRS,n,2,290.02,0.75,N,0
38.12994,23.52722,312.43,0.49,0.41,2021-06-08,2359,N,VIIRS,n,2,289.54,0.99,N,2
37.12233,26.8751,336.69,0.41,0.37,2021-06-09,1120,N,VIIRS,n,2,305.67,3.33,D,0
39.35149,22.98694,297.24,0.51,0.66,2021-06-10,0120,N,VIIRS,n,2,285.91,2.94,N,2
40.57394,22.27338,330.18,0.53,0.42,2021-06-10,1102,N,VIIRS,l,2,300.54,1.52,D,0
37.74755,24.06296,299.16,0.48,0.65,2021-06-10,2321,N,VIIRS,n,2,286.37,0.55,N,0
38.12798,23.52406,301.82,0.52,0.67,2021-06-10,2321,N,VIIRS,n,2,285.85,0.39,N,2
38.12675,23.5257,296.06,0.34,0.56,2021-06-11,0102,N,VIIRS,n,2,285.57,0.17,N,2
39.4083,21.94351,327.38,0.33,0.55,2021-06-11,1043,N,VIIRS,n,2,295.28,1.75,D,0
40.77759,22.27088,327.35,0.52,0.67,2021-06-11,1224,N,VIIRS,n,2,294.61,2.68,D,0
38.12957,23.52452,306.65,0.39,0.44,2021-06-12,0043,N,VIIRS,n,2,287.31,0.84,N,2
38.35579,26.07245,346.77,0.38,0.59,2021-06-12,1024,N,VIIRS,n,2,291.61,4.96,D,0
38.12671,21.64598,341.71,0.51,0.5,2021-06-12,1204,N,VIIRS,n,2,302.04,9.55,D,0
38.12623,21.64009,333.93,0.51,0.5,2021-06-12,1204,N,VIIRS,n,2,300.72,5.39,D,0
37.91966,23.07271,301.87,0.39,0.36,2021-06-13,0024,N,VIIRS,n,2,291.02,0.99,N,2
39.1669,22.84448,305.74,0.39,0.36,2021-06-13,0024,N,VIIRS,n,2,286.62,0.83,N,2
40.28463,23.44443,300.8,0.39,0.36,2021-06-13,0024,N,VIIRS,n,2,287.54,0.52,N,2
40.69889,22.94928,297.27,0.38,0.36,2021-06-13,0024,N,VIIRS,n,2,286.96,0.31,N,0
39.35513,22.98392,310.27,0.39,0.36,2021-06-13,0024,N,VIIRS,n,2,289.61,0.92,N,2
38.13071,23.52479,300.04,0.4,0.37,2021-06-13,0024,N,VIIRS,n,2,287.98,0.7,N,2
38.37251,24.06288,306.44,0.4,0.37,2021-06-13,0024,N,VIIRS,n,2,288.87,0.8,N,2
38.56441,23.29435,305.42,0.39,0.36,2021-06-13,0024,N,VIIRS,n,2,289.16,1.67,N,2
38.56708,23.29626,338.88,0.54,0.42,2021-06-13,1146,N,VIIRS,n,2,305.89,2.93,D,3
37.90538,22.94246,336.24,0.38,0.36,2021-06-14,1127,N,VIIRS,n,2,303.36,2.77,D,0
38.31279,23.62411,337.28,0.39,0.36,2021-06-14,1127,N,VIIRS,n,2,305.11,2.59,D,0
38.31611,23.62333,342.26,0.39,0.36,2021-06-14,1127,N,VIIRS,n,2,302.53,4.13,D,0
38.31548,23.61888,342.82,0.39,0.36,2021-06-14,1127,N,VIIRS,n,2,302.97,3.18,D,0
35.06052,24.93659,337.18,0.49,0.48,2021-06-16,1048,N,VIIRS,n,2,299.48,2.3,D,0
38.97459,23.26408,338.74,0.49,0.48,2021-06-16,1049,N,VIIRS,n,2,295.23,4.71,D,0
40.28267,21.51125,330.23,0.55,0.51,2021-06-16,1050,N,VIIRS,n,2,298.99,4.23,D,0
38.48146,21.16784,342.35,0.54,0.68,2021-06-16,1230,N,VIIRS,n,2,294.4,3.65,D,0
37.91891,23.07152,300.08,0.44,0.46,2021-06-17,0049,N,VIIRS,n,2,286.43,1.02,N,2
38.3738,24.06001,305.55,0.49,0.48,2021-06-17,0049,N,VIIRS,n,2,288.23,0.89,N,2
38.1314,23.52419,299.39,0.46,0.47,2021-06-17,0049,N,VIIRS,n,2,288.02,0.67,N,2
39.33511,22.12257,334.09,0.47,0.64,2021-06-17,1031,N,VIIRS,n,2,296.2,3.21,D,0
39.33662,22.12782,329.05,0.47,0.64,2021-06-17,1031,N,VIIRS,n,2,294.89,3.21,D,0
38.43263,21.36716,340.38,0.61,0.53,2021-06-17,1211,N,VIIRS,n,2,300.38,4.27,D,0
38.21005,24.22221,330.13,0.43,0.62,2021-06-17,1211,N,VIIRS,n,2,296.21,2.34,D,0
39.35345,22.98546,308.72,0.41,0.37,2021-06-18,0030,N,VIIRS,n,2,290.31,1.38,N,2
40.28523,23.44364,304.18,0.41,0.37,2021-06-18,0030,N,VIIRS,n,2,289.47,0.57,N,2
39.38497,22.80831,299.71,0.4,0.37,2021-06-18,0030,N,VIIRS,n,2,287.26,0.33,N,2
38.33443,21.84775,302.18,0.39,0.37,2021-06-18,0031,N,VIIRS,n,2,289.97,0.84,N,0
38.07992,21.41429,299.83,0.39,0.36,2021-06-18,0031,N,VIIRS,n,2,287.03,0.34,N,0
38.12911,23.52444,309.26,0.43,0.38,2021-06-18,0031,N,VIIRS,n,2,289.09,1.21,N,2
38.10783,23.58021,317.35,0.44,0.38,2021-06-18,0031,N,VIIRS,n,2,288.28,1.87,N,0
40.64463,22.46386,329.25,0.42,0.45,2021-06-18,1153,N,VIIRS,n,2,297.53,2.15,D,0
39.38694,22.806,320.64,0.42,0.37,2021-06-19,0011,N,VIIRS,n,2,289.29,1.37,N,2
38.12946,23.52337,311.35,0.4,0.37,2021-06-19,0012,N,VIIRS,n,2,286.24,2.56,N,2
37.91802,23.07265,304.35,0.4,0.37,2021-06-19,0012,N,VIIRS,n,2,292.67,1.68,N,2
37.64707,21.41779,339.08,0.38,0.36,2021-06-19,1133,N,VIIRS,n,2,306.94,8,D,0
40.28578,23.44306,301.53,0.41,0.45,2021-06-19,2352,N,VIIRS,n,2,289.19,0.7,N,2
38.12991,23.52377,313.42,0.39,0.44,2021-06-19,2353,N,VIIRS,n,2,290.55,1.5,N,2
37.91732,23.0722,304.25,0.41,0.45,2021-06-19,2353,N,VIIRS,n,2,292.48,1.84,N,2
38.37244,24.06064,301.35,0.55,0.43,2021-06-19,2353,N,VIIRS,n,2,289.54,1.09,N,2
38.37481,24.06073,303.05,0.55,0.43,2021-06-19,2353,N,VIIRS,n,2,290.51,1.26,N,2
39.17098,22.84115,301.75,0.43,0.46,2021-06-19,2353,N,VIIRS,n,2,290.42,1.19,N,2
39.38684,22.80641,307.72,0.43,0.46,2021-06-19,2353,N,VIIRS,n,2,289.93,0.92,N,2
39.38723,22.80774,297.33,0.71,0.75,2021-06-20,0133,N,VIIRS,n,2,285.97,0.62,N,2
39.08555,20.99353,297.48,0.59,0.7,2021-06-20,0133,N,VIIRS,n,2,285.41,3.88,N,0
39.08352,21.00014,331.59,0.59,0.7,2021-06-20,0133,N,VIIRS,n,2,286.1,4.23,N,0
39.08397,20.99954,333.91,0.59,0.7,2021-06-20,0133,N,VIIRS,n,2,285.98,6.15,N,0
39.35365,22.98173,299.12,0.72,0.76,2021-06-20,0133,N,VIIRS,n,2,286.98,1.2,N,0
40.28488,23.44367,303.62,0.36,0.58,2021-06-20,2333,N,VIIRS,n,2,287.43,0.68,N,2
37.3544,23.49565,334.56,0.34,0.56,2021-06-20,2334,N,VIIRS,n,2,288.83,7.21,N,0
37.35471,23.4906,367,0.34,0.56,2021-06-20,2334,N,VIIRS,h,2,291.3,7.21,N,0
38.1316,23.52294,302.03,0.35,0.56,2021-06-20,2334,N,VIIRS,n,2,289.33,0.89,N,2
39.38559,22.80666,303.08,0.39,0.59,2021-06-20,2334,N,VIIRS,n,2,288.36,0.58,N,2
37.35481,23.49137,345.54,0.51,0.66,2021-06-21,0114,N,VIIRS,n,2,288.54,9.17,N,0
40.28415,23.44393,304.54,0.42,0.61,2021-06-21,0114,N,VIIRS,n,2,288.15,0.47,N,2
39.3554,22.98579,306.07,0.43,0.62,2021-06-21,0114,N,VIIRS,n,2,288.95,0.94,N,2
39.38768,22.80727,300.52,0.42,0.61,2021-06-21,0114,N,VIIRS,n,2,286.27,0.2,N,2
39.38478,22.80738,296.68,0.42,0.61,2021-06-21,0114,N,VIIRS,n,2,284.15,0.18,N,2
37.91805,23.07278,302.98,0.47,0.64,2021-06-21,0114,N,VIIRS,n,2,290.07,1.64,N,2
37.35434,23.49122,345.03,0.51,0.66,2021-06-21,0114,N,VIIRS,n,2,288.29,6.72,N,0
37.35492,23.49397,335.56,0.43,0.46,2021-06-21,1055,N,VIIRS,n,2,299.56,2.69,D,0
38.37434,24.06242,299.9,0.59,0.53,2021-06-22,0055,N,VIIRS,n,2,284.3,3.17,N,2
41.09019,25.15288,297.95,0.57,0.52,2021-06-22,0055,N,VIIRS,n,2,286.57,0.53,N,0
40.28321,23.44515,301.7,0.49,0.49,2021-06-22,0055,N,VIIRS,n,2,290.4,0.56,N,2
39.16717,22.84168,302.05,0.49,0.48,2021-06-22,0055,N,VIIRS,n,2,290.14,1.15,N,2
35.31465,25.29336,367,0.34,0.56,2021-06-22,1036,N,VIIRS,h,2,300.7,9.93,D,0
35.313,25.29505,367,0.34,0.56,2021-06-22,1036,N,VIIRS,h,2,301.63,8.3,D,0
35.30984,25.29304,340.33,0.58,0.7,2021-06-22,1216,N,VIIRS,n,2,293.12,7.77,D,0
40.70458,22.81413,309.5,0.43,0.38,2021-06-23,0036,N,VIIRS,n,2,293.79,1.06,N,2
40.28447,23.44287,304.22,0.46,0.39,2021-06-23,0036,N,VIIRS,n,2,293.15,0.41,N,2
38.13023,23.52724,306.6,0.5,0.41,2021-06-23,0037,N,VIIRS,n,2,293.64,1.01,N,2
38.13009,23.52527,309.13,0.5,0.41,2021-06-23,0037,N,VIIRS,n,2,293.71,1.01,N,2
38.56573,23.29277,323.02,0.48,0.4,2021-06-23,0037,N,VIIRS,n,2,294.41,1.96,N,2
39.35365,22.98489,314.73,0.39,0.36,2021-06-24,0018,N,VIIRS,n,2,298.4,1.87,N,2
38.12962,23.52617,315.56,0.38,0.36,2021-06-24,0018,N,VIIRS,n,2,297.46,1.81,N,2
39.47107,22.67342,337.4,0.45,0.39,2021-06-24,1140,N,VIIRS,l,2,310.83,1.2,D,0
38.56673,23.29425,344.17,0.47,0.39,2021-06-24,1140,N,VIIRS,n,2,306.3,8.49,D,3
39.31675,21.94736,338.7,0.43,0.38,2021-06-24,1140,N,VIIRS,l,2,313.31,2.66,D,0
39.46812,22.67943,346.53,0.45,0.39,2021-06-24,1140,N,VIIRS,n,2,313.87,6.78,D,0
39.46749,22.67412,342.55,0.45,0.39,2021-06-24,1140,N,VIIRS,n,2,312.16,4.98,D,0
38.12915,23.5226,310.13,0.49,0.4,2021-06-24,2359,N,VIIRS,n,2,294.46,1.34,N,2
38.37393,24.06285,306.24,0.47,0.4,2021-06-24,2359,N,VIIRS,n,2,295.34,1.53,N,2
38.12991,23.52348,307.59,0.57,0.52,2021-06-25,2340,N,VIIRS,n,2,294.39,1.74,N,2
35.49131,27.21731,341.15,0.51,0.41,2021-06-25,2341,N,VIIRS,n,2,304.5,15.14,N,0
35.48755,27.21636,329.96,0.51,0.41,2021-06-25,2341,N,VIIRS,n,2,299.87,5.08,N,0
40.5763,22.97326,341.72,0.5,0.41,2021-06-26,1102,N,VIIRS,n,2,311.37,4.66,D,0
40.46933,23.24488,338.62,0.49,0.4,2021-06-26,1102,N,VIIRS,l,2,311.95,2.66,D,0
39.29129,22.35277,339.43,0.56,0.43,2021-06-26,1102,N,VIIRS,l,2,310.74,2.43,D,0
40.57676,22.97127,341.31,0.5,0.41,2021-06-26,1102,N,VIIRS,n,2,311.19,2.64,D,0
38.12903,23.52624,307.35,0.34,0.56,2021-06-27,0102,N,VIIRS,n,2,296.24,1.27,N,2
37.07351,25.23061,347.1,0.51,0.49,2021-06-27,1043,N,VIIRS,n,2,306.79,53.59,D,0
37.07029,25.2374,343.02,0.51,0.49,2021-06-27,1043,N,VIIRS,n,2,306.15,47.96,D,0
37.06961,25.23404,342.31,0.51,0.49,2021-06-27,1043,N,VIIRS,n,2,313.29,66.79,D,0
39.4878,21.75445,342.79,0.34,0.56,2021-06-27,1044,N,VIIRS,n,2,305.09,4.6,D,0
40.32843,22.60237,336.22,0.58,0.52,2021-06-27,1044,N,VIIRS,n,2,304.69,4.43,D,0
40.32973,22.60292,331.36,0.58,0.52,2021-06-27,1044,N,VIIRS,l,2,304.43,2.44,D,0
39.48878,21.75823,356.49,0.34,0.56,2021-06-27,1044,N,VIIRS,l,2,305.71,4.07,D,0
39.48384,21.76036,356.68,0.34,0.56,2021-06-27,1044,N,VIIRS,l,2,305.66,4.07,D,0
39.48483,21.76414,344.7,0.34,0.56,2021-06-27,1044,N,VIIRS,n,2,305.69,4.07,D,0
37.05836,25.2304,356.6,0.72,0.76,2021-06-27,1223,N,VIIRS,n,2,302.27,92.03,D,0
37.06548,25.23073,334.03,0.72,0.76,2021-06-27,1223,N,VIIRS,n,2,306.29,92.03,D,0
37.06562,25.24047,367,0.72,0.76,2021-06-27,1223,N,VIIRS,h,2,302.87,74.04,D,0
37.07274,25.24025,333.04,0.72,0.76,2021-06-27,1223,N,VIIRS,n,2,298.96,8.13,D,0
37.05851,25.24088,345.7,0.72,0.76,2021-06-27,1223,N,VIIRS,n,2,299.1,74.04,D,0
37.9234,23.98621,335.6,0.63,0.72,2021-06-27,1224,N,VIIRS,n,2,296.27,4.96,D,0
40.77755,22.2694,331.82,0.53,0.67,2021-06-27,1224,N,VIIRS,n,2,300.58,1.52,D,0
37.92067,23.98709,340.65,0.62,0.72,2021-06-27,1224,N,VIIRS,n,2,296.74,7.38,D,0
37.42466,22.73867,327.06,0.55,0.43,2021-06-28,0043,N,VIIRS,n,2,295.02,2.34,N,0
37.41952,22.74357,308.53,0.55,0.43,2021-06-28,0043,N,VIIRS,n,2,294.36,2.34,N,0
37.42081,22.7374,322.66,0.55,0.43,2021-06-28,0043,N,VIIRS,n,2,294.79,2.34,N,0
37.42336,22.74485,307.36,0.55,0.43,2021-06-28,0043,N,VIIRS,n,2,294.46,2.34,N,0
39.1687,22.83913,305.4,0.52,0.42,2021-06-28,0043,N,VIIRS,n,2,293.61,0.76,N,2
38.3744,24.06091,308.81,0.41,0.45,2021-06-28,0043,N,VIIRS,n,2,295.59,1.52,N,2
38.12865,23.52431,310.76,0.39,0.44,2021-06-28,0043,N,VIIRS,n,2,294.67,1.27,N,2
37.04896,25.23051,367,0.45,0.63,2021-06-28,1024,N,VIIRS,h,2,314.35,92.7,D,0
37.04675,25.22251,350.71,0.45,0.63,2021-06-28,1024,N,VIIRS,n,2,307.59,101.19,D,0
37.05467,25.22854,367,0.45,0.63,2021-06-28,1024,N,VIIRS,h,2,314.77,92.7,D,0
37.04783,25.22643,367,0.45,0.63,2021-06-28,1024,N,VIIRS,l,2,355.87,92.7,D,0
37.05344,25.22411,350.13,0.45,0.63,2021-06-28,1024,N,VIIRS,n,2,310.35,92.7,D,0
37.05582,25.23269,367,0.45,0.63,2021-06-28,1024,N,VIIRS,h,2,310.76,37.98,D,0
40.49763,21.01321,336.07,0.59,0.7,2021-06-28,1025,N,VIIRS,n,2,298.6,6.73,D,0
39.53057,22.51806,367,0.53,0.67,2021-06-28,1025,N,VIIRS,h,2,303.19,10.5,D,0
37.03894,25.22141,354.45,0.4,0.6,2021-06-28,1204,N,VIIRS,n,2,307.22,83.73,D,0
37.04672,25.22492,367,0.4,0.6,2021-06-28,1204,N,VIIRS,h,2,313.3,38.25,D,0
37.04085,25.22025,349.79,0.4,0.6,2021-06-28,1204,N,VIIRS,n,2,312.22,25.6,D,0
37.04477,25.22597,367,0.4,0.6,2021-06-28,1204,N,VIIRS,h,2,314.15,50.36,D,0
37.03922,25.22709,367,0.4,0.6,2021-06-28,1204,N,VIIRS,h,2,310.64,50.36,D,0
37.04117,25.22591,367,0.4,0.6,2021-06-28,1204,N,VIIRS,h,2,314.29,46.97,D,0
37.04639,25.21934,344.77,0.4,0.6,2021-06-28,1204,N,VIIRS,n,2,312.79,33.34,D,0
40.70484,22.81626,307.12,0.38,0.36,2021-06-29,0024,N,VIIRS,n,2,295.34,1.05,N,2
39.35375,22.98366,314.74,0.39,0.36,2021-06-29,0024,N,VIIRS,n,2,296.46,2.05,N,2
39.38599,22.80697,308.96,0.39,0.36,2021-06-29,0024,N,VIIRS,n,2,295.3,1.01,N,2
38.37511,24.06049,309.52,0.41,0.37,2021-06-29,0024,N,VIIRS,n,2,295.12,0.88,N,3
38.13022,23.52374,316.54,0.4,0.37,2021-06-29,0024,N,VIIRS,n,2,295.48,1.3,N,2
40.70794,23.03361,307.75,0.38,0.36,2021-06-29,0024,N,VIIRS,n,2,293.31,0.79,N,0
37.91825,23.07265,310.3,0.39,0.36,2021-06-29,0025,N,VIIRS,n,2,298.6,2.66,N,2
40.52315,22.47727,348.05,0.53,0.42,2021-06-29,1146,N,VIIRS,n,2,307.35,7.76,D,0
39.47476,22.14234,337.58,0.5,0.41,2021-06-29,1146,N,VIIRS,l,2,312.35,4.16,D,0
40.25322,20.70197,340.07,0.45,0.39,2021-06-29,1146,N,VIIRS,n,2,307.34,4.7,D,0
40.5193,22.47802,340.47,0.53,0.42,2021-06-29,1146,N,VIIRS,n,2,307.22,6.9,D,0
37.69381,24.93847,354.74,0.43,0.46,2021-06-29,1146,N,VIIRS,n,2,315.19,9.1,D,0
39.16649,22.84588,309.59,0.46,0.39,2021-06-30,0005,N,VIIRS,n,2,293.77,1.69,N,2
40.25611,20.70111,298.34,0.39,0.44,2021-06-30,0005,N,VIIRS,n,2,285.07,0.45,N,0
40.25562,20.70618,295.81,0.39,0.44,2021-06-30,0005,N,VIIRS,n,2,284.86,0.29,N,0
35.18397,24.97569,338.58,0.39,0.36,2021-06-30,0006,N,VIIRS,n,2,304.55,15.04,N,0
38.37389,24.05954,309.82,0.42,0.37,2021-06-30,0006,N,VIIRS,n,2,297.51,1.87,N,2
38.12824,23.52468,312.68,0.43,0.38,2021-06-30,0006,N,VIIRS,n,2,295.07,1.3,N,2
35.18727,24.97644,323.45,0.39,0.36,2021-06-30,0006,N,VIIRS,n,2,296.2,15.04,N,0
35.18665,24.98054,348.19,0.39,0.36,2021-06-30,0006,N,VIIRS,n,2,297.97,8.76,N,0
38.31563,23.62275,350.25,0.39,0.36,2021-06-30,1127,N,VIIRS,n,2,310.85,6.3,D,0
40.25328,20.70552,332.96,0.39,0.36,2021-06-30,1128,N,VIIRS,n,2,293.77,4.26,D,0
40.25658,20.70468,344.65,0.39,0.36,2021-06-30,1128,N,VIIRS,n,2,293.21,4.26,D,0
40.7031,22.81876,335.4,0.39,0.36,2021-06-30,1128,N,VIIRS,l,2,309.41,2.22,D,0
41.18009,24.04238,336.7,0.41,0.37,2021-06-30,1128,N,VIIRS,n,2,303.3,1.11,D,0
40.25344,20.70956,310.86,0.35,0.56,2021-06-30,2346,N,VIIRS,n,2,285.02,0.69,N,0
38.12871,23.52462,307.07,0.47,0.47,2021-06-30,2347,N,VIIRS,n,2,293.72,1.32,N,2
36.82877,21.8678,314.67,0.55,0.51,2021-06-30,2347,N,VIIRS,n,2,291.54,1.17,N,0
36.82861,21.86757,310.5,0.55,0.51,2021-06-30,2347,N,VIIRS,n,2,291.24,1.97,N,0
40.25561,20.70797,303.92,0.45,0.63,2021-07-01,0127,N,VIIRS,n,2,285.7,0.7,N,0
37.04964,25.21932,337.87,0.41,0.37,2021-07-01,1108,N,VIIRS,l,2,311.17,7.02,D,0
40.48798,21.79183,345.59,0.48,0.4,2021-07-01,1109,N,VIIRS,n,2,314.79,35.01,D,0
40.48436,21.79298,347.15,0.48,0.4,2021-07-01,1109,N,VIIRS,n,2,318.07,35.01,D,0
40.48328,21.78735,367,0.48,0.4,2021-07-01,1109,N,VIIRS,h,2,338.15,35.01,D,0
40.25237,20.70669,334.48,0.54,0.42,2021-07-01,1109,N,VIIRS,l,2,307.74,10.54,D,0
40.48606,21.78997,353.69,0.48,0.4,2021-07-01,1109,N,VIIRS,n,2,327.77,55.26,D,0
40.48689,21.78616,348.88,0.48,0.4,2021-07-01,1109,N,VIIRS,n,2,320.3,35.01,D,0
39.63061,22.35569,305.74,0.5,0.66,2021-07-01,2327,N,VIIRS,n,2,294.31,0.81,N,0
38.03782,23.50989,319.81,0.42,0.61,2021-07-01,2328,N,VIIRS,n,2,299.6,1.61,N,0
39.38593,22.80566,311.52,0.35,0.57,2021-07-02,0108,N,VIIRS,n,2,295.52,1.36,N,2
39.35421,22.98738,306.67,0.36,0.57,2021-07-02,0108,N,VIIRS,n,2,296.52,2.16,N,2
38.03509,23.51268,320.77,0.41,0.61,2021-07-02,0108,N,VIIRS,n,2,298.15,2.69,N,3
35.29461,23.70133,306.81,0.49,0.65,2021-07-02,0109,N,VIIRS,n,2,295.32,2.31,N,0
37.02784,25.14293,343.71,0.43,0.46,2021-07-02,1049,N,VIIRS,l,2,314.19,8.69,D,0
39.4092,22.54972,340.65,0.51,0.5,2021-07-02,1050,N,VIIRS,n,2,307.33,41.72,D,0
39.41217,22.54178,345.77,0.51,0.5,2021-07-02,1050,N,VIIRS,n,2,312.98,10.83,D,0
39.41811,22.54655,367,0.51,0.5,2021-07-02,1050,N,VIIRS,h,2,317.25,54.06,D,0
40.82071,22.14393,343.6,0.5,0.49,2021-07-02,1050,N,VIIRS,n,2,306.55,4.88,D,0
40.94724,22.86352,344.88,0.45,0.47,2021-07-02,1050,N,VIIRS,n,2,312,23.59,D,0
40.94303,22.86512,349.2,0.45,0.47,2021-07-02,1050,N,VIIRS,n,2,314.49,24.09,D,0
40.94428,22.87049,343.04,0.45,0.47,2021-07-02,1050,N,VIIRS,n,2,307.71,24.09,D,0
40.93883,22.86675,356.22,0.45,0.47,2021-07-02,1050,N,VIIRS,n,2,314.21,24.09,D,0
40.94007,22.87211,346.23,0.45,0.47,2021-07-02,1050,N,VIIRS,n,2,311.12,24.09,D,0
40.93462,22.86833,305.77,0.45,0.47,2021-07-02,1050,N,VIIRS,l,2,311.55,64.14,D,0
40.93586,22.87367,353.37,0.45,0.47,2021-07-02,1050,N,VIIRS,n,2,325.9,64.14,D,0
40.94066,22.86292,343.66,0.46,0.47,2021-07-02,1050,N,VIIRS,n,2,309.82,29.7,D,0
40.94189,22.86834,351.36,0.46,0.47,2021-07-02,1050,N,VIIRS,n,2,314.61,29.7,D,0
40.93768,22.87,347.89,0.46,0.47,2021-07-02,1050,N,VIIRS,l,2,319.47,29.7,D,0
40.93886,22.87519,343.49,0.45,0.47,2021-07-02,1050,N,VIIRS,n,2,308.41,23.24,D,0
40.93464,22.87675,343.03,0.45,0.47,2021-07-02,1050,N,VIIRS,n,2,307.55,36.62,D,0
39.31495,21.52227,334.54,0.58,0.52,2021-07-02,1050,N,VIIRS,n,2,299.31,4.87,D,0
39.41735,22.54437,353.68,0.51,0.49,2021-07-02,1050,N,VIIRS,n,2,318.13,24.54,D,0
39.41885,22.55061,342.81,0.51,0.49,2021-07-02,1050,N,VIIRS,n,2,308.45,44.29,D,0
39.41438,22.55212,367,0.51,0.49,2021-07-02,1050,N,VIIRS,l,2,326.95,44.29,D,0
39.41138,22.53963,342.6,0.51,0.5,2021-07-02,1050,N,VIIRS,n,2,309.76,24.54,D,0
39.41288,22.54587,354.38,0.51,0.49,2021-07-02,1050,N,VIIRS,n,2,318.03,24.54,D,0
39.40995,22.55375,353.59,0.51,0.49,2021-07-02,1050,N,VIIRS,n,2,308.98,20.55,D,0
39.41664,22.54021,345.84,0.51,0.5,2021-07-02,1050,N,VIIRS,n,2,316.34,12.33,D,0
39.41068,22.55602,341.97,0.51,0.49,2021-07-02,1050,N,VIIRS,n,2,308.25,41.72,D,0
39.4151,22.55434,342.81,0.51,0.49,2021-07-02,1050,N,VIIRS,n,2,312.66,41.72,D,0
39.40716,22.56917,367,0.65,0.73,2021-07-02,1230,N,VIIRS,h,2,304.1,36.86,D,0
39.40705,22.56194,355.42,0.65,0.73,2021-07-02,1230,N,VIIRS,n,2,312.23,20.57,D,0
39.40693,22.55516,348.48,0.65,0.73,2021-07-02,1230,N,VIIRS,n,2,310.01,20.57,D,0
39.41397,22.56789,367,0.65,0.73,2021-07-02,1230,N,VIIRS,h,2,304,41.18,D,0
39.41386,22.5609,367,0.65,0.73,2021-07-02,1230,N,VIIRS,h,2,311.23,38.5,D,0
39.41416,22.54573,335.34,0.65,0.73,2021-07-02,1230,N,VIIRS,n,2,308.94,16.55,D,0
39.41425,22.55262,367,0.65,0.73,2021-07-02,1230,N,VIIRS,h,2,308.18,16.55,D,0
39.41375,22.5545,367,0.65,0.73,2021-07-02,1230,N,VIIRS,h,2,309.74,38.5,D,0
39.41364,22.5477,335.69,0.65,0.73,2021-07-02,1230,N,VIIRS,n,2,308.87,14.6,D,0
39.40067,22.56077,335.83,0.65,0.73,2021-07-02,1230,N,VIIRS,n,2,301.81,5.87,D,0
39.40757,22.56704,367,0.65,0.73,2021-07-02,1230,N,VIIRS,h,2,307.06,42.88,D,0
39.40749,22.55999,355.85,0.65,0.73,2021-07-02,1230,N,VIIRS,n,2,312.98,42.88,D,0
39.40742,22.55325,347.77,0.65,0.73,2021-07-02,1230,N,VIIRS,n,2,310.45,16.55,D,0
39.4144,22.5659,367,0.65,0.73,2021-07-02,1230,N,VIIRS,h,2,303.81,42.88,D,0
39.41432,22.55913,367,0.65,0.73,2021-07-02,1230,N,VIIRS,h,2,310.13,42.88,D,0
38.52742,22.95965,334.82,0.68,0.74,2021-07-02,1230,N,VIIRS,n,2,305.96,5.11,D,0
38.53436,22.95917,350.06,0.68,0.74,2021-07-02,1230,N,VIIRS,n,2,303,5.11,D,0
40.92777,22.89406,342.41,0.69,0.74,2021-07-02,1231,N,VIIRS,n,2,294.31,8.05,D,0
40.93288,22.87663,344.24,0.69,0.74,2021-07-02,1231,N,VIIRS,n,2,303.82,20.24,D,0
40.93289,22.88527,347,0.69,0.74,2021-07-02,1231,N,VIIRS,n,2,299.9,11.78,D,0
40.93286,22.8681,367,0.68,0.74,2021-07-02,1231,N,VIIRS,h,2,306.81,20.24,D,0
40.92588,22.86853,356.32,0.68,0.74,2021-07-02,1231,N,VIIRS,n,2,303.12,20.24,D,0
40.9259,22.87701,350.04,0.69,0.74,2021-07-02,1231,N,VIIRS,n,2,302.48,20.24,D,0
40.92593,22.89434,339.14,0.69,0.74,2021-07-02,1231,N,VIIRS,n,2,294.8,11.78,D,0
40.93457,22.86785,356.99,0.68,0.74,2021-07-02,1231,N,VIIRS,n,2,303.41,18.41,D,0
40.93463,22.87642,339.18,0.68,0.74,2021-07-02,1231,N,VIIRS,n,2,303.79,10.76,D,0
40.93469,22.88504,342.68,0.69,0.74,2021-07-02,1231,N,VIIRS,n,2,299.72,10.76,D,0
40.9276,22.86829,355.74,0.68,0.74,2021-07-02,1231,N,VIIRS,n,2,306.94,42.41,D,0
40.92765,22.87678,356.83,0.68,0.74,2021-07-02,1231,N,VIIRS,n,2,303.24,23.66,D,0
40.89989,22.90365,338.92,0.69,0.74,2021-07-02,1231,N,VIIRS,n,2,298.26,12.44,D,0
40.90683,22.89483,367,0.69,0.74,2021-07-02,1231,N,VIIRS,h,2,301.75,22.81,D,0
40.90688,22.90335,350.63,0.69,0.74,2021-07-02,1231,N,VIIRS,n,2,299.23,22.81,D,0
40.91381,22.89451,353.66,0.69,0.74,2021-07-02,1231,N,VIIRS,n,2,301.26,22.81,D,0
40.91375,22.88564,343.15,0.69,0.74,2021-07-02,1231,N,VIIRS,n,2,297.95,20.35,D,0
40.92079,22.89443,340.75,0.69,0.74,2021-07-02,1231,N,VIIRS,n,2,301.62,8.05,D,0
40.92772,22.88541,336.38,0.69,0.74,2021-07-02,1231,N,VIIRS,n,2,302.49,23.66,D,0
40.12764,23.78529,306.94,0.75,0.77,2021-07-02,2308,N,VIIRS,n,2,284.43,2.2,N,0
40.12601,23.78003,321.78,0.75,0.77,2021-07-02,2308,N,VIIRS,n,2,285.93,4.58,N,0
40.12762,23.77284,306.06,0.75,0.77,2021-07-02,2308,N,VIIRS,n,2,285.7,2.2,N,0
39.38742,22.8072,305,0.4,0.45,2021-07-03,0049,N,VIIRS,n,2,292.85,0.65,N,2
39.3546,22.98368,312.39,0.41,0.45,2021-07-03,0049,N,VIIRS,n,2,295.33,1.9,N,2
38.56715,23.29465,320.94,0.44,0.46,2021-07-03,0049,N,VIIRS,n,2,293.81,2.71,N,3
39.35604,22.98658,309.08,0.41,0.45,2021-07-03,0049,N,VIIRS,n,2,294.66,1.54,N,2
40.70594,22.81389,307.88,0.57,0.43,2021-07-03,0049,N,VIIRS,n,2,291.95,1.21,N,2
40.7078,22.81449,305.19,0.57,0.43,2021-07-03,0049,N,VIIRS,n,2,291.75,0.77,N,2
38.1329,20.72498,332.57,0.59,0.7,2021-07-03,1031,N,VIIRS,n,2,299.07,23.6,D,0
40.43341,21.80025,336.46,0.45,0.63,2021-07-03,1031,N,VIIRS,n,2,299.27,4.77,D,0
38.13429,20.72951,350.94,0.59,0.7,2021-07-03,1031,N,VIIRS,n,2,308.49,23.6,D,0
40.43173,21.79792,333.4,0.45,0.63,2021-07-03,1031,N,VIIRS,n,2,299.33,4.18,D,0
38.13589,20.73472,367,0.59,0.7,2021-07-03,1031,N,VIIRS,h,2,302.07,46.56,D,0
40.43705,21.7945,330.91,0.45,0.63,2021-07-03,1031,N,VIIRS,n,2,299.65,4.29,D,0
38.12806,20.73223,356.37,0.59,0.7,2021-07-03,1031,N,VIIRS,n,2,304.2,25.36,D,0
38.12953,20.73702,367,0.59,0.7,2021-07-03,1031,N,VIIRS,h,2,302.11,34.8,D,0
38.12939,20.73793,356.39,0.56,0.52,2021-07-03,1211,N,VIIRS,n,2,309.02,18.91,D,0
38.12454,20.73785,351.4,0.56,0.52,2021-07-03,1211,N,VIIRS,n,2,305.26,18.91,D,0
38.12509,20.74529,346.78,0.56,0.52,2021-07-03,1211,N,VIIRS,n,2,310.19,27.54,D,0
38.13294,20.72059,340.51,0.56,0.52,2021-07-03,1211,N,VIIRS,n,2,301.7,3.61,D,0
38.13362,20.72976,350.23,0.56,0.52,2021-07-03,1211,N,VIIRS,n,2,309.74,17.93,D,0
38.12881,20.73004,349.64,0.56,0.52,2021-07-03,1211,N,VIIRS,n,2,310.17,18.91,D,0
38.12991,20.74505,332.55,0.56,0.52,2021-07-03,1211,N,VIIRS,n,2,302.52,27.54,D,0
39.35538,22.98522,314.54,0.41,0.37,2021-07-04,0030,N,VIIRS,n,2,295.96,2.86,N,2
40.28455,23.44341,303.93,0.41,0.37,2021-07-04,0030,N,VIIRS,n,2,291.65,0.53,N,2
38.10486,20.74965,349.31,0.39,0.36,2021-07-04,0031,N,VIIRS,n,2,299.3,6.78,N,0
37.96197,23.40151,331.5,0.43,0.38,2021-07-04,0031,N,VIIRS,n,2,293.5,3.13,N,0
38.12876,23.52608,315.59,0.44,0.38,2021-07-04,0031,N,VIIRS,n,2,292.91,1.49,N,2
38.56578,23.29519,308.26,0.42,0.38,2021-07-04,0031,N,VIIRS,n,2,295.29,1.52,N,2
39.16909,22.84211,306.31,0.41,0.37,2021-07-04,0031,N,VIIRS,n,2,293.81,1.21,N,2
38.09713,20.73388,329.02,0.39,0.36,2021-07-04,0031,N,VIIRS,n,2,294.51,17.61,N,0
38.09784,20.72951,327.4,0.39,0.36,2021-07-04,0031,N,VIIRS,n,2,293.78,12.44,N,0
38.10112,20.73036,318.92,0.39,0.36,2021-07-04,0031,N,VIIRS,n,2,292.93,12.44,N,0
38.10041,20.73474,330.62,0.39,0.36,2021-07-04,0031,N,VIIRS,n,2,307.09,17.61,N,0
38.10087,20.75314,318.57,0.39,0.36,2021-07-04,0031,N,VIIRS,n,2,291.39,1.39,N,0
38.10299,20.74001,318.56,0.39,0.36,2021-07-04,0031,N,VIIRS,n,2,293.75,14.29,N,0
38.10441,20.73122,308.43,0.39,0.36,2021-07-04,0031,N,VIIRS,n,2,292.48,3.03,N,0
38.10157,20.74879,335.67,0.39,0.36,2021-07-04,0031,N,VIIRS,n,2,292.95,6.78,N,0
38.1037,20.73561,355.33,0.39,0.36,2021-07-04,0031,N,VIIRS,n,2,309.34,14.29,N,0
38.10416,20.75398,314.83,0.39,0.36,2021-07-04,0031,N,VIIRS,n,2,292.87,1.39,N,0
38.12882,20.72862,311.47,0.39,0.36,2021-07-04,0031,N,VIIRS,n,2,294.18,1.55,N,0
38.08325,20.73494,339.69,0.39,0.36,2021-07-04,0031,N,VIIRS,n,2,296.07,4.28,N,0
38.08654,20.73574,310.39,0.39,0.36,2021-07-04,0031,N,VIIRS,n,2,292.28,4.28,N,0
38.09055,20.73219,342.29,0.39,0.36,2021-07-04,0031,N,VIIRS,n,2,294.01,2.36,N,0
38.0917,20.74623,306.27,0.39,0.36,2021-07-04,0031,N,VIIRS,n,2,291.31,0.54,N,0
38.09384,20.73303,311.22,0.39,0.36,2021-07-04,0031,N,VIIRS,n,2,291.65,2.36,N,0
39.48985,22.3519,354.17,0.76,0.77,2021-07-04,1012,N,VIIRS,n,2,300.88,12.66,D,0
40.59684,23.4032,367,0.63,0.72,2021-07-04,1013,N,VIIRS,h,2,301.41,13.13,D,0
40.5942,23.40637,355.36,0.63,0.72,2021-07-04,1013,N,VIIRS,n,2,300.48,16.67,D,0
39.49318,22.35036,350.27,0.76,0.77,2021-07-04,1013,N,VIIRS,n,2,301.22,15.14,D,0
40.59216,23.40017,334.11,0.63,0.72,2021-07-04,1013,N,VIIRS,n,2,297.54,8.47,D,0
37.44693,25.41942,346.3,0.55,0.51,2021-07-04,1152,N,VIIRS,n,2,307.45,7.55,D,0
37.44707,25.42172,346.46,0.55,0.51,2021-07-04,1152,N,VIIRS,n,2,307.44,7.71,D,0
40.95483,22.0827,338.02,0.4,0.44,2021-07-04,1153,N,VIIRS,n,2,305.49,1.55,D,0
39.36417,22.12553,346.72,0.39,0.44,2021-07-04,1153,N,VIIRS,n,2,311.1,7.7,D,0
39.38772,22.80954,338.98,0.42,0.45,2021-07-04,1153,N,VIIRS,l,2,312.67,4.56,D,2
40.28444,23.44511,306.06,0.41,0.37,2021-07-05,0011,N,VIIRS,n,2,292.12,0.81,N,2
38.37455,24.06255,307.03,0.39,0.36,2021-07-05,0012,N,VIIRS,n,2,294.24,0.79,N,2
37.61066,23.40509,314.08,0.39,0.36,2021-07-05,0012,N,VIIRS,n,2,294.49,1.72,N,0
38.12765,23.52686,309.12,0.39,0.37,2021-07-05,0012,N,VIIRS,n,2,291.91,1.06,N,2
38.37317,24.05997,307.67,0.39,0.36,2021-07-05,0012,N,VIIRS,n,2,294.26,1.03,N,2
38.56511,23.29271,309.09,0.4,0.37,2021-07-05,0012,N,VIIRS,n,2,294.54,1.36,N,2
39.35406,22.9861,308.95,0.41,0.37,2021-07-05,0012,N,VIIRS,n,2,293.93,1.15,N,2
39.38558,22.80564,307.38,0.42,0.37,2021-07-05,0012,N,VIIRS,n,2,290.63,0.79,N,2
38.12892,23.52675,335.42,0.42,0.38,2021-07-05,1133,N,VIIRS,l,2,309.87,3.48,D,2
37.90493,22.94331,338.89,0.4,0.37,2021-07-05,1133,N,VIIRS,n,2,306.92,3.09,D,0
37.77139,24.87224,346.13,0.46,0.39,2021-07-05,1133,N,VIIRS,n,2,312.12,34.53,D,0
40.06424,21.41209,337.55,0.39,0.36,2021-07-05,1134,N,VIIRS,l,2,307.68,2.6,D,0
38.12733,23.52532,305.16,0.39,0.44,2021-07-05,2353,N,VIIRS,n,2,290.97,0.97,N,2
38.13136,23.52606,307.57,0.39,0.44,2021-07-05,2353,N,VIIRS,n,2,292.99,0.97,N,2
38.37558,24.06369,303.12,0.32,0.55,2021-07-06,2334,N,VIIRS,n,2,292.05,0.58,N,2
38.13154,23.52506,308.21,0.34,0.56,2021-07-06,2334,N,VIIRS,n,2,291.82,0.96,N,2
38.37484,24.06228,304.87,0.51,0.66,2021-07-07,0114,N,VIIRS,n,2,290.59,1.28,N,2
39.35543,22.98697,303.55,0.43,0.62,2021-07-07,0114,N,VIIRS,n,2,290.74,0.84,N,2
39.35357,22.98485,310.09,0.43,0.62,2021-07-07,0114,N,VIIRS,n,2,291.6,1.53,N,2
38.37485,24.06265,303.55,0.51,0.66,2021-07-07,0114,N,VIIRS,n,2,290.21,0.94,N,2
38.09424,23.65122,340.59,0.4,0.44,2021-07-07,1056,N,VIIRS,n,2,308.1,17.24,D,0
38.09776,23.6519,350.7,0.4,0.44,2021-07-07,1056,N,VIIRS,n,2,311,39.43,D,0
38.0952,23.65578,343.36,0.4,0.44,2021-07-07,1056,N,VIIRS,n,2,307.47,17.83,D,0
38.09875,23.65648,340.81,0.4,0.44,2021-07-07,1056,N,VIIRS,n,2,305.88,13.45,D,0
38.09364,23.65272,351.49,0.4,0.44,2021-07-07,1056,N,VIIRS,n,2,306.32,9.03,D,0
40.48743,21.78918,335.35,0.73,0.76,2021-07-07,1237,N,VIIRS,n,2,303.65,6.46,D,0
40.4915,21.79597,342.62,0.73,0.76,2021-07-07,1237,N,VIIRS,n,2,302.6,15.48,D,0
40.61509,21.67545,335.98,0.72,0.75,2021-07-07,1237,N,VIIRS,n,2,303.52,10.04,D,0
40.61504,21.66752,331.72,0.72,0.75,2021-07-07,1237,N,VIIRS,l,2,305.38,6.94,D,0
40.61811,21.67438,333.63,0.72,0.75,2021-07-07,1237,N,VIIRS,n,2,303.31,5.48,D,0
40.48743,21.79746,338.01,0.73,0.76,2021-07-07,1237,N,VIIRS,n,2,304.18,11.38,D,0
40.2291,21.90463,301.95,0.42,0.45,2021-07-08,0055,N,VIIRS,n,2,290.09,0.69,N,0
38.37469,24.06422,305.48,0.59,0.53,2021-07-08,0056,N,VIIRS,n,2,292.56,1.62,N,2
39.35262,22.98342,308.73,0.49,0.49,2021-07-08,0056,N,VIIRS,n,2,293.08,3.48,N,2
39.35392,22.98473,309.04,0.49,0.49,2021-07-08,0056,N,VIIRS,n,2,293.37,2.81,N,2
39.57109,21.8003,333.75,0.4,0.6,2021-07-08,1037,N,VIIRS,n,2,299.46,3.71,D,0
40.50863,22.55086,340.47,0.34,0.56,2021-07-08,1038,N,VIIRS,n,2,301.97,2.26,D,0
39.57116,21.80419,330.48,0.4,0.6,2021-07-08,1218,N,VIIRS,l,2,300.91,1.13,D,0
40.43712,21.80024,367,0.41,0.61,2021-07-08,1218,N,VIIRS,h,2,309.22,11.61,D,0
40.43732,21.80495,339.42,0.41,0.61,2021-07-08,1218,N,VIIRS,n,2,306.01,11.61,D,0
38.3734,24.06132,308.19,0.52,0.41,2021-07-09,0037,N,VIIRS,n,2,293.98,1.61,N,2
39.35476,22.98582,313.55,0.46,0.39,2021-07-09,0037,N,VIIRS,n,2,293.79,2.75,N,2
38.09011,23.60071,343.25,0.54,0.51,2021-07-09,1158,N,VIIRS,n,2,310.55,20.5,D,0
38.09106,23.6129,349.21,0.54,0.51,2021-07-09,1158,N,VIIRS,n,2,308.16,8.88,D,0
38.09058,23.60676,347.08,0.54,0.51,2021-07-09,1158,N,VIIRS,n,2,310.59,20.5,D,0
41.047,26.21371,307.65,0.4,0.37,2021-07-10,0017,N,VIIRS,n,2,292.32,0.98,N,0
41.05116,26.20998,319.15,0.4,0.37,2021-07-10,0017,N,VIIRS,n,2,292.91,0.98,N,0
41.04285,26.21747,328.93,0.4,0.37,2021-07-10,0017,N,VIIRS,n,2,294.28,1.7,N,0
41.03952,26.21646,307.99,0.4,0.37,2021-07-10,0017,N,VIIRS,n,2,293.08,1.7,N,0
41.04865,26.2042,304.7,0.4,0.37,2021-07-10,0017,N,VIIRS,n,2,292.13,0.73,N,0
41.04783,26.20895,306.13,0.4,0.37,2021-07-10,0017,N,VIIRS,n,2,291.49,0.98,N,0
39.35543,22.98507,310.06,0.39,0.36,2021-07-10,0018,N,VIIRS,n,2,294.34,1.09,N,2
38.03602,23.50957,309.65,0.38,0.36,2021-07-10,0018,N,VIIRS,n,2,295.26,1.27,N,3
38.03808,23.51233,318.22,0.38,0.36,2021-07-10,0018,N,VIIRS,n,2,296.7,2.03,N,2
38.37516,21.86798,318.25,0.4,0.37,2021-07-10,0018,N,VIIRS,n,2,293.39,1.71,N,0
38.12825,23.52612,320.94,0.38,0.36,2021-07-10,0018,N,VIIRS,n,2,297.15,1.99,N,2
38.37283,24.06021,311.32,0.39,0.36,2021-07-10,0018,N,VIIRS,n,2,295.86,1.15,N,2
39.16616,22.84553,306.63,0.39,0.36,2021-07-10,0018,N,VIIRS,n,2,292.36,1.38,N,2
36.83038,21.71666,345.16,0.4,0.37,2021-07-10,1139,N,VIIRS,n,2,306.97,7.4,D,0
38.09507,23.57078,340.45,0.47,0.4,2021-07-10,1140,N,VIIRS,l,2,314.02,3.59,D,0
38.03162,23.60502,342.6,0.48,0.4,2021-07-10,1140,N,VIIRS,l,2,316.85,34.66,D,0
38.14386,24.22534,340.38,0.51,0.41,2021-07-10,1140,N,VIIRS,n,2,307.33,52.43,D,0
38.14768,24.22502,367,0.51,0.41,2021-07-10,1140,N,VIIRS,h,2,331.65,52.43,D,0
38.14837,24.23115,346.33,0.51,0.41,2021-07-10,1140,N,VIIRS,n,2,312.03,46.54,D,0
38.147,24.219,330.53,0.51,0.41,2021-07-10,1140,N,VIIRS,n,2,304.07,52.43,D,0
38.15217,24.23067,367,0.51,0.41,2021-07-10,1140,N,VIIRS,h,2,346.41,120.85,D,0
38.1515,24.22469,367,0.51,0.41,2021-07-10,1140,N,VIIRS,h,2,344.12,165.08,D,0
38.15282,24.23645,342.63,0.51,0.41,2021-07-10,1140,N,VIIRS,n,2,316.81,120.85,D,0
38.1566,24.23578,367,0.51,0.41,2021-07-10,1140,N,VIIRS,h,2,338,120.85,D,0
38.15596,24.23004,367,0.51,0.41,2021-07-10,1140,N,VIIRS,l,2,330.48,120.85,D,0
38.15531,24.22426,367,0.51,0.41,2021-07-10,1140,N,VIIRS,l,2,327.14,165.08,D,0
38.15975,24.22943,367,0.51,0.41,2021-07-10,1140,N,VIIRS,h,2,340.79,81.77,D,0
38.16038,24.23511,343.43,0.51,0.41,2021-07-10,1140,N,VIIRS,n,2,317.47,81.77,D,0
38.09186,23.54369,349.98,0.47,0.4,2021-07-10,1140,N,VIIRS,n,2,317.46,16.26,D,0
38.09873,23.57001,353.26,0.47,0.4,2021-07-10,1140,N,VIIRS,n,2,324.89,39.34,D,0
38.0968,23.55377,344.65,0.47,0.4,2021-07-10,1140,N,VIIRS,l,2,317.89,7.68,D,0
38.09551,23.54295,349.91,0.47,0.4,2021-07-10,1140,N,VIIRS,n,2,318.26,6.52,D,0
38.09982,23.54766,351.08,0.47,0.4,2021-07-10,1140,N,VIIRS,n,2,320.7,6.52,D,0
38.09917,23.54223,342.32,0.47,0.4,2021-07-10,1140,N,VIIRS,l,2,316.32,6.52,D,0
38.09065,23.54161,350.81,0.47,0.4,2021-07-10,1140,N,VIIRS,n,2,316.97,16.98,D,0
38.0974,23.56803,350.12,0.47,0.4,2021-07-10,1140,N,VIIRS,l,2,320.99,22.63,D,0
38.10106,23.56721,348.9,0.47,0.4,2021-07-10,1140,N,VIIRS,n,2,317.75,14.88,D,0
38.09858,23.54557,355.91,0.47,0.4,2021-07-10,1140,N,VIIRS,n,2,320.63,10.81,D,0
38.10225,23.54484,348.73,0.47,0.4,2021-07-10,1140,N,VIIRS,n,2,316.45,10.81,D,0
38.2177,23.92829,367,0.49,0.4,2021-07-10,1140,N,VIIRS,h,2,313.12,26.27,D,0
40.77262,22.69851,334.72,0.47,0.4,2021-07-10,1140,N,VIIRS,l,2,306.85,9.8,D,0
40.77626,22.69774,346.09,0.47,0.4,2021-07-10,1140,N,VIIRS,n,2,308.63,9.8,D,0
41.53067,26.38496,333.88,0.47,0.47,2021-07-10,1140,N,VIIRS,n,2,305.25,2.09,D,0
39.38862,22.80743,300.93,0.54,0.42,2021-07-10,2359,N,VIIRS,n,2,289.38,1.43,N,0
38.03887,23.51213,308.86,0.49,0.4,2021-07-10,2359,N,VIIRS,n,2,295.41,1.92,N,2
38.1287,23.52445,313.22,0.49,0.4,2021-07-10,2359,N,VIIRS,n,2,293.75,1.8,N,2
38.15356,24.23568,307.7,0.46,0.39,2021-07-10,2359,N,VIIRS,n,2,294.04,1.47,N,0
38.3749,24.06376,307.05,0.47,0.4,2021-07-10,2359,N,VIIRS,n,2,294.73,1.03,N,2
38.03855,23.51039,311.8,0.49,0.4,2021-07-11,0000,N,VIIRS,n,2,295.22,2.22,N,0
40.62898,23.59328,348.94,0.38,0.36,2021-07-11,1121,N,VIIRS,l,2,319.95,34.2,D,0
40.92459,23.89388,347.99,0.39,0.36,2021-07-11,1122,N,VIIRS,n,2,313.54,6,D,0
39.16726,22.84256,302.08,0.63,0.54,2021-07-11,2340,N,VIIRS,n,2,289.73,0.97,N,2
38.12818,23.52529,308.7,0.56,0.52,2021-07-11,2341,N,VIIRS,n,2,293.53,1.28,N,2
39.3858,22.80713,298.87,0.5,0.66,2021-07-12,0120,N,VIIRS,n,2,287.69,0.53,N,2
37.91409,23.06287,332.88,0.55,0.42,2021-07-12,1102,N,VIIRS,l,2,307.14,4.73,D,0
39.4432,22.10562,332.38,0.57,0.43,2021-07-12,1102,N,VIIRS,l,2,307.27,3.31,D,0
40.76171,22.45433,335.14,0.52,0.41,2021-07-12,1103,N,VIIRS,n,2,304.7,2.11,D,0
38.12925,23.52352,304.52,0.34,0.56,2021-07-13,0102,N,VIIRS,n,2,293.7,0.74,N,2
38.37389,24.06194,306.82,0.36,0.57,2021-07-13,0102,N,VIIRS,n,2,292.59,0.46,N,2
39.35281,22.98164,304.68,0.59,0.53,2021-07-13,0102,N,VIIRS,n,2,292.93,2.6,N,0
39.3555,22.98227,304.96,0.59,0.53,2021-07-13,0102,N,VIIRS,n,2,292.92,0.95,N,2
36.95483,27.01613,343.77,0.42,0.45,2021-07-13,1043,N,VIIRS,n,2,310.76,5.59,D,0
38.01279,23.87868,343.23,0.57,0.52,2021-07-13,1043,N,VIIRS,n,2,309.33,9.68,D,0
40.63968,22.97083,341.71,0.54,0.51,2021-07-13,1044,N,VIIRS,n,2,298.89,14.99,D,0
40.64145,22.97799,341.74,0.54,0.51,2021-07-13,1044,N,VIIRS,n,2,298.55,20.87,D,0
40.63508,22.97243,334.59,0.54,0.51,2021-07-13,1044,N,VIIRS,n,2,303.6,25.67,D,0
40.63686,22.97964,342.19,0.54,0.51,2021-07-13,1044,N,VIIRS,n,2,304.05,48.74,D,0
40.2849,23.44558,305.82,0.53,0.42,2021-07-14,0043,N,VIIRS,n,2,294.5,1.29,N,2
35.24802,23.73215,354.63,0.46,0.47,2021-07-14,0044,N,VIIRS,n,2,303.54,15.54,N,0
35.24354,23.73186,325.58,0.46,0.47,2021-07-14,0044,N,VIIRS,n,2,298.07,4.46,N,0
35.25565,23.73878,308.04,0.46,0.47,2021-07-14,0044,N,VIIRS,n,2,296.79,1.81,N,0
35.25131,23.73784,308.98,0.46,0.47,2021-07-14,0044,N,VIIRS,n,2,297.36,2.73,N,0
39.25282,22.61112,367,0.53,0.67,2021-07-14,1025,N,VIIRS,h,2,304.46,18.94,D,0
39.25758,22.61199,353.68,0.53,0.67,2021-07-14,1025,N,VIIRS,n,2,303.65,36.23,D,0
39.25603,22.60688,355.11,0.53,0.67,2021-07-14,1025,N,VIIRS,n,2,311.82,47.85,D,0
39.25451,22.61681,334.54,0.53,0.67,2021-07-14,1025,N,VIIRS,n,2,304.1,18.94,D,0
39.25856,22.60771,367,0.53,0.67,2021-07-14,1025,N,VIIRS,h,2,305.88,18.94,D,0
39.25702,22.60249,354.42,0.53,0.67,2021-07-14,1025,N,VIIRS,n,2,301.03,27.4,D,0
40.7053,22.81566,309.14,0.38,0.36,2021-07-15,0024,N,VIIRS,n,2,296.15,0.97,N,2
39.35384,22.98313,310.9,0.39,0.36,2021-07-15,0024,N,VIIRS,n,2,296.97,1.79,N,2
40.28302,23.44495,306.37,0.39,0.36,2021-07-15,0024,N,VIIRS,n,2,294.73,1.43,N,2
38.05442,23.65035,309.24,0.4,0.37,2021-07-15,0025,N,VIIRS,n,2,296.43,1.76,N,0
38.12854,23.52446,319.15,0.4,0.37,2021-07-15,0025,N,VIIRS,n,2,297.53,2.88,N,2
38.37411,24.06041,313.2,0.41,0.37,2021-07-15,0025,N,VIIRS,n,2,297.19,1.95,N,2
38.05365,23.6548,306.65,0.4,0.37,2021-07-15,0025,N,VIIRS,n,2,296.13,1.46,N,0
37.78359,26.85492,341.7,0.54,0.51,2021-07-15,1146,N,VIIRS,n,2,305.07,9.02,D,0
37.78419,26.8625,352.11,0.54,0.51,2021-07-15,1146,N,VIIRS,n,2,305.2,22.46,D,0
37.78522,26.86834,330.41,0.55,0.51,2021-07-15,1146,N,VIIRS,n,2,303.49,2.27,D,0
37.78462,26.86009,367,0.54,0.51,2021-07-15,1146,N,VIIRS,h,2,307.82,35.71,D,0
37.78841,26.85554,341.78,0.54,0.51,2021-07-15,1146,N,VIIRS,n,2,305.34,9.02,D,0
40.28343,23.44419,309.38,0.45,0.39,2021-07-16,0005,N,VIIRS,n,2,294.97,1.27,N,2
37.76099,26.87937,345.93,0.38,0.36,2021-07-16,0006,N,VIIRS,n,2,299.72,4.34,N,0
37.7603,26.88372,318.22,0.38,0.36,2021-07-16,0006,N,VIIRS,n,2,297.74,4.34,N,0
37.75631,26.88721,342.94,0.38,0.36,2021-07-16,0006,N,VIIRS,n,2,300.5,3.49,N,0
37.75701,26.88287,315.23,0.38,0.36,2021-07-16,0006,N,VIIRS,n,2,298.04,4.57,N,0
37.75513,26.87331,328.87,0.38,0.36,2021-07-16,0006,N,VIIRS,n,2,300.26,3.83,N,0
37.77553,26.87414,314.83,0.38,0.36,2021-07-16,0006,N,VIIRS,n,2,299.71,1.84,N,0
37.78162,26.85754,336.12,0.38,0.36,2021-07-16,0006,N,VIIRS,n,2,299.61,7.45,N,0
37.78351,26.86714,313.88,0.38,0.36,2021-07-16,0006,N,VIIRS,n,2,298.61,12.71,N,0
37.78421,26.86277,317.65,0.38,0.36,2021-07-16,0006,N,VIIRS,n,2,299.14,3.05,N,0
37.75302,26.88637,308.49,0.38,0.36,2021-07-16,0006,N,VIIRS,n,2,297.8,3.49,N,0
37.75114,26.87683,338.17,0.38,0.36,2021-07-16,0006,N,VIIRS,n,2,301.4,2.6,N,0
37.78491,26.85842,308.78,0.38,0.36,2021-07-16,0006,N,VIIRS,n,2,298.7,3.05,N,0
37.78281,26.8715,342.84,0.38,0.36,2021-07-16,0006,N,VIIRS,n,2,305.5,12.71,N,0
37.78679,26.86801,349.84,0.38,0.36,2021-07-16,0006,N,VIIRS,n,2,305.42,12.71,N,0
37.78749,26.86365,347.37,0.38,0.36,2021-07-16,0006,N,VIIRS,n,2,302.17,3.05,N,0
38.37289,24.06202,308.8,0.42,0.37,2021-07-16,0006,N,VIIRS,n,2,296.9,1.54,N,2
37.74714,26.88034,312.56,0.38,0.36,2021-07-16,0006,N,VIIRS,n,2,298.91,2.6,N,0
37.74574,26.88903,313.22,0.38,0.36,2021-07-16,0006,N,VIIRS,n,2,298.28,1.76,N,0
38.13109,23.52299,308.55,0.43,0.38,2021-07-16,0006,N,VIIRS,n,2,297.47,2,N,2
37.74974,26.88553,316.7,0.38,0.36,2021-07-16,0006,N,VIIRS,n,2,299.29,1.76,N,0
37.74784,26.87599,324.53,0.38,0.36,2021-07-16,0006,N,VIIRS,n,2,300.33,2.6,N,0
37.77484,26.8785,316.69,0.38,0.36,2021-07-16,0006,N,VIIRS,n,2,299.11,1.84,N,0
37.77295,26.8689,318.88,0.38,0.36,2021-07-16,0006,N,VIIRS,n,2,299.36,2.47,N,0
37.76428,26.88023,346.41,0.38,0.36,2021-07-16,0006,N,VIIRS,n,2,300.25,4.34,N,0
37.76498,26.87588,351.68,0.38,0.36,2021-07-16,0006,N,VIIRS,n,2,303.13,12.07,N,0
37.76818,26.86804,341.2,0.48,0.4,2021-07-16,1127,N,VIIRS,n,2,312.91,6.78,D,0
37.78605,26.8602,336.54,0.48,0.4,2021-07-16,1127,N,VIIRS,l,2,309.09,4.76,D,0
37.76429,26.88328,335.07,0.48,0.4,2021-07-16,1127,N,VIIRS,l,2,309.28,7.35,D,0
37.7636,26.87752,340.65,0.48,0.4,2021-07-16,1127,N,VIIRS,l,2,313.55,7.35,D,0
37.76733,26.87722,352.95,0.48,0.4,2021-07-16,1127,N,VIIRS,n,2,308.98,6.4,D,0
37.76214,26.88097,344.62,0.48,0.4,2021-07-16,1127,N,VIIRS,n,2,315.09,7.58,D,0
37.76584,26.88046,342.32,0.48,0.4,2021-07-16,1127,N,VIIRS,n,2,308.49,7.58,D,0
37.76517,26.87458,345.5,0.48,0.4,2021-07-16,1127,N,VIIRS,n,2,310.45,9.24,D,0
37.78672,26.8661,337.36,0.48,0.4,2021-07-16,1127,N,VIIRS,l,2,311.13,6.77,D,0
40.70445,22.87541,348.53,0.39,0.36,2021-07-16,1128,N,VIIRS,n,2,311.92,8.33,D,0
40.70778,22.87458,348.26,0.39,0.36,2021-07-16,1128,N,VIIRS,n,2,310.59,16.28,D,0
40.28388,23.44615,307.66,0.49,0.49,2021-07-16,2346,N,VIIRS,n,2,294.96,1.43,N,2
38.56695,23.2964,328.51,0.48,0.48,2021-07-16,2347,N,VIIRS,n,2,295.4,4.24,N,3
38.37469,24.05992,307.06,0.44,0.46,2021-07-16,2347,N,VIIRS,n,2,295.3,0.91,N,2
37.78862,26.86367,334.08,0.48,0.4,2021-07-16,2347,N,VIIRS,n,2,296.86,4.59,N,0
37.76824,26.87689,312.33,0.48,0.4,2021-07-16,2347,N,VIIRS,n,2,295.78,1.51,N,0
39.38701,22.8091,336.42,0.46,0.39,2021-07-17,1109,N,VIIRS,l,2,310.15,4.58,D,2
40.70581,22.81648,337.01,0.44,0.38,2021-07-17,1109,N,VIIRS,l,2,311.85,3.67,D,2
38.12976,23.52573,306.93,0.42,0.61,2021-07-17,2328,N,VIIRS,n,2,293.75,1.11,N,2
39.356,22.98555,311.51,0.36,0.57,2021-07-18,0108,N,VIIRS,n,2,293.96,1.58,N,2
38.56369,23.293,308.73,0.39,0.59,2021-07-18,0108,N,VIIRS,n,2,293.86,1.21,N,2
39.77564,22.34498,303.1,0.32,0.55,2021-07-18,0108,N,VIIRS,n,2,288.4,0.36,N,0
38.37477,24.06016,304.06,0.43,0.62,2021-07-18,0108,N,VIIRS,n,2,293.79,0.98,N,2
40.88914,24.62844,330.43,0.57,0.43,2021-07-18,1050,N,VIIRS,n,2,298.69,6.4,D,0
41.11683,25.01476,331.33,0.54,0.42,2021-07-18,1050,N,VIIRS,l,2,301.82,1.79,D,0
39.62371,22.50053,367,0.65,0.73,2021-07-18,1231,N,VIIRS,h,2,291.4,35.52,D,0
39.62313,22.50117,367,0.65,0.73,2021-07-18,1231,N,VIIRS,h,2,292.11,25.96,D,0
39.623,22.49327,338.57,0.65,0.73,2021-07-18,1231,N,VIIRS,n,2,291.27,25.96,D,0
39.61688,22.50061,367,0.65,0.73,2021-07-18,1231,N,VIIRS,h,2,294.23,35.52,D,0
39.6163,22.50122,367,0.65,0.73,2021-07-18,1231,N,VIIRS,h,2,292.68,20.76,D,0
39.35411,22.98603,311.13,0.41,0.45,2021-07-19,0049,N,VIIRS,n,2,291.71,2.08,N,2
38.13037,23.52667,305.98,0.47,0.48,2021-07-19,0050,N,VIIRS,n,2,293.1,0.68,N,2
38.56621,23.29508,333.33,0.45,0.47,2021-07-19,0050,N,VIIRS,n,2,292.89,4.78,N,2
39.80678,22.38613,334.58,0.44,0.62,2021-07-19,1031,N,VIIRS,n,2,295.02,3.06,D,0
40.70561,22.8144,306.38,0.4,0.37,2021-07-20,0030,N,VIIRS,n,2,292.57,0.9,N,2
38.56621,23.29172,307.1,0.42,0.38,2021-07-20,0031,N,VIIRS,n,2,294.28,1.77,N,2
38.12939,23.52333,315.4,0.44,0.38,2021-07-20,0031,N,VIIRS,n,2,293.59,1.63,N,2
38.37519,24.06347,306.36,0.45,0.39,2021-07-20,0031,N,VIIRS,n,2,294.99,1.11,N,2
38.56535,23.29645,312.82,0.42,0.38,2021-07-20,0031,N,VIIRS,n,2,294.13,1.33,N,2
39.35601,22.98512,306.04,0.41,0.37,2021-07-20,0031,N,VIIRS,n,2,292.1,0.66,N,2
38.3512,21.56086,343.42,0.54,0.42,2021-07-20,1152,N,VIIRS,n,2,305.56,19.4,D,0
38.13062,23.52333,307.02,0.39,0.37,2021-07-21,0012,N,VIIRS,n,2,294.38,1.5,N,2
38.37386,24.06162,310.22,0.39,0.36,2021-07-21,0012,N,VIIRS,n,2,295.03,1.24,N,2
40.28397,23.44434,307.19,0.41,0.37,2021-07-21,0012,N,VIIRS,n,2,293.97,1.68,N,2
38.56799,23.29379,307.22,0.4,0.37,2021-07-21,0012,N,VIIRS,n,2,292.52,1.78,N,3
38.56463,23.29304,311.24,0.4,0.37,2021-07-21,0012,N,VIIRS,n,2,295.02,2.35,N,2
37.90642,22.94241,341.08,0.4,0.37,2021-07-21,1133,N,VIIRS,n,2,310.52,6.25,D,0
37.90303,22.94312,340.57,0.4,0.37,2021-07-21,1133,N,VIIRS,l,2,310.75,4.66,D,0
40.62948,22.13335,337.13,0.4,0.37,2021-07-21,1134,N,VIIRS,n,2,307.23,2.24,D,0
40.72454,22.11338,340.61,0.4,0.37,2021-07-21,1134,N,VIIRS,n,2,309.14,9.52,D,0
40.28354,23.44532,305.77,0.41,0.45,2021-07-21,2353,N,VIIRS,n,2,293.35,0.75,N,2
40.34711,23.21574,312.63,0.42,0.45,2021-07-21,2353,N,VIIRS,n,2,293.18,0.88,N,0
38.56477,23.29393,336.92,0.36,0.57,2021-07-22,2334,N,VIIRS,n,2,292.11,3.52,N,2
38.37408,24.0615,306.08,0.32,0.55,2021-07-22,2334,N,VIIRS,n,2,291.96,0.69,N,2
35.08751,25.69225,350.15,0.49,0.48,2021-07-22,2335,N,VIIRS,n,2,307.3,25.27,N,0
35.08593,25.69126,354.34,0.48,0.48,2021-07-22,2335,N,VIIRS,n,2,302.26,27.05,N,0
35.0854,25.69677,306.19,0.48,0.48,2021-07-22,2335,N,VIIRS,n,2,293.9,7.48,N,0
36.85247,27.13394,338.14,0.42,0.46,2021-07-22,2335,N,VIIRS,n,2,296.12,7.07,N,0
36.84825,27.1334,316.48,0.42,0.46,2021-07-22,2335,N,VIIRS,n,2,294.06,1.93,N,0
35.09201,25.69261,306.56,0.49,0.48,2021-07-22,2335,N,VIIRS,n,2,294.16,1.2,N,0
35.0904,25.69185,353.62,0.48,0.48,2021-07-22,2335,N,VIIRS,n,2,298.52,27.05,N,0
35.08305,25.69132,325.53,0.49,0.48,2021-07-22,2335,N,VIIRS,n,2,294.2,25.27,N,0
35.08799,25.68681,308.48,0.49,0.48,2021-07-22,2335,N,VIIRS,n,2,294.07,10.66,N,0
35.08593,25.68423,304.04,0.77,0.77,2021-07-23,0115,N,VIIRS,n,2,292.68,2.91,N,0
35.09285,25.68701,320.83,0.77,0.77,2021-07-23,0115,N,VIIRS,n,2,293.04,2.78,N,0
38.56402,23.29351,300.66,0.47,0.64,2021-07-23,0115,N,VIIRS,n,2,288.16,1.62,N,2
35.09004,25.69585,309.59,0.77,0.77,2021-07-23,0115,N,VIIRS,n,2,293.07,2.78,N,0
35.2065,25.24433,332.71,0.57,0.43,2021-07-23,1055,N,VIIRS,n,2,300.63,6.66,D,0
35.20774,25.25037,334.68,0.57,0.43,2021-07-23,1055,N,VIIRS,n,2,299.81,6.66,D,0
35.2104,25.243,334.6,0.57,0.43,2021-07-23,1055,N,VIIRS,n,2,300.41,6.66,D,0
35.21166,25.24916,335.06,0.57,0.43,2021-07-23,1055,N,VIIRS,n,2,301.81,6.66,D,0
37.85662,22.78487,367,0.45,0.47,2021-07-23,1056,N,VIIRS,l,2,333.92,86.89,D,0
37.8524,22.78618,349.63,0.45,0.47,2021-07-23,1056,N,VIIRS,n,2,306.15,86.89,D,0
38.84885,22.20984,347.2,0.46,0.47,2021-07-23,1056,N,VIIRS,n,2,301.26,8.19,D,0
37.85977,22.77874,346.4,0.45,0.47,2021-07-23,1056,N,VIIRS,n,2,300.89,18.56,D,0
37.86196,22.78853,341.71,0.45,0.47,2021-07-23,1056,N,VIIRS,n,2,304.04,76.19,D,0
37.85132,22.78136,348.35,0.45,0.47,2021-07-23,1056,N,VIIRS,n,2,306.65,133.09,D,0
37.85572,22.7714,301.33,0.68,0.74,2021-07-23,2315,N,VIIRS,n,2,286.84,1.51,N,0
35.26583,25.29711,300.82,0.48,0.64,2021-07-23,2316,N,VIIRS,n,2,289.82,0.61,N,0
40.28642,23.44421,303.94,0.5,0.49,2021-07-24,0055,N,VIIRS,n,2,290.64,0.91,N,2
38.37311,24.06204,305.08,0.59,0.53,2021-07-24,0056,N,VIIRS,n,2,291.54,1.59,N,2
37.68863,21.38316,301.68,0.45,0.47,2021-07-24,0056,N,VIIRS,n,2,289.14,0.45,N,0
37.69033,21.38686,307.33,0.45,0.47,2021-07-24,0056,N,VIIRS,n,2,289.27,0.44,N,0
38.56438,23.29583,309.12,0.54,0.51,2021-07-24,0056,N,VIIRS,n,2,291.4,2.73,N,2
39.35413,22.98642,308.84,0.5,0.49,2021-07-24,0056,N,VIIRS,n,2,291.81,1.95,N,2
39.38769,22.80515,306.72,0.48,0.48,2021-07-24,0056,N,VIIRS,n,2,289.06,0.75,N,2
38.06956,23.63524,330.59,0.35,0.57,2021-07-24,1037,N,VIIRS,l,2,301.44,1.49,D,0
38.07059,23.63921,331.1,0.35,0.57,2021-07-24,1037,N,VIIRS,l,2,302.22,1.49,D,0
40.746,23.97294,341.29,0.58,0.52,2021-07-24,1038,N,VIIRS,n,2,299.26,7.05,D,0
37.57508,22.99774,367,0.45,0.63,2021-07-24,1218,N,VIIRS,l,2,342.93,177.26,D,0
37.57244,22.9993,367,0.45,0.63,2021-07-24,1218,N,VIIRS,h,2,329.44,113.13,D,0
37.5786,23.00468,367,0.46,0.63,2021-07-24,1218,N,VIIRS,h,2,302.95,47.42,D,0
37.57809,22.99267,352.71,0.45,0.63,2021-07-24,1218,N,VIIRS,n,2,299.55,36.59,D,0
37.58471,23.00885,334.22,0.46,0.63,2021-07-24,1218,N,VIIRS,n,2,299.69,32.55,D,0
37.5845,23.00393,367,0.46,0.63,2021-07-24,1218,N,VIIRS,h,2,305.19,47.42,D,0
37.5727,23.00542,367,0.46,0.63,2021-07-24,1218,N,VIIRS,h,2,299.25,113.13,D,0
37.57562,23.00922,332.09,0.45,0.63,2021-07-24,1218,N,VIIRS,n,2,299.64,57.54,D,0
37.57537,23.0039,367,0.45,0.63,2021-07-24,1218,N,VIIRS,h,2,319.79,177.26,D,0
37.57835,22.99871,311.07,0.45,0.63,2021-07-24,1218,N,VIIRS,l,2,322.87,47.42,D,0
37.58424,22.99779,331.35,0.45,0.63,2021-07-24,1218,N,VIIRS,n,2,299.42,47.42,D,0
37.57479,22.99181,346.96,0.45,0.63,2021-07-24,1218,N,VIIRS,n,2,301.9,92.83,D,0
38.12905,23.52276,303.79,0.5,0.41,2021-07-25,0037,N,VIIRS,n,2,292.86,0.46,N,2
37.58473,23.00309,303.17,0.48,0.4,2021-07-25,0037,N,VIIRS,n,2,292.01,1.07,N,0
38.12925,23.52363,303.23,0.5,0.41,2021-07-25,0037,N,VIIRS,n,2,293,1,N,2
38.56451,23.29271,304.58,0.48,0.4,2021-07-25,0037,N,VIIRS,n,2,293.33,1,N,2
38.56812,23.29393,306.41,0.48,0.4,2021-07-25,0037,N,VIIRS,n,2,293.5,1,N,3
39.16782,22.84187,308.81,0.45,0.39,2021-07-25,0037,N,VIIRS,n,2,290.93,1.74,N,2
39.35595,22.98703,304.47,0.46,0.39,2021-07-25,0037,N,VIIRS,n,2,292.5,0.79,N,2
40.28385,23.44369,304.52,0.46,0.39,2021-07-25,0037,N,VIIRS,n,2,291.22,0.71,N,2
37.65863,22.93254,345.92,0.68,0.74,2021-07-25,1018,N,VIIRS,n,2,297.36,19.4,D,0
37.65603,22.92427,367,0.68,0.74,2021-07-25,1018,N,VIIRS,h,2,300.49,33.34,D,0
37.64956,22.92494,338.56,0.68,0.74,2021-07-25,1018,N,VIIRS,n,2,294.26,13.76,D,0
37.65877,22.93031,367,0.68,0.74,2021-07-25,1018,N,VIIRS,h,2,299.64,13.76,D,0
37.65585,22.92121,367,0.68,0.74,2021-07-25,1018,N,VIIRS,h,2,297.62,13.76,D,0
37.66684,22.93216,336.48,0.68,0.74,2021-07-25,1018,N,VIIRS,n,2,294.76,10.69,D,0
37.66428,22.92415,346.24,0.68,0.74,2021-07-25,1018,N,VIIRS,n,2,294.72,10.68,D,0
37.65271,22.93475,353.09,0.68,0.74,2021-07-25,1018,N,VIIRS,n,2,289.2,13.76,D,0
37.66439,22.92709,349.07,0.68,0.74,2021-07-25,1018,N,VIIRS,n,2,295.82,19.4,D,0
38.39303,22.97535,342.87,0.51,0.49,2021-07-25,1159,N,VIIRS,n,2,306.63,11.01,D,0
39.38809,22.80946,345.44,0.51,0.49,2021-07-25,1159,N,VIIRS,n,2,312.51,13.1,D,2
37.64814,22.93171,347.18,0.5,0.49,2021-07-25,1159,N,VIIRS,n,2,309.26,61.48,D,0
37.64773,22.92685,353.81,0.5,0.49,2021-07-25,1159,N,VIIRS,n,2,313.42,21.26,D,0
37.64735,22.92234,340.23,0.5,0.49,2021-07-25,1159,N,VIIRS,n,2,311.29,21.26,D,0
37.65315,22.93686,355.81,0.5,0.49,2021-07-25,1159,N,VIIRS,n,2,312.05,27.15,D,0
37.65223,22.926,348.52,0.5,0.49,2021-07-25,1159,N,VIIRS,n,2,313.35,11.82,D,0
37.65183,22.92119,342.39,0.5,0.49,2021-07-25,1159,N,VIIRS,n,2,310.15,11.82,D,0
37.65772,22.93679,367,0.5,0.49,2021-07-25,1159,N,VIIRS,h,2,308.74,27.15,D,0
37.65678,22.92562,347.65,0.5,0.49,2021-07-25,1159,N,VIIRS,n,2,316.34,11.82,D,0
37.65636,22.92065,341.66,0.5,0.49,2021-07-25,1159,N,VIIRS,n,2,305.96,11.82,D,0
37.66135,22.92561,367,0.5,0.49,2021-07-25,1159,N,VIIRS,h,2,309.83,9.28,D,0
37.6623,22.93679,340.9,0.5,0.49,2021-07-25,1159,N,VIIRS,n,2,307.59,6.04,D,0
37.66688,22.93679,343.8,0.5,0.49,2021-07-25,1159,N,VIIRS,n,2,305.34,6.04,D,0
37.84789,22.78723,353.21,0.49,0.49,2021-07-25,1159,N,VIIRS,n,2,310.61,24.24,D,0
37.7514,20.9085,337.99,0.39,0.44,2021-07-25,1159,N,VIIRS,l,2,310.6,2.74,D,0
37.75545,20.9079,342.42,0.39,0.44,2021-07-25,1159,N,VIIRS,n,2,310.71,2.74,D,0
38.39255,22.96949,342.51,0.51,0.49,2021-07-25,1159,N,VIIRS,n,2,305.13,8.19,D,0
37.64365,22.93273,367,0.5,0.49,2021-07-25,1159,N,VIIRS,h,2,329.96,61.48,D,0
37.64408,22.93788,350.98,0.5,0.49,2021-07-25,1159,N,VIIRS,n,2,316.47,61.48,D,0
37.64859,22.93709,353.58,0.5,0.49,2021-07-25,1159,N,VIIRS,n,2,313.94,61.48,D,0
38.56813,23.29315,329.77,0.38,0.36,2021-07-26,0018,N,VIIRS,n,2,295.73,2.69,N,3
38.37415,24.06215,311.44,0.39,0.36,2021-07-26,0018,N,VIIRS,n,2,295.61,1.21,N,2
38.56483,23.29232,312.1,0.38,0.36,2021-07-26,0018,N,VIIRS,n,2,296.16,2.69,N,2
38.56744,23.29753,327.81,0.38,0.36,2021-07-26,0018,N,VIIRS,n,2,294.28,3.63,N,3
39.16893,22.84568,302.86,0.39,0.36,2021-07-26,0018,N,VIIRS,n,2,291.85,1.76,N,2
39.35476,22.98511,313.55,0.39,0.36,2021-07-26,0018,N,VIIRS,n,2,294.92,1.58,N,2
39.38818,22.80783,307.48,0.39,0.36,2021-07-26,0018,N,VIIRS,n,2,291.68,0.91,N,2
40.28537,23.44504,306.95,0.39,0.36,2021-07-26,0018,N,VIIRS,n,2,293.49,0.66,N,2
38.13039,23.52368,309.79,0.38,0.36,2021-07-26,0018,N,VIIRS,n,2,295.24,0.7,N,2
36.37743,28.04402,342.99,0.71,0.75,2021-07-26,0959,N,VIIRS,n,2,301.88,91.96,D,0
36.37982,28.05159,367,0.7,0.75,2021-07-26,0959,N,VIIRS,h,2,311.27,91.96,D,0
41.05191,22.67743,342.14,0.47,0.4,2021-07-26,1141,N,VIIRS,n,2,310.63,3.75,D,0
40.70467,22.81437,306.06,0.56,0.43,2021-07-26,2359,N,VIIRS,n,2,293.09,1.24,N,2
37.75997,21.41742,337.86,0.4,0.45,2021-07-27,0000,N,VIIRS,n,2,295.77,4.4,N,0
38.12917,23.52743,306.24,0.49,0.4,2021-07-27,0000,N,VIIRS,n,2,295.52,1.26,N,2
37.75949,21.42208,304.43,0.4,0.44,2021-07-27,0000,N,VIIRS,n,2,294.38,0.74,N,0
38.1188,23.88272,347.5,0.38,0.36,2021-07-27,1121,N,VIIRS,l,2,321.54,27.78,D,0
38.11618,23.88789,333.84,0.38,0.36,2021-07-27,1121,N,VIIRS,n,2,308.44,27.78,D,0
38.12276,23.88626,336.62,0.38,0.36,2021-07-27,1121,N,VIIRS,l,2,307.53,20.92,D,0
38.11946,23.88708,367,0.38,0.36,2021-07-27,1121,N,VIIRS,l,2,331.15,27.78,D,0
38.11088,23.87565,348.75,0.38,0.36,2021-07-27,1121,N,VIIRS,n,2,308.49,16.45,D,0
38.11484,23.87919,354.5,0.38,0.36,2021-07-27,1121,N,VIIRS,n,2,310.67,12.5,D,0
38.11551,23.88354,348.89,0.38,0.36,2021-07-27,1121,N,VIIRS,n,2,315.54,27.78,D,0
38.10759,23.87646,337.9,0.38,0.36,2021-07-27,1121,N,VIIRS,n,2,306.95,16.45,D,0
38.11155,23.88,341.73,0.38,0.36,2021-07-27,1121,N,VIIRS,l,2,316.42,16.45,D,0
41.10941,24.1147,340.6,0.39,0.36,2021-07-27,1122,N,VIIRS,n,2,303.9,1.99,D,0
40.46894,22.90084,354.83,0.47,0.64,2021-07-28,0120,N,VIIRS,n,2,291.81,7.74,N,0
39.38569,22.80585,317.83,0.5,0.66,2021-07-28,0121,N,VIIRS,n,2,289.92,1.76,N,2
39.38526,22.80583,317.59,0.5,0.66,2021-07-28,0121,N,VIIRS,n,2,289.69,1.25,N,2
37.91179,21.73688,367,0.42,0.45,2021-07-28,1102,N,VIIRS,h,2,307.52,32.6,D,0
37.9081,21.74007,367,0.42,0.45,2021-07-28,1102,N,VIIRS,h,2,319.54,32.6,D,0
37.90326,21.73796,352.87,0.42,0.45,2021-07-28,1102,N,VIIRS,n,2,308.75,10.04,D,0
40.76222,22.45994,338.98,0.51,0.41,2021-07-28,1103,N,VIIRS,n,2,309.67,3.08,D,0
40.76101,22.45395,333.16,0.51,0.41,2021-07-28,1103,N,VIIRS,l,2,304.19,3.08,D,0
41.20881,24.98511,302.44,0.45,0.63,2021-07-28,2321,N,VIIRS,n,2,291.06,0.85,N,0
38.3753,24.06287,309.14,0.36,0.57,2021-07-29,0102,N,VIIRS,n,2,296.06,1.4,N,2
37.90975,21.7212,305.69,0.56,0.51,2021-07-29,0102,N,VIIRS,n,2,295.13,2.6,N,0
38.5654,23.29426,311.93,0.32,0.55,2021-07-29,0102,N,VIIRS,n,2,296.57,1.48,N,2
35.01612,25.72193,337.03,0.53,0.5,2021-07-29,1042,N,VIIRS,l,2,309.04,7.39,D,0
38.2738,21.78789,367,0.36,0.57,2021-07-29,1044,N,VIIRS,h,2,306.6,9.31,D,0
38.27873,21.7852,330.39,0.36,0.57,2021-07-29,1044,N,VIIRS,n,2,303.93,9.31,D,0
38.2727,21.7837,348.33,0.36,0.57,2021-07-29,1044,N,VIIRS,n,2,303.87,9.86,D,0
39.27252,22.43936,367,0.53,0.67,2021-07-29,1224,N,VIIRS,h,2,313.75,63.64,D,0
39.26619,22.43895,350.68,0.53,0.67,2021-07-29,1224,N,VIIRS,n,2,304.87,63.64,D,0
39.26971,22.43572,346.82,0.53,0.67,2021-07-29,1224,N,VIIRS,n,2,312.96,36.36,D,0
39.26991,22.44214,367,0.53,0.67,2021-07-29,1224,N,VIIRS,h,2,305.89,36.36,D,0
39.77032,22.27912,345.36,0.52,0.67,2021-07-29,1225,N,VIIRS,n,2,303.06,9.43,D,0
39.77062,22.28841,340.81,0.52,0.67,2021-07-29,1225,N,VIIRS,n,2,301.99,6.82,D,0
39.76437,22.28951,338.13,0.52,0.67,2021-07-29,1225,N,VIIRS,n,2,303.82,6.82,D,0
39.76731,22.27812,336.46,0.52,0.67,2021-07-29,1225,N,VIIRS,n,2,303.71,7.58,D,0
39.76754,22.28685,367,0.52,0.67,2021-07-29,1225,N,VIIRS,h,2,305,7.58,D,0
38.37423,24.06047,312.03,0.41,0.45,2021-07-30,0043,N,VIIRS,n,2,296.27,2,N,2
38.56613,23.29284,316.28,0.56,0.43,2021-07-30,0043,N,VIIRS,n,2,297.14,2.24,N,2
39.35351,22.98712,309.44,0.53,0.42,2021-07-30,0043,N,VIIRS,n,2,297,2.37,N,2
38.8631,20.99289,344.51,0.49,0.49,2021-07-30,1205,N,VIIRS,n,2,311.17,9.24,D,0
39.35594,22.98446,311.72,0.39,0.36,2021-07-31,0024,N,VIIRS,n,2,298.53,2.06,N,2
40.28479,23.4469,308.91,0.39,0.36,2021-07-31,0024,N,VIIRS,n,2,296.89,1.18,N,2
38.56421,23.29569,312.27,0.39,0.36,2021-07-31,0025,N,VIIRS,n,2,297.68,1.85,N,2
38.56752,23.29664,322.38,0.39,0.36,2021-07-31,0025,N,VIIRS,n,2,298.03,1.85,N,3
38.37532,24.06135,309.48,0.41,0.37,2021-07-31,0025,N,VIIRS,n,2,297.31,1.85,N,3
38.12964,23.52666,311.54,0.4,0.37,2021-07-31,0025,N,VIIRS,n,2,297.79,1.86,N,2
37.39581,23.10723,344.81,0.52,0.42,2021-07-31,1146,N,VIIRS,n,2,314.28,10.36,D,0
38.30842,21.97252,367,0.48,0.4,2021-07-31,1146,N,VIIRS,l,2,327.26,111.61,D,0
37.39694,23.10589,338.98,0.52,0.42,2021-07-31,1146,N,VIIRS,l,2,309.56,6.79,D,3
37.39756,23.11175,339.77,0.52,0.42,2021-07-31,1146,N,VIIRS,l,2,313.5,13.78,D,0
37.39966,23.10665,336.62,0.52,0.42,2021-07-31,1146,N,VIIRS,n,2,303.12,10.36,D,3
38.31043,21.98985,349.18,0.48,0.4,2021-07-31,1146,N,VIIRS,n,2,312.03,175.45,D,0
38.3037,21.99666,353.98,0.48,0.4,2021-07-31,1146,N,VIIRS,n,2,326.61,47.23,D,0
38.30239,21.98532,356.4,0.48,0.4,2021-07-31,1146,N,VIIRS,n,2,323.69,53.33,D,0
38.30172,21.97961,357.1,0.48,0.4,2021-07-31,1146,N,VIIRS,n,2,322.84,31.01,D,0
38.30105,21.97383,353.64,0.48,0.4,2021-07-31,1146,N,VIIRS,l,2,323.85,31.01,D,0
38.30305,21.99106,367,0.48,0.4,2021-07-31,1146,N,VIIRS,l,2,338.49,53.33,D,0
38.30674,21.99047,367,0.48,0.4,2021-07-31,1146,N,VIIRS,h,2,337.24,53.33,D,0
38.30739,21.99604,349.53,0.48,0.4,2021-07-31,1146,N,VIIRS,n,2,320.93,47.23,D,0
38.30608,21.98476,353.15,0.48,0.4,2021-07-31,1146,N,VIIRS,l,2,332.62,53.33,D,0
38.3054,21.97886,352.3,0.48,0.4,2021-07-31,1146,N,VIIRS,l,2,342.14,31.01,D,0
38.30472,21.97308,355.44,0.48,0.4,2021-07-31,1146,N,VIIRS,l,2,342.42,31.01,D,0
38.30976,21.98406,367,0.48,0.4,2021-07-31,1146,N,VIIRS,h,2,358.54,175.45,D,0
38.30909,21.97833,367,0.48,0.4,2021-07-31,1146,N,VIIRS,h,2,366.32,111.61,D,0
38.31279,21.97781,367,0.48,0.4,2021-07-31,1146,N,VIIRS,h,2,358.78,111.61,D,0
39.83038,22.0581,367,0.5,0.41,2021-07-31,1147,N,VIIRS,l,2,328.29,20.6,D,0
39.82663,22.0588,343.17,0.5,0.41,2021-07-31,1147,N,VIIRS,l,2,317.63,20.6,D,0
40.28403,23.44441,307.95,0.45,0.39,2021-08-01,0005,N,VIIRS,n,2,296.16,1.29,N,2
40.28503,23.4458,306.94,0.45,0.39,2021-08-01,0005,N,VIIRS,n,2,296.21,1.36,N,2
38.31503,21.97027,330.87,0.49,0.4,2021-08-01,0006,N,VIIRS,n,2,299.51,3.31,N,0
38.12908,23.527,308.76,0.43,0.38,2021-08-01,0006,N,VIIRS,n,2,297.28,2.36,N,2
38.31187,21.96475,326.51,0.49,0.4,2021-08-01,0006,N,VIIRS,n,2,301.09,3.31,N,0
38.31128,21.96985,312.23,0.49,0.4,2021-08-01,0006,N,VIIRS,n,2,300.66,3.31,N,0
38.30814,21.96416,323.05,0.49,0.4,2021-08-01,0006,N,VIIRS,n,2,299.12,2.8,N,0
38.30754,21.9693,313.02,0.49,0.4,2021-08-01,0006,N,VIIRS,n,2,299.48,2.8,N,0
38.30632,21.97999,307.85,0.49,0.4,2021-08-01,0006,N,VIIRS,n,2,297.53,1.83,N,0
38.30509,21.99073,307.82,0.49,0.4,2021-08-01,0006,N,VIIRS,n,2,296.45,2.74,N,0
38.30259,21.9794,308.15,0.49,0.4,2021-08-01,0006,N,VIIRS,n,2,296.57,1.83,N,0
38.31449,21.96968,331.38,0.49,0.4,2021-08-01,0006,N,VIIRS,n,2,299.62,4.34,N,0
38.31073,21.96928,326.21,0.49,0.4,2021-08-01,0006,N,VIIRS,n,2,302.4,4.34,N,0
38.31136,21.964,319.61,0.49,0.4,2021-08-01,0006,N,VIIRS,n,2,299.84,4.95,N,0
38.30763,21.96341,308.23,0.49,0.4,2021-08-01,0006,N,VIIRS,n,2,297.3,3.65,N,0
38.30702,21.96853,315.17,0.49,0.4,2021-08-01,0006,N,VIIRS,n,2,298.81,4.57,N,0
38.30576,21.97919,308.98,0.49,0.4,2021-08-01,0006,N,VIIRS,n,2,297.55,4.26,N,0
38.30448,21.98992,306.39,0.49,0.4,2021-08-01,0006,N,VIIRS,n,2,296.13,3.23,N,0
38.03815,23.78483,348.66,0.39,0.36,2021-08-01,1127,N,VIIRS,n,2,314.78,5.86,D,0
40.74363,22.169,354.43,0.39,0.36,2021-08-01,1128,N,VIIRS,n,2,315.45,8.65,D,0
41.16642,26.10589,339.18,0.48,0.4,2021-08-01,1128,N,VIIRS,n,2,304.11,20.87,D,0
41.16711,26.11194,354.32,0.48,0.4,2021-08-01,1128,N,VIIRS,n,2,310.03,26.97,D,0
41.16341,26.11266,355.11,0.48,0.4,2021-08-01,1128,N,VIIRS,n,2,307.36,26.97,D,0
36.34517,28.08701,316.77,0.42,0.38,2021-08-01,2347,N,VIIRS,n,2,301.06,1.9,N,0
36.34389,28.09654,317.53,0.42,0.38,2021-08-01,2347,N,VIIRS,n,2,301.74,2.24,N,0
36.3417,28.08651,340.26,0.42,0.38,2021-08-01,2347,N,VIIRS,n,2,302.37,1.9,N,0
36.34106,28.09126,326.86,0.42,0.38,2021-08-01,2347,N,VIIRS,n,2,303.16,2.24,N,0
36.34298,28.07689,311.34,0.42,0.38,2021-08-01,2347,N,VIIRS,n,2,300.15,1.68,N,0
36.34234,28.08171,310.75,0.42,0.38,2021-08-01,2347,N,VIIRS,n,2,298.3,1.9,N,0
36.3408,28.06672,320.27,0.42,0.38,2021-08-01,2347,N,VIIRS,n,2,299.81,1.77,N,0
36.33668,28.07105,328.64,0.42,0.38,2021-08-01,2347,N,VIIRS,n,2,300.81,4.55,N,0
36.33732,28.06618,314.56,0.42,0.38,2021-08-01,2347,N,VIIRS,n,2,298.33,1.77,N,0
36.32788,28.08382,317.21,0.42,0.38,2021-08-01,2347,N,VIIRS,n,2,298.89,2.19,N,0
36.33823,28.08597,317.44,0.42,0.38,2021-08-01,2347,N,VIIRS,n,2,299.81,2.34,N,0
36.3471,28.0726,323.61,0.42,0.38,2021-08-01,2347,N,VIIRS,n,2,299.97,1.68,N,0
36.34452,28.09181,322.12,0.42,0.38,2021-08-01,2347,N,VIIRS,n,2,302.6,2.24,N,0
36.34646,28.07739,315.77,0.42,0.38,2021-08-01,2347,N,VIIRS,n,2,301.1,1.68,N,0
36.34581,28.08222,313.72,0.42,0.38,2021-08-01,2347,N,VIIRS,n,2,300.75,1.9,N,0
36.3528,28.03007,329.58,0.42,0.38,2021-08-01,2347,N,VIIRS,n,2,298.1,1.74,N,0
36.3512,28.06847,315.2,0.42,0.38,2021-08-01,2347,N,VIIRS,n,2,299.88,0.88,N,0
36.35184,28.06372,310.21,0.42,0.38,2021-08-01,2347,N,VIIRS,n,2,298.76,0.88,N,0
36.348,28.09231,321.22,0.42,0.38,2021-08-01,2347,N,VIIRS,n,2,301.38,2.33,N,0
36.34864,28.08752,335.31,0.42,0.38,2021-08-01,2347,N,VIIRS,n,2,302.35,3.09,N,0
36.34928,28.08277,335.89,0.42,0.38,2021-08-01,2347,N,VIIRS,n,2,302.71,3.09,N,0
36.34993,28.07799,334.19,0.42,0.38,2021-08-01,2347,N,VIIRS,n,2,301.91,3.01,N,0
36.35056,28.07322,328.97,0.42,0.38,2021-08-01,2347,N,VIIRS,n,2,301.51,3.01,N,0
36.35275,28.08335,319.41,0.42,0.38,2021-08-01,2347,N,VIIRS,n,2,300.1,3.09,N,0
36.36255,28.03682,312.63,0.42,0.38,2021-08-01,2347,N,VIIRS,n,2,298.88,1.11,N,0
36.36537,28.04224,312.71,0.42,0.38,2021-08-01,2347,N,VIIRS,n,2,298.32,1.11,N,0
38.375,24.06285,308.32,0.44,0.46,2021-08-01,2347,N,VIIRS,n,2,296.9,2.05,N,2
36.34774,28.06783,326.04,0.42,0.38,2021-08-01,2347,N,VIIRS,n,2,299.09,3.01,N,0
40.16676,21.10697,307.28,0.47,0.64,2021-08-02,0127,N,VIIRS,n,2,291.9,1.27,N,0
36.35037,28.06975,343.57,0.38,0.36,2021-08-02,1108,N,VIIRS,l,2,316.35,4.89,D,0
36.35101,28.07401,345.94,0.38,0.36,2021-08-02,1108,N,VIIRS,l,2,316.04,4.89,D,0
36.34644,28.06623,367,0.38,0.36,2021-08-02,1108,N,VIIRS,l,2,326.4,6.48,D,0
41.0957,26.29633,336.57,0.38,0.36,2021-08-02,1109,N,VIIRS,l,2,310.52,8.15,D,0
41.099,26.29545,348.8,0.38,0.36,2021-08-02,1109,N,VIIRS,n,2,312.91,9.31,D,0
41.0983,26.29091,338.36,0.38,0.36,2021-08-02,1109,N,VIIRS,n,2,312.56,3.38,D,0
41.09172,26.29266,354.05,0.38,0.36,2021-08-02,1109,N,VIIRS,n,2,317.04,8.55,D,0
41.09501,26.29179,346.39,0.38,0.36,2021-08-02,1109,N,VIIRS,n,2,315.62,8.55,D,0
41.08843,26.29354,346.92,0.38,0.36,2021-08-02,1109,N,VIIRS,l,2,318.06,8.34,D,0
40.16747,21.10884,309.63,0.58,0.7,2021-08-02,2328,N,VIIRS,n,2,291.58,2.99,N,0
40.1679,21.10938,308.13,0.58,0.7,2021-08-02,2328,N,VIIRS,n,2,291.82,2.6,N,0
36.77121,21.89916,350.31,0.5,0.66,2021-08-02,2329,N,VIIRS,n,2,300.53,8.24,N,0
36.771,21.90433,330.19,0.5,0.66,2021-08-02,2329,N,VIIRS,n,2,299.06,8.24,N,0
36.3497,28.09322,322.9,0.45,0.47,2021-08-02,2329,N,VIIRS,n,2,301.48,3.66,N,0
36.35173,28.07178,316.59,0.45,0.47,2021-08-02,2329,N,VIIRS,n,2,300.95,3.62,N,0
40.28405,23.4463,308.54,0.36,0.57,2021-08-03,0108,N,VIIRS,n,2,295.47,1.28,N,2
36.35247,28.09175,310.8,0.78,0.78,2021-08-03,0109,N,VIIRS,n,2,298.84,3.36,N,0
36.77803,21.90702,367,0.63,0.54,2021-08-03,1049,N,VIIRS,l,2,326.14,196.68,D,0
36.77311,21.90859,367,0.63,0.54,2021-08-03,1049,N,VIIRS,h,2,319.22,87.17,D,0
36.77651,21.90084,367,0.64,0.54,2021-08-03,1049,N,VIIRS,h,2,327.67,151.21,D,0
36.77153,21.90217,353.05,0.64,0.54,2021-08-03,1049,N,VIIRS,n,2,320.82,66.81,D,0
40.32284,21.89964,348.46,0.52,0.5,2021-08-03,1050,N,VIIRS,n,2,313.24,53.58,D,0
40.16754,21.11475,335.72,0.58,0.52,2021-08-03,1050,N,VIIRS,n,2,301.13,5.12,D,0
40.31987,21.90758,345.59,0.52,0.5,2021-08-03,1050,N,VIIRS,n,2,315.28,74.83,D,0
40.31839,21.9014,367,0.52,0.5,2021-08-03,1050,N,VIIRS,h,2,334.35,53.58,D,0
40.31392,21.90312,342.93,0.52,0.5,2021-08-03,1050,N,VIIRS,n,2,316.69,18.35,D,0
40.31544,21.90944,344.11,0.52,0.5,2021-08-03,1050,N,VIIRS,n,2,307.94,12.7,D,0
39.7243,20.2994,348.77,0.32,0.55,2021-08-03,1050,N,VIIRS,n,2,303.07,6.6,D,0
39.72534,20.30346,367,0.32,0.55,2021-08-03,1050,N,VIIRS,h,2,306.16,6.6,D,0
38.13616,23.80573,367,0.47,0.48,2021-08-03,1050,N,VIIRS,l,2,330.41,170.97,D,0
38.13492,23.80038,367,0.47,0.48,2021-08-03,1050,N,VIIRS,h,2,328.02,59.22,D,0
38.13058,23.80163,340.37,0.47,0.48,2021-08-03,1050,N,VIIRS,n,2,314.37,59.22,D,0
38.13642,23.80683,346.51,0.47,0.48,2021-08-03,1050,N,VIIRS,n,2,319.84,92.01,D,0
38.13522,23.80148,367,0.47,0.48,2021-08-03,1050,N,VIIRS,h,2,341.49,92.01,D,0
38.13208,23.80809,344.57,0.47,0.48,2021-08-03,1050,N,VIIRS,n,2,315.12,92.01,D,0
38.1103,23.82192,332.63,0.75,0.77,2021-08-03,1230,N,VIIRS,n,2,301.96,4.5,D,0
37.01635,21.78309,367,0.58,0.7,2021-08-03,1230,N,VIIRS,h,2,306.94,85.51,D,0
37.01699,21.77507,367,0.58,0.69,2021-08-03,1230,N,VIIRS,h,2,325.56,148.84,D,0
37.01715,21.78003,367,0.58,0.69,2021-08-03,1230,N,VIIRS,h,2,322.47,190.62,D,0
36.77983,21.92604,347.42,0.59,0.7,2021-08-03,1230,N,VIIRS,n,2,305.63,17.44,D,0
36.77918,21.90065,367,0.58,0.7,2021-08-03,1230,N,VIIRS,h,2,307.84,38.27,D,0
38.13173,23.79363,342.93,0.75,0.77,2021-08-03,1230,N,VIIRS,n,2,305.9,31.57,D,0
38.1391,23.80998,334.69,0.75,0.77,2021-08-03,1230,N,VIIRS,n,2,304.56,41.29,D,0
38.13902,23.80103,350.89,0.75,0.77,2021-08-03,1230,N,VIIRS,n,2,305.49,31.57,D,0
38.13336,23.81154,367,0.75,0.77,2021-08-03,1230,N,VIIRS,h,2,309.32,48.27,D,0
38.13332,23.80259,367,0.75,0.77,2021-08-03,1230,N,VIIRS,h,2,315.96,48.27,D,0
36.77942,21.90968,367,0.58,0.7,2021-08-03,1230,N,VIIRS,h,2,314.44,37.92,D,0
36.77963,21.91811,367,0.59,0.7,2021-08-03,1230,N,VIIRS,h,2,308.65,37.92,D,0
36.77266,21.90193,355.43,0.58,0.7,2021-08-03,1230,N,VIIRS,n,2,308.48,24.99,D,0
36.77328,21.92662,345.63,0.59,0.7,2021-08-03,1230,N,VIIRS,n,2,305.6,15.08,D,0
36.77287,21.91008,367,0.58,0.7,2021-08-03,1230,N,VIIRS,h,2,311.41,30.17,D,0
36.77307,21.91829,367,0.59,0.7,2021-08-03,1230,N,VIIRS,h,2,309.48,30.17,D,0
36.78017,21.89479,339.98,0.58,0.7,2021-08-03,1230,N,VIIRS,n,2,294.41,12.63,D,0
36.78046,21.90409,353.37,0.58,0.7,2021-08-03,1230,N,VIIRS,n,2,309.69,35.84,D,0
36.781,21.92092,346.82,0.58,0.7,2021-08-03,1230,N,VIIRS,n,2,305.99,25.4,D,0
38.12475,23.82104,357.62,0.75,0.77,2021-08-03,1230,N,VIIRS,n,2,305.08,196.35,D,0
38.12482,23.83,332.46,0.75,0.77,2021-08-03,1230,N,VIIRS,n,2,305.88,25.92,D,0
38.11738,23.80408,293.31,0.75,0.77,2021-08-03,1230,N,VIIRS,l,2,320.74,125.15,D,0
38.1176,23.8303,340.57,0.75,0.77,2021-08-03,1230,N,VIIRS,n,2,303.26,25.92,D,0
38.11745,23.81292,367,0.75,0.77,2021-08-03,1230,N,VIIRS,h,2,350.98,196.35,D,0
38.11752,23.82171,367,0.75,0.77,2021-08-03,1230,N,VIIRS,h,2,306.98,196.35,D,0
38.11023,23.81337,335.75,0.75,0.77,2021-08-03,1230,N,VIIRS,n,2,303.43,4.5,D,0
37.01621,21.77807,367,0.58,0.7,2021-08-03,1230,N,VIIRS,l,2,334.27,214.7,D,0
38.13329,23.79378,349.21,0.75,0.77,2021-08-03,1230,N,VIIRS,n,2,305.82,27.5,D,0
36.77445,21.92126,367,0.58,0.7,2021-08-03,1230,N,VIIRS,h,2,312.98,20.13,D,0
36.76741,21.90598,343.71,0.58,0.7,2021-08-03,1230,N,VIIRS,n,2,306.87,21.51,D,0
36.78074,21.91272,367,0.58,0.7,2021-08-03,1230,N,VIIRS,h,2,310.17,35.84,D,0
36.7747,21.92915,340.28,0.59,0.7,2021-08-03,1230,N,VIIRS,n,2,304.41,20.13,D,0
36.77392,21.90462,367,0.58,0.7,2021-08-03,1230,N,VIIRS,h,2,313.34,21.51,D,0
36.77419,21.91294,367,0.58,0.7,2021-08-03,1230,N,VIIRS,h,2,309.22,21.51,D,0
38.39724,24.12654,340.31,0.78,0.78,2021-08-03,1230,N,VIIRS,n,2,307.66,7.73,D,0
38.39717,24.11753,340.88,0.78,0.78,2021-08-03,1230,N,VIIRS,n,2,306.59,7.73,D,0
38.13181,23.80245,367,0.75,0.77,2021-08-03,1230,N,VIIRS,h,2,318.36,31.57,D,0
38.13189,23.81134,367,0.75,0.77,2021-08-03,1230,N,VIIRS,h,2,312.8,41.29,D,0
38.12459,23.80344,309.18,0.75,0.77,2021-08-03,1230,N,VIIRS,l,2,322.94,125.15,D,0
38.12467,23.81225,351.67,0.75,0.77,2021-08-03,1230,N,VIIRS,l,2,328.71,196.35,D,0
38.12452,23.79461,338.4,0.75,0.77,2021-08-03,1230,N,VIIRS,n,2,306.82,125.15,D,0
39.72519,20.30089,333.85,0.5,0.66,2021-08-03,1231,N,VIIRS,n,2,300.11,9.09,D,0
38.39701,24.11842,349.7,0.78,0.78,2021-08-03,1231,N,VIIRS,n,2,307.37,10.58,D,0
40.00669,21.56865,334.56,0.59,0.7,2021-08-03,1231,N,VIIRS,n,2,301.81,4.25,D,0
40.0118,21.56849,338.4,0.59,0.7,2021-08-03,1231,N,VIIRS,n,2,301.68,4.78,D,0
40.31691,21.9063,349.04,0.61,0.71,2021-08-03,1231,N,VIIRS,n,2,305.12,12.79,D,0
40.31678,21.89939,339.36,0.61,0.71,2021-08-03,1231,N,VIIRS,n,2,303.5,7.26,D,0
40.31282,21.90431,340.56,0.61,0.71,2021-08-03,1231,N,VIIRS,n,2,303.5,4.14,D,0
40.3195,21.90382,367,0.61,0.71,2021-08-03,1231,N,VIIRS,h,2,306.84,10.87,D,0
38.86521,23.32312,312.4,0.42,0.38,2021-08-05,0031,N,VIIRS,n,2,295.73,3.33,N,0
37.31413,21.9465,310.5,0.4,0.37,2021-08-05,0031,N,VIIRS,n,2,298.16,3.09,N,0
37.31512,21.96089,312.72,0.4,0.37,2021-08-05,0031,N,VIIRS,n,2,298.88,1.96,N,0
37.312,21.97874,348.97,0.4,0.37,2021-08-05,0031,N,VIIRS,n,2,306.63,15.17,N,0
37.31849,21.96172,313.45,0.4,0.37,2021-08-05,0031,N,VIIRS,n,2,298.65,1.96,N,0
37.32009,21.95259,312.02,0.4,0.37,2021-08-05,0031,N,VIIRS,n,2,298.39,2.63,N,0
37.32165,21.94366,314.04,0.4,0.37,2021-08-05,0031,N,VIIRS,n,2,297.45,3.23,N,0
37.3193,21.95712,322.76,0.4,0.37,2021-08-05,0031,N,VIIRS,n,2,300,2.63,N,0
37.32347,21.95333,308.56,0.4,0.37,2021-08-05,0031,N,VIIRS,n,2,297.47,3.13,N,0
37.64612,21.65295,315.78,0.4,0.37,2021-08-05,0031,N,VIIRS,n,2,294.75,2.91,N,0
37.64688,21.6485,330.34,0.4,0.37,2021-08-05,0031,N,VIIRS,n,2,295.76,5.48,N,0
37.65247,21.63608,314.35,0.4,0.37,2021-08-05,0031,N,VIIRS,n,2,295.91,1.28,N,0
37.64945,21.65383,326.99,0.4,0.37,2021-08-05,0031,N,VIIRS,n,2,295.44,3.68,N,0
37.6502,21.64937,332.15,0.4,0.37,2021-08-05,0031,N,VIIRS,n,2,297.37,3.1,N,0
37.65354,21.65025,307.11,0.4,0.37,2021-08-05,0031,N,VIIRS,n,2,294.83,3.1,N,0
37.6558,21.63696,308.46,0.4,0.37,2021-08-05,0031,N,VIIRS,n,2,296.34,1.28,N,0
37.65913,21.63785,318.77,0.4,0.37,2021-08-05,0031,N,VIIRS,n,2,296.41,2.93,N,0
37.65988,21.63344,324.07,0.4,0.37,2021-08-05,0031,N,VIIRS,n,2,295.4,2.97,N,0
37.6602,21.65197,344.47,0.4,0.37,2021-08-05,0031,N,VIIRS,n,2,300.13,17.35,N,0
37.66078,21.65441,321.6,0.4,0.37,2021-08-05,0031,N,VIIRS,n,2,296.93,4.81,N,0
37.66154,21.64997,334.62,0.4,0.37,2021-08-05,0031,N,VIIRS,n,2,303.83,11.96,N,0
37.66412,21.65525,310.29,0.4,0.37,2021-08-05,0031,N,VIIRS,n,2,294.82,4.81,N,0
37.6702,21.61987,307.48,0.4,0.37,2021-08-05,0031,N,VIIRS,n,2,295.91,2.19,N,0
37.66488,21.65083,341,0.4,0.37,2021-08-05,0031,N,VIIRS,n,2,299.64,11.96,N,0
37.67046,21.63856,306.06,0.4,0.37,2021-08-05,0031,N,VIIRS,n,2,293.82,2.21,N,0
37.67959,21.5854,307.81,0.4,0.37,2021-08-05,0031,N,VIIRS,n,2,294.72,1.28,N,0
37.66822,21.65166,343.95,0.4,0.37,2021-08-05,0031,N,VIIRS,n,2,303.04,9.4,N,0
37.68217,21.59065,306.61,0.4,0.37,2021-08-05,0031,N,VIIRS,n,2,294.9,1.28,N,0
37.68292,21.58624,319,0.4,0.37,2021-08-05,0031,N,VIIRS,n,2,298.23,1.28,N,0
37.67155,21.65254,323.47,0.4,0.37,2021-08-05,0031,N,VIIRS,n,2,301.3,9.4,N,0
37.67229,21.64819,332.01,0.4,0.37,2021-08-05,0031,N,VIIRS,n,2,298.23,9.4,N,0
37.67304,21.64383,325.86,0.4,0.37,2021-08-05,0031,N,VIIRS,n,2,295.66,2.21,N,0
37.6738,21.63944,329.62,0.4,0.37,2021-08-05,0031,N,VIIRS,n,2,295.14,2.21,N,0
37.68549,21.59152,311.43,0.4,0.37,2021-08-05,0031,N,VIIRS,n,2,296.59,3.06,N,0
37.68776,21.5783,307.62,0.4,0.37,2021-08-05,0031,N,VIIRS,n,2,293.6,2.21,N,0
37.68851,21.57388,322.84,0.4,0.37,2021-08-05,0031,N,VIIRS,n,2,297.31,1.66,N,0
37.69184,21.57474,308.02,0.4,0.37,2021-08-05,0031,N,VIIRS,n,2,296.62,1.66,N,0
37.68454,21.63766,338.2,0.4,0.37,2021-08-05,0031,N,VIIRS,n,2,295.18,4.65,N,0
37.68787,21.63853,338.18,0.4,0.37,2021-08-05,0031,N,VIIRS,n,2,295.2,4.65,N,0
37.70001,21.56765,328.2,0.39,0.37,2021-08-05,0031,N,VIIRS,n,2,297.26,22.58,N,0
37.70076,21.56325,354.12,0.39,0.37,2021-08-05,0031,N,VIIRS,n,2,306.68,22.58,N,0
37.69197,21.6349,311.63,0.4,0.37,2021-08-05,0031,N,VIIRS,n,2,295.8,4.21,N,0
37.70333,21.56851,324.67,0.39,0.37,2021-08-05,0031,N,VIIRS,n,2,298.29,7.86,N,0
37.70408,21.56413,353.36,0.39,0.37,2021-08-05,0031,N,VIIRS,n,2,305.34,7.86,N,0
37.6953,21.63577,340.27,0.4,0.37,2021-08-05,0031,N,VIIRS,n,2,301.36,4.21,N,0
37.70591,21.5738,337.14,0.4,0.37,2021-08-05,0031,N,VIIRS,n,2,301.17,5.93,N,0
37.70665,21.56941,329.13,0.39,0.37,2021-08-05,0031,N,VIIRS,n,2,297.33,7.86,N,0
37.70091,21.62333,312.91,0.4,0.37,2021-08-05,0031,N,VIIRS,n,2,296.36,3.44,N,0
37.70922,21.57473,321.79,0.4,0.37,2021-08-05,0031,N,VIIRS,n,2,295.04,3.58,N,0
37.70997,21.57033,343.02,0.39,0.37,2021-08-05,0031,N,VIIRS,n,2,307.3,28.57,N,0
37.70501,21.61975,315,0.4,0.37,2021-08-05,0031,N,VIIRS,n,2,297.53,3.44,N,0
37.70425,21.62419,337.61,0.4,0.37,2021-08-05,0031,N,VIIRS,n,2,300.1,3.44,N,0
37.70911,21.6161,347.21,0.4,0.37,2021-08-05,0031,N,VIIRS,n,2,304.27,25.82,N,0
37.71244,21.61697,344.62,0.4,0.37,2021-08-05,0031,N,VIIRS,n,2,309.37,25.82,N,0
38.13032,23.52406,316.27,0.44,0.38,2021-08-05,0031,N,VIIRS,n,2,297.63,2.39,N,2
38.80964,23.23333,310.08,0.42,0.38,2021-08-05,0031,N,VIIRS,n,2,297.03,1.4,N,0
38.81306,23.25394,313.27,0.42,0.38,2021-08-05,0031,N,VIIRS,n,2,295.78,0.72,N,0
38.81908,23.22108,320.41,0.42,0.38,2021-08-05,0031,N,VIIRS,n,2,298.27,1.47,N,0
38.8225,23.22203,316.99,0.42,0.38,2021-08-05,0031,N,VIIRS,n,2,297.39,1.47,N,0
38.82164,23.22671,322.04,0.42,0.38,2021-08-05,0031,N,VIIRS,n,2,297.22,1.98,N,0
38.81907,23.26044,312.11,0.42,0.38,2021-08-05,0031,N,VIIRS,n,2,297.67,4.23,N,0
38.82592,23.22299,313.01,0.42,0.38,2021-08-05,0031,N,VIIRS,n,2,296.83,2.92,N,0
38.83538,23.23025,340.8,0.42,0.38,2021-08-05,0031,N,VIIRS,n,2,300.8,8.51,N,0
38.83802,23.23547,346.81,0.42,0.38,2021-08-05,0031,N,VIIRS,n,2,306.91,8.82,N,0
38.83883,23.23106,321.98,0.42,0.38,2021-08-05,0031,N,VIIRS,n,2,298.13,8.82,N,0
38.83808,23.25487,311.27,0.42,0.38,2021-08-05,0031,N,VIIRS,n,2,297.57,3.66,N,0
38.84063,23.24089,336.35,0.42,0.38,2021-08-05,0031,N,VIIRS,n,2,306.69,8.22,N,0
38.84145,23.23641,350.74,0.42,0.38,2021-08-05,0031,N,VIIRS,n,2,313.31,8.82,N,0
38.84225,23.23198,329.02,0.42,0.38,2021-08-05,0031,N,VIIRS,n,2,298.26,8.82,N,0
38.84325,23.24627,329.47,0.42,0.38,2021-08-05,0031,N,VIIRS,n,2,302.48,21.24,N,0
38.84407,23.24177,355.47,0.42,0.38,2021-08-05,0031,N,VIIRS,n,2,311.55,21.24,N,0
38.84487,23.23735,347.41,0.42,0.38,2021-08-05,0031,N,VIIRS,n,2,306.74,13.26,N,0
38.84327,23.26587,326.22,0.42,0.38,2021-08-05,0031,N,VIIRS,n,2,299.78,5.18,N,0
38.84413,23.26113,342.97,0.42,0.38,2021-08-05,0031,N,VIIRS,n,2,304.45,5.18,N,0
38.84499,23.25643,348.84,0.42,0.38,2021-08-05,0031,N,VIIRS,n,2,304.29,12.1,N,0
38.84584,23.25175,356.17,0.42,0.38,2021-08-05,0031,N,VIIRS,n,2,306.52,12.1,N,0
38.84668,23.24716,367,0.42,0.38,2021-08-05,0031,N,VIIRS,h,2,317.1,21.24,N,0
38.84749,23.24272,354.91,0.42,0.38,2021-08-05,0031,N,VIIRS,n,2,321.76,21.24,N,0
38.84829,23.23833,323.4,0.42,0.38,2021-08-05,0031,N,VIIRS,n,2,298.7,13.26,N,0
38.83777,23.31565,310.8,0.42,0.38,2021-08-05,0031,N,VIIRS,n,2,296.39,4.18,N,0
38.84582,23.27155,312.52,0.42,0.38,2021-08-05,0031,N,VIIRS,n,2,297.07,2.45,N,0
38.8467,23.26673,348.82,0.42,0.38,2021-08-05,0031,N,VIIRS,n,2,306.55,10.94,N,0
38.84755,23.26211,367,0.42,0.38,2021-08-05,0031,N,VIIRS,h,2,309.56,10.94,N,0
38.84838,23.25753,348.21,0.42,0.38,2021-08-05,0031,N,VIIRS,n,2,301.63,9.07,N,0
38.84921,23.25296,353.5,0.42,0.38,2021-08-05,0031,N,VIIRS,n,2,304.7,9.07,N,0
38.85006,23.24836,334.38,0.42,0.38,2021-08-05,0031,N,VIIRS,n,2,298.49,6.86,N,0
38.8385,23.33135,312.34,0.42,0.38,2021-08-05,0031,N,VIIRS,n,2,297.55,3.93,N,0
38.84032,23.3214,312.34,0.42,0.38,2021-08-05,0031,N,VIIRS,n,2,296.91,4.32,N,0
38.84644,23.2879,312.95,0.42,0.38,2021-08-05,0031,N,VIIRS,n,2,297.62,2.51,N,0
38.84734,23.28293,314.89,0.42,0.38,2021-08-05,0031,N,VIIRS,n,2,297.76,2.51,N,0
38.84922,23.27263,319.39,0.42,0.38,2021-08-05,0031,N,VIIRS,n,2,299.99,2.45,N,0
38.83761,23.33617,336.36,0.42,0.38,2021-08-05,0031,N,VIIRS,n,2,297.41,3.93,N,0
38.84827,23.27785,322.94,0.42,0.38,2021-08-05,0031,N,VIIRS,n,2,299.44,2.45,N,0
38.85011,23.26778,353.42,0.42,0.38,2021-08-05,0031,N,VIIRS,n,2,304.85,10.94,N,0
38.84015,23.34202,310.53,0.42,0.38,2021-08-05,0031,N,VIIRS,n,2,296.48,2.68,N,0
38.84373,23.32245,315.25,0.42,0.38,2021-08-05,0031,N,VIIRS,n,2,296.87,7.36,N,0
38.84461,23.31761,312.58,0.42,0.38,2021-08-05,0031,N,VIIRS,n,2,296.18,1.56,N,0
38.84548,23.31285,312.14,0.42,0.38,2021-08-05,0031,N,VIIRS,n,2,296.62,1.56,N,0
38.84719,23.30345,310.49,0.42,0.38,2021-08-05,0031,N,VIIRS,n,2,296.03,1.7,N,0
38.84809,23.29856,311.95,0.42,0.38,2021-08-05,0031,N,VIIRS,n,2,296.82,1.59,N,0
38.84898,23.29368,311.5,0.42,0.38,2021-08-05,0031,N,VIIRS,n,2,296.87,1.59,N,0
38.84986,23.28882,311.43,0.42,0.38,2021-08-05,0031,N,VIIRS,n,2,296.89,7.79,N,0
38.84105,23.33712,338.46,0.42,0.38,2021-08-05,0031,N,VIIRS,n,2,299.64,27.31,N,0
38.84193,23.33228,346.4,0.42,0.38,2021-08-05,0031,N,VIIRS,n,2,300.05,27.31,N,0
38.84282,23.32738,323.21,0.42,0.38,2021-08-05,0031,N,VIIRS,n,2,298.24,7.36,N,0
38.85077,23.28387,348.87,0.42,0.38,2021-08-05,0031,N,VIIRS,n,2,306.08,7.79,N,0
38.85168,23.27888,348.26,0.42,0.38,2021-08-05,0031,N,VIIRS,n,2,312.7,77.97,N,0
38.85262,23.2737,343.73,0.42,0.38,2021-08-05,0031,N,VIIRS,n,2,306.62,77.97,N,0
38.85352,23.2688,332.64,0.42,0.38,2021-08-05,0031,N,VIIRS,n,2,298.94,4.23,N,0
38.84359,23.3429,315.09,0.42,0.38,2021-08-05,0031,N,VIIRS,n,2,297.25,2.68,N,0
38.84893,23.31368,315.9,0.42,0.38,2021-08-05,0031,N,VIIRS,n,2,296.9,1.56,N,0
38.84979,23.30895,313.17,0.42,0.38,2021-08-05,0031,N,VIIRS,n,2,297.1,1.7,N,0
38.85065,23.30428,311.21,0.42,0.38,2021-08-05,0031,N,VIIRS,n,2,296.7,1.7,N,0
38.85152,23.2995,315.74,0.42,0.38,2021-08-05,0031,N,VIIRS,n,2,296.62,1.59,N,0
38.8524,23.29467,319.46,0.42,0.38,2021-08-05,0031,N,VIIRS,n,2,299.14,1.59,N,0
38.85329,23.28976,314.95,0.42,0.38,2021-08-05,0031,N,VIIRS,n,2,297.58,7.79,N,0
38.84447,23.33806,341.08,0.42,0.38,2021-08-05,0031,N,VIIRS,n,2,302.49,27.31,N,0
38.84536,23.33321,342.97,0.42,0.38,2021-08-05,0031,N,VIIRS,n,2,329.09,27.31,N,0
38.84626,23.32833,352.45,0.42,0.38,2021-08-05,0031,N,VIIRS,n,2,308.48,7.36,N,0
38.84715,23.32344,323.99,0.42,0.38,2021-08-05,0031,N,VIIRS,n,2,297.72,7.36,N,0
38.84804,23.31855,320.73,0.42,0.38,2021-08-05,0031,N,VIIRS,n,2,297.1,1.56,N,0
38.85419,23.28481,335.04,0.42,0.38,2021-08-05,0031,N,VIIRS,n,2,298.67,7.79,N,0
38.85603,23.27476,354.19,0.42,0.38,2021-08-05,0031,N,VIIRS,n,2,316.95,77.97,N,0
38.85693,23.26981,329.01,0.42,0.38,2021-08-05,0031,N,VIIRS,n,2,298.18,4.23,N,0
38.84704,23.34375,315.92,0.42,0.38,2021-08-05,0031,N,VIIRS,n,2,297.23,2.2,N,0
38.8576,23.28585,313.29,0.42,0.38,2021-08-05,0031,N,VIIRS,n,2,296.64,3.26,N,0
38.84792,23.33894,328.78,0.42,0.38,2021-08-05,0031,N,VIIRS,n,2,297.91,30.98,N,0
38.8488,23.33411,345.21,0.42,0.38,2021-08-05,0031,N,VIIRS,n,2,326.68,30.98,N,0
38.84969,23.32926,351.9,0.42,0.38,2021-08-05,0031,N,VIIRS,n,2,326.41,45.25,N,0
38.85058,23.32438,354.84,0.42,0.38,2021-08-05,0031,N,VIIRS,n,2,302.96,45.25,N,0
38.85147,23.31946,322.55,0.42,0.38,2021-08-05,0031,N,VIIRS,n,2,317.69,140.28,N,0
38.85238,23.31449,351.26,0.42,0.38,2021-08-05,0031,N,VIIRS,n,2,305.18,140.28,N,0
38.85325,23.30971,325.56,0.42,0.38,2021-08-05,0031,N,VIIRS,n,2,300.67,5.93,N,0
38.8541,23.30507,327.41,0.42,0.38,2021-08-05,0031,N,VIIRS,n,2,299.55,5.93,N,0
38.85496,23.30035,321.65,0.42,0.38,2021-08-05,0031,N,VIIRS,n,2,296.27,5.05,N,0
38.85851,23.28086,330.98,0.42,0.38,2021-08-05,0031,N,VIIRS,n,2,309.95,29.15,N,0
38.85943,23.27582,341.45,0.42,0.38,2021-08-05,0031,N,VIIRS,n,2,310.54,29.15,N,0
38.84959,23.34955,309.92,0.42,0.38,2021-08-05,0031,N,VIIRS,n,2,297.02,2.2,N,0
38.85049,23.34459,316.87,0.42,0.38,2021-08-05,0031,N,VIIRS,n,2,298.26,2.2,N,0
38.86192,23.28189,311.4,0.42,0.38,2021-08-05,0031,N,VIIRS,n,2,296.95,29.15,N,0
38.85136,23.33979,331.61,0.42,0.38,2021-08-05,0031,N,VIIRS,n,2,298.39,30.98,N,0
38.85225,23.335,339.67,0.42,0.38,2021-08-05,0031,N,VIIRS,n,2,318.22,30.98,N,0
38.85313,23.33017,345.64,0.42,0.38,2021-08-05,0031,N,VIIRS,n,2,326.1,45.25,N,0
38.85401,23.32532,345.13,0.42,0.38,2021-08-05,0031,N,VIIRS,n,2,299.28,45.25,N,0
38.85583,23.31532,367,0.42,0.38,2021-08-05,0031,N,VIIRS,h,2,347.7,140.28,N,0
38.85672,23.31043,350.9,0.42,0.38,2021-08-05,0031,N,VIIRS,n,2,306.43,5.93,N,0
38.85758,23.3057,332.28,0.42,0.38,2021-08-05,0031,N,VIIRS,n,2,301.09,5.93,N,0
38.85844,23.30103,331.68,0.42,0.38,2021-08-05,0031,N,VIIRS,n,2,299.88,5.05,N,0
38.85303,23.35044,309.86,0.42,0.38,2021-08-05,0031,N,VIIRS,n,2,296.75,2.31,N,0
38.85394,23.34542,317.13,0.42,0.38,2021-08-05,0031,N,VIIRS,n,2,297.54,2.31,N,0
38.85481,23.34066,341.92,0.42,0.38,2021-08-05,0031,N,VIIRS,n,2,301.35,77.52,N,0
38.85569,23.33587,367,0.42,0.38,2021-08-05,0031,N,VIIRS,h,2,357.04,77.52,N,0
38.85656,23.33106,342.04,0.42,0.38,2021-08-05,0031,N,VIIRS,n,2,301.16,10.99,N,0
38.85745,23.32621,335.52,0.42,0.38,2021-08-05,0031,N,VIIRS,n,2,298.72,10.99,N,0
38.85834,23.32128,367,0.42,0.38,2021-08-05,0031,N,VIIRS,h,2,348.41,50.44,N,0
38.85928,23.31617,352.43,0.42,0.38,2021-08-05,0031,N,VIIRS,n,2,328.59,50.44,N,0
38.86019,23.31113,336.13,0.42,0.38,2021-08-05,0031,N,VIIRS,n,2,299.93,4.97,N,0
38.86107,23.30632,330.78,0.42,0.38,2021-08-05,0031,N,VIIRS,n,2,298.6,4.97,N,0
38.85734,23.34655,313.93,0.42,0.38,2021-08-05,0031,N,VIIRS,n,2,297.65,2.31,N,0
38.86089,23.32709,317.66,0.42,0.38,2021-08-05,0031,N,VIIRS,n,2,297.18,10.99,N,0
38.86271,23.3171,315.84,0.42,0.38,2021-08-05,0031,N,VIIRS,n,2,297.72,50.44,N,0
38.85824,23.34164,333.86,0.42,0.38,2021-08-05,0031,N,VIIRS,n,2,299.85,77.52,N,0
38.85912,23.33676,340.29,0.42,0.38,2021-08-05,0031,N,VIIRS,n,2,325.06,77.52,N,0
38.86,23.33193,322.5,0.42,0.38,2021-08-05,0031,N,VIIRS,n,2,297.26,10.99,N,0
38.86177,23.3222,325.42,0.42,0.38,2021-08-05,0031,N,VIIRS,n,2,297.32,50.44,N,0
38.86165,23.34268,312.64,0.42,0.38,2021-08-05,0031,N,VIIRS,n,2,297.51,2.01,N,0
38.86255,23.33771,319.33,0.42,0.38,2021-08-05,0031,N,VIIRS,n,2,297.82,2.01,N,0
38.86344,23.33283,311.69,0.42,0.38,2021-08-05,0031,N,VIIRS,n,2,296.72,2.21,N,0
38.86433,23.32797,310.77,0.42,0.38,2021-08-05,0031,N,VIIRS,n,2,297.04,2.21,N,0
38.86595,23.33885,310.04,0.42,0.38,2021-08-05,0031,N,VIIRS,n,2,297.62,2.01,N,0
39.29129,21.41288,329.09,0.39,0.36,2021-08-05,0031,N,VIIRS,n,2,293.86,2.92,N,0
39.35369,22.98422,311.85,0.41,0.37,2021-08-05,0031,N,VIIRS,n,2,298.49,2.67,N,2
39.98426,21.56905,303.69,0.39,0.36,2021-08-05,0031,N,VIIRS,n,2,292.66,0.69,N,0
40.00215,21.5647,302.95,0.39,0.36,2021-08-05,0031,N,VIIRS,n,2,291.57,1,N,0
40.1743,21.10933,314.15,0.38,0.36,2021-08-05,0031,N,VIIRS,n,2,294.89,1.45,N,0
40.41631,22.05295,317.78,0.39,0.36,2021-08-05,0031,N,VIIRS,n,2,288.69,1.97,N,0
40.43024,22.05205,328.82,0.39,0.36,2021-08-05,0031,N,VIIRS,n,2,289.33,2.36,N,0
40.43184,22.05454,336.36,0.39,0.36,2021-08-05,0031,N,VIIRS,n,2,292.54,2.74,N,0
40.43515,22.05539,326.02,0.39,0.36,2021-08-05,0031,N,VIIRS,n,2,292.3,2.74,N,0
40.43769,22.06084,317.31,0.39,0.36,2021-08-05,0031,N,VIIRS,n,2,289.88,1.02,N,0
40.43846,22.05627,312.08,0.39,0.36,2021-08-05,0031,N,VIIRS,n,2,288.02,1.02,N,0
40.44022,22.0663,307.68,0.39,0.36,2021-08-05,0031,N,VIIRS,n,2,286.54,0.88,N,0
40.44099,22.06174,305.56,0.39,0.36,2021-08-05,0031,N,VIIRS,n,2,287.5,1.02,N,0
40.28516,23.44438,306.83,0.41,0.37,2021-08-05,0031,N,VIIRS,n,2,296.28,1.25,N,2
37.01012,21.78927,310.45,0.4,0.37,2021-08-05,0032,N,VIIRS,n,2,299.96,1.64,N,0
37.01348,21.7901,314.39,0.4,0.37,2021-08-05,0032,N,VIIRS,n,2,300.2,1.64,N,0
37.01836,21.78221,312.69,0.4,0.37,2021-08-05,0032,N,VIIRS,n,2,298.96,2.64,N,0
37.02171,21.78312,326.84,0.4,0.37,2021-08-05,0032,N,VIIRS,n,2,302.85,2.64,N,0
38.857,23.32681,367,0.71,0.75,2021-08-05,1013,N,VIIRS,h,2,302.07,31.84,D,0
38.85987,23.33559,367,0.71,0.75,2021-08-05,1013,N,VIIRS,h,2,301.7,18.85,D,0
38.85557,23.34592,332.92,0.71,0.75,2021-08-05,1013,N,VIIRS,n,2,299.34,18.85,D,0
38.85739,23.35147,334.49,0.71,0.75,2021-08-05,1013,N,VIIRS,n,2,299.53,7.73,D,0
38.84838,23.34736,345.2,0.71,0.75,2021-08-05,1013,N,VIIRS,n,2,301.63,16.1,D,0
38.85062,23.35421,335.02,0.71,0.75,2021-08-05,1013,N,VIIRS,n,2,300.5,8.31,D,0
40.43146,22.04089,350.05,0.73,0.76,2021-08-05,1013,N,VIIRS,n,2,303.85,14.71,D,0
40.43512,22.05163,344.79,0.73,0.76,2021-08-05,1013,N,VIIRS,n,2,304.35,22.3,D,0
40.43332,22.04125,344.91,0.74,0.76,2021-08-05,1013,N,VIIRS,n,2,303.32,9.16,D,0
40.43687,22.05191,338.67,0.73,0.76,2021-08-05,1013,N,VIIRS,n,2,303.14,9.16,D,0
40.42882,22.05115,333.76,0.73,0.76,2021-08-05,1013,N,VIIRS,l,2,305.69,9.16,D,0
39.98661,21.58655,345.64,0.79,0.78,2021-08-05,1013,N,VIIRS,n,2,302.63,10.21,D,0
39.97734,21.58308,341.8,0.79,0.78,2021-08-05,1013,N,VIIRS,n,2,306.89,15.42,D,0
39.97989,21.59046,332.76,0.79,0.78,2021-08-05,1013,N,VIIRS,l,2,305.05,10.21,D,0
38.85144,23.24614,330.6,0.72,0.75,2021-08-05,1013,N,VIIRS,l,2,301.75,6.53,D,0
38.8563,23.28396,342.71,0.71,0.75,2021-08-05,1013,N,VIIRS,n,2,300.63,15.41,D,0
38.84627,23.25378,331.5,0.72,0.75,2021-08-05,1013,N,VIIRS,l,2,301.87,6.53,D,0
38.84679,23.24849,340.96,0.72,0.75,2021-08-05,1013,N,VIIRS,n,2,302.55,10.34,D,0
38.8574,23.281,348.67,0.72,0.75,2021-08-05,1013,N,VIIRS,n,2,303.07,7.96,D,0
38.85264,23.28995,333.42,0.71,0.75,2021-08-05,1013,N,VIIRS,n,2,300.39,7.96,D,0
37.70063,21.62692,367,0.53,0.42,2021-08-05,1152,N,VIIRS,l,2,331.8,82.35,D,0
37.70126,21.63289,367,0.53,0.42,2021-08-05,1152,N,VIIRS,l,2,374.07,198,D,0
37.70257,21.64505,357.07,0.53,0.42,2021-08-05,1152,N,VIIRS,n,2,313.95,52.05,D,0
37.70191,21.63892,367,0.53,0.42,2021-08-05,1152,N,VIIRS,h,2,366.06,198,D,0
37.69934,21.65171,351.43,0.53,0.42,2021-08-05,1152,N,VIIRS,n,2,309.66,52.05,D,0
37.69741,21.63371,367,0.53,0.42,2021-08-05,1152,N,VIIRS,h,2,322.4,198,D,0
37.69806,21.63984,367,0.53,0.42,2021-08-05,1152,N,VIIRS,h,2,326.56,198,D,0
37.69421,21.64072,355.18,0.53,0.42,2021-08-05,1152,N,VIIRS,n,2,322.6,54.65,D,0
37.67922,21.68546,367,0.54,0.42,2021-08-05,1152,N,VIIRS,l,2,326.91,218.57,D,0
37.67672,21.66191,354.89,0.53,0.42,2021-08-05,1152,N,VIIRS,n,2,315.38,59.05,D,0
37.67733,21.66765,355.34,0.54,0.42,2021-08-05,1152,N,VIIRS,n,2,318.26,59.05,D,0
37.67219,21.65641,367,0.53,0.42,2021-08-05,1152,N,VIIRS,l,2,337.56,78.23,D,0
37.67284,21.6625,351.21,0.53,0.42,2021-08-05,1152,N,VIIRS,l,2,331.29,38.73,D,0
37.67409,21.67434,367,0.54,0.42,2021-08-05,1152,N,VIIRS,l,2,331.66,167.39,D,0
37.67474,21.68053,367,0.54,0.42,2021-08-05,1152,N,VIIRS,l,2,367.18,167.39,D,0
37.67537,21.68647,367,0.54,0.42,2021-08-05,1152,N,VIIRS,l,2,325.64,179.73,D,0
37.67599,21.69235,356.38,0.54,0.42,2021-08-05,1152,N,VIIRS,n,2,303.52,179.73,D,0
37.67345,21.66827,367,0.54,0.42,2021-08-05,1152,N,VIIRS,h,2,321.6,38.73,D,0
37.66833,21.65717,367,0.53,0.42,2021-08-05,1152,N,VIIRS,l,2,330.43,78.23,D,0
37.67023,21.6753,367,0.54,0.42,2021-08-05,1152,N,VIIRS,l,2,335.9,167.39,D,0
37.67152,21.68746,367,0.54,0.42,2021-08-05,1152,N,VIIRS,l,2,350.11,179.73,D,0
37.67214,21.69331,367,0.54,0.42,2021-08-05,1152,N,VIIRS,l,2,326.82,179.73,D,0
37.67277,21.69938,353.04,0.54,0.42,2021-08-05,1152,N,VIIRS,n,2,303.16,22.39,D,0
37.66896,21.66317,367,0.53,0.42,2021-08-05,1152,N,VIIRS,h,2,325.71,38.73,D,0
37.66957,21.669,367,0.54,0.42,2021-08-05,1152,N,VIIRS,h,2,325.28,38.73,D,0
37.67091,21.68164,367,0.54,0.42,2021-08-05,1152,N,VIIRS,h,2,354.19,167.39,D,0
37.6651,21.66408,352.33,0.53,0.42,2021-08-05,1152,N,VIIRS,l,2,332.11,65.28,D,0
37.66639,21.67633,367,0.54,0.42,2021-08-05,1152,N,VIIRS,l,2,338.67,84.43,D,0
37.66704,21.68245,367,0.54,0.42,2021-08-05,1152,N,VIIRS,l,2,339.18,84.43,D,0
37.66829,21.6943,367,0.54,0.42,2021-08-05,1152,N,VIIRS,l,2,326.97,159.94,D,0
37.66447,21.65811,356.32,0.53,0.42,2021-08-05,1152,N,VIIRS,n,2,321.96,36.1,D,0
37.66892,21.70042,351.98,0.54,0.42,2021-08-05,1152,N,VIIRS,n,2,303.65,19.46,D,0
37.66573,21.66998,367,0.54,0.42,2021-08-05,1152,N,VIIRS,h,2,324.58,65.28,D,0
37.66765,21.68831,367,0.54,0.42,2021-08-05,1152,N,VIIRS,h,2,359.37,159.94,D,0
37.66062,21.65897,353.85,0.53,0.42,2021-08-05,1152,N,VIIRS,l,2,336.84,36.1,D,0
37.66125,21.66497,367,0.53,0.42,2021-08-05,1152,N,VIIRS,l,2,337.27,65.28,D,0
38.15293,23.80059,367,0.46,0.47,2021-08-05,1152,N,VIIRS,h,2,344.31,78.78,D,0
37.66379,21.68919,367,0.54,0.42,2021-08-05,1152,N,VIIRS,l,2,354.31,159.94,D,0
37.65997,21.65286,352.24,0.53,0.42,2021-08-05,1152,N,VIIRS,n,2,323.82,36.1,D,0
36.81921,22.42164,337.96,0.57,0.43,2021-08-05,1152,N,VIIRS,l,2,312.61,10.63,D,0
36.82319,22.4209,345.87,0.57,0.43,2021-08-05,1152,N,VIIRS,n,2,316.59,10.63,D,0
36.8224,22.41336,345.15,0.57,0.43,2021-08-05,1152,N,VIIRS,n,2,314.57,10.63,D,0
36.84651,22.41101,336.6,0.57,0.43,2021-08-05,1152,N,VIIRS,l,2,311.49,13.44,D,0
37.00901,21.78786,367,0.53,0.42,2021-08-05,1152,N,VIIRS,h,2,344.66,105.22,D,0
37.00967,21.79381,349.02,0.53,0.42,2021-08-05,1152,N,VIIRS,n,2,315.03,105.22,D,0
37.0084,21.78232,314.52,0.53,0.42,2021-08-05,1152,N,VIIRS,l,2,319.22,52.3,D,0
37.01741,21.79246,336.31,0.53,0.42,2021-08-05,1152,N,VIIRS,l,2,310.42,10.22,D,0
37.00519,21.78686,339.26,0.53,0.42,2021-08-05,1152,N,VIIRS,n,2,312.6,6.41,D,0
37.00903,21.78582,367,0.53,0.42,2021-08-05,1152,N,VIIRS,h,2,352.43,220.33,D,0
37.00963,21.79161,352.72,0.53,0.42,2021-08-05,1152,N,VIIRS,n,2,318.45,48.65,D,0
37.01737,21.79019,337.95,0.53,0.42,2021-08-05,1152,N,VIIRS,l,2,309.86,2.19,D,0
37.30796,21.95481,350.68,0.55,0.42,2021-08-05,1152,N,VIIRS,l,2,320.75,36.39,D,0
37.30861,21.9609,367,0.55,0.42,2021-08-05,1152,N,VIIRS,l,2,330.47,36.39,D,0
37.31558,21.98915,353.1,0.55,0.43,2021-08-05,1152,N,VIIRS,n,2,319.29,138.36,D,0
37.31494,21.98312,349.87,0.55,0.43,2021-08-05,1152,N,VIIRS,n,2,318.37,49.85,D,0
37.3125,21.96002,356.46,0.55,0.42,2021-08-05,1152,N,VIIRS,n,2,322.16,42.42,D,0
37.66443,21.6953,353.09,0.54,0.42,2021-08-05,1152,N,VIIRS,n,2,315.44,159.94,D,0
37.66188,21.67103,367,0.54,0.42,2021-08-05,1152,N,VIIRS,h,2,347.44,65.28,D,0
37.31186,21.95395,353.66,0.55,0.42,2021-08-05,1152,N,VIIRS,l,2,335.52,42.42,D,0
37.31055,21.94163,367,0.55,0.42,2021-08-05,1152,N,VIIRS,l,2,326.88,30.1,D,0
37.31942,21.98775,367,0.55,0.43,2021-08-05,1152,N,VIIRS,h,2,356.67,138.36,D,0
37.31878,21.98164,367,0.55,0.43,2021-08-05,1152,N,VIIRS,h,2,343.01,49.85,D,0
37.66253,21.67723,367,0.54,0.42,2021-08-05,1152,N,VIIRS,h,2,339.1,84.43,D,0
37.65739,21.66581,367,0.53,0.42,2021-08-05,1152,N,VIIRS,l,2,377.48,321.95,D,0
37.66317,21.68326,367,0.54,0.42,2021-08-05,1152,N,VIIRS,l,2,338.75,84.43,D,0
38.15339,23.80577,367,0.46,0.47,2021-08-05,1152,N,VIIRS,h,2,350.58,73.76,D,0
38.14857,23.80142,367,0.46,0.47,2021-08-05,1152,N,VIIRS,l,2,340.37,78.78,D,0
38.14904,23.80662,367,0.46,0.47,2021-08-05,1152,N,VIIRS,l,2,335.71,73.76,D,0
38.14949,23.81171,351.45,0.46,0.47,2021-08-05,1152,N,VIIRS,n,2,324.77,73.76,D,0
38.14422,23.80227,351.97,0.46,0.47,2021-08-05,1152,N,VIIRS,l,2,327.02,32.64,D,0
38.14375,23.79701,343.88,0.46,0.47,2021-08-05,1152,N,VIIRS,n,2,312.19,32.64,D,0
37.71031,21.57074,351.02,0.53,0.42,2021-08-05,1152,N,VIIRS,n,2,325.42,34.16,D,0
37.71096,21.57668,354.57,0.53,0.42,2021-08-05,1152,N,VIIRS,n,2,321.57,34.16,D,0
37.71283,21.63034,352.34,0.53,0.42,2021-08-05,1152,N,VIIRS,l,2,334.4,87.34,D,0
37.70644,21.57129,346.56,0.53,0.42,2021-08-05,1152,N,VIIRS,l,2,320.36,34.16,D,0
37.70706,21.57706,354.45,0.53,0.42,2021-08-05,1152,N,VIIRS,n,2,325.9,34.16,D,0
37.71154,21.6184,344.89,0.53,0.42,2021-08-05,1152,N,VIIRS,l,2,319.34,29.68,D,0
37.71218,21.62435,354.9,0.53,0.42,2021-08-05,1152,N,VIIRS,n,2,329.69,29.68,D,0
37.70897,21.63119,356.29,0.53,0.42,2021-08-05,1152,N,VIIRS,l,2,335.02,219.08,D,0
37.7077,21.61941,354.99,0.53,0.42,2021-08-05,1152,N,VIIRS,n,2,323.58,48.02,D,0
37.70834,21.6253,356.64,0.53,0.42,2021-08-05,1152,N,VIIRS,n,2,328.36,48.02,D,0
37.71024,21.643,351.64,0.53,0.42,2021-08-05,1152,N,VIIRS,n,2,313.28,56.74,D,0
37.70961,21.63708,367,0.53,0.42,2021-08-05,1152,N,VIIRS,h,2,341.61,219.08,D,0
37.70576,21.63798,367,0.53,0.42,2021-08-05,1152,N,VIIRS,l,2,380.16,219.08,D,0
37.70387,21.62038,354.74,0.53,0.42,2021-08-05,1152,N,VIIRS,n,2,323.76,48.02,D,0
37.70641,21.64408,352.36,0.53,0.42,2021-08-05,1152,N,VIIRS,n,2,309.67,56.74,D,0
37.70449,21.62623,367,0.53,0.42,2021-08-05,1152,N,VIIRS,h,2,356.18,48.02,D,0
37.70513,21.63212,367,0.53,0.42,2021-08-05,1152,N,VIIRS,h,2,361.14,219.08,D,0
37.31815,21.97567,367,0.55,0.43,2021-08-05,1152,N,VIIRS,h,2,316.21,49.85,D,0
37.3201,21.99412,347.17,0.55,0.43,2021-08-05,1152,N,VIIRS,n,2,319.6,138.36,D,0
37.31573,21.95294,354.64,0.55,0.42,2021-08-05,1152,N,VIIRS,l,2,327.55,42.42,D,0
37.31507,21.9467,351.5,0.55,0.42,2021-08-05,1152,N,VIIRS,l,2,321.87,30.1,D,0
37.31443,21.94069,350.09,0.55,0.42,2021-08-05,1152,N,VIIRS,l,2,320.79,30.1,D,0
37.31637,21.95891,350.06,0.55,0.42,2021-08-05,1152,N,VIIRS,l,2,325.69,42.42,D,0
37.3233,21.98668,367,0.55,0.43,2021-08-05,1152,N,VIIRS,h,2,342.88,109.46,D,0
37.65802,21.67187,367,0.54,0.42,2021-08-05,1152,N,VIIRS,l,2,378.97,321.95,D,0
37.33934,21.9557,343.91,0.55,0.43,2021-08-05,1152,N,VIIRS,n,2,318.67,36.16,D,0
37.6593,21.68409,355.9,0.54,0.42,2021-08-05,1152,N,VIIRS,n,2,312.48,99.58,D,0
37.65611,21.65364,367,0.53,0.42,2021-08-05,1152,N,VIIRS,h,2,344.56,154.6,D,0
37.65676,21.65984,367,0.53,0.42,2021-08-05,1152,N,VIIRS,h,2,360.75,154.6,D,0
37.65868,21.67807,367,0.54,0.42,2021-08-05,1152,N,VIIRS,h,2,350.07,99.58,D,0
37.6529,21.66064,367,0.53,0.42,2021-08-05,1152,N,VIIRS,l,2,327.1,154.6,D,0
37.65353,21.66664,350.08,0.53,0.42,2021-08-05,1152,N,VIIRS,l,2,326.45,321.95,D,0
37.65482,21.67905,351.46,0.54,0.42,2021-08-05,1152,N,VIIRS,n,2,309.17,99.58,D,0
37.324,21.99323,345.38,0.55,0.43,2021-08-05,1152,N,VIIRS,n,2,309.4,109.46,D,0
37.32263,21.98036,345.15,0.55,0.43,2021-08-05,1152,N,VIIRS,n,2,319.98,94.36,D,0
37.32024,21.95776,350.91,0.55,0.42,2021-08-05,1152,N,VIIRS,n,2,324.15,14.51,D,0
37.31958,21.95162,350.95,0.55,0.42,2021-08-05,1152,N,VIIRS,l,2,323.24,14.51,D,0
37.32528,21.96771,367,0.55,0.43,2021-08-05,1152,N,VIIRS,h,2,321.47,65.74,D,0
37.32471,21.96228,367,0.55,0.42,2021-08-05,1152,N,VIIRS,h,2,340.34,65.74,D,0
37.32283,21.94474,349.39,0.55,0.42,2021-08-05,1152,N,VIIRS,l,2,321.12,14.5,D,0
37.32915,21.96667,367,0.55,0.43,2021-08-05,1152,N,VIIRS,h,2,370.65,115.31,D,0
37.3304,21.97834,340.16,0.55,0.43,2021-08-05,1152,N,VIIRS,n,2,308.22,48.74,D,0
37.65417,21.6728,367,0.54,0.42,2021-08-05,1152,N,VIIRS,h,2,312.33,321.95,D,0
37.33303,21.96555,356.32,0.55,0.43,2021-08-05,1152,N,VIIRS,n,2,328.27,115.31,D,0
37.33557,21.95211,344.84,0.55,0.42,2021-08-05,1152,N,VIIRS,n,2,315.26,12.78,D,0
37.33689,21.96441,355.82,0.55,0.43,2021-08-05,1152,N,VIIRS,l,2,337.16,35.02,D,0
37.33622,21.95813,356.44,0.55,0.42,2021-08-05,1152,N,VIIRS,l,2,332.36,35.02,D,0
37.34081,21.96373,345.18,0.55,0.43,2021-08-05,1152,N,VIIRS,n,2,311.2,35.02,D,0
37.32977,21.9724,367,0.55,0.43,2021-08-05,1152,N,VIIRS,l,2,337.64,48.74,D,0
37.32854,21.96088,367,0.55,0.42,2021-08-05,1152,N,VIIRS,l,2,349.17,115.31,D,0
37.32789,21.95482,351.27,0.55,0.42,2021-08-05,1152,N,VIIRS,l,2,337.1,104.99,D,0
37.33238,21.95951,367,0.55,0.42,2021-08-05,1152,N,VIIRS,h,2,330.98,115.31,D,0
37.33173,21.95345,367,0.55,0.42,2021-08-05,1152,N,VIIRS,h,2,346.82,104.99,D,0
37.33365,21.97144,350.18,0.55,0.43,2021-08-05,1152,N,VIIRS,n,2,310.21,48.74,D,0
37.3401,21.95714,356.49,0.55,0.42,2021-08-05,1152,N,VIIRS,n,2,316.99,35.02,D,0
37.34,21.96227,367,0.55,0.43,2021-08-05,1152,N,VIIRS,h,2,315.2,37.34,D,0
38.16255,23.80907,339.79,0.46,0.47,2021-08-05,1152,N,VIIRS,n,2,301.89,102.38,D,0
38.15775,23.80492,367,0.46,0.47,2021-08-05,1152,N,VIIRS,l,2,330.2,102.38,D,0
38.1582,23.8099,367,0.46,0.47,2021-08-05,1152,N,VIIRS,l,2,333.26,102.38,D,0
38.15681,23.79447,343.04,0.46,0.47,2021-08-05,1152,N,VIIRS,n,2,307.85,196.16,D,0
38.15866,23.81509,339.27,0.46,0.47,2021-08-05,1152,N,VIIRS,n,2,302.1,23.97,D,0
38.15728,23.79974,367,0.46,0.47,2021-08-05,1152,N,VIIRS,h,2,347.75,196.16,D,0
38.15384,23.81073,350.87,0.46,0.47,2021-08-05,1152,N,VIIRS,l,2,326.39,73.76,D,0
38.15245,23.7953,340.34,0.46,0.47,2021-08-05,1152,N,VIIRS,n,2,308.31,78.78,D,0
40.0833,22.03635,358.06,0.4,0.44,2021-08-05,1153,N,VIIRS,l,2,286.32,99.57,D,0
40.08157,22.01834,333.66,0.39,0.44,2021-08-05,1153,N,VIIRS,n,2,283.48,3.88,D,0
40.07755,22.01944,337.1,0.39,0.44,2021-08-05,1153,N,VIIRS,n,2,286,3.88,D,0
40.07797,22.02387,352.95,0.39,0.44,2021-08-05,1153,N,VIIRS,n,2,278.11,3.88,D,0
40.07838,22.02814,342.84,0.39,0.44,2021-08-05,1153,N,VIIRS,n,2,294.9,69.01,D,0
40.08016,22.04665,347.41,0.4,0.44,2021-08-05,1153,N,VIIRS,n,2,296.2,6.06,D,0
40.07919,22.03654,367,0.4,0.44,2021-08-05,1153,N,VIIRS,h,2,341.42,99.57,D,0
40.07965,22.04144,367,0.4,0.44,2021-08-05,1153,N,VIIRS,h,2,293.33,99.57,D,0
40.082,22.0228,346.47,0.39,0.44,2021-08-05,1153,N,VIIRS,n,2,277.42,3.88,D,0
40.08377,22.04123,357.13,0.4,0.44,2021-08-05,1153,N,VIIRS,n,2,293.01,99.57,D,0
40.08428,22.04641,338.39,0.4,0.44,2021-08-05,1153,N,VIIRS,n,2,297.02,6.06,D,0
40.07878,22.03235,208,0.4,0.44,2021-08-05,1153,N,VIIRS,l,2,324.2,69.01,D,0
38.86056,23.27666,345.24,0.44,0.46,2021-08-05,1153,N,VIIRS,n,2,303.05,35.63,D,0
38.86356,23.31147,348.13,0.44,0.46,2021-08-05,1153,N,VIIRS,n,2,308.24,37.25,D,0
38.86407,23.31736,356.09,0.44,0.46,2021-08-05,1153,N,VIIRS,n,2,298.57,37.25,D,0
38.86456,23.32314,345.35,0.44,0.46,2021-08-05,1153,N,VIIRS,n,2,291.41,42.65,D,0
38.85338,23.24394,208,0.44,0.46,2021-08-05,1153,N,VIIRS,l,2,324.44,179.06,D,0
38.85299,23.23945,347.2,0.44,0.46,2021-08-05,1153,N,VIIRS,n,2,305.54,21.01,D,0
38.8542,23.25336,346.97,0.44,0.46,2021-08-05,1153,N,VIIRS,n,2,304.38,6.32,D,0
38.85459,23.2579,340.94,0.44,0.46,2021-08-05,1153,N,VIIRS,n,2,303.51,6.32,D,0
38.85498,23.26232,354.16,0.44,0.46,2021-08-05,1153,N,VIIRS,n,2,303.32,20.89,D,0
38.85536,23.26675,350.41,0.44,0.46,2021-08-05,1153,N,VIIRS,n,2,304.14,20.89,D,0
38.85629,23.2775,334.93,0.44,0.46,2021-08-05,1153,N,VIIRS,n,2,302.48,35.63,D,0
38.85678,23.28335,338.62,0.44,0.46,2021-08-05,1153,N,VIIRS,n,2,303.17,6.3,D,0
38.85983,23.31867,347.92,0.44,0.46,2021-08-05,1153,N,VIIRS,n,2,303.61,37.25,D,0
38.8603,23.32426,346.11,0.44,0.46,2021-08-05,1153,N,VIIRS,n,2,301.6,42.65,D,0
38.86075,23.32945,353.12,0.44,0.46,2021-08-05,1153,N,VIIRS,n,2,303.76,42.65,D,0
38.86164,23.33989,352.68,0.44,0.46,2021-08-05,1153,N,VIIRS,n,2,295.57,29.65,D,0
38.85378,23.24862,367,0.44,0.46,2021-08-05,1153,N,VIIRS,h,2,306.79,179.06,D,0
38.85577,23.27157,367,0.44,0.46,2021-08-05,1153,N,VIIRS,h,2,310.41,35.63,D,0
38.86605,23.30905,367,0.44,0.46,2021-08-05,1153,N,VIIRS,h,2,302.88,16.23,D,0
38.85804,23.26924,351.86,0.44,0.46,2021-08-05,1153,N,VIIRS,n,2,305.94,51.93,D,0
38.85854,23.2746,347.54,0.44,0.46,2021-08-05,1153,N,VIIRS,n,2,311.76,51.93,D,0
38.86177,23.30975,351.01,0.44,0.46,2021-08-05,1153,N,VIIRS,n,2,315.12,82.21,D,0
38.15835,23.81262,349.34,0.46,0.47,2021-08-05,1153,N,VIIRS,n,2,309.83,52.01,D,0
38.15793,23.8076,367,0.46,0.47,2021-08-05,1153,N,VIIRS,h,2,338.79,52.01,D,0
38.86333,23.32664,349.12,0.44,0.46,2021-08-05,1153,N,VIIRS,n,2,285.45,37.7,D,0
38.8643,23.33723,344.12,0.44,0.46,2021-08-05,1153,N,VIIRS,n,2,291.78,31.74,D,0
38.86486,23.34327,338.86,0.44,0.46,2021-08-05,1153,N,VIIRS,n,2,290.1,4.66,D,0
38.86284,23.32136,367,0.44,0.46,2021-08-05,1153,N,VIIRS,h,2,301.81,37.7,D,0
40.0711,22.03846,346.57,0.4,0.44,2021-08-05,1153,N,VIIRS,n,2,279.84,10.81,D,0
40.07156,22.0433,338.53,0.4,0.44,2021-08-05,1153,N,VIIRS,n,2,282.27,10.81,D,0
40.07207,22.04859,330.94,0.4,0.44,2021-08-05,1153,N,VIIRS,n,2,281.77,3.67,D,0
40.08599,22.02141,332.76,0.39,0.44,2021-08-05,1153,N,VIIRS,n,2,284.65,3.44,D,0
40.08646,22.02624,340.33,0.39,0.44,2021-08-05,1153,N,VIIRS,n,2,284.32,3.78,D,0
40.08693,22.03113,345.3,0.4,0.44,2021-08-05,1153,N,VIIRS,n,2,284.21,3.78,D,0
40.08741,22.03608,344.47,0.4,0.44,2021-08-05,1153,N,VIIRS,n,2,285.37,3.55,D,0
40.0879,22.04111,336.53,0.4,0.44,2021-08-05,1153,N,VIIRS,n,2,293.4,3.55,D,0
40.08243,22.02729,358.06,0.39,0.44,2021-08-05,1153,N,VIIRS,l,2,281.06,69.01,D,0
38.85122,23.24217,367,0.44,0.46,2021-08-05,1153,N,VIIRS,l,2,356.7,488.68,D,0
38.85291,23.26062,285.74,0.44,0.46,2021-08-05,1153,N,VIIRS,l,2,315.36,246.52,D,0
38.85332,23.2651,367,0.44,0.46,2021-08-05,1153,N,VIIRS,l,2,331.11,246.52,D,0
38.85955,23.33283,357.51,0.44,0.46,2021-08-05,1153,N,VIIRS,l,2,297.16,31.74,D,0
40.07431,22.0288,356.6,0.39,0.44,2021-08-05,1153,N,VIIRS,l,2,277.36,7.62,D,0
40.07472,22.03303,356.6,0.4,0.44,2021-08-05,1153,N,VIIRS,l,2,277.08,7.62,D,0
40.07513,22.03734,356.6,0.4,0.44,2021-08-05,1153,N,VIIRS,l,2,279.78,10.81,D,0
40.07561,22.04228,356.6,0.4,0.44,2021-08-05,1153,N,VIIRS,l,2,283.25,10.81,D,0
38.85081,23.23777,353.29,0.44,0.46,2021-08-05,1153,N,VIIRS,n,2,310.87,53.85,D,0
40.07348,22.02017,330.43,0.39,0.44,2021-08-05,1153,N,VIIRS,n,2,280.54,2.72,D,0
40.07391,22.02457,345.32,0.39,0.44,2021-08-05,1153,N,VIIRS,n,2,281.98,2.72,D,0
40.0761,22.04739,343.59,0.4,0.44,2021-08-05,1153,N,VIIRS,n,2,289.45,3.67,D,0
40.06984,22.02532,330.46,0.39,0.44,2021-08-05,1153,N,VIIRS,n,2,282.78,2.72,D,0
40.07026,22.02962,339.68,0.39,0.44,2021-08-05,1153,N,VIIRS,n,2,280.7,7.62,D,0
40.08287,22.03178,358.06,0.4,0.44,2021-08-05,1153,N,VIIRS,l,2,283.91,69.01,D,0
40.07067,22.03396,347.26,0.4,0.44,2021-08-05,1153,N,VIIRS,n,2,280.01,7.62,D,0
38.8525,23.25622,356.16,0.44,0.46,2021-08-05,1153,N,VIIRS,n,2,304.45,161.54,D,0
38.85374,23.26971,349.67,0.44,0.46,2021-08-05,1153,N,VIIRS,n,2,312.87,51.93,D,0
38.85859,23.32248,343.61,0.44,0.46,2021-08-05,1153,N,VIIRS,n,2,292.24,37.7,D,0
38.85908,23.32776,355.38,0.44,0.46,2021-08-05,1153,N,VIIRS,n,2,310.33,37.7,D,0
38.86053,23.34352,339.04,0.44,0.46,2021-08-05,1153,N,VIIRS,n,2,285.3,4.66,D,0
38.85163,23.24666,367,0.44,0.46,2021-08-05,1153,N,VIIRS,h,2,343.75,488.68,D,0
38.84857,23.26069,367,0.44,0.46,2021-08-05,1153,N,VIIRS,l,2,365.57,192.85,D,0
38.849,23.26536,367,0.44,0.46,2021-08-05,1153,N,VIIRS,l,2,336.21,192.85,D,0
38.84688,23.24221,351.36,0.44,0.46,2021-08-05,1153,N,VIIRS,n,2,318.5,39.73,D,0
38.8477,23.25121,350.97,0.44,0.46,2021-08-05,1153,N,VIIRS,n,2,315.21,70.94,D,0
38.84814,23.25603,348.08,0.44,0.46,2021-08-05,1153,N,VIIRS,l,2,319.41,70.94,D,0
38.84946,23.27034,353.23,0.44,0.46,2021-08-05,1153,N,VIIRS,n,2,304.47,25.72,D,0
38.85483,23.32885,355.6,0.44,0.46,2021-08-05,1153,N,VIIRS,n,2,298.35,16.66,D,0
38.8465,23.23811,367,0.44,0.46,2021-08-05,1153,N,VIIRS,h,2,314.58,47.6,D,0
38.84726,23.24647,367,0.44,0.46,2021-08-05,1153,N,VIIRS,h,2,314.82,39.73,D,0
38.85529,23.33391,367,0.44,0.46,2021-08-05,1153,N,VIIRS,h,2,305.3,21.16,D,0
38.84427,23.26115,346.69,0.44,0.46,2021-08-05,1153,N,VIIRS,n,2,307.02,192.85,D,0
38.84344,23.34745,352.06,0.44,0.46,2021-08-05,1153,N,VIIRS,n,2,310.28,26.16,D,0
38.8207,23.33672,350.37,0.44,0.46,2021-08-05,1153,N,VIIRS,n,2,315.38,19.19,D,0
38.16229,23.80675,334.2,0.46,0.47,2021-08-05,1153,N,VIIRS,n,2,302.4,52.01,D,0
38.16272,23.81179,330.22,0.46,0.47,2021-08-05,1153,N,VIIRS,n,2,300.67,52.01,D,0
38.15751,23.80256,367,0.46,0.47,2021-08-05,1153,N,VIIRS,l,2,333.11,504.87,D,0
38.19899,23.78965,315.69,0.39,0.36,2021-08-06,0012,N,VIIRS,n,2,292.52,1.94,N,0
40.41871,22.04173,323,0.45,0.39,2021-08-06,0012,N,VIIRS,n,2,282.59,2.6,N,0
40.41804,22.04705,298.83,0.45,0.39,2021-08-06,0012,N,VIIRS,n,2,283.46,0.7,N,0
40.4145,22.04629,321.73,0.45,0.39,2021-08-06,0012,N,VIIRS,n,2,284.52,2.14,N,0
40.41246,22.06259,308.8,0.44,0.39,2021-08-06,0012,N,VIIRS,n,2,279.1,1.78,N,0
40.41026,22.0511,320.5,0.45,0.39,2021-08-06,0012,N,VIIRS,n,2,283.13,2.14,N,0
40.41095,22.04559,314.63,0.45,0.39,2021-08-06,0012,N,VIIRS,n,2,282.47,2.14,N,0
40.40825,22.06718,315.84,0.44,0.39,2021-08-06,0012,N,VIIRS,n,2,279.86,2.58,N,0
40.40538,22.06107,328.73,0.44,0.39,2021-08-06,0012,N,VIIRS,n,2,280.3,3.3,N,0
40.40472,22.06639,312.95,0.44,0.39,2021-08-06,0012,N,VIIRS,n,2,278.84,1.87,N,0
40.0033,21.62407,311.85,0.46,0.39,2021-08-06,0012,N,VIIRS,n,2,274.76,2.13,N,0
39.99902,21.56804,309.03,0.46,0.39,2021-08-06,0012,N,VIIRS,n,2,287.39,1.82,N,0
39.99541,21.56739,329.66,0.46,0.39,2021-08-06,0012,N,VIIRS,n,2,288.39,1.82,N,0
39.99476,21.5728,307,0.46,0.39,2021-08-06,0012,N,VIIRS,n,2,289.01,1.82,N,0
40.05684,20.94676,313.83,0.48,0.4,2021-08-06,0012,N,VIIRS,n,2,289.09,1.45,N,0
40.05382,20.94004,305.9,0.49,0.4,2021-08-06,0012,N,VIIRS,n,2,287.79,1.45,N,0
40.05321,20.94533,312.85,0.48,0.4,2021-08-06,0012,N,VIIRS,n,2,289.68,1.45,N,0
40.05879,20.94659,299.5,0.48,0.4,2021-08-06,0012,N,VIIRS,n,2,287.76,0.77,N,0
40.05519,20.94513,312.61,0.48,0.4,2021-08-06,0012,N,VIIRS,n,2,289.17,1.61,N,0
40.05222,20.93839,305.5,0.48,0.4,2021-08-06,0012,N,VIIRS,n,2,288.29,1.35,N,0
40.05159,20.94372,315.95,0.48,0.4,2021-08-06,0012,N,VIIRS,n,2,289.54,1.61,N,0
40.05099,20.94883,311.27,0.48,0.4,2021-08-06,0012,N,VIIRS,n,2,291.65,1.61,N,0
40.04738,20.94743,311.24,0.48,0.4,2021-08-06,0012,N,VIIRS,n,2,292.03,2.43,N,0
40.04313,20.9515,327.77,0.48,0.4,2021-08-06,0012,N,VIIRS,n,2,293.49,3.42,N,0
40.04568,20.92986,317.53,0.49,0.4,2021-08-06,0012,N,VIIRS,n,2,291.89,1.6,N,0
40.04376,20.94613,319.54,0.48,0.4,2021-08-06,0012,N,VIIRS,n,2,293.26,2.43,N,0
40.04012,20.94494,343.43,0.48,0.4,2021-08-06,0012,N,VIIRS,n,2,295.34,4.15,N,0
40.04207,20.92837,314.07,0.49,0.4,2021-08-06,0012,N,VIIRS,n,2,291.31,0.89,N,0
40.03919,20.92078,304.39,0.49,0.4,2021-08-06,0012,N,VIIRS,n,2,290.89,1.3,N,0
40.03848,20.9268,302.79,0.49,0.4,2021-08-06,0012,N,VIIRS,n,2,290.21,0.89,N,0
40.0365,20.94364,317.4,0.48,0.4,2021-08-06,0012,N,VIIRS,n,2,292.33,4.15,N,0
40.03353,20.93677,321.74,0.48,0.4,2021-08-06,0012,N,VIIRS,n,2,292.89,2.43,N,0
40.0329,20.94217,320.78,0.48,0.4,2021-08-06,0012,N,VIIRS,n,2,292.93,2.43,N,0
38.89861,23.23935,314.45,0.4,0.37,2021-08-06,0012,N,VIIRS,n,2,266.23,1.14,N,0
38.89795,23.24404,317.67,0.4,0.37,2021-08-06,0012,N,VIIRS,n,2,264.11,1.14,N,0
38.86483,23.47721,319.86,0.4,0.37,2021-08-06,0012,N,VIIRS,n,2,293.14,7.22,N,3
38.89391,23.24795,325.15,0.4,0.37,2021-08-06,0012,N,VIIRS,n,2,266.38,8.03,N,0
38.89325,23.25261,342.91,0.4,0.37,2021-08-06,0012,N,VIIRS,n,2,268.93,8.03,N,0
38.89259,23.25729,367,0.4,0.37,2021-08-06,0012,N,VIIRS,h,2,276.24,12.07,N,0
38.89193,23.26196,353.75,0.4,0.37,2021-08-06,0012,N,VIIRS,n,2,271.69,12.07,N,0
38.89125,23.26674,349.38,0.4,0.37,2021-08-06,0012,N,VIIRS,n,2,272.09,5.43,N,0
38.89058,23.2715,342.85,0.4,0.37,2021-08-06,0012,N,VIIRS,n,2,270.54,5.43,N,0
38.88992,23.27617,347.9,0.4,0.37,2021-08-06,0012,N,VIIRS,n,2,271.65,7.13,N,0
38.88926,23.28079,356.25,0.4,0.37,2021-08-06,0012,N,VIIRS,n,2,276.74,7.13,N,0
38.88862,23.28533,355.54,0.4,0.37,2021-08-06,0012,N,VIIRS,n,2,276.05,7.68,N,0
38.88798,23.28991,349.93,0.4,0.37,2021-08-06,0012,N,VIIRS,n,2,273.69,7.68,N,0
38.88732,23.29453,353.18,0.4,0.37,2021-08-06,0012,N,VIIRS,n,2,277.02,7.36,N,0
38.88667,23.29911,353.01,0.4,0.37,2021-08-06,0012,N,VIIRS,n,2,276.44,7.36,N,0
38.88602,23.30369,347.62,0.4,0.37,2021-08-06,0012,N,VIIRS,n,2,276.11,6.73,N,0
38.88537,23.30829,338.58,0.4,0.37,2021-08-06,0012,N,VIIRS,n,2,273.57,6.73,N,0
38.88472,23.3129,341.22,0.4,0.37,2021-08-06,0012,N,VIIRS,n,2,274.52,5.6,N,0
38.88406,23.31757,343.52,0.4,0.37,2021-08-06,0012,N,VIIRS,n,2,272.44,5.6,N,0
38.8834,23.3222,344.73,0.4,0.37,2021-08-06,0012,N,VIIRS,n,2,272.09,12.73,N,0
38.88276,23.32671,354.16,0.4,0.37,2021-08-06,0012,N,VIIRS,n,2,272.88,12.73,N,0
38.88213,23.33122,343.41,0.4,0.37,2021-08-06,0012,N,VIIRS,n,2,267.44,4.56,N,0
38.88149,23.33571,324.49,0.4,0.37,2021-08-06,0012,N,VIIRS,n,2,266.23,4.56,N,0
38.88085,23.34024,322.1,0.4,0.37,2021-08-06,0012,N,VIIRS,n,2,267.44,1.82,N,0
38.88021,23.3448,321.9,0.4,0.37,2021-08-06,0012,N,VIIRS,n,2,267.75,1.82,N,0
38.87955,23.34942,321.08,0.4,0.37,2021-08-06,0012,N,VIIRS,n,2,264.22,1.76,N,0
38.87889,23.35404,323.19,0.4,0.37,2021-08-06,0012,N,VIIRS,n,2,265.82,1.76,N,0
38.87826,23.35855,325.87,0.4,0.37,2021-08-06,0012,N,VIIRS,n,2,267.24,7.52,N,0
38.87762,23.36306,336.94,0.4,0.37,2021-08-06,0012,N,VIIRS,n,2,266.09,7.52,N,0
38.87698,23.36754,356.23,0.4,0.37,2021-08-06,0012,N,VIIRS,n,2,278.27,24.64,N,0
38.87634,23.37204,352.27,0.4,0.37,2021-08-06,0012,N,VIIRS,n,2,286.86,24.64,N,0
38.87571,23.37653,348.21,0.4,0.37,2021-08-06,0012,N,VIIRS,n,2,280.27,5.11,N,0
38.87506,23.38105,343.29,0.4,0.37,2021-08-06,0012,N,VIIRS,n,2,278.89,5.11,N,0
38.87441,23.38568,349.13,0.4,0.37,2021-08-06,0012,N,VIIRS,n,2,282.13,4.46,N,0
38.87376,23.39024,340.42,0.4,0.37,2021-08-06,0012,N,VIIRS,n,2,282.31,4.46,N,0
38.87312,23.3947,354.88,0.4,0.37,2021-08-06,0012,N,VIIRS,n,2,285.46,6.61,N,0
38.87248,23.39923,367,0.4,0.37,2021-08-06,0012,N,VIIRS,h,2,287.67,6.61,N,0
38.87184,23.40377,367,0.4,0.37,2021-08-06,0012,N,VIIRS,h,2,288.7,15.32,N,0
38.87119,23.40832,367,0.4,0.37,2021-08-06,0012,N,VIIRS,h,2,287.46,15.32,N,0
38.87054,23.41285,367,0.4,0.37,2021-08-06,0012,N,VIIRS,h,2,293.32,13.67,N,0
38.86992,23.41729,367,0.4,0.37,2021-08-06,0012,N,VIIRS,h,2,298.67,13.67,N,0
38.86928,23.42174,367,0.4,0.37,2021-08-06,0012,N,VIIRS,h,2,298.42,12.68,N,0
38.86864,23.42625,367,0.4,0.37,2021-08-06,0012,N,VIIRS,h,2,299.31,12.68,N,0
39.00152,23.30276,303.68,0.4,0.37,2021-08-06,0012,N,VIIRS,n,2,276.88,2.01,N,0
38.9988,23.29735,306.77,0.4,0.37,2021-08-06,0012,N,VIIRS,n,2,279.99,2.01,N,0
38.99815,23.30201,306.08,0.4,0.37,2021-08-06,0012,N,VIIRS,n,2,279.93,2.01,N,0
38.99748,23.3067,304.3,0.4,0.37,2021-08-06,0012,N,VIIRS,n,2,273.59,5.93,N,0
38.99549,23.32073,303.38,0.4,0.37,2021-08-06,0012,N,VIIRS,n,2,268.83,5.4,N,0
38.99411,23.30595,302.88,0.4,0.37,2021-08-06,0012,N,VIIRS,n,2,266.23,1.67,N,0
38.99212,23.31996,304.69,0.4,0.37,2021-08-06,0012,N,VIIRS,n,2,266.74,1.95,N,0
38.99148,23.32452,306.08,0.4,0.37,2021-08-06,0012,N,VIIRS,n,2,271.21,7.13,N,0
38.99207,23.2958,308.25,0.4,0.37,2021-08-06,0012,N,VIIRS,n,2,272.87,3.27,N,0
38.9914,23.30049,309.65,0.4,0.37,2021-08-06,0012,N,VIIRS,n,2,274.98,3.27,N,0
38.99073,23.30519,304.94,0.4,0.37,2021-08-06,0012,N,VIIRS,n,2,265.23,1.67,N,0
38.99007,23.30988,304.46,0.4,0.37,2021-08-06,0012,N,VIIRS,n,2,261.82,1.67,N,0
38.98941,23.31454,307.65,0.4,0.37,2021-08-06,0012,N,VIIRS,n,2,269.25,1.95,N,0
38.98875,23.31919,308.49,0.4,0.37,2021-08-06,0012,N,VIIRS,n,2,276.02,1.95,N,0
38.98936,23.29031,304.86,0.4,0.37,2021-08-06,0012,N,VIIRS,n,2,287.24,2.75,N,0
38.98869,23.295,310.9,0.4,0.37,2021-08-06,0012,N,VIIRS,n,2,270.37,1.81,N,0
38.98803,23.29972,308.8,0.4,0.37,2021-08-06,0012,N,VIIRS,n,2,263.97,1.81,N,0
38.98737,23.30442,306.59,0.4,0.37,2021-08-06,0012,N,VIIRS,n,2,262.63,1.73,N,0
38.98671,23.30909,309.87,0.4,0.37,2021-08-06,0012,N,VIIRS,n,2,265.37,1.73,N,0
38.98605,23.31374,310.25,0.4,0.37,2021-08-06,0012,N,VIIRS,n,2,267.04,1.96,N,0
38.9854,23.31836,309.24,0.4,0.37,2021-08-06,0012,N,VIIRS,n,2,269.72,1.96,N,0
38.98475,23.32291,305.47,0.4,0.37,2021-08-06,0012,N,VIIRS,n,2,264.05,1.71,N,0
38.98412,23.32743,307.61,0.4,0.37,2021-08-06,0012,N,VIIRS,n,2,267.54,1.71,N,0
38.98795,23.27562,306.14,0.4,0.37,2021-08-06,0012,N,VIIRS,n,2,283.13,2.46,N,0
38.9873,23.28021,305.33,0.4,0.37,2021-08-06,0012,N,VIIRS,n,2,282.85,2.46,N,0
38.98599,23.28953,307.01,0.4,0.37,2021-08-06,0012,N,VIIRS,n,2,282.06,2.75,N,0
38.98533,23.29419,314.66,0.4,0.37,2021-08-06,0012,N,VIIRS,n,2,268.52,1.81,N,0
38.98467,23.29889,311.79,0.4,0.37,2021-08-06,0012,N,VIIRS,n,2,265.09,1.81,N,0
38.98401,23.30358,309.46,0.4,0.37,2021-08-06,0012,N,VIIRS,n,2,263.55,1.73,N,0
38.98335,23.30826,312.24,0.4,0.37,2021-08-06,0012,N,VIIRS,n,2,267.39,1.73,N,0
38.98269,23.31293,314.14,0.4,0.37,2021-08-06,0012,N,VIIRS,n,2,269.97,1.96,N,0
38.98204,23.31752,311.82,0.4,0.37,2021-08-06,0012,N,VIIRS,n,2,269.76,1.96,N,0
38.9814,23.32207,308.86,0.4,0.37,2021-08-06,0012,N,VIIRS,n,2,266.32,1.71,N,0
38.98076,23.32661,307.71,0.4,0.37,2021-08-06,0012,N,VIIRS,n,2,263.51,1.71,N,0
38.98011,23.33116,308.49,0.4,0.37,2021-08-06,0012,N,VIIRS,n,2,269.85,7.03,N,0
38.98457,23.27492,312.3,0.4,0.37,2021-08-06,0012,N,VIIRS,n,2,273.52,1.76,N,0
38.98392,23.27952,311.75,0.4,0.37,2021-08-06,0012,N,VIIRS,n,2,279.6,1.76,N,0
38.98262,23.28875,310.74,0.4,0.37,2021-08-06,0012,N,VIIRS,n,2,279.77,2.39,N,0
38.98196,23.29337,314.93,0.4,0.37,2021-08-06,0012,N,VIIRS,n,2,276.33,1.96,N,0
38.98131,23.29804,314.22,0.4,0.37,2021-08-06,0012,N,VIIRS,n,2,274.7,1.96,N,0
38.98065,23.30273,314.17,0.4,0.37,2021-08-06,0012,N,VIIRS,n,2,270.31,2.12,N,0
38.97998,23.30743,313.73,0.4,0.37,2021-08-06,0012,N,VIIRS,n,2,273.41,2.12,N,0
38.97803,23.32129,310.38,0.4,0.37,2021-08-06,0012,N,VIIRS,n,2,273.4,2.59,N,0
38.97739,23.32585,310.41,0.4,0.37,2021-08-06,0012,N,VIIRS,n,2,265.37,2.59,N,0
38.97674,23.33041,310.19,0.4,0.37,2021-08-06,0012,N,VIIRS,n,2,263.98,2.16,N,0
38.9761,23.33495,310.67,0.4,0.37,2021-08-06,0012,N,VIIRS,n,2,272.55,2.16,N,0
38.98182,23.26966,306.78,0.4,0.37,2021-08-06,0012,N,VIIRS,n,2,285.61,4.47,N,0
38.98118,23.27426,313.17,0.4,0.37,2021-08-06,0012,N,VIIRS,n,2,266.57,1.76,N,0
38.98053,23.27885,316.56,0.4,0.37,2021-08-06,0012,N,VIIRS,n,2,268.31,1.76,N,0
38.97989,23.28342,316.29,0.4,0.37,2021-08-06,0012,N,VIIRS,n,2,278.01,2.39,N,0
38.97925,23.288,312.78,0.4,0.37,2021-08-06,0012,N,VIIRS,n,2,283.03,2.39,N,0
38.868,23.43077,367,0.4,0.37,2021-08-06,0012,N,VIIRS,h,2,302.76,18.81,N,0
38.86735,23.43531,367,0.4,0.37,2021-08-06,0012,N,VIIRS,h,2,300.15,18.81,N,0
38.8667,23.43987,354.39,0.4,0.37,2021-08-06,0012,N,VIIRS,n,2,306.48,38.88,N,0
38.86605,23.44444,356.19,0.4,0.37,2021-08-06,0012,N,VIIRS,n,2,290.31,38.88,N,0
38.86148,23.47642,339.47,0.4,0.37,2021-08-06,0012,N,VIIRS,n,2,287.34,4.18,N,3
38.90508,23.16866,302.33,0.4,0.37,2021-08-06,0012,N,VIIRS,n,2,253.39,0.47,N,0
38.90442,23.17334,305.33,0.4,0.37,2021-08-06,0012,N,VIIRS,n,2,259.29,0.7,N,0
38.89655,23.22927,307.12,0.4,0.37,2021-08-06,0012,N,VIIRS,n,2,266.65,0.99,N,0
38.89589,23.23395,310.21,0.4,0.37,2021-08-06,0012,N,VIIRS,n,2,266.03,0.99,N,0
38.89523,23.23862,313.78,0.4,0.37,2021-08-06,0012,N,VIIRS,n,2,267.64,1.26,N,0
38.89457,23.24329,318.22,0.4,0.37,2021-08-06,0012,N,VIIRS,n,2,265.42,1.26,N,0
38.86082,23.48099,319.97,0.4,0.37,2021-08-06,0012,N,VIIRS,n,2,293.89,4.18,N,3
38.89054,23.24718,330.63,0.4,0.37,2021-08-06,0012,N,VIIRS,n,2,269.62,8.03,N,0
38.88988,23.25186,367,0.4,0.37,2021-08-06,0012,N,VIIRS,h,2,277.75,8.03,N,0
38.88922,23.25653,367,0.4,0.37,2021-08-06,0012,N,VIIRS,h,2,277.27,12.07,N,0
38.88856,23.26119,355.02,0.4,0.37,2021-08-06,0012,N,VIIRS,n,2,271.89,12.07,N,0
38.88788,23.26596,351.47,0.4,0.37,2021-08-06,0012,N,VIIRS,n,2,271.56,5.43,N,0
38.8872,23.27075,342.41,0.4,0.37,2021-08-06,0012,N,VIIRS,n,2,270.38,5.43,N,0
38.88655,23.27542,348.54,0.4,0.37,2021-08-06,0012,N,VIIRS,n,2,272.75,7.13,N,0
38.88589,23.28006,354.57,0.4,0.37,2021-08-06,0012,N,VIIRS,n,2,276.33,7.13,N,0
38.88525,23.28459,367,0.4,0.37,2021-08-06,0012,N,VIIRS,h,2,279.29,7.68,N,0
38.88461,23.28914,353.26,0.4,0.37,2021-08-06,0012,N,VIIRS,n,2,276.39,7.68,N,0
38.88396,23.29374,352.21,0.4,0.37,2021-08-06,0012,N,VIIRS,n,2,277.49,7.36,N,0
38.88331,23.29832,354.12,0.4,0.37,2021-08-06,0012,N,VIIRS,n,2,277.98,7.36,N,0
38.88266,23.30292,355.03,0.4,0.37,2021-08-06,0012,N,VIIRS,n,2,282.63,6.73,N,0
38.88201,23.30753,355.43,0.4,0.37,2021-08-06,0012,N,VIIRS,n,2,284.23,6.73,N,0
38.88136,23.31215,351.39,0.4,0.37,2021-08-06,0012,N,VIIRS,n,2,284.98,5.6,N,0
38.88069,23.31682,344.11,0.4,0.37,2021-08-06,0012,N,VIIRS,n,2,281.31,5.6,N,0
38.88003,23.32146,347.1,0.4,0.37,2021-08-06,0012,N,VIIRS,n,2,277.49,12.73,N,0
38.87939,23.32599,351.61,0.4,0.37,2021-08-06,0012,N,VIIRS,n,2,275.53,12.73,N,0
38.87876,23.3305,342.85,0.4,0.37,2021-08-06,0012,N,VIIRS,n,2,270.41,4.56,N,0
38.87813,23.33497,323.73,0.4,0.37,2021-08-06,0012,N,VIIRS,n,2,269.03,4.56,N,0
38.87749,23.33947,322.15,0.4,0.37,2021-08-06,0012,N,VIIRS,n,2,272.03,1.82,N,0
38.87685,23.34399,321.11,0.4,0.37,2021-08-06,0012,N,VIIRS,n,2,270.86,1.82,N,0
38.87621,23.34855,321.08,0.4,0.37,2021-08-06,0012,N,VIIRS,n,2,268.7,1.76,N,0
38.87555,23.35317,322.86,0.4,0.37,2021-08-06,0012,N,VIIRS,n,2,266.54,1.76,N,0
38.8749,23.35774,329.51,0.4,0.37,2021-08-06,0012,N,VIIRS,n,2,267.21,7.52,N,0
38.87425,23.36231,353.63,0.4,0.37,2021-08-06,0012,N,VIIRS,n,2,274.89,7.52,N,0
38.87361,23.36684,355.65,0.4,0.37,2021-08-06,0012,N,VIIRS,n,2,285.72,24.64,N,0
38.87297,23.37135,356.26,0.4,0.37,2021-08-06,0012,N,VIIRS,n,2,284.01,24.64,N,0
38.87234,23.37578,342.56,0.4,0.37,2021-08-06,0012,N,VIIRS,n,2,281.6,5.11,N,0
38.87171,23.38022,337.33,0.4,0.37,2021-08-06,0012,N,VIIRS,n,2,280.21,5.11,N,0
38.87105,23.38489,334.11,0.4,0.37,2021-08-06,0012,N,VIIRS,n,2,280.67,4.46,N,0
38.8704,23.38949,334.5,0.4,0.37,2021-08-06,0012,N,VIIRS,n,2,282.45,4.46,N,0
38.86976,23.39395,341.61,0.4,0.37,2021-08-06,0012,N,VIIRS,n,2,285.77,6.61,N,0
38.86912,23.39845,346.6,0.4,0.37,2021-08-06,0012,N,VIIRS,n,2,286.91,6.61,N,0
38.86848,23.40298,355.51,0.4,0.37,2021-08-06,0012,N,VIIRS,n,2,287.02,15.32,N,0
38.86783,23.40753,367,0.4,0.37,2021-08-06,0012,N,VIIRS,h,2,292.85,15.32,N,0
38.86718,23.41207,367,0.4,0.37,2021-08-06,0012,N,VIIRS,h,2,294.12,13.67,N,0
38.86655,23.41654,367,0.4,0.37,2021-08-06,0012,N,VIIRS,h,2,293.98,13.67,N,0
38.86592,23.421,367,0.4,0.37,2021-08-06,0012,N,VIIRS,h,2,296.83,12.68,N,0
38.86528,23.4255,367,0.4,0.37,2021-08-06,0012,N,VIIRS,h,2,300.9,12.68,N,0
38.86464,23.43002,367,0.4,0.37,2021-08-06,0012,N,VIIRS,h,2,304.82,18.81,N,0
38.86399,23.43456,367,0.4,0.37,2021-08-06,0012,N,VIIRS,h,2,299.08,18.81,N,0
38.86334,23.4391,350.76,0.4,0.37,2021-08-06,0012,N,VIIRS,n,2,314.27,38.88,N,0
38.86269,23.44367,347.98,0.4,0.37,2021-08-06,0012,N,VIIRS,n,2,318.38,38.88,N,0
38.86204,23.44824,355.33,0.4,0.37,2021-08-06,0012,N,VIIRS,n,2,294.27,51.42,N,0
38.85812,23.47564,328.34,0.4,0.37,2021-08-06,0012,N,VIIRS,n,2,292.15,4.18,N,3
38.90102,23.17268,304.27,0.4,0.37,2021-08-06,0012,N,VIIRS,n,2,256.32,0.7,N,0
38.90037,23.17735,307.92,0.4,0.37,2021-08-06,0012,N,VIIRS,n,2,262.6,0.7,N,0
38.89251,23.23322,309.54,0.4,0.37,2021-08-06,0012,N,VIIRS,n,2,270.14,0.99,N,0
38.89186,23.23781,313.25,0.4,0.37,2021-08-06,0012,N,VIIRS,n,2,271.2,1.26,N,0
38.8912,23.24249,318.53,0.4,0.37,2021-08-06,0012,N,VIIRS,n,2,269.22,1.26,N,0
38.88784,23.24168,321.03,0.4,0.37,2021-08-06,0012,N,VIIRS,n,2,268.13,1.66,N,0
38.88717,23.2464,338.99,0.4,0.37,2021-08-06,0012,N,VIIRS,n,2,270.52,15.4,N,0
38.88651,23.25112,367,0.4,0.37,2021-08-06,0012,N,VIIRS,h,2,277.16,15.4,N,0
38.88584,23.25583,367,0.4,0.37,2021-08-06,0012,N,VIIRS,h,2,276.26,7.96,N,0
38.88517,23.2605,354.29,0.4,0.37,2021-08-06,0012,N,VIIRS,n,2,271.79,7.96,N,0
38.88451,23.26523,345.59,0.4,0.37,2021-08-06,0012,N,VIIRS,n,2,269.26,4.65,N,0
38.88383,23.26997,338.49,0.4,0.37,2021-08-06,0012,N,VIIRS,n,2,268.65,4.65,N,0
38.88318,23.27465,343.85,0.4,0.37,2021-08-06,0012,N,VIIRS,n,2,273.13,5.58,N,0
38.88252,23.2793,352.25,0.4,0.37,2021-08-06,0012,N,VIIRS,n,2,275.97,5.58,N,0
38.88188,23.28384,350.42,0.4,0.37,2021-08-06,0012,N,VIIRS,n,2,275.07,7.53,N,0
38.88124,23.28837,355.48,0.4,0.37,2021-08-06,0012,N,VIIRS,n,2,279.08,7.53,N,0
38.8806,23.29294,355.42,0.4,0.37,2021-08-06,0012,N,VIIRS,n,2,280.11,7.17,N,0
38.87995,23.29753,350.86,0.4,0.37,2021-08-06,0012,N,VIIRS,n,2,279.02,7.17,N,0
38.8793,23.30216,354.99,0.4,0.37,2021-08-06,0012,N,VIIRS,n,2,283.93,18.67,N,0
38.87864,23.3068,367,0.4,0.37,2021-08-06,0012,N,VIIRS,h,2,299.1,18.67,N,0
38.87798,23.31143,356.72,0.4,0.37,2021-08-06,0012,N,VIIRS,n,2,292.62,11.03,N,0
38.87732,23.31609,356.41,0.4,0.37,2021-08-06,0012,N,VIIRS,n,2,290.17,11.03,N,0
38.87666,23.32073,354.97,0.4,0.37,2021-08-06,0012,N,VIIRS,n,2,288.44,5.39,N,0
38.87601,23.32531,336.73,0.4,0.37,2021-08-06,0012,N,VIIRS,n,2,275.02,5.39,N,0
38.87537,23.32987,330.5,0.4,0.37,2021-08-06,0012,N,VIIRS,n,2,271.34,2.81,N,0
38.87474,23.33432,322.46,0.4,0.37,2021-08-06,0012,N,VIIRS,n,2,270.98,2.81,N,0
38.87411,23.33876,322.1,0.4,0.37,2021-08-06,0012,N,VIIRS,n,2,273.07,2.65,N,0
38.87349,23.3432,320.86,0.4,0.37,2021-08-06,0012,N,VIIRS,n,2,272.72,2.65,N,0
38.87286,23.34767,321.09,0.4,0.37,2021-08-06,0012,N,VIIRS,n,2,270.15,1.91,N,0
38.8722,23.35227,324.15,0.4,0.37,2021-08-06,0012,N,VIIRS,n,2,270.04,1.91,N,0
38.87155,23.35688,337.91,0.4,0.37,2021-08-06,0012,N,VIIRS,n,2,270.15,14.84,N,0
38.87089,23.3615,367,0.4,0.37,2021-08-06,0012,N,VIIRS,h,2,285.3,14.84,N,0
38.9786,23.2926,308.32,0.4,0.37,2021-08-06,0012,N,VIIRS,n,2,282.31,1.96,N,0
38.97794,23.29724,313.89,0.4,0.37,2021-08-06,0012,N,VIIRS,n,2,276.8,1.96,N,0
38.97728,23.30192,316.61,0.4,0.37,2021-08-06,0012,N,VIIRS,n,2,270.35,2.12,N,0
38.97662,23.30662,313.35,0.4,0.37,2021-08-06,0012,N,VIIRS,n,2,274.3,2.12,N,0
38.97401,23.32512,314.3,0.4,0.37,2021-08-06,0012,N,VIIRS,n,2,267.69,2.59,N,0
38.97337,23.32968,313.02,0.4,0.37,2021-08-06,0012,N,VIIRS,n,2,264.62,2.16,N,0
38.97273,23.33422,314.16,0.4,0.37,2021-08-06,0012,N,VIIRS,n,2,270.54,2.16,N,0
38.97145,23.34328,303.95,0.4,0.37,2021-08-06,0012,N,VIIRS,n,2,267.14,6.6,N,0
38.96951,23.35704,309.12,0.4,0.37,2021-08-06,0012,N,VIIRS,n,2,271.59,5.69,N,0
38.97844,23.26896,310.12,0.4,0.37,2021-08-06,0012,N,VIIRS,n,2,275,2.57,N,0
38.97779,23.27358,311.1,0.4,0.37,2021-08-06,0012,N,VIIRS,n,2,259.7,1.78,N,0
38.97714,23.2782,317.45,0.4,0.37,2021-08-06,0012,N,VIIRS,n,2,264.03,1.78,N,0
38.9765,23.28276,319.73,0.4,0.37,2021-08-06,0012,N,VIIRS,n,2,273.25,3.73,N,0
38.97457,23.29649,313.19,0.4,0.37,2021-08-06,0012,N,VIIRS,n,2,278.31,3.72,N,0
38.97392,23.30114,315.08,0.4,0.37,2021-08-06,0012,N,VIIRS,n,2,275.13,2.15,N,0
38.97326,23.30581,316.91,0.4,0.37,2021-08-06,0012,N,VIIRS,n,2,276.25,2.15,N,0
38.97259,23.31053,312.55,0.4,0.37,2021-08-06,0012,N,VIIRS,n,2,278.5,2.76,N,0
38.96999,23.329,317.04,0.4,0.37,2021-08-06,0012,N,VIIRS,n,2,265.37,3.25,N,0
38.96935,23.33352,313.86,0.4,0.37,2021-08-06,0012,N,VIIRS,n,2,275.53,3.25,N,0
38.96872,23.33803,310.59,0.4,0.37,2021-08-06,0012,N,VIIRS,n,2,269.45,4.13,N,0
38.96808,23.34256,307.5,0.4,0.37,2021-08-06,0012,N,VIIRS,n,2,268.43,4.13,N,0
38.96678,23.35172,312.69,0.4,0.37,2021-08-06,0012,N,VIIRS,n,2,270.96,3.04,N,0
38.96613,23.35631,306.58,0.4,0.37,2021-08-06,0012,N,VIIRS,n,2,266.62,4.28,N,0
38.97375,23.27752,322.54,0.4,0.37,2021-08-06,0012,N,VIIRS,n,2,267.59,1.78,N,0
38.97311,23.28211,321.83,0.4,0.37,2021-08-06,0012,N,VIIRS,n,2,272.39,3.73,N,0
38.97506,23.26822,313.28,0.4,0.37,2021-08-06,0012,N,VIIRS,n,2,267.09,2.57,N,0
38.97441,23.27287,311.32,0.4,0.37,2021-08-06,0012,N,VIIRS,n,2,257.53,1.78,N,0
38.97119,23.29577,319.61,0.4,0.37,2021-08-06,0012,N,VIIRS,n,2,272.12,3.72,N,0
38.97054,23.3004,312.71,0.4,0.37,2021-08-06,0012,N,VIIRS,n,2,275.97,2.15,N,0
38.96989,23.30504,316.35,0.4,0.37,2021-08-06,0012,N,VIIRS,n,2,273.94,2.15,N,0
38.96922,23.30975,317.15,0.4,0.37,2021-08-06,0012,N,VIIRS,n,2,274.08,2.76,N,0
38.96856,23.31444,318.53,0.4,0.37,2021-08-06,0012,N,VIIRS,n,2,274.17,2.76,N,0
38.9666,23.32836,316.8,0.4,0.37,2021-08-06,0012,N,VIIRS,n,2,280.04,3.25,N,0
38.96406,23.34642,314.19,0.4,0.37,2021-08-06,0012,N,VIIRS,n,2,269.76,3.04,N,0
38.96341,23.35101,311.47,0.4,0.37,2021-08-06,0012,N,VIIRS,n,2,267.09,3.04,N,0
38.97038,23.27681,324.2,0.4,0.37,2021-08-06,0012,N,VIIRS,n,2,268.87,2.27,N,0
38.96973,23.28142,324.5,0.4,0.37,2021-08-06,0012,N,VIIRS,n,2,269.59,2.76,N,0
38.9678,23.29513,323.25,0.4,0.37,2021-08-06,0012,N,VIIRS,n,2,269.94,2.43,N,0
38.96651,23.30431,322.76,0.4,0.37,2021-08-06,0012,N,VIIRS,n,2,271.13,2.65,N,0
38.96585,23.30899,322.49,0.4,0.37,2021-08-06,0012,N,VIIRS,n,2,271.83,3.39,N,0
38.96519,23.31368,324.94,0.4,0.37,2021-08-06,0012,N,VIIRS,n,2,271.06,3.39,N,0
38.96452,23.31844,321.66,0.4,0.37,2021-08-06,0012,N,VIIRS,n,2,275.82,4.22,N,0
38.96322,23.3277,321.17,0.4,0.37,2021-08-06,0012,N,VIIRS,n,2,279.43,3.62,N,0
38.96258,23.3322,325.54,0.4,0.37,2021-08-06,0012,N,VIIRS,n,2,278.19,3.62,N,0
38.96196,23.33665,322.67,0.4,0.37,2021-08-06,0012,N,VIIRS,n,2,275.94,3.53,N,0
38.97235,23.26277,314.35,0.4,0.37,2021-08-06,0012,N,VIIRS,n,2,265.66,1.3,N,0
38.97169,23.26747,312.61,0.4,0.37,2021-08-06,0012,N,VIIRS,n,2,258.29,1.3,N,0
38.97103,23.27216,313.5,0.4,0.37,2021-08-06,0012,N,VIIRS,n,2,257.36,2.27,N,0
38.96909,23.28599,318.68,0.4,0.37,2021-08-06,0012,N,VIIRS,n,2,276.14,2.76,N,0
38.96844,23.29056,315.89,0.4,0.37,2021-08-06,0012,N,VIIRS,n,2,275.34,2.43,N,0
38.96716,23.29972,319.73,0.4,0.37,2021-08-06,0012,N,VIIRS,n,2,271.95,2.65,N,0
38.96132,23.34118,318.04,0.4,0.37,2021-08-06,0012,N,VIIRS,n,2,267.02,3.53,N,0
38.96067,23.34577,313.47,0.4,0.37,2021-08-06,0012,N,VIIRS,n,2,262.86,2.29,N,0
38.96002,23.35039,310.06,0.4,0.37,2021-08-06,0012,N,VIIRS,n,2,263.86,2.29,N,0
38.96766,23.27133,320.92,0.4,0.37,2021-08-06,0012,N,VIIRS,n,2,260.93,2.27,N,0
38.96701,23.276,327.12,0.4,0.37,2021-08-06,0012,N,VIIRS,n,2,269.47,2.27,N,0
38.96635,23.28066,327.62,0.4,0.37,2021-08-06,0012,N,VIIRS,n,2,269.5,2.76,N,0
38.9657,23.2853,326.14,0.4,0.37,2021-08-06,0012,N,VIIRS,n,2,271.11,2.76,N,0
38.96441,23.2945,323.04,0.4,0.37,2021-08-06,0012,N,VIIRS,n,2,270.7,2.43,N,0
38.96313,23.30361,322.86,0.4,0.37,2021-08-06,0012,N,VIIRS,n,2,269.94,2.65,N,0
38.96248,23.30826,327.58,0.4,0.37,2021-08-06,0012,N,VIIRS,n,2,267.83,3.39,N,0
38.96182,23.31293,327.8,0.4,0.37,2021-08-06,0012,N,VIIRS,n,2,268.87,3.39,N,0
38.96114,23.31771,327.24,0.4,0.37,2021-08-06,0012,N,VIIRS,n,2,272.69,4.22,N,0
38.96048,23.32243,326.78,0.4,0.37,2021-08-06,0012,N,VIIRS,n,2,276.15,4.22,N,0
38.95984,23.32699,329,0.4,0.37,2021-08-06,0012,N,VIIRS,n,2,277.43,3.62,N,0
38.95921,23.33151,322.45,0.4,0.37,2021-08-06,0012,N,VIIRS,n,2,282.27,3.62,N,0
38.95858,23.33597,327.56,0.4,0.37,2021-08-06,0012,N,VIIRS,n,2,278.73,3.53,N,0
38.95794,23.34052,327.1,0.4,0.37,2021-08-06,0012,N,VIIRS,n,2,266.47,3.53,N,0
38.95729,23.34514,321.03,0.4,0.37,2021-08-06,0012,N,VIIRS,n,2,263.04,2.29,N,0
38.96962,23.25737,313.89,0.4,0.37,2021-08-06,0012,N,VIIRS,n,2,274.81,3.61,N,0
38.96898,23.26198,314.59,0.4,0.37,2021-08-06,0012,N,VIIRS,n,2,260.22,1.3,N,0
38.96832,23.26666,313.6,0.4,0.37,2021-08-06,0012,N,VIIRS,n,2,256.84,1.3,N,0
38.96505,23.28992,317.57,0.4,0.37,2021-08-06,0012,N,VIIRS,n,2,276.17,2.43,N,0
38.96377,23.29906,319.14,0.4,0.37,2021-08-06,0012,N,VIIRS,n,2,271.59,2.65,N,0
38.95663,23.34979,311.62,0.4,0.37,2021-08-06,0012,N,VIIRS,n,2,260.36,2.29,N,0
38.9656,23.26119,323.24,0.4,0.37,2021-08-06,0012,N,VIIRS,n,2,265.24,2.44,N,0
38.96495,23.26584,323.98,0.4,0.37,2021-08-06,0012,N,VIIRS,n,2,262.36,2.44,N,0
38.9643,23.2705,326.67,0.4,0.37,2021-08-06,0012,N,VIIRS,n,2,264.97,3.05,N,0
38.96364,23.27518,320.38,0.4,0.37,2021-08-06,0012,N,VIIRS,n,2,278.67,3.05,N,0
38.96299,23.27987,324.01,0.4,0.37,2021-08-06,0012,N,VIIRS,n,2,276.65,3.26,N,0
38.96233,23.28455,328.06,0.4,0.37,2021-08-06,0012,N,VIIRS,n,2,271.35,3.26,N,0
38.96168,23.28919,327.01,0.4,0.37,2021-08-06,0012,N,VIIRS,n,2,271.45,3.49,N,0
38.96103,23.29379,328.64,0.4,0.37,2021-08-06,0012,N,VIIRS,n,2,268.23,3.49,N,0
38.96039,23.29837,328.03,0.4,0.37,2021-08-06,0012,N,VIIRS,n,2,267.87,3.62,N,0
38.95975,23.30294,326.19,0.4,0.37,2021-08-06,0012,N,VIIRS,n,2,270.15,3.62,N,0
38.9591,23.30756,329.28,0.4,0.37,2021-08-06,0012,N,VIIRS,n,2,269.49,3.97,N,0
38.95844,23.31223,332.63,0.4,0.37,2021-08-06,0012,N,VIIRS,n,2,269.64,3.97,N,0
38.95778,23.31697,331.21,0.4,0.37,2021-08-06,0012,N,VIIRS,n,2,271.95,5.46,N,0
38.95711,23.32169,334.03,0.4,0.37,2021-08-06,0012,N,VIIRS,n,2,274.19,5.46,N,0
38.95647,23.32626,334.49,0.4,0.37,2021-08-06,0012,N,VIIRS,n,2,275.87,5.64,N,0
38.95583,23.33079,324.74,0.4,0.37,2021-08-06,0012,N,VIIRS,n,2,279.59,5.64,N,0
38.9552,23.33528,335.59,0.4,0.37,2021-08-06,0012,N,VIIRS,n,2,277,7.01,N,0
38.95456,23.33983,336.32,0.4,0.37,2021-08-06,0012,N,VIIRS,n,2,267.51,7.01,N,0
38.9539,23.3445,328.59,0.4,0.37,2021-08-06,0012,N,VIIRS,n,2,262.66,3.93,N,0
38.96625,23.25659,312.52,0.4,0.37,2021-08-06,0012,N,VIIRS,n,2,279.3,3.36,N,0
38.95324,23.34917,316.76,0.4,0.37,2021-08-06,0012,N,VIIRS,n,2,259.7,3.93,N,0
38.96223,23.26042,320.89,0.4,0.37,2021-08-06,0012,N,VIIRS,n,2,272.99,2.44,N,0
38.96158,23.26506,327.6,0.4,0.37,2021-08-06,0012,N,VIIRS,n,2,267.5,2.44,N,0
38.96093,23.26974,326.15,0.4,0.37,2021-08-06,0012,N,VIIRS,n,2,270.87,3.05,N,0
38.95896,23.28376,322.59,0.4,0.37,2021-08-06,0012,N,VIIRS,n,2,274.79,3.26,N,0
38.95831,23.28839,329.79,0.4,0.37,2021-08-06,0012,N,VIIRS,n,2,271.11,3.49,N,0
38.95766,23.29301,330.6,0.4,0.37,2021-08-06,0012,N,VIIRS,n,2,272.42,3.49,N,0
38.95701,23.29764,331.83,0.4,0.37,2021-08-06,0012,N,VIIRS,n,2,270.99,3.62,N,0
38.95636,23.30226,330.27,0.4,0.37,2021-08-06,0012,N,VIIRS,n,2,272.3,3.62,N,0
38.95572,23.30689,322.82,0.4,0.37,2021-08-06,0012,N,VIIRS,n,2,274.37,3.97,N,0
38.95506,23.31153,333.06,0.4,0.37,2021-08-06,0012,N,VIIRS,n,2,271.94,3.97,N,0
38.9544,23.31624,337.74,0.4,0.37,2021-08-06,0012,N,VIIRS,n,2,271.4,5.46,N,0
38.95374,23.32093,342.15,0.4,0.37,2021-08-06,0012,N,VIIRS,n,2,270.05,5.46,N,0
38.95309,23.32553,344.92,0.4,0.37,2021-08-06,0012,N,VIIRS,n,2,271.64,5.64,N,0
38.95245,23.33008,339.91,0.4,0.37,2021-08-06,0012,N,VIIRS,n,2,278.11,5.64,N,0
38.95182,23.3346,348.2,0.4,0.37,2021-08-06,0012,N,VIIRS,n,2,276.02,7.01,N,0
38.95118,23.33917,348.44,0.4,0.37,2021-08-06,0012,N,VIIRS,n,2,269.99,7.01,N,0
38.95051,23.34386,338.97,0.4,0.37,2021-08-06,0012,N,VIIRS,n,2,263.16,3.93,N,0
38.94986,23.34853,324.67,0.4,0.37,2021-08-06,0012,N,VIIRS,n,2,260.67,3.93,N,0
38.9492,23.35315,309.81,0.4,0.37,2021-08-06,0012,N,VIIRS,n,2,258.95,2.6,N,0
38.94856,23.35771,307.14,0.4,0.37,2021-08-06,0012,N,VIIRS,n,2,257.16,2.6,N,0
38.9582,23.26434,321.51,0.4,0.37,2021-08-06,0012,N,VIIRS,n,2,275.61,4.21,N,0
38.95755,23.26904,321.21,0.4,0.37,2021-08-06,0012,N,VIIRS,n,2,274.72,2.73,N,0
38.95429,23.29223,320.14,0.4,0.37,2021-08-06,0012,N,VIIRS,n,2,274.25,3.36,N,0
38.95364,23.29689,328.1,0.4,0.37,2021-08-06,0012,N,VIIRS,n,2,273.34,3.33,N,0
38.95299,23.30154,325.16,0.4,0.37,2021-08-06,0012,N,VIIRS,n,2,275.26,3.33,N,0
38.95234,23.30618,320.41,0.4,0.37,2021-08-06,0012,N,VIIRS,n,2,276.66,4.55,N,0
38.95169,23.31082,338.65,0.4,0.37,2021-08-06,0012,N,VIIRS,n,2,273.11,4.55,N,0
38.95103,23.3155,345.13,0.4,0.37,2021-08-06,0012,N,VIIRS,n,2,266.92,8.67,N,0
38.95037,23.32019,348.16,0.4,0.37,2021-08-06,0012,N,VIIRS,n,2,266.75,8.67,N,0
38.94972,23.32482,351.37,0.4,0.37,2021-08-06,0012,N,VIIRS,n,2,268.39,11.84,N,0
38.94907,23.3294,350.35,0.4,0.37,2021-08-06,0012,N,VIIRS,n,2,273.83,11.84,N,0
38.94844,23.33394,353.46,0.4,0.37,2021-08-06,0012,N,VIIRS,n,2,273.34,14.54,N,0
38.94779,23.33853,356.48,0.4,0.37,2021-08-06,0012,N,VIIRS,n,2,267.39,14.54,N,0
38.94713,23.34323,353.82,0.4,0.37,2021-08-06,0012,N,VIIRS,n,2,264.84,11.2,N,0
38.94648,23.34789,343,0.4,0.37,2021-08-06,0012,N,VIIRS,n,2,260.07,11.2,N,0
38.94583,23.35249,329.63,0.4,0.37,2021-08-06,0012,N,VIIRS,n,2,258.93,5.34,N,0
38.95495,23.28758,315.37,0.4,0.37,2021-08-06,0012,N,VIIRS,n,2,271.57,3.36,N,0
38.94519,23.35703,319.81,0.4,0.37,2021-08-06,0012,N,VIIRS,n,2,257.9,5.34,N,0
38.95027,23.29613,328.39,0.4,0.37,2021-08-06,0012,N,VIIRS,n,2,272.92,3.33,N,0
38.94962,23.30078,332.87,0.4,0.37,2021-08-06,0012,N,VIIRS,n,2,272.65,3.33,N,0
38.94896,23.30544,320.71,0.4,0.37,2021-08-06,0012,N,VIIRS,n,2,274.74,4.55,N,0
38.94831,23.3101,346.72,0.4,0.37,2021-08-06,0012,N,VIIRS,n,2,272.76,4.55,N,0
38.94765,23.31478,352.36,0.4,0.37,2021-08-06,0012,N,VIIRS,n,2,265.74,8.67,N,0
38.947,23.31946,354.79,0.4,0.37,2021-08-06,0012,N,VIIRS,n,2,264.88,8.67,N,0
38.94635,23.3241,367,0.4,0.37,2021-08-06,0012,N,VIIRS,h,2,269.07,11.84,N,0
38.9457,23.32872,367,0.4,0.37,2021-08-06,0012,N,VIIRS,h,2,267.82,11.84,N,0
38.94505,23.33328,367,0.4,0.37,2021-08-06,0012,N,VIIRS,h,2,268.6,14.54,N,0
38.94441,23.33787,367,0.4,0.37,2021-08-06,0012,N,VIIRS,h,2,264.63,14.54,N,0
38.94376,23.34254,367,0.4,0.37,2021-08-06,0012,N,VIIRS,h,2,262.99,11.2,N,0
38.9431,23.34719,355.95,0.4,0.37,2021-08-06,0012,N,VIIRS,n,2,261.27,11.2,N,0
38.94246,23.35177,351.11,0.4,0.37,2021-08-06,0012,N,VIIRS,n,2,259.38,5.34,N,0
38.94182,23.35629,340.32,0.4,0.37,2021-08-06,0012,N,VIIRS,n,2,258.84,5.34,N,0
38.94118,23.36079,324.49,0.4,0.37,2021-08-06,0012,N,VIIRS,n,2,258.11,3.73,N,0
38.95416,23.26833,316.27,0.4,0.37,2021-08-06,0012,N,VIIRS,n,2,274.91,2.73,N,0
38.94054,23.36531,315.26,0.4,0.37,2021-08-06,0012,N,VIIRS,n,2,256.49,3.73,N,0
38.93991,23.36985,307.27,0.4,0.37,2021-08-06,0012,N,VIIRS,n,2,253.23,3.41,N,0
38.9469,23.29539,323.7,0.4,0.37,2021-08-06,0012,N,VIIRS,n,2,272.51,3.02,N,0
38.94625,23.30002,338.39,0.4,0.37,2021-08-06,0012,N,VIIRS,n,2,273.67,3.02,N,0
38.94559,23.3047,321.32,0.4,0.37,2021-08-06,0012,N,VIIRS,n,2,273.95,5.77,N,0
38.94493,23.30939,349.16,0.4,0.37,2021-08-06,0012,N,VIIRS,n,2,271.61,5.77,N,0
38.94428,23.31408,357.06,0.4,0.37,2021-08-06,0012,N,VIIRS,n,2,263.7,15.51,N,0
38.94362,23.31875,357.1,0.4,0.37,2021-08-06,0012,N,VIIRS,n,2,263.63,15.51,N,0
38.94297,23.32341,367,0.4,0.37,2021-08-06,0012,N,VIIRS,h,2,268.4,19.9,N,0
38.94232,23.32804,367,0.4,0.37,2021-08-06,0012,N,VIIRS,h,2,267.93,19.9,N,0
38.94167,23.33263,367,0.4,0.37,2021-08-06,0012,N,VIIRS,h,2,267.02,23.18,N,0
38.94103,23.33721,367,0.4,0.37,2021-08-06,0012,N,VIIRS,h,2,264.59,23.18,N,0
38.94038,23.34185,367,0.4,0.37,2021-08-06,0012,N,VIIRS,h,2,261.68,18.19,N,0
38.93972,23.34648,367,0.4,0.37,2021-08-06,0012,N,VIIRS,h,2,260.55,18.19,N,0
38.93909,23.35103,367,0.4,0.37,2021-08-06,0012,N,VIIRS,h,2,260.62,17.78,N,0
38.93845,23.35554,367,0.4,0.37,2021-08-06,0012,N,VIIRS,h,2,261.05,17.78,N,0
38.93782,23.36005,346.99,0.4,0.37,2021-08-06,0012,N,VIIRS,n,2,257.95,8.35,N,0
38.93718,23.36458,333.13,0.4,0.37,2021-08-06,0012,N,VIIRS,n,2,256.48,8.35,N,0
38.93653,23.36913,322.61,0.4,0.37,2021-08-06,0012,N,VIIRS,n,2,254.2,3.32,N,0
38.9359,23.37368,316.37,0.4,0.37,2021-08-06,0012,N,VIIRS,n,2,254.29,3.32,N,0
38.93526,23.37821,307.28,0.4,0.37,2021-08-06,0012,N,VIIRS,n,2,254.51,2.2,N,0
38.94287,23.29927,324.15,0.4,0.37,2021-08-06,0012,N,VIIRS,n,2,273.44,3.02,N,0
38.94221,23.30398,327.49,0.4,0.37,2021-08-06,0012,N,VIIRS,n,2,274.83,5.77,N,0
38.94156,23.3087,351.42,0.4,0.37,2021-08-06,0012,N,VIIRS,n,2,269.25,5.77,N,0
38.9409,23.3134,367,0.4,0.37,2021-08-06,0012,N,VIIRS,h,2,265.1,15.51,N,0
38.94024,23.31806,367,0.4,0.37,2021-08-06,0012,N,VIIRS,h,2,263.03,15.51,N,0
38.93959,23.32271,367,0.4,0.37,2021-08-06,0012,N,VIIRS,h,2,267.88,19.9,N,0
38.93894,23.32737,367,0.4,0.37,2021-08-06,0012,N,VIIRS,h,2,270.45,19.9,N,0
38.87024,23.36607,367,0.4,0.37,2021-08-06,0012,N,VIIRS,h,2,286.77,11.19,N,0
38.8696,23.3706,353.73,0.4,0.37,2021-08-06,0012,N,VIIRS,n,2,284.21,11.19,N,0
38.86898,23.37501,339.72,0.4,0.37,2021-08-06,0012,N,VIIRS,n,2,282.93,3.57,N,0
38.86836,23.37942,332.81,0.4,0.37,2021-08-06,0012,N,VIIRS,n,2,278.03,3.57,N,0
38.86769,23.38409,330.97,0.4,0.37,2021-08-06,0012,N,VIIRS,n,2,280.9,3.06,N,0
38.86703,23.38873,333.15,0.4,0.37,2021-08-06,0012,N,VIIRS,n,2,281.87,3.06,N,0
38.86639,23.39322,339.17,0.4,0.37,2021-08-06,0012,N,VIIRS,n,2,285.42,4.86,N,0
38.86576,23.39772,339.69,0.4,0.37,2021-08-06,0012,N,VIIRS,n,2,285.25,4.86,N,0
38.86512,23.40222,351.69,0.4,0.37,2021-08-06,0012,N,VIIRS,n,2,298.34,26.65,N,0
38.86447,23.40674,352.48,0.4,0.37,2021-08-06,0012,N,VIIRS,n,2,299.97,26.65,N,0
38.86383,23.41129,367,0.4,0.37,2021-08-06,0012,N,VIIRS,h,2,293.43,9.31,N,0
38.86319,23.41578,367,0.4,0.37,2021-08-06,0012,N,VIIRS,h,2,293.62,9.31,N,0
38.86255,23.42025,356.45,0.4,0.37,2021-08-06,0012,N,VIIRS,n,2,294.6,18.67,N,0
38.86191,23.42477,367,0.4,0.37,2021-08-06,0012,N,VIIRS,h,2,302.08,18.67,N,0
38.86127,23.42931,355.23,0.4,0.37,2021-08-06,0012,N,VIIRS,n,2,313.67,151.08,N,0
38.86062,23.43384,349.38,0.4,0.37,2021-08-06,0012,N,VIIRS,n,2,317.94,151.08,N,0
38.85997,23.43838,342.16,0.4,0.37,2021-08-06,0012,N,VIIRS,n,2,316.88,153.8,N,0
38.85868,23.44748,332.23,0.4,0.37,2021-08-06,0012,N,VIIRS,n,2,304.09,29.89,N,0
38.85477,23.47486,325.76,0.4,0.37,2021-08-06,0012,N,VIIRS,n,2,292.76,3.73,N,3
38.89698,23.17666,307.14,0.4,0.37,2021-08-06,0012,N,VIIRS,n,2,258.25,0.85,N,0
38.8885,23.23701,313.83,0.4,0.37,2021-08-06,0012,N,VIIRS,n,2,268.68,1.66,N,0
38.88446,23.2409,325.43,0.4,0.37,2021-08-06,0012,N,VIIRS,n,2,267.32,1.66,N,0
38.8838,23.24566,352,0.4,0.37,2021-08-06,0012,N,VIIRS,n,2,276.57,15.4,N,0
38.88312,23.25043,367,0.4,0.37,2021-08-06,0012,N,VIIRS,h,2,279.05,15.4,N,0
38.88245,23.25519,355.11,0.4,0.37,2021-08-06,0012,N,VIIRS,n,2,274.37,7.96,N,0
38.88179,23.25984,346.94,0.4,0.37,2021-08-06,0012,N,VIIRS,n,2,270.51,7.96,N,0
38.88113,23.26452,343.16,0.4,0.37,2021-08-06,0012,N,VIIRS,n,2,271.13,4.65,N,0
38.88047,23.26921,340.41,0.4,0.37,2021-08-06,0012,N,VIIRS,n,2,270.81,4.65,N,0
38.87981,23.27388,341.02,0.4,0.37,2021-08-06,0012,N,VIIRS,n,2,271.77,5.58,N,0
38.87915,23.27852,344.02,0.4,0.37,2021-08-06,0012,N,VIIRS,n,2,272.69,5.58,N,0
38.87852,23.28305,345.81,0.4,0.37,2021-08-06,0012,N,VIIRS,n,2,271.65,7.53,N,0
38.87788,23.28758,367,0.4,0.37,2021-08-06,0012,N,VIIRS,h,2,278.72,7.53,N,0
38.87723,23.29215,351.51,0.4,0.37,2021-08-06,0012,N,VIIRS,n,2,278.62,7.17,N,0
38.87658,23.29677,350.2,0.4,0.37,2021-08-06,0012,N,VIIRS,n,2,278.78,7.17,N,0
38.87592,23.30147,367,0.4,0.37,2021-08-06,0012,N,VIIRS,h,2,290.07,18.67,N,0
38.87525,23.30616,355.59,0.4,0.37,2021-08-06,0012,N,VIIRS,n,2,296.36,18.67,N,0
38.8746,23.31078,367,0.4,0.37,2021-08-06,0012,N,VIIRS,h,2,293.39,11.03,N,0
38.87394,23.3154,348.56,0.4,0.37,2021-08-06,0012,N,VIIRS,n,2,287.83,11.03,N,0
38.87329,23.32001,339.54,0.4,0.37,2021-08-06,0012,N,VIIRS,n,2,287.21,5.39,N,0
38.87264,23.32463,330.29,0.4,0.37,2021-08-06,0012,N,VIIRS,n,2,285.27,5.39,N,0
38.87199,23.32922,327.19,0.4,0.37,2021-08-06,0012,N,VIIRS,n,2,277.52,2.81,N,0
38.87136,23.33368,337.7,0.4,0.37,2021-08-06,0012,N,VIIRS,n,2,278.83,2.81,N,0
38.87074,23.33809,343.35,0.4,0.37,2021-08-06,0012,N,VIIRS,n,2,279.98,2.65,N,0
38.87012,23.34247,323.17,0.4,0.37,2021-08-06,0012,N,VIIRS,n,2,275.1,2.65,N,0
38.86949,23.3469,321.77,0.4,0.37,2021-08-06,0012,N,VIIRS,n,2,271.36,1.91,N,0
38.86885,23.35146,325.84,0.4,0.37,2021-08-06,0012,N,VIIRS,n,2,273.32,1.91,N,0
38.93829,23.33197,367,0.4,0.37,2021-08-06,0012,N,VIIRS,h,2,272.82,23.18,N,0
38.93765,23.33654,367,0.4,0.37,2021-08-06,0012,N,VIIRS,h,2,270.92,23.18,N,0
38.937,23.34115,367,0.4,0.37,2021-08-06,0012,N,VIIRS,h,2,266.34,18.19,N,0
38.93636,23.34576,367,0.4,0.37,2021-08-06,0012,N,VIIRS,h,2,262.52,18.19,N,0
38.93572,23.35029,367,0.4,0.37,2021-08-06,0012,N,VIIRS,h,2,263.7,17.78,N,0
38.93509,23.3548,367,0.4,0.37,2021-08-06,0012,N,VIIRS,h,2,264.24,17.78,N,0
38.93444,23.35931,367,0.4,0.37,2021-08-06,0012,N,VIIRS,h,2,260.2,8.35,N,0
38.93381,23.36385,349.93,0.4,0.37,2021-08-06,0012,N,VIIRS,n,2,257.53,8.35,N,0
38.93317,23.3684,340.1,0.4,0.37,2021-08-06,0012,N,VIIRS,n,2,256.34,3.32,N,0
38.93253,23.37293,323.93,0.4,0.37,2021-08-06,0012,N,VIIRS,n,2,253.4,3.32,N,0
38.94416,23.29013,316.78,0.4,0.37,2021-08-06,0012,N,VIIRS,n,2,272.63,5.74,N,0
38.94352,23.29465,319.37,0.4,0.37,2021-08-06,0012,N,VIIRS,n,2,271.53,3.02,N,0
38.93189,23.37744,312.55,0.4,0.37,2021-08-06,0012,N,VIIRS,n,2,252.16,2.2,N,0
38.94078,23.28942,321.74,0.4,0.37,2021-08-06,0012,N,VIIRS,n,2,271.15,2.14,N,0
38.94014,23.29393,324.35,0.4,0.37,2021-08-06,0012,N,VIIRS,n,2,269.96,3.14,N,0
38.9395,23.29853,327.59,0.4,0.37,2021-08-06,0012,N,VIIRS,n,2,271.34,3.14,N,0
38.93884,23.30324,342.47,0.4,0.37,2021-08-06,0012,N,VIIRS,n,2,272.2,9.19,N,0
38.93818,23.30799,352.09,0.4,0.37,2021-08-06,0012,N,VIIRS,n,2,269.08,9.19,N,0
38.93752,23.31273,367,0.4,0.37,2021-08-06,0012,N,VIIRS,h,2,264.9,19.31,N,0
38.93686,23.31738,367,0.4,0.37,2021-08-06,0012,N,VIIRS,h,2,263.65,19.31,N,0
38.93621,23.32202,367,0.4,0.37,2021-08-06,0012,N,VIIRS,h,2,269.39,35.72,N,0
38.93557,23.32665,367,0.4,0.37,2021-08-06,0012,N,VIIRS,h,2,272.82,35.72,N,0
38.93492,23.33126,345.66,0.4,0.37,2021-08-06,0012,N,VIIRS,n,2,284.48,72.22,N,0
38.93428,23.33584,351.56,0.4,0.37,2021-08-06,0012,N,VIIRS,n,2,277.02,72.22,N,0
38.93363,23.34044,353.12,0.4,0.37,2021-08-06,0012,N,VIIRS,n,2,275.24,45.71,N,0
38.93299,23.34502,367,0.4,0.37,2021-08-06,0012,N,VIIRS,h,2,267.8,45.71,N,0
38.93235,23.34954,367,0.4,0.37,2021-08-06,0012,N,VIIRS,h,2,262,16.85,N,0
38.93172,23.35404,367,0.4,0.37,2021-08-06,0012,N,VIIRS,h,2,264.12,16.85,N,0
38.93108,23.35857,367,0.4,0.37,2021-08-06,0012,N,VIIRS,h,2,261.59,16.59,N,0
38.93044,23.36312,367,0.4,0.37,2021-08-06,0012,N,VIIRS,h,2,259.53,16.59,N,0
38.9298,23.36766,344.13,0.4,0.37,2021-08-06,0012,N,VIIRS,n,2,254.57,5.7,N,0
38.92916,23.37218,328.42,0.4,0.37,2021-08-06,0012,N,VIIRS,n,2,252.27,5.7,N,0
38.92214,23.42197,326.39,0.4,0.37,2021-08-06,0012,N,VIIRS,n,2,254.05,9.66,N,0
38.94272,23.27556,312.59,0.4,0.37,2021-08-06,0012,N,VIIRS,n,2,269,1.31,N,0
38.94206,23.28022,315.66,0.4,0.37,2021-08-06,0012,N,VIIRS,n,2,268.5,1.31,N,0
38.94142,23.28485,319.27,0.4,0.37,2021-08-06,0012,N,VIIRS,n,2,271.4,2.14,N,0
38.92853,23.37669,318.58,0.4,0.37,2021-08-06,0012,N,VIIRS,n,2,251.14,2.8,N,0
38.92789,23.38121,309.85,0.4,0.37,2021-08-06,0012,N,VIIRS,n,2,250.65,2.8,N,0
38.92725,23.38574,311.26,0.4,0.37,2021-08-06,0012,N,VIIRS,n,2,251.38,2.93,N,0
38.9387,23.27942,320.18,0.4,0.37,2021-08-06,0012,N,VIIRS,n,2,265.77,1.31,N,0
38.93805,23.2841,324.44,0.4,0.37,2021-08-06,0012,N,VIIRS,n,2,268.41,2.14,N,0
38.9374,23.2887,327.59,0.4,0.37,2021-08-06,0012,N,VIIRS,n,2,269.16,2.14,N,0
38.93677,23.29321,330.95,0.4,0.37,2021-08-06,0012,N,VIIRS,n,2,268,3.14,N,0
38.93613,23.2978,336.39,0.4,0.37,2021-08-06,0012,N,VIIRS,n,2,268.63,3.14,N,0
38.93547,23.30251,347.62,0.4,0.37,2021-08-06,0012,N,VIIRS,n,2,268.06,9.19,N,0
38.93481,23.30726,355.72,0.4,0.37,2021-08-06,0012,N,VIIRS,n,2,267.62,9.19,N,0
38.93414,23.31202,367,0.4,0.37,2021-08-06,0012,N,VIIRS,h,2,263.72,19.31,N,0
38.93349,23.31668,367,0.4,0.37,2021-08-06,0012,N,VIIRS,h,2,264.37,19.31,N,0
38.93284,23.32132,367,0.4,0.37,2021-08-06,0012,N,VIIRS,h,2,269.7,35.72,N,0
38.93219,23.32593,350.48,0.4,0.37,2021-08-06,0012,N,VIIRS,n,2,282.19,35.72,N,0
38.93155,23.33053,347.68,0.4,0.37,2021-08-06,0012,N,VIIRS,n,2,282.19,72.22,N,0
38.9309,23.33513,342.45,0.4,0.37,2021-08-06,0012,N,VIIRS,n,2,283.37,72.22,N,0
38.93026,23.33971,338.56,0.4,0.37,2021-08-06,0012,N,VIIRS,n,2,283.22,45.71,N,0
38.92962,23.34426,355.23,0.4,0.37,2021-08-06,0012,N,VIIRS,n,2,274.33,45.71,N,0
38.92899,23.34875,353.66,0.4,0.37,2021-08-06,0012,N,VIIRS,n,2,259.16,16.85,N,0
38.92836,23.35325,354.65,0.4,0.37,2021-08-06,0012,N,VIIRS,n,2,256.69,16.85,N,0
38.92772,23.35779,367,0.4,0.37,2021-08-06,0012,N,VIIRS,h,2,259.68,16.59,N,0
38.92707,23.36234,367,0.4,0.37,2021-08-06,0012,N,VIIRS,h,2,259.45,16.59,N,0
38.92644,23.36689,353.17,0.4,0.37,2021-08-06,0012,N,VIIRS,n,2,256.19,5.7,N,0
38.92579,23.37144,334.75,0.4,0.37,2021-08-06,0012,N,VIIRS,n,2,252.3,5.7,N,0
38.92516,23.37596,327.22,0.4,0.37,2021-08-06,0012,N,VIIRS,n,2,251.29,2.8,N,0
38.92452,23.38048,337.56,0.4,0.37,2021-08-06,0012,N,VIIRS,n,2,253.77,2.8,N,0
38.92389,23.385,331.34,0.4,0.37,2021-08-06,0012,N,VIIRS,n,2,252.7,2.93,N,0
38.92324,23.38953,320.53,0.4,0.37,2021-08-06,0012,N,VIIRS,n,2,251.16,2.93,N,0
38.91941,23.41671,322.88,0.4,0.37,2021-08-06,0012,N,VIIRS,n,2,253.42,5.27,N,0
38.91878,23.42122,352.99,0.4,0.37,2021-08-06,0012,N,VIIRS,n,2,268.24,9.66,N,0
38.94067,23.26528,308.04,0.4,0.37,2021-08-06,0012,N,VIIRS,n,2,263.9,1.41,N,0
38.94001,23.27,311.82,0.4,0.37,2021-08-06,0012,N,VIIRS,n,2,264.8,1.41,N,0
38.93935,23.27472,316.06,0.4,0.37,2021-08-06,0012,N,VIIRS,n,2,265.85,1.31,N,0
38.9226,23.39407,311.57,0.4,0.37,2021-08-06,0012,N,VIIRS,n,2,250.14,3.71,N,0
38.93533,23.27865,324.46,0.4,0.37,2021-08-06,0012,N,VIIRS,n,2,263.42,1.95,N,0
38.93468,23.28335,328.99,0.4,0.37,2021-08-06,0012,N,VIIRS,n,2,264.96,3.61,N,0
38.93403,23.28796,332.68,0.4,0.37,2021-08-06,0012,N,VIIRS,n,2,264.01,3.61,N,0
38.93339,23.29249,338.7,0.4,0.37,2021-08-06,0012,N,VIIRS,n,2,263.84,7.88,N,0
38.93275,23.29708,346.99,0.4,0.37,2021-08-06,0012,N,VIIRS,n,2,265.52,7.88,N,0
38.93209,23.30178,355.56,0.4,0.37,2021-08-06,0012,N,VIIRS,n,2,267.16,16.17,N,0
38.93143,23.30654,367,0.4,0.37,2021-08-06,0012,N,VIIRS,h,2,265.78,16.17,N,0
38.93077,23.3113,367,0.4,0.37,2021-08-06,0012,N,VIIRS,h,2,262.78,27.82,N,0
38.93011,23.31598,367,0.4,0.37,2021-08-06,0012,N,VIIRS,h,2,266.29,27.82,N,0
38.92947,23.3206,367,0.4,0.37,2021-08-06,0012,N,VIIRS,h,2,264.76,20.9,N,0
38.92883,23.32516,367,0.4,0.37,2021-08-06,0012,N,VIIRS,h,2,268.01,20.9,N,0
38.92819,23.32971,351.95,0.4,0.37,2021-08-06,0012,N,VIIRS,n,2,280.59,73.46,N,0
38.92755,23.33429,336.78,0.4,0.37,2021-08-06,0012,N,VIIRS,n,2,287.84,73.46,N,0
38.92627,23.3434,349.18,0.4,0.37,2021-08-06,0012,N,VIIRS,n,2,280.42,98.39,N,0
38.92563,23.34791,356.32,0.4,0.37,2021-08-06,0012,N,VIIRS,n,2,272.38,19.97,N,0
38.925,23.35242,355.65,0.4,0.37,2021-08-06,0012,N,VIIRS,n,2,257.46,19.97,N,0
38.92436,23.35696,349.02,0.4,0.37,2021-08-06,0012,N,VIIRS,n,2,254.3,5.77,N,0
38.92372,23.36151,342.36,0.4,0.37,2021-08-06,0012,N,VIIRS,n,2,252.28,5.77,N,0
38.92308,23.36609,329.74,0.4,0.37,2021-08-06,0012,N,VIIRS,n,2,250.53,3.81,N,0
38.92243,23.37068,325.6,0.4,0.37,2021-08-06,0012,N,VIIRS,n,2,249.91,3.81,N,0
38.92179,23.37523,334.15,0.4,0.37,2021-08-06,0012,N,VIIRS,n,2,251.68,6.39,N,0
38.92115,23.37975,340.7,0.4,0.37,2021-08-06,0012,N,VIIRS,n,2,253.25,6.39,N,0
38.92052,23.38426,338.55,0.4,0.37,2021-08-06,0012,N,VIIRS,n,2,253.11,5.35,N,0
38.91605,23.41596,327.14,0.4,0.37,2021-08-06,0012,N,VIIRS,n,2,255.6,3.35,N,0
38.91541,23.42047,356.55,0.4,0.37,2021-08-06,0012,N,VIIRS,n,2,272.13,14.81,N,0
38.91479,23.42487,351.42,0.4,0.37,2021-08-06,0012,N,VIIRS,n,2,263.88,14.81,N,0
38.93731,23.26447,310.23,0.4,0.37,2021-08-06,0012,N,VIIRS,n,2,262.11,0.89,N,0
38.93665,23.26919,314.11,0.4,0.37,2021-08-06,0012,N,VIIRS,n,2,262.68,0.89,N,0
38.93599,23.27392,319.2,0.4,0.37,2021-08-06,0012,N,VIIRS,n,2,262.98,1.95,N,0
38.91988,23.38876,319.66,0.4,0.37,2021-08-06,0012,N,VIIRS,n,2,250.61,5.35,N,0
38.91924,23.3933,310.36,0.4,0.37,2021-08-06,0012,N,VIIRS,n,2,249.76,2.43,N,0
38.91669,23.41145,310.39,0.4,0.37,2021-08-06,0012,N,VIIRS,n,2,251.31,3.35,N,0
38.93261,23.27318,323.16,0.4,0.37,2021-08-06,0012,N,VIIRS,n,2,261.18,1.95,N,0
38.93195,23.27793,329.89,0.4,0.37,2021-08-06,0012,N,VIIRS,n,2,261.47,1.95,N,0
38.9313,23.28261,336.41,0.4,0.37,2021-08-06,0012,N,VIIRS,n,2,262.12,3.61,N,0
38.93065,23.28723,343.35,0.4,0.37,2021-08-06,0012,N,VIIRS,n,2,260.71,3.61,N,0
38.93002,23.29176,354.89,0.4,0.37,2021-08-06,0012,N,VIIRS,n,2,262.5,7.88,N,0
38.92938,23.29634,367,0.4,0.37,2021-08-06,0012,N,VIIRS,h,2,262.91,7.88,N,0
38.92872,23.30105,367,0.4,0.37,2021-08-06,0012,N,VIIRS,h,2,265.81,16.17,N,0
38.92806,23.30579,367,0.4,0.37,2021-08-06,0012,N,VIIRS,h,2,266.92,16.17,N,0
38.9274,23.3105,354.97,0.4,0.37,2021-08-06,0012,N,VIIRS,n,2,270.73,27.82,N,0
38.92676,23.31513,355.63,0.4,0.37,2021-08-06,0012,N,VIIRS,n,2,268.87,27.82,N,0
38.92611,23.31973,355.59,0.4,0.37,2021-08-06,0012,N,VIIRS,n,2,257.04,20.9,N,0
38.92548,23.32427,367,0.4,0.37,2021-08-06,0012,N,VIIRS,h,2,259.62,20.9,N,0
38.92484,23.32881,353.76,0.4,0.37,2021-08-06,0012,N,VIIRS,n,2,278.97,73.46,N,0
38.9242,23.33337,339.79,0.4,0.37,2021-08-06,0012,N,VIIRS,n,2,294,73.46,N,0
38.92356,23.33793,350.23,0.4,0.37,2021-08-06,0012,N,VIIRS,n,2,280.9,98.39,N,0
38.92292,23.34249,352.74,0.4,0.37,2021-08-06,0012,N,VIIRS,n,2,271.63,98.39,N,0
38.92228,23.34704,356.36,0.4,0.37,2021-08-06,0012,N,VIIRS,n,2,272.15,19.97,N,0
38.92164,23.35159,353.76,0.4,0.37,2021-08-06,0012,N,VIIRS,n,2,260.07,19.97,N,0
38.921,23.35614,338.08,0.4,0.37,2021-08-06,0012,N,VIIRS,n,2,252.14,5.77,N,0
38.92036,23.36069,340.36,0.4,0.37,2021-08-06,0012,N,VIIRS,n,2,252.09,5.77,N,0
38.91972,23.36529,339.99,0.4,0.37,2021-08-06,0012,N,VIIRS,n,2,252.07,3.81,N,0
38.91907,23.36991,333.36,0.4,0.37,2021-08-06,0012,N,VIIRS,n,2,251.24,3.81,N,0
38.91843,23.37446,340.64,0.4,0.37,2021-08-06,0012,N,VIIRS,n,2,252.42,6.39,N,0
38.91779,23.37898,354.46,0.4,0.37,2021-08-06,0012,N,VIIRS,n,2,259.75,6.39,N,0
38.91716,23.38347,349.74,0.4,0.37,2021-08-06,0012,N,VIIRS,n,2,256.31,5.35,N,0
38.91652,23.38798,347.38,0.4,0.37,2021-08-06,0012,N,VIIRS,n,2,256.07,5.35,N,0
38.91588,23.39256,336.54,0.4,0.37,2021-08-06,0012,N,VIIRS,n,2,255.24,2.43,N,0
38.91332,23.41071,325.21,0.4,0.37,2021-08-06,0012,N,VIIRS,n,2,252.14,3.35,N,0
38.91268,23.41522,333.94,0.4,0.37,2021-08-06,0012,N,VIIRS,n,2,258.26,3.35,N,0
38.91205,23.41971,367,0.4,0.37,2021-08-06,0012,N,VIIRS,h,2,273.1,14.81,N,0
38.91142,23.42419,353.74,0.4,0.37,2021-08-06,0012,N,VIIRS,n,2,265,14.81,N,0
38.93458,23.25908,308.52,0.4,0.37,2021-08-06,0012,N,VIIRS,n,2,260.83,2.02,N,0
38.93393,23.26373,311.77,0.4,0.37,2021-08-06,0012,N,VIIRS,n,2,259.46,0.89,N,0
38.93327,23.26845,316.53,0.4,0.37,2021-08-06,0012,N,VIIRS,n,2,260.13,0.89,N,0
38.91523,23.39714,313.43,0.4,0.37,2021-08-06,0012,N,VIIRS,n,2,249.95,2.43,N,0
38.92924,23.27246,326.27,0.4,0.37,2021-08-06,0012,N,VIIRS,n,2,258.99,3.07,N,0
38.92858,23.27721,336.14,0.4,0.37,2021-08-06,0012,N,VIIRS,n,2,260.4,3.07,N,0
38.92793,23.28188,347.14,0.4,0.37,2021-08-06,0012,N,VIIRS,n,2,262.75,16.94,N,0
38.92728,23.2865,356.7,0.4,0.37,2021-08-06,0012,N,VIIRS,n,2,263.64,16.94,N,0
38.92664,23.29105,367,0.4,0.37,2021-08-06,0012,N,VIIRS,h,2,266.8,121.87,N,0
38.92601,23.29561,348.15,0.4,0.37,2021-08-06,0012,N,VIIRS,n,2,271.49,121.87,N,0
38.92535,23.30033,344.5,0.4,0.37,2021-08-06,0012,N,VIIRS,n,2,272.07,125.43,N,0
38.92469,23.30505,352.74,0.4,0.37,2021-08-06,0012,N,VIIRS,n,2,272.09,125.43,N,0
38.92405,23.30968,347.4,0.4,0.37,2021-08-06,0012,N,VIIRS,n,2,277.81,37.25,N,0
38.9234,23.31426,356.58,0.4,0.37,2021-08-06,0012,N,VIIRS,n,2,273.45,37.25,N,0
38.92276,23.31882,367,0.4,0.37,2021-08-06,0012,N,VIIRS,h,2,268.3,25.83,N,0
38.92213,23.32336,367,0.4,0.37,2021-08-06,0012,N,VIIRS,h,2,269.5,25.83,N,0
38.92149,23.32792,367,0.4,0.37,2021-08-06,0012,N,VIIRS,h,2,274.43,48.95,N,0
38.92085,23.33249,355.46,0.4,0.37,2021-08-06,0012,N,VIIRS,n,2,284.6,48.95,N,0
38.92021,23.33706,357,0.4,0.37,2021-08-06,0012,N,VIIRS,n,2,269.96,33.55,N,0
38.91957,23.34164,367,0.4,0.37,2021-08-06,0012,N,VIIRS,h,2,275.95,33.55,N,0
38.91892,23.34623,367,0.4,0.37,2021-08-06,0012,N,VIIRS,h,2,266.86,11.93,N,0
38.91828,23.3508,352.34,0.4,0.37,2021-08-06,0012,N,VIIRS,n,2,263.25,11.93,N,0
38.91764,23.35537,337.98,0.4,0.37,2021-08-06,0012,N,VIIRS,n,2,251.86,7.24,N,0
38.917,23.35991,355.35,0.4,0.37,2021-08-06,0012,N,VIIRS,n,2,258.29,7.24,N,0
38.91636,23.36449,350.41,0.4,0.37,2021-08-06,0012,N,VIIRS,n,2,254.35,7.79,N,0
38.91571,23.36911,348.49,0.4,0.37,2021-08-06,0012,N,VIIRS,n,2,254.2,7.79,N,0
38.91507,23.37366,355.49,0.4,0.37,2021-08-06,0012,N,VIIRS,n,2,256.63,8.63,N,0
38.91443,23.37819,367,0.4,0.37,2021-08-06,0012,N,VIIRS,h,2,257.67,8.63,N,0
38.9138,23.38268,367,0.4,0.37,2021-08-06,0012,N,VIIRS,h,2,259.74,16.39,N,0
38.91316,23.38717,367,0.4,0.37,2021-08-06,0012,N,VIIRS,h,2,268.21,16.39,N,0
38.91251,23.39181,356.11,0.4,0.37,2021-08-06,0012,N,VIIRS,n,2,266.55,10.28,N,0
38.91187,23.39643,331.92,0.4,0.37,2021-08-06,0012,N,VIIRS,n,2,253.98,10.28,N,0
38.91123,23.40092,321.34,0.4,0.37,2021-08-06,0012,N,VIIRS,n,2,250.74,3.17,N,0
38.90995,23.40996,335.21,0.4,0.37,2021-08-06,0012,N,VIIRS,n,2,251.56,22.01,N,0
38.90932,23.41448,367,0.4,0.37,2021-08-06,0012,N,VIIRS,h,2,262.66,22.01,N,0
38.90868,23.41896,367,0.4,0.37,2021-08-06,0012,N,VIIRS,h,2,268.54,29.44,N,0
38.90805,23.42342,351.33,0.4,0.37,2021-08-06,0012,N,VIIRS,n,2,265.44,29.44,N,0
38.90225,23.46455,323.01,0.4,0.37,2021-08-06,0012,N,VIIRS,n,2,273.19,2.27,N,3
38.93183,23.25382,305.51,0.4,0.37,2021-08-06,0012,N,VIIRS,n,2,258.65,0.47,N,0
38.93119,23.25842,309.94,0.4,0.37,2021-08-06,0012,N,VIIRS,n,2,259.52,0.47,N,0
38.93055,23.26305,314.42,0.4,0.37,2021-08-06,0012,N,VIIRS,n,2,259.33,1.15,N,0
38.9299,23.26773,319.26,0.4,0.37,2021-08-06,0012,N,VIIRS,n,2,258.91,1.15,N,0
38.91059,23.40543,317.4,0.4,0.37,2021-08-06,0012,N,VIIRS,n,2,250.05,3.17,N,0
38.9016,23.46912,306.89,0.4,0.37,2021-08-06,0012,N,VIIRS,n,2,262,2.27,N,3
38.92651,23.26706,322.36,0.4,0.37,2021-08-06,0012,N,VIIRS,n,2,257.36,1.15,N,0
38.92586,23.27178,331.21,0.4,0.37,2021-08-06,0012,N,VIIRS,n,2,259.66,3.07,N,0
38.9252,23.27652,342.19,0.4,0.37,2021-08-06,0012,N,VIIRS,n,2,260.82,3.07,N,0
38.92455,23.28118,355.29,0.4,0.37,2021-08-06,0012,N,VIIRS,n,2,263.15,16.94,N,0
38.9239,23.28577,355.72,0.4,0.37,2021-08-06,0012,N,VIIRS,n,2,267.94,16.94,N,0
38.92327,23.29033,337.61,0.4,0.37,2021-08-06,0012,N,VIIRS,n,2,276.54,121.87,N,0
38.92131,23.30435,324.11,0.4,0.37,2021-08-06,0012,N,VIIRS,n,2,278.48,125.43,N,0
38.92068,23.30889,349.67,0.4,0.37,2021-08-06,0012,N,VIIRS,n,2,278.97,37.25,N,0
38.92004,23.31343,356.69,0.4,0.37,2021-08-06,0012,N,VIIRS,n,2,271.88,37.25,N,0
38.9194,23.31801,367,0.4,0.37,2021-08-06,0012,N,VIIRS,h,2,272.57,25.83,N,0
38.91876,23.32259,356.4,0.4,0.37,2021-08-06,0012,N,VIIRS,n,2,273.54,25.83,N,0
38.91813,23.32715,351.39,0.4,0.37,2021-08-06,0012,N,VIIRS,n,2,285.05,48.95,N,0
38.91748,23.33172,329.02,0.4,0.37,2021-08-06,0012,N,VIIRS,n,2,300.61,48.95,N,0
38.91684,23.33629,340.73,0.4,0.37,2021-08-06,0012,N,VIIRS,n,2,293.99,33.55,N,0
38.9162,23.34089,351.04,0.4,0.37,2021-08-06,0012,N,VIIRS,n,2,294.82,33.55,N,0
38.91555,23.34549,356,0.4,0.37,2021-08-06,0012,N,VIIRS,n,2,282.05,11.93,N,0
38.91491,23.35006,349.59,0.4,0.37,2021-08-06,0012,N,VIIRS,n,2,261.38,11.93,N,0
38.91427,23.35462,336.79,0.4,0.37,2021-08-06,0012,N,VIIRS,n,2,251.83,7.24,N,0
38.91363,23.35915,351.9,0.4,0.37,2021-08-06,0012,N,VIIRS,n,2,255.25,7.24,N,0
38.91299,23.3637,354.35,0.4,0.37,2021-08-06,0012,N,VIIRS,n,2,256.3,7.79,N,0
38.91235,23.36831,352.53,0.4,0.37,2021-08-06,0012,N,VIIRS,n,2,254.99,7.79,N,0
38.91171,23.37288,351.98,0.4,0.37,2021-08-06,0012,N,VIIRS,n,2,254.77,8.63,N,0
38.91107,23.37742,341.92,0.4,0.37,2021-08-06,0012,N,VIIRS,n,2,252.81,8.63,N,0
38.91043,23.38194,355.76,0.4,0.37,2021-08-06,0012,N,VIIRS,n,2,258.06,16.39,N,0
38.90979,23.38647,367,0.4,0.37,2021-08-06,0012,N,VIIRS,h,2,267.89,16.39,N,0
38.90915,23.39108,367,0.4,0.37,2021-08-06,0012,N,VIIRS,h,2,268.61,10.28,N,0
38.9085,23.3957,344.95,0.4,0.37,2021-08-06,0012,N,VIIRS,n,2,258.66,10.28,N,0
38.90786,23.40019,338.16,0.4,0.37,2021-08-06,0012,N,VIIRS,n,2,259.22,3.17,N,0
38.90723,23.40468,335.41,0.4,0.37,2021-08-06,0012,N,VIIRS,n,2,252.33,3.17,N,0
38.90659,23.40922,338.96,0.4,0.37,2021-08-06,0012,N,VIIRS,n,2,253.01,22.01,N,0
38.90595,23.41375,351.03,0.4,0.37,2021-08-06,0012,N,VIIRS,n,2,304.97,22.01,N,0
38.90532,23.41819,338.96,0.4,0.37,2021-08-06,0012,N,VIIRS,n,2,319.59,29.44,N,0
38.90469,23.42266,356.47,0.4,0.37,2021-08-06,0012,N,VIIRS,n,2,269.79,29.44,N,0
38.90406,23.42715,336.6,0.4,0.37,2021-08-06,0012,N,VIIRS,n,2,259.79,6.93,N,0
38.89889,23.46376,323.12,0.4,0.37,2021-08-06,0012,N,VIIRS,n,2,287.59,2.27,N,3
38.89825,23.46834,323.03,0.4,0.37,2021-08-06,0012,N,VIIRS,n,2,280.4,2.27,N,3
38.92909,23.24855,301.73,0.4,0.37,2021-08-06,0012,N,VIIRS,n,2,256.97,0.75,N,0
38.92845,23.25316,305.34,0.4,0.37,2021-08-06,0012,N,VIIRS,n,2,257.61,0.47,N,0
38.92781,23.25776,310.2,0.4,0.37,2021-08-06,0012,N,VIIRS,n,2,257.49,0.47,N,0
38.92716,23.26237,314.76,0.4,0.37,2021-08-06,0012,N,VIIRS,n,2,256.43,1.15,N,0
38.92313,23.26641,323.31,0.4,0.37,2021-08-06,0012,N,VIIRS,n,2,256.15,1.46,N,0
38.92247,23.27111,332.88,0.4,0.37,2021-08-06,0012,N,VIIRS,n,2,258.2,4.49,N,0
38.92182,23.27583,347.11,0.4,0.37,2021-08-06,0012,N,VIIRS,n,2,260.65,4.49,N,0
38.92117,23.28049,367,0.4,0.37,2021-08-06,0012,N,VIIRS,h,2,265.08,58.11,N,0
38.92053,23.28505,341.69,0.4,0.37,2021-08-06,0012,N,VIIRS,n,2,279.33,58.11,N,0
38.91795,23.30358,349.82,0.4,0.37,2021-08-06,0012,N,VIIRS,n,2,272.21,95.39,N,0
38.91732,23.30811,355.65,0.4,0.37,2021-08-06,0012,N,VIIRS,n,2,277.73,23.98,N,0
38.91668,23.31262,367,0.4,0.37,2021-08-06,0012,N,VIIRS,h,2,270.28,23.98,N,0
38.91603,23.31726,367,0.4,0.37,2021-08-06,0012,N,VIIRS,h,2,271.83,21.61,N,0
38.91539,23.32189,367,0.4,0.37,2021-08-06,0012,N,VIIRS,h,2,269.21,21.61,N,0
38.91475,23.32645,353.47,0.4,0.37,2021-08-06,0012,N,VIIRS,n,2,275.89,64.57,N,0
38.91411,23.33101,323.39,0.4,0.37,2021-08-06,0012,N,VIIRS,n,2,304,64.57,N,0
38.91218,23.34475,352.2,0.4,0.37,2021-08-06,0012,N,VIIRS,n,2,287.77,29.64,N,0
38.91154,23.34932,367,0.4,0.37,2021-08-06,0012,N,VIIRS,h,2,261.18,29.64,N,0
38.9109,23.35387,354.81,0.4,0.37,2021-08-06,0012,N,VIIRS,n,2,255.89,10.41,N,0
38.91027,23.35838,354.32,0.4,0.37,2021-08-06,0012,N,VIIRS,n,2,256.5,10.41,N,0
38.90963,23.36291,367,0.4,0.37,2021-08-06,0012,N,VIIRS,h,2,261.9,13.05,N,0
38.90899,23.36752,351.16,0.4,0.37,2021-08-06,0012,N,VIIRS,n,2,255.12,13.05,N,0
38.90834,23.37212,352.32,0.4,0.37,2021-08-06,0012,N,VIIRS,n,2,256.37,14.15,N,0
38.9077,23.37667,367,0.4,0.37,2021-08-06,0012,N,VIIRS,h,2,260.65,14.15,N,0
38.90706,23.38122,367,0.4,0.37,2021-08-06,0012,N,VIIRS,h,2,261.19,19.13,N,0
38.90643,23.38577,367,0.4,0.37,2021-08-06,0012,N,VIIRS,h,2,265.12,19.13,N,0
38.90578,23.39036,367,0.4,0.37,2021-08-06,0012,N,VIIRS,h,2,270.54,18.73,N,0
38.90513,23.39495,367,0.4,0.37,2021-08-06,0012,N,VIIRS,h,2,265.18,18.73,N,0
38.9045,23.39945,356.83,0.4,0.37,2021-08-06,0012,N,VIIRS,n,2,280.23,33.24,N,0
38.90387,23.40394,367,0.4,0.37,2021-08-06,0012,N,VIIRS,h,2,268.61,33.24,N,0
38.90323,23.40848,367,0.4,0.37,2021-08-06,0012,N,VIIRS,h,2,263.82,54.04,N,0
38.90258,23.41302,346.52,0.4,0.37,2021-08-06,0012,N,VIIRS,n,2,329.1,54.04,N,0
38.90196,23.41745,367,0.4,0.37,2021-08-06,0012,N,VIIRS,h,2,372.44,152.64,N,0
38.90133,23.42192,367,0.4,0.37,2021-08-06,0012,N,VIIRS,h,2,330.56,152.64,N,0
38.90069,23.42641,356.16,0.4,0.37,2021-08-06,0012,N,VIIRS,n,2,269.83,293.2,N,0
38.89682,23.45383,329.46,0.4,0.37,2021-08-06,0012,N,VIIRS,n,2,289.27,4.09,N,3
38.89618,23.45841,321.45,0.4,0.37,2021-08-06,0012,N,VIIRS,n,2,290.45,4.09,N,3
38.92572,23.2478,304.03,0.4,0.37,2021-08-06,0012,N,VIIRS,n,2,257.32,0.42,N,0
38.92507,23.25244,307.77,0.4,0.37,2021-08-06,0012,N,VIIRS,n,2,257.66,0.74,N,0
38.92442,23.25707,312.87,0.4,0.37,2021-08-06,0012,N,VIIRS,n,2,259.2,0.74,N,0
38.92378,23.26172,316.45,0.4,0.37,2021-08-06,0012,N,VIIRS,n,2,257.12,1.46,N,0
38.9204,23.26103,320.3,0.4,0.37,2021-08-06,0012,N,VIIRS,n,2,260.43,1.46,N,0
38.91975,23.26573,325.21,0.4,0.37,2021-08-06,0012,N,VIIRS,n,2,257.47,1.46,N,0
38.91909,23.27043,334.21,0.4,0.37,2021-08-06,0012,N,VIIRS,n,2,256.38,4.49,N,0
38.91844,23.27513,350.83,0.4,0.37,2021-08-06,0012,N,VIIRS,n,2,259.75,4.49,N,0
38.91779,23.27979,367,0.4,0.37,2021-08-06,0012,N,VIIRS,h,2,265.12,58.11,N,0
38.91716,23.28433,332.77,0.4,0.37,2021-08-06,0012,N,VIIRS,n,2,285.45,58.11,N,0
38.91523,23.29816,328.96,0.4,0.37,2021-08-06,0012,N,VIIRS,n,2,286.47,95.39,N,0
38.91458,23.30279,356.45,0.4,0.37,2021-08-06,0012,N,VIIRS,n,2,270.11,95.39,N,0
38.91395,23.30732,367,0.4,0.37,2021-08-06,0012,N,VIIRS,h,2,272.79,23.98,N,0
38.91331,23.31183,367,0.4,0.37,2021-08-06,0012,N,VIIRS,h,2,271.45,23.98,N,0
38.91267,23.3165,367,0.4,0.37,2021-08-06,0012,N,VIIRS,h,2,271.92,21.61,N,0
38.91201,23.32119,367,0.4,0.37,2021-08-06,0012,N,VIIRS,h,2,268.71,21.61,N,0
38.91137,23.32575,367,0.4,0.37,2021-08-06,0012,N,VIIRS,h,2,268.18,64.57,N,0
38.91074,23.3303,342.72,0.4,0.37,2021-08-06,0012,N,VIIRS,n,2,300.35,64.57,N,0
38.90881,23.34402,346.32,0.4,0.37,2021-08-06,0012,N,VIIRS,n,2,284.83,29.64,N,0
38.90818,23.34858,367,0.4,0.37,2021-08-06,0012,N,VIIRS,h,2,266.65,29.64,N,0
38.90754,23.35311,367,0.4,0.37,2021-08-06,0012,N,VIIRS,h,2,261.47,10.41,N,0
38.9069,23.35762,367,0.4,0.37,2021-08-06,0012,N,VIIRS,h,2,259.75,10.41,N,0
38.90627,23.36214,367,0.4,0.37,2021-08-06,0012,N,VIIRS,h,2,266.52,13.05,N,0
38.90562,23.36674,367,0.4,0.37,2021-08-06,0012,N,VIIRS,h,2,261.72,13.05,N,0
38.90498,23.37135,367,0.4,0.37,2021-08-06,0012,N,VIIRS,h,2,262.63,14.15,N,0
38.90434,23.37591,367,0.4,0.37,2021-08-06,0012,N,VIIRS,h,2,264.07,14.15,N,0
38.90369,23.38048,367,0.4,0.37,2021-08-06,0012,N,VIIRS,h,2,264.18,19.13,N,0
38.90305,23.38504,367,0.4,0.37,2021-08-06,0012,N,VIIRS,h,2,265.43,19.13,N,0
38.90242,23.3896,367,0.4,0.37,2021-08-06,0012,N,VIIRS,h,2,268.52,18.73,N,0
38.90177,23.39417,367,0.4,0.37,2021-08-06,0012,N,VIIRS,h,2,280.81,18.73,N,0
38.90114,23.39869,367,0.4,0.37,2021-08-06,0012,N,VIIRS,h,2,281.93,33.24,N,0
38.9005,23.40319,349.24,0.4,0.37,2021-08-06,0012,N,VIIRS,n,2,302.42,33.24,N,0
38.89986,23.40772,342.9,0.4,0.37,2021-08-06,0012,N,VIIRS,n,2,315.57,54.04,N,0
38.89922,23.41226,342.57,0.4,0.37,2021-08-06,0012,N,VIIRS,n,2,320.59,54.04,N,0
38.89859,23.41672,341.69,0.4,0.37,2021-08-06,0012,N,VIIRS,n,2,329.37,152.64,N,0
38.89347,23.45305,324.08,0.4,0.37,2021-08-06,0012,N,VIIRS,n,2,294.11,4.09,N,3
38.923,23.2423,303.71,0.4,0.37,2021-08-06,0012,N,VIIRS,n,2,260.8,0.42,N,0
38.92235,23.24699,306.89,0.4,0.37,2021-08-06,0012,N,VIIRS,n,2,260.8,0.42,N,0
38.9217,23.25168,310.93,0.4,0.37,2021-08-06,0012,N,VIIRS,n,2,260.43,0.74,N,0
38.92105,23.25635,315.96,0.4,0.37,2021-08-06,0012,N,VIIRS,n,2,260.61,0.74,N,0
38.91703,23.26027,324.47,0.4,0.37,2021-08-06,0012,N,VIIRS,n,2,264.51,2.34,N,0
38.91637,23.26499,329.5,0.4,0.37,2021-08-06,0012,N,VIIRS,n,2,261.87,2.34,N,0
38.91572,23.2697,338.19,0.4,0.37,2021-08-06,0012,N,VIIRS,n,2,258.55,10.64,N,0
38.91507,23.2744,354.02,0.4,0.37,2021-08-06,0012,N,VIIRS,n,2,260.65,10.64,N,0
38.91441,23.27909,348.58,0.4,0.37,2021-08-06,0012,N,VIIRS,n,2,274.63,75.74,N,0
38.91315,23.28814,335.26,0.4,0.37,2021-08-06,0012,N,VIIRS,n,2,290.58,42.78,N,0
38.9125,23.29281,348.42,0.4,0.37,2021-08-06,0012,N,VIIRS,n,2,286.31,42.78,N,0
38.91185,23.29745,357.12,0.4,0.37,2021-08-06,0012,N,VIIRS,n,2,273.61,19.62,N,0
38.91122,23.30202,367,0.4,0.37,2021-08-06,0012,N,VIIRS,h,2,271.15,19.62,N,0
38.91058,23.30656,367,0.4,0.37,2021-08-06,0012,N,VIIRS,h,2,271.15,19.36,N,0
38.90995,23.3111,367,0.4,0.37,2021-08-06,0012,N,VIIRS,h,2,272.36,19.36,N,0
38.9093,23.31575,367,0.4,0.37,2021-08-06,0012,N,VIIRS,h,2,274.23,13.63,N,0
38.90865,23.32045,367,0.4,0.37,2021-08-06,0012,N,VIIRS,h,2,267.44,13.63,N,0
38.908,23.32503,367,0.4,0.37,2021-08-06,0012,N,VIIRS,h,2,268.99,18.26,N,0
38.90736,23.32959,357.05,0.4,0.37,2021-08-06,0012,N,VIIRS,n,2,276.22,18.26,N,0
38.90672,23.33417,355.29,0.4,0.37,2021-08-06,0012,N,VIIRS,n,2,283.06,33.79,N,0
38.90608,23.33875,350.21,0.4,0.37,2021-08-06,0012,N,VIIRS,n,2,286.61,33.79,N,0
38.90545,23.3433,356.16,0.4,0.37,2021-08-06,0012,N,VIIRS,n,2,268.45,12.78,N,0
38.9048,23.34784,356.2,0.4,0.37,2021-08-06,0012,N,VIIRS,n,2,264.2,12.78,N,0
38.90417,23.35235,352.35,0.4,0.37,2021-08-06,0012,N,VIIRS,n,2,264.38,10.23,N,0
38.90354,23.35686,367,0.4,0.37,2021-08-06,0012,N,VIIRS,h,2,262.7,10.23,N,0
38.9029,23.36138,367,0.4,0.37,2021-08-06,0012,N,VIIRS,h,2,267.08,16.62,N,0
38.90226,23.36595,367,0.4,0.37,2021-08-06,0012,N,VIIRS,h,2,266.71,16.62,N,0
38.90162,23.37055,367,0.4,0.37,2021-08-06,0012,N,VIIRS,h,2,265.62,18.98,N,0
38.90098,23.37514,367,0.4,0.37,2021-08-06,0012,N,VIIRS,h,2,267.56,18.98,N,0
38.90033,23.37972,367,0.4,0.37,2021-08-06,0012,N,VIIRS,h,2,269.99,20.09,N,0
38.89969,23.38428,367,0.4,0.37,2021-08-06,0012,N,VIIRS,h,2,266.04,20.09,N,0
38.89906,23.38883,367,0.4,0.37,2021-08-06,0012,N,VIIRS,h,2,269.4,26.18,N,0
38.89841,23.39338,367,0.4,0.37,2021-08-06,0012,N,VIIRS,h,2,276.22,26.18,N,0
38.89777,23.39792,355.41,0.4,0.37,2021-08-06,0012,N,VIIRS,n,2,300.41,40.35,N,0
38.89714,23.40244,354.48,0.4,0.37,2021-08-06,0012,N,VIIRS,n,2,297.15,40.35,N,0
38.8965,23.40697,349.59,0.4,0.37,2021-08-06,0012,N,VIIRS,n,2,308.37,46.42,N,0
38.89586,23.41152,350.84,0.4,0.37,2021-08-06,0012,N,VIIRS,n,2,305.56,46.42,N,0
38.89523,23.41599,348.58,0.4,0.37,2021-08-06,0012,N,VIIRS,n,2,312.83,180.7,N,0
38.89332,23.42949,367,0.4,0.37,2021-08-06,0012,N,VIIRS,h,2,344.78,521.18,N,0
38.89011,23.45226,321.76,0.4,0.37,2021-08-06,0012,N,VIIRS,n,2,296.16,6.43,N,3
38.92028,23.23673,302.13,0.4,0.37,2021-08-06,0012,N,VIIRS,n,2,260.52,0.56,N,0
38.91964,23.24144,305.55,0.4,0.37,2021-08-06,0012,N,VIIRS,n,2,261.67,0.59,N,0
38.91898,23.24614,309.09,0.4,0.37,2021-08-06,0012,N,VIIRS,n,2,262.82,0.59,N,0
38.91833,23.25084,313.39,0.4,0.37,2021-08-06,0012,N,VIIRS,n,2,263.19,1.14,N,0
38.91768,23.25555,318.41,0.4,0.37,2021-08-06,0012,N,VIIRS,n,2,262.89,1.14,N,0
38.91432,23.25471,320.24,0.4,0.37,2021-08-06,0012,N,VIIRS,n,2,263.78,1.14,N,0
38.91366,23.25947,327.2,0.4,0.37,2021-08-06,0012,N,VIIRS,n,2,265.59,2.34,N,0
38.913,23.26423,334.93,0.4,0.37,2021-08-06,0012,N,VIIRS,n,2,265.33,2.34,N,0
38.91235,23.26897,349.68,0.4,0.37,2021-08-06,0012,N,VIIRS,n,2,264.7,10.64,N,0
38.91169,23.27367,355.85,0.4,0.37,2021-08-06,0012,N,VIIRS,n,2,268.86,10.64,N,0
38.91105,23.27834,354.86,0.4,0.37,2021-08-06,0012,N,VIIRS,n,2,273.19,75.74,N,0
38.91041,23.28288,355.66,0.4,0.37,2021-08-06,0012,N,VIIRS,n,2,271.27,75.74,N,0
38.90978,23.28741,367,0.4,0.37,2021-08-06,0012,N,VIIRS,h,2,274.49,42.78,N,0
38.90913,23.29207,367,0.4,0.37,2021-08-06,0012,N,VIIRS,h,2,276.56,42.78,N,0
38.90848,23.29672,367,0.4,0.37,2021-08-06,0012,N,VIIRS,h,2,273.25,19.62,N,0
38.90784,23.30127,367,0.4,0.37,2021-08-06,0012,N,VIIRS,h,2,270.77,19.62,N,0
38.90721,23.30581,367,0.4,0.37,2021-08-06,0012,N,VIIRS,h,2,273.09,19.36,N,0
38.90657,23.31038,367,0.4,0.37,2021-08-06,0012,N,VIIRS,h,2,277.51,19.36,N,0
38.90593,23.31501,367,0.4,0.37,2021-08-06,0012,N,VIIRS,h,2,274.22,13.63,N,0
38.90528,23.31969,355.89,0.4,0.37,2021-08-06,0012,N,VIIRS,n,2,264.86,13.63,N,0
38.90463,23.3243,367,0.4,0.37,2021-08-06,0012,N,VIIRS,h,2,266.23,18.26,N,0
38.90399,23.32887,367,0.4,0.37,2021-08-06,0012,N,VIIRS,h,2,268.29,18.26,N,0
38.90335,23.33345,367,0.4,0.37,2021-08-06,0012,N,VIIRS,h,2,269.72,33.79,N,0
38.90271,23.33803,355.4,0.4,0.37,2021-08-06,0012,N,VIIRS,n,2,272.65,33.79,N,0
38.90208,23.34256,352.2,0.4,0.37,2021-08-06,0012,N,VIIRS,n,2,262.18,12.78,N,0
38.90144,23.34707,345.47,0.4,0.37,2021-08-06,0012,N,VIIRS,n,2,263.48,12.78,N,0
38.90081,23.35158,342.36,0.4,0.37,2021-08-06,0012,N,VIIRS,n,2,264.41,10.23,N,0
38.90018,23.35608,355.4,0.4,0.37,2021-08-06,0012,N,VIIRS,n,2,264.74,10.23,N,0
38.89954,23.3606,367,0.4,0.37,2021-08-06,0012,N,VIIRS,h,2,262.18,16.62,N,0
38.8989,23.36515,367,0.4,0.37,2021-08-06,0012,N,VIIRS,h,2,262.82,16.62,N,0
38.89826,23.36975,367,0.4,0.37,2021-08-06,0012,N,VIIRS,h,2,262.85,18.98,N,0
38.89761,23.37435,367,0.4,0.37,2021-08-06,0012,N,VIIRS,h,2,267.25,18.98,N,0
38.89697,23.37896,367,0.4,0.37,2021-08-06,0012,N,VIIRS,h,2,273.14,20.09,N,0
38.89633,23.38351,367,0.4,0.37,2021-08-06,0012,N,VIIRS,h,2,274.59,20.09,N,0
38.89569,23.38806,367,0.4,0.37,2021-08-06,0012,N,VIIRS,h,2,272.21,26.18,N,0
38.89505,23.39262,367,0.4,0.37,2021-08-06,0012,N,VIIRS,h,2,272.42,26.18,N,0
38.89441,23.39718,354.06,0.4,0.37,2021-08-06,0012,N,VIIRS,n,2,291.38,40.35,N,0
38.89377,23.40171,353.58,0.4,0.37,2021-08-06,0012,N,VIIRS,n,2,288.9,40.35,N,0
38.89313,23.40625,353.19,0.4,0.37,2021-08-06,0012,N,VIIRS,n,2,291.61,46.42,N,0
38.89249,23.4108,351.45,0.4,0.37,2021-08-06,0012,N,VIIRS,n,2,303.55,46.42,N,0
38.89186,23.41531,338.07,0.4,0.37,2021-08-06,0012,N,VIIRS,n,2,333.19,180.7,N,0
38.89122,23.41979,367,0.4,0.37,2021-08-06,0012,N,VIIRS,h,2,348.42,180.7,N,0
38.89059,23.4243,367,0.4,0.37,2021-08-06,0012,N,VIIRS,h,2,348.77,521.18,N,0
38.88675,23.45148,323.19,0.4,0.37,2021-08-06,0012,N,VIIRS,n,2,296.43,6.43,N,3
38.91692,23.2359,303.29,0.4,0.37,2021-08-06,0012,N,VIIRS,n,2,260.92,0.56,N,0
38.91628,23.24058,307.21,0.4,0.37,2021-08-06,0012,N,VIIRS,n,2,262.79,0.59,N,0
38.91563,23.24525,311.03,0.4,0.37,2021-08-06,0012,N,VIIRS,n,2,264.74,0.59,N,0
38.91497,23.24996,314.99,0.4,0.37,2021-08-06,0012,N,VIIRS,n,2,265.06,1.14,N,0
38.91095,23.2539,321.98,0.4,0.37,2021-08-06,0012,N,VIIRS,n,2,266.29,1.44,N,0
38.91029,23.25869,329.27,0.4,0.37,2021-08-06,0012,N,VIIRS,n,2,266.27,4.08,N,0
38.90963,23.26345,341.26,0.4,0.37,2021-08-06,0012,N,VIIRS,n,2,268.3,4.08,N,0
38.90897,23.26818,356.3,0.4,0.37,2021-08-06,0012,N,VIIRS,n,2,271.37,49.32,N,0
38.90832,23.27289,342.14,0.4,0.37,2021-08-06,0012,N,VIIRS,n,2,281.04,49.32,N,0
38.90768,23.27755,356.63,0.4,0.37,2021-08-06,0012,N,VIIRS,n,2,275.45,22.3,N,0
38.90704,23.28214,367,0.4,0.37,2021-08-06,0012,N,VIIRS,h,2,273.41,22.3,N,0
38.9064,23.28668,367,0.4,0.37,2021-08-06,0012,N,VIIRS,h,2,271.49,16.6,N,0
38.90576,23.29132,367,0.4,0.37,2021-08-06,0012,N,VIIRS,h,2,271.8,16.6,N,0
38.90511,23.29597,367,0.4,0.37,2021-08-06,0012,N,VIIRS,h,2,277.29,16.92,N,0
38.90448,23.30051,367,0.4,0.37,2021-08-06,0012,N,VIIRS,h,2,269.5,16.92,N,0
38.90385,23.30505,367,0.4,0.37,2021-08-06,0012,N,VIIRS,h,2,272.42,18.98,N,0
38.9032,23.30964,367,0.4,0.37,2021-08-06,0012,N,VIIRS,h,2,281.03,18.98,N,0
38.90256,23.31426,367,0.4,0.37,2021-08-06,0012,N,VIIRS,h,2,280.28,16.31,N,0
38.90191,23.31894,367,0.4,0.37,2021-08-06,0012,N,VIIRS,h,2,268.6,16.31,N,0
38.90126,23.32355,367,0.4,0.37,2021-08-06,0012,N,VIIRS,h,2,267.68,8.33,N,0
38.90063,23.32811,356.4,0.4,0.37,2021-08-06,0012,N,VIIRS,n,2,267.33,8.33,N,0
38.89998,23.33269,356.34,0.4,0.37,2021-08-06,0012,N,VIIRS,n,2,268.04,16.36,N,0
38.89935,23.33726,367,0.4,0.37,2021-08-06,0012,N,VIIRS,h,2,268.48,16.36,N,0
38.89871,23.34178,349.2,0.4,0.37,2021-08-06,0012,N,VIIRS,n,2,266.14,5.36,N,0
38.89808,23.34628,337.94,0.4,0.37,2021-08-06,0012,N,VIIRS,n,2,261.81,5.36,N,0
38.89745,23.35079,339.55,0.4,0.37,2021-08-06,0012,N,VIIRS,n,2,260.74,5.97,N,0
38.89681,23.35531,367,0.4,0.37,2021-08-06,0012,N,VIIRS,h,2,261.1,5.97,N,0
38.89618,23.35982,367,0.4,0.37,2021-08-06,0012,N,VIIRS,h,2,261.33,9.78,N,0
38.89554,23.36436,367,0.4,0.37,2021-08-06,0012,N,VIIRS,h,2,258.06,9.78,N,0
38.8949,23.36894,367,0.4,0.37,2021-08-06,0012,N,VIIRS,h,2,258.22,12.19,N,0
38.89426,23.37355,367,0.4,0.37,2021-08-06,0012,N,VIIRS,h,2,263.99,12.19,N,0
38.89361,23.37817,367,0.4,0.37,2021-08-06,0012,N,VIIRS,h,2,272.13,19.15,N,0
38.89297,23.38275,367,0.4,0.37,2021-08-06,0012,N,VIIRS,h,2,271.33,19.15,N,0
38.89233,23.38729,367,0.4,0.37,2021-08-06,0012,N,VIIRS,h,2,278,22.26,N,0
38.89169,23.39188,367,0.4,0.37,2021-08-06,0012,N,VIIRS,h,2,280.28,22.26,N,0
38.89104,23.39648,367,0.4,0.37,2021-08-06,0012,N,VIIRS,h,2,285.99,26.63,N,0
38.8904,23.40104,367,0.4,0.37,2021-08-06,0012,N,VIIRS,h,2,276.29,26.63,N,0
38.88976,23.40558,355.98,0.4,0.37,2021-08-06,0012,N,VIIRS,n,2,286.25,34.5,N,0
38.88912,23.4101,353.72,0.4,0.37,2021-08-06,0012,N,VIIRS,n,2,298.42,34.5,N,0
38.88849,23.4146,350.26,0.4,0.37,2021-08-06,0012,N,VIIRS,n,2,307.71,37.67,N,0
38.88785,23.41911,351.9,0.4,0.37,2021-08-06,0012,N,VIIRS,n,2,307.07,37.67,N,0
38.88722,23.42362,356.48,0.4,0.37,2021-08-06,0012,N,VIIRS,n,2,307.02,41.38,N,0
38.88659,23.4281,345.9,0.4,0.37,2021-08-06,0012,N,VIIRS,n,2,336.8,41.38,N,0
38.88596,23.43257,330.29,0.4,0.37,2021-08-06,0012,N,VIIRS,n,2,328.48,73.64,N,0
38.88532,23.43707,367,0.4,0.37,2021-08-06,0012,N,VIIRS,h,2,336.87,73.64,N,0
38.88468,23.44159,334.28,0.4,0.37,2021-08-06,0012,N,VIIRS,n,2,333.08,53.62,N,0
38.8834,23.45071,323.7,0.4,0.37,2021-08-06,0012,N,VIIRS,n,2,296.64,6.86,N,3
38.91356,23.23508,305.66,0.4,0.37,2021-08-06,0012,N,VIIRS,n,2,263.92,0.45,N,0
38.91291,23.23977,309.11,0.4,0.37,2021-08-06,0012,N,VIIRS,n,2,266.64,0.8,N,0
38.91226,23.24441,311.96,0.4,0.37,2021-08-06,0012,N,VIIRS,n,2,265.61,0.8,N,0
38.91161,23.24912,316.28,0.4,0.37,2021-08-06,0012,N,VIIRS,n,2,266.51,1.44,N,0
38.90757,23.2532,322.23,0.4,0.37,2021-08-06,0012,N,VIIRS,n,2,262.87,1.44,N,0
38.90692,23.25795,331.04,0.4,0.37,2021-08-06,0012,N,VIIRS,n,2,264.56,4.08,N,0
38.90627,23.26266,348.67,0.4,0.37,2021-08-06,0012,N,VIIRS,n,2,270.76,4.08,N,0
38.90561,23.26739,345.48,0.4,0.37,2021-08-06,0012,N,VIIRS,n,2,293.8,49.32,N,0
38.90496,23.2721,340.03,0.4,0.37,2021-08-06,0012,N,VIIRS,n,2,294.26,49.32,N,0
38.90431,23.27678,367,0.4,0.37,2021-08-06,0012,N,VIIRS,h,2,274.41,22.3,N,0
38.90367,23.2814,367,0.4,0.37,2021-08-06,0012,N,VIIRS,h,2,273.48,22.3,N,0
38.90303,23.28596,367,0.4,0.37,2021-08-06,0012,N,VIIRS,h,2,277.25,16.6,N,0
38.90239,23.29058,367,0.4,0.37,2021-08-06,0012,N,VIIRS,h,2,277.75,16.6,N,0
38.90174,23.29522,367,0.4,0.37,2021-08-06,0012,N,VIIRS,h,2,278.07,16.92,N,0
38.90111,23.29977,367,0.4,0.37,2021-08-06,0012,N,VIIRS,h,2,275.82,16.92,N,0
38.90047,23.30429,367,0.4,0.37,2021-08-06,0012,N,VIIRS,h,2,273.72,18.98,N,0
38.89984,23.30887,367,0.4,0.37,2021-08-06,0012,N,VIIRS,h,2,276.72,18.98,N,0
38.89919,23.3135,367,0.4,0.37,2021-08-06,0012,N,VIIRS,h,2,276.68,16.31,N,0
38.89854,23.31819,367,0.4,0.37,2021-08-06,0012,N,VIIRS,h,2,267.55,16.31,N,0
38.89789,23.32282,356.39,0.4,0.37,2021-08-06,0012,N,VIIRS,n,2,267.06,8.33,N,0
38.89726,23.32736,350.32,0.4,0.37,2021-08-06,0012,N,VIIRS,n,2,264.77,8.33,N,0
38.89662,23.33193,355.49,0.4,0.37,2021-08-06,0012,N,VIIRS,n,2,268.31,16.36,N,0
38.89598,23.3365,353.77,0.4,0.37,2021-08-06,0012,N,VIIRS,n,2,276.87,16.36,N,0
38.89535,23.34103,349.15,0.4,0.37,2021-08-06,0012,N,VIIRS,n,2,270.88,5.36,N,0
38.89472,23.34552,331.65,0.4,0.37,2021-08-06,0012,N,VIIRS,n,2,259.94,5.36,N,0
38.89408,23.35003,327.46,0.4,0.37,2021-08-06,0012,N,VIIRS,n,2,257.97,5.97,N,0
38.89345,23.35454,350.24,0.4,0.37,2021-08-06,0012,N,VIIRS,n,2,261.96,5.97,N,0
38.89281,23.35905,367,0.4,0.37,2021-08-06,0012,N,VIIRS,h,2,263.37,9.78,N,0
38.89218,23.36357,354.35,0.4,0.37,2021-08-06,0012,N,VIIRS,n,2,256.91,9.78,N,0
38.89154,23.36814,352.81,0.4,0.37,2021-08-06,0012,N,VIIRS,n,2,255.92,12.19,N,0
38.8909,23.37273,367,0.4,0.37,2021-08-06,0012,N,VIIRS,h,2,262.2,12.19,N,0
38.89025,23.37738,367,0.4,0.37,2021-08-06,0012,N,VIIRS,h,2,269.05,19.15,N,0
38.88961,23.38198,367,0.4,0.37,2021-08-06,0012,N,VIIRS,h,2,274.87,19.15,N,0
38.88897,23.38654,367,0.4,0.37,2021-08-06,0012,N,VIIRS,h,2,270.28,22.26,N,0
38.88832,23.39113,367,0.4,0.37,2021-08-06,0012,N,VIIRS,h,2,273.27,22.26,N,0
38.88768,23.39574,367,0.4,0.37,2021-08-06,0012,N,VIIRS,h,2,277.81,26.63,N,0
38.88703,23.40032,367,0.4,0.37,2021-08-06,0012,N,VIIRS,h,2,279.85,26.63,N,0
38.88639,23.40486,356.33,0.4,0.37,2021-08-06,0012,N,VIIRS,n,2,283.78,34.5,N,0
38.88576,23.40936,356.05,0.4,0.37,2021-08-06,0012,N,VIIRS,n,2,289.13,34.5,N,0
38.88513,23.41384,356.25,0.4,0.37,2021-08-06,0012,N,VIIRS,n,2,297.77,37.67,N,0
38.88449,23.41833,355.36,0.4,0.37,2021-08-06,0012,N,VIIRS,n,2,301.26,37.67,N,0
38.88387,23.42282,356.57,0.4,0.37,2021-08-06,0012,N,VIIRS,n,2,308.14,41.38,N,0
38.88323,23.42728,367,0.4,0.37,2021-08-06,0012,N,VIIRS,h,2,315.88,41.38,N,0
38.8826,23.43176,356.8,0.4,0.37,2021-08-06,0012,N,VIIRS,n,2,320.11,73.64,N,0
38.88196,23.43627,350.12,0.4,0.37,2021-08-06,0012,N,VIIRS,n,2,333.13,73.64,N,0
38.88132,23.4408,334.06,0.4,0.37,2021-08-06,0012,N,VIIRS,n,2,332.12,53.62,N,0
38.88068,23.44535,340.51,0.4,0.37,2021-08-06,0012,N,VIIRS,n,2,298.6,53.62,N,0
38.88004,23.44993,323.88,0.4,0.37,2021-08-06,0012,N,VIIRS,n,2,296.5,6.86,N,3
38.87811,23.46366,321.76,0.4,0.37,2021-08-06,0012,N,VIIRS,n,2,295.67,10.91,N,3
38.91084,23.22954,303.56,0.4,0.37,2021-08-06,0012,N,VIIRS,n,2,260.59,0.45,N,0
38.91018,23.2343,306.78,0.4,0.37,2021-08-06,0012,N,VIIRS,n,2,261.35,0.45,N,0
38.90953,23.23903,310.34,0.4,0.37,2021-08-06,0012,N,VIIRS,n,2,265.56,0.8,N,0
38.90888,23.2437,312.83,0.4,0.37,2021-08-06,0012,N,VIIRS,n,2,265.12,0.8,N,0
38.90823,23.24843,316.66,0.4,0.37,2021-08-06,0012,N,VIIRS,n,2,264.15,1.44,N,0
38.90419,23.2525,321.42,0.4,0.37,2021-08-06,0012,N,VIIRS,n,2,259.27,1.34,N,0
38.90354,23.25721,332.11,0.4,0.37,2021-08-06,0012,N,VIIRS,n,2,262.24,10.14,N,0
38.9029,23.26189,353.48,0.4,0.37,2021-08-06,0012,N,VIIRS,n,2,269.63,10.14,N,0
38.90224,23.26661,354.43,0.4,0.37,2021-08-06,0012,N,VIIRS,n,2,286.19,27.14,N,0
38.90159,23.27134,354.44,0.4,0.37,2021-08-06,0012,N,VIIRS,n,2,288.18,27.14,N,0
38.90094,23.27602,367,0.4,0.37,2021-08-06,0012,N,VIIRS,h,2,277.27,11.52,N,0
38.9003,23.28065,367,0.4,0.37,2021-08-06,0012,N,VIIRS,h,2,270.52,11.52,N,0
38.89966,23.28523,367,0.4,0.37,2021-08-06,0012,N,VIIRS,h,2,272.61,9.7,N,0
38.89902,23.28984,367,0.4,0.37,2021-08-06,0012,N,VIIRS,h,2,273.21,9.7,N,0
38.89838,23.29447,367,0.4,0.37,2021-08-06,0012,N,VIIRS,h,2,278.99,16.84,N,0
38.89774,23.29902,367,0.4,0.37,2021-08-06,0012,N,VIIRS,h,2,278.07,16.84,N,0
38.89711,23.30354,367,0.4,0.37,2021-08-06,0012,N,VIIRS,h,2,277.99,18.31,N,0
38.89647,23.30812,367,0.4,0.37,2021-08-06,0012,N,VIIRS,h,2,272.81,18.31,N,0
38.89582,23.31275,367,0.4,0.37,2021-08-06,0012,N,VIIRS,h,2,277.05,14.66,N,0
38.89517,23.31744,355.41,0.4,0.37,2021-08-06,0012,N,VIIRS,n,2,268,14.66,N,0
38.89453,23.32208,350.33,0.4,0.37,2021-08-06,0012,N,VIIRS,n,2,264.8,5.42,N,0
38.89389,23.32662,346.39,0.4,0.37,2021-08-06,0012,N,VIIRS,n,2,262.42,5.42,N,0
38.89326,23.33117,367,0.4,0.37,2021-08-06,0012,N,VIIRS,h,2,269.18,7.12,N,0
38.89261,23.33576,345.59,0.4,0.37,2021-08-06,0012,N,VIIRS,n,2,265.41,7.12,N,0
38.89198,23.34031,337.35,0.4,0.37,2021-08-06,0012,N,VIIRS,n,2,267.78,2.87,N,0
38.89134,23.34483,325.52,0.4,0.37,2021-08-06,0012,N,VIIRS,n,2,258.32,2.87,N,0
38.89071,23.34932,323.47,0.4,0.37,2021-08-06,0012,N,VIIRS,n,2,260.35,2.28,N,0
38.89008,23.35378,327.96,0.4,0.37,2021-08-06,0012,N,VIIRS,n,2,261.77,2.28,N,0
38.88945,23.35827,335.01,0.4,0.37,2021-08-06,0012,N,VIIRS,n,2,261.53,4.55,N,0
38.88882,23.36279,353.96,0.4,0.37,2021-08-06,0012,N,VIIRS,n,2,260.46,4.55,N,0
38.88818,23.36734,354.68,0.4,0.37,2021-08-06,0012,N,VIIRS,n,2,257.32,9.94,N,0
38.88754,23.37193,367,0.4,0.37,2021-08-06,0012,N,VIIRS,h,2,260.79,9.94,N,0
38.88689,23.37659,367,0.4,0.37,2021-08-06,0012,N,VIIRS,h,2,273.36,20.1,N,0
38.88625,23.38121,367,0.4,0.37,2021-08-06,0012,N,VIIRS,h,2,286.29,20.1,N,0
38.8856,23.38576,367,0.4,0.37,2021-08-06,0012,N,VIIRS,h,2,270.19,16.72,N,0
38.88496,23.39034,367,0.4,0.37,2021-08-06,0012,N,VIIRS,h,2,271.52,16.72,N,0
38.88432,23.39493,367,0.4,0.37,2021-08-06,0012,N,VIIRS,h,2,277.38,21.86,N,0
38.88368,23.39949,367,0.4,0.37,2021-08-06,0012,N,VIIRS,h,2,284.17,21.86,N,0
38.88304,23.40403,367,0.4,0.37,2021-08-06,0012,N,VIIRS,h,2,279.74,26.5,N,0
38.8824,23.40853,356.96,0.4,0.37,2021-08-06,0012,N,VIIRS,n,2,286.75,26.5,N,0
38.88177,23.41302,356.84,0.4,0.37,2021-08-06,0012,N,VIIRS,n,2,294.41,28.08,N,0
38.88114,23.41751,357.01,0.4,0.37,2021-08-06,0012,N,VIIRS,n,2,298.87,28.08,N,0
38.88051,23.422,356.86,0.4,0.37,2021-08-06,0012,N,VIIRS,n,2,305.28,20.42,N,0
38.87988,23.42646,367,0.4,0.37,2021-08-06,0012,N,VIIRS,h,2,308.7,20.42,N,0
38.87925,23.43093,367,0.4,0.37,2021-08-06,0012,N,VIIRS,h,2,305.11,14.89,N,0
38.8786,23.43547,367,0.4,0.37,2021-08-06,0012,N,VIIRS,h,2,300.97,14.89,N,0
38.87539,23.4583,329.99,0.4,0.37,2021-08-06,0012,N,VIIRS,n,2,295.12,4.99,N,3
38.87475,23.46287,338.67,0.4,0.37,2021-08-06,0012,N,VIIRS,n,2,293.29,4.99,N,3
38.90746,23.22881,303.82,0.4,0.37,2021-08-06,0012,N,VIIRS,n,2,259.28,0.38,N,0
38.9068,23.23357,307.06,0.4,0.37,2021-08-06,0012,N,VIIRS,n,2,259.8,0.38,N,0
38.90615,23.23833,310.2,0.4,0.37,2021-08-06,0012,N,VIIRS,n,2,260.48,0.8,N,0
38.9055,23.24301,313.05,0.4,0.37,2021-08-06,0012,N,VIIRS,n,2,261.58,0.8,N,0
38.90485,23.24773,316.37,0.4,0.37,2021-08-06,0012,N,VIIRS,n,2,261.79,1.34,N,0
38.90082,23.25172,321.96,0.4,0.37,2021-08-06,0012,N,VIIRS,n,2,260.91,1.34,N,0
38.90017,23.25642,334.82,0.4,0.37,2021-08-06,0012,N,VIIRS,n,2,261.4,10.14,N,0
38.89952,23.2611,355.22,0.4,0.37,2021-08-06,0012,N,VIIRS,n,2,270.77,10.14,N,0
38.89887,23.26583,367,0.4,0.37,2021-08-06,0012,N,VIIRS,h,2,272.92,27.14,N,0
38.89821,23.27058,367,0.4,0.37,2021-08-06,0012,N,VIIRS,h,2,277.04,27.14,N,0
38.89756,23.27526,367,0.4,0.37,2021-08-06,0012,N,VIIRS,h,2,273.83,11.52,N,0
38.89693,23.2799,353.19,0.4,0.37,2021-08-06,0012,N,VIIRS,n,2,272.99,11.52,N,0
38.89629,23.28449,354.72,0.4,0.37,2021-08-06,0012,N,VIIRS,n,2,273.19,9.7,N,0
38.89565,23.28909,353.78,0.4,0.37,2021-08-06,0012,N,VIIRS,n,2,267.76,9.7,N,0
38.895,23.29372,367,0.4,0.37,2021-08-06,0012,N,VIIRS,h,2,272.65,16.84,N,0
38.89437,23.29829,367,0.4,0.37,2021-08-06,0012,N,VIIRS,h,2,277.5,16.84,N,0
38.89373,23.30281,367,0.4,0.37,2021-08-06,0012,N,VIIRS,h,2,281.85,18.31,N,0
38.89309,23.30739,367,0.4,0.37,2021-08-06,0012,N,VIIRS,h,2,280.89,18.31,N,0
38.89245,23.31203,367,0.4,0.37,2021-08-06,0012,N,VIIRS,h,2,286.1,14.66,N,0
38.8918,23.31671,355.52,0.4,0.37,2021-08-06,0012,N,VIIRS,n,2,271.81,14.66,N,0
38.89116,23.32135,339.98,0.4,0.37,2021-08-06,0012,N,VIIRS,n,2,262.71,5.42,N,0
38.89052,23.3259,340.5,0.4,0.37,2021-08-06,0012,N,VIIRS,n,2,261.88,5.42,N,0
38.88988,23.33044,354.32,0.4,0.37,2021-08-06,0012,N,VIIRS,n,2,266.22,7.12,N,0
38.88925,23.335,337.07,0.4,0.37,2021-08-06,0012,N,VIIRS,n,2,264.43,7.12,N,0
38.88861,23.33957,331.59,0.4,0.37,2021-08-06,0012,N,VIIRS,n,2,264.78,2.87,N,0
38.88797,23.34413,325.21,0.4,0.37,2021-08-06,0012,N,VIIRS,n,2,262,2.87,N,0
38.88734,23.34862,322.91,0.4,0.37,2021-08-06,0012,N,VIIRS,n,2,262.3,2.28,N,0
38.88671,23.35308,323.24,0.4,0.37,2021-08-06,0012,N,VIIRS,n,2,264.55,2.28,N,0
38.88608,23.35758,321.1,0.4,0.37,2021-08-06,0012,N,VIIRS,n,2,262.72,4.55,N,0
38.88545,23.36211,334.67,0.4,0.37,2021-08-06,0012,N,VIIRS,n,2,261.03,4.55,N,0
38.88482,23.36664,351.58,0.4,0.37,2021-08-06,0012,N,VIIRS,n,2,258.07,9.94,N,0
38.88417,23.3712,356.87,0.4,0.37,2021-08-06,0012,N,VIIRS,n,2,263.08,9.94,N,0
38.88353,23.37581,367,0.4,0.37,2021-08-06,0012,N,VIIRS,h,2,272.92,20.1,N,0
38.88288,23.38041,367,0.4,0.37,2021-08-06,0012,N,VIIRS,h,2,284.17,20.1,N,0
38.88224,23.38498,367,0.4,0.37,2021-08-06,0012,N,VIIRS,h,2,277.38,16.72,N,0
38.8816,23.38955,367,0.4,0.37,2021-08-06,0012,N,VIIRS,h,2,275.06,16.72,N,0
38.88097,23.39409,367,0.4,0.37,2021-08-06,0012,N,VIIRS,h,2,278.5,21.86,N,0
38.88033,23.39864,367,0.4,0.37,2021-08-06,0012,N,VIIRS,h,2,283.83,21.86,N,0
38.87969,23.4032,367,0.4,0.37,2021-08-06,0012,N,VIIRS,h,2,283.61,26.5,N,0
38.87905,23.40771,367,0.4,0.37,2021-08-06,0012,N,VIIRS,h,2,280.58,26.5,N,0
38.87842,23.4122,367,0.4,0.37,2021-08-06,0012,N,VIIRS,h,2,291.29,28.08,N,0
38.87778,23.4167,367,0.4,0.37,2021-08-06,0012,N,VIIRS,h,2,295.52,28.08,N,0
38.87715,23.42119,367,0.4,0.37,2021-08-06,0012,N,VIIRS,h,2,296.92,20.42,N,0
38.87652,23.42566,367,0.4,0.37,2021-08-06,0012,N,VIIRS,h,2,299.88,20.42,N,0
38.87589,23.43015,352.48,0.4,0.37,2021-08-06,0012,N,VIIRS,n,2,299.37,14.89,N,0
38.87525,23.43468,355.54,0.4,0.37,2021-08-06,0012,N,VIIRS,n,2,299.58,14.89,N,0
38.87204,23.45752,349.04,0.4,0.37,2021-08-06,0012,N,VIIRS,n,2,292.87,4.99,N,3
38.87139,23.46209,333.76,0.4,0.37,2021-08-06,0012,N,VIIRS,n,2,293.97,4.99,N,3
38.87011,23.47124,326.31,0.4,0.37,2021-08-06,0012,N,VIIRS,n,2,294.02,5.02,N,3
38.90408,23.2281,304.18,0.4,0.37,2021-08-06,0012,N,VIIRS,n,2,261.52,0.38,N,0
38.90342,23.23285,307.62,0.4,0.37,2021-08-06,0012,N,VIIRS,n,2,261.46,0.38,N,0
38.90277,23.23761,311.09,0.4,0.37,2021-08-06,0012,N,VIIRS,n,2,260.06,0.8,N,0
38.90212,23.24231,314.49,0.4,0.37,2021-08-06,0012,N,VIIRS,n,2,263.49,0.8,N,0
38.90147,23.24701,316.94,0.4,0.37,2021-08-06,0012,N,VIIRS,n,2,261.76,1.34,N,0
38.87075,23.46667,314.25,0.4,0.37,2021-08-06,0012,N,VIIRS,n,2,295.09,5.02,N,3
38.90066,23.24946,320.65,0.4,0.37,2021-08-06,0012,N,VIIRS,n,2,263.35,2.24,N,0
38.89999,23.25416,327.78,0.4,0.37,2021-08-06,0012,N,VIIRS,n,2,262.99,2.24,N,0
38.89933,23.25884,348.09,0.4,0.37,2021-08-06,0012,N,VIIRS,n,2,265.03,14.64,N,0
38.89867,23.26354,367,0.4,0.37,2021-08-06,0012,N,VIIRS,h,2,271.69,14.64,N,0
38.89799,23.26829,367,0.4,0.37,2021-08-06,0012,N,VIIRS,h,2,270.48,10.88,N,0
38.89732,23.27299,367,0.4,0.37,2021-08-06,0012,N,VIIRS,h,2,274.74,10.88,N,0
38.89666,23.27765,353.39,0.4,0.37,2021-08-06,0012,N,VIIRS,n,2,272.03,6.86,N,0
38.89601,23.28225,353.81,0.4,0.37,2021-08-06,0012,N,VIIRS,n,2,275.79,6.86,N,0
38.89536,23.28683,354.32,0.4,0.37,2021-08-06,0012,N,VIIRS,n,2,273.5,7.29,N,0
38.89471,23.29145,354.78,0.4,0.37,2021-08-06,0012,N,VIIRS,n,2,270.45,7.29,N,0
38.89406,23.29605,367,0.4,0.37,2021-08-06,0012,N,VIIRS,h,2,271.06,12.08,N,0
38.89342,23.30058,367,0.4,0.37,2021-08-06,0012,N,VIIRS,h,2,276.6,12.08,N,0
38.89278,23.30513,367,0.4,0.37,2021-08-06,0012,N,VIIRS,h,2,284.58,17.89,N,0
38.89212,23.30973,367,0.4,0.37,2021-08-06,0012,N,VIIRS,h,2,282.92,17.89,N,0
38.89146,23.31438,367,0.4,0.37,2021-08-06,0012,N,VIIRS,h,2,283.25,9.53,N,0
38.89079,23.31907,348.89,0.4,0.37,2021-08-06,0012,N,VIIRS,n,2,266.66,9.53,N,0
38.89015,23.32365,337.83,0.4,0.37,2021-08-06,0012,N,VIIRS,n,2,262.79,5.19,N,0
38.88951,23.32817,343.59,0.4,0.37,2021-08-06,0012,N,VIIRS,n,2,261.86,5.19,N,0
38.88886,23.33272,350.36,0.4,0.37,2021-08-06,0012,N,VIIRS,n,2,263.99,4.31,N,0
38.88821,23.33728,330.4,0.4,0.37,2021-08-06,0012,N,VIIRS,n,2,263.48,4.31,N,0
38.88757,23.34184,328.01,0.4,0.37,2021-08-06,0012,N,VIIRS,n,2,264.89,2.14,N,0
38.88693,23.34639,324.62,0.4,0.37,2021-08-06,0012,N,VIIRS,n,2,264.53,2.14,N,0
38.8863,23.35084,324.37,0.4,0.37,2021-08-06,0012,N,VIIRS,n,2,266.2,2,N,0
38.88566,23.35532,323.23,0.4,0.37,2021-08-06,0012,N,VIIRS,n,2,266.86,2,N,0
38.88502,23.35985,320.48,0.4,0.37,2021-08-06,0012,N,VIIRS,n,2,262.58,2.45,N,0
38.88438,23.36438,335.44,0.4,0.37,2021-08-06,0012,N,VIIRS,n,2,261.79,2.45,N,0
38.88374,23.3689,351.34,0.4,0.37,2021-08-06,0012,N,VIIRS,n,2,262.15,7.81,N,0
38.88309,23.37348,367,0.4,0.37,2021-08-06,0012,N,VIIRS,h,2,266.46,7.81,N,0
38.88243,23.37809,367,0.4,0.37,2021-08-06,0012,N,VIIRS,h,2,280.97,14.18,N,0
38.88178,23.38266,367,0.4,0.37,2021-08-06,0012,N,VIIRS,h,2,284.99,14.18,N,0
38.88113,23.38722,367,0.4,0.37,2021-08-06,0012,N,VIIRS,h,2,282.26,9.19,N,0
38.88048,23.39176,367,0.4,0.37,2021-08-06,0012,N,VIIRS,h,2,278.72,9.19,N,0
38.87984,23.39627,367,0.4,0.37,2021-08-06,0012,N,VIIRS,h,2,276.69,20.31,N,0
38.87919,23.40085,367,0.4,0.37,2021-08-06,0012,N,VIIRS,h,2,286.68,20.31,N,0
38.87854,23.40538,367,0.4,0.37,2021-08-06,0012,N,VIIRS,h,2,288.74,22.23,N,0
38.87791,23.40987,367,0.4,0.37,2021-08-06,0012,N,VIIRS,h,2,286.96,22.23,N,0
38.87727,23.41437,367,0.4,0.37,2021-08-06,0012,N,VIIRS,h,2,292.27,21.86,N,0
38.87663,23.41885,367,0.4,0.37,2021-08-06,0012,N,VIIRS,h,2,299.9,21.86,N,0
38.876,23.42332,367,0.4,0.37,2021-08-06,0012,N,VIIRS,h,2,298.44,16.31,N,0
38.87536,23.42779,367,0.4,0.37,2021-08-06,0012,N,VIIRS,h,2,303.91,16.31,N,0
38.87472,23.43232,354.08,0.4,0.37,2021-08-06,0012,N,VIIRS,n,2,298.44,9.5,N,0
38.87407,23.43686,351.07,0.4,0.37,2021-08-06,0012,N,VIIRS,n,2,299.24,9.5,N,0
38.8708,23.45971,346.39,0.4,0.37,2021-08-06,0012,N,VIIRS,n,2,292.32,6.73,N,3
38.87015,23.46428,327.48,0.4,0.37,2021-08-06,0012,N,VIIRS,n,2,294.02,6.73,N,3
38.8695,23.46885,323.77,0.4,0.37,2021-08-06,0012,N,VIIRS,n,2,294.45,4.13,N,3
38.90399,23.22589,303.42,0.4,0.37,2021-08-06,0012,N,VIIRS,n,2,262.64,1.51,N,0
38.90333,23.2306,306.48,0.4,0.37,2021-08-06,0012,N,VIIRS,n,2,262.86,0.68,N,0
38.90265,23.23536,310.57,0.4,0.37,2021-08-06,0012,N,VIIRS,n,2,263.97,0.68,N,0
38.90199,23.24007,313.76,0.4,0.37,2021-08-06,0012,N,VIIRS,n,2,263.35,1.14,N,0
38.90132,23.24476,316.6,0.4,0.37,2021-08-06,0012,N,VIIRS,n,2,263.76,1.14,N,0
38.86884,23.47342,318.61,0.4,0.37,2021-08-06,0012,N,VIIRS,n,2,295.12,4.13,N,3
38.89728,23.24871,323.27,0.4,0.37,2021-08-06,0012,N,VIIRS,n,2,265.29,2.24,N,0
38.89662,23.25338,332.83,0.4,0.37,2021-08-06,0012,N,VIIRS,n,2,265.39,2.24,N,0
38.89596,23.25805,353.61,0.4,0.37,2021-08-06,0012,N,VIIRS,n,2,269.04,14.64,N,0
38.89529,23.26275,367,0.4,0.37,2021-08-06,0012,N,VIIRS,h,2,268.49,14.64,N,0
38.89462,23.26751,353.5,0.4,0.37,2021-08-06,0012,N,VIIRS,n,2,267.35,10.88,N,0
38.89395,23.27224,347.16,0.4,0.37,2021-08-06,0012,N,VIIRS,n,2,267.18,10.88,N,0
38.89329,23.27691,348.97,0.4,0.37,2021-08-06,0012,N,VIIRS,n,2,270.45,6.86,N,0
38.89264,23.28152,350.19,0.4,0.37,2021-08-06,0012,N,VIIRS,n,2,273.06,6.86,N,0
38.89199,23.28608,348.89,0.4,0.37,2021-08-06,0012,N,VIIRS,n,2,275.05,7.29,N,0
38.89134,23.29069,351.49,0.4,0.37,2021-08-06,0012,N,VIIRS,n,2,273.06,7.29,N,0
38.89069,23.29531,355.09,0.4,0.37,2021-08-06,0012,N,VIIRS,n,2,271.9,12.08,N,0
38.89004,23.29986,367,0.4,0.37,2021-08-06,0012,N,VIIRS,h,2,273.25,12.08,N,0
38.8894,23.30442,367,0.4,0.37,2021-08-06,0012,N,VIIRS,h,2,274.99,17.89,N,0
38.88874,23.30903,367,0.4,0.37,2021-08-06,0012,N,VIIRS,h,2,278.5,17.89,N,0
38.88809,23.31365,350.32,0.4,0.37,2021-08-06,0012,N,VIIRS,n,2,272.83,9.53,N,0
38.88742,23.31833,340.09,0.4,0.37,2021-08-06,0012,N,VIIRS,n,2,266.92,9.53,N,0
38.88677,23.32293,343.84,0.4,0.37,2021-08-06,0012,N,VIIRS,n,2,267.28,5.19,N,0
38.88614,23.32744,347.29,0.4,0.37,2021-08-06,0012,N,VIIRS,n,2,266.12,5.19,N,0
38.8855,23.33197,344.58,0.4,0.37,2021-08-06,0012,N,VIIRS,n,2,263.6,4.31,N,0
38.88485,23.3365,325.95,0.4,0.37,2021-08-06,0012,N,VIIRS,n,2,262.11,4.31,N,0
38.88421,23.34105,324.61,0.4,0.37,2021-08-06,0012,N,VIIRS,n,2,264.76,2.14,N,0
38.88356,23.34561,323.39,0.4,0.37,2021-08-06,0012,N,VIIRS,n,2,266.26,2.14,N,0
38.88292,23.35015,322.81,0.4,0.37,2021-08-06,0012,N,VIIRS,n,2,265.83,2,N,0
38.88227,23.35471,323.22,0.4,0.37,2021-08-06,0012,N,VIIRS,n,2,269.78,2,N,0
38.88163,23.35923,323.01,0.4,0.37,2021-08-06,0012,N,VIIRS,n,2,265.02,2.45,N,0
38.881,23.36374,325.83,0.4,0.37,2021-08-06,0012,N,VIIRS,n,2,264.04,2.45,N,0
38.88036,23.36823,336.26,0.4,0.37,2021-08-06,0012,N,VIIRS,n,2,267.35,7.81,N,0
38.87971,23.37274,355.27,0.4,0.37,2021-08-06,0012,N,VIIRS,n,2,272.75,7.81,N,0
38.87907,23.3773,367,0.4,0.37,2021-08-06,0012,N,VIIRS,h,2,279.85,14.18,N,0
38.87842,23.38186,348.47,0.4,0.37,2021-08-06,0012,N,VIIRS,n,2,281.34,14.18,N,0
38.87777,23.38646,344.63,0.4,0.37,2021-08-06,0012,N,VIIRS,n,2,282.6,9.19,N,0
38.87712,23.39098,350.96,0.4,0.37,2021-08-06,0012,N,VIIRS,n,2,283.84,9.19,N,0
38.87649,23.39547,367,0.4,0.37,2021-08-06,0012,N,VIIRS,h,2,281.35,20.31,N,0
38.87584,23.40003,367,0.4,0.37,2021-08-06,0012,N,VIIRS,h,2,286.55,20.31,N,0
38.87519,23.40458,367,0.4,0.37,2021-08-06,0012,N,VIIRS,h,2,289.52,22.23,N,0
38.87455,23.4091,367,0.4,0.37,2021-08-06,0012,N,VIIRS,h,2,288.94,22.23,N,0
38.87391,23.4136,367,0.4,0.37,2021-08-06,0012,N,VIIRS,h,2,292.78,21.86,N,0
38.87327,23.41806,367,0.4,0.37,2021-08-06,0012,N,VIIRS,h,2,299.41,21.86,N,0
38.87264,23.42252,367,0.4,0.37,2021-08-06,0012,N,VIIRS,h,2,299.45,16.31,N,0
38.872,23.42701,356.34,0.4,0.37,2021-08-06,0012,N,VIIRS,n,2,303.25,16.31,N,0
38.87136,23.43153,367,0.4,0.37,2021-08-06,0012,N,VIIRS,h,2,302.75,9.5,N,0
38.87071,23.43608,350.59,0.4,0.37,2021-08-06,0012,N,VIIRS,n,2,299.56,9.5,N,0
38.87006,23.44064,348.66,0.4,0.37,2021-08-06,0012,N,VIIRS,n,2,295.3,59.84,N,0
38.86745,23.45893,356.56,0.4,0.37,2021-08-06,0012,N,VIIRS,n,2,288.77,6.73,N,3
38.86679,23.4635,347.7,0.4,0.37,2021-08-06,0012,N,VIIRS,n,2,290.48,6.73,N,3
38.86614,23.46807,344.77,0.4,0.37,2021-08-06,0012,N,VIIRS,n,2,288.29,4.13,N,3
38.86549,23.47264,335.57,0.4,0.37,2021-08-06,0012,N,VIIRS,n,2,290.05,4.13,N,3
38.90781,23.17405,302.75,0.4,0.37,2021-08-06,0012,N,VIIRS,n,2,263.33,1.3,N,0
38.89994,23.22994,307.46,0.4,0.37,2021-08-06,0012,N,VIIRS,n,2,264.01,0.68,N,0
38.89927,23.23466,310.73,0.4,0.37,2021-08-06,0012,N,VIIRS,n,2,265.66,0.68,N,0
38.8682,23.35602,345.66,0.4,0.37,2021-08-06,0012,N,VIIRS,n,2,274.71,14.84,N,0
38.86755,23.36062,367,0.4,0.37,2021-08-06,0012,N,VIIRS,h,2,284.65,14.84,N,0
38.8669,23.36521,367,0.4,0.37,2021-08-06,0012,N,VIIRS,h,2,284.85,11.19,N,0
38.86625,23.36977,353.71,0.4,0.37,2021-08-06,0012,N,VIIRS,n,2,283.65,11.19,N,0
38.86562,23.37423,338.5,0.4,0.37,2021-08-06,0012,N,VIIRS,n,2,281.54,3.57,N,0
38.86499,23.37864,331.07,0.4,0.37,2021-08-06,0012,N,VIIRS,n,2,280.25,3.57,N,0
38.86434,23.38328,332.8,0.4,0.37,2021-08-06,0012,N,VIIRS,n,2,281.8,3.06,N,0
38.86367,23.38795,331.17,0.4,0.37,2021-08-06,0012,N,VIIRS,n,2,281.54,3.06,N,0
38.86303,23.39248,344.7,0.4,0.37,2021-08-06,0012,N,VIIRS,n,2,282.39,4.86,N,0
38.86239,23.39698,345.74,0.4,0.37,2021-08-06,0012,N,VIIRS,n,2,283.39,4.86,N,0
38.86176,23.40146,353,0.4,0.37,2021-08-06,0012,N,VIIRS,n,2,292.66,26.65,N,0
38.86111,23.40597,354.04,0.4,0.37,2021-08-06,0012,N,VIIRS,n,2,293.74,26.65,N,0
38.86047,23.41051,355.64,0.4,0.37,2021-08-06,0012,N,VIIRS,n,2,290.85,9.31,N,0
38.85983,23.41503,367,0.4,0.37,2021-08-06,0012,N,VIIRS,h,2,297.48,9.31,N,0
38.85919,23.41954,367,0.4,0.37,2021-08-06,0012,N,VIIRS,h,2,297.36,18.67,N,0
38.85854,23.42407,367,0.4,0.37,2021-08-06,0012,N,VIIRS,h,2,303.28,18.67,N,0
38.85789,23.42861,367,0.4,0.37,2021-08-06,0012,N,VIIRS,h,2,351.04,151.08,N,0
38.85661,23.43768,367,0.4,0.37,2021-08-06,0012,N,VIIRS,h,2,347.13,153.8,N,0
38.85596,23.44221,347.2,0.4,0.37,2021-08-06,0012,N,VIIRS,n,2,307.72,153.8,N,0
38.85532,23.44674,346.03,0.4,0.37,2021-08-06,0012,N,VIIRS,n,2,296.8,29.89,N,0
38.89358,23.17605,305.66,0.4,0.37,2021-08-06,0012,N,VIIRS,n,2,256.81,0.85,N,0
38.8864,23.22718,305.43,0.4,0.37,2021-08-06,0012,N,VIIRS,n,2,266.73,1.48,N,0
38.88575,23.23174,308.53,0.4,0.37,2021-08-06,0012,N,VIIRS,n,2,267.81,1.48,N,0
38.88513,23.23622,313.8,0.4,0.37,2021-08-06,0012,N,VIIRS,n,2,266.91,1.66,N,0
38.85141,23.47408,315.96,0.4,0.37,2021-08-06,0012,N,VIIRS,n,2,293.72,3.73,N,3
38.8811,23.24012,326.95,0.4,0.37,2021-08-06,0012,N,VIIRS,n,2,267.82,1.73,N,0
38.88042,23.24491,353.86,0.4,0.37,2021-08-06,0012,N,VIIRS,n,2,278.46,16.48,N,0
38.87974,23.24973,367,0.4,0.37,2021-08-06,0012,N,VIIRS,h,2,280.61,16.48,N,0
38.87906,23.25453,345.14,0.4,0.37,2021-08-06,0012,N,VIIRS,n,2,269.93,4.17,N,0
38.87841,23.25917,337.84,0.4,0.37,2021-08-06,0012,N,VIIRS,n,2,267.36,4.17,N,0
38.87775,23.26383,339.38,0.4,0.37,2021-08-06,0012,N,VIIRS,n,2,270.44,5.9,N,0
38.87709,23.2685,341.33,0.4,0.37,2021-08-06,0012,N,VIIRS,n,2,274.63,5.9,N,0
38.87644,23.27313,343.02,0.4,0.37,2021-08-06,0012,N,VIIRS,n,2,272.08,5.3,N,0
38.87579,23.2777,343.73,0.4,0.37,2021-08-06,0012,N,VIIRS,n,2,274.14,5.3,N,0
38.87516,23.28223,351.57,0.4,0.37,2021-08-06,0012,N,VIIRS,n,2,276.01,9.87,N,0
38.87452,23.28676,367,0.4,0.37,2021-08-06,0012,N,VIIRS,h,2,275.84,9.87,N,0
38.87387,23.29136,354.04,0.4,0.37,2021-08-06,0012,N,VIIRS,n,2,276.98,11.45,N,0
38.87321,23.29604,356.06,0.4,0.37,2021-08-06,0012,N,VIIRS,n,2,283.46,11.45,N,0
38.87254,23.30079,367,0.4,0.37,2021-08-06,0012,N,VIIRS,h,2,289.97,14.66,N,0
38.87186,23.30552,347.02,0.4,0.37,2021-08-06,0012,N,VIIRS,n,2,277.4,14.66,N,0
38.87122,23.31014,339.06,0.4,0.37,2021-08-06,0012,N,VIIRS,n,2,278.69,3.1,N,0
38.87056,23.31473,331.68,0.4,0.37,2021-08-06,0012,N,VIIRS,n,2,277.28,3.1,N,0
38.86992,23.31928,332.28,0.4,0.37,2021-08-06,0012,N,VIIRS,n,2,279.92,2.43,N,0
38.86927,23.32385,323.68,0.4,0.37,2021-08-06,0012,N,VIIRS,n,2,281.76,2.43,N,0
38.86863,23.32843,321.85,0.4,0.37,2021-08-06,0012,N,VIIRS,n,2,280.79,1.88,N,0
38.86799,23.33293,321.26,0.4,0.37,2021-08-06,0012,N,VIIRS,n,2,279.16,1.88,N,0
38.86736,23.33739,342.22,0.4,0.37,2021-08-06,0012,N,VIIRS,n,2,282.16,4.94,N,0
38.86674,23.34183,356.84,0.4,0.37,2021-08-06,0012,N,VIIRS,n,2,282.95,4.94,N,0
38.86611,23.34626,329.49,0.4,0.37,2021-08-06,0012,N,VIIRS,n,2,277.33,10.59,N,0
38.86548,23.35071,331.38,0.4,0.37,2021-08-06,0012,N,VIIRS,n,2,276.14,10.59,N,0
38.86485,23.35517,356.27,0.4,0.37,2021-08-06,0012,N,VIIRS,n,2,288.47,19.37,N,0
38.86421,23.35972,367,0.4,0.37,2021-08-06,0012,N,VIIRS,h,2,283.96,19.37,N,0
38.86356,23.36429,367,0.4,0.37,2021-08-06,0012,N,VIIRS,h,2,283.74,7.24,N,0
38.86291,23.36891,348.99,0.4,0.37,2021-08-06,0012,N,VIIRS,n,2,282.04,7.24,N,0
38.86226,23.37341,340.83,0.4,0.37,2021-08-06,0012,N,VIIRS,n,2,279.98,3.12,N,0
38.86164,23.37785,330.8,0.4,0.37,2021-08-06,0012,N,VIIRS,n,2,281.47,3.12,N,0
38.86098,23.38245,333.28,0.4,0.37,2021-08-06,0012,N,VIIRS,n,2,283.18,2.96,N,0
38.86032,23.38714,331.03,0.4,0.37,2021-08-06,0012,N,VIIRS,n,2,283.51,2.96,N,0
38.85967,23.39172,340.09,0.4,0.37,2021-08-06,0012,N,VIIRS,n,2,285.03,5.83,N,0
38.85903,23.39623,351.7,0.4,0.37,2021-08-06,0012,N,VIIRS,n,2,284.46,5.83,N,0
38.85839,23.40072,351.83,0.4,0.37,2021-08-06,0012,N,VIIRS,n,2,285.25,7.99,N,0
38.85775,23.40522,356.32,0.4,0.37,2021-08-06,0012,N,VIIRS,n,2,290.43,7.99,N,0
38.85711,23.40974,367,0.4,0.37,2021-08-06,0012,N,VIIRS,h,2,292.24,14.72,N,0
38.85647,23.41427,355.87,0.4,0.37,2021-08-06,0012,N,VIIRS,n,2,297.82,14.72,N,0
38.85582,23.41882,367,0.4,0.37,2021-08-06,0012,N,VIIRS,h,2,303.03,86.82,N,0
38.85517,23.42337,367,0.4,0.37,2021-08-06,0012,N,VIIRS,h,2,343.27,86.82,N,0
38.85324,23.43696,367,0.4,0.37,2021-08-06,0012,N,VIIRS,h,2,326.4,44.74,N,0
38.8526,23.44148,349.31,0.4,0.37,2021-08-06,0012,N,VIIRS,n,2,297.47,44.74,N,0
38.85195,23.446,347.28,0.4,0.37,2021-08-06,0012,N,VIIRS,n,2,294.72,6.92,N,0
38.85131,23.45053,354.26,0.4,0.37,2021-08-06,0012,N,VIIRS,n,2,290.27,6.92,N,0
38.88238,23.23098,307.34,0.4,0.37,2021-08-06,0012,N,VIIRS,n,2,266.44,1.12,N,0
38.88175,23.23547,313.35,0.4,0.37,2021-08-06,0012,N,VIIRS,n,2,267.01,1.73,N,0
38.84806,23.4733,310.02,0.4,0.37,2021-08-06,0012,N,VIIRS,n,2,293.68,2.93,N,3
38.87774,23.23931,322.09,0.4,0.37,2021-08-06,0012,N,VIIRS,n,2,267.71,1.73,N,0
38.87706,23.24409,351.94,0.4,0.37,2021-08-06,0012,N,VIIRS,n,2,273.52,16.48,N,0
38.87638,23.24891,355.03,0.4,0.37,2021-08-06,0012,N,VIIRS,n,2,280.18,16.48,N,0
38.87569,23.25374,339.69,0.4,0.37,2021-08-06,0012,N,VIIRS,n,2,270.83,4.17,N,0
38.87503,23.25846,333.76,0.4,0.37,2021-08-06,0012,N,VIIRS,n,2,266.42,4.17,N,0
38.87437,23.26316,338.12,0.4,0.37,2021-08-06,0012,N,VIIRS,n,2,268.48,5.9,N,0
38.87371,23.26781,355,0.4,0.37,2021-08-06,0012,N,VIIRS,n,2,276.53,5.9,N,0
38.87307,23.27241,345.84,0.4,0.37,2021-08-06,0012,N,VIIRS,n,2,270.71,5.3,N,0
38.87243,23.2769,344.1,0.4,0.37,2021-08-06,0012,N,VIIRS,n,2,272.51,5.3,N,0
38.8718,23.2814,352.74,0.4,0.37,2021-08-06,0012,N,VIIRS,n,2,276.21,9.87,N,0
38.87116,23.28595,367,0.4,0.37,2021-08-06,0012,N,VIIRS,h,2,283.13,9.87,N,0
38.8705,23.29056,356.96,0.4,0.37,2021-08-06,0012,N,VIIRS,n,2,279.81,11.45,N,0
38.86984,23.29527,367,0.4,0.37,2021-08-06,0012,N,VIIRS,h,2,284.81,11.45,N,0
38.86916,23.30005,357.12,0.4,0.37,2021-08-06,0012,N,VIIRS,n,2,285.85,14.66,N,0
38.86849,23.30481,332.27,0.4,0.37,2021-08-06,0012,N,VIIRS,n,2,273.56,14.66,N,0
38.86784,23.30945,322.98,0.4,0.37,2021-08-06,0012,N,VIIRS,n,2,276.49,3.1,N,0
38.86719,23.31402,323.49,0.4,0.37,2021-08-06,0012,N,VIIRS,n,2,279.96,3.1,N,0
38.86656,23.31849,324.05,0.4,0.37,2021-08-06,0012,N,VIIRS,n,2,279.92,2.43,N,0
38.86399,23.33667,320.18,0.4,0.37,2021-08-06,0012,N,VIIRS,n,2,283.4,4.94,N,0
38.86335,23.34117,334.09,0.4,0.37,2021-08-06,0012,N,VIIRS,n,2,282.6,4.94,N,0
38.86273,23.34562,352.19,0.4,0.37,2021-08-06,0012,N,VIIRS,n,2,285.49,10.59,N,0
38.8621,23.35003,367,0.4,0.37,2021-08-06,0012,N,VIIRS,h,2,293.84,10.59,N,0
38.86148,23.35444,367,0.4,0.37,2021-08-06,0012,N,VIIRS,h,2,291.45,19.37,N,0
38.86085,23.35892,367,0.4,0.37,2021-08-06,0012,N,VIIRS,h,2,292.04,19.37,N,0
38.86021,23.36344,355.31,0.4,0.37,2021-08-06,0012,N,VIIRS,n,2,289.96,7.24,N,0
38.85956,23.36802,335.78,0.4,0.37,2021-08-06,0012,N,VIIRS,n,2,283.55,7.24,N,0
38.85892,23.37255,328.58,0.4,0.37,2021-08-06,0012,N,VIIRS,n,2,282.23,3.12,N,0
38.85828,23.37702,328.95,0.4,0.37,2021-08-06,0012,N,VIIRS,n,2,281.09,3.12,N,0
38.85764,23.3816,328.19,0.4,0.37,2021-08-06,0012,N,VIIRS,n,2,281.27,2.96,N,0
38.85697,23.38631,335.37,0.4,0.37,2021-08-06,0012,N,VIIRS,n,2,283.92,2.96,N,0
38.85631,23.39093,344.01,0.4,0.37,2021-08-06,0012,N,VIIRS,n,2,285.95,5.83,N,0
38.85567,23.39547,345.48,0.4,0.37,2021-08-06,0012,N,VIIRS,n,2,286.05,5.83,N,0
38.85503,23.39998,338.82,0.4,0.37,2021-08-06,0012,N,VIIRS,n,2,283.24,7.99,N,0
38.85439,23.40448,349.19,0.4,0.37,2021-08-06,0012,N,VIIRS,n,2,287.03,7.99,N,0
38.85375,23.40898,355.91,0.4,0.37,2021-08-06,0012,N,VIIRS,n,2,292.23,14.72,N,0
38.85311,23.41349,367,0.4,0.37,2021-08-06,0012,N,VIIRS,h,2,295.57,14.72,N,0
38.85246,23.41806,367,0.4,0.37,2021-08-06,0012,N,VIIRS,h,2,306.03,86.82,N,0
38.85181,23.42262,367,0.4,0.37,2021-08-06,0012,N,VIIRS,h,2,354.54,86.82,N,0
38.85052,23.43171,367,0.4,0.37,2021-08-06,0012,N,VIIRS,h,2,338.85,0,N,0
38.84988,23.43623,355.82,0.4,0.37,2021-08-06,0012,N,VIIRS,n,2,296.79,44.74,N,0
38.84923,23.44075,341.27,0.4,0.37,2021-08-06,0012,N,VIIRS,n,2,295.52,44.74,N,0
38.84859,23.44526,331.3,0.4,0.37,2021-08-06,0012,N,VIIRS,n,2,295.46,6.92,N,0
38.84795,23.44975,347.21,0.4,0.37,2021-08-06,0012,N,VIIRS,n,2,291.79,6.92,N,0
38.84731,23.45429,357.21,0.4,0.37,2021-08-06,0012,N,VIIRS,n,2,281.43,35.11,N,0
38.84471,23.47252,322.98,0.4,0.37,2021-08-06,0012,N,VIIRS,n,2,289.66,2.93,N,3
38.87901,23.23022,305.83,0.4,0.37,2021-08-06,0012,N,VIIRS,n,2,265.48,1.12,N,0
38.87838,23.2347,310.69,0.4,0.37,2021-08-06,0012,N,VIIRS,n,2,266.64,1.73,N,0
38.86593,23.32299,318.97,0.4,0.37,2021-08-06,0012,N,VIIRS,n,2,277.25,2.43,N,0
38.86528,23.32757,318.84,0.4,0.37,2021-08-06,0012,N,VIIRS,n,2,279.7,1.88,N,0
38.86464,23.33213,317.89,0.4,0.37,2021-08-06,0012,N,VIIRS,n,2,279.8,1.88,N,0
38.8737,23.24324,350.73,0.4,0.37,2021-08-06,0012,N,VIIRS,n,2,273.66,5.85,N,0
38.87302,23.24806,350.98,0.4,0.37,2021-08-06,0012,N,VIIRS,n,2,278.33,5.85,N,0
38.87233,23.25291,333.41,0.4,0.37,2021-08-06,0012,N,VIIRS,n,2,271.08,3.51,N,0
38.87166,23.2577,331.36,0.4,0.37,2021-08-06,0012,N,VIIRS,n,2,268.22,3.51,N,0
38.87099,23.26243,346.73,0.4,0.37,2021-08-06,0012,N,VIIRS,n,2,270.39,11.67,N,0
38.87034,23.26708,352.41,0.4,0.37,2021-08-06,0012,N,VIIRS,n,2,273.76,11.67,N,0
38.86969,23.27168,347.1,0.4,0.37,2021-08-06,0012,N,VIIRS,n,2,268.75,5.49,N,0
38.86906,23.27615,341.6,0.4,0.37,2021-08-06,0012,N,VIIRS,n,2,271.56,5.49,N,0
38.86843,23.28063,354.18,0.4,0.37,2021-08-06,0012,N,VIIRS,n,2,276.48,26.72,N,0
38.86779,23.28515,354.64,0.4,0.37,2021-08-06,0012,N,VIIRS,n,2,294.05,26.72,N,0
38.86715,23.28975,354.28,0.4,0.37,2021-08-06,0012,N,VIIRS,n,2,285.33,21.03,N,0
38.86648,23.29447,367,0.4,0.37,2021-08-06,0012,N,VIIRS,h,2,284.69,21.03,N,0
38.8658,23.29925,341.22,0.4,0.37,2021-08-06,0012,N,VIIRS,n,2,277.19,3.5,N,0
38.86512,23.30404,324.6,0.4,0.37,2021-08-06,0012,N,VIIRS,n,2,277.1,3.5,N,0
38.86446,23.30873,321.67,0.4,0.37,2021-08-06,0012,N,VIIRS,n,2,278.35,2.27,N,0
38.85935,23.34492,321.42,0.4,0.37,2021-08-06,0012,N,VIIRS,n,2,282.46,2.63,N,0
38.85873,23.34938,342.19,0.4,0.37,2021-08-06,0012,N,VIIRS,n,2,283.26,2.63,N,0
38.8581,23.3538,338.06,0.4,0.37,2021-08-06,0012,N,VIIRS,n,2,284.84,3.72,N,0
38.85747,23.35823,346.44,0.4,0.37,2021-08-06,0012,N,VIIRS,n,2,287.18,3.72,N,0
38.85685,23.36266,352.08,0.4,0.37,2021-08-06,0012,N,VIIRS,n,2,288.93,4.35,N,0
38.85621,23.36716,335.07,0.4,0.37,2021-08-06,0012,N,VIIRS,n,2,282.98,4.35,N,0
38.85557,23.37168,331.53,0.4,0.37,2021-08-06,0012,N,VIIRS,n,2,282.96,3.17,N,0
38.85493,23.37618,331.04,0.4,0.37,2021-08-06,0012,N,VIIRS,n,2,282.92,3.17,N,0
38.85429,23.38076,328.23,0.4,0.37,2021-08-06,0012,N,VIIRS,n,2,281.11,2.85,N,0
38.85361,23.38549,331.92,0.4,0.37,2021-08-06,0012,N,VIIRS,n,2,283.03,2.85,N,0
38.85295,23.39013,336.6,0.4,0.37,2021-08-06,0012,N,VIIRS,n,2,286.36,3.8,N,0
38.85231,23.39467,334.77,0.4,0.37,2021-08-06,0012,N,VIIRS,n,2,285.51,3.8,N,0
38.85167,23.39919,339.01,0.4,0.37,2021-08-06,0012,N,VIIRS,n,2,286.95,4.84,N,0
38.85103,23.40369,344.57,0.4,0.37,2021-08-06,0012,N,VIIRS,n,2,289.15,4.84,N,0
38.85039,23.40819,352.03,0.4,0.37,2021-08-06,0012,N,VIIRS,n,2,292.36,19.53,N,0
38.84975,23.41271,367,0.4,0.37,2021-08-06,0012,N,VIIRS,h,2,294.3,19.53,N,0
38.8491,23.41728,355.28,0.4,0.37,2021-08-06,0012,N,VIIRS,n,2,305.67,104.73,N,0
38.84845,23.42185,367,0.4,0.37,2021-08-06,0012,N,VIIRS,h,2,346.6,104.73,N,0
38.84716,23.43095,355.93,0.4,0.37,2021-08-06,0012,N,VIIRS,n,2,296.6,93.01,N,0
38.84651,23.43548,345.28,0.4,0.37,2021-08-06,0012,N,VIIRS,n,2,294.55,4.32,N,0
38.84587,23.43999,334.51,0.4,0.37,2021-08-06,0012,N,VIIRS,n,2,294.45,4.32,N,0
38.84523,23.44448,326.45,0.4,0.37,2021-08-06,0012,N,VIIRS,n,2,294.86,3.71,N,0
38.84459,23.449,342.16,0.4,0.37,2021-08-06,0012,N,VIIRS,n,2,292.37,3.71,N,0
38.84394,23.45354,355.41,0.4,0.37,2021-08-06,0012,N,VIIRS,n,2,280.76,6.99,N,0
38.8433,23.45808,350.48,0.4,0.37,2021-08-06,0012,N,VIIRS,n,2,278.38,6.99,N,0
38.84266,23.46262,345.58,0.4,0.37,2021-08-06,0012,N,VIIRS,n,2,278.12,4.16,N,3
38.842,23.46718,336.49,0.4,0.37,2021-08-06,0012,N,VIIRS,n,2,284.63,4.16,N,3
38.87501,23.2339,307.85,0.4,0.37,2021-08-06,0012,N,VIIRS,n,2,267.72,1.43,N,0
38.87437,23.23847,316.52,0.4,0.37,2021-08-06,0012,N,VIIRS,n,2,268.35,1.43,N,0
38.86382,23.3133,319.47,0.4,0.37,2021-08-06,0012,N,VIIRS,n,2,281.41,2.27,N,0
38.8632,23.31772,318.6,0.4,0.37,2021-08-06,0012,N,VIIRS,n,2,282.4,3.26,N,0
38.86257,23.32216,317.04,0.4,0.37,2021-08-06,0012,N,VIIRS,n,2,281.97,3.26,N,0
38.86193,23.32671,316.18,0.4,0.37,2021-08-06,0012,N,VIIRS,n,2,280.65,2.03,N,0
38.86128,23.33129,316.25,0.4,0.37,2021-08-06,0012,N,VIIRS,n,2,279.36,2.03,N,0
38.86063,23.33587,316,0.4,0.37,2021-08-06,0012,N,VIIRS,n,2,280.71,1.43,N,0
38.85999,23.34042,317.04,0.4,0.37,2021-08-06,0012,N,VIIRS,n,2,282.42,1.43,N,0
38.84135,23.47174,313.56,0.4,0.37,2021-08-06,0012,N,VIIRS,n,2,291.54,3.85,N,3
38.87034,23.24239,330.69,0.4,0.37,2021-08-06,0012,N,VIIRS,n,2,270.59,5.85,N,0
38.86966,23.24717,338.94,0.4,0.37,2021-08-06,0012,N,VIIRS,n,2,275.92,5.85,N,0
38.86898,23.25202,336.31,0.4,0.37,2021-08-06,0012,N,VIIRS,n,2,276.05,3.51,N,0
38.86831,23.25683,331.6,0.4,0.37,2021-08-06,0012,N,VIIRS,n,2,269.47,3.51,N,0
38.86763,23.26158,351.92,0.4,0.37,2021-08-06,0012,N,VIIRS,n,2,269.26,11.67,N,0
38.86698,23.26628,367,0.4,0.37,2021-08-06,0012,N,VIIRS,h,2,276.2,11.67,N,0
38.86632,23.27092,340.41,0.4,0.37,2021-08-06,0012,N,VIIRS,n,2,270.88,5.49,N,0
38.86568,23.27543,343.41,0.4,0.37,2021-08-06,0012,N,VIIRS,n,2,271.98,5.49,N,0
38.86506,23.27991,354.57,0.4,0.37,2021-08-06,0012,N,VIIRS,n,2,277.52,26.72,N,0
38.86443,23.28439,350.2,0.4,0.37,2021-08-06,0012,N,VIIRS,n,2,294.02,26.72,N,0
38.86378,23.28894,353.98,0.4,0.37,2021-08-06,0012,N,VIIRS,n,2,285.6,21.03,N,0
38.86312,23.29364,356.85,0.4,0.37,2021-08-06,0012,N,VIIRS,n,2,283.01,21.03,N,0
38.86245,23.29842,327.08,0.4,0.37,2021-08-06,0012,N,VIIRS,n,2,273.82,3.5,N,0
38.86177,23.30322,328.6,0.4,0.37,2021-08-06,0012,N,VIIRS,n,2,277.11,3.5,N,0
38.86111,23.3079,336.85,0.4,0.37,2021-08-06,0012,N,VIIRS,n,2,278.13,2.27,N,0
38.8541,23.35754,322.06,0.4,0.37,2021-08-06,0012,N,VIIRS,n,2,283.7,3.72,N,0
38.85349,23.36192,331.42,0.4,0.37,2021-08-06,0012,N,VIIRS,n,2,285.49,4.35,N,0
38.85286,23.36635,333.17,0.4,0.37,2021-08-06,0012,N,VIIRS,n,2,285.38,4.35,N,0
38.85221,23.37084,332.74,0.4,0.37,2021-08-06,0012,N,VIIRS,n,2,287.6,3.17,N,0
38.85158,23.37537,333.85,0.4,0.37,2021-08-06,0012,N,VIIRS,n,2,288.82,3.17,N,0
38.85093,23.37994,329.13,0.4,0.37,2021-08-06,0012,N,VIIRS,n,2,284.29,2.85,N,0
38.85026,23.38465,332.25,0.4,0.37,2021-08-06,0012,N,VIIRS,n,2,283.17,2.85,N,0
38.8496,23.38931,337.46,0.4,0.37,2021-08-06,0012,N,VIIRS,n,2,285.95,3.8,N,0
38.84896,23.39384,338.77,0.4,0.37,2021-08-06,0012,N,VIIRS,n,2,286.36,3.8,N,0
38.84832,23.39836,341.31,0.4,0.37,2021-08-06,0012,N,VIIRS,n,2,289.47,4.84,N,0
38.84768,23.40288,345.33,0.4,0.37,2021-08-06,0012,N,VIIRS,n,2,290.87,4.84,N,0
38.84703,23.40741,355.79,0.4,0.37,2021-08-06,0012,N,VIIRS,n,2,294.92,19.53,N,0
38.84639,23.41193,356.13,0.4,0.37,2021-08-06,0012,N,VIIRS,n,2,304.61,19.53,N,0
38.84575,23.41649,367,0.4,0.37,2021-08-06,0012,N,VIIRS,h,2,337.42,104.73,N,0
38.8451,23.42107,342.86,0.4,0.37,2021-08-06,0012,N,VIIRS,n,2,302.17,104.73,N,0
38.84445,23.42562,355.91,0.4,0.37,2021-08-06,0012,N,VIIRS,n,2,294.73,93.01,N,0
38.8438,23.43014,344.39,0.4,0.37,2021-08-06,0012,N,VIIRS,n,2,293.96,93.01,N,0
38.84316,23.43466,334.65,0.4,0.37,2021-08-06,0012,N,VIIRS,n,2,293.67,4.32,N,0
38.84252,23.4392,328.08,0.4,0.37,2021-08-06,0012,N,VIIRS,n,2,293.48,4.32,N,0
38.84188,23.44369,322.75,0.4,0.37,2021-08-06,0012,N,VIIRS,n,2,292.55,3.71,N,0
38.84124,23.4482,331.55,0.4,0.37,2021-08-06,0012,N,VIIRS,n,2,291.37,3.71,N,0
38.84059,23.45274,354.01,0.4,0.37,2021-08-06,0012,N,VIIRS,n,2,281.03,6.99,N,0
38.83995,23.45728,347.75,0.4,0.37,2021-08-06,0012,N,VIIRS,n,2,278.44,6.99,N,0
38.8393,23.46184,339.11,0.4,0.37,2021-08-06,0012,N,VIIRS,n,2,284.18,4.16,N,0
38.83865,23.4664,327.59,0.4,0.37,2021-08-06,0012,N,VIIRS,n,2,289.32,4.16,N,0
38.87101,23.23763,310.77,0.4,0.37,2021-08-06,0012,N,VIIRS,n,2,268.99,1.43,N,0
38.86046,23.31246,315.8,0.4,0.37,2021-08-06,0012,N,VIIRS,n,2,277.5,2.27,N,0
38.85793,23.33042,314.63,0.4,0.37,2021-08-06,0012,N,VIIRS,n,2,281.13,2.03,N,0
38.85728,23.33501,314.05,0.4,0.37,2021-08-06,0012,N,VIIRS,n,2,278.29,1.43,N,0
38.85664,23.33961,313.65,0.4,0.37,2021-08-06,0012,N,VIIRS,n,2,278.83,1.43,N,0
38.85598,23.34419,314.28,0.4,0.37,2021-08-06,0012,N,VIIRS,n,2,280.87,2.63,N,0
38.85535,23.34871,316.79,0.4,0.37,2021-08-06,0012,N,VIIRS,n,2,280.86,2.63,N,0
38.85472,23.35315,317.39,0.4,0.37,2021-08-06,0012,N,VIIRS,n,2,282.11,3.72,N,0
38.86698,23.24153,339.07,0.4,0.37,2021-08-06,0012,N,VIIRS,n,2,274.41,3.89,N,0
38.86631,23.24628,336.27,0.4,0.37,2021-08-06,0012,N,VIIRS,n,2,276.41,3.89,N,0
38.86563,23.2511,333.73,0.4,0.37,2021-08-06,0012,N,VIIRS,n,2,277.07,9.3,N,0
38.86496,23.2559,350.04,0.4,0.37,2021-08-06,0012,N,VIIRS,n,2,276.06,9.3,N,0
38.86429,23.26066,344.17,0.4,0.37,2021-08-06,0012,N,VIIRS,n,2,268.8,5.63,N,0
38.86362,23.26542,348.03,0.4,0.37,2021-08-06,0012,N,VIIRS,n,2,273.31,5.63,N,0
38.86296,23.27014,328.11,0.4,0.37,2021-08-06,0012,N,VIIRS,n,2,268.1,2.15,N,0
38.86232,23.27471,328.93,0.4,0.37,2021-08-06,0012,N,VIIRS,n,2,269.87,2.15,N,0
38.86169,23.27917,342.4,0.4,0.37,2021-08-06,0012,N,VIIRS,n,2,271.55,9.88,N,0
38.86106,23.28364,354.8,0.4,0.37,2021-08-06,0012,N,VIIRS,n,2,285.09,9.88,N,0
38.86042,23.28816,350.58,0.4,0.37,2021-08-06,0012,N,VIIRS,n,2,276.95,8.24,N,0
38.85977,23.29278,346.99,0.4,0.37,2021-08-06,0012,N,VIIRS,n,2,273.37,8.24,N,0
38.85911,23.29746,321.04,0.4,0.37,2021-08-06,0012,N,VIIRS,n,2,272.65,1.67,N,0
38.85073,23.35681,321.43,0.4,0.37,2021-08-06,0012,N,VIIRS,n,2,284.43,1.82,N,0
38.85011,23.36121,326.68,0.4,0.37,2021-08-06,0012,N,VIIRS,n,2,285.98,2.47,N,0
38.84948,23.36565,325.14,0.4,0.37,2021-08-06,0012,N,VIIRS,n,2,284.22,2.47,N,0
38.84885,23.37012,334.17,0.4,0.37,2021-08-06,0012,N,VIIRS,n,2,288.27,3.21,N,0
38.84822,23.3746,334.14,0.4,0.37,2021-08-06,0012,N,VIIRS,n,2,289.97,3.21,N,0
38.84757,23.37915,333.82,0.4,0.37,2021-08-06,0012,N,VIIRS,n,2,288.43,3.24,N,0
38.84691,23.38382,334.02,0.4,0.37,2021-08-06,0012,N,VIIRS,n,2,286.17,3.24,N,0
38.84625,23.38848,333.88,0.4,0.37,2021-08-06,0012,N,VIIRS,n,2,287.16,3.87,N,0
38.8456,23.39302,337.23,0.4,0.37,2021-08-06,0012,N,VIIRS,n,2,285.57,3.87,N,0
38.84497,23.39754,345.15,0.4,0.37,2021-08-06,0012,N,VIIRS,n,2,289.43,10.55,N,0
38.84432,23.40207,351.85,0.4,0.37,2021-08-06,0012,N,VIIRS,n,2,292.59,10.55,N,0
38.84368,23.4066,345.97,0.4,0.37,2021-08-06,0012,N,VIIRS,n,2,324.26,245.8,N,0
38.84239,23.41571,320.43,0.4,0.37,2021-08-06,0012,N,VIIRS,n,2,312.34,30.88,N,0
38.84174,23.42027,351.01,0.4,0.37,2021-08-06,0012,N,VIIRS,n,2,290.69,30.88,N,0
38.84109,23.42481,340.17,0.4,0.37,2021-08-06,0012,N,VIIRS,n,2,290.73,3.77,N,0
38.84046,23.42931,333.94,0.4,0.37,2021-08-06,0012,N,VIIRS,n,2,290.9,3.77,N,0
38.83981,23.43386,328.2,0.4,0.37,2021-08-06,0012,N,VIIRS,n,2,290.93,2.51,N,0
38.83917,23.43838,323.01,0.4,0.37,2021-08-06,0012,N,VIIRS,n,2,291.36,2.51,N,0
38.83789,23.44738,329.42,0.4,0.37,2021-08-06,0012,N,VIIRS,n,2,289.97,2.03,N,0
38.83724,23.45193,348.58,0.4,0.37,2021-08-06,0012,N,VIIRS,n,2,284.24,3.86,N,0
38.83659,23.45649,332.79,0.4,0.37,2021-08-06,0012,N,VIIRS,n,2,288.5,3.86,N,0
38.85844,23.30218,316.44,0.4,0.37,2021-08-06,0012,N,VIIRS,n,2,274.69,1.67,N,0
38.85778,23.30687,314.48,0.4,0.37,2021-08-06,0012,N,VIIRS,n,2,274.76,2.44,N,0
38.85263,23.34338,312.32,0.4,0.37,2021-08-06,0012,N,VIIRS,n,2,280.4,2.58,N,0
38.85199,23.34792,313.56,0.4,0.37,2021-08-06,0012,N,VIIRS,n,2,282.79,2.58,N,0
38.85136,23.35239,315.24,0.4,0.37,2021-08-06,0012,N,VIIRS,n,2,282.81,1.82,N,0
38.83853,23.44288,318.56,0.4,0.37,2021-08-06,0012,N,VIIRS,n,2,290.68,2.03,N,0
38.83595,23.46106,316.3,0.4,0.37,2021-08-06,0012,N,VIIRS,n,2,291.19,2.4,N,0
38.83529,23.46563,310.28,0.4,0.37,2021-08-06,0012,N,VIIRS,n,2,293.05,2.4,N,0
38.86362,23.24067,342.17,0.4,0.37,2021-08-06,0012,N,VIIRS,n,2,276.68,3.89,N,0
38.86295,23.24542,327.53,0.4,0.37,2021-08-06,0012,N,VIIRS,n,2,273.54,3.89,N,0
38.86228,23.25023,328.49,0.4,0.37,2021-08-06,0012,N,VIIRS,n,2,272.43,9.3,N,0
38.8616,23.25502,352.35,0.4,0.37,2021-08-06,0012,N,VIIRS,n,2,280.16,9.3,N,0
38.86093,23.2598,341.69,0.4,0.37,2021-08-06,0012,N,VIIRS,n,2,271.52,5.63,N,0
38.86026,23.2646,332.03,0.4,0.37,2021-08-06,0012,N,VIIRS,n,2,269.44,5.63,N,0
38.85769,23.28287,333.5,0.4,0.37,2021-08-06,0012,N,VIIRS,n,2,269.33,9.88,N,0
38.85705,23.28738,354.93,0.4,0.37,2021-08-06,0012,N,VIIRS,n,2,273.17,8.24,N,0
38.85641,23.29193,324.77,0.4,0.37,2021-08-06,0012,N,VIIRS,n,2,271.77,8.24,N,0
38.84738,23.35601,320.75,0.4,0.37,2021-08-06,0012,N,VIIRS,n,2,285.89,1.82,N,0
38.84674,23.36048,324.43,0.4,0.37,2021-08-06,0012,N,VIIRS,n,2,285.4,2.47,N,0
38.84611,23.36493,325.35,0.4,0.37,2021-08-06,0012,N,VIIRS,n,2,283.91,2.47,N,0
38.84548,23.36939,328.61,0.4,0.37,2021-08-06,0012,N,VIIRS,n,2,285.24,3.21,N,0
38.84485,23.37385,328.95,0.4,0.37,2021-08-06,0012,N,VIIRS,n,2,287.29,3.21,N,0
38.84422,23.37836,329.19,0.4,0.37,2021-08-06,0012,N,VIIRS,n,2,287.1,3.24,N,0
38.84356,23.38297,331.88,0.4,0.37,2021-08-06,0012,N,VIIRS,n,2,287.89,3.24,N,0
38.8429,23.38764,337.19,0.4,0.37,2021-08-06,0012,N,VIIRS,n,2,288.63,3.87,N,0
38.84225,23.39222,340.54,0.4,0.37,2021-08-06,0012,N,VIIRS,n,2,289.71,3.87,N,0
38.84161,23.39675,351.95,0.4,0.37,2021-08-06,0012,N,VIIRS,n,2,291.83,10.55,N,0
38.84097,23.40127,367,0.4,0.37,2021-08-06,0012,N,VIIRS,h,2,299.05,10.55,N,0
38.84033,23.40579,367,0.4,0.37,2021-08-06,0012,N,VIIRS,h,2,340.59,245.8,N,0
38.83903,23.41493,352.62,0.4,0.37,2021-08-06,0012,N,VIIRS,n,2,292.55,30.88,N,0
38.83839,23.41948,338.37,0.4,0.37,2021-08-06,0012,N,VIIRS,n,2,288.29,30.88,N,0
38.83774,23.42402,332.12,0.4,0.37,2021-08-06,0012,N,VIIRS,n,2,288.49,3.77,N,0
38.8371,23.42852,327.72,0.4,0.37,2021-08-06,0012,N,VIIRS,n,2,288.24,3.77,N,0
38.83646,23.43303,323.17,0.4,0.37,2021-08-06,0012,N,VIIRS,n,2,288.58,2.51,N,0
38.85958,23.26937,313.73,0.4,0.37,2021-08-06,0012,N,VIIRS,n,2,265.35,2.15,N,0
38.85894,23.27396,315.54,0.4,0.37,2021-08-06,0012,N,VIIRS,n,2,264.99,2.15,N,0
38.85831,23.2784,319.78,0.4,0.37,2021-08-06,0012,N,VIIRS,n,2,268.42,9.88,N,0
38.85577,23.29652,317.68,0.4,0.37,2021-08-06,0012,N,VIIRS,n,2,272.49,1.67,N,0
38.85511,23.30116,315.87,0.4,0.37,2021-08-06,0012,N,VIIRS,n,2,274.27,1.67,N,0
38.85445,23.30584,310.04,0.4,0.37,2021-08-06,0012,N,VIIRS,n,2,275.91,2.44,N,0
38.84801,23.35154,317.14,0.4,0.37,2021-08-06,0012,N,VIIRS,n,2,285.75,1.82,N,0
38.83582,23.43755,319.04,0.4,0.37,2021-08-06,0012,N,VIIRS,n,2,289.07,2.51,N,0
38.83517,23.44207,315.41,0.4,0.37,2021-08-06,0012,N,VIIRS,n,2,288.88,2.03,N,0
38.83453,23.44659,313.51,0.4,0.37,2021-08-06,0012,N,VIIRS,n,2,290.14,2.03,N,0
38.83389,23.45114,313.52,0.4,0.37,2021-08-06,0012,N,VIIRS,n,2,291.16,3.86,N,0
38.86025,23.2399,344.14,0.4,0.37,2021-08-06,0012,N,VIIRS,n,2,276.72,3.96,N,0
38.85958,23.24466,323.38,0.4,0.37,2021-08-06,0012,N,VIIRS,n,2,274.51,3.96,N,0
38.84466,23.35068,320.8,0.4,0.37,2021-08-06,0012,N,VIIRS,n,2,288.15,5.78,N,0
38.84402,23.35518,323.46,0.4,0.37,2021-08-06,0012,N,VIIRS,n,2,287.77,5.78,N,0
38.84338,23.35969,325.68,0.4,0.37,2021-08-06,0012,N,VIIRS,n,2,287.24,3.61,N,0
38.84275,23.36417,326.97,0.4,0.37,2021-08-06,0012,N,VIIRS,n,2,285,3.61,N,0
38.84212,23.36862,328.18,0.4,0.37,2021-08-06,0012,N,VIIRS,n,2,284.06,6.04,N,0
38.84149,23.37308,331.91,0.4,0.37,2021-08-06,0012,N,VIIRS,n,2,287.02,6.04,N,0
38.84086,23.37756,331.91,0.4,0.37,2021-08-06,0012,N,VIIRS,n,2,287.61,3.47,N,0
38.84021,23.38212,333.14,0.4,0.37,2021-08-06,0012,N,VIIRS,n,2,286.96,3.47,N,0
38.83955,23.38679,337.09,0.4,0.37,2021-08-06,0012,N,VIIRS,n,2,286.53,10.27,N,0
38.8389,23.3914,348.91,0.4,0.37,2021-08-06,0012,N,VIIRS,n,2,290.95,10.27,N,0
38.83825,23.39595,355.6,0.4,0.37,2021-08-06,0012,N,VIIRS,n,2,306.31,138.18,N,0
38.83761,23.40047,367,0.4,0.37,2021-08-06,0012,N,VIIRS,h,2,344.96,138.18,N,0
38.83697,23.40498,324.89,0.4,0.37,2021-08-06,0012,N,VIIRS,n,2,307.05,39.85,N,0
38.83633,23.40954,340.98,0.4,0.37,2021-08-06,0012,N,VIIRS,n,2,294.86,39.85,N,0
38.83568,23.41413,340.47,0.4,0.37,2021-08-06,0012,N,VIIRS,n,2,286.91,3.34,N,0
38.83503,23.4187,330.48,0.4,0.37,2021-08-06,0012,N,VIIRS,n,2,286.58,3.34,N,0
38.83438,23.4232,325.91,0.4,0.37,2021-08-06,0012,N,VIIRS,n,2,287.56,2.17,N,0
38.83375,23.42771,322.31,0.4,0.37,2021-08-06,0012,N,VIIRS,n,2,286.2,2.17,N,0
38.8609,23.23528,307.73,0.4,0.37,2021-08-06,0012,N,VIIRS,n,2,270.55,4.57,N,0
38.85891,23.24943,317.41,0.4,0.37,2021-08-06,0012,N,VIIRS,n,2,272.04,2.52,N,0
38.85824,23.2542,319.61,0.4,0.37,2021-08-06,0012,N,VIIRS,n,2,269.99,2.52,N,0
38.85757,23.259,317.1,0.4,0.37,2021-08-06,0012,N,VIIRS,n,2,268.11,1.73,N,0
38.8569,23.26382,312.41,0.4,0.37,2021-08-06,0012,N,VIIRS,n,2,267.55,1.73,N,0
38.85622,23.26861,308.31,0.4,0.37,2021-08-06,0012,N,VIIRS,n,2,269.65,0.66,N,0
38.85557,23.2732,308.46,0.4,0.37,2021-08-06,0012,N,VIIRS,n,2,267.36,0.66,N,0
38.85495,23.27763,308.91,0.4,0.37,2021-08-06,0012,N,VIIRS,n,2,265.35,1.05,N,0
38.85432,23.28209,308.35,0.4,0.37,2021-08-06,0012,N,VIIRS,n,2,263.71,1.05,N,0
38.85369,23.2866,312.64,0.4,0.37,2021-08-06,0012,N,VIIRS,n,2,266.28,1.84,N,0
38.85305,23.29112,312.38,0.4,0.37,2021-08-06,0012,N,VIIRS,n,2,268.26,1.84,N,0
38.85241,23.29567,309.44,0.4,0.37,2021-08-06,0012,N,VIIRS,n,2,268.95,1.78,N,0
38.85176,23.30026,308.49,0.4,0.37,2021-08-06,0012,N,VIIRS,n,2,275.47,1.78,N,0
38.83311,23.43222,319.01,0.4,0.37,2021-08-06,0012,N,VIIRS,n,2,285.87,5.93,N,0
38.85688,23.23915,332.44,0.4,0.37,2021-08-06,0012,N,VIIRS,n,2,273.66,3.96,N,0
38.84259,23.34074,340.73,0.4,0.37,2021-08-06,0012,N,VIIRS,n,2,291.19,18.31,N,0
38.84195,23.34529,352.82,0.4,0.37,2021-08-06,0012,N,VIIRS,n,2,305.21,18.31,N,0
38.84131,23.3498,353,0.4,0.37,2021-08-06,0012,N,VIIRS,n,2,294.06,5.78,N,0
38.84067,23.35432,356.56,0.4,0.37,2021-08-06,0012,N,VIIRS,n,2,296.86,5.78,N,0
38.84003,23.35886,338.73,0.4,0.37,2021-08-06,0012,N,VIIRS,n,2,292.17,3.61,N,0
38.83939,23.36337,338.28,0.4,0.37,2021-08-06,0012,N,VIIRS,n,2,290.23,3.61,N,0
38.83876,23.36785,354.16,0.4,0.37,2021-08-06,0012,N,VIIRS,n,2,292.9,6.04,N,0
38.83813,23.37231,335.44,0.4,0.37,2021-08-06,0012,N,VIIRS,n,2,287.92,6.04,N,0
38.83749,23.37678,336.05,0.4,0.37,2021-08-06,0012,N,VIIRS,n,2,290.1,3.47,N,0
38.83686,23.38131,333.81,0.4,0.37,2021-08-06,0012,N,VIIRS,n,2,287.77,3.47,N,0
38.8362,23.38595,349.7,0.4,0.37,2021-08-06,0012,N,VIIRS,n,2,288.24,10.27,N,0
38.83555,23.39057,367,0.4,0.37,2021-08-06,0012,N,VIIRS,h,2,290.48,10.27,N,0
38.8349,23.39513,344.02,0.4,0.37,2021-08-06,0012,N,VIIRS,n,2,319,138.18,N,0
38.83363,23.40414,353.89,0.4,0.37,2021-08-06,0012,N,VIIRS,n,2,287.28,39.85,N,0
38.83297,23.40873,339.8,0.4,0.37,2021-08-06,0012,N,VIIRS,n,2,285.98,39.85,N,0
38.83232,23.41333,330.91,0.4,0.37,2021-08-06,0012,N,VIIRS,n,2,284.66,3.34,N,0
38.83167,23.41792,324.84,0.4,0.37,2021-08-06,0012,N,VIIRS,n,2,283.53,3.34,N,0
38.83102,23.42245,321.27,0.4,0.37,2021-08-06,0012,N,VIIRS,n,2,285.07,2.17,N,0
38.85285,23.26785,303.78,0.4,0.37,2021-08-06,0012,N,VIIRS,n,2,266.8,0.66,N,0
38.8522,23.27244,303.33,0.4,0.37,2021-08-06,0012,N,VIIRS,n,2,267.97,0.66,N,0
38.85159,23.27685,303.82,0.4,0.37,2021-08-06,0012,N,VIIRS,n,2,269.54,1.05,N,0
38.83039,23.42697,318.14,0.4,0.37,2021-08-06,0012,N,VIIRS,n,2,285,2.17,N,0
38.83924,23.33989,347.98,0.4,0.37,2021-08-06,0012,N,VIIRS,n,2,292.13,11.17,N,0
38.8386,23.34441,347.57,0.4,0.37,2021-08-06,0012,N,VIIRS,n,2,292.32,11.17,N,0
38.83796,23.34893,351.74,0.4,0.37,2021-08-06,0012,N,VIIRS,n,2,289.92,14.28,N,0
38.83732,23.35345,355.51,0.4,0.37,2021-08-06,0012,N,VIIRS,n,2,304.31,14.28,N,0
38.83668,23.35801,344.18,0.4,0.37,2021-08-06,0012,N,VIIRS,n,2,295.54,6.55,N,0
38.83604,23.36255,352.51,0.4,0.37,2021-08-06,0012,N,VIIRS,n,2,289.92,6.55,N,0
38.8354,23.36705,354.75,0.4,0.37,2021-08-06,0012,N,VIIRS,n,2,288.88,6.98,N,0
38.83477,23.37153,330.3,0.4,0.37,2021-08-06,0012,N,VIIRS,n,2,285.92,6.98,N,0
38.83414,23.37596,328.73,0.4,0.37,2021-08-06,0012,N,VIIRS,n,2,285.17,3.8,N,0
38.8335,23.38052,333.65,0.4,0.37,2021-08-06,0012,N,VIIRS,n,2,285.33,3.8,N,0
38.83284,23.38515,354.7,0.4,0.37,2021-08-06,0012,N,VIIRS,n,2,288.41,32.26,N,0
38.8322,23.38973,352.12,0.4,0.37,2021-08-06,0012,N,VIIRS,n,2,296.56,32.26,N,0
38.83155,23.39429,345.3,0.4,0.37,2021-08-06,0012,N,VIIRS,n,2,296.18,45.82,N,0
38.83091,23.3988,341.26,0.4,0.37,2021-08-06,0012,N,VIIRS,n,2,286.13,45.82,N,0
38.83027,23.40332,340.87,0.4,0.37,2021-08-06,0012,N,VIIRS,n,2,281.77,2.93,N,0
38.82962,23.40792,329.62,0.4,0.37,2021-08-06,0012,N,VIIRS,n,2,281.67,2.93,N,0
38.82897,23.41254,323.59,0.4,0.37,2021-08-06,0012,N,VIIRS,n,2,281.5,1.71,N,0
38.8535,23.23842,319.61,0.4,0.37,2021-08-06,0012,N,VIIRS,n,2,272.8,3.36,N,0
38.82832,23.41713,319.57,0.4,0.37,2021-08-06,0012,N,VIIRS,n,2,280.44,1.71,N,0
38.82767,23.4217,316.72,0.4,0.37,2021-08-06,0012,N,VIIRS,n,2,280.1,1.26,N,0
38.82702,23.42623,314.38,0.4,0.37,2021-08-06,0012,N,VIIRS,n,2,281.83,1.26,N,0
38.83461,23.34807,343.44,0.4,0.37,2021-08-06,0012,N,VIIRS,n,2,293.66,14.28,N,0
38.83397,23.35258,353.42,0.4,0.37,2021-08-06,0012,N,VIIRS,n,2,303.88,14.28,N,0
38.83333,23.35713,337.7,0.4,0.37,2021-08-06,0012,N,VIIRS,n,2,293.09,6.55,N,0
38.83268,23.36171,339.79,0.4,0.37,2021-08-06,0012,N,VIIRS,n,2,287.24,6.55,N,0
38.83205,23.36621,332.38,0.4,0.37,2021-08-06,0012,N,VIIRS,n,2,284.02,6.98,N,0
38.83141,23.3707,353.67,0.4,0.37,2021-08-06,0012,N,VIIRS,n,2,287.14,6.98,N,0
38.83078,23.37518,343.56,0.4,0.37,2021-08-06,0012,N,VIIRS,n,2,289.45,3.8,N,0
38.83014,23.37971,335.24,0.4,0.37,2021-08-06,0012,N,VIIRS,n,2,284.71,3.8,N,0
38.82949,23.38432,353.18,0.4,0.37,2021-08-06,0012,N,VIIRS,n,2,291.41,32.26,N,0
38.82884,23.38891,347.94,0.4,0.37,2021-08-06,0012,N,VIIRS,n,2,296.04,32.26,N,0
38.82819,23.39347,331.87,0.4,0.37,2021-08-06,0012,N,VIIRS,n,2,292.13,45.82,N,0
38.82755,23.398,338.24,0.4,0.37,2021-08-06,0012,N,VIIRS,n,2,276.12,45.82,N,0
38.82692,23.40252,327.42,0.4,0.37,2021-08-06,0012,N,VIIRS,n,2,276.62,2.93,N,0
38.82626,23.40713,322.05,0.4,0.37,2021-08-06,0012,N,VIIRS,n,2,278.7,2.93,N,0
38.83588,23.33906,313.48,0.4,0.37,2021-08-06,0012,N,VIIRS,n,2,281.68,11.17,N,0
38.83524,23.34356,317.78,0.4,0.37,2021-08-06,0012,N,VIIRS,n,2,283.62,11.17,N,0
38.82561,23.41172,317.95,0.4,0.37,2021-08-06,0012,N,VIIRS,n,2,279.39,1.71,N,0
38.82496,23.41633,314.96,0.4,0.37,2021-08-06,0012,N,VIIRS,n,2,278.32,1.71,N,0
38.82431,23.42092,312.54,0.4,0.37,2021-08-06,0012,N,VIIRS,n,2,277.71,1.26,N,0
38.82366,23.42548,310.76,0.4,0.37,2021-08-06,0012,N,VIIRS,n,2,279.77,1.26,N,0
38.83189,23.34273,344.17,0.4,0.37,2021-08-06,0012,N,VIIRS,n,2,285.92,8.22,N,0
38.83126,23.34723,367,0.4,0.37,2021-08-06,0012,N,VIIRS,h,2,303.39,20.89,N,0
38.83062,23.35171,353.23,0.4,0.37,2021-08-06,0012,N,VIIRS,n,2,296.04,20.89,N,0
38.82998,23.35626,328.05,0.4,0.37,2021-08-06,0012,N,VIIRS,n,2,288.06,2.51,N,0
38.82933,23.36086,329.61,0.4,0.37,2021-08-06,0012,N,VIIRS,n,2,284.81,2.51,N,0
38.82869,23.36539,327.69,0.4,0.37,2021-08-06,0012,N,VIIRS,n,2,283.85,8.38,N,0
38.82806,23.3699,356.2,0.4,0.37,2021-08-06,0012,N,VIIRS,n,2,289.51,8.38,N,0
38.82742,23.37439,348.12,0.4,0.37,2021-08-06,0012,N,VIIRS,n,2,289.36,8.85,N,0
38.82678,23.3789,345.85,0.4,0.37,2021-08-06,0012,N,VIIRS,n,2,284.64,8.85,N,0
38.82613,23.38351,354.68,0.4,0.37,2021-08-06,0012,N,VIIRS,n,2,282.31,3.94,N,0
38.82548,23.38811,331.91,0.4,0.37,2021-08-06,0012,N,VIIRS,n,2,279.26,3.94,N,0
38.82484,23.39267,329.73,0.4,0.37,2021-08-06,0012,N,VIIRS,n,2,277.46,1.71,N,0
38.8242,23.39721,322.68,0.4,0.37,2021-08-06,0012,N,VIIRS,n,2,274.03,1.71,N,0
38.83253,23.33822,310.31,0.4,0.37,2021-08-06,0012,N,VIIRS,n,2,280.59,8.22,N,0
38.82355,23.40174,318.31,0.4,0.37,2021-08-06,0012,N,VIIRS,n,2,274.24,1.15,N,0
38.8229,23.40632,315.92,0.4,0.37,2021-08-06,0012,N,VIIRS,n,2,276.1,1.15,N,0
38.82226,23.41091,313.39,0.4,0.37,2021-08-06,0012,N,VIIRS,n,2,277.7,0.9,N,0
38.82161,23.41552,310.67,0.4,0.37,2021-08-06,0012,N,VIIRS,n,2,277.18,0.9,N,0
38.82095,23.42013,308.9,0.4,0.37,2021-08-06,0012,N,VIIRS,n,2,277.34,0.88,N,0
38.8203,23.42471,307.34,0.4,0.37,2021-08-06,0012,N,VIIRS,n,2,277.06,0.88,N,0
38.82854,23.3419,353.44,0.4,0.37,2021-08-06,0012,N,VIIRS,n,2,289.28,8.22,N,0
38.8279,23.3464,350.55,0.4,0.37,2021-08-06,0012,N,VIIRS,n,2,300.57,20.89,N,0
38.82727,23.35088,328.17,0.4,0.37,2021-08-06,0012,N,VIIRS,n,2,284.86,20.89,N,0
38.82598,23.36001,322.3,0.4,0.37,2021-08-06,0012,N,VIIRS,n,2,282.24,2.51,N,0
38.82534,23.36456,327.94,0.4,0.37,2021-08-06,0012,N,VIIRS,n,2,282.6,8.38,N,0
38.8247,23.36908,330.65,0.4,0.37,2021-08-06,0012,N,VIIRS,n,2,284.49,8.38,N,0
38.82407,23.37359,357.02,0.4,0.37,2021-08-06,0012,N,VIIRS,n,2,291.13,8.85,N,0
38.82343,23.3781,336.97,0.4,0.37,2021-08-06,0012,N,VIIRS,n,2,283.19,8.85,N,0
38.82917,23.33739,310.51,0.4,0.37,2021-08-06,0012,N,VIIRS,n,2,278.24,8.22,N,0
38.82663,23.35541,318.4,0.4,0.37,2021-08-06,0012,N,VIIRS,n,2,283.6,2.51,N,0
38.82278,23.3827,318.35,0.4,0.37,2021-08-06,0012,N,VIIRS,n,2,278.57,3.94,N,0
38.82212,23.38731,317.26,0.4,0.37,2021-08-06,0012,N,VIIRS,n,2,276.81,3.94,N,0
38.82148,23.39188,316.56,0.4,0.37,2021-08-06,0012,N,VIIRS,n,2,274.33,1.71,N,0
38.82084,23.39644,314.42,0.4,0.37,2021-08-06,0012,N,VIIRS,n,2,272.89,1.71,N,0
38.8202,23.40096,312.45,0.4,0.37,2021-08-06,0012,N,VIIRS,n,2,273.47,1.15,N,0
38.81955,23.40552,310.83,0.4,0.37,2021-08-06,0012,N,VIIRS,n,2,275.8,1.15,N,0
38.8189,23.41011,309.35,0.4,0.37,2021-08-06,0012,N,VIIRS,n,2,278.08,0.9,N,0
38.81825,23.41472,307.4,0.4,0.37,2021-08-06,0012,N,VIIRS,n,2,276.92,0.9,N,0
38.8176,23.41934,306.42,0.4,0.37,2021-08-06,0012,N,VIIRS,n,2,276.47,0.88,N,0
38.82518,23.34107,342.96,0.4,0.37,2021-08-06,0012,N,VIIRS,n,2,279.43,2.39,N,0
38.82454,23.34559,339.3,0.4,0.37,2021-08-06,0012,N,VIIRS,n,2,282.75,2.09,N,0
38.82263,23.35916,337.56,0.4,0.37,2021-08-06,0012,N,VIIRS,n,2,282.37,3.14,N,0
38.82581,23.33655,306.74,0.4,0.37,2021-08-06,0012,N,VIIRS,n,2,276.98,2.39,N,0
38.82391,23.35007,318.14,0.4,0.37,2021-08-06,0012,N,VIIRS,n,2,281.19,2.09,N,0
38.82328,23.35457,317.23,0.4,0.37,2021-08-06,0012,N,VIIRS,n,2,281.01,3.14,N,0
38.82199,23.36373,312.05,0.4,0.37,2021-08-06,0012,N,VIIRS,n,2,280.16,3.96,N,0
38.82071,23.37278,316.01,0.4,0.37,2021-08-06,0012,N,VIIRS,n,2,281.97,1.33,N,0
38.82007,23.37732,312.28,0.4,0.37,2021-08-06,0012,N,VIIRS,n,2,278.1,1.33,N,0
38.81942,23.38192,311.24,0.4,0.37,2021-08-06,0012,N,VIIRS,n,2,276.21,0.78,N,0
38.81876,23.38655,310.88,0.4,0.37,2021-08-06,0012,N,VIIRS,n,2,274.56,0.78,N,0
38.81812,23.39112,310.44,0.4,0.37,2021-08-06,0012,N,VIIRS,n,2,275.2,0.72,N,0
38.81747,23.39567,309.3,0.4,0.37,2021-08-06,0012,N,VIIRS,n,2,273.29,0.72,N,0
38.81684,23.4002,308.25,0.4,0.37,2021-08-06,0012,N,VIIRS,n,2,273.94,0.57,N,0
38.81619,23.40475,306.84,0.4,0.37,2021-08-06,0012,N,VIIRS,n,2,274.44,0.57,N,0
38.81554,23.40934,306.07,0.4,0.37,2021-08-06,0012,N,VIIRS,n,2,276.74,0.5,N,0
38.81489,23.41394,305.25,0.4,0.37,2021-08-06,0012,N,VIIRS,n,2,276.17,0.5,N,0
38.81424,23.41854,303.96,0.4,0.37,2021-08-06,0012,N,VIIRS,n,2,275.86,1.78,N,0
38.81992,23.35374,338.7,0.4,0.37,2021-08-06,0012,N,VIIRS,n,2,280.36,3.14,N,0
38.81927,23.35833,334.19,0.4,0.37,2021-08-06,0012,N,VIIRS,n,2,279.25,3.14,N,0
38.82183,23.34024,305.09,0.4,0.37,2021-08-06,0012,N,VIIRS,n,2,274.87,2.39,N,0
38.82118,23.34478,309.16,0.4,0.37,2021-08-06,0012,N,VIIRS,n,2,277.98,2.09,N,0
38.82055,23.34926,311.15,0.4,0.37,2021-08-06,0012,N,VIIRS,n,2,278.66,2.09,N,0
38.81671,23.37655,307.46,0.4,0.37,2021-08-06,0012,N,VIIRS,n,2,277.38,1.33,N,0
38.81606,23.38115,306.97,0.4,0.37,2021-08-06,0012,N,VIIRS,n,2,276.47,0.78,N,0
38.8154,23.38578,306.43,0.4,0.37,2021-08-06,0012,N,VIIRS,n,2,274.71,0.78,N,0
38.81475,23.39035,306.49,0.4,0.37,2021-08-06,0012,N,VIIRS,n,2,275.33,0.72,N,0
38.81411,23.39493,305.86,0.4,0.37,2021-08-06,0012,N,VIIRS,n,2,275.64,0.72,N,0
38.81347,23.39946,304.92,0.4,0.37,2021-08-06,0012,N,VIIRS,n,2,274.89,0.57,N,0
38.81283,23.40399,304.26,0.4,0.37,2021-08-06,0012,N,VIIRS,n,2,274.16,0.57,N,0
38.81218,23.40858,303.34,0.4,0.37,2021-08-06,0012,N,VIIRS,n,2,274.78,0.5,N,0
38.81153,23.41316,302.98,0.4,0.37,2021-08-06,0012,N,VIIRS,n,2,274.87,0.5,N,0
38.8114,23.3896,303.33,0.4,0.37,2021-08-06,0012,N,VIIRS,n,2,274.47,1.64,N,0
38.80947,23.40325,301.29,0.4,0.37,2021-08-06,0012,N,VIIRS,n,2,272.24,1.27,N,0
38.80882,23.40781,300.66,0.4,0.37,2021-08-06,0012,N,VIIRS,n,2,273.22,0.53,N,0
38.80818,23.41236,300.84,0.4,0.37,2021-08-06,0012,N,VIIRS,n,2,273.68,0.53,N,0
38.81112,23.34228,306.72,0.4,0.37,2021-08-06,0012,N,VIIRS,n,2,271.88,0.84,N,0
38.2117,23.82017,312.49,0.39,0.36,2021-08-06,0012,N,VIIRS,n,2,298.37,2.11,N,0
38.21106,23.82454,314.78,0.39,0.36,2021-08-06,0012,N,VIIRS,n,2,298.07,2.11,N,0
38.21042,23.82891,314.09,0.39,0.36,2021-08-06,0012,N,VIIRS,n,2,298.69,2.1,N,0
38.20977,23.83329,315.92,0.39,0.36,2021-08-06,0012,N,VIIRS,n,2,297.84,2.1,N,0
38.20913,23.83768,312.15,0.39,0.36,2021-08-06,0012,N,VIIRS,n,2,297.56,3.28,N,0
38.20775,23.82371,332.58,0.39,0.36,2021-08-06,0012,N,VIIRS,n,2,299.3,5.29,N,0
38.2071,23.82808,332.15,0.39,0.36,2021-08-06,0012,N,VIIRS,n,2,300.36,64.54,N,0
38.20646,23.83246,341.52,0.39,0.36,2021-08-06,0012,N,VIIRS,n,2,300.39,64.54,N,0
38.20581,23.83684,330.55,0.39,0.36,2021-08-06,0012,N,VIIRS,n,2,298.35,10.2,N,0
38.20967,23.81058,311.4,0.39,0.36,2021-08-06,0012,N,VIIRS,n,2,297.77,1.43,N,0
38.20903,23.81497,315.51,0.39,0.36,2021-08-06,0012,N,VIIRS,n,2,298.82,1.43,N,0
38.20839,23.81933,319.53,0.39,0.36,2021-08-06,0012,N,VIIRS,n,2,298.88,5.29,N,0
38.20517,23.84124,315.92,0.39,0.36,2021-08-06,0012,N,VIIRS,n,2,297.57,10.2,N,0
38.20452,23.84565,311.21,0.39,0.36,2021-08-06,0012,N,VIIRS,n,2,297.19,3.11,N,0
38.20572,23.81413,321.19,0.39,0.36,2021-08-06,0012,N,VIIRS,n,2,298.3,1.43,N,0
38.20507,23.8185,333.45,0.39,0.36,2021-08-06,0012,N,VIIRS,n,2,298.78,5.29,N,0
38.20443,23.82287,355.65,0.39,0.36,2021-08-06,0012,N,VIIRS,n,2,305.2,5.29,N,0
38.20378,23.82726,367,0.39,0.36,2021-08-06,0012,N,VIIRS,h,2,305.22,64.54,N,0
38.2025,23.83603,338.7,0.39,0.36,2021-08-06,0012,N,VIIRS,n,2,308.7,10.2,N,0
38.20185,23.84043,331.01,0.39,0.36,2021-08-06,0012,N,VIIRS,n,2,297.49,10.2,N,0
38.2012,23.84484,331.84,0.39,0.36,2021-08-06,0012,N,VIIRS,n,2,297.48,3.11,N,0
38.20636,23.80973,314.99,0.39,0.36,2021-08-06,0012,N,VIIRS,n,2,298.07,1.43,N,0
38.2024,23.81331,327.45,0.39,0.36,2021-08-06,0012,N,VIIRS,n,2,298.53,2.29,N,0
38.20176,23.8177,350.23,0.39,0.36,2021-08-06,0012,N,VIIRS,n,2,302.09,571.35,N,0
38.20047,23.82648,367,0.39,0.36,2021-08-06,0012,N,VIIRS,h,2,330.34,78.89,N,0
38.19982,23.83087,340.44,0.39,0.36,2021-08-06,0012,N,VIIRS,n,2,313.99,78.89,N,0
38.19918,23.83524,350.16,0.39,0.36,2021-08-06,0012,N,VIIRS,n,2,304.86,9.97,N,0
38.19853,23.83963,344.43,0.39,0.36,2021-08-06,0012,N,VIIRS,n,2,300.78,9.97,N,0
38.19789,23.84403,337.02,0.39,0.36,2021-08-06,0012,N,VIIRS,n,2,306.21,8.87,N,0
38.20434,23.80009,311.61,0.39,0.36,2021-08-06,0012,N,VIIRS,n,2,296.93,1.28,N,0
38.20369,23.80449,314.68,0.39,0.36,2021-08-06,0012,N,VIIRS,n,2,297.92,1.28,N,0
38.20305,23.8089,318.58,0.39,0.36,2021-08-06,0012,N,VIIRS,n,2,297.97,2.29,N,0
38.19724,23.84843,310.39,0.39,0.36,2021-08-06,0012,N,VIIRS,n,2,293.23,8.87,N,0
38.19973,23.8081,324.04,0.39,0.36,2021-08-06,0012,N,VIIRS,n,2,297.74,2.29,N,0
38.19908,23.81252,334.37,0.39,0.36,2021-08-06,0012,N,VIIRS,n,2,297.36,2.29,N,0
38.19844,23.81692,352.9,0.39,0.36,2021-08-06,0012,N,VIIRS,n,2,319.59,571.35,N,0
38.19715,23.82571,367,0.39,0.36,2021-08-06,0012,N,VIIRS,h,2,338.32,78.89,N,0
38.1965,23.8301,345.17,0.39,0.36,2021-08-06,0012,N,VIIRS,n,2,303.63,78.89,N,0
38.19586,23.83445,330.99,0.39,0.36,2021-08-06,0012,N,VIIRS,n,2,300.38,9.97,N,0
38.19522,23.83883,327.77,0.39,0.36,2021-08-06,0012,N,VIIRS,n,2,298.82,9.97,N,0
38.19392,23.84764,335.92,0.39,0.36,2021-08-06,0012,N,VIIRS,n,2,296.55,8.87,N,0
38.20232,23.79044,310.05,0.39,0.36,2021-08-06,0012,N,VIIRS,n,2,294.63,1.74,N,0
38.20167,23.79486,313.71,0.39,0.36,2021-08-06,0012,N,VIIRS,n,2,295.88,1.74,N,0
38.20102,23.79928,316.33,0.39,0.36,2021-08-06,0012,N,VIIRS,n,2,295.86,1.28,N,0
38.20038,23.80369,319.89,0.39,0.36,2021-08-06,0012,N,VIIRS,n,2,297.72,1.28,N,0
38.19457,23.84323,316.22,0.39,0.36,2021-08-06,0012,N,VIIRS,n,2,296.58,8.87,N,0
38.19835,23.79407,320.95,0.39,0.36,2021-08-06,0012,N,VIIRS,n,2,290.33,1.94,N,0
38.1977,23.79848,326.13,0.39,0.36,2021-08-06,0012,N,VIIRS,n,2,292.91,12.75,N,0
38.19706,23.80289,342.57,0.39,0.36,2021-08-06,0012,N,VIIRS,n,2,295.86,12.75,N,0
38.19641,23.8073,353.04,0.39,0.36,2021-08-06,0012,N,VIIRS,n,2,298.38,59.45,N,0
38.19576,23.81172,323.74,0.39,0.36,2021-08-06,0012,N,VIIRS,n,2,323.06,59.45,N,0
38.19512,23.81613,354.09,0.39,0.36,2021-08-06,0012,N,VIIRS,n,2,315.08,28.3,N,0
38.19447,23.82052,349.14,0.39,0.36,2021-08-06,0012,N,VIIRS,n,2,322.48,28.3,N,0
38.19383,23.8249,348.56,0.39,0.36,2021-08-06,0012,N,VIIRS,n,2,304.07,5.3,N,0
38.19318,23.82928,333.2,0.39,0.36,2021-08-06,0012,N,VIIRS,n,2,299.52,5.3,N,0
38.19254,23.83365,327.2,0.39,0.36,2021-08-06,0012,N,VIIRS,n,2,298.33,3.05,N,0
38.1919,23.83803,335.43,0.39,0.36,2021-08-06,0012,N,VIIRS,n,2,297.68,3.05,N,0
38.19125,23.84244,320.03,0.39,0.36,2021-08-06,0012,N,VIIRS,n,2,295.39,3.08,N,0
38.19964,23.78524,311.1,0.39,0.36,2021-08-06,0012,N,VIIRS,n,2,292.18,1.21,N,0
38.19567,23.78886,322.11,0.39,0.36,2021-08-06,0012,N,VIIRS,n,2,291.02,1.94,N,0
38.19503,23.79328,332.23,0.39,0.36,2021-08-06,0012,N,VIIRS,n,2,292.72,1.94,N,0
38.19439,23.79769,348.27,0.39,0.36,2021-08-06,0012,N,VIIRS,n,2,294.74,12.75,N,0
38.19373,23.80211,350.02,0.39,0.36,2021-08-06,0012,N,VIIRS,n,2,308.16,12.75,N,0
38.19309,23.80652,347.99,0.39,0.36,2021-08-06,0012,N,VIIRS,n,2,314.57,59.45,N,0
38.19244,23.81092,323.99,0.39,0.36,2021-08-06,0012,N,VIIRS,n,2,316.29,59.45,N,0
38.1918,23.81532,353.36,0.39,0.36,2021-08-06,0012,N,VIIRS,n,2,301.86,28.3,N,0
38.19116,23.8197,342.48,0.39,0.36,2021-08-06,0012,N,VIIRS,n,2,300.94,28.3,N,0
38.19051,23.82407,336.37,0.39,0.36,2021-08-06,0012,N,VIIRS,n,2,299.3,5.3,N,0
38.18987,23.82845,342.97,0.39,0.36,2021-08-06,0012,N,VIIRS,n,2,297.83,5.3,N,0
38.18923,23.83283,321.24,0.39,0.36,2021-08-06,0012,N,VIIRS,n,2,296.73,3.05,N,0
38.19696,23.78004,309.52,0.39,0.36,2021-08-06,0012,N,VIIRS,n,2,293.84,1.21,N,0
38.19632,23.78445,314.63,0.39,0.36,2021-08-06,0012,N,VIIRS,n,2,293.17,1.21,N,0
38.18858,23.83723,317.3,0.39,0.36,2021-08-06,0012,N,VIIRS,n,2,296.34,3.05,N,0
38.18793,23.84165,318.07,0.39,0.36,2021-08-06,0012,N,VIIRS,n,2,295.4,3.08,N,0
38.19235,23.78812,330.21,0.39,0.36,2021-08-06,0012,N,VIIRS,n,2,294.44,40.92,N,0
38.19171,23.79253,353.55,0.39,0.36,2021-08-06,0012,N,VIIRS,n,2,296.9,40.92,N,0
38.19106,23.79694,367,0.39,0.36,2021-08-06,0012,N,VIIRS,h,2,329.18,276.46,N,0
38.19041,23.80134,367,0.39,0.36,2021-08-06,0012,N,VIIRS,h,2,337.91,276.46,N,0
38.18977,23.80575,367,0.39,0.36,2021-08-06,0012,N,VIIRS,h,2,309.86,12.75,N,0
38.18913,23.81013,354.37,0.39,0.36,2021-08-06,0012,N,VIIRS,n,2,305.27,12.75,N,0
38.18848,23.81451,337.3,0.39,0.36,2021-08-06,0012,N,VIIRS,n,2,300.93,3.32,N,0
38.18784,23.81889,330,0.39,0.36,2021-08-06,0012,N,VIIRS,n,2,300.17,3.32,N,0
38.18719,23.82328,324.6,0.39,0.36,2021-08-06,0012,N,VIIRS,n,2,298.46,2.42,N,0
38.18655,23.82767,323.31,0.39,0.36,2021-08-06,0012,N,VIIRS,n,2,296.44,2.42,N,0
38.18591,23.83207,322.82,0.39,0.36,2021-08-06,0012,N,VIIRS,n,2,295.98,2.03,N,0
38.18461,23.84088,326.1,0.39,0.36,2021-08-06,0012,N,VIIRS,n,2,294.16,2.09,N,0
38.19364,23.77927,312.2,0.39,0.36,2021-08-06,0012,N,VIIRS,n,2,291.06,1.31,N,0
38.193,23.78369,319.06,0.39,0.36,2021-08-06,0012,N,VIIRS,n,2,292.42,1.31,N,0
38.18526,23.83647,315.74,0.39,0.36,2021-08-06,0012,N,VIIRS,n,2,294.3,2.03,N,0
38.18967,23.78295,322.29,0.39,0.36,2021-08-06,0012,N,VIIRS,n,2,295.7,1.31,N,0
38.18902,23.78738,339.3,0.39,0.36,2021-08-06,0012,N,VIIRS,n,2,297.66,40.92,N,0
38.18838,23.79178,343.2,0.39,0.36,2021-08-06,0012,N,VIIRS,n,2,329.59,40.92,N,0
38.18709,23.80059,367,0.39,0.36,2021-08-06,0012,N,VIIRS,h,2,335.45,276.46,N,0
38.18644,23.805,352.87,0.39,0.36,2021-08-06,0012,N,VIIRS,n,2,304.39,12.75,N,0
38.1858,23.80941,336.41,0.39,0.36,2021-08-06,0012,N,VIIRS,n,2,300.76,12.75,N,0
38.18515,23.81381,328.31,0.39,0.36,2021-08-06,0012,N,VIIRS,n,2,300.38,3.32,N,0
38.18451,23.8182,322.18,0.39,0.36,2021-08-06,0012,N,VIIRS,n,2,300.46,3.32,N,0
38.18386,23.82259,323.32,0.39,0.36,2021-08-06,0012,N,VIIRS,n,2,300.51,2.42,N,0
38.18322,23.82697,320.71,0.39,0.36,2021-08-06,0012,N,VIIRS,n,2,298.29,2.42,N,0
38.18258,23.83135,322.39,0.39,0.36,2021-08-06,0012,N,VIIRS,n,2,294.82,2.03,N,0
38.19096,23.77412,308.59,0.39,0.36,2021-08-06,0012,N,VIIRS,n,2,294.4,2.57,N,0
38.19032,23.77853,314.23,0.39,0.36,2021-08-06,0012,N,VIIRS,n,2,294.64,1.31,N,0
38.18193,23.83574,315.39,0.39,0.36,2021-08-06,0012,N,VIIRS,n,2,290.98,2.03,N,0
38.18129,23.84012,315.48,0.39,0.36,2021-08-06,0012,N,VIIRS,n,2,290.63,2.09,N,0
38.18064,23.84452,307.65,0.39,0.36,2021-08-06,0012,N,VIIRS,n,2,291.48,2.09,N,0
38.18,23.84893,312.04,0.39,0.36,2021-08-06,0012,N,VIIRS,n,2,293.38,3.35,N,0
38.18634,23.78222,323.12,0.39,0.36,2021-08-06,0012,N,VIIRS,n,2,298.88,1.72,N,0
38.1857,23.78664,347.22,0.39,0.36,2021-08-06,0012,N,VIIRS,n,2,301.21,150.44,N,0
38.18441,23.79545,341.63,0.39,0.36,2021-08-06,0012,N,VIIRS,n,2,320.49,22.14,N,0
38.18376,23.79987,352.37,0.39,0.36,2021-08-06,0012,N,VIIRS,n,2,304.53,22.14,N,0
38.18311,23.8043,330.6,0.39,0.36,2021-08-06,0012,N,VIIRS,n,2,297.32,2.44,N,0
38.18247,23.80873,322.36,0.39,0.36,2021-08-06,0012,N,VIIRS,n,2,296.42,2.44,N,0
38.18053,23.82192,320.22,0.39,0.36,2021-08-06,0012,N,VIIRS,n,2,294.83,1.99,N,0
38.17925,23.83064,322.54,0.39,0.36,2021-08-06,0012,N,VIIRS,n,2,293.25,1.77,N,0
38.1786,23.83501,325.6,0.39,0.36,2021-08-06,0012,N,VIIRS,n,2,291.07,1.77,N,0
38.18699,23.77779,314.21,0.39,0.36,2021-08-06,0012,N,VIIRS,n,2,299.03,1.72,N,0
38.18182,23.81314,317.55,0.39,0.36,2021-08-06,0012,N,VIIRS,n,2,296.62,1.77,N,0
38.18118,23.81754,316.48,0.39,0.36,2021-08-06,0012,N,VIIRS,n,2,295.48,1.77,N,0
38.17989,23.82628,319.43,0.39,0.36,2021-08-06,0012,N,VIIRS,n,2,293.87,1.99,N,0
38.17796,23.83938,316.09,0.39,0.36,2021-08-06,0012,N,VIIRS,n,2,291.27,1.45,N,0
38.17732,23.84377,315.24,0.39,0.36,2021-08-06,0012,N,VIIRS,n,2,293.06,1.45,N,0
38.17667,23.84817,312.66,0.39,0.36,2021-08-06,0012,N,VIIRS,n,2,293.49,1.42,N,0
38.17603,23.85257,317.75,0.39,0.36,2021-08-06,0012,N,VIIRS,n,2,294.58,1.42,N,0
38.40968,22.13819,351.7,0.43,0.38,2021-08-06,0012,N,VIIRS,n,2,311.43,16.34,N,0
38.4091,22.14259,350.19,0.42,0.38,2021-08-06,0012,N,VIIRS,n,2,309.17,21.06,N,0
38.40852,22.14699,335.09,0.42,0.38,2021-08-06,0012,N,VIIRS,n,2,297.53,21.06,N,0
38.40794,22.15139,321.46,0.42,0.38,2021-08-06,0012,N,VIIRS,n,2,297.03,3.22,N,0
38.18302,23.78149,321.9,0.39,0.36,2021-08-06,0012,N,VIIRS,n,2,298.69,1.72,N,0
38.18238,23.7859,345.81,0.39,0.36,2021-08-06,0012,N,VIIRS,n,2,301.02,150.44,N,0
38.18173,23.7903,367,0.39,0.36,2021-08-06,0012,N,VIIRS,h,2,344.28,150.44,N,0
38.18108,23.79471,367,0.39,0.36,2021-08-06,0012,N,VIIRS,h,2,311.45,22.14,N,0
38.18044,23.79914,332.48,0.39,0.36,2021-08-06,0012,N,VIIRS,n,2,298.52,22.14,N,0
38.17979,23.80359,320.03,0.39,0.36,2021-08-06,0012,N,VIIRS,n,2,294.19,2.44,N,0
38.17656,23.82556,320.87,0.39,0.36,2021-08-06,0012,N,VIIRS,n,2,292.77,1.99,N,0
38.17464,23.83866,320.36,0.39,0.36,2021-08-06,0012,N,VIIRS,n,2,292.43,1.45,N,0
38.17335,23.84742,320.12,0.39,0.36,2021-08-06,0012,N,VIIRS,n,2,294.32,1.42,N,0
38.17141,23.86061,323.19,0.39,0.36,2021-08-06,0012,N,VIIRS,n,2,297.21,2.4,N,0
38.41027,22.13367,310.25,0.43,0.38,2021-08-06,0012,N,VIIRS,n,2,291.61,16.34,N,0
38.18366,23.77707,313.31,0.39,0.36,2021-08-06,0012,N,VIIRS,n,2,298.75,1.72,N,0
38.17914,23.80801,314.5,0.39,0.36,2021-08-06,0012,N,VIIRS,n,2,292.68,2.44,N,0
38.17849,23.81243,313.46,0.39,0.36,2021-08-06,0012,N,VIIRS,n,2,293.11,1.77,N,0
38.17785,23.81682,318.21,0.39,0.36,2021-08-06,0012,N,VIIRS,n,2,293.67,1.77,N,0
38.1772,23.8212,316,0.39,0.36,2021-08-06,0012,N,VIIRS,n,2,291.98,1.99,N,0
38.17592,23.82992,319.16,0.39,0.36,2021-08-06,0012,N,VIIRS,n,2,291.38,1.77,N,0
38.17528,23.83429,311.86,0.39,0.36,2021-08-06,0012,N,VIIRS,n,2,290.3,1.77,N,0
38.174,23.84304,314.58,0.39,0.36,2021-08-06,0012,N,VIIRS,n,2,292.68,1.45,N,0
38.1727,23.85181,315.7,0.39,0.36,2021-08-06,0012,N,VIIRS,n,2,295.05,1.42,N,0
38.17206,23.85621,315.42,0.39,0.36,2021-08-06,0012,N,VIIRS,n,2,295.25,2.4,N,0
38.40561,22.14205,339.23,0.42,0.38,2021-08-06,0012,N,VIIRS,n,2,294.39,8.62,N,0
38.40502,22.14658,345.43,0.42,0.38,2021-08-06,0012,N,VIIRS,n,2,297.89,8.62,N,0
38.40443,22.15105,349.7,0.42,0.38,2021-08-06,0012,N,VIIRS,n,2,302.27,4.38,N,0
38.40323,22.16014,323.71,0.42,0.38,2021-08-06,0012,N,VIIRS,n,2,297.95,4.12,N,0
38.17969,23.78077,325.54,0.39,0.36,2021-08-06,0012,N,VIIRS,n,2,298.12,3.48,N,0
38.17905,23.78516,367,0.39,0.36,2021-08-06,0012,N,VIIRS,h,2,345.04,87.17,N,0
38.17841,23.78954,353.14,0.39,0.36,2021-08-06,0012,N,VIIRS,n,2,314.93,87.17,N,0
38.17776,23.79393,346.8,0.39,0.36,2021-08-06,0012,N,VIIRS,n,2,306.52,3.35,N,0
38.17712,23.79834,322.9,0.39,0.36,2021-08-06,0012,N,VIIRS,n,2,298.35,3.35,N,0
38.1726,23.82918,320.22,0.39,0.36,2021-08-06,0012,N,VIIRS,n,2,293.68,1.75,N,0
38.17196,23.83356,323.65,0.39,0.36,2021-08-06,0012,N,VIIRS,n,2,294.05,1.75,N,0
38.16874,23.85545,350.19,0.39,0.36,2021-08-06,0012,N,VIIRS,n,2,307.56,34.12,N,0
38.16809,23.85985,367,0.39,0.36,2021-08-06,0012,N,VIIRS,h,2,314.92,34.12,N,0
38.40684,22.13271,303.72,0.43,0.38,2021-08-06,0012,N,VIIRS,n,2,291.67,1.9,N,0
38.40622,22.13745,317.99,0.43,0.38,2021-08-06,0012,N,VIIRS,n,2,292.98,1.9,N,0
38.40384,22.15555,315.28,0.42,0.38,2021-08-06,0012,N,VIIRS,n,2,296.91,4.38,N,0
38.18034,23.77636,312.45,0.39,0.36,2021-08-06,0012,N,VIIRS,n,2,298.13,3.48,N,0
38.17647,23.80278,315.33,0.39,0.36,2021-08-06,0012,N,VIIRS,n,2,294.01,1.25,N,0
38.17582,23.80721,310.24,0.39,0.36,2021-08-06,0012,N,VIIRS,n,2,291.83,1.25,N,0
38.17517,23.81163,310.67,0.39,0.36,2021-08-06,0012,N,VIIRS,n,2,293.09,1.52,N,0
38.17453,23.81604,312.81,0.39,0.36,2021-08-06,0012,N,VIIRS,n,2,293.28,1.52,N,0
38.17388,23.82043,317,0.39,0.36,2021-08-06,0012,N,VIIRS,n,2,294.83,1.59,N,0
38.17324,23.82481,317.15,0.39,0.36,2021-08-06,0012,N,VIIRS,n,2,294.25,1.59,N,0
38.17131,23.83793,313.53,0.39,0.36,2021-08-06,0012,N,VIIRS,n,2,291.73,1.19,N,0
38.17067,23.8423,307.39,0.39,0.36,2021-08-06,0012,N,VIIRS,n,2,292.99,1.19,N,0
38.17003,23.84668,308.77,0.39,0.36,2021-08-06,0012,N,VIIRS,n,2,292.61,3.09,N,0
38.16938,23.85106,316.3,0.39,0.36,2021-08-06,0012,N,VIIRS,n,2,293.67,3.09,N,0
38.40034,22.1551,336.87,0.42,0.38,2021-08-06,0012,N,VIIRS,n,2,297.86,4.38,N,0
38.39974,22.15969,337.51,0.42,0.38,2021-08-06,0012,N,VIIRS,n,2,298.44,4.12,N,0
38.17637,23.77997,323.16,0.39,0.36,2021-08-06,0012,N,VIIRS,n,2,298.75,3.48,N,0
38.17573,23.78435,367,0.39,0.36,2021-08-06,0012,N,VIIRS,h,2,351.2,87.17,N,0
38.17509,23.78872,344.34,0.39,0.36,2021-08-06,0012,N,VIIRS,n,2,316.82,87.17,N,0
38.17444,23.79311,325.93,0.39,0.36,2021-08-06,0012,N,VIIRS,n,2,299.36,3.35,N,0
38.16863,23.8328,320.43,0.39,0.36,2021-08-06,0012,N,VIIRS,n,2,293.51,1.75,N,0
38.16606,23.85031,324.06,0.39,0.36,2021-08-06,0012,N,VIIRS,n,2,295.37,3.09,N,0
38.16541,23.85469,350.16,0.39,0.36,2021-08-06,0012,N,VIIRS,n,2,313.74,34.12,N,0
38.16477,23.85909,341.01,0.39,0.36,2021-08-06,0012,N,VIIRS,n,2,297.41,34.12,N,0
38.40094,22.15052,314.03,0.42,0.38,2021-08-06,0012,N,VIIRS,n,2,295.31,4.38,N,0
38.1738,23.79752,319.06,0.39,0.36,2021-08-06,0012,N,VIIRS,n,2,297.76,3.35,N,0
38.17316,23.80195,312.79,0.39,0.36,2021-08-06,0012,N,VIIRS,n,2,294.29,1.25,N,0
38.17251,23.80638,308.65,0.39,0.36,2021-08-06,0012,N,VIIRS,n,2,293.64,1.25,N,0
38.17186,23.81082,310.05,0.39,0.36,2021-08-06,0012,N,VIIRS,n,2,294.02,1.52,N,0
38.17121,23.81524,310.88,0.39,0.36,2021-08-06,0012,N,VIIRS,n,2,293.82,1.52,N,0
38.17057,23.81964,315.27,0.39,0.36,2021-08-06,0012,N,VIIRS,n,2,294.07,1.59,N,0
38.16992,23.82404,315.11,0.39,0.36,2021-08-06,0012,N,VIIRS,n,2,293.38,1.59,N,0
38.16928,23.82842,317.57,0.39,0.36,2021-08-06,0012,N,VIIRS,n,2,293.35,1.75,N,0
38.16799,23.83718,311.09,0.39,0.36,2021-08-06,0012,N,VIIRS,n,2,292.91,1.19,N,0
38.40287,22.15366,345.05,0.42,0.38,2021-08-06,0012,N,VIIRS,n,2,301.36,4.5,N,0
38.40226,22.15824,341.54,0.42,0.38,2021-08-06,0012,N,VIIRS,n,2,299.62,4.5,N,0
38.17406,23.78159,329.46,0.39,0.36,2021-08-06,0012,N,VIIRS,n,2,298.42,5.93,N,0
38.17342,23.78597,338.64,0.39,0.36,2021-08-06,0012,N,VIIRS,n,2,328.85,29.86,N,0
38.17277,23.79035,339.05,0.39,0.36,2021-08-06,0012,N,VIIRS,n,2,305.31,29.86,N,0
38.16368,23.85196,334.91,0.39,0.36,2021-08-06,0012,N,VIIRS,n,2,309.64,13.96,N,0
38.16303,23.85634,344.9,0.39,0.36,2021-08-06,0012,N,VIIRS,n,2,306.41,11.56,N,0
38.40346,22.14915,313.84,0.42,0.38,2021-08-06,0012,N,VIIRS,n,2,294.83,4.69,N,0
38.1747,23.77722,312.24,0.39,0.36,2021-08-06,0012,N,VIIRS,n,2,298.4,5.93,N,0
38.17212,23.79474,315.53,0.39,0.36,2021-08-06,0012,N,VIIRS,n,2,297.01,2.02,N,0
38.17147,23.79915,311.07,0.39,0.36,2021-08-06,0012,N,VIIRS,n,2,294.97,2.02,N,0
38.16951,23.81245,310.24,0.39,0.36,2021-08-06,0012,N,VIIRS,n,2,294.46,1.66,N,0
38.16886,23.81687,311.94,0.39,0.36,2021-08-06,0012,N,VIIRS,n,2,295.49,1.66,N,0
38.16821,23.82128,314.2,0.39,0.36,2021-08-06,0012,N,VIIRS,n,2,294.88,1.03,N,0
38.16756,23.82567,314.68,0.39,0.36,2021-08-06,0012,N,VIIRS,n,2,293.86,1.03,N,0
38.16691,23.83006,313.42,0.39,0.36,2021-08-06,0012,N,VIIRS,n,2,293.25,1.15,N,0
38.16626,23.83444,314.57,0.39,0.36,2021-08-06,0012,N,VIIRS,n,2,294.18,1.15,N,0
38.16433,23.84757,311.9,0.39,0.36,2021-08-06,0012,N,VIIRS,n,2,296.19,13.96,N,0
38.16238,23.86074,308.78,0.39,0.36,2021-08-06,0012,N,VIIRS,n,2,292,11.56,N,0
38.39875,22.15777,337.95,0.42,0.38,2021-08-06,0012,N,VIIRS,n,2,295.72,4.5,N,0
38.1701,23.78514,334.21,0.39,0.36,2021-08-06,0012,N,VIIRS,n,2,298.37,29.86,N,0
38.16946,23.78953,355.27,0.39,0.36,2021-08-06,0012,N,VIIRS,n,2,320.52,29.86,N,0
38.16881,23.79391,327.6,0.39,0.36,2021-08-06,0012,N,VIIRS,n,2,298.57,2.02,N,0
38.161,23.84681,328.53,0.39,0.36,2021-08-06,0012,N,VIIRS,n,2,298.37,13.96,N,0
38.16036,23.85119,351.84,0.39,0.36,2021-08-06,0012,N,VIIRS,n,2,303.85,13.96,N,0
38.15971,23.85558,336.39,0.39,0.36,2021-08-06,0012,N,VIIRS,n,2,298.42,11.56,N,0
38.39936,22.15317,310.8,0.42,0.38,2021-08-06,0012,N,VIIRS,n,2,294.13,4.5,N,0
38.39815,22.1623,311.71,0.42,0.38,2021-08-06,0012,N,VIIRS,n,2,295.66,3.49,N,0
38.17075,23.78076,312.16,0.39,0.36,2021-08-06,0012,N,VIIRS,n,2,297.59,5.93,N,0
38.16489,23.82047,309.15,0.39,0.36,2021-08-06,0012,N,VIIRS,n,2,294.71,1.03,N,0
38.16424,23.82487,310.98,0.39,0.36,2021-08-06,0012,N,VIIRS,n,2,295.08,1.03,N,0
38.16359,23.82927,310.27,0.39,0.36,2021-08-06,0012,N,VIIRS,n,2,294,1.15,N,0
38.16295,23.83366,316.07,0.39,0.36,2021-08-06,0012,N,VIIRS,n,2,295.58,1.15,N,0
38.1623,23.83805,308.33,0.39,0.36,2021-08-06,0012,N,VIIRS,n,2,294.1,1.62,N,0
38.16165,23.84243,312.97,0.39,0.36,2021-08-06,0012,N,VIIRS,n,2,295.68,1.62,N,0
38.39349,22.1706,329.02,0.42,0.38,2021-08-06,0012,N,VIIRS,n,2,300.84,3.94,N,0
38.15898,23.83725,330.59,0.39,0.36,2021-08-06,0012,N,VIIRS,n,2,298.22,12.79,N,0
38.15833,23.84164,344.26,0.39,0.36,2021-08-06,0012,N,VIIRS,n,2,302.33,12.79,N,0
38.15768,23.84604,321.13,0.39,0.36,2021-08-06,0012,N,VIIRS,n,2,296.81,5.62,N,0
38.15704,23.85043,341.91,0.39,0.36,2021-08-06,0012,N,VIIRS,n,2,298.2,5.62,N,0
38.39465,22.16186,309.87,0.42,0.38,2021-08-06,0012,N,VIIRS,n,2,295.92,1.49,N,0
38.39407,22.16624,309.85,0.42,0.38,2021-08-06,0012,N,VIIRS,n,2,296.68,1.49,N,0
38.16615,23.78869,311.08,0.39,0.36,2021-08-06,0012,N,VIIRS,n,2,297.45,3.34,N,0
38.1655,23.79308,312.92,0.39,0.36,2021-08-06,0012,N,VIIRS,n,2,296.91,1.76,N,0
38.39577,22.12672,328.31,0.43,0.38,2021-08-06,0012,N,VIIRS,n,2,297.51,4.19,N,0
38.38999,22.17017,336.72,0.42,0.38,2021-08-06,0012,N,VIIRS,n,2,300.54,3.94,N,0
38.38941,22.17451,335.5,0.42,0.38,2021-08-06,0012,N,VIIRS,n,2,301.41,3.94,N,0
38.15631,23.83205,323.1,0.39,0.36,2021-08-06,0012,N,VIIRS,n,2,299.12,3.54,N,0
38.15567,23.83645,348.55,0.39,0.36,2021-08-06,0012,N,VIIRS,n,2,308,12.79,N,0
38.3951,22.13176,313.1,0.42,0.38,2021-08-06,0012,N,VIIRS,n,2,296.13,1.74,N,0
38.39056,22.16584,312.03,0.42,0.38,2021-08-06,0012,N,VIIRS,n,2,297.31,1.49,N,0
38.16154,23.79667,309.98,0.39,0.36,2021-08-06,0012,N,VIIRS,n,2,296.08,1.76,N,0
38.15696,23.82765,313.62,0.39,0.36,2021-08-06,0012,N,VIIRS,n,2,297.15,3.54,N,0
38.38649,22.1697,320.4,0.42,0.38,2021-08-06,0012,N,VIIRS,n,2,298.32,2.93,N,0
38.38591,22.17403,336.54,0.42,0.38,2021-08-06,0012,N,VIIRS,n,2,300.26,2.93,N,0
38.38533,22.17842,351.63,0.42,0.38,2021-08-06,0012,N,VIIRS,n,2,304.41,17.85,N,0
38.1543,23.82244,327.98,0.39,0.36,2021-08-06,0012,N,VIIRS,n,2,296.25,4.72,N,0
38.15365,23.82684,348.57,0.39,0.36,2021-08-06,0012,N,VIIRS,n,2,305.25,20.43,N,0
38.153,23.83124,353.22,0.39,0.36,2021-08-06,0012,N,VIIRS,n,2,310.46,20.43,N,0
38.15236,23.83564,328.87,0.39,0.36,2021-08-06,0012,N,VIIRS,n,2,296.01,4.53,N,0
38.39237,22.12557,311.76,0.43,0.38,2021-08-06,0012,N,VIIRS,n,2,296.78,1.86,N,0
38.3917,22.13056,311.56,0.42,0.38,2021-08-06,0012,N,VIIRS,n,2,295.99,1.85,N,0
38.38766,22.16084,312.81,0.42,0.38,2021-08-06,0012,N,VIIRS,n,2,295.14,1.52,N,0
38.38706,22.16536,310.59,0.42,0.38,2021-08-06,0012,N,VIIRS,n,2,295.98,1.52,N,0
38.38473,22.18295,315.2,0.42,0.38,2021-08-06,0012,N,VIIRS,n,2,299.48,17.85,N,0
38.38412,22.18756,317.56,0.42,0.38,2021-08-06,0012,N,VIIRS,n,2,299.25,22.08,N,0
38.38349,22.19225,314.73,0.42,0.38,2021-08-06,0012,N,VIIRS,n,2,299.43,22.08,N,0
38.38286,22.19698,312.66,0.42,0.38,2021-08-06,0012,N,VIIRS,n,2,299.64,3.05,N,0
38.15757,23.80029,311.27,0.39,0.36,2021-08-06,0012,N,VIIRS,n,2,295.81,2.28,N,0
38.38422,22.15992,322.02,0.42,0.38,2021-08-06,0012,N,VIIRS,n,2,295.08,1.52,N,0
38.38241,22.17358,321.34,0.42,0.38,2021-08-06,0012,N,VIIRS,n,2,298.15,2.93,N,0
38.38182,22.17803,344.4,0.42,0.38,2021-08-06,0012,N,VIIRS,n,2,302.42,17.85,N,0
38.38123,22.1825,352.63,0.42,0.38,2021-08-06,0012,N,VIIRS,n,2,317.41,17.85,N,0
38.38063,22.18699,332,0.42,0.38,2021-08-06,0012,N,VIIRS,n,2,317.93,22.08,N,0
38.38003,22.19152,346.96,0.42,0.38,2021-08-06,0012,N,VIIRS,n,2,306.83,22.08,N,0
38.37942,22.19615,320.98,0.42,0.38,2021-08-06,0012,N,VIIRS,n,2,299.88,3.05,N,0
38.15099,23.82163,341.51,0.39,0.36,2021-08-06,0012,N,VIIRS,n,2,301.09,4.72,N,0
38.15034,23.82603,337.93,0.39,0.36,2021-08-06,0012,N,VIIRS,n,2,307.13,20.43,N,0
38.38895,22.12446,314.34,0.43,0.38,2021-08-06,0012,N,VIIRS,n,2,297.97,1.86,N,0
38.38758,22.13475,314.06,0.42,0.38,2021-08-06,0012,N,VIIRS,n,2,296.65,1.85,N,0
38.38486,22.15517,313,0.42,0.38,2021-08-06,0012,N,VIIRS,n,2,294.28,2.74,N,0
38.38361,22.16455,313,0.42,0.38,2021-08-06,0012,N,VIIRS,n,2,294.9,1.52,N,0
38.38301,22.16909,318,0.42,0.38,2021-08-06,0012,N,VIIRS,n,2,296.16,2.93,N,0
38.14969,23.83044,316.97,0.39,0.36,2021-08-06,0012,N,VIIRS,n,2,295.39,20.43,N,0
38.38485,22.12849,333.42,0.42,0.38,2021-08-06,0012,N,VIIRS,n,2,300,14,N,0
38.38416,22.13364,330.98,0.42,0.38,2021-08-06,0012,N,VIIRS,n,2,299.98,14,N,0
38.38279,22.14398,354.07,0.42,0.38,2021-08-06,0012,N,VIIRS,n,2,308.77,12.03,N,0
38.38212,22.14899,333.31,0.42,0.38,2021-08-06,0012,N,VIIRS,n,2,301.42,11.39,N,0
38.38017,22.16363,327.01,0.42,0.38,2021-08-06,0012,N,VIIRS,n,2,296.85,50.2,N,0
38.37954,22.16841,346.62,0.42,0.38,2021-08-06,0012,N,VIIRS,n,2,302.86,43.6,N,0
38.37892,22.17307,352.54,0.42,0.38,2021-08-06,0012,N,VIIRS,n,2,311.64,43.6,N,0
38.37832,22.17759,337.01,0.42,0.38,2021-08-06,0012,N,VIIRS,n,2,305.15,10.87,N,0
38.37774,22.18201,329.48,0.42,0.38,2021-08-06,0012,N,VIIRS,n,2,300.96,10.87,N,0
38.37716,22.18638,329.29,0.42,0.38,2021-08-06,0012,N,VIIRS,n,2,300.83,43.39,N,0
38.37656,22.19082,338.6,0.42,0.38,2021-08-06,0012,N,VIIRS,n,2,332.21,43.39,N,0
38.37595,22.19542,330.72,0.42,0.38,2021-08-06,0012,N,VIIRS,n,2,315.28,20.25,N,0
38.14832,23.81641,339.85,0.39,0.36,2021-08-06,0012,N,VIIRS,n,2,309.61,19.06,N,0
38.14767,23.82082,347.48,0.39,0.36,2021-08-06,0012,N,VIIRS,n,2,305.41,19.06,N,0
38.38616,22.11865,319.63,0.43,0.38,2021-08-06,0012,N,VIIRS,n,2,296.86,2.01,N,0
38.38553,22.12337,313.01,0.43,0.38,2021-08-06,0012,N,VIIRS,n,2,297.95,2.01,N,0
38.38347,22.13886,317.97,0.42,0.38,2021-08-06,0012,N,VIIRS,n,2,297.31,12.03,N,0
38.38146,22.15396,312.95,0.42,0.38,2021-08-06,0012,N,VIIRS,n,2,295.59,11.39,N,0
38.38081,22.15882,318.68,0.42,0.38,2021-08-06,0012,N,VIIRS,n,2,296.15,50.2,N,0
38.37534,22.20005,314.27,0.42,0.38,2021-08-06,0012,N,VIIRS,n,2,299.98,20.25,N,0
38.38334,22.11301,323.62,0.43,0.38,2021-08-06,0012,N,VIIRS,n,2,296.54,3.79,N,0
38.38074,22.13259,339.69,0.42,0.38,2021-08-06,0012,N,VIIRS,n,2,313.78,14,N,0
38.38004,22.13788,344.44,0.42,0.38,2021-08-06,0012,N,VIIRS,n,2,304.04,12.03,N,0
38.37938,22.14285,354.78,0.42,0.38,2021-08-06,0012,N,VIIRS,n,2,301.11,12.03,N,0
38.37872,22.14782,335.42,0.42,0.38,2021-08-06,0012,N,VIIRS,n,2,298.7,11.39,N,0
38.37806,22.15278,367,0.42,0.38,2021-08-06,0012,N,VIIRS,h,2,311.67,11.39,N,0
38.3774,22.15775,353.25,0.42,0.38,2021-08-06,0012,N,VIIRS,n,2,329.34,50.2,N,0
38.37674,22.16269,367,0.42,0.38,2021-08-06,0012,N,VIIRS,h,2,350.91,50.2,N,0
38.37609,22.1676,367,0.42,0.38,2021-08-06,0012,N,VIIRS,h,2,329.07,43.6,N,0
38.37545,22.17234,349.42,0.42,0.38,2021-08-06,0012,N,VIIRS,n,2,318.22,43.6,N,0
38.37485,22.17692,367,0.42,0.38,2021-08-06,0012,N,VIIRS,h,2,316.85,10.87,N,0
38.37426,22.18136,357.43,0.42,0.38,2021-08-06,0012,N,VIIRS,n,2,312.26,10.87,N,0
38.37368,22.18572,353.93,0.42,0.38,2021-08-06,0012,N,VIIRS,n,2,306.25,43.39,N,0
38.3731,22.19015,352.23,0.42,0.38,2021-08-06,0012,N,VIIRS,n,2,313.65,43.39,N,0
38.37249,22.19472,356.6,0.42,0.38,2021-08-06,0012,N,VIIRS,n,2,306.47,20.25,N,0
38.37188,22.19927,339.79,0.42,0.38,2021-08-06,0012,N,VIIRS,n,2,303.15,20.25,N,0
38.14566,23.81116,345.96,0.39,0.36,2021-08-06,0012,N,VIIRS,n,2,304.97,5.86,N,0
38.14501,23.81559,353.63,0.39,0.36,2021-08-06,0012,N,VIIRS,n,2,319.75,19.06,N,0
38.38272,22.11767,317.95,0.43,0.38,2021-08-06,0012,N,VIIRS,n,2,296.92,2.01,N,0
38.38142,22.12749,317.16,0.42,0.38,2021-08-06,0012,N,VIIRS,n,2,297.76,14,N,0
38.14632,23.80672,311.37,0.39,0.36,2021-08-06,0012,N,VIIRS,n,2,296.64,5.86,N,0
38.14436,23.82001,310.04,0.39,0.36,2021-08-06,0012,N,VIIRS,n,2,293.68,19.06,N,0
38.37989,22.11209,321.6,0.43,0.38,2021-08-06,0012,N,VIIRS,n,2,297.03,3.43,N,0
38.37729,22.13171,345.76,0.42,0.38,2021-08-06,0012,N,VIIRS,n,2,298.11,16.71,N,0
38.37662,22.13682,349.05,0.42,0.38,2021-08-06,0012,N,VIIRS,n,2,304.04,16.26,N,0
38.37463,22.15175,344.32,0.42,0.38,2021-08-06,0012,N,VIIRS,n,2,301.21,16.92,N,0
38.37397,22.15674,350.96,0.42,0.38,2021-08-06,0012,N,VIIRS,n,2,306.79,29.46,N,0
38.3733,22.16177,347.69,0.42,0.38,2021-08-06,0012,N,VIIRS,n,2,305.04,29.46,N,0
38.37264,22.16676,336.39,0.42,0.38,2021-08-06,0012,N,VIIRS,n,2,296.21,5.83,N,0
38.37138,22.17624,353.21,0.42,0.38,2021-08-06,0012,N,VIIRS,n,2,306.23,23.69,N,0
38.37079,22.18072,339.59,0.42,0.38,2021-08-06,0012,N,VIIRS,n,2,299.81,23.69,N,0
38.3702,22.18512,331.68,0.42,0.38,2021-08-06,0012,N,VIIRS,n,2,299.45,14.04,N,0
38.36962,22.18954,355.35,0.42,0.38,2021-08-06,0012,N,VIIRS,n,2,314.93,14.04,N,0
38.36905,22.19381,355.26,0.42,0.38,2021-08-06,0012,N,VIIRS,n,2,302.81,12.41,N,0
38.36842,22.19853,343.65,0.42,0.38,2021-08-06,0012,N,VIIRS,n,2,302.07,12.41,N,0
38.143,23.80591,335.64,0.39,0.36,2021-08-06,0012,N,VIIRS,n,2,296.92,8.43,N,0
38.14235,23.81034,351.43,0.39,0.36,2021-08-06,0012,N,VIIRS,n,2,300.41,8.43,N,0
38.1417,23.81476,333.24,0.39,0.36,2021-08-06,0012,N,VIIRS,n,2,294.47,4.93,N,0
38.37529,22.14681,308.61,0.42,0.38,2021-08-06,0012,N,VIIRS,n,2,296.26,16.92,N,0
38.372,22.1716,316.03,0.42,0.38,2021-08-06,0012,N,VIIRS,n,2,295.33,5.83,N,0
38.36613,22.18898,320.54,0.42,0.38,2021-08-06,0012,N,VIIRS,n,2,298.4,14.04,N,0
38.13708,23.82279,335.49,0.39,0.36,2021-08-06,0012,N,VIIRS,n,2,297.21,4.37,N,0
38.37055,22.15569,311.1,0.42,0.38,2021-08-06,0012,N,VIIRS,n,2,296.54,29.46,N,0
38.36988,22.1608,311.35,0.42,0.38,2021-08-06,0012,N,VIIRS,n,2,295.84,29.46,N,0
38.36921,22.16583,308.72,0.42,0.38,2021-08-06,0012,N,VIIRS,n,2,295.29,5.83,N,0
38.13376,23.82198,320.76,0.39,0.36,2021-08-06,0012,N,VIIRS,n,2,298.68,3.63,N,0
38.1311,23.81674,306.98,0.39,0.36,2021-08-06,0012,N,VIIRS,n,2,294.56,1.19,N,0
38.12648,23.82479,325.79,0.39,0.36,2021-08-06,0012,N,VIIRS,n,2,296.89,3.76,N,0
38.12382,23.81956,341.65,0.39,0.36,2021-08-06,0012,N,VIIRS,n,2,297.44,3.76,N,0
38.12317,23.82398,329.75,0.39,0.36,2021-08-06,0012,N,VIIRS,n,2,293.64,3.76,N,0
38.12447,23.81513,308.29,0.39,0.36,2021-08-06,0012,N,VIIRS,n,2,293.69,1.28,N,0
38.12872,23.52601,320.42,0.39,0.36,2021-08-06,0012,N,VIIRS,n,2,297.81,2.05,N,2
37.72366,21.69233,304.05,0.43,0.38,2021-08-06,0012,N,VIIRS,n,2,292.4,3.49,N,0
37.72465,21.65647,341.45,0.43,0.38,2021-08-06,0012,N,VIIRS,n,2,296.41,4.36,N,0
37.724,21.66156,338.72,0.43,0.38,2021-08-06,0012,N,VIIRS,n,2,295.51,4.36,N,0
37.72015,21.69166,353.74,0.43,0.38,2021-08-06,0012,N,VIIRS,n,2,297.28,3.49,N,0
37.72079,21.68673,307.36,0.43,0.38,2021-08-06,0012,N,VIIRS,n,2,293.64,3.49,N,0
37.71952,21.69659,312.49,0.43,0.38,2021-08-06,0012,N,VIIRS,n,2,293.32,2.19,N,0
37.72244,21.64564,331.08,0.43,0.38,2021-08-06,0012,N,VIIRS,n,2,296.95,5.51,N,0
37.72178,21.65082,340.07,0.43,0.38,2021-08-06,0012,N,VIIRS,n,2,297.76,5.51,N,0
37.72113,21.65596,349.94,0.43,0.38,2021-08-06,0012,N,VIIRS,n,2,298.11,4.27,N,0
37.72047,21.66109,335.49,0.43,0.38,2021-08-06,0012,N,VIIRS,n,2,294.85,4.27,N,0
37.71856,21.67606,342.96,0.43,0.38,2021-08-06,0012,N,VIIRS,n,2,300.12,7.27,N,0
37.71665,21.69098,328.65,0.43,0.38,2021-08-06,0012,N,VIIRS,n,2,295.79,3.21,N,0
37.71476,21.70577,320.4,0.43,0.38,2021-08-06,0012,N,VIIRS,n,2,293.2,1.09,N,0
37.71792,21.68105,306.33,0.43,0.38,2021-08-06,0012,N,VIIRS,n,2,294.23,7.27,N,0
37.71729,21.68603,316.87,0.43,0.38,2021-08-06,0012,N,VIIRS,n,2,296.15,3.21,N,0
37.71539,21.70084,309.65,0.43,0.38,2021-08-06,0012,N,VIIRS,n,2,293.75,3.75,N,0
37.71892,21.64504,331.39,0.43,0.38,2021-08-06,0012,N,VIIRS,n,2,296.95,5.51,N,0
37.71826,21.65025,339.97,0.43,0.38,2021-08-06,0012,N,VIIRS,n,2,299.46,5.51,N,0
37.71761,21.65541,326.3,0.43,0.38,2021-08-06,0012,N,VIIRS,n,2,296.29,4.27,N,0
37.7253,21.59483,309.64,0.44,0.38,2021-08-06,0012,N,VIIRS,n,2,292.4,0.46,N,0
37.71957,21.63995,308.76,0.43,0.38,2021-08-06,0012,N,VIIRS,n,2,294.69,1.7,N,0
37.71697,21.66042,313.71,0.43,0.38,2021-08-06,0012,N,VIIRS,n,2,293.44,4.27,N,0
37.71126,21.70505,307.22,0.43,0.38,2021-08-06,0012,N,VIIRS,n,2,292.81,1.09,N,0
37.72178,21.59417,339.45,0.44,0.38,2021-08-06,0012,N,VIIRS,n,2,296.28,7.38,N,0
37.71605,21.63937,331.78,0.43,0.38,2021-08-06,0012,N,VIIRS,n,2,296.16,5.36,N,0
37.71474,21.64964,321.8,0.43,0.38,2021-08-06,0012,N,VIIRS,n,2,295.5,2.25,N,0
37.71408,21.65486,330.81,0.43,0.38,2021-08-06,0012,N,VIIRS,n,2,294.67,3.63,N,0
37.70463,21.72876,332.36,0.43,0.38,2021-08-06,0012,N,VIIRS,n,2,298.54,11.17,N,0
37.70401,21.73363,330.76,0.43,0.38,2021-08-06,0012,N,VIIRS,n,2,293.8,10.86,N,0
37.72305,21.58419,314.87,0.44,0.38,2021-08-06,0012,N,VIIRS,n,2,293.95,2.26,N,0
37.72242,21.58916,316.51,0.44,0.38,2021-08-06,0012,N,VIIRS,n,2,293.11,2.26,N,0
37.71541,21.64442,319.68,0.43,0.38,2021-08-06,0012,N,VIIRS,n,2,294.91,2.25,N,0
37.70777,21.7043,311.74,0.43,0.38,2021-08-06,0012,N,VIIRS,n,2,292.21,1.52,N,0
37.70588,21.71902,303.95,0.43,0.38,2021-08-06,0012,N,VIIRS,n,2,292.86,1.81,N,0
37.70116,21.7279,326.66,0.43,0.38,2021-08-06,0012,N,VIIRS,n,2,294.41,11.17,N,0
37.70053,21.73277,345.65,0.43,0.38,2021-08-06,0012,N,VIIRS,n,2,303.13,10.86,N,0
37.71954,21.58347,307.83,0.44,0.38,2021-08-06,0012,N,VIIRS,n,2,294.33,2.26,N,0
37.72256,21.59274,346.82,0.44,0.38,2021-08-06,0013,N,VIIRS,n,2,297.48,6.65,N,0
36.75416,22.43829,352.49,0.41,0.37,2021-08-06,0013,N,VIIRS,n,2,313.32,6.51,N,0
36.75477,22.43395,339.01,0.41,0.37,2021-08-06,0013,N,VIIRS,n,2,310.18,6.51,N,0
36.75536,22.42963,335.55,0.41,0.37,2021-08-06,0013,N,VIIRS,n,2,307.95,4.34,N,0
36.75598,22.42522,329.96,0.41,0.37,2021-08-06,0013,N,VIIRS,n,2,304.32,4.34,N,0
36.75659,22.42079,327.26,0.41,0.37,2021-08-06,0013,N,VIIRS,n,2,307.9,4.25,N,0
36.75719,22.41649,336.7,0.41,0.37,2021-08-06,0013,N,VIIRS,n,2,313.19,4.25,N,0
36.75779,22.41217,343.64,0.41,0.37,2021-08-06,0013,N,VIIRS,n,2,314.52,6.54,N,0
36.7532,22.47049,313.6,0.41,0.37,2021-08-06,0013,N,VIIRS,n,2,298.85,3.64,N,0
36.75999,22.42145,317.73,0.41,0.37,2021-08-06,0013,N,VIIRS,n,2,301.38,1.78,N,0
36.75382,22.46595,324.3,0.41,0.37,2021-08-06,0013,N,VIIRS,n,2,299.66,132.2,N,0
36.75445,22.46145,341.04,0.41,0.37,2021-08-06,0013,N,VIIRS,n,2,301.64,132.2,N,0
36.75507,22.45698,346.75,0.41,0.37,2021-08-06,0013,N,VIIRS,n,2,303.61,49.94,N,0
36.75569,22.4525,349.85,0.41,0.37,2021-08-06,0013,N,VIIRS,n,2,306.31,49.94,N,0
36.75631,22.44802,339.96,0.41,0.37,2021-08-06,0013,N,VIIRS,n,2,319.81,35.92,N,0
36.75693,22.44353,367,0.41,0.37,2021-08-06,0013,N,VIIRS,h,2,312.48,35.92,N,0
36.75755,22.43905,353.46,0.41,0.37,2021-08-06,0013,N,VIIRS,n,2,313.42,7.84,N,0
36.75816,22.43467,349.02,0.41,0.37,2021-08-06,0013,N,VIIRS,n,2,311.46,7.84,N,0
36.75876,22.43033,343.47,0.41,0.37,2021-08-06,0013,N,VIIRS,n,2,310.07,4.31,N,0
36.75937,22.42591,327.27,0.41,0.37,2021-08-06,0013,N,VIIRS,n,2,306.92,4.31,N,0
36.7606,22.41705,322.29,0.41,0.37,2021-08-06,0013,N,VIIRS,n,2,304.04,1.78,N,0
36.76121,22.41265,336.72,0.41,0.37,2021-08-06,0013,N,VIIRS,n,2,307.57,4.67,N,0
36.75657,22.47128,317.46,0.41,0.37,2021-08-06,0013,N,VIIRS,n,2,299.24,3.64,N,0
36.76277,22.42662,315.34,0.41,0.37,2021-08-06,0013,N,VIIRS,n,2,301.75,4.31,N,0
36.76339,22.42215,314.8,0.41,0.37,2021-08-06,0013,N,VIIRS,n,2,299.45,1.78,N,0
36.764,22.41774,313.96,0.41,0.37,2021-08-06,0013,N,VIIRS,n,2,299.69,1.78,N,0
36.75721,22.46674,339.41,0.41,0.37,2021-08-06,0013,N,VIIRS,n,2,302.51,132.2,N,0
36.75845,22.45773,367,0.41,0.37,2021-08-06,0013,N,VIIRS,h,2,348.67,49.94,N,0
36.75908,22.45324,351.22,0.41,0.37,2021-08-06,0013,N,VIIRS,n,2,333.97,49.94,N,0
36.75969,22.44878,353.84,0.41,0.37,2021-08-06,0013,N,VIIRS,n,2,322.7,35.92,N,0
36.76031,22.44432,354.78,0.41,0.37,2021-08-06,0013,N,VIIRS,n,2,323.21,35.92,N,0
36.76094,22.43983,349.32,0.41,0.37,2021-08-06,0013,N,VIIRS,n,2,308.91,7.84,N,0
36.76155,22.4354,350.44,0.41,0.37,2021-08-06,0013,N,VIIRS,n,2,308.73,7.84,N,0
36.76215,22.43104,337.37,0.41,0.37,2021-08-06,0013,N,VIIRS,n,2,305.98,4.31,N,0
36.76521,22.40898,326.6,0.41,0.37,2021-08-06,0013,N,VIIRS,n,2,302.14,4.67,N,0
36.75996,22.47206,315.18,0.41,0.37,2021-08-06,0013,N,VIIRS,n,2,298.83,2.64,N,0
36.76738,22.4185,314.12,0.41,0.37,2021-08-06,0013,N,VIIRS,n,2,298.44,2.34,N,0
36.76058,22.46753,335.69,0.41,0.37,2021-08-06,0013,N,VIIRS,n,2,301.04,60.33,N,0
36.76184,22.4585,367,0.41,0.37,2021-08-06,0013,N,VIIRS,h,2,357.48,83.42,N,0
36.76246,22.45398,352.93,0.41,0.37,2021-08-06,0013,N,VIIRS,n,2,338.59,83.42,N,0
36.76308,22.44954,367,0.41,0.37,2021-08-06,0013,N,VIIRS,h,2,315.61,41.77,N,0
36.76369,22.44511,351.1,0.41,0.37,2021-08-06,0013,N,VIIRS,n,2,313.09,41.77,N,0
36.76431,22.44065,353.43,0.41,0.37,2021-08-06,0013,N,VIIRS,n,2,312.43,13.54,N,0
36.76492,22.43623,350.13,0.41,0.37,2021-08-06,0013,N,VIIRS,n,2,306.68,13.54,N,0
36.76554,22.4318,346.46,0.41,0.37,2021-08-06,0013,N,VIIRS,n,2,311.41,6.52,N,0
36.76616,22.42735,327.79,0.41,0.37,2021-08-06,0013,N,VIIRS,n,2,307.08,6.52,N,0
36.76334,22.47281,311.91,0.41,0.37,2021-08-06,0013,N,VIIRS,n,2,298.72,2.64,N,0
36.77016,22.42364,318.63,0.41,0.37,2021-08-06,0013,N,VIIRS,n,2,300.91,2.34,N,0
36.77077,22.41925,318.76,0.41,0.37,2021-08-06,0013,N,VIIRS,n,2,299.18,2.34,N,0
36.7732,22.40171,319.66,0.41,0.37,2021-08-06,0013,N,VIIRS,n,2,299.95,5.25,N,0
36.76397,22.4683,321.31,0.41,0.37,2021-08-06,0013,N,VIIRS,n,2,298.4,60.33,N,0
36.76459,22.4638,348.11,0.41,0.37,2021-08-06,0013,N,VIIRS,n,2,306.78,60.33,N,0
36.76522,22.45927,343.84,0.41,0.37,2021-08-06,0013,N,VIIRS,n,2,337.54,83.42,N,0
36.76585,22.45475,367,0.41,0.37,2021-08-06,0013,N,VIIRS,h,2,355.35,83.42,N,0
36.76646,22.45031,367,0.41,0.37,2021-08-06,0013,N,VIIRS,h,2,345.76,41.77,N,0
36.76708,22.44589,367,0.41,0.37,2021-08-06,0013,N,VIIRS,h,2,319.93,41.77,N,0
36.76769,22.4415,367,0.41,0.37,2021-08-06,0013,N,VIIRS,h,2,315.62,13.54,N,0
36.7683,22.43712,355.57,0.41,0.37,2021-08-06,0013,N,VIIRS,n,2,313.09,13.54,N,0
36.76892,22.43261,354.23,0.41,0.37,2021-08-06,0013,N,VIIRS,n,2,309.82,6.52,N,0
36.76955,22.42806,334.25,0.41,0.37,2021-08-06,0013,N,VIIRS,n,2,307.69,6.52,N,0
36.76736,22.46903,313.01,0.41,0.37,2021-08-06,0013,N,VIIRS,n,2,298.42,1.94,N,0
36.76798,22.46454,322.47,0.41,0.37,2021-08-06,0013,N,VIIRS,n,2,299,1.94,N,0
36.7686,22.46004,344.63,0.41,0.37,2021-08-06,0013,N,VIIRS,n,2,307.85,19.09,N,0
36.76923,22.45554,344.68,0.41,0.37,2021-08-06,0013,N,VIIRS,n,2,321.94,19.09,N,0
36.76985,22.45109,351.86,0.41,0.37,2021-08-06,0013,N,VIIRS,n,2,319.39,21.77,N,0
36.77046,22.44666,355.03,0.41,0.37,2021-08-06,0013,N,VIIRS,n,2,326.01,21.77,N,0
36.77107,22.44231,355.21,0.41,0.37,2021-08-06,0013,N,VIIRS,n,2,321.47,21.86,N,0
36.77167,22.43799,367,0.41,0.37,2021-08-06,0013,N,VIIRS,h,2,314.81,21.86,N,0
36.7723,22.43346,353.38,0.41,0.37,2021-08-06,0013,N,VIIRS,n,2,307.11,15.07,N,0
36.77293,22.42889,353.14,0.41,0.37,2021-08-06,0013,N,VIIRS,n,2,312.99,15.07,N,0
36.77355,22.42443,333.25,0.41,0.37,2021-08-06,0013,N,VIIRS,n,2,307.86,6.11,N,0
36.77416,22.42001,327.71,0.41,0.37,2021-08-06,0013,N,VIIRS,n,2,302.99,6.11,N,0
36.77659,22.40254,327.67,0.41,0.37,2021-08-06,0013,N,VIIRS,n,2,301.7,7.15,N,0
36.77721,22.39808,328.54,0.41,0.37,2021-08-06,0013,N,VIIRS,n,2,299.26,26.06,N,0
36.77137,22.46528,312.88,0.41,0.37,2021-08-06,0013,N,VIIRS,n,2,299.1,1.94,N,0
36.77199,22.4608,316.36,0.41,0.37,2021-08-06,0013,N,VIIRS,n,2,298.52,19.09,N,0
36.77816,22.41633,317.85,0.41,0.37,2021-08-06,0013,N,VIIRS,n,2,302.11,6.32,N,0
36.77261,22.45633,322.17,0.41,0.37,2021-08-06,0013,N,VIIRS,n,2,299.89,19.09,N,0
36.77323,22.45189,322.56,0.41,0.37,2021-08-06,0013,N,VIIRS,n,2,301.27,21.77,N,0
36.77384,22.44749,339.34,0.41,0.37,2021-08-06,0013,N,VIIRS,n,2,303.26,21.77,N,0
36.77444,22.44313,350.75,0.41,0.37,2021-08-06,0013,N,VIIRS,n,2,307.06,21.86,N,0
36.77505,22.43879,349,0.41,0.37,2021-08-06,0013,N,VIIRS,n,2,306.95,21.86,N,0
36.77567,22.43432,367,0.41,0.37,2021-08-06,0013,N,VIIRS,h,2,317.44,15.07,N,0
36.7763,22.42978,356.57,0.41,0.37,2021-08-06,0013,N,VIIRS,n,2,311.23,15.07,N,0
36.77692,22.42526,355.61,0.41,0.37,2021-08-06,0013,N,VIIRS,n,2,313.34,6.11,N,0
36.77755,22.42075,346.71,0.41,0.37,2021-08-06,0013,N,VIIRS,n,2,307.26,6.11,N,0
36.78058,22.39896,349.26,0.41,0.37,2021-08-06,0013,N,VIIRS,n,2,314.48,26.06,N,0
36.78119,22.39456,336.99,0.41,0.37,2021-08-06,0013,N,VIIRS,n,2,311.49,26.06,N,0
36.77782,22.44397,315.53,0.41,0.37,2021-08-06,0013,N,VIIRS,n,2,301.03,15.39,N,0
36.77843,22.4396,335.24,0.41,0.37,2021-08-06,0013,N,VIIRS,n,2,302.71,15.39,N,0
36.77905,22.43517,353.97,0.41,0.37,2021-08-06,0013,N,VIIRS,n,2,322.29,20.95,N,0
36.77967,22.43067,355.5,0.41,0.37,2021-08-06,0013,N,VIIRS,n,2,313.63,20.95,N,0
36.7803,22.42614,354.93,0.41,0.37,2021-08-06,0013,N,VIIRS,n,2,315.45,21.78,N,0
36.78093,22.4216,349.08,0.41,0.37,2021-08-06,0013,N,VIIRS,n,2,310.52,21.78,N,0
36.78454,22.39561,338.39,0.41,0.37,2021-08-06,0013,N,VIIRS,n,2,302.54,13.11,N,0
36.78119,22.44486,356.85,0.41,0.37,2021-08-06,0013,N,VIIRS,n,2,308.04,15.39,N,0
36.7818,22.44045,348.01,0.41,0.37,2021-08-06,0013,N,VIIRS,n,2,323.98,15.39,N,0
36.78242,22.43601,349.73,0.41,0.37,2021-08-06,0013,N,VIIRS,n,2,323.84,20.95,N,0
36.78304,22.43156,338.95,0.41,0.37,2021-08-06,0013,N,VIIRS,n,2,306.59,20.95,N,0
36.78366,22.42706,338.19,0.41,0.37,2021-08-06,0013,N,VIIRS,n,2,309.6,21.78,N,0
36.7843,22.42249,329.75,0.41,0.37,2021-08-06,0013,N,VIIRS,n,2,321.95,21.78,N,0
36.78641,22.43242,313.77,0.41,0.37,2021-08-06,0013,N,VIIRS,n,2,299.42,5.53,N,0
36.78703,22.42798,318.58,0.41,0.37,2021-08-06,0013,N,VIIRS,n,2,300.99,3.72,N,0
36.78397,22.44997,328.76,0.41,0.37,2021-08-06,0013,N,VIIRS,n,2,302.28,7.88,N,0
36.78455,22.44578,367,0.41,0.37,2021-08-06,0013,N,VIIRS,h,2,323.78,9.79,N,0
36.78517,22.44132,344.67,0.41,0.37,2021-08-06,0013,N,VIIRS,n,2,309.21,9.79,N,0
36.7858,22.43683,353.73,0.41,0.37,2021-08-06,0013,N,VIIRS,n,2,311.34,5.53,N,0
36.78766,22.4234,322.55,0.41,0.37,2021-08-06,0013,N,VIIRS,n,2,300.57,3.72,N,0
36.78917,22.43765,313.39,0.41,0.37,2021-08-06,0013,N,VIIRS,n,2,300.03,5.53,N,0
36.78793,22.4466,343.63,0.41,0.37,2021-08-06,0013,N,VIIRS,n,2,306.21,9.79,N,0
36.78855,22.44215,333.03,0.41,0.37,2021-08-06,0013,N,VIIRS,n,2,305.99,9.79,N,0
36.79194,22.4429,317.18,0.41,0.37,2021-08-06,0013,N,VIIRS,n,2,300.43,4.31,N,0
36.79378,22.42965,317.93,0.41,0.37,2021-08-06,0013,N,VIIRS,n,2,298.91,4.73,N,0
36.79256,22.43845,337.68,0.41,0.37,2021-08-06,0013,N,VIIRS,n,2,302.15,25.28,N,0
36.79317,22.43406,351.37,0.41,0.37,2021-08-06,0013,N,VIIRS,n,2,320.74,25.28,N,0
36.79533,22.4436,332.27,0.41,0.37,2021-08-06,0013,N,VIIRS,n,2,300.89,4.31,N,0
36.79594,22.43921,367,0.41,0.37,2021-08-06,0013,N,VIIRS,h,2,311.45,25.28,N,0
36.79655,22.43481,352.92,0.41,0.37,2021-08-06,0013,N,VIIRS,n,2,316.38,25.28,N,0
36.79717,22.43038,324.49,0.41,0.37,2021-08-06,0013,N,VIIRS,n,2,302.7,4.73,N,0
36.79843,22.42132,320.6,0.41,0.37,2021-08-06,0013,N,VIIRS,n,2,297.07,5.92,N,0
36.79873,22.44426,319.68,0.41,0.37,2021-08-06,0013,N,VIIRS,n,2,300.75,5.16,N,0
36.79933,22.43991,329.4,0.41,0.37,2021-08-06,0013,N,VIIRS,n,2,302.4,10.61,N,0
36.79994,22.43553,346.44,0.41,0.37,2021-08-06,0013,N,VIIRS,n,2,311.92,10.61,N,0
36.80334,22.43621,335.16,0.41,0.37,2021-08-06,0013,N,VIIRS,n,2,302.5,10.61,N,0
36.80461,22.42708,337.19,0.41,0.37,2021-08-06,0013,N,VIIRS,n,2,301.32,11.69,N,0
36.80525,22.42246,333.16,0.41,0.37,2021-08-06,0013,N,VIIRS,n,2,301.16,8.69,N,0
36.80802,22.42765,315.69,0.41,0.37,2021-08-06,0013,N,VIIRS,n,2,300.04,5.75,N,0
36.80867,22.42301,328.6,0.41,0.37,2021-08-06,0013,N,VIIRS,n,2,301.37,6.85,N,0
37.00497,21.80254,307.27,0.42,0.38,2021-08-06,0013,N,VIIRS,n,2,295.17,1.99,N,0
37.00905,21.79863,305.92,0.42,0.38,2021-08-06,0013,N,VIIRS,n,2,295.16,1.19,N,0
37.01313,21.79473,311.56,0.42,0.38,2021-08-06,0013,N,VIIRS,n,2,296.06,2.18,N,0
37.0166,21.79537,316.25,0.42,0.38,2021-08-06,0013,N,VIIRS,n,2,297.39,1.72,N,0
37.01722,21.79075,309.39,0.42,0.38,2021-08-06,0013,N,VIIRS,n,2,295.43,1.72,N,0
37.02069,21.79138,322.16,0.42,0.38,2021-08-06,0013,N,VIIRS,n,2,296.04,1.72,N,0
37.3104,21.96331,311.07,0.42,0.38,2021-08-06,0013,N,VIIRS,n,2,295.97,1.5,N,0
37.31103,21.95855,308.78,0.42,0.38,2021-08-06,0013,N,VIIRS,n,2,295.7,1.5,N,0
37.30457,22.00673,332.87,0.42,0.38,2021-08-06,0013,N,VIIRS,n,2,295.37,3.1,N,0
37.30613,22.02145,307.96,0.42,0.38,2021-08-06,0013,N,VIIRS,n,2,293.79,3.55,N,0
37.30799,22.00764,306.87,0.42,0.38,2021-08-06,0013,N,VIIRS,n,2,293.83,3.1,N,0
37.30864,22.00282,305.26,0.42,0.38,2021-08-06,0013,N,VIIRS,n,2,293.68,1.56,N,0
37.30548,22.02634,345.77,0.42,0.38,2021-08-06,0013,N,VIIRS,n,2,294.83,10.05,N,0
37.31018,22.01768,309.93,0.42,0.38,2021-08-06,0013,N,VIIRS,n,2,294.31,7.47,N,0
37.31271,21.99889,304.93,0.42,0.38,2021-08-06,0013,N,VIIRS,n,2,293.19,3.47,N,0
37.30893,22.02704,327.57,0.42,0.38,2021-08-06,0013,N,VIIRS,n,2,311.76,32.18,N,0
37.30957,22.02224,354.95,0.42,0.38,2021-08-06,0013,N,VIIRS,n,2,298.87,7.47,N,0
37.31206,22.00375,337.42,0.42,0.38,2021-08-06,0013,N,VIIRS,n,2,297.36,3.47,N,0
37.31301,22.02301,318.13,0.42,0.38,2021-08-06,0013,N,VIIRS,n,2,295.05,7.47,N,0
37.31363,22.01842,305.68,0.42,0.38,2021-08-06,0013,N,VIIRS,n,2,293.46,7.47,N,0
37.31237,22.02772,351.94,0.42,0.38,2021-08-06,0013,N,VIIRS,n,2,302.27,32.18,N,0
37.31644,22.02383,310.25,0.42,0.38,2021-08-06,0013,N,VIIRS,n,2,293.7,1.72,N,0
37.3158,22.02859,340.98,0.42,0.38,2021-08-06,0013,N,VIIRS,n,2,301.85,6.56,N,0
37.31987,22.02466,313.74,0.42,0.38,2021-08-06,0013,N,VIIRS,n,2,294.13,1.72,N,0
37.31922,22.0295,322,0.42,0.38,2021-08-06,0013,N,VIIRS,n,2,294.64,6.56,N,0
37.32051,22.01991,322.65,0.42,0.38,2021-08-06,0013,N,VIIRS,n,2,294.23,1.72,N,0
37.32113,22.01534,331.74,0.42,0.38,2021-08-06,0013,N,VIIRS,n,2,295,4.23,N,0
37.32458,22.01603,307.13,0.42,0.38,2021-08-06,0013,N,VIIRS,n,2,292.8,0.94,N,0
37.32895,21.98366,306.63,0.42,0.38,2021-08-06,0013,N,VIIRS,n,2,293.56,3.34,N,0
37.3233,22.02553,341.68,0.42,0.38,2021-08-06,0013,N,VIIRS,n,2,297.1,6.95,N,0
37.32396,22.0207,335.21,0.42,0.38,2021-08-06,0013,N,VIIRS,n,2,294.52,6.95,N,0
37.32647,22.00207,321.71,0.42,0.38,2021-08-06,0013,N,VIIRS,n,2,294.42,2.46,N,0
37.333,21.97986,306.93,0.42,0.38,2021-08-06,0013,N,VIIRS,n,2,293.85,2.16,N,0
37.33428,21.97037,306.19,0.42,0.38,2021-08-06,0013,N,VIIRS,n,2,294.26,1.48,N,0
37.32672,22.02641,350.07,0.42,0.38,2021-08-06,0013,N,VIIRS,n,2,302.86,6.95,N,0
37.32738,22.02152,339.9,0.42,0.38,2021-08-06,0013,N,VIIRS,n,2,297.81,6.95,N,0
37.33239,21.98439,337.92,0.42,0.38,2021-08-06,0013,N,VIIRS,n,2,298.26,3.34,N,0
37.33645,21.98056,322.55,0.42,0.38,2021-08-06,0013,N,VIIRS,n,2,296.72,3.5,N,0
37.33708,21.9759,341.2,0.42,0.38,2021-08-06,0013,N,VIIRS,n,2,298.72,3.5,N,0
37.33772,21.9712,324.79,0.42,0.38,2021-08-06,0013,N,VIIRS,n,2,295.61,3.59,N,0
37.64923,21.65833,314.44,0.43,0.38,2021-08-06,0013,N,VIIRS,n,2,294.45,1.95,N,0
37.64797,21.66802,327.55,0.43,0.38,2021-08-06,0013,N,VIIRS,n,2,292.97,3.43,N,0
37.65209,21.66396,311.19,0.43,0.38,2021-08-06,0013,N,VIIRS,n,2,293.97,4.02,N,0
37.65272,21.6591,308.2,0.43,0.38,2021-08-06,0013,N,VIIRS,n,2,295.55,5.22,N,0
37.65145,21.66886,335.01,0.43,0.38,2021-08-06,0013,N,VIIRS,n,2,296.45,4.02,N,0
37.65335,21.65423,343.93,0.43,0.38,2021-08-06,0013,N,VIIRS,n,2,297.21,5.22,N,0
37.65432,21.67448,315.83,0.43,0.38,2021-08-06,0013,N,VIIRS,n,2,294.14,1.83,N,0
37.65591,21.68993,310.14,0.43,0.38,2021-08-06,0013,N,VIIRS,n,2,293.75,1.42,N,0
37.65653,21.68506,310.33,0.43,0.38,2021-08-06,0013,N,VIIRS,n,2,294.68,1.42,N,0
37.65718,21.68015,308.71,0.43,0.38,2021-08-06,0013,N,VIIRS,n,2,293.84,1.45,N,0
37.65938,21.69081,318.96,0.43,0.38,2021-08-06,0013,N,VIIRS,n,2,295.02,1.42,N,0
37.69035,21.47914,347.33,0.44,0.38,2021-08-06,0013,N,VIIRS,n,2,297.69,5.87,N,0
37.66507,21.70223,307.97,0.43,0.38,2021-08-06,0013,N,VIIRS,n,2,295.34,1.27,N,0
37.6657,21.69739,309.54,0.43,0.38,2021-08-06,0013,N,VIIRS,n,2,295.09,1.27,N,0
37.69386,21.48,325.45,0.44,0.38,2021-08-06,0013,N,VIIRS,n,2,296.98,5.87,N,0
37.69672,21.48589,309.18,0.44,0.38,2021-08-06,0013,N,VIIRS,n,2,294.81,13.33,N,0
37.66792,21.70795,329.79,0.43,0.38,2021-08-06,0013,N,VIIRS,n,2,295.22,2.08,N,0
37.66854,21.70312,325.94,0.43,0.38,2021-08-06,0013,N,VIIRS,n,2,295.74,3.62,N,0
37.69738,21.48083,342.74,0.44,0.38,2021-08-06,0013,N,VIIRS,n,2,299.43,13.33,N,0
37.69802,21.47577,320,0.44,0.38,2021-08-06,0013,N,VIIRS,n,2,295.47,5.02,N,0
37.67139,21.7088,317.21,0.43,0.38,2021-08-06,0013,N,VIIRS,n,2,295.37,2.08,N,0
37.70155,21.47652,317.49,0.44,0.38,2021-08-06,0013,N,VIIRS,n,2,295.09,5.02,N,0
37.69959,21.4917,337.86,0.44,0.38,2021-08-06,0013,N,VIIRS,n,2,294.62,5.94,N,0
37.70025,21.48662,344.2,0.44,0.38,2021-08-06,0013,N,VIIRS,n,2,300.21,13.33,N,0
37.7009,21.48158,332.67,0.44,0.38,2021-08-06,0013,N,VIIRS,n,2,295.53,13.33,N,0
37.68132,21.66033,325.01,0.43,0.38,2021-08-06,0013,N,VIIRS,n,2,295.31,7.72,N,0
37.70312,21.49241,342.28,0.44,0.38,2021-08-06,0013,N,VIIRS,n,2,301.9,13.79,N,0
37.70377,21.48734,351.01,0.44,0.38,2021-08-06,0013,N,VIIRS,n,2,300.61,24.38,N,0
37.70442,21.48232,350.56,0.44,0.38,2021-08-06,0013,N,VIIRS,n,2,311.03,24.38,N,0
37.70507,21.47728,334.91,0.44,0.38,2021-08-06,0013,N,VIIRS,n,2,295.85,5.74,N,0
37.70859,21.47798,312.29,0.44,0.38,2021-08-06,0013,N,VIIRS,n,2,295.31,5.74,N,0
37.68417,21.66602,338.55,0.43,0.38,2021-08-06,0013,N,VIIRS,n,2,298.57,7.72,N,0
37.70664,21.49309,334.71,0.44,0.38,2021-08-06,0013,N,VIIRS,n,2,295.23,13.79,N,0
37.70729,21.48803,367,0.44,0.38,2021-08-06,0013,N,VIIRS,h,2,300.73,24.38,N,0
37.70794,21.483,338.63,0.44,0.38,2021-08-06,0013,N,VIIRS,n,2,296.79,24.38,N,0
37.67991,21.72591,304.79,0.43,0.38,2021-08-06,0013,N,VIIRS,n,2,292.53,1.64,N,0
37.68769,21.66663,318.21,0.43,0.38,2021-08-06,0013,N,VIIRS,n,2,294.44,2.15,N,0
37.71148,21.48368,312.28,0.44,0.38,2021-08-06,0013,N,VIIRS,n,2,295.35,10.3,N,0
37.68567,21.68198,348.41,0.43,0.38,2021-08-06,0013,N,VIIRS,n,2,296.92,14.78,N,0
37.68635,21.67683,354.89,0.43,0.38,2021-08-06,0013,N,VIIRS,n,2,299.7,6.04,N,0
37.68703,21.67167,326.17,0.43,0.38,2021-08-06,0013,N,VIIRS,n,2,296.2,6.04,N,0
37.71018,21.49372,331.99,0.44,0.38,2021-08-06,0013,N,VIIRS,n,2,304.17,26.95,N,0
37.71083,21.48869,349.78,0.44,0.38,2021-08-06,0013,N,VIIRS,n,2,305,10.3,N,0
37.68404,21.72178,315.5,0.43,0.38,2021-08-06,0013,N,VIIRS,n,2,293.9,1.64,N,0
37.71436,21.48938,307.59,0.44,0.38,2021-08-06,0013,N,VIIRS,n,2,295.3,10.3,N,0
37.715,21.4844,307.62,0.44,0.38,2021-08-06,0013,N,VIIRS,n,2,294.28,10.3,N,0
37.68339,21.72671,321.56,0.43,0.38,2021-08-06,0013,N,VIIRS,n,2,292.39,1.64,N,0
37.68917,21.6827,352.5,0.43,0.38,2021-08-06,0013,N,VIIRS,n,2,302.17,14.78,N,0
37.68985,21.67753,331.34,0.43,0.38,2021-08-06,0013,N,VIIRS,n,2,295.75,6.04,N,0
37.68687,21.72753,334.77,0.43,0.38,2021-08-06,0013,N,VIIRS,n,2,296.13,4.36,N,0
37.69099,21.72352,316.04,0.43,0.38,2021-08-06,0013,N,VIIRS,n,2,293.49,4.36,N,0
37.69444,21.72448,316.72,0.43,0.38,2021-08-06,0013,N,VIIRS,n,2,294.04,2.99,N,0
37.6938,21.72936,330.24,0.43,0.38,2021-08-06,0013,N,VIIRS,n,2,294.3,2.99,N,0
37.69662,21.73516,329.88,0.43,0.38,2021-08-06,0013,N,VIIRS,n,2,295.69,3.15,N,0
37.69726,21.73029,321.66,0.43,0.38,2021-08-06,0013,N,VIIRS,n,2,295.34,2.99,N,0
37.70008,21.73605,311.7,0.43,0.38,2021-08-06,0013,N,VIIRS,n,2,294.76,1.52,N,0
37.70137,21.72632,305.52,0.43,0.38,2021-08-06,0013,N,VIIRS,n,2,292.54,15,N,0
37.71312,21.6372,306.5,0.43,0.38,2021-08-06,0013,N,VIIRS,n,2,294.15,2.25,N,0
37.72036,21.58205,304.39,0.44,0.38,2021-08-06,0013,N,VIIRS,n,2,294.06,1.2,N,0
37.70073,21.73118,349.91,0.43,0.38,2021-08-06,0013,N,VIIRS,n,2,302.21,15,N,0
37.70807,21.70273,314.03,0.43,0.38,2021-08-06,0013,N,VIIRS,n,2,292.43,2.19,N,0
37.71459,21.65328,311.16,0.43,0.38,2021-08-06,0013,N,VIIRS,n,2,293.44,2.4,N,0
37.71597,21.6429,317.82,0.43,0.38,2021-08-06,0013,N,VIIRS,n,2,294.61,2.25,N,0
37.72322,21.58774,314.82,0.44,0.38,2021-08-06,0013,N,VIIRS,n,2,292.94,6.65,N,0
37.7042,21.73204,344.04,0.43,0.38,2021-08-06,0013,N,VIIRS,n,2,300.27,15,N,0
37.71394,21.65823,326.86,0.43,0.38,2021-08-06,0013,N,VIIRS,n,2,294.54,2.11,N,0
37.71528,21.64807,325.36,0.43,0.38,2021-08-06,0013,N,VIIRS,n,2,296.01,2.4,N,0
37.71664,21.63779,331.17,0.43,0.38,2021-08-06,0013,N,VIIRS,n,2,296.22,2.25,N,0
36.72578,22.44379,310.12,0.41,0.37,2021-08-06,0013,N,VIIRS,n,2,296.99,1.52,N,0
36.7264,22.43938,309.89,0.41,0.37,2021-08-06,0013,N,VIIRS,n,2,296.36,1.52,N,0
36.72703,22.43489,309.44,0.41,0.37,2021-08-06,0013,N,VIIRS,n,2,295.86,16.21,N,0
36.72766,22.43037,332.28,0.41,0.37,2021-08-06,0013,N,VIIRS,n,2,295.99,16.21,N,0
36.72858,22.44875,314.3,0.41,0.37,2021-08-06,0013,N,VIIRS,n,2,297.98,3.87,N,0
36.73167,22.42665,317.16,0.41,0.37,2021-08-06,0013,N,VIIRS,n,2,297.43,3.89,N,0
36.72919,22.44436,321.15,0.41,0.37,2021-08-06,0013,N,VIIRS,n,2,298.22,1.52,N,0
36.7298,22.43998,322.4,0.41,0.37,2021-08-06,0013,N,VIIRS,n,2,297.59,1.52,N,0
36.73042,22.43559,332.32,0.41,0.37,2021-08-06,0013,N,VIIRS,n,2,311.57,16.21,N,0
36.73103,22.43118,354.39,0.41,0.37,2021-08-06,0013,N,VIIRS,n,2,306.73,16.21,N,0
36.73137,22.45372,315.02,0.41,0.37,2021-08-06,0013,N,VIIRS,n,2,299.24,7.7,N,0
36.73199,22.44931,325.82,0.41,0.37,2021-08-06,0013,N,VIIRS,n,2,299.26,7.7,N,0
36.73261,22.44489,367,0.41,0.37,2021-08-06,0013,N,VIIRS,h,2,328.04,215.39,N,0
36.73322,22.44053,367,0.41,0.37,2021-08-06,0013,N,VIIRS,h,2,336.6,215.39,N,0
36.73383,22.43618,350.43,0.41,0.37,2021-08-06,0013,N,VIIRS,n,2,335.71,21.84,N,0
36.73443,22.43188,349.12,0.41,0.37,2021-08-06,0013,N,VIIRS,n,2,312.38,21.84,N,0
36.73504,22.42753,352.31,0.41,0.37,2021-08-06,0013,N,VIIRS,n,2,308.2,9.39,N,0
36.73568,22.42298,335.88,0.41,0.37,2021-08-06,0013,N,VIIRS,n,2,298.75,9.39,N,0
36.7363,22.41851,346.24,0.41,0.37,2021-08-06,0013,N,VIIRS,n,2,296.81,18.13,N,0
36.73692,22.41411,328.89,0.41,0.37,2021-08-06,0013,N,VIIRS,n,2,295.53,18.13,N,0
36.73417,22.45872,313.34,0.41,0.37,2021-08-06,0013,N,VIIRS,n,2,300.13,4.46,N,0
36.73478,22.45433,322.93,0.41,0.37,2021-08-06,0013,N,VIIRS,n,2,300.56,7.7,N,0
36.7354,22.44988,350.89,0.41,0.37,2021-08-06,0013,N,VIIRS,n,2,302.59,7.7,N,0
36.73664,22.44107,367,0.41,0.37,2021-08-06,0013,N,VIIRS,h,2,342.72,215.39,N,0
36.73724,22.43674,351.27,0.41,0.37,2021-08-06,0013,N,VIIRS,n,2,312.77,21.84,N,0
36.73783,22.43252,334.71,0.41,0.37,2021-08-06,0013,N,VIIRS,n,2,310.71,21.84,N,0
36.73842,22.42829,346.76,0.41,0.37,2021-08-06,0013,N,VIIRS,n,2,314.34,9.39,N,0
36.73906,22.42378,353.42,0.41,0.37,2021-08-06,0013,N,VIIRS,n,2,315.98,9.39,N,0
36.73968,22.4193,353.18,0.41,0.37,2021-08-06,0013,N,VIIRS,n,2,322.18,18.13,N,0
36.7403,22.41489,353.46,0.41,0.37,2021-08-06,0013,N,VIIRS,n,2,310.62,18.13,N,0
36.74091,22.41054,331.49,0.41,0.37,2021-08-06,0013,N,VIIRS,n,2,298.62,8.81,N,0
36.73756,22.45944,315.79,0.41,0.37,2021-08-06,0013,N,VIIRS,n,2,299.41,3.28,N,0
36.73819,22.45496,327.63,0.41,0.37,2021-08-06,0013,N,VIIRS,n,2,300.67,26.56,N,0
36.73881,22.45048,338.67,0.41,0.37,2021-08-06,0013,N,VIIRS,n,2,327.68,26.56,N,0
36.74005,22.44165,367,0.41,0.37,2021-08-06,0013,N,VIIRS,h,2,343.08,142.46,N,0
36.74066,22.43729,350.95,0.41,0.37,2021-08-06,0013,N,VIIRS,n,2,307.8,5.69,N,0
36.74124,22.43311,340.21,0.41,0.37,2021-08-06,0013,N,VIIRS,n,2,310.74,5.69,N,0
36.74185,22.42876,338.9,0.41,0.37,2021-08-06,0013,N,VIIRS,n,2,309.69,4.94,N,0
36.74247,22.42432,349.62,0.41,0.37,2021-08-06,0013,N,VIIRS,n,2,313.25,4.94,N,0
36.74309,22.41991,355.06,0.41,0.37,2021-08-06,0013,N,VIIRS,n,2,314.63,7.12,N,0
36.74369,22.41559,343.73,0.41,0.37,2021-08-06,0013,N,VIIRS,n,2,308.04,7.12,N,0
36.74429,22.41129,333.55,0.41,0.37,2021-08-06,0013,N,VIIRS,n,2,300.48,8.6,N,0
36.74094,22.46017,316.27,0.41,0.37,2021-08-06,0013,N,VIIRS,n,2,299.53,3.28,N,0
36.74157,22.45569,320.6,0.41,0.37,2021-08-06,0013,N,VIIRS,n,2,300.14,26.56,N,0
36.7422,22.45123,345.87,0.41,0.37,2021-08-06,0013,N,VIIRS,n,2,303.77,26.56,N,0
36.74283,22.44675,367,0.41,0.37,2021-08-06,0013,N,VIIRS,h,2,314.02,142.46,N,0
36.74345,22.44231,355.69,0.41,0.37,2021-08-06,0013,N,VIIRS,n,2,311.6,142.46,N,0
36.74406,22.43797,339.72,0.41,0.37,2021-08-06,0013,N,VIIRS,n,2,307.68,5.69,N,0
36.74467,22.43362,338.62,0.41,0.37,2021-08-06,0013,N,VIIRS,n,2,309.73,5.69,N,0
36.74528,22.42927,331.06,0.41,0.37,2021-08-06,0013,N,VIIRS,n,2,308.73,4.94,N,0
36.74589,22.42487,331.89,0.41,0.37,2021-08-06,0013,N,VIIRS,n,2,309.17,4.94,N,0
36.7465,22.42052,351.76,0.41,0.37,2021-08-06,0013,N,VIIRS,n,2,318.69,7.12,N,0
36.74709,22.41628,343.53,0.41,0.37,2021-08-06,0013,N,VIIRS,n,2,314.23,7.12,N,0
36.74768,22.41201,348.18,0.41,0.37,2021-08-06,0013,N,VIIRS,n,2,306.78,8.6,N,0
36.74028,22.46289,311.82,0.41,0.37,2021-08-06,0013,N,VIIRS,n,2,299.09,1.84,N,0
36.74091,22.45841,316.9,0.41,0.37,2021-08-06,0013,N,VIIRS,n,2,299.84,1.84,N,0
36.74152,22.45394,325.42,0.41,0.37,2021-08-06,0013,N,VIIRS,n,2,300.57,8.58,N,0
36.74214,22.44946,354.18,0.41,0.37,2021-08-06,0013,N,VIIRS,n,2,309.59,8.58,N,0
36.74276,22.44501,367,0.41,0.37,2021-08-06,0013,N,VIIRS,h,2,314.15,10.17,N,0
36.74337,22.44057,349.8,0.41,0.37,2021-08-06,0013,N,VIIRS,n,2,308.88,10.17,N,0
36.74398,22.43618,337.66,0.41,0.37,2021-08-06,0013,N,VIIRS,n,2,308.1,5.72,N,0
36.74458,22.43185,337.21,0.41,0.37,2021-08-06,0013,N,VIIRS,n,2,310.69,5.72,N,0
36.74519,22.42748,328.51,0.41,0.37,2021-08-06,0013,N,VIIRS,n,2,308.1,4.58,N,0
36.7458,22.42307,341.68,0.41,0.37,2021-08-06,0013,N,VIIRS,n,2,312.9,4.58,N,0
36.7464,22.41878,349.45,0.41,0.37,2021-08-06,0013,N,VIIRS,n,2,318.66,5.19,N,0
36.74699,22.41457,338.5,0.41,0.37,2021-08-06,0013,N,VIIRS,n,2,310.77,5.19,N,0
36.74759,22.41024,340.93,0.41,0.37,2021-08-06,0013,N,VIIRS,n,2,303.69,6.75,N,0
36.74429,22.45918,314.97,0.41,0.37,2021-08-06,0013,N,VIIRS,n,2,300.14,1.84,N,0
36.74491,22.4547,318.12,0.41,0.37,2021-08-06,0013,N,VIIRS,n,2,299.2,8.58,N,0
36.74553,22.45021,353.99,0.41,0.37,2021-08-06,0013,N,VIIRS,n,2,309.84,8.58,N,0
36.74615,22.44571,345.3,0.41,0.37,2021-08-06,0013,N,VIIRS,n,2,305.67,10.17,N,0
36.74677,22.44122,351.82,0.41,0.37,2021-08-06,0013,N,VIIRS,n,2,307.91,10.17,N,0
36.74738,22.4368,353.71,0.41,0.37,2021-08-06,0013,N,VIIRS,n,2,310.83,5.72,N,0
36.74799,22.43248,347.3,0.41,0.37,2021-08-06,0013,N,VIIRS,n,2,310.48,5.72,N,0
36.74859,22.42816,339.07,0.41,0.37,2021-08-06,0013,N,VIIRS,n,2,307.89,4.58,N,0
36.7492,22.42378,340.2,0.41,0.37,2021-08-06,0013,N,VIIRS,n,2,307.57,4.58,N,0
36.74979,22.41947,333.13,0.41,0.37,2021-08-06,0013,N,VIIRS,n,2,309.9,5.19,N,0
36.75039,22.41526,331.14,0.41,0.37,2021-08-06,0013,N,VIIRS,n,2,307.74,5.19,N,0
36.75098,22.41096,334.91,0.41,0.37,2021-08-06,0013,N,VIIRS,n,2,301.76,6.75,N,0
36.74705,22.46443,312,0.41,0.37,2021-08-06,0013,N,VIIRS,n,2,298.52,1.66,N,0
36.74767,22.45995,315.99,0.41,0.37,2021-08-06,0013,N,VIIRS,n,2,299.7,1.66,N,0
36.74829,22.45547,321.01,0.41,0.37,2021-08-06,0013,N,VIIRS,n,2,301.21,22.48,N,0
36.74892,22.45097,350.42,0.41,0.37,2021-08-06,0013,N,VIIRS,n,2,305.35,22.48,N,0
36.74954,22.44647,349.32,0.41,0.37,2021-08-06,0013,N,VIIRS,n,2,305.17,8.7,N,0
36.75016,22.44199,346.87,0.41,0.37,2021-08-06,0013,N,VIIRS,n,2,308.31,8.7,N,0
36.75077,22.43754,337.62,0.41,0.37,2021-08-06,0013,N,VIIRS,n,2,306.03,6.51,N,0
36.75138,22.43321,339.94,0.41,0.37,2021-08-06,0013,N,VIIRS,n,2,306.45,6.51,N,0
36.75198,22.4289,337.23,0.41,0.37,2021-08-06,0013,N,VIIRS,n,2,306.08,4.34,N,0
36.75259,22.42451,345.41,0.41,0.37,2021-08-06,0013,N,VIIRS,n,2,308.43,4.34,N,0
36.75319,22.42016,345.58,0.41,0.37,2021-08-06,0013,N,VIIRS,n,2,308.22,4.25,N,0
36.75378,22.41594,328.02,0.41,0.37,2021-08-06,0013,N,VIIRS,n,2,308.27,4.25,N,0
36.75438,22.41164,340.11,0.41,0.37,2021-08-06,0013,N,VIIRS,n,2,305.18,6.54,N,0
36.75044,22.46518,314.39,0.41,0.37,2021-08-06,0013,N,VIIRS,n,2,297.77,1.66,N,0
36.75106,22.4607,321.38,0.41,0.37,2021-08-06,0013,N,VIIRS,n,2,299.71,1.66,N,0
36.75168,22.45623,327.17,0.41,0.37,2021-08-06,0013,N,VIIRS,n,2,302.62,22.48,N,0
36.7523,22.45174,337.85,0.41,0.37,2021-08-06,0013,N,VIIRS,n,2,329.33,22.48,N,0
36.75292,22.44724,354.68,0.41,0.37,2021-08-06,0013,N,VIIRS,n,2,306.74,8.7,N,0
36.75354,22.44276,354.07,0.41,0.37,2021-08-06,0013,N,VIIRS,n,2,311.69,8.7,N,0
36.79922,22.46876,356.86,0.39,0.36,2021-08-06,1133,N,VIIRS,n,2,320.16,62.92,D,0
36.79602,22.44634,350.84,0.39,0.36,2021-08-06,1133,N,VIIRS,n,2,322.03,14.06,D,0
36.7884,22.39313,356.39,0.39,0.36,2021-08-06,1133,N,VIIRS,n,2,325.05,154.72,D,0
36.78717,22.38448,334.97,0.39,0.36,2021-08-06,1133,N,VIIRS,n,2,299.22,10.28,D,0
36.7986,22.46434,352.93,0.39,0.36,2021-08-06,1133,N,VIIRS,l,2,341.1,50.45,D,0
36.79731,22.45535,357.33,0.39,0.36,2021-08-06,1133,N,VIIRS,l,2,334.37,20.01,D,0
36.80381,22.47682,367,0.39,0.36,2021-08-06,1133,N,VIIRS,h,2,342.15,168.01,D,0
36.80318,22.47241,367,0.39,0.36,2021-08-06,1133,N,VIIRS,h,2,344.74,62.92,D,0
36.80193,22.46362,367,0.39,0.36,2021-08-06,1133,N,VIIRS,h,2,360.34,50.45,D,0
36.80129,22.45915,367,0.39,0.36,2021-08-06,1133,N,VIIRS,h,2,363.86,50.45,D,0
36.79935,22.44563,367,0.39,0.36,2021-08-06,1133,N,VIIRS,h,2,330.04,14.06,D,0
36.8,22.45013,355.71,0.39,0.36,2021-08-06,1133,N,VIIRS,n,2,326.09,20.01,D,0
36.80256,22.46801,353.8,0.39,0.36,2021-08-06,1133,N,VIIRS,l,2,334.44,62.92,D,0
36.80065,22.45466,355.98,0.39,0.36,2021-08-06,1133,N,VIIRS,l,2,345.21,20.01,D,0
36.80589,22.46731,367,0.39,0.36,2021-08-06,1133,N,VIIRS,h,2,348.07,154.51,D,0
36.80526,22.46289,367,0.39,0.36,2021-08-06,1133,N,VIIRS,h,2,353.39,81.96,D,0
36.80463,22.45845,367,0.39,0.36,2021-08-06,1133,N,VIIRS,h,2,375.51,81.96,D,0
36.80399,22.45397,367,0.39,0.36,2021-08-06,1133,N,VIIRS,h,2,361.2,43.85,D,0
36.80269,22.44493,367,0.39,0.36,2021-08-06,1133,N,VIIRS,h,2,325.91,10.6,D,0
36.80204,22.44039,348.64,0.39,0.36,2021-08-06,1133,N,VIIRS,n,2,316.57,10.6,D,0
36.80651,22.47169,367,0.39,0.36,2021-08-06,1133,N,VIIRS,l,2,327.05,154.51,D,0
36.80333,22.44945,356.35,0.39,0.36,2021-08-06,1133,N,VIIRS,l,2,343.13,43.85,D,0
36.8086,22.46218,367,0.39,0.36,2021-08-06,1133,N,VIIRS,h,2,343.8,81.96,D,0
36.80796,22.45772,367,0.39,0.36,2021-08-06,1133,N,VIIRS,h,2,358.14,81.96,D,0
36.80732,22.45325,367,0.39,0.36,2021-08-06,1133,N,VIIRS,h,2,356.58,43.85,D,0
36.80603,22.44423,356.65,0.39,0.36,2021-08-06,1133,N,VIIRS,n,2,325.28,10.6,D,0
36.80537,22.43968,356.38,0.39,0.36,2021-08-06,1133,N,VIIRS,n,2,322.55,10.6,D,0
36.80473,22.43522,348.34,0.39,0.36,2021-08-06,1133,N,VIIRS,l,2,319.44,7.96,D,0
36.80667,22.44874,351.12,0.39,0.36,2021-08-06,1133,N,VIIRS,l,2,350.75,43.85,D,0
36.8113,22.45703,367,0.39,0.36,2021-08-06,1133,N,VIIRS,h,2,336.29,112.88,D,0
36.80808,22.43459,354.79,0.39,0.36,2021-08-06,1133,N,VIIRS,n,2,320.65,6.1,D,0
36.80745,22.4302,349.41,0.39,0.36,2021-08-06,1133,N,VIIRS,n,2,308.76,6.1,D,0
36.81065,22.45254,367,0.39,0.36,2021-08-06,1133,N,VIIRS,l,2,336.92,47.89,D,0
36.81001,22.44807,367,0.39,0.36,2021-08-06,1133,N,VIIRS,l,2,341.46,47.89,D,0
36.80936,22.44358,350.35,0.39,0.36,2021-08-06,1133,N,VIIRS,l,2,338.88,63.85,D,0
36.81335,22.4474,346.75,0.39,0.36,2021-08-06,1133,N,VIIRS,n,2,315.57,47.89,D,0
36.81271,22.44292,349.01,0.39,0.36,2021-08-06,1133,N,VIIRS,n,2,311.23,63.85,D,0
36.81142,22.43397,347.95,0.39,0.36,2021-08-06,1133,N,VIIRS,n,2,307.63,6.1,D,0
37.29877,22.03476,367,0.39,0.36,2021-08-06,1133,N,VIIRS,h,2,347.51,58.5,D,0
37.29816,22.03052,367,0.39,0.36,2021-08-06,1133,N,VIIRS,h,2,339.76,58.5,D,0
37.29755,22.02625,345.92,0.39,0.36,2021-08-06,1133,N,VIIRS,n,2,317.32,42.06,D,0
37.29938,22.03904,351.56,0.39,0.36,2021-08-06,1133,N,VIIRS,l,2,327.34,65.19,D,0
37.30333,22.04262,367,0.39,0.36,2021-08-06,1133,N,VIIRS,h,2,350.84,65.19,D,0
37.30209,22.03406,367,0.39,0.36,2021-08-06,1133,N,VIIRS,h,2,321.5,58.5,D,0
37.30148,22.02982,367,0.39,0.36,2021-08-06,1133,N,VIIRS,h,2,318.29,58.5,D,0
37.30396,22.04697,367,0.39,0.36,2021-08-06,1133,N,VIIRS,l,2,328.02,56.8,D,0
37.30271,22.03832,367,0.39,0.36,2021-08-06,1133,N,VIIRS,l,2,331.74,65.19,D,0
37.30087,22.02555,367,0.39,0.36,2021-08-06,1133,N,VIIRS,l,2,332.9,42.06,D,0
37.30727,22.04624,349.59,0.39,0.36,2021-08-06,1133,N,VIIRS,n,2,324.24,38.21,D,0
37.30481,22.02909,351.98,0.39,0.36,2021-08-06,1133,N,VIIRS,n,2,314.68,67.22,D,0
37.30418,22.0248,346.16,0.39,0.36,2021-08-06,1133,N,VIIRS,n,2,316.06,66.01,D,0
37.30665,22.04192,367,0.39,0.36,2021-08-06,1133,N,VIIRS,l,2,332.75,49.53,D,0
37.30603,22.03764,354.06,0.39,0.36,2021-08-06,1133,N,VIIRS,l,2,331.85,49.53,D,0
37.30875,22.03268,367,0.39,0.36,2021-08-06,1133,N,VIIRS,h,2,346.44,67.22,D,0
37.3106,22.04554,353.91,0.39,0.36,2021-08-06,1133,N,VIIRS,n,2,305.28,38.21,D,0
37.30999,22.04125,353.63,0.39,0.36,2021-08-06,1133,N,VIIRS,n,2,317.79,49.53,D,0
37.30937,22.03696,367,0.39,0.36,2021-08-06,1133,N,VIIRS,l,2,340.85,49.53,D,0
37.31331,22.04055,367,0.39,0.36,2021-08-06,1133,N,VIIRS,h,2,358.06,97.21,D,0
37.31269,22.03626,367,0.39,0.36,2021-08-06,1133,N,VIIRS,h,2,351.5,97.21,D,0
37.31208,22.03198,367,0.39,0.36,2021-08-06,1133,N,VIIRS,h,2,332.46,47.52,D,0
37.31456,22.04919,351.43,0.39,0.36,2021-08-06,1133,N,VIIRS,n,2,316.74,121.01,D,0
37.30827,22.00575,345.41,0.39,0.36,2021-08-06,1133,N,VIIRS,n,2,316.99,11.87,D,0
37.31393,22.04485,367,0.39,0.36,2021-08-06,1133,N,VIIRS,l,2,375.4,121.01,D,0
37.31601,22.0355,367,0.39,0.36,2021-08-06,1133,N,VIIRS,h,2,322.81,97.21,D,0
37.31852,22.05285,353.08,0.39,0.36,2021-08-06,1133,N,VIIRS,n,2,309.17,25.16,D,0
37.31788,22.04845,349.86,0.39,0.36,2021-08-06,1133,N,VIIRS,n,2,323.35,121.01,D,0
37.31539,22.03121,354.55,0.39,0.36,2021-08-06,1133,N,VIIRS,n,2,320.93,47.52,D,0
37.31725,22.0441,353.15,0.39,0.36,2021-08-06,1133,N,VIIRS,l,2,328.65,121.01,D,0
37.31663,22.0398,367,0.39,0.36,2021-08-06,1133,N,VIIRS,l,2,327.46,97.21,D,0
37.31983,22.049,367,0.39,0.36,2021-08-06,1133,N,VIIRS,h,2,312.22,7.71,D,0
37.31858,22.04031,367,0.39,0.36,2021-08-06,1133,N,VIIRS,h,2,319.96,15.2,D,0
37.31796,22.036,367,0.39,0.36,2021-08-06,1133,N,VIIRS,h,2,318.89,15.2,D,0
37.31734,22.03171,367,0.39,0.36,2021-08-06,1133,N,VIIRS,h,2,319.74,19.82,D,0
37.32046,22.05341,356.07,0.39,0.36,2021-08-06,1133,N,VIIRS,n,2,311.66,28.26,D,0
37.3192,22.04463,355.14,0.39,0.36,2021-08-06,1133,N,VIIRS,n,2,312.94,7.71,D,0
37.3219,22.03955,367,0.39,0.36,2021-08-06,1133,N,VIIRS,h,2,317.69,15.2,D,0
37.32504,22.06144,344.43,0.39,0.36,2021-08-06,1133,N,VIIRS,n,2,310.08,23.89,D,0
37.32378,22.05267,356.67,0.39,0.36,2021-08-06,1133,N,VIIRS,n,2,316.55,28.26,D,0
37.32315,22.04827,350.83,0.39,0.36,2021-08-06,1133,N,VIIRS,n,2,312.23,7.71,D,0
37.32252,22.04388,344.31,0.39,0.36,2021-08-06,1133,N,VIIRS,n,2,313.24,7.71,D,0
37.32127,22.03522,356.72,0.39,0.36,2021-08-06,1133,N,VIIRS,n,2,313.68,15.2,D,0
37.32065,22.03091,349.59,0.39,0.36,2021-08-06,1133,N,VIIRS,n,2,308.87,19.82,D,0
37.32441,22.05706,367,0.39,0.36,2021-08-06,1133,N,VIIRS,l,2,331.48,28.26,D,0
37.32647,22.04754,367,0.39,0.36,2021-08-06,1133,N,VIIRS,h,2,364,122.52,D,0
37.32458,22.03445,367,0.39,0.36,2021-08-06,1133,N,VIIRS,h,2,342.87,52.67,D,0
37.3271,22.05193,340.31,0.39,0.36,2021-08-06,1133,N,VIIRS,n,2,313.69,64.09,D,0
37.32521,22.03879,354.69,0.39,0.36,2021-08-06,1133,N,VIIRS,n,2,319.87,52.67,D,0
37.32396,22.03012,354.06,0.39,0.36,2021-08-06,1133,N,VIIRS,n,2,318.79,20.9,D,0
37.32584,22.04316,367,0.39,0.36,2021-08-06,1133,N,VIIRS,l,2,334.43,122.52,D,0
37.32853,22.03803,355.91,0.39,0.36,2021-08-06,1133,N,VIIRS,n,2,324.19,52.67,D,0
37.3279,22.03367,354.06,0.39,0.36,2021-08-06,1133,N,VIIRS,n,2,316.94,52.67,D,0
37.32728,22.02934,344.49,0.39,0.36,2021-08-06,1133,N,VIIRS,n,2,314.17,20.9,D,0
37.32603,22.02072,356.84,0.39,0.36,2021-08-06,1133,N,VIIRS,n,2,317.22,25.36,D,0
37.3254,22.01635,354.22,0.39,0.36,2021-08-06,1133,N,VIIRS,n,2,309.52,25.36,D,0
37.32915,22.04242,367,0.39,0.36,2021-08-06,1133,N,VIIRS,l,2,331.09,122.52,D,0
37.33121,22.03291,341.08,0.39,0.36,2021-08-06,1133,N,VIIRS,l,2,315.18,6.25,D,0
37.32997,22.02427,348.2,0.39,0.36,2021-08-06,1133,N,VIIRS,n,2,314.31,51.02,D,0
37.33329,22.02351,367,0.39,0.36,2021-08-06,1133,N,VIIRS,h,2,334.24,51.02,D,0
37.33453,22.03217,345.02,0.39,0.36,2021-08-06,1133,N,VIIRS,n,2,311.72,6.25,D,0
37.33391,22.02782,351.96,0.39,0.36,2021-08-06,1133,N,VIIRS,n,2,317.13,51.02,D,0
37.33218,21.99209,352.84,0.39,0.36,2021-08-06,1133,N,VIIRS,n,2,322.21,24.07,D,0
37.46859,22.44256,347.99,0.39,0.36,2021-08-06,1133,N,VIIRS,n,2,311.06,7.74,D,0
36.79667,22.45085,367,0.39,0.36,2021-08-06,1133,N,VIIRS,h,2,329.33,20.01,D,0
36.79795,22.45984,367,0.39,0.36,2021-08-06,1133,N,VIIRS,h,2,354.4,50.45,D,0
36.79985,22.47317,367,0.39,0.36,2021-08-06,1133,N,VIIRS,h,2,344.26,62.92,D,0
36.80048,22.47756,367,0.39,0.36,2021-08-06,1133,N,VIIRS,h,2,349.79,168.01,D,0
36.78385,22.38527,367,0.39,0.36,2021-08-06,1133,N,VIIRS,l,2,345.37,111.28,D,0
36.79334,22.45161,367,0.39,0.36,2021-08-06,1133,N,VIIRS,l,2,328.06,41.92,D,0
36.79462,22.46062,353.4,0.39,0.36,2021-08-06,1133,N,VIIRS,l,2,338.97,51.57,D,0
36.79653,22.47394,367,0.39,0.36,2021-08-06,1133,N,VIIRS,l,2,333.9,64.69,D,0
36.79715,22.47832,367,0.39,0.36,2021-08-06,1133,N,VIIRS,l,2,363.24,116.84,D,0
36.79778,22.48274,367,0.39,0.36,2021-08-06,1133,N,VIIRS,l,2,337.9,116.84,D,0
36.7851,22.394,353.33,0.39,0.36,2021-08-06,1133,N,VIIRS,n,2,311.6,47.08,D,0
36.79398,22.45612,356.07,0.39,0.36,2021-08-06,1133,N,VIIRS,n,2,323.27,41.92,D,0
36.78448,22.38966,367,0.39,0.36,2021-08-06,1133,N,VIIRS,h,2,342.93,47.08,D,0
36.79527,22.4651,367,0.39,0.36,2021-08-06,1133,N,VIIRS,h,2,368.23,51.57,D,0
36.7959,22.46955,367,0.39,0.36,2021-08-06,1133,N,VIIRS,h,2,354.32,64.69,D,0
36.79066,22.4569,367,0.39,0.36,2021-08-06,1133,N,VIIRS,l,2,327.66,41.92,D,0
36.7913,22.46138,367,0.39,0.36,2021-08-06,1133,N,VIIRS,l,2,337.65,51.57,D,0
36.79382,22.47909,351.77,0.39,0.36,2021-08-06,1133,N,VIIRS,l,2,327.41,116.84,D,0
36.78054,22.38609,344.95,0.39,0.36,2021-08-06,1133,N,VIIRS,n,2,300.67,111.28,D,0
36.78117,22.39051,352.82,0.39,0.36,2021-08-06,1133,N,VIIRS,n,2,300.28,47.08,D,0
36.7818,22.39491,341.95,0.39,0.36,2021-08-06,1133,N,VIIRS,n,2,301.43,47.08,D,0
36.79194,22.46584,367,0.39,0.36,2021-08-06,1133,N,VIIRS,h,2,350.27,51.57,D,0
36.79257,22.47031,367,0.39,0.36,2021-08-06,1133,N,VIIRS,h,2,355.78,64.69,D,0
36.79319,22.47469,367,0.39,0.36,2021-08-06,1133,N,VIIRS,h,2,330.84,64.69,D,0
36.79049,22.47983,367,0.39,0.36,2021-08-06,1133,N,VIIRS,l,2,378.08,379.27,D,0
36.7867,22.45321,367,0.39,0.36,2021-08-06,1133,N,VIIRS,h,2,349.45,174.79,D,0
36.78987,22.47544,367,0.39,0.36,2021-08-06,1133,N,VIIRS,h,2,351.07,156.17,D,0
36.79112,22.48426,367,0.39,0.36,2021-08-06,1133,N,VIIRS,h,2,367.28,379.27,D,0
36.78337,22.45399,355.82,0.39,0.36,2021-08-06,1133,N,VIIRS,l,2,332.17,174.79,D,0
36.78779,22.48499,367,0.39,0.36,2021-08-06,1133,N,VIIRS,h,2,344.03,379.27,D,0
36.77861,22.4688,367,0.39,0.36,2021-08-06,1133,N,VIIRS,h,2,319.31,23.69,D,0
36.77466,22.46515,356.56,0.39,0.36,2021-08-06,1133,N,VIIRS,l,2,322.31,15.73,D,0
36.77528,22.46957,355.51,0.39,0.36,2021-08-06,1133,N,VIIRS,l,2,326.03,15.73,D,0
36.76649,22.40776,356,0.39,0.36,2021-08-06,1133,N,VIIRS,n,2,314.12,8.33,D,0
36.77592,22.47404,367,0.39,0.36,2021-08-06,1133,N,VIIRS,h,2,345.64,45.83,D,0
36.77655,22.47849,367,0.39,0.36,2021-08-06,1133,N,VIIRS,h,2,336.8,45.83,D,0
36.77258,22.47475,355.87,0.39,0.36,2021-08-06,1133,N,VIIRS,l,2,321.18,45.83,D,0
36.77321,22.47919,355.77,0.39,0.36,2021-08-06,1133,N,VIIRS,l,2,324.03,45.83,D,0
36.77384,22.4836,350.49,0.39,0.36,2021-08-06,1133,N,VIIRS,l,2,335.64,74.79,D,0
36.77446,22.48798,353.58,0.39,0.36,2021-08-06,1133,N,VIIRS,l,2,326.54,74.79,D,0
36.76925,22.47548,356.55,0.39,0.36,2021-08-06,1133,N,VIIRS,l,2,320.99,143.58,D,0
36.7705,22.48428,355.34,0.39,0.36,2021-08-06,1133,N,VIIRS,l,2,353.31,135.94,D,0
36.77176,22.49313,356.07,0.39,0.36,2021-08-06,1133,N,VIIRS,l,2,330.31,72.2,D,0
36.76863,22.47107,367,0.39,0.36,2021-08-06,1133,N,VIIRS,h,2,335.63,108.97,D,0
36.76987,22.47987,367,0.39,0.36,2021-08-06,1133,N,VIIRS,h,2,339.43,143.58,D,0
36.77112,22.48864,367,0.39,0.36,2021-08-06,1133,N,VIIRS,h,2,354.82,135.94,D,0
36.76654,22.4806,367,0.39,0.36,2021-08-06,1133,N,VIIRS,l,2,373.2,143.58,D,0
36.76966,22.50268,367,0.39,0.36,2021-08-06,1133,N,VIIRS,l,2,325.76,93.83,D,0
36.76716,22.48498,367,0.39,0.36,2021-08-06,1133,N,VIIRS,h,2,378.12,135.94,D,0
36.76778,22.48937,367,0.39,0.36,2021-08-06,1133,N,VIIRS,h,2,357.42,135.94,D,0
36.76841,22.49384,367,0.39,0.36,2021-08-06,1133,N,VIIRS,h,2,363.47,72.2,D,0
36.76904,22.49824,367,0.39,0.36,2021-08-06,1133,N,VIIRS,h,2,361.94,72.2,D,0
36.76195,22.47251,367,0.39,0.36,2021-08-06,1133,N,VIIRS,l,2,329.07,106.41,D,0
36.76258,22.47688,367,0.39,0.36,2021-08-06,1133,N,VIIRS,l,2,365.73,226.45,D,0
36.76382,22.48569,367,0.39,0.36,2021-08-06,1133,N,VIIRS,l,2,378.61,0,D,0
36.76445,22.49007,367,0.39,0.36,2021-08-06,1133,N,VIIRS,l,2,378.34,0,D,0
36.76633,22.50337,367,0.39,0.36,2021-08-06,1133,N,VIIRS,l,2,362.1,156.74,D,0
36.76695,22.50779,367,0.39,0.36,2021-08-06,1133,N,VIIRS,l,2,325.26,156.74,D,0
36.76882,22.52097,345.36,0.39,0.36,2021-08-06,1133,N,VIIRS,n,2,302.67,15.99,D,0
36.7632,22.48129,367,0.39,0.36,2021-08-06,1133,N,VIIRS,h,2,364.41,226.45,D,0
36.76508,22.4945,367,0.39,0.36,2021-08-06,1133,N,VIIRS,h,2,347.79,289.78,D,0
36.7657,22.49891,367,0.39,0.36,2021-08-06,1133,N,VIIRS,h,2,362.72,289.78,D,0
36.75924,22.47759,367,0.39,0.36,2021-08-06,1133,N,VIIRS,l,2,360.65,226.45,D,0
36.75986,22.48202,367,0.39,0.36,2021-08-06,1133,N,VIIRS,l,2,345.68,226.45,D,0
36.76049,22.48641,367,0.39,0.36,2021-08-06,1133,N,VIIRS,l,2,378.42,0,D,0
36.76111,22.4908,367,0.39,0.36,2021-08-06,1133,N,VIIRS,l,2,381.75,0,D,0
36.76173,22.49518,367,0.39,0.36,2021-08-06,1133,N,VIIRS,l,2,378.42,289.78,D,0
36.76236,22.4996,367,0.39,0.36,2021-08-06,1133,N,VIIRS,l,2,379.77,289.78,D,0
36.76299,22.50405,367,0.39,0.36,2021-08-06,1133,N,VIIRS,l,2,352.03,156.74,D,0
36.76548,22.52169,355.88,0.39,0.36,2021-08-06,1133,N,VIIRS,n,2,305.29,15.99,D,0
36.76609,22.52605,342.62,0.39,0.36,2021-08-06,1133,N,VIIRS,n,2,301.71,15.99,D,0
36.75863,22.47325,367,0.39,0.36,2021-08-06,1133,N,VIIRS,h,2,337.9,106.41,D,0
36.76361,22.50848,367,0.39,0.36,2021-08-06,1133,N,VIIRS,h,2,339.48,156.74,D,0
36.76486,22.51732,367,0.39,0.36,2021-08-06,1133,N,VIIRS,h,2,328.74,207.99,D,0
36.76153,22.51804,367,0.39,0.36,2021-08-06,1133,N,VIIRS,l,2,378.17,196.26,D,0
36.76028,22.50926,354.48,0.39,0.36,2021-08-06,1133,N,VIIRS,n,2,307.17,49.37,D,0
36.76214,22.52242,355.57,0.39,0.36,2021-08-06,1133,N,VIIRS,n,2,311.55,63.41,D,0
36.75468,22.46965,367,0.39,0.36,2021-08-06,1133,N,VIIRS,h,2,314.61,33.86,D,0
36.75591,22.47831,367,0.39,0.36,2021-08-06,1133,N,VIIRS,h,2,314.36,19.1,D,0
36.75653,22.48275,367,0.39,0.36,2021-08-06,1133,N,VIIRS,h,2,308.77,19.1,D,0
36.75716,22.4872,367,0.39,0.36,2021-08-06,1133,N,VIIRS,h,2,308.15,27.3,D,0
36.75778,22.49157,367,0.39,0.36,2021-08-06,1133,N,VIIRS,h,2,306.91,27.3,D,0
36.76091,22.51366,367,0.39,0.36,2021-08-06,1133,N,VIIRS,h,2,340.42,196.26,D,0
36.75757,22.51439,356.79,0.39,0.36,2021-08-06,1133,N,VIIRS,n,2,302.25,196.26,D,0
36.75819,22.51878,356.14,0.39,0.36,2021-08-06,1133,N,VIIRS,n,2,304.15,196.26,D,0
36.7588,22.52314,353.61,0.39,0.36,2021-08-06,1133,N,VIIRS,n,2,302.54,63.41,D,0
36.7532,22.48346,367,0.39,0.36,2021-08-06,1133,N,VIIRS,h,2,309.47,19.1,D,0
36.75695,22.50998,367,0.39,0.36,2021-08-06,1133,N,VIIRS,h,2,300.87,49.37,D,0
36.75423,22.51513,349.38,0.39,0.36,2021-08-06,1133,N,VIIRS,n,2,299.94,9.02,D,0
36.75485,22.51952,352.84,0.39,0.36,2021-08-06,1133,N,VIIRS,n,2,298.77,9.02,D,0
36.74841,22.49825,367,0.39,0.36,2021-08-06,1133,N,VIIRS,l,2,331.43,109.91,D,0
36.75028,22.51149,353.73,0.39,0.36,2021-08-06,1133,N,VIIRS,n,2,301.98,77.79,D,0
36.74779,22.49382,367,0.39,0.36,2021-08-06,1133,N,VIIRS,h,2,347.51,182.03,D,0
36.74903,22.50265,367,0.39,0.36,2021-08-06,1133,N,VIIRS,h,2,339.2,109.91,D,0
36.74321,22.48567,356.06,0.39,0.36,2021-08-06,1133,N,VIIRS,l,2,318.59,13.16,D,0
36.74445,22.49452,354.67,0.39,0.36,2021-08-06,1133,N,VIIRS,l,2,333.64,26.55,D,0
36.74508,22.49899,367,0.39,0.36,2021-08-06,1133,N,VIIRS,l,2,339.41,156.89,D,0
36.74695,22.51223,367,0.39,0.36,2021-08-06,1133,N,VIIRS,l,2,326.68,71.46,D,0
36.74633,22.50782,367,0.39,0.36,2021-08-06,1133,N,VIIRS,h,2,345.1,71.46,D,0
36.73926,22.48208,355.56,0.39,0.36,2021-08-06,1133,N,VIIRS,l,2,319.97,13.16,D,0
36.74112,22.49527,355.88,0.39,0.36,2021-08-06,1133,N,VIIRS,l,2,317.96,26.55,D,0
36.74299,22.50854,355.57,0.39,0.36,2021-08-06,1133,N,VIIRS,n,2,316.06,71.46,D,0
36.73741,22.46906,367,0.39,0.36,2021-08-06,1133,N,VIIRS,h,2,318.4,22.17,D,0
36.73864,22.47773,367,0.39,0.36,2021-08-06,1133,N,VIIRS,h,2,320.34,31.72,D,0
36.73988,22.48643,367,0.39,0.36,2021-08-06,1133,N,VIIRS,h,2,322.34,13.16,D,0
36.73408,22.46979,356.28,0.39,0.36,2021-08-06,1133,N,VIIRS,l,2,316.22,19.25,D,0
36.7347,22.47416,356.27,0.39,0.36,2021-08-06,1133,N,VIIRS,l,2,316.86,17.53,D,0
36.73778,22.49597,356.03,0.39,0.36,2021-08-06,1133,N,VIIRS,l,2,315.91,20.07,D,0
36.73903,22.50488,367,0.39,0.36,2021-08-06,1133,N,VIIRS,l,2,329.08,159.65,D,0
36.73531,22.4785,367,0.39,0.36,2021-08-06,1133,N,VIIRS,h,2,317.39,17.53,D,0
36.73593,22.48286,367,0.39,0.36,2021-08-06,1133,N,VIIRS,h,2,320.49,55.64,D,0
36.73654,22.48717,367,0.39,0.36,2021-08-06,1133,N,VIIRS,h,2,319.51,55.64,D,0
36.73716,22.49157,367,0.39,0.36,2021-08-06,1133,N,VIIRS,h,2,320.11,20.07,D,0
36.72573,22.43497,367,0.39,0.36,2021-08-06,1133,N,VIIRS,l,2,326.21,43.07,D,0
36.73198,22.47927,356.26,0.39,0.36,2021-08-06,1133,N,VIIRS,l,2,312.45,17.53,D,0
36.73445,22.49673,356.22,0.39,0.36,2021-08-06,1133,N,VIIRS,l,2,318.6,20.07,D,0
36.73013,22.46615,367,0.39,0.36,2021-08-06,1133,N,VIIRS,h,2,314.37,19.25,D,0
36.73075,22.47053,367,0.39,0.36,2021-08-06,1133,N,VIIRS,h,2,316.33,19.25,D,0
36.73137,22.4749,367,0.39,0.36,2021-08-06,1133,N,VIIRS,h,2,317.75,17.53,D,0
36.73383,22.49234,367,0.39,0.36,2021-08-06,1133,N,VIIRS,h,2,316.45,20.07,D,0
36.72408,22.4343,315.45,0.39,0.36,2021-08-06,1133,N,VIIRS,l,2,321.57,47.49,D,0
36.73294,22.49599,367,0.39,0.36,2021-08-06,1133,N,VIIRS,l,2,327.07,114.71,D,0
36.72982,22.47419,356.8,0.39,0.36,2021-08-06,1133,N,VIIRS,n,2,318.67,166.7,D,0
36.7247,22.43863,367,0.39,0.36,2021-08-06,1133,N,VIIRS,h,2,353.38,146.53,D,0
36.72857,22.46541,367,0.39,0.36,2021-08-06,1133,N,VIIRS,h,2,317.74,49.7,D,0
36.72919,22.46981,367,0.39,0.36,2021-08-06,1133,N,VIIRS,h,2,314.18,49.7,D,0
36.72586,22.47053,367,0.39,0.36,2021-08-06,1133,N,VIIRS,l,2,343.28,49.7,D,0
36.72712,22.4793,367,0.39,0.36,2021-08-06,1133,N,VIIRS,l,2,375.36,166.7,D,0
36.72522,22.4661,354.5,0.39,0.36,2021-08-06,1133,N,VIIRS,n,2,318.67,49.7,D,0
36.72649,22.47491,367,0.39,0.36,2021-08-06,1133,N,VIIRS,h,2,335.54,166.7,D,0
36.72253,22.47124,367,0.39,0.36,2021-08-06,1133,N,VIIRS,l,2,325.17,60.47,D,0
36.72316,22.47563,367,0.39,0.36,2021-08-06,1133,N,VIIRS,l,2,339.47,222.72,D,0
36.78779,22.38884,367,0.39,0.36,2021-08-06,1133,N,VIIRS,h,2,346.51,154.72,D,0
38.85895,23.29284,341.9,0.42,0.38,2021-08-06,1134,N,VIIRS,n,2,311.69,6.77,D,0
37.65219,21.6748,347.13,0.39,0.36,2021-08-06,1134,N,VIIRS,n,2,312.33,17.31,D,0
37.65678,21.68274,338.73,0.39,0.36,2021-08-06,1134,N,VIIRS,n,2,308.66,18.06,D,0
37.65614,21.67838,348.57,0.39,0.36,2021-08-06,1134,N,VIIRS,n,2,310.76,17.31,D,0
37.65294,21.65657,344.37,0.39,0.36,2021-08-06,1134,N,VIIRS,n,2,311.08,8.77,D,0
37.66391,21.70808,346.52,0.39,0.36,2021-08-06,1134,N,VIIRS,n,2,305.08,12.85,D,0
37.66721,21.70728,353.21,0.39,0.36,2021-08-06,1134,N,VIIRS,n,2,311.62,12.85,D,0
37.67561,21.74131,347.15,0.39,0.36,2021-08-06,1134,N,VIIRS,n,2,305.76,101.92,D,0
37.67498,21.73695,340.61,0.39,0.36,2021-08-06,1134,N,VIIRS,n,2,305.55,80.02,D,0
37.67956,21.74489,346.77,0.39,0.36,2021-08-06,1134,N,VIIRS,n,2,305.49,101.92,D,0
37.67892,21.74053,367,0.39,0.36,2021-08-06,1134,N,VIIRS,l,2,367.49,101.92,D,0
37.67828,21.73617,367,0.39,0.36,2021-08-06,1134,N,VIIRS,l,2,355.48,80.02,D,0
37.68222,21.73974,367,0.39,0.36,2021-08-06,1134,N,VIIRS,h,2,340.97,171.71,D,0
37.68159,21.73539,367,0.39,0.36,2021-08-06,1134,N,VIIRS,h,2,350.63,51.32,D,0
37.68032,21.7267,367,0.39,0.36,2021-08-06,1134,N,VIIRS,h,2,319.15,21.18,D,0
37.68287,21.7441,350.94,0.39,0.36,2021-08-06,1134,N,VIIRS,n,2,303.01,171.71,D,0
37.67968,21.72236,356.38,0.39,0.36,2021-08-06,1134,N,VIIRS,n,2,313.92,21.18,D,0
37.67905,21.71801,353.44,0.39,0.36,2021-08-06,1134,N,VIIRS,n,2,311.08,11.91,D,0
37.68095,21.73104,351.21,0.39,0.36,2021-08-06,1134,N,VIIRS,l,2,331.3,51.32,D,0
37.68489,21.73462,367,0.39,0.36,2021-08-06,1134,N,VIIRS,h,2,336.7,51.32,D,0
37.68681,21.74767,348.02,0.39,0.36,2021-08-06,1134,N,VIIRS,n,2,303.5,97.58,D,0
37.68426,21.73027,356.35,0.39,0.36,2021-08-06,1134,N,VIIRS,n,2,322.79,51.32,D,0
37.68362,21.72592,355.93,0.39,0.36,2021-08-06,1134,N,VIIRS,n,2,320.33,21.18,D,0
37.68299,21.72158,355.63,0.39,0.36,2021-08-06,1134,N,VIIRS,n,2,316.75,21.18,D,0
37.68617,21.74332,367,0.39,0.36,2021-08-06,1134,N,VIIRS,l,2,371.8,171.71,D,0
37.68554,21.73896,367,0.39,0.36,2021-08-06,1134,N,VIIRS,l,2,371.43,171.71,D,0
37.68947,21.74252,344.94,0.39,0.36,2021-08-06,1134,N,VIIRS,n,2,307.92,197.32,D,0
37.68821,21.73384,354.42,0.39,0.36,2021-08-06,1134,N,VIIRS,n,2,310.22,29.22,D,0
37.68756,21.72948,355.48,0.39,0.36,2021-08-06,1134,N,VIIRS,n,2,306.48,29.22,D,0
37.68629,21.72079,351.23,0.39,0.36,2021-08-06,1134,N,VIIRS,n,2,310.91,21.79,D,0
37.69544,21.73657,341.59,0.39,0.36,2021-08-06,1134,N,VIIRS,n,2,302.31,17.25,D,0
37.70002,21.74448,367,0.39,0.36,2021-08-06,1134,N,VIIRS,h,2,354.73,118.84,D,0
37.70065,21.74884,340.6,0.39,0.36,2021-08-06,1134,N,VIIRS,n,2,299.84,118.84,D,0
37.69938,21.74012,346.15,0.39,0.36,2021-08-06,1134,N,VIIRS,n,2,302.33,17.25,D,0
37.6981,21.73141,347.45,0.39,0.36,2021-08-06,1134,N,VIIRS,n,2,316.72,45.11,D,0
37.70331,21.74368,367,0.39,0.36,2021-08-06,1134,N,VIIRS,h,2,333.52,218.09,D,0
37.70268,21.73933,367,0.39,0.36,2021-08-06,1134,N,VIIRS,h,2,339.06,102.75,D,0
37.70204,21.73497,367,0.39,0.36,2021-08-06,1134,N,VIIRS,l,2,342.05,102.75,D,0
37.70535,21.73418,356.1,0.39,0.36,2021-08-06,1134,N,VIIRS,n,2,311.15,102.75,D,0
37.71578,21.69742,348.7,0.39,0.36,2021-08-06,1134,N,VIIRS,n,2,312.64,49.3,D,0
37.6871,21.4792,349.5,0.39,0.36,2021-08-06,1134,N,VIIRS,n,2,313.62,6.59,D,0
37.7224,21.69591,354.98,0.39,0.36,2021-08-06,1134,N,VIIRS,n,2,312.29,29.66,D,0
37.72112,21.68718,348.36,0.39,0.36,2021-08-06,1134,N,VIIRS,n,2,313.36,32.29,D,0
37.69104,21.48274,353.07,0.39,0.36,2021-08-06,1134,N,VIIRS,n,2,315.46,16.36,D,0
37.6904,21.47841,349.93,0.39,0.36,2021-08-06,1134,N,VIIRS,n,2,319.71,16.36,D,0
37.69627,21.49495,346.48,0.39,0.36,2021-08-06,1134,N,VIIRS,n,2,317.97,25.31,D,0
37.69957,21.49418,367,0.39,0.36,2021-08-06,1134,N,VIIRS,h,2,321.9,36.58,D,0
37.72074,21.63791,349.6,0.39,0.36,2021-08-06,1134,N,VIIRS,n,2,313.21,38.82,D,0
37.69893,21.48984,322.11,0.39,0.36,2021-08-06,1134,N,VIIRS,l,2,322.79,31.72,D,0
37.70425,21.47961,340.72,0.39,0.36,2021-08-06,1134,N,VIIRS,l,2,311.53,2.98,D,0
37.72427,21.5921,352.02,0.39,0.36,2021-08-06,1134,N,VIIRS,n,2,316.52,30.07,D,0
38.13467,23.82813,367,0.43,0.38,2021-08-06,1134,N,VIIRS,h,2,339.06,47.54,D,0
38.13815,23.82734,356.37,0.43,0.38,2021-08-06,1134,N,VIIRS,n,2,316.15,47.54,D,0
38.13753,23.82245,352.74,0.43,0.38,2021-08-06,1134,N,VIIRS,l,2,331.74,47.54,D,0
38.14162,23.82655,353.52,0.43,0.38,2021-08-06,1134,N,VIIRS,n,2,322.9,5.99,D,0
38.141,23.82164,367,0.43,0.38,2021-08-06,1134,N,VIIRS,l,2,327.38,5.99,D,0
38.14697,23.84056,354.78,0.43,0.38,2021-08-06,1134,N,VIIRS,n,2,315.49,28.51,D,0
38.14635,23.83563,354.99,0.43,0.38,2021-08-06,1134,N,VIIRS,l,2,326.4,17.29,D,0
38.14572,23.83069,346.97,0.43,0.38,2021-08-06,1134,N,VIIRS,l,2,320.48,17.29,D,0
38.14509,23.82575,367,0.43,0.38,2021-08-06,1134,N,VIIRS,l,2,325.83,5.99,D,0
38.14447,23.82084,350.71,0.43,0.38,2021-08-06,1134,N,VIIRS,l,2,326.43,5.99,D,0
38.15045,23.83978,349.01,0.43,0.38,2021-08-06,1134,N,VIIRS,l,2,320.95,30.44,D,0
38.14982,23.83484,352.32,0.43,0.38,2021-08-06,1134,N,VIIRS,n,2,325.97,39.04,D,0
38.1492,23.8299,367,0.43,0.38,2021-08-06,1134,N,VIIRS,l,2,331.41,39.04,D,0
38.16022,23.88865,367,0.43,0.38,2021-08-06,1134,N,VIIRS,h,2,314.95,33.43,D,0
38.16084,23.89362,348.66,0.43,0.38,2021-08-06,1134,N,VIIRS,n,2,309.87,33.43,D,0
38.15582,23.85393,350.99,0.43,0.38,2021-08-06,1134,N,VIIRS,n,2,312.37,28.46,D,0
38.15393,23.83899,354.67,0.43,0.38,2021-08-06,1134,N,VIIRS,n,2,323.5,30.44,D,0
38.15455,23.84395,367,0.43,0.38,2021-08-06,1134,N,VIIRS,l,2,327.19,30.44,D,0
38.16435,23.893,350.82,0.43,0.38,2021-08-06,1134,N,VIIRS,n,2,309.42,91.62,D,0
38.16247,23.87814,343.45,0.43,0.38,2021-08-06,1134,N,VIIRS,n,2,306.38,149.09,D,0
38.16372,23.88806,367,0.43,0.38,2021-08-06,1134,N,VIIRS,l,2,335.5,91.62,D,0
38.16309,23.8831,367,0.43,0.38,2021-08-06,1134,N,VIIRS,l,2,370.21,149.09,D,0
38.16597,23.87748,367,0.43,0.38,2021-08-06,1134,N,VIIRS,h,2,336.49,149.09,D,0
38.16723,23.88741,348.64,0.43,0.38,2021-08-06,1134,N,VIIRS,n,2,303.52,91.62,D,0
38.1666,23.88246,357.65,0.43,0.38,2021-08-06,1134,N,VIIRS,n,2,321.4,149.09,D,0
38.16534,23.87253,339.55,0.43,0.38,2021-08-06,1134,N,VIIRS,n,2,305.52,3.68,D,0
38.17135,23.89167,350.73,0.43,0.38,2021-08-06,1134,N,VIIRS,n,2,314.33,38.34,D,0
38.1701,23.88181,352.86,0.43,0.38,2021-08-06,1134,N,VIIRS,n,2,309.4,10.5,D,0
38.16947,23.87684,352.74,0.43,0.38,2021-08-06,1134,N,VIIRS,n,2,308.44,10.5,D,0
38.15937,23.7975,367,0.43,0.38,2021-08-06,1134,N,VIIRS,l,2,325.28,73.01,D,0
38.16222,23.79181,367,0.43,0.38,2021-08-06,1134,N,VIIRS,h,2,347.52,111.49,D,0
38.17484,23.89093,337.48,0.43,0.38,2021-08-06,1134,N,VIIRS,n,2,304.51,38.34,D,0
38.1736,23.88112,342.31,0.43,0.38,2021-08-06,1134,N,VIIRS,n,2,304.34,10.5,D,0
38.17297,23.87617,347.9,0.43,0.38,2021-08-06,1134,N,VIIRS,n,2,307.68,10.5,D,0
38.17234,23.87122,348.35,0.43,0.38,2021-08-06,1134,N,VIIRS,n,2,306.64,59.91,D,0
38.16505,23.78602,367,0.43,0.38,2021-08-06,1134,N,VIIRS,h,2,326.06,15.72,D,0
38.16568,23.79095,349.06,0.43,0.38,2021-08-06,1134,N,VIIRS,n,2,321.53,15.72,D,0
38.18917,23.86273,367,0.43,0.38,2021-08-06,1134,N,VIIRS,h,2,330.67,75.46,D,0
38.17888,23.78252,350.3,0.43,0.38,2021-08-06,1134,N,VIIRS,l,2,332.03,87.43,D,0
38.18237,23.78189,367,0.43,0.38,2021-08-06,1134,N,VIIRS,h,2,337.36,87.43,D,0
38.19266,23.862,351.16,0.43,0.38,2021-08-06,1134,N,VIIRS,l,2,327.93,75.46,D,0
38.19615,23.86128,344.98,0.43,0.38,2021-08-06,1134,N,VIIRS,l,2,318.59,62.39,D,0
38.19552,23.85632,343.41,0.43,0.38,2021-08-06,1134,N,VIIRS,n,2,309.45,9.35,D,0
38.19837,23.85063,344.48,0.43,0.38,2021-08-06,1134,N,VIIRS,n,2,309.41,9.35,D,0
38.19543,23.79998,353.12,0.43,0.38,2021-08-06,1134,N,VIIRS,n,2,313.29,23.62,D,0
38.19479,23.79502,348.79,0.43,0.38,2021-08-06,1134,N,VIIRS,n,2,314.52,9.45,D,0
38.20469,23.84409,341.82,0.43,0.38,2021-08-06,1134,N,VIIRS,n,2,307.54,9.42,D,0
38.20405,23.83914,348.25,0.43,0.38,2021-08-06,1134,N,VIIRS,n,2,306.26,9.42,D,0
38.20082,23.81407,347.51,0.43,0.38,2021-08-06,1134,N,VIIRS,n,2,314.9,8.15,D,0
38.20018,23.80911,349,0.43,0.38,2021-08-06,1134,N,VIIRS,n,2,316.75,8.15,D,0
38.19954,23.80417,355.33,0.43,0.38,2021-08-06,1134,N,VIIRS,n,2,322.17,23.62,D,0
38.19891,23.79923,344.18,0.43,0.38,2021-08-06,1134,N,VIIRS,l,2,316.82,23.62,D,0
38.20752,23.8383,349.06,0.43,0.38,2021-08-06,1134,N,VIIRS,n,2,312.13,29.01,D,0
38.20302,23.80339,346.08,0.43,0.38,2021-08-06,1134,N,VIIRS,n,2,306.81,8.27,D,0
38.20429,23.81327,367,0.43,0.38,2021-08-06,1134,N,VIIRS,l,2,329.32,70.38,D,0
38.20775,23.81239,367,0.43,0.38,2021-08-06,1134,N,VIIRS,h,2,338.77,70.38,D,0
38.2084,23.81738,350.43,0.43,0.38,2021-08-06,1134,N,VIIRS,n,2,310.41,16.11,D,0
38.20781,23.8402,340,0.43,0.38,2021-08-06,1134,N,VIIRS,n,2,309.75,23.23,D,0
38.20469,23.81513,346.34,0.43,0.38,2021-08-06,1134,N,VIIRS,l,2,318.64,57.5,D,0
38.21255,23.8495,337.02,0.43,0.38,2021-08-06,1134,N,VIIRS,l,2,309.19,3.61,D,0
38.20878,23.81926,343.9,0.43,0.38,2021-08-06,1134,N,VIIRS,n,2,307.76,9.53,D,0
38.20815,23.81423,367,0.43,0.38,2021-08-06,1134,N,VIIRS,l,2,341,57.5,D,0
38.20753,23.80929,312.68,0.43,0.38,2021-08-06,1134,N,VIIRS,l,2,313.67,57.5,D,0
38.21162,23.81334,367,0.43,0.38,2021-08-06,1134,N,VIIRS,h,2,356.02,276.77,D,0
38.21603,23.8487,352.69,0.43,0.38,2021-08-06,1134,N,VIIRS,n,2,313.84,14.2,D,0
38.21288,23.82343,338.39,0.43,0.38,2021-08-06,1134,N,VIIRS,l,2,312,27.96,D,0
38.21224,23.81835,349.82,0.43,0.38,2021-08-06,1134,N,VIIRS,n,2,324.41,27.96,D,0
38.21951,23.84791,339.46,0.43,0.38,2021-08-06,1134,N,VIIRS,l,2,313.68,14.2,D,0
38.21887,23.84279,356.87,0.43,0.38,2021-08-06,1134,N,VIIRS,n,2,319.04,15.52,D,0
38.21824,23.83768,343,0.43,0.38,2021-08-06,1134,N,VIIRS,l,2,315.88,15.52,D,0
38.21761,23.83272,340.12,0.43,0.38,2021-08-06,1134,N,VIIRS,l,2,315.08,10.56,D,0
38.21636,23.82268,352.92,0.43,0.38,2021-08-06,1134,N,VIIRS,n,2,319.57,27.96,D,0
38.21572,23.81761,357.16,0.43,0.38,2021-08-06,1134,N,VIIRS,n,2,320.06,27.96,D,0
38.22173,23.83696,356.11,0.43,0.38,2021-08-06,1134,N,VIIRS,n,2,309.65,13.85,D,0
38.2211,23.832,356.86,0.43,0.38,2021-08-06,1134,N,VIIRS,n,2,310.92,26.53,D,0
38.22049,23.82707,356.59,0.43,0.38,2021-08-06,1134,N,VIIRS,n,2,316.38,26.53,D,0
38.37025,22.17577,351.02,0.39,0.36,2021-08-06,1134,N,VIIRS,n,2,311.34,68.78,D,0
38.36898,22.16677,339.61,0.39,0.36,2021-08-06,1134,N,VIIRS,n,2,305.1,23.3,D,0
38.36961,22.17122,367,0.39,0.36,2021-08-06,1134,N,VIIRS,l,2,327.17,23.3,D,0
38.37359,22.175,342.87,0.39,0.36,2021-08-06,1134,N,VIIRS,n,2,311.51,39.64,D,0
38.37231,22.16594,352.38,0.39,0.36,2021-08-06,1134,N,VIIRS,n,2,315.49,74.64,D,0
38.37169,22.16153,341.07,0.39,0.36,2021-08-06,1134,N,VIIRS,n,2,307.89,5.52,D,0
38.37108,22.1572,339.51,0.39,0.36,2021-08-06,1134,N,VIIRS,n,2,305.67,5.52,D,0
38.37441,22.15636,351.18,0.39,0.36,2021-08-06,1134,N,VIIRS,n,2,310.99,5.52,D,0
38.37859,22.1371,341.35,0.39,0.36,2021-08-06,1134,N,VIIRS,l,2,315.73,3.76,D,0
38.40773,22.14838,336.71,0.39,0.36,2021-08-06,1134,N,VIIRS,n,2,302.13,7,D,0
38.41039,22.14292,344.82,0.39,0.36,2021-08-06,1134,N,VIIRS,n,2,304.66,3.06,D,0
38.63725,23.21935,344.72,0.42,0.37,2021-08-06,1134,N,VIIRS,n,2,315.13,10.04,D,0
38.64132,23.2234,351.23,0.42,0.37,2021-08-06,1134,N,VIIRS,n,2,318.08,41.07,D,0
38.64069,23.21861,353.89,0.42,0.37,2021-08-06,1134,N,VIIRS,n,2,317.22,10.04,D,0
38.64006,23.21384,348.58,0.42,0.37,2021-08-06,1134,N,VIIRS,n,2,317.15,10.04,D,0
38.64539,23.22747,337.76,0.42,0.37,2021-08-06,1134,N,VIIRS,l,2,311.85,7.66,D,0
38.64475,23.22264,353.18,0.42,0.37,2021-08-06,1134,N,VIIRS,n,2,314.2,7.66,D,0
38.64412,23.2179,351.15,0.42,0.37,2021-08-06,1134,N,VIIRS,n,2,320.09,20.02,D,0
38.6435,23.21315,353.19,0.42,0.37,2021-08-06,1134,N,VIIRS,n,2,326.05,20.02,D,0
38.64694,23.21245,367,0.42,0.37,2021-08-06,1134,N,VIIRS,h,2,323.14,20.02,D,0
38.64756,23.21718,353.96,0.42,0.37,2021-08-06,1134,N,VIIRS,n,2,318.02,20.02,D,0
38.64631,23.20769,367,0.42,0.37,2021-08-06,1134,N,VIIRS,l,2,328,33.1,D,0
38.65038,23.21174,367,0.42,0.37,2021-08-06,1134,N,VIIRS,h,2,338.85,119.02,D,0
38.64975,23.207,367,0.42,0.37,2021-08-06,1134,N,VIIRS,h,2,323.48,23.98,D,0
38.65319,23.2063,355.55,0.42,0.37,2021-08-06,1134,N,VIIRS,n,2,317.21,23.98,D,0
38.47986,21.2451,333.65,0.39,0.36,2021-08-06,1134,N,VIIRS,l,2,307.33,2.45,D,0
38.81443,23.44368,345.24,0.42,0.38,2021-08-06,1134,N,VIIRS,n,2,306.61,10.5,D,0
38.81853,23.44793,352.22,0.42,0.38,2021-08-06,1134,N,VIIRS,n,2,308.08,96.02,D,0
38.81728,23.43807,347.94,0.42,0.38,2021-08-06,1134,N,VIIRS,n,2,309.49,267.27,D,0
38.81791,23.44302,367,0.42,0.38,2021-08-06,1134,N,VIIRS,l,2,366.23,267.27,D,0
38.82138,23.44237,367,0.42,0.38,2021-08-06,1134,N,VIIRS,h,2,339.19,267.27,D,0
38.82075,23.43741,367,0.42,0.38,2021-08-06,1134,N,VIIRS,l,2,365.68,267.27,D,0
38.82484,23.44163,353.35,0.42,0.38,2021-08-06,1134,N,VIIRS,n,2,307.33,43.44,D,0
38.81985,23.40238,352.88,0.42,0.38,2021-08-06,1134,N,VIIRS,n,2,306.53,15.58,D,0
38.81236,23.34377,344.11,0.42,0.38,2021-08-06,1134,N,VIIRS,l,2,314.65,10.28,D,0
38.8242,23.43661,351.38,0.42,0.38,2021-08-06,1134,N,VIIRS,l,2,329.92,43.44,D,0
38.82356,23.43156,367,0.42,0.38,2021-08-06,1134,N,VIIRS,l,2,356.53,148.35,D,0
38.82767,23.43594,367,0.42,0.38,2021-08-06,1134,N,VIIRS,h,2,314.58,43.44,D,0
38.8264,23.42591,367,0.42,0.38,2021-08-06,1134,N,VIIRS,h,2,336.64,148.35,D,0
38.82704,23.43091,355.34,0.42,0.38,2021-08-06,1134,N,VIIRS,n,2,326.26,148.35,D,0
38.82577,23.42098,347.21,0.42,0.38,2021-08-06,1134,N,VIIRS,n,2,308.13,13.12,D,0
38.82331,23.40165,350,0.42,0.38,2021-08-06,1134,N,VIIRS,n,2,298.44,15.58,D,0
38.82268,23.39671,345.93,0.42,0.38,2021-08-06,1134,N,VIIRS,n,2,300.48,15.58,D,0
38.82082,23.38212,351.52,0.42,0.38,2021-08-06,1134,N,VIIRS,n,2,313.34,35.15,D,0
38.81956,23.37235,351.06,0.42,0.38,2021-08-06,1134,N,VIIRS,l,2,325.83,57.24,D,0
38.82986,23.42515,367,0.42,0.38,2021-08-06,1134,N,VIIRS,h,2,363.63,212.33,D,0
38.82923,23.42023,367,0.42,0.38,2021-08-06,1134,N,VIIRS,h,2,338.61,411.7,D,0
38.83049,23.43015,354.88,0.42,0.38,2021-08-06,1134,N,VIIRS,n,2,316.34,212.33,D,0
38.83332,23.42445,367,0.42,0.38,2021-08-06,1134,N,VIIRS,h,2,316.1,212.33,D,0
38.83363,23.34368,342.96,0.42,0.38,2021-08-06,1134,N,VIIRS,n,2,310.28,10.67,D,0
38.83707,23.34282,356.6,0.42,0.38,2021-08-06,1134,N,VIIRS,n,2,312.23,10.67,D,0
38.86416,23.30577,340.96,0.42,0.38,2021-08-06,1134,N,VIIRS,l,2,312.66,3.65,D,0
38.86249,23.23852,350.23,0.42,0.38,2021-08-06,1134,N,VIIRS,l,2,320.57,49.33,D,0
38.88227,23.36316,346.54,0.42,0.38,2021-08-06,1134,N,VIIRS,n,2,303.9,12.06,D,0
38.88161,23.35808,347.76,0.42,0.38,2021-08-06,1134,N,VIIRS,n,2,319.52,80.26,D,0
38.8797,23.34337,348.78,0.42,0.38,2021-08-06,1134,N,VIIRS,n,2,311.43,14.57,D,0
38.88829,23.38211,343.14,0.42,0.38,2021-08-06,1134,N,VIIRS,n,2,306.37,55.43,D,0
38.8851,23.35757,345.33,0.42,0.38,2021-08-06,1134,N,VIIRS,n,2,309.35,45.67,D,0
38.88378,23.34749,354.27,0.42,0.38,2021-08-06,1134,N,VIIRS,n,2,310.9,6.21,D,0
38.88314,23.34258,340.05,0.42,0.38,2021-08-06,1134,N,VIIRS,n,2,307.31,6.21,D,0
38.86997,23.24164,350.01,0.42,0.38,2021-08-06,1134,N,VIIRS,n,2,311.84,10.92,D,0
38.88443,23.35251,367,0.42,0.38,2021-08-06,1134,N,VIIRS,l,2,331.07,45.67,D,0
38.88923,23.36199,349.58,0.42,0.38,2021-08-06,1134,N,VIIRS,n,2,314.47,26.11,D,0
38.88857,23.35697,339.31,0.42,0.38,2021-08-06,1134,N,VIIRS,n,2,305.78,45.67,D,0
38.88791,23.35188,354.54,0.42,0.38,2021-08-06,1134,N,VIIRS,n,2,313.38,45.67,D,0
38.88723,23.34674,344.24,0.42,0.38,2021-08-06,1134,N,VIIRS,n,2,307.3,6.21,D,0
38.88659,23.34181,342.55,0.42,0.38,2021-08-06,1134,N,VIIRS,n,2,308.47,6.21,D,0
38.89457,23.3758,367,0.42,0.38,2021-08-06,1134,N,VIIRS,h,2,336.95,67.56,D,0
38.89585,23.38561,344.43,0.42,0.38,2021-08-06,1134,N,VIIRS,n,2,308.28,79.27,D,0
38.89267,23.36123,352.51,0.42,0.38,2021-08-06,1134,N,VIIRS,n,2,316.38,154.91,D,0
38.89202,23.35622,356.5,0.42,0.38,2021-08-06,1134,N,VIIRS,n,2,318.12,14.62,D,0
38.89137,23.35118,344.47,0.42,0.38,2021-08-06,1134,N,VIIRS,n,2,307.33,14.62,D,0
38.8952,23.38066,367,0.42,0.38,2021-08-06,1134,N,VIIRS,l,2,355.7,79.27,D,0
38.89547,23.35546,367,0.42,0.38,2021-08-06,1134,N,VIIRS,h,2,312.29,14.62,D,0
38.89931,23.38488,342.45,0.42,0.38,2021-08-06,1134,N,VIIRS,n,2,310.36,79.27,D,0
38.89866,23.37994,348.18,0.42,0.38,2021-08-06,1134,N,VIIRS,n,2,307.22,79.27,D,0
38.89803,23.37507,355.06,0.42,0.38,2021-08-06,1134,N,VIIRS,n,2,311.54,67.56,D,0
38.89482,23.35047,341.66,0.42,0.38,2021-08-06,1134,N,VIIRS,n,2,308.6,14.62,D,0
38.88089,23.24401,346.69,0.42,0.38,2021-08-06,1134,N,VIIRS,l,2,318.35,27.6,D,0
38.8974,23.37024,367,0.42,0.38,2021-08-06,1134,N,VIIRS,l,2,328.53,67.56,D,0
38.90085,23.36949,367,0.42,0.38,2021-08-06,1134,N,VIIRS,h,2,346.75,161.16,D,0
38.90022,23.36463,347,0.42,0.38,2021-08-06,1134,N,VIIRS,n,2,311.87,36.26,D,0
38.89958,23.3597,352.86,0.42,0.38,2021-08-06,1134,N,VIIRS,n,2,312.24,36.26,D,0
38.89892,23.3547,340.95,0.42,0.38,2021-08-06,1134,N,VIIRS,n,2,307.6,6.02,D,0
38.89827,23.34972,342.34,0.42,0.38,2021-08-06,1134,N,VIIRS,n,2,309.32,6.02,D,0
38.88435,23.24335,348.75,0.42,0.38,2021-08-06,1134,N,VIIRS,l,2,319.71,24.68,D,0
38.88841,23.24737,346.99,0.42,0.38,2021-08-06,1134,N,VIIRS,n,2,312.89,24.68,D,0
38.90263,23.37211,337.21,0.42,0.38,2021-08-06,1134,N,VIIRS,l,2,307.26,15.18,D,0
38.90202,23.36725,349.9,0.42,0.38,2021-08-06,1134,N,VIIRS,n,2,312.96,27.48,D,0
38.9014,23.36237,348.61,0.42,0.38,2021-08-06,1134,N,VIIRS,n,2,308.12,27.48,D,0
38.90076,23.3574,346.88,0.42,0.38,2021-08-06,1134,N,VIIRS,n,2,310.4,9.95,D,0
38.88654,23.24578,350.33,0.42,0.38,2021-08-06,1134,N,VIIRS,n,2,312.73,11.2,D,0
38.8906,23.24982,351.89,0.42,0.38,2021-08-06,1134,N,VIIRS,n,2,312.06,11.2,D,0
38.88999,23.24509,349.31,0.42,0.38,2021-08-06,1134,N,VIIRS,n,2,308.22,11.2,D,0
38.89811,23.25319,348.78,0.42,0.38,2021-08-06,1134,N,VIIRS,n,2,318.02,50.43,D,0
38.90155,23.25248,344.44,0.42,0.38,2021-08-06,1134,N,VIIRS,n,2,309.83,30.57,D,0
38.90561,23.25653,350.34,0.42,0.38,2021-08-06,1134,N,VIIRS,n,2,315.2,30.57,D,0
38.91027,23.26524,351.11,0.42,0.38,2021-08-06,1134,N,VIIRS,n,2,316.87,32.3,D,0
38.90967,23.26058,352.28,0.42,0.38,2021-08-06,1134,N,VIIRS,n,2,316.1,32.3,D,0
38.91372,23.26456,352.72,0.42,0.38,2021-08-06,1134,N,VIIRS,n,2,315.43,32.3,D,0
38.9231,23.2824,356.7,0.42,0.38,2021-08-06,1134,N,VIIRS,n,2,307.89,36.77,D,0
38.93064,23.28599,347.88,0.42,0.38,2021-08-06,1134,N,VIIRS,n,2,311.26,13.94,D,0
38.93782,23.31418,367,0.42,0.38,2021-08-06,1134,N,VIIRS,h,2,310.1,26.13,D,0
38.93661,23.30477,367,0.42,0.38,2021-08-06,1134,N,VIIRS,h,2,312.46,24.83,D,0
38.93968,23.32872,352.57,0.42,0.38,2021-08-06,1134,N,VIIRS,n,2,317.73,22.77,D,0
38.93906,23.32388,351.47,0.42,0.38,2021-08-06,1134,N,VIIRS,n,2,306.95,22.77,D,0
38.9372,23.30944,355.65,0.42,0.38,2021-08-06,1134,N,VIIRS,n,2,315.62,24.83,D,0
38.936,23.30005,351.79,0.42,0.38,2021-08-06,1134,N,VIIRS,n,2,312.54,32.69,D,0
38.93473,23.29023,343.86,0.42,0.38,2021-08-06,1134,N,VIIRS,n,2,311.47,15.85,D,0
38.94567,23.34771,367,0.42,0.38,2021-08-06,1134,N,VIIRS,h,2,314.66,16.73,D,0
38.94505,23.34289,367,0.42,0.38,2021-08-06,1134,N,VIIRS,h,2,314.49,16.73,D,0
38.94007,23.30415,367,0.42,0.38,2021-08-06,1134,N,VIIRS,h,2,304.45,24.83,D,0
38.95588,23.42744,341.28,0.42,0.38,2021-08-06,1134,N,VIIRS,n,2,301.95,10.53,D,3
38.9463,23.35265,349.67,0.42,0.38,2021-08-06,1134,N,VIIRS,n,2,312.16,11.4,D,0
38.94444,23.33808,355.07,0.42,0.38,2021-08-06,1134,N,VIIRS,n,2,315.36,28.9,D,0
38.9438,23.33313,355.01,0.42,0.38,2021-08-06,1134,N,VIIRS,n,2,309.69,28.9,D,0
38.93884,23.29457,356.63,0.42,0.38,2021-08-06,1134,N,VIIRS,n,2,316.63,32.69,D,0
38.93818,23.28954,356.55,0.42,0.38,2021-08-06,1134,N,VIIRS,n,2,316.91,15.85,D,0
38.93946,23.29941,367,0.42,0.38,2021-08-06,1134,N,VIIRS,l,2,331.32,32.69,D,0
38.95108,23.36217,367,0.42,0.38,2021-08-06,1134,N,VIIRS,h,2,311.7,12.45,D,0
38.95557,23.39722,339.37,0.42,0.38,2021-08-06,1134,N,VIIRS,l,2,312.73,74.93,D,0
38.95172,23.36717,350.24,0.42,0.38,2021-08-06,1134,N,VIIRS,n,2,312.6,12.45,D,0
38.95042,23.35708,351.41,0.42,0.38,2021-08-06,1134,N,VIIRS,n,2,321.47,38.13,D,0
38.94978,23.35209,347.84,0.42,0.38,2021-08-06,1134,N,VIIRS,n,2,312.48,38.13,D,0
38.94292,23.29877,340.06,0.42,0.38,2021-08-06,1134,N,VIIRS,n,2,305.33,30.37,D,0
38.94229,23.29388,354.07,0.42,0.38,2021-08-06,1134,N,VIIRS,n,2,317.8,30.37,D,0
38.9543,23.38726,367,0.42,0.38,2021-08-06,1134,N,VIIRS,l,2,326.91,117.65,D,0
38.95778,23.38667,367,0.42,0.38,2021-08-06,1134,N,VIIRS,l,2,340.41,117.65,D,0
39.07108,20.91371,348.62,0.38,0.36,2021-08-06,1134,N,VIIRS,n,2,304.07,14.98,D,0
39.07041,20.90929,343.17,0.38,0.36,2021-08-06,1134,N,VIIRS,n,2,304.27,14.98,D,0
39.07504,20.91733,353.57,0.38,0.36,2021-08-06,1134,N,VIIRS,n,2,307.99,33.06,D,0
39.07437,20.9129,350.05,0.38,0.36,2021-08-06,1134,N,VIIRS,n,2,312.37,14.98,D,0
39.07371,20.90848,336.05,0.38,0.36,2021-08-06,1134,N,VIIRS,n,2,303.35,14.98,D,0
39.70726,20.74564,339.27,0.38,0.36,2021-08-06,1134,N,VIIRS,n,2,305.98,2.23,D,0
39.75253,20.30534,333.2,0.38,0.36,2021-08-06,1134,N,VIIRS,n,2,299.56,4.51,D,0
40.03812,20.94622,335.73,0.39,0.36,2021-08-06,1134,N,VIIRS,n,2,299.27,4.5,D,0
40.04206,20.92647,336.53,0.39,0.36,2021-08-06,1134,N,VIIRS,n,2,303.94,2.72,D,0
40.04599,20.93,330.79,0.39,0.36,2021-08-06,1134,N,VIIRS,l,2,305.61,4.83,D,0
40.04535,20.92557,332.57,0.39,0.36,2021-08-06,1134,N,VIIRS,n,2,301.21,2.72,D,0
40.41616,22.04189,343.9,0.4,0.37,2021-08-06,1134,N,VIIRS,n,2,308.65,3.4,D,0
41.17859,24.04552,337.09,0.47,0.39,2021-08-06,1134,N,VIIRS,l,2,309.61,5.52,D,0
38.91892,23.25453,354.99,0.4,0.45,2021-08-06,2353,N,VIIRS,n,2,294.95,6.28,N,0
38.91845,23.25952,343.85,0.4,0.45,2021-08-06,2353,N,VIIRS,n,2,294.99,6.28,N,0
38.91797,23.26452,328.83,0.4,0.44,2021-08-06,2353,N,VIIRS,n,2,293.22,2.22,N,0
38.91749,23.26955,309.2,0.4,0.44,2021-08-06,2353,N,VIIRS,n,2,292.03,2.22,N,0
38.91484,23.2535,346.66,0.4,0.45,2021-08-06,2353,N,VIIRS,n,2,295.59,3.01,N,0
38.91434,23.25873,311.42,0.4,0.45,2021-08-06,2353,N,VIIRS,n,2,293.72,3.01,N,0
38.91123,23.24747,320.8,0.4,0.45,2021-08-06,2353,N,VIIRS,n,2,294.07,5.72,N,0
38.91074,23.25272,326.37,0.4,0.45,2021-08-06,2353,N,VIIRS,n,2,294.75,3.01,N,0
38.91023,23.25804,306.35,0.4,0.45,2021-08-06,2353,N,VIIRS,n,2,293.58,3.01,N,0
38.91741,23.25129,338.57,0.4,0.45,2021-08-06,2353,N,VIIRS,n,2,293.65,5.88,N,0
38.91689,23.25635,354.11,0.4,0.44,2021-08-06,2353,N,VIIRS,n,2,296.3,5.8,N,0
38.91637,23.26145,331.61,0.4,0.44,2021-08-06,2353,N,VIIRS,n,2,293.91,5.8,N,0
38.91586,23.26653,319.31,0.4,0.44,2021-08-06,2353,N,VIIRS,n,2,292.54,2.21,N,0
38.91334,23.25017,332.95,0.4,0.45,2021-08-06,2353,N,VIIRS,n,2,294.2,5.88,N,0
38.91281,23.25546,326.46,0.4,0.44,2021-08-06,2353,N,VIIRS,n,2,294.69,5.8,N,0
38.90921,23.24969,329.9,0.4,0.45,2021-08-06,2353,N,VIIRS,n,2,295.43,5.07,N,0
38.90607,23.23937,345.9,0.4,0.45,2021-08-06,2353,N,VIIRS,n,2,295.87,7.37,N,0
38.90557,23.2443,351.16,0.4,0.45,2021-08-06,2353,N,VIIRS,n,2,298.19,5.07,N,0
38.90506,23.24943,317.84,0.4,0.45,2021-08-06,2353,N,VIIRS,n,2,294.95,5.07,N,0
38.89333,23.36519,311.38,0.4,0.44,2021-08-06,2353,N,VIIRS,n,2,293.54,2.6,N,0
38.90193,23.23899,354.79,0.4,0.45,2021-08-06,2353,N,VIIRS,n,2,296.34,9.6,N,0
38.88831,23.37369,332.69,0.4,0.44,2021-08-06,2353,N,VIIRS,n,2,294.17,4.5,N,0
38.90143,23.24393,318.81,0.4,0.45,2021-08-06,2353,N,VIIRS,n,2,294.95,1.76,N,0
38.90092,23.24893,312.99,0.4,0.45,2021-08-06,2353,N,VIIRS,n,2,294.49,1.76,N,0
38.89779,23.23857,344.97,0.4,0.45,2021-08-06,2353,N,VIIRS,n,2,295.81,9.6,N,0
38.89729,23.24348,308.11,0.4,0.45,2021-08-06,2353,N,VIIRS,n,2,293.72,1.76,N,0
38.89414,23.23321,344.92,0.4,0.45,2021-08-06,2353,N,VIIRS,n,2,296.08,3.73,N,0
38.89367,23.23796,306.32,0.4,0.45,2021-08-06,2353,N,VIIRS,n,2,293.37,3.73,N,0
38.89046,23.2281,346.3,0.4,0.45,2021-08-06,2353,N,VIIRS,n,2,295.98,5.65,N,0
38.89001,23.2327,338.7,0.4,0.45,2021-08-06,2353,N,VIIRS,n,2,297.14,3.73,N,0
38.89097,23.22304,310.5,0.4,0.45,2021-08-06,2353,N,VIIRS,n,2,292.36,5.65,N,0
38.88956,23.23718,316.36,0.4,0.45,2021-08-06,2353,N,VIIRS,n,2,294.82,3.73,N,0
38.88683,23.22266,320.3,0.4,0.45,2021-08-06,2353,N,VIIRS,n,2,293.18,8.07,N,0
38.88633,23.22764,340.69,0.4,0.45,2021-08-06,2353,N,VIIRS,n,2,298.32,8.07,N,0
38.88588,23.23213,320.66,0.4,0.45,2021-08-06,2353,N,VIIRS,n,2,296.38,2.26,N,0
38.88545,23.23647,312.75,0.4,0.45,2021-08-06,2353,N,VIIRS,n,2,294.71,2.26,N,0
38.88269,23.22218,339.43,0.4,0.45,2021-08-06,2353,N,VIIRS,n,2,298.2,8.07,N,0
38.88221,23.22699,339.99,0.4,0.45,2021-08-06,2353,N,VIIRS,n,2,298.85,8.07,N,0
38.88176,23.23148,328.48,0.4,0.45,2021-08-06,2353,N,VIIRS,n,2,297.97,2.26,N,0
38.88133,23.23583,317.87,0.4,0.45,2021-08-06,2353,N,VIIRS,n,2,295.82,2.26,N,0
38.87855,23.22169,327.01,0.4,0.45,2021-08-06,2353,N,VIIRS,n,2,294.07,3.18,N,0
38.87809,23.22632,329.22,0.4,0.45,2021-08-06,2353,N,VIIRS,n,2,297.88,3.18,N,0
38.87765,23.23077,324.95,0.4,0.45,2021-08-06,2353,N,VIIRS,n,2,297.68,2.64,N,0
38.87722,23.23509,320.49,0.4,0.45,2021-08-06,2353,N,VIIRS,n,2,296.27,2.64,N,0
38.87442,23.22116,322.02,0.4,0.45,2021-08-06,2353,N,VIIRS,n,2,294.98,3.18,N,0
38.87399,23.22558,323.39,0.4,0.45,2021-08-06,2353,N,VIIRS,n,2,297.57,3.18,N,0
38.87356,23.22989,326.12,0.4,0.45,2021-08-06,2353,N,VIIRS,n,2,297.57,2.64,N,0
38.87313,23.23423,320.41,0.4,0.45,2021-08-06,2353,N,VIIRS,n,2,295.85,2.64,N,0
38.87267,23.23882,310.12,0.4,0.45,2021-08-06,2353,N,VIIRS,n,2,294.79,2.88,N,0
38.87073,23.2162,329.46,0.41,0.45,2021-08-06,2353,N,VIIRS,n,2,294.49,13.86,N,0
38.87029,23.22065,342.53,0.4,0.45,2021-08-06,2353,N,VIIRS,n,2,299.35,7.52,N,0
38.86987,23.2249,324.23,0.4,0.45,2021-08-06,2353,N,VIIRS,n,2,296.3,7.52,N,0
38.86945,23.2291,327.61,0.4,0.45,2021-08-06,2353,N,VIIRS,n,2,297.39,3.12,N,0
38.86903,23.23341,320.71,0.4,0.45,2021-08-06,2353,N,VIIRS,n,2,296.2,3.12,N,0
38.86858,23.23795,309.5,0.4,0.45,2021-08-06,2353,N,VIIRS,n,2,294.54,2.1,N,0
38.86657,23.21587,355.46,0.41,0.45,2021-08-06,2353,N,VIIRS,n,2,306.6,13.86,N,0
38.86616,23.22012,367,0.4,0.45,2021-08-06,2353,N,VIIRS,h,2,306.95,7.52,N,0
38.86575,23.22428,337.46,0.4,0.45,2021-08-06,2353,N,VIIRS,n,2,299.19,7.52,N,0
38.86534,23.22843,327.69,0.4,0.45,2021-08-06,2353,N,VIIRS,n,2,298.58,3.12,N,0
38.86492,23.23268,327.58,0.4,0.45,2021-08-06,2353,N,VIIRS,n,2,299.05,3.12,N,0
38.867,23.21154,306.88,0.41,0.45,2021-08-06,2353,N,VIIRS,n,2,291.72,13.86,N,0
38.86448,23.23714,313.1,0.4,0.45,2021-08-06,2353,N,VIIRS,n,2,295.34,2.1,N,0
38.86242,23.21553,367,0.41,0.45,2021-08-06,2353,N,VIIRS,h,2,302.66,10.99,N,0
38.86203,23.2196,352.24,0.4,0.45,2021-08-06,2353,N,VIIRS,n,2,301.13,13.49,N,0
38.86162,23.22369,338.64,0.4,0.45,2021-08-06,2353,N,VIIRS,n,2,298.78,13.49,N,0
38.86121,23.22781,336.81,0.4,0.45,2021-08-06,2353,N,VIIRS,n,2,299.79,4,N,0
38.8608,23.23205,328.08,0.4,0.45,2021-08-06,2353,N,VIIRS,n,2,299.58,4,N,0
38.86284,23.21132,311.76,0.41,0.45,2021-08-06,2353,N,VIIRS,n,2,292.04,10.99,N,0
38.86036,23.23649,318.43,0.4,0.45,2021-08-06,2353,N,VIIRS,n,2,295.71,2.95,N,0
38.85829,23.21506,349.24,0.41,0.45,2021-08-06,2353,N,VIIRS,n,2,297.06,10.99,N,0
38.85789,23.21913,367,0.4,0.45,2021-08-06,2353,N,VIIRS,h,2,304.27,13.49,N,0
38.85749,23.2232,349.75,0.4,0.45,2021-08-06,2353,N,VIIRS,n,2,301.31,13.49,N,0
38.85709,23.22728,329.24,0.4,0.45,2021-08-06,2353,N,VIIRS,n,2,299.6,4,N,0
38.85667,23.23151,326.68,0.4,0.45,2021-08-06,2353,N,VIIRS,n,2,298.89,4,N,0
38.85624,23.23592,320.15,0.4,0.45,2021-08-06,2353,N,VIIRS,n,2,296.1,2.95,N,0
38.85872,23.21068,318.85,0.41,0.45,2021-08-06,2353,N,VIIRS,n,2,292.35,10.99,N,0
38.85417,23.21437,333.05,0.41,0.45,2021-08-06,2353,N,VIIRS,n,2,294.67,25.69,N,0
38.85377,23.21846,367,0.4,0.45,2021-08-06,2353,N,VIIRS,h,2,338.01,68.53,N,0
38.85337,23.22253,329.7,0.4,0.45,2021-08-06,2353,N,VIIRS,n,2,312.26,68.53,N,0
38.85297,23.22658,334.66,0.4,0.45,2021-08-06,2353,N,VIIRS,n,2,299.57,6.83,N,0
38.85256,23.23079,335.5,0.4,0.45,2021-08-06,2353,N,VIIRS,n,2,300.5,6.83,N,0
38.85212,23.23535,340.16,0.4,0.45,2021-08-06,2353,N,VIIRS,n,2,298.24,9.76,N,0
38.85012,23.21306,355.61,0.41,0.45,2021-08-06,2353,N,VIIRS,n,2,307.69,25.69,N,0
38.8497,23.21734,355.33,0.4,0.45,2021-08-06,2353,N,VIIRS,n,2,313.6,68.53,N,0
38.84929,23.22144,350.59,0.4,0.45,2021-08-06,2353,N,VIIRS,n,2,302.71,68.53,N,0
38.8489,23.22542,314.44,0.4,0.45,2021-08-06,2353,N,VIIRS,n,2,297.13,6.83,N,0
38.83259,23.39133,304.01,0.4,0.44,2021-08-06,2353,N,VIIRS,n,2,284.38,2.77,N,0
38.82814,23.43611,310.79,0.39,0.44,2021-08-06,2353,N,VIIRS,n,2,294.84,4.72,N,0
38.84609,23.21135,351.79,0.41,0.45,2021-08-06,2353,N,VIIRS,n,2,309.18,64.28,N,0
38.84564,23.21599,348,0.4,0.45,2021-08-06,2353,N,VIIRS,n,2,303.21,40.89,N,0
38.84523,23.22023,324.93,0.4,0.45,2021-08-06,2353,N,VIIRS,n,2,298.53,40.89,N,0
38.84483,23.22426,316.05,0.4,0.45,2021-08-06,2353,N,VIIRS,n,2,297.41,2.58,N,0
38.82808,23.39497,305.71,0.4,0.44,2021-08-06,2353,N,VIIRS,n,2,284.87,1.33,N,0
38.82581,23.4179,312.32,0.4,0.44,2021-08-06,2353,N,VIIRS,n,2,293.31,2.79,N,0
38.84258,23.20436,326.29,0.41,0.45,2021-08-06,2353,N,VIIRS,n,2,295.42,64.28,N,0
38.84208,23.20965,349.72,0.41,0.45,2021-08-06,2353,N,VIIRS,n,2,333.08,64.28,N,0
38.8416,23.2145,367,0.4,0.45,2021-08-06,2353,N,VIIRS,h,2,344.29,40.89,N,0
38.84118,23.21883,345.83,0.4,0.45,2021-08-06,2353,N,VIIRS,n,2,309.98,40.89,N,0
38.8191,23.44385,320.07,0.39,0.44,2021-08-06,2353,N,VIIRS,n,2,296.19,6.01,N,0
38.84077,23.22307,315.16,0.4,0.45,2021-08-06,2353,N,VIIRS,n,2,296.89,2.58,N,0
38.84035,23.22732,309.75,0.4,0.45,2021-08-06,2353,N,VIIRS,n,2,296.02,2.58,N,0
38.82492,23.38505,307.35,0.4,0.44,2021-08-06,2353,N,VIIRS,n,2,277.52,2.95,N,0
38.82446,23.38969,314.29,0.4,0.44,2021-08-06,2353,N,VIIRS,n,2,282.19,1.33,N,0
38.82401,23.3942,307.35,0.4,0.44,2021-08-06,2353,N,VIIRS,n,2,285.56,1.33,N,0
38.82129,23.42182,310.01,0.4,0.44,2021-08-06,2353,N,VIIRS,n,2,293.25,2.79,N,0
38.83852,23.20301,343.99,0.41,0.45,2021-08-06,2353,N,VIIRS,n,2,300.67,290.69,N,0
38.83756,23.21295,367,0.4,0.45,2021-08-06,2353,N,VIIRS,h,2,328.98,54.72,N,0
38.83713,23.21739,356.77,0.4,0.45,2021-08-06,2353,N,VIIRS,n,2,310.89,54.72,N,0
38.8367,23.22179,323.44,0.4,0.45,2021-08-06,2353,N,VIIRS,n,2,297.67,4.3,N,0
38.81994,23.39349,320.27,0.4,0.44,2021-08-06,2353,N,VIIRS,n,2,292.16,6.86,N,0
38.81949,23.398,331.13,0.4,0.44,2021-08-06,2353,N,VIIRS,n,2,293.66,4.27,N,0
38.83902,23.1978,310.65,0.41,0.45,2021-08-06,2353,N,VIIRS,n,2,296.08,2.81,N,0
38.83627,23.22629,315.6,0.4,0.45,2021-08-06,2353,N,VIIRS,n,2,296.85,4.3,N,0
38.82131,23.37953,308.93,0.4,0.44,2021-08-06,2353,N,VIIRS,n,2,275.55,1.76,N,0
38.82085,23.38426,312.25,0.4,0.44,2021-08-06,2353,N,VIIRS,n,2,278.42,1.76,N,0
38.82038,23.38895,311.41,0.4,0.44,2021-08-06,2353,N,VIIRS,n,2,291.25,6.86,N,0
38.81905,23.40245,309.47,0.4,0.44,2021-08-06,2353,N,VIIRS,n,2,293.36,4.27,N,0
38.81722,23.42106,316.03,0.4,0.44,2021-08-06,2353,N,VIIRS,n,2,290.84,2.25,N,0
38.81676,23.42567,310,0.4,0.44,2021-08-06,2353,N,VIIRS,n,2,292.11,5.93,N,0
38.81589,23.43452,309.13,0.39,0.44,2021-08-06,2353,N,VIIRS,n,2,293.95,6.02,N,0
38.81501,23.44334,315.73,0.39,0.44,2021-08-06,2353,N,VIIRS,n,2,294.84,3.28,N,0
38.81457,23.44784,313.65,0.39,0.44,2021-08-06,2353,N,VIIRS,n,2,293.9,3.28,N,0
38.8345,23.20124,343.2,0.41,0.45,2021-08-06,2353,N,VIIRS,n,2,298.25,290.69,N,0
38.83353,23.21129,330.21,0.4,0.45,2021-08-06,2353,N,VIIRS,n,2,318.17,54.72,N,0
38.83309,23.21593,367,0.4,0.45,2021-08-06,2353,N,VIIRS,h,2,305.58,54.72,N,0
38.83265,23.22044,336.98,0.4,0.45,2021-08-06,2353,N,VIIRS,n,2,298.07,4.3,N,0
38.8322,23.22503,334.43,0.4,0.45,2021-08-06,2353,N,VIIRS,n,2,296.21,4.3,N,0
38.81768,23.37429,323.66,0.4,0.44,2021-08-06,2353,N,VIIRS,n,2,280.6,2.04,N,0
38.81723,23.37888,326.86,0.4,0.44,2021-08-06,2353,N,VIIRS,n,2,284.89,1.76,N,0
38.81676,23.38362,324.97,0.4,0.44,2021-08-06,2353,N,VIIRS,n,2,285.39,1.76,N,0
38.8163,23.38835,337.87,0.4,0.44,2021-08-06,2353,N,VIIRS,n,2,292.12,6.86,N,0
38.81585,23.39294,355.53,0.4,0.44,2021-08-06,2353,N,VIIRS,n,2,301.78,6.86,N,0
38.81541,23.39745,353.84,0.4,0.44,2021-08-06,2353,N,VIIRS,n,2,298.82,4.27,N,0
38.81496,23.40188,326.75,0.4,0.44,2021-08-06,2353,N,VIIRS,n,2,295.52,4.27,N,0
38.83496,23.19638,309.94,0.41,0.45,2021-08-06,2353,N,VIIRS,n,2,296.49,2.81,N,0
38.83173,23.23001,316.86,0.4,0.45,2021-08-06,2353,N,VIIRS,n,2,294.56,5.32,N,0
38.81811,23.36982,319.61,0.4,0.44,2021-08-06,2353,N,VIIRS,n,2,277.22,2.04,N,0
38.81453,23.40637,315.22,0.4,0.44,2021-08-06,2353,N,VIIRS,n,2,290.61,3.14,N,0
38.81407,23.411,316.83,0.4,0.44,2021-08-06,2353,N,VIIRS,n,2,290.18,3.14,N,0
38.81361,23.41565,313.9,0.4,0.44,2021-08-06,2353,N,VIIRS,n,2,289.12,2.25,N,0
38.81315,23.42033,309.84,0.4,0.44,2021-08-06,2353,N,VIIRS,n,2,291.84,2.25,N,0
38.82999,23.20456,355.21,0.41,0.45,2021-08-06,2353,N,VIIRS,n,2,298.37,93.82,N,0
38.82953,23.20934,356.6,0.4,0.45,2021-08-06,2353,N,VIIRS,n,2,298.97,54.16,N,0
38.82905,23.21434,353.77,0.4,0.45,2021-08-06,2353,N,VIIRS,n,2,301.23,54.16,N,0
38.82861,23.21896,329.82,0.4,0.45,2021-08-06,2353,N,VIIRS,n,2,285.19,3.45,N,0
38.81448,23.36455,323.4,0.4,0.44,2021-08-06,2353,N,VIIRS,n,2,282.55,6.37,N,0
38.81404,23.369,325.66,0.4,0.44,2021-08-06,2353,N,VIIRS,n,2,284.76,4.03,N,0
38.8136,23.37352,329.8,0.4,0.44,2021-08-06,2353,N,VIIRS,n,2,285.07,4.03,N,0
38.81314,23.37822,321.41,0.4,0.44,2021-08-06,2353,N,VIIRS,n,2,292,2.7,N,0
38.81221,23.38773,344.89,0.4,0.44,2021-08-06,2353,N,VIIRS,n,2,302.94,43.83,N,0
38.81176,23.39235,326.72,0.4,0.44,2021-08-06,2353,N,VIIRS,n,2,316.71,43.83,N,0
38.81088,23.40131,325.6,0.4,0.44,2021-08-06,2353,N,VIIRS,n,2,295.34,6.21,N,0
38.81044,23.40579,324.37,0.4,0.44,2021-08-06,2353,N,VIIRS,n,2,285.49,2.3,N,0
38.80999,23.41033,320.13,0.4,0.44,2021-08-06,2353,N,VIIRS,n,2,285.33,2.3,N,0
38.82813,23.22388,311.13,0.4,0.45,2021-08-06,2353,N,VIIRS,n,2,285.39,3.45,N,0
38.81268,23.38298,318.87,0.4,0.44,2021-08-06,2353,N,VIIRS,n,2,292.24,2.7,N,0
38.81131,23.39686,319.34,0.4,0.44,2021-08-06,2353,N,VIIRS,n,2,294.76,6.21,N,0
38.80954,23.41492,317.87,0.4,0.44,2021-08-06,2353,N,VIIRS,n,2,288.1,6.03,N,0
38.82497,23.21326,340.69,0.4,0.45,2021-08-06,2353,N,VIIRS,n,2,283.27,54.16,N,0
38.80996,23.36825,339.83,0.4,0.44,2021-08-06,2353,N,VIIRS,n,2,291.08,4.03,N,0
38.80952,23.37277,332.26,0.4,0.44,2021-08-06,2353,N,VIIRS,n,2,291.4,4.03,N,0
38.80907,23.37747,325.8,0.4,0.44,2021-08-06,2353,N,VIIRS,n,2,291.63,2.7,N,0
38.8086,23.38221,323.12,0.4,0.44,2021-08-06,2353,N,VIIRS,n,2,293.84,2.7,N,0
38.80814,23.387,320.42,0.4,0.44,2021-08-06,2353,N,VIIRS,n,2,294.79,43.83,N,0
38.80768,23.39164,354.94,0.4,0.44,2021-08-06,2353,N,VIIRS,n,2,302.22,43.83,N,0
38.80724,23.3962,345.81,0.4,0.44,2021-08-06,2353,N,VIIRS,n,2,299.11,6.21,N,0
38.80679,23.40073,340.15,0.4,0.44,2021-08-06,2353,N,VIIRS,n,2,296.15,6.21,N,0
38.80414,23.4278,326.17,0.39,0.44,2021-08-06,2353,N,VIIRS,n,2,294.7,4.02,N,0
38.8245,23.21813,315.7,0.4,0.45,2021-08-06,2353,N,VIIRS,n,2,288.44,3.45,N,0
38.81174,23.35011,314.23,0.4,0.44,2021-08-06,2353,N,VIIRS,n,2,276.26,1.62,N,0
38.8113,23.35459,316.7,0.4,0.44,2021-08-06,2353,N,VIIRS,n,2,283.96,1.62,N,0
38.80635,23.40522,318.33,0.4,0.44,2021-08-06,2353,N,VIIRS,n,2,292.65,2.3,N,0
38.77396,23.40687,349.1,0.4,0.44,2021-08-06,2353,N,VIIRS,n,2,318.1,44.28,N,0
38.77443,23.4023,356.47,0.4,0.44,2021-08-06,2353,N,VIIRS,n,2,306.37,44.28,N,0
38.77491,23.39756,356.48,0.4,0.44,2021-08-06,2353,N,VIIRS,n,2,306.55,23.48,N,0
38.77538,23.39297,355.95,0.4,0.44,2021-08-06,2353,N,VIIRS,n,2,299.46,23.48,N,0
38.77583,23.38849,367,0.4,0.44,2021-08-06,2353,N,VIIRS,h,2,299.14,15.28,N,0
38.7763,23.38391,356.76,0.4,0.44,2021-08-06,2353,N,VIIRS,n,2,301.91,15.28,N,0
38.77677,23.37929,367,0.4,0.44,2021-08-06,2353,N,VIIRS,h,2,322.17,78.19,N,0
38.77723,23.3748,367,0.4,0.44,2021-08-06,2353,N,VIIRS,h,2,328.34,78.19,N,0
38.77766,23.37057,357.01,0.4,0.44,2021-08-06,2353,N,VIIRS,n,2,303.91,36.39,N,0
38.7781,23.36621,350.33,0.4,0.44,2021-08-06,2353,N,VIIRS,n,2,298.48,36.39,N,0
38.77854,23.3619,354.96,0.4,0.44,2021-08-06,2353,N,VIIRS,n,2,293.01,9.51,N,0
38.77897,23.35765,342.43,0.4,0.44,2021-08-06,2353,N,VIIRS,n,2,288.66,9.51,N,0
38.77984,23.34911,327.1,0.4,0.44,2021-08-06,2353,N,VIIRS,n,2,294.91,5,N,0
38.80592,23.40968,312.09,0.4,0.44,2021-08-06,2353,N,VIIRS,n,2,292.69,2.3,N,0
38.80455,23.42355,316.36,0.4,0.44,2021-08-06,2353,N,VIIRS,n,2,294.57,4.02,N,0
38.82177,23.20303,335.11,0.41,0.45,2021-08-06,2353,N,VIIRS,n,2,290.4,5.28,N,3
38.82131,23.20775,345.27,0.4,0.45,2021-08-06,2353,N,VIIRS,n,2,291.95,6.83,N,3
38.80499,23.3767,330.28,0.4,0.44,2021-08-06,2353,N,VIIRS,n,2,296.27,5.97,N,0
38.78029,23.34465,338.48,0.4,0.44,2021-08-06,2353,N,VIIRS,n,2,298.62,4.07,N,0
38.78075,23.34007,327.86,0.4,0.44,2021-08-06,2353,N,VIIRS,n,2,297.44,4.07,N,0
38.78324,23.31556,328.43,0.4,0.44,2021-08-06,2353,N,VIIRS,n,2,290.98,3.96,N,0
38.77524,23.43475,316.33,0.39,0.44,2021-08-06,2353,N,VIIRS,n,2,292.49,13.65,N,0
38.78442,23.34491,318.87,0.4,0.44,2021-08-06,2353,N,VIIRS,n,2,294.07,4.07,N,0
38.78678,23.32166,316.43,0.4,0.44,2021-08-06,2353,N,VIIRS,n,2,287.45,3.99,N,0
38.77476,23.43946,329.27,0.39,0.44,2021-08-06,2353,N,VIIRS,n,2,286.06,3.87,N,0
38.77571,23.43019,329.17,0.39,0.44,2021-08-06,2353,N,VIIRS,n,2,293.12,13.65,N,0
38.77618,23.42566,367,0.39,0.44,2021-08-06,2353,N,VIIRS,h,2,315,110.48,N,0
38.77664,23.42115,349.85,0.39,0.44,2021-08-06,2353,N,VIIRS,n,2,317.43,110.48,N,0
38.77711,23.41652,367,0.39,0.44,2021-08-06,2353,N,VIIRS,h,2,285.79,21.48,N,0
38.77759,23.41183,367,0.4,0.44,2021-08-06,2353,N,VIIRS,h,2,289.78,21.48,N,0
38.80453,23.38145,340.47,0.4,0.44,2021-08-06,2353,N,VIIRS,n,2,298.9,5.97,N,0
38.80407,23.38617,338.9,0.4,0.44,2021-08-06,2353,N,VIIRS,n,2,298.9,12.4,N,0
38.80362,23.39083,367,0.4,0.44,2021-08-06,2353,N,VIIRS,h,2,308.01,12.4,N,0
38.80316,23.39551,347.89,0.4,0.44,2021-08-06,2353,N,VIIRS,n,2,301.75,6.38,N,0
38.80272,23.40008,331.68,0.4,0.44,2021-08-06,2353,N,VIIRS,n,2,296.82,6.38,N,0
38.80184,23.40899,342.72,0.4,0.44,2021-08-06,2353,N,VIIRS,n,2,296.64,14.21,N,0
38.80051,23.42259,356.56,0.4,0.44,2021-08-06,2353,N,VIIRS,n,2,299.45,6.19,N,0
38.80008,23.42695,327.85,0.39,0.44,2021-08-06,2353,N,VIIRS,n,2,294.19,6.19,N,0
38.82222,23.19832,318.74,0.41,0.45,2021-08-06,2353,N,VIIRS,n,2,286.87,5.28,N,3
38.82086,23.21249,318.02,0.4,0.45,2021-08-06,2353,N,VIIRS,n,2,283.43,6.83,N,3
38.80939,23.33154,314,0.4,0.44,2021-08-06,2353,N,VIIRS,n,2,277.28,1.34,N,0
38.80896,23.33598,316.7,0.4,0.44,2021-08-06,2353,N,VIIRS,n,2,278.92,1.34,N,0
38.80809,23.34486,316.1,0.4,0.44,2021-08-06,2353,N,VIIRS,n,2,279.3,5.26,N,0
38.80766,23.34935,317.68,0.4,0.44,2021-08-06,2353,N,VIIRS,n,2,288.07,3.17,N,0
38.80722,23.35384,317.34,0.4,0.44,2021-08-06,2353,N,VIIRS,n,2,289.36,3.17,N,0
38.80227,23.40457,316.35,0.4,0.44,2021-08-06,2353,N,VIIRS,n,2,295.66,14.21,N,0
38.80096,23.41802,311.7,0.4,0.44,2021-08-06,2353,N,VIIRS,n,2,294.57,4.79,N,0
38.79876,23.44045,304.48,0.39,0.44,2021-08-06,2353,N,VIIRS,n,2,286.96,1.5,N,0
38.79741,23.4543,308.24,0.39,0.44,2021-08-06,2353,N,VIIRS,n,2,289.75,2.71,N,0
38.79695,23.45893,309.12,0.39,0.44,2021-08-06,2353,N,VIIRS,n,2,287.81,5.04,N,0
38.80091,23.37597,343.53,0.4,0.44,2021-08-06,2353,N,VIIRS,n,2,297.99,5.97,N,0
38.80046,23.38071,348.07,0.4,0.44,2021-08-06,2353,N,VIIRS,n,2,300.14,5.97,N,0
38.8,23.3854,342,0.4,0.44,2021-08-06,2353,N,VIIRS,n,2,298.96,12.4,N,0
38.79955,23.39003,349.85,0.4,0.44,2021-08-06,2353,N,VIIRS,n,2,300.26,12.4,N,0
38.7991,23.39465,342.4,0.4,0.44,2021-08-06,2353,N,VIIRS,n,2,300.44,6.38,N,0
38.79865,23.39924,330.14,0.4,0.44,2021-08-06,2353,N,VIIRS,n,2,298.56,6.38,N,0
38.79822,23.4037,337.26,0.4,0.44,2021-08-06,2353,N,VIIRS,n,2,298.42,14.21,N,0
38.79779,23.40803,351.24,0.4,0.44,2021-08-06,2353,N,VIIRS,n,2,304.96,14.21,N,0
38.79736,23.41245,328.35,0.4,0.44,2021-08-06,2353,N,VIIRS,n,2,294.53,4.79,N,0
38.79691,23.41705,336.85,0.4,0.44,2021-08-06,2353,N,VIIRS,n,2,297.01,4.79,N,0
38.79647,23.42154,341.01,0.4,0.44,2021-08-06,2353,N,VIIRS,n,2,295.71,6.19,N,0
38.80531,23.33076,314.48,0.4,0.44,2021-08-06,2353,N,VIIRS,n,2,276.18,1.34,N,0
38.80488,23.33516,314.53,0.4,0.44,2021-08-06,2353,N,VIIRS,n,2,285.43,1.34,N,0
38.79604,23.42599,318.46,0.39,0.44,2021-08-06,2353,N,VIIRS,n,2,293.21,6.19,N,0
38.79513,23.4353,312.45,0.39,0.44,2021-08-06,2353,N,VIIRS,n,2,290.79,5.16,N,0
38.77804,23.40743,351.54,0.4,0.44,2021-08-06,2353,N,VIIRS,n,2,301.23,44.28,N,0
38.7785,23.40292,367,0.4,0.44,2021-08-06,2353,N,VIIRS,h,2,308.78,44.28,N,0
38.77899,23.39817,346.9,0.4,0.44,2021-08-06,2353,N,VIIRS,n,2,306.62,23.48,N,0
38.77947,23.39347,344.08,0.4,0.44,2021-08-06,2353,N,VIIRS,n,2,297.29,23.48,N,0
38.77993,23.38894,350.94,0.4,0.44,2021-08-06,2353,N,VIIRS,n,2,298.6,15.28,N,0
38.78039,23.38439,349.92,0.4,0.44,2021-08-06,2353,N,VIIRS,n,2,298.65,15.28,N,0
38.78086,23.37982,356.3,0.4,0.44,2021-08-06,2353,N,VIIRS,n,2,304.96,78.19,N,0
38.78133,23.3753,343.73,0.4,0.44,2021-08-06,2353,N,VIIRS,n,2,305.77,78.19,N,0
38.78178,23.37079,332.24,0.4,0.44,2021-08-06,2353,N,VIIRS,n,2,294.58,36.39,N,0
38.78222,23.36653,355.66,0.4,0.44,2021-08-06,2353,N,VIIRS,n,2,302.11,36.39,N,0
38.78267,23.36215,353.04,0.4,0.44,2021-08-06,2353,N,VIIRS,n,2,294.58,9.51,N,0
38.7831,23.35788,340.55,0.4,0.44,2021-08-06,2353,N,VIIRS,n,2,296.79,9.51,N,0
38.78353,23.35363,330.18,0.4,0.44,2021-08-06,2353,N,VIIRS,n,2,298.1,5,N,0
38.78397,23.34932,320.35,0.4,0.44,2021-08-06,2353,N,VIIRS,n,2,296.64,5,N,0
38.78488,23.34037,321.55,0.4,0.44,2021-08-06,2353,N,VIIRS,n,2,293.44,4.07,N,0
38.79087,23.32235,318.25,0.4,0.44,2021-08-06,2353,N,VIIRS,n,2,289.09,5.73,N,0
38.77931,23.43544,320.92,0.39,0.44,2021-08-06,2353,N,VIIRS,n,2,285.14,4.28,N,0
38.77978,23.43082,336.48,0.39,0.44,2021-08-06,2353,N,VIIRS,n,2,289.83,4.28,N,0
38.78025,23.42623,343.56,0.39,0.44,2021-08-06,2353,N,VIIRS,n,2,310.13,46.03,N,0
38.78072,23.42171,347.69,0.39,0.44,2021-08-06,2353,N,VIIRS,n,2,307.71,46.03,N,0
38.78119,23.41712,334.92,0.39,0.44,2021-08-06,2353,N,VIIRS,n,2,292.41,8.11,N,0
38.78167,23.41244,339.65,0.4,0.44,2021-08-06,2353,N,VIIRS,n,2,292.7,8.11,N,0
38.78214,23.40789,335.92,0.4,0.44,2021-08-06,2353,N,VIIRS,n,2,296.55,15.11,N,0
38.78258,23.40351,367,0.4,0.44,2021-08-06,2353,N,VIIRS,h,2,306.84,15.11,N,0
38.78307,23.3988,351.37,0.4,0.44,2021-08-06,2353,N,VIIRS,n,2,297.07,7.08,N,0
38.78355,23.39412,342.12,0.4,0.44,2021-08-06,2353,N,VIIRS,n,2,295.22,7.08,N,0
38.78401,23.3896,335.04,0.4,0.44,2021-08-06,2353,N,VIIRS,n,2,295.74,5.95,N,0
38.78447,23.38507,328.24,0.4,0.44,2021-08-06,2353,N,VIIRS,n,2,296.08,5.95,N,0
38.78495,23.38047,347.27,0.4,0.44,2021-08-06,2353,N,VIIRS,n,2,297.97,21.38,N,0
38.78541,23.37588,348.72,0.4,0.44,2021-08-06,2353,N,VIIRS,n,2,302.8,21.38,N,0
38.78588,23.3713,327.12,0.4,0.44,2021-08-06,2353,N,VIIRS,n,2,294.45,13.55,N,0
38.79467,23.43994,309.09,0.39,0.44,2021-08-06,2353,N,VIIRS,n,2,279.38,1.5,N,0
38.79422,23.44465,310.06,0.39,0.44,2021-08-06,2353,N,VIIRS,n,2,284.09,1.5,N,0
38.79332,23.45376,309.82,0.39,0.44,2021-08-06,2353,N,VIIRS,n,2,288.24,2.71,N,0
38.79993,23.34332,323.27,0.4,0.44,2021-08-06,2353,N,VIIRS,n,2,281.39,4.29,N,0
38.79905,23.35238,326.66,0.4,0.44,2021-08-06,2353,N,VIIRS,n,2,295.34,5.84,N,0
38.79861,23.35694,339.15,0.4,0.44,2021-08-06,2353,N,VIIRS,n,2,295.3,6.15,N,0
38.79816,23.36153,330.36,0.4,0.44,2021-08-06,2353,N,VIIRS,n,2,294.43,6.15,N,0
38.79729,23.37056,321.39,0.4,0.44,2021-08-06,2353,N,VIIRS,n,2,294.43,14.51,N,0
38.79683,23.37535,345.24,0.4,0.44,2021-08-06,2353,N,VIIRS,n,2,310.77,29.86,N,0
38.79637,23.38005,338.69,0.4,0.44,2021-08-06,2353,N,VIIRS,n,2,299.47,29.86,N,0
38.79593,23.38462,343.55,0.4,0.44,2021-08-06,2353,N,VIIRS,n,2,299.24,5.58,N,0
38.79548,23.3892,330.22,0.4,0.44,2021-08-06,2353,N,VIIRS,n,2,296.76,5.58,N,0
38.79504,23.3938,356.04,0.4,0.44,2021-08-06,2353,N,VIIRS,n,2,302.85,8.78,N,0
38.7946,23.39832,342.21,0.4,0.44,2021-08-06,2353,N,VIIRS,n,2,299.8,8.78,N,0
38.79415,23.40291,338.16,0.4,0.44,2021-08-06,2353,N,VIIRS,n,2,297.8,22.67,N,0
38.79372,23.40727,353.32,0.4,0.44,2021-08-06,2353,N,VIIRS,n,2,306.93,22.67,N,0
38.7924,23.42085,332.39,0.4,0.44,2021-08-06,2353,N,VIIRS,n,2,293.9,3.93,N,0
38.79197,23.42534,330.5,0.39,0.44,2021-08-06,2353,N,VIIRS,n,2,292.88,3.93,N,0
38.79285,23.41627,312.77,0.4,0.44,2021-08-06,2353,N,VIIRS,n,2,293.9,7.76,N,0
38.79105,23.43469,317.46,0.39,0.44,2021-08-06,2353,N,VIIRS,n,2,288.77,3.69,N,0
38.79058,23.43949,317.33,0.39,0.44,2021-08-06,2353,N,VIIRS,n,2,282.67,3.13,N,0
38.79013,23.44418,312.71,0.39,0.44,2021-08-06,2353,N,VIIRS,n,2,285.66,3.13,N,0
38.79754,23.32507,347.15,0.4,0.44,2021-08-06,2353,N,VIIRS,n,2,284.95,7.68,N,0
38.79585,23.34265,330.27,0.4,0.44,2021-08-06,2353,N,VIIRS,n,2,277.74,4.29,N,0
38.79539,23.34726,326.13,0.4,0.44,2021-08-06,2353,N,VIIRS,n,2,290.25,5.84,N,0
38.79452,23.35637,353.44,0.4,0.44,2021-08-06,2353,N,VIIRS,n,2,299.85,6.15,N,0
38.79408,23.36084,342.23,0.4,0.44,2021-08-06,2353,N,VIIRS,n,2,297.06,6.15,N,0
38.79321,23.36983,323.37,0.4,0.44,2021-08-06,2353,N,VIIRS,n,2,293.79,14.51,N,0
38.79276,23.37454,343.9,0.4,0.44,2021-08-06,2353,N,VIIRS,n,2,311.04,29.86,N,0
38.7923,23.37922,347.26,0.4,0.44,2021-08-06,2353,N,VIIRS,n,2,300.67,29.86,N,0
38.79187,23.38378,323.91,0.4,0.44,2021-08-06,2353,N,VIIRS,n,2,296.39,5.58,N,0
38.79142,23.38835,336.65,0.4,0.44,2021-08-06,2353,N,VIIRS,n,2,295.99,5.58,N,0
38.79098,23.39289,355.98,0.4,0.44,2021-08-06,2353,N,VIIRS,n,2,296.92,8.78,N,0
38.79054,23.39741,343.22,0.4,0.44,2021-08-06,2353,N,VIIRS,n,2,298.37,8.78,N,0
38.7901,23.40193,339.44,0.4,0.44,2021-08-06,2353,N,VIIRS,n,2,297.71,22.67,N,0
38.78966,23.40651,353.77,0.4,0.44,2021-08-06,2353,N,VIIRS,n,2,300.11,22.67,N,0
38.78789,23.42468,336.61,0.39,0.44,2021-08-06,2353,N,VIIRS,n,2,293.15,3.93,N,0
38.78744,23.42926,321.43,0.39,0.44,2021-08-06,2353,N,VIIRS,n,2,288.13,3.69,N,0
38.78833,23.42015,314.13,0.4,0.44,2021-08-06,2353,N,VIIRS,n,2,293.11,3.93,N,0
38.80045,23.35071,328.27,0.4,0.44,2021-08-06,2353,N,VIIRS,n,2,295.21,8.11,N,0
38.79811,23.37345,345.94,0.4,0.44,2021-08-06,2353,N,VIIRS,n,2,303.14,44.08,N,0
38.79762,23.37822,345.85,0.4,0.44,2021-08-06,2353,N,VIIRS,n,2,300.53,18.47,N,0
38.79714,23.38288,349.91,0.4,0.44,2021-08-06,2353,N,VIIRS,n,2,301.03,18.47,N,0
38.79667,23.38745,337.98,0.4,0.44,2021-08-06,2353,N,VIIRS,n,2,298.43,7.53,N,0
38.79619,23.39212,344.68,0.4,0.44,2021-08-06,2353,N,VIIRS,n,2,298.73,7.53,N,0
38.79572,23.39671,349.6,0.4,0.44,2021-08-06,2353,N,VIIRS,n,2,301.62,7.63,N,0
38.79525,23.40122,331.23,0.4,0.44,2021-08-06,2353,N,VIIRS,n,2,297.72,7.63,N,0
38.7948,23.40565,348.32,0.4,0.44,2021-08-06,2353,N,VIIRS,n,2,310.75,26.69,N,0
38.79435,23.41,326.66,0.4,0.44,2021-08-06,2353,N,VIIRS,n,2,294.79,26.69,N,0
38.79295,23.42357,349.71,0.39,0.44,2021-08-06,2353,N,VIIRS,n,2,294.79,3.95,N,0
38.79152,23.43739,320.57,0.39,0.44,2021-08-06,2353,N,VIIRS,n,2,286.86,2.57,N,0
38.80137,23.34171,316.79,0.4,0.44,2021-08-06,2353,N,VIIRS,n,2,288.29,2.62,N,0
38.80091,23.34621,316.76,0.4,0.44,2021-08-06,2353,N,VIIRS,n,2,289.22,2.62,N,0
38.79389,23.41442,316.27,0.4,0.44,2021-08-06,2353,N,VIIRS,n,2,294.01,10.99,N,0
38.79248,23.42808,313.65,0.39,0.44,2021-08-06,2353,N,VIIRS,n,2,292.54,3.95,N,0
38.792,23.43268,311.39,0.39,0.44,2021-08-06,2353,N,VIIRS,n,2,291.9,2.57,N,0
38.79682,23.34555,332.64,0.4,0.44,2021-08-06,2353,N,VIIRS,n,2,283.36,2.62,N,0
38.79589,23.35461,342.43,0.4,0.44,2021-08-06,2353,N,VIIRS,n,2,297.23,8.11,N,0
38.79543,23.35913,367,0.4,0.44,2021-08-06,2353,N,VIIRS,h,2,298.09,17.76,N,0
38.79404,23.37272,345.84,0.4,0.44,2021-08-06,2353,N,VIIRS,n,2,303.07,44.08,N,0
38.79355,23.37742,337.7,0.4,0.44,2021-08-06,2353,N,VIIRS,n,2,310.73,18.47,N,0
38.79308,23.38206,332.4,0.4,0.44,2021-08-06,2353,N,VIIRS,n,2,297.8,18.47,N,0
38.79261,23.38661,327.03,0.4,0.44,2021-08-06,2353,N,VIIRS,n,2,296.45,7.53,N,0
38.79214,23.39117,352.53,0.4,0.44,2021-08-06,2353,N,VIIRS,n,2,297.03,7.53,N,0
38.79166,23.39584,351.53,0.4,0.44,2021-08-06,2353,N,VIIRS,n,2,298.71,7.63,N,0
38.79119,23.40035,347.2,0.4,0.44,2021-08-06,2353,N,VIIRS,n,2,299.71,7.63,N,0
38.79074,23.40482,349.54,0.4,0.44,2021-08-06,2353,N,VIIRS,n,2,300.22,26.69,N,0
38.79028,23.40926,336.13,0.4,0.44,2021-08-06,2353,N,VIIRS,n,2,296.26,26.69,N,0
38.78888,23.42289,320.29,0.39,0.44,2021-08-06,2353,N,VIIRS,n,2,293.06,3.95,N,0
38.78841,23.42742,322.67,0.39,0.44,2021-08-06,2353,N,VIIRS,n,2,291.91,3.95,N,0
38.79728,23.34102,317.25,0.4,0.44,2021-08-06,2353,N,VIIRS,n,2,280.74,2.62,N,0
38.78793,23.43202,314.83,0.39,0.44,2021-08-06,2353,N,VIIRS,n,2,282.22,2.57,N,0
38.78695,23.4416,317.94,0.39,0.44,2021-08-06,2353,N,VIIRS,n,2,282.11,6.06,N,0
38.79498,23.32288,337.56,0.4,0.44,2021-08-06,2353,N,VIIRS,n,2,288.76,5.73,N,0
38.79453,23.32725,339.43,0.4,0.44,2021-08-06,2353,N,VIIRS,n,2,295.52,5.73,N,0
38.79316,23.34072,330.12,0.4,0.44,2021-08-06,2353,N,VIIRS,n,2,280.57,4.68,N,0
38.79269,23.34529,333.7,0.4,0.44,2021-08-06,2353,N,VIIRS,n,2,286.82,4.68,N,0
38.79222,23.34984,338.04,0.4,0.44,2021-08-06,2353,N,VIIRS,n,2,285.84,5.27,N,0
38.79177,23.35431,328.59,0.4,0.44,2021-08-06,2353,N,VIIRS,n,2,294.76,5.27,N,0
38.79134,23.35859,351.68,0.4,0.44,2021-08-06,2353,N,VIIRS,n,2,302.07,7.1,N,0
38.79088,23.36302,320.68,0.4,0.44,2021-08-06,2353,N,VIIRS,n,2,295.52,7.1,N,0
38.78996,23.372,344.51,0.4,0.44,2021-08-06,2353,N,VIIRS,n,2,294.96,13.55,N,0
38.78949,23.3766,353.1,0.4,0.44,2021-08-06,2353,N,VIIRS,n,2,306.84,21.38,N,0
38.78902,23.3812,335.14,0.4,0.44,2021-08-06,2353,N,VIIRS,n,2,298.12,21.38,N,0
38.78855,23.38578,339.92,0.4,0.44,2021-08-06,2353,N,VIIRS,n,2,297.82,5.95,N,0
38.78808,23.39034,347.87,0.4,0.44,2021-08-06,2353,N,VIIRS,n,2,295.92,5.95,N,0
38.78762,23.39487,339.83,0.4,0.44,2021-08-06,2353,N,VIIRS,n,2,295.31,7.08,N,0
38.78668,23.40401,338.18,0.4,0.44,2021-08-06,2353,N,VIIRS,n,2,295.72,15.11,N,0
38.78621,23.40851,334.53,0.4,0.44,2021-08-06,2353,N,VIIRS,n,2,294.19,15.11,N,0
38.7848,23.42227,345.25,0.39,0.44,2021-08-06,2353,N,VIIRS,n,2,298.07,46.03,N,0
38.78433,23.42684,344.04,0.39,0.44,2021-08-06,2353,N,VIIRS,n,2,297.37,46.03,N,0
38.78386,23.43141,332.06,0.39,0.44,2021-08-06,2353,N,VIIRS,n,2,281.36,4.28,N,0
38.78715,23.3994,318.39,0.4,0.44,2021-08-06,2353,N,VIIRS,n,2,294.4,7.08,N,0
38.78902,23.34058,327,0.4,0.44,2021-08-06,2353,N,VIIRS,n,2,289.39,4.68,N,0
38.78855,23.34514,343.06,0.4,0.44,2021-08-06,2353,N,VIIRS,n,2,294.65,4.68,N,0
38.78809,23.34959,344.74,0.4,0.44,2021-08-06,2353,N,VIIRS,n,2,291.63,5.27,N,0
38.78765,23.35397,322.11,0.4,0.44,2021-08-06,2353,N,VIIRS,n,2,295.84,5.27,N,0
38.7872,23.35831,335.79,0.4,0.44,2021-08-06,2353,N,VIIRS,n,2,295.46,7.1,N,0
38.78678,23.36248,349.25,0.4,0.44,2021-08-06,2353,N,VIIRS,n,2,293.14,7.1,N,0
38.78633,23.36685,343.16,0.4,0.44,2021-08-06,2353,N,VIIRS,n,2,295.46,13.55,N,0
38.76564,23.44775,323.85,0.39,0.44,2021-08-06,2353,N,VIIRS,n,2,284.94,4.33,N,0
38.76663,23.43812,325.07,0.39,0.44,2021-08-06,2353,N,VIIRS,n,2,290.54,3.01,N,0
38.7671,23.43348,321.54,0.39,0.44,2021-08-06,2353,N,VIIRS,n,2,291.85,3.8,N,0
38.76756,23.42894,330.6,0.39,0.44,2021-08-06,2353,N,VIIRS,n,2,292.11,3.8,N,0
40.04328,20.92161,334.43,0.55,0.51,2021-08-06,2353,N,VIIRS,n,2,288.76,5.03,N,0
39.76727,20.82982,300.01,0.55,0.51,2021-08-06,2353,N,VIIRS,n,2,284.79,1.08,N,0
39.76686,20.83543,300.83,0.55,0.51,2021-08-06,2353,N,VIIRS,n,2,285.72,1.08,N,0
39.76723,20.83062,302.51,0.55,0.51,2021-08-06,2353,N,VIIRS,n,2,284.93,0.78,N,0
39.7668,20.83615,300.59,0.55,0.51,2021-08-06,2353,N,VIIRS,n,2,285.57,1.38,N,0
39.38619,22.80767,307.72,0.43,0.46,2021-08-06,2353,N,VIIRS,n,2,295,2.16,N,2
38.76802,23.42447,355.05,0.39,0.44,2021-08-06,2353,N,VIIRS,n,2,289.17,25.87,N,0
38.76848,23.41995,367,0.39,0.44,2021-08-06,2353,N,VIIRS,h,2,300.01,25.87,N,0
38.76896,23.41529,367,0.39,0.44,2021-08-06,2353,N,VIIRS,h,2,283.44,39.43,N,0
38.76942,23.41075,333.71,0.4,0.44,2021-08-06,2353,N,VIIRS,n,2,302.33,39.43,N,0
38.76987,23.40632,367,0.4,0.44,2021-08-06,2353,N,VIIRS,h,2,345.17,99.64,N,0
38.77034,23.40171,367,0.4,0.44,2021-08-06,2353,N,VIIRS,h,2,303.33,99.64,N,0
38.77082,23.39697,367,0.4,0.44,2021-08-06,2353,N,VIIRS,h,2,290.54,21.55,N,0
38.77128,23.3925,367,0.4,0.44,2021-08-06,2353,N,VIIRS,h,2,294.27,21.55,N,0
38.77172,23.38811,356.7,0.4,0.44,2021-08-06,2353,N,VIIRS,n,2,300.3,32.45,N,0
39.22422,22.4353,301.53,0.45,0.47,2021-08-06,2353,N,VIIRS,n,2,291.04,0.35,N,0
39.21984,22.4354,343.38,0.45,0.47,2021-08-06,2353,N,VIIRS,n,2,292.44,9,N,0
38.77219,23.38354,338.41,0.4,0.44,2021-08-06,2353,N,VIIRS,n,2,309.11,32.45,N,0
38.77266,23.37893,367,0.4,0.44,2021-08-06,2353,N,VIIRS,h,2,320.51,72.74,N,0
38.77309,23.37464,331.92,0.4,0.44,2021-08-06,2353,N,VIIRS,n,2,308.37,72.74,N,0
38.77354,23.37028,367,0.4,0.44,2021-08-06,2353,N,VIIRS,h,2,339.9,81.19,N,0
38.77397,23.36597,350.47,0.4,0.44,2021-08-06,2353,N,VIIRS,n,2,295.74,81.19,N,0
38.77441,23.3617,355.29,0.4,0.44,2021-08-06,2353,N,VIIRS,n,2,292.48,7.77,N,0
38.77484,23.35743,345.97,0.4,0.44,2021-08-06,2353,N,VIIRS,n,2,287.94,7.77,N,0
38.7762,23.34399,346.4,0.4,0.44,2021-08-06,2353,N,VIIRS,n,2,299.82,6.79,N,0
38.77668,23.33935,339.21,0.4,0.44,2021-08-06,2353,N,VIIRS,n,2,300.26,6.79,N,0
38.77528,23.35308,319.51,0.4,0.44,2021-08-06,2353,N,VIIRS,n,2,286.32,5.13,N,0
38.76613,23.44298,315.31,0.39,0.44,2021-08-06,2353,N,VIIRS,n,2,291.23,3.01,N,0
38.7756,23.30883,320.99,0.4,0.44,2021-08-06,2353,N,VIIRS,n,2,282.4,3.25,N,0
38.77513,23.31349,326.38,0.4,0.44,2021-08-06,2353,N,VIIRS,n,2,293.98,3.25,N,0
38.77463,23.31839,342.01,0.4,0.44,2021-08-06,2353,N,VIIRS,n,2,292.96,4.64,N,0
38.77362,23.3284,322.88,0.4,0.44,2021-08-06,2353,N,VIIRS,n,2,295.68,3.88,N,0
38.77312,23.33334,333.07,0.4,0.44,2021-08-06,2353,N,VIIRS,n,2,296.93,3.88,N,0
38.77263,23.33819,343.53,0.4,0.44,2021-08-06,2353,N,VIIRS,n,2,297.36,6.79,N,0
38.77214,23.34305,339.37,0.4,0.44,2021-08-06,2353,N,VIIRS,n,2,296.11,6.79,N,0
38.77166,23.34783,325.16,0.4,0.44,2021-08-06,2353,N,VIIRS,n,2,287.98,5.13,N,0
38.77117,23.35267,343.81,0.4,0.44,2021-08-06,2353,N,VIIRS,n,2,290.06,5.13,N,0
38.77071,23.35717,348.34,0.4,0.44,2021-08-06,2353,N,VIIRS,n,2,291.67,7.77,N,0
38.77028,23.36147,337.61,0.4,0.44,2021-08-06,2353,N,VIIRS,n,2,294.13,7.77,N,0
38.76985,23.36569,335.85,0.4,0.44,2021-08-06,2353,N,VIIRS,n,2,293.79,81.19,N,0
38.76942,23.36993,351.7,0.4,0.44,2021-08-06,2353,N,VIIRS,n,2,280.66,81.19,N,0
38.76898,23.37427,341.04,0.4,0.44,2021-08-06,2353,N,VIIRS,n,2,275.33,72.74,N,0
38.76853,23.37872,356.8,0.4,0.44,2021-08-06,2353,N,VIIRS,n,2,280.33,72.74,N,0
38.76807,23.38323,367,0.4,0.44,2021-08-06,2353,N,VIIRS,h,2,278.78,32.45,N,0
38.76763,23.38763,367,0.4,0.44,2021-08-06,2353,N,VIIRS,h,2,283.2,32.45,N,0
38.76719,23.39201,367,0.4,0.44,2021-08-06,2353,N,VIIRS,h,2,279.34,21.55,N,0
38.76673,23.39647,367,0.4,0.44,2021-08-06,2353,N,VIIRS,h,2,291.17,21.55,N,0
38.76625,23.4012,367,0.4,0.44,2021-08-06,2353,N,VIIRS,h,2,305.87,99.64,N,0
38.76578,23.4058,333.87,0.4,0.44,2021-08-06,2353,N,VIIRS,n,2,324.43,99.64,N,0
38.76534,23.41016,349.75,0.4,0.44,2021-08-06,2353,N,VIIRS,n,2,292.8,39.43,N,0
38.76488,23.41461,332.04,0.39,0.44,2021-08-06,2353,N,VIIRS,n,2,277.61,39.43,N,0
38.7635,23.42826,324.64,0.39,0.44,2021-08-06,2353,N,VIIRS,n,2,278.23,3.8,N,0
38.76303,23.43284,329.35,0.39,0.44,2021-08-06,2353,N,VIIRS,n,2,282.61,3.8,N,0
38.76255,23.43755,329.92,0.39,0.44,2021-08-06,2353,N,VIIRS,n,2,286.79,3.01,N,0
38.77413,23.32335,317.52,0.4,0.44,2021-08-06,2353,N,VIIRS,n,2,294.23,4.64,N,0
38.76206,23.44237,318.74,0.39,0.44,2021-08-06,2353,N,VIIRS,n,2,289.04,3.01,N,0
38.7611,23.45175,313.89,0.39,0.44,2021-08-06,2353,N,VIIRS,n,2,285.85,4.33,N,0
38.77154,23.30779,326.29,0.4,0.44,2021-08-06,2353,N,VIIRS,n,2,287.97,4.71,N,0
38.77106,23.31254,327.44,0.4,0.44,2021-08-06,2353,N,VIIRS,n,2,294.52,4.71,N,0
38.77059,23.31725,332.67,0.4,0.44,2021-08-06,2353,N,VIIRS,n,2,292.64,6.51,N,0
38.77011,23.32203,348.02,0.4,0.44,2021-08-06,2353,N,VIIRS,n,2,296.78,6.51,N,0
38.7696,23.32712,337.08,0.4,0.44,2021-08-06,2353,N,VIIRS,n,2,297.52,19.91,N,0
38.76908,23.33219,367,0.4,0.44,2021-08-06,2353,N,VIIRS,h,2,300.74,19.91,N,0
38.76858,23.33718,347.78,0.4,0.44,2021-08-06,2353,N,VIIRS,n,2,297.67,23.97,N,0
38.76809,23.34205,341.56,0.4,0.44,2021-08-06,2353,N,VIIRS,n,2,289.46,23.97,N,0
38.7676,23.34688,367,0.4,0.44,2021-08-06,2353,N,VIIRS,h,2,294.82,30.43,N,0
38.76711,23.35181,352.34,0.4,0.44,2021-08-06,2353,N,VIIRS,n,2,304.87,30.43,N,0
38.76664,23.35643,343.14,0.4,0.44,2021-08-06,2353,N,VIIRS,n,2,294.07,12.57,N,0
38.76619,23.36087,350.24,0.4,0.44,2021-08-06,2353,N,VIIRS,n,2,291.76,12.57,N,0
38.76575,23.36521,329.78,0.4,0.44,2021-08-06,2353,N,VIIRS,n,2,290.04,3.54,N,0
38.76532,23.36951,322.39,0.4,0.44,2021-08-06,2353,N,VIIRS,n,2,274.48,3.54,N,0
38.76397,23.38277,336.53,0.4,0.44,2021-08-06,2353,N,VIIRS,n,2,275.32,6.56,N,0
38.76353,23.38717,345.16,0.4,0.44,2021-08-06,2353,N,VIIRS,n,2,275.5,6.56,N,0
38.76263,23.39598,354.31,0.4,0.44,2021-08-06,2353,N,VIIRS,n,2,282.61,14.09,N,0
38.76217,23.40065,367,0.4,0.44,2021-08-06,2353,N,VIIRS,h,2,297.52,34.66,N,0
38.7617,23.40525,349.47,0.4,0.44,2021-08-06,2353,N,VIIRS,n,2,305.98,34.66,N,0
38.76125,23.40961,342.74,0.4,0.44,2021-08-06,2353,N,VIIRS,n,2,282.33,12.17,N,0
38.7608,23.41406,325.71,0.39,0.44,2021-08-06,2353,N,VIIRS,n,2,275.74,12.17,N,0
38.75941,23.42773,331.05,0.39,0.44,2021-08-06,2353,N,VIIRS,n,2,284.39,3.78,N,0
38.75895,23.43225,326.16,0.39,0.44,2021-08-06,2353,N,VIIRS,n,2,289.35,3.78,N,0
38.75848,23.43688,327.33,0.39,0.44,2021-08-06,2353,N,VIIRS,n,2,284.99,2.84,N,0
38.77201,23.30309,314.69,0.4,0.44,2021-08-06,2353,N,VIIRS,n,2,275.5,2.53,N,0
38.76033,23.41872,316.32,0.39,0.44,2021-08-06,2353,N,VIIRS,n,2,277.28,5.48,N,0
38.758,23.44162,319.85,0.39,0.44,2021-08-06,2353,N,VIIRS,n,2,282.44,2.84,N,0
38.75752,23.44637,314.21,0.39,0.44,2021-08-06,2353,N,VIIRS,n,2,285.48,6.61,N,0
38.76797,23.30185,321.96,0.4,0.44,2021-08-06,2353,N,VIIRS,n,2,282.97,2.53,N,3
38.767,23.31154,347.32,0.4,0.44,2021-08-06,2353,N,VIIRS,n,2,297.39,4.71,N,0
38.76653,23.31621,328.24,0.4,0.44,2021-08-06,2353,N,VIIRS,n,2,294.17,6.51,N,0
38.76606,23.32089,343.91,0.4,0.44,2021-08-06,2353,N,VIIRS,n,2,295.58,6.51,N,0
38.76556,23.32594,367,0.4,0.44,2021-08-06,2353,N,VIIRS,h,2,300.18,19.91,N,0
38.76504,23.33112,353.94,0.4,0.44,2021-08-06,2353,N,VIIRS,n,2,308.24,19.91,N,0
38.76451,23.33629,355.73,0.4,0.44,2021-08-06,2353,N,VIIRS,n,2,303.78,23.97,N,0
38.76403,23.34114,351.64,0.4,0.44,2021-08-06,2353,N,VIIRS,n,2,297.99,23.97,N,0
38.76355,23.34586,341.54,0.4,0.44,2021-08-06,2353,N,VIIRS,n,2,300.49,30.43,N,0
38.76305,23.3508,336.75,0.4,0.44,2021-08-06,2353,N,VIIRS,n,2,278.83,30.43,N,0
38.76257,23.35565,337.91,0.4,0.44,2021-08-06,2353,N,VIIRS,n,2,273.85,12.57,N,0
38.7621,23.3602,353.42,0.4,0.44,2021-08-06,2353,N,VIIRS,n,2,284.67,12.57,N,0
38.76166,23.36466,320.45,0.4,0.44,2021-08-06,2353,N,VIIRS,n,2,281.45,3.54,N,0
38.76034,23.37777,323.2,0.4,0.44,2021-08-06,2353,N,VIIRS,n,2,273.23,7.11,N,0
38.75855,23.39538,341.13,0.4,0.44,2021-08-06,2353,N,VIIRS,n,2,277.58,14.09,N,0
38.75809,23.39996,367,0.4,0.44,2021-08-06,2353,N,VIIRS,h,2,291.68,34.66,N,0
38.75763,23.40455,352.99,0.4,0.44,2021-08-06,2353,N,VIIRS,n,2,282.23,34.66,N,0
38.75717,23.40906,323.35,0.4,0.44,2021-08-06,2353,N,VIIRS,n,2,275.09,12.17,N,0
38.75671,23.41358,350.06,0.39,0.44,2021-08-06,2353,N,VIIRS,n,2,286.7,12.17,N,0
38.75578,23.42275,329.72,0.39,0.44,2021-08-06,2353,N,VIIRS,n,2,279.04,5.48,N,0
38.75533,23.4272,334.43,0.39,0.44,2021-08-06,2353,N,VIIRS,n,2,286.2,3.78,N,0
38.75441,23.43624,324.89,0.39,0.44,2021-08-06,2353,N,VIIRS,n,2,286.25,2.84,N,0
38.76844,23.29717,316.08,0.4,0.44,2021-08-06,2353,N,VIIRS,n,2,277.97,2.53,N,3
38.76752,23.30638,317.75,0.4,0.44,2021-08-06,2353,N,VIIRS,n,2,292.31,4.71,N,0
38.75488,23.43168,319.14,0.39,0.44,2021-08-06,2353,N,VIIRS,n,2,290.76,3.78,N,0
38.75394,23.44089,316.48,0.39,0.44,2021-08-06,2353,N,VIIRS,n,2,281.55,2.84,N,0
38.76295,23.31038,321.74,0.4,0.44,2021-08-06,2353,N,VIIRS,n,2,294.4,7.97,N,0
38.76099,23.32999,367,0.4,0.44,2021-08-06,2353,N,VIIRS,h,2,300.9,53.17,N,0
38.76047,23.33521,345.55,0.4,0.44,2021-08-06,2353,N,VIIRS,n,2,314.15,56.34,N,0
38.75949,23.34495,342.72,0.4,0.44,2021-08-06,2353,N,VIIRS,n,2,284.22,6.49,N,0
38.75803,23.35944,335.15,0.4,0.44,2021-08-06,2353,N,VIIRS,n,2,273.9,7.5,N,0
38.75758,23.36399,345.1,0.4,0.44,2021-08-06,2353,N,VIIRS,n,2,274.64,5.56,N,0
38.75401,23.39932,347.67,0.4,0.44,2021-08-06,2353,N,VIIRS,n,2,280,7.5,N,0
38.75356,23.40387,335.65,0.4,0.44,2021-08-06,2353,N,VIIRS,n,2,278.24,7.5,N,0
38.75309,23.40844,336.14,0.4,0.44,2021-08-06,2353,N,VIIRS,n,2,280.87,7.02,N,0
38.75262,23.41304,367,0.39,0.44,2021-08-06,2353,N,VIIRS,h,2,292.22,7.02,N,0
38.75216,23.41763,330.22,0.39,0.44,2021-08-06,2353,N,VIIRS,n,2,287.26,3.51,N,0
38.75125,23.42664,323.95,0.39,0.44,2021-08-06,2353,N,VIIRS,n,2,281.33,3.83,N,0
38.7508,23.4311,320.78,0.39,0.44,2021-08-06,2353,N,VIIRS,n,2,289.41,3.83,N,0
38.76436,23.29637,316.28,0.4,0.44,2021-08-06,2353,N,VIIRS,n,2,281.33,3.54,N,3
38.7639,23.30101,314.34,0.4,0.44,2021-08-06,2353,N,VIIRS,n,2,285.34,3.54,N,3
38.7517,23.42217,315.89,0.39,0.44,2021-08-06,2353,N,VIIRS,n,2,279.18,3.51,N,0
38.75643,23.33404,332.4,0.4,0.44,2021-08-06,2353,N,VIIRS,n,2,293.78,56.34,N,0
38.75592,23.33912,320.12,0.4,0.44,2021-08-06,2353,N,VIIRS,n,2,290.37,56.34,N,0
38.75543,23.34406,335.94,0.4,0.44,2021-08-06,2353,N,VIIRS,n,2,282.24,6.49,N,0
38.75445,23.35382,330.32,0.4,0.44,2021-08-06,2353,N,VIIRS,n,2,273.17,7.5,N,0
38.75397,23.35859,367,0.4,0.44,2021-08-06,2353,N,VIIRS,h,2,279.68,7.5,N,0
38.7535,23.36326,346.1,0.4,0.44,2021-08-06,2353,N,VIIRS,n,2,276.78,5.56,N,0
38.75305,23.36773,328.35,0.4,0.44,2021-08-06,2353,N,VIIRS,n,2,273.69,5.56,N,0
38.74902,23.40781,338.13,0.4,0.44,2021-08-06,2353,N,VIIRS,n,2,284.26,7.02,N,0
38.74856,23.41237,322.83,0.39,0.44,2021-08-06,2353,N,VIIRS,n,2,292.56,7.02,N,0
38.74809,23.41698,322.91,0.39,0.44,2021-08-06,2353,N,VIIRS,n,2,292.56,3.51,N,0
38.74763,23.42154,327.78,0.39,0.44,2021-08-06,2353,N,VIIRS,n,2,291.47,3.51,N,0
38.74718,23.42599,328.15,0.39,0.44,2021-08-06,2353,N,VIIRS,n,2,290.27,3.83,N,0
38.75137,23.34308,328.95,0.4,0.44,2021-08-06,2353,N,VIIRS,n,2,282.12,6.73,N,0
38.7504,23.35285,329.48,0.4,0.44,2021-08-06,2353,N,VIIRS,n,2,275.07,5.69,N,0
38.74991,23.35772,355.34,0.4,0.44,2021-08-06,2353,N,VIIRS,n,2,280.37,5.69,N,0
38.74943,23.3625,353.15,0.4,0.44,2021-08-06,2353,N,VIIRS,n,2,284.06,6.12,N,0
38.74897,23.36706,330.18,0.4,0.44,2021-08-06,2353,N,VIIRS,n,2,274.17,6.12,N,0
38.74763,23.38041,342.48,0.4,0.44,2021-08-06,2353,N,VIIRS,n,2,281.84,17.27,N,0
38.74718,23.38489,367,0.4,0.44,2021-08-06,2353,N,VIIRS,h,2,297.89,17.27,N,0
38.74673,23.38933,341.26,0.4,0.44,2021-08-06,2353,N,VIIRS,n,2,283.67,10.13,N,0
38.7463,23.3937,352.73,0.4,0.44,2021-08-06,2353,N,VIIRS,n,2,287.52,10.13,N,0
38.74585,23.39818,339.76,0.4,0.44,2021-08-06,2353,N,VIIRS,n,2,284.72,6.2,N,0
38.74538,23.40276,336.79,0.4,0.44,2021-08-06,2353,N,VIIRS,n,2,285.15,6.2,N,0
38.74493,23.40729,327.85,0.4,0.44,2021-08-06,2353,N,VIIRS,n,2,291.71,5.65,N,0
38.75186,23.3382,315.39,0.4,0.44,2021-08-06,2353,N,VIIRS,n,2,289.54,7.51,N,0
38.74685,23.34684,338.24,0.4,0.44,2021-08-06,2353,N,VIIRS,n,2,280.74,6.73,N,0
38.74635,23.3518,331.46,0.4,0.44,2021-08-06,2353,N,VIIRS,n,2,289.17,5.69,N,0
38.74585,23.35675,324.87,0.4,0.44,2021-08-06,2353,N,VIIRS,n,2,275.19,5.69,N,0
38.74537,23.3616,324.99,0.4,0.44,2021-08-06,2353,N,VIIRS,n,2,273.7,6.12,N,0
38.74444,23.37091,330.19,0.4,0.44,2021-08-06,2353,N,VIIRS,n,2,281.17,5.3,N,0
38.74398,23.37547,336.44,0.4,0.44,2021-08-06,2353,N,VIIRS,n,2,288.47,5.3,N,0
38.74352,23.38002,347.49,0.4,0.44,2021-08-06,2353,N,VIIRS,n,2,295.05,17.27,N,0
38.74306,23.38461,367,0.4,0.44,2021-08-06,2353,N,VIIRS,h,2,292.8,17.27,N,0
38.74262,23.38907,349.61,0.4,0.44,2021-08-06,2353,N,VIIRS,n,2,287.56,10.13,N,0
38.74219,23.39338,350.82,0.4,0.44,2021-08-06,2353,N,VIIRS,n,2,288.86,10.13,N,0
38.74174,23.39778,339.98,0.4,0.44,2021-08-06,2353,N,VIIRS,n,2,288.97,6.2,N,0
38.74129,23.40234,335.1,0.4,0.44,2021-08-06,2353,N,VIIRS,n,2,288.56,6.2,N,0
38.74083,23.40685,324.28,0.4,0.44,2021-08-06,2353,N,VIIRS,n,2,293.08,5.65,N,0
38.74328,23.34092,327.05,0.4,0.44,2021-08-06,2353,N,VIIRS,n,2,283.07,4.08,N,0
38.74279,23.34583,321.16,0.4,0.44,2021-08-06,2353,N,VIIRS,n,2,286.68,4.08,N,0
38.7423,23.35078,332.44,0.4,0.44,2021-08-06,2353,N,VIIRS,n,2,288,4.15,N,0
38.74181,23.3557,330.24,0.4,0.44,2021-08-06,2353,N,VIIRS,n,2,282.67,4.15,N,0
38.74133,23.36054,329.73,0.4,0.44,2021-08-06,2353,N,VIIRS,n,2,287.18,4.4,N,0
38.74084,23.36535,320.88,0.4,0.44,2021-08-06,2353,N,VIIRS,n,2,291.99,4.4,N,0
38.73941,23.37969,320.91,0.4,0.44,2021-08-06,2353,N,VIIRS,n,2,289.69,12.44,N,0
38.73808,23.39307,331.4,0.4,0.44,2021-08-06,2353,N,VIIRS,n,2,287.45,8.17,N,0
38.73925,23.3396,327.15,0.4,0.44,2021-08-06,2353,N,VIIRS,n,2,285.5,4.08,N,0
38.73824,23.3498,328.5,0.4,0.44,2021-08-06,2353,N,VIIRS,n,2,284.41,4.15,N,0
38.73776,23.35467,327.97,0.4,0.44,2021-08-06,2353,N,VIIRS,n,2,285.55,4.15,N,0
38.73729,23.35944,331.24,0.4,0.44,2021-08-06,2353,N,VIIRS,n,2,288.42,4.4,N,0
38.73581,23.37434,327.7,0.4,0.44,2021-08-06,2353,N,VIIRS,n,2,292.65,11.85,N,0
38.73532,23.37921,367,0.4,0.44,2021-08-06,2353,N,VIIRS,h,2,289.73,12.44,N,0
38.73485,23.38396,351.73,0.4,0.44,2021-08-06,2353,N,VIIRS,n,2,292.5,12.44,N,0
38.73262,23.40619,332.54,0.4,0.44,2021-08-06,2353,N,VIIRS,n,2,292.06,6.26,N,0
38.73217,23.41072,324.08,0.39,0.44,2021-08-06,2353,N,VIIRS,n,2,292.5,6.26,N,0
38.73973,23.33484,318.15,0.4,0.44,2021-08-06,2353,N,VIIRS,n,2,285.24,8.14,N,3
38.73172,23.37368,322.54,0.4,0.44,2021-08-06,2353,N,VIIRS,n,2,286.03,7.17,N,0
38.73123,23.37863,326.92,0.4,0.44,2021-08-06,2353,N,VIIRS,n,2,283.82,4.19,N,0
38.73075,23.38344,325.26,0.4,0.44,2021-08-06,2353,N,VIIRS,n,2,282.03,4.19,N,0
38.72919,23.35732,322.46,0.4,0.44,2021-08-06,2353,N,VIIRS,n,2,287.49,8.42,N,0
38.64032,23.22307,319.93,0.4,0.44,2021-08-06,2353,N,VIIRS,n,2,295.32,3.07,N,0
38.63986,23.2277,310.44,0.4,0.44,2021-08-06,2353,N,VIIRS,n,2,294.91,3.07,N,0
38.3947,22.25621,316.96,0.45,0.47,2021-08-06,2353,N,VIIRS,n,2,291.96,2.54,N,0
38.39006,22.25906,305.6,0.45,0.47,2021-08-06,2353,N,VIIRS,n,2,293.46,1.45,N,0
38.39099,22.19958,341.15,0.45,0.47,2021-08-06,2353,N,VIIRS,n,2,299.76,10.75,N,0
38.39052,22.20483,318.57,0.45,0.47,2021-08-06,2353,N,VIIRS,n,2,294.69,3.82,N,0
38.38584,22.25738,311.99,0.45,0.47,2021-08-06,2353,N,VIIRS,n,2,294.39,3.04,N,0
38.2341,23.82842,317.32,0.56,0.43,2021-08-06,2353,N,VIIRS,n,2,291.13,2.06,N,0
38.38675,22.19778,316,0.45,0.47,2021-08-06,2353,N,VIIRS,n,2,293.8,10.75,N,0
38.38628,22.20308,308.08,0.45,0.47,2021-08-06,2353,N,VIIRS,n,2,293.21,3.82,N,0
38.22946,23.83438,304.14,0.56,0.43,2021-08-06,2353,N,VIIRS,n,2,291.42,2.06,N,0
38.22751,23.81432,330.3,0.56,0.43,2021-08-06,2353,N,VIIRS,n,2,293.46,11.7,N,0
38.38247,22.19655,306.05,0.45,0.47,2021-08-06,2353,N,VIIRS,n,2,293.57,1.88,N,0
38.22344,23.81478,343.98,0.56,0.43,2021-08-06,2353,N,VIIRS,n,2,301.55,11.7,N,0
38.3763,22.21675,304.24,0.45,0.47,2021-08-06,2353,N,VIIRS,n,2,293.12,1.74,N,0
38.22412,23.80811,308.97,0.56,0.43,2021-08-06,2353,N,VIIRS,n,2,292.39,11.91,N,0
38.22278,23.82121,308.18,0.56,0.43,2021-08-06,2353,N,VIIRS,n,2,293.45,11.7,N,0
38.22212,23.82756,305.64,0.56,0.43,2021-08-06,2353,N,VIIRS,n,2,293.02,2.28,N,0
38.22008,23.80829,344.78,0.56,0.43,2021-08-06,2353,N,VIIRS,n,2,295.28,9.49,N,0
38.21941,23.81486,329.93,0.56,0.43,2021-08-06,2353,N,VIIRS,n,2,293.24,6.73,N,0
38.21609,23.80792,339.27,0.56,0.43,2021-08-06,2353,N,VIIRS,n,2,294.72,9.49,N,0
38.21212,23.80729,309.49,0.56,0.43,2021-08-06,2353,N,VIIRS,n,2,291.97,2.46,N,0
38.21148,23.81363,308.61,0.56,0.43,2021-08-06,2353,N,VIIRS,n,2,292.86,3.03,N,0
38.2255,23.81466,340.55,0.56,0.43,2021-08-06,2353,N,VIIRS,n,2,295.36,17.72,N,0
38.22478,23.82122,306.7,0.56,0.43,2021-08-06,2353,N,VIIRS,n,2,293.22,1.88,N,0
38.22408,23.82765,307.39,0.56,0.43,2021-08-06,2353,N,VIIRS,n,2,293.18,1.88,N,0
38.22214,23.80845,329.56,0.56,0.43,2021-08-06,2353,N,VIIRS,n,2,293.4,17.72,N,0
38.22141,23.81507,333.73,0.56,0.43,2021-08-06,2353,N,VIIRS,n,2,299.22,17.72,N,0
38.21812,23.80829,340.44,0.56,0.43,2021-08-06,2353,N,VIIRS,n,2,294.98,5.54,N,0
38.21414,23.80776,334.76,0.56,0.43,2021-08-06,2353,N,VIIRS,n,2,293.76,5.54,N,0
38.21345,23.81418,306.07,0.56,0.43,2021-08-06,2353,N,VIIRS,n,2,292.63,5.54,N,0
38.20952,23.81325,306.19,0.56,0.43,2021-08-06,2353,N,VIIRS,n,2,292.62,3.02,N,0
38.20695,23.79969,340.65,0.56,0.43,2021-08-06,2353,N,VIIRS,n,2,294.31,6.02,N,0
38.37167,22.16126,306.04,0.45,0.47,2021-08-06,2353,N,VIIRS,n,2,292.05,0.95,N,0
38.36688,22.16557,340.9,0.45,0.47,2021-08-06,2353,N,VIIRS,n,2,295.21,4.76,N,0
38.36636,22.17111,338.63,0.45,0.47,2021-08-06,2353,N,VIIRS,n,2,293.96,4.76,N,0
38.20301,23.79884,319.14,0.56,0.43,2021-08-06,2353,N,VIIRS,n,2,294.51,3.72,N,0
38.20234,23.80507,310.05,0.56,0.43,2021-08-06,2353,N,VIIRS,n,2,293.54,2.94,N,0
38.36264,22.16389,309.07,0.45,0.47,2021-08-06,2353,N,VIIRS,n,2,291.15,4.76,N,0
38.36212,22.16956,302.38,0.45,0.47,2021-08-06,2353,N,VIIRS,n,2,291.1,4.76,N,0
38.19973,23.79177,319.58,0.56,0.43,2021-08-06,2353,N,VIIRS,n,2,293.17,3.72,N,0
38.18847,23.78386,318.49,0.56,0.43,2021-08-06,2353,N,VIIRS,n,2,294.6,3.86,N,0
38.18515,23.77717,338.97,0.56,0.43,2021-08-06,2353,N,VIIRS,n,2,295.59,3.86,N,0
38.18448,23.78346,308.72,0.56,0.43,2021-08-06,2353,N,VIIRS,n,2,293.32,3.86,N,0
38.17257,23.89502,316.01,0.55,0.43,2021-08-06,2353,N,VIIRS,n,2,293.74,2.51,N,0
38.18181,23.77062,333.82,0.56,0.43,2021-08-06,2353,N,VIIRS,n,2,302.78,32.12,N,0
38.18115,23.7769,367,0.56,0.43,2021-08-06,2353,N,VIIRS,h,2,324.1,74.84,N,0
38.17782,23.77022,330.6,0.56,0.43,2021-08-06,2353,N,VIIRS,n,2,293.26,32.12,N,0
38.17717,23.7763,336.59,0.56,0.43,2021-08-06,2353,N,VIIRS,n,2,297.71,74.84,N,0
38.16467,23.89378,333.77,0.55,0.43,2021-08-06,2353,N,VIIRS,n,2,295.4,6.59,N,0
38.17385,23.76953,345.12,0.56,0.43,2021-08-06,2353,N,VIIRS,n,2,296.89,10.84,N,0
38.17323,23.77544,319.14,0.56,0.43,2021-08-06,2353,N,VIIRS,n,2,294.24,4.9,N,0
38.16989,23.76885,333,0.56,0.43,2021-08-06,2353,N,VIIRS,n,2,295.54,10.84,N,0
38.16928,23.77454,320.1,0.56,0.43,2021-08-06,2353,N,VIIRS,n,2,296.39,4.9,N,0
38.16594,23.76806,328.69,0.56,0.43,2021-08-06,2353,N,VIIRS,n,2,294.68,3.04,N,0
38.15548,23.86695,306.73,0.56,0.43,2021-08-06,2353,N,VIIRS,n,2,293.89,1.91,N,0
38.15414,23.87955,314.79,0.55,0.43,2021-08-06,2353,N,VIIRS,n,2,293.94,4.56,N,0
38.16256,23.76177,329.41,0.56,0.43,2021-08-06,2353,N,VIIRS,n,2,293.94,3.04,N,0
38.15086,23.87266,331.31,0.55,0.43,2021-08-06,2353,N,VIIRS,n,2,295.95,4.56,N,0
38.16316,23.75608,304.13,0.56,0.43,2021-08-06,2353,N,VIIRS,n,2,291.26,1.96,N,0
38.16199,23.76722,307.93,0.56,0.43,2021-08-06,2353,N,VIIRS,n,2,293.42,3.04,N,0
38.16081,23.77836,316.23,0.56,0.43,2021-08-06,2353,N,VIIRS,n,2,296.75,6.78,N,0
38.16017,23.78444,310.23,0.56,0.43,2021-08-06,2353,N,VIIRS,n,2,295.24,3.48,N,0
38.15951,23.7907,316.7,0.56,0.43,2021-08-06,2353,N,VIIRS,n,2,294.98,3.48,N,0
38.15018,23.87907,318.82,0.55,0.43,2021-08-06,2353,N,VIIRS,n,2,295.5,4.56,N,0
38.14949,23.88552,307.35,0.55,0.43,2021-08-06,2353,N,VIIRS,n,2,294.37,1.17,N,0
38.15923,23.75502,343.78,0.56,0.43,2021-08-06,2353,N,VIIRS,n,2,298.99,12.9,N,0
38.15863,23.76075,355.16,0.56,0.43,2021-08-06,2353,N,VIIRS,n,2,302.1,8.43,N,0
38.15805,23.7663,349.17,0.56,0.43,2021-08-06,2353,N,VIIRS,n,2,299.24,8.43,N,0
38.14621,23.87865,340.17,0.55,0.43,2021-08-06,2353,N,VIIRS,n,2,296.3,7,N,0
38.15686,23.77755,309.82,0.56,0.43,2021-08-06,2353,N,VIIRS,n,2,295.15,2.93,N,0
38.15623,23.78354,308.48,0.56,0.43,2021-08-06,2353,N,VIIRS,n,2,295.08,2.49,N,0
38.15558,23.78977,317.83,0.56,0.43,2021-08-06,2353,N,VIIRS,n,2,295.4,2.49,N,0
38.15532,23.75383,356.67,0.56,0.43,2021-08-06,2353,N,VIIRS,n,2,305.5,12.9,N,0
38.15471,23.75967,340.83,0.56,0.43,2021-08-06,2353,N,VIIRS,n,2,304.61,8.43,N,0
38.15412,23.76528,315.95,0.56,0.43,2021-08-06,2353,N,VIIRS,n,2,296.95,8.43,N,0
38.15292,23.77668,306.43,0.56,0.43,2021-08-06,2353,N,VIIRS,n,2,293.68,2.93,N,0
38.15164,23.78885,311.61,0.56,0.43,2021-08-06,2353,N,VIIRS,n,2,294.86,2.49,N,0
38.15142,23.75239,342.43,0.56,0.43,2021-08-06,2353,N,VIIRS,n,2,323.94,115.05,N,0
38.15081,23.75832,354.17,0.56,0.43,2021-08-06,2353,N,VIIRS,n,2,311.53,38.8,N,0
38.1502,23.76407,339,0.56,0.43,2021-08-06,2353,N,VIIRS,n,2,302.29,38.8,N,0
38.1496,23.7698,328.08,0.56,0.43,2021-08-06,2353,N,VIIRS,n,2,296.67,23.05,N,0
38.14701,23.79451,351.22,0.56,0.43,2021-08-06,2353,N,VIIRS,n,2,302.59,8.75,N,0
38.14899,23.77568,311.18,0.56,0.43,2021-08-06,2353,N,VIIRS,n,2,294.21,23.05,N,0
38.14835,23.78173,311.77,0.56,0.43,2021-08-06,2353,N,VIIRS,n,2,294.22,11.29,N,0
38.1477,23.78797,309.46,0.56,0.43,2021-08-06,2353,N,VIIRS,n,2,294.42,11.29,N,0
38.14634,23.80094,308.84,0.56,0.43,2021-08-06,2353,N,VIIRS,n,2,293.76,8.75,N,0
38.14755,23.75075,329.23,0.56,0.43,2021-08-06,2353,N,VIIRS,n,2,310.44,115.05,N,0
38.14692,23.75687,347.24,0.56,0.43,2021-08-06,2353,N,VIIRS,n,2,318.89,38.8,N,0
38.1463,23.76278,356.42,0.56,0.43,2021-08-06,2353,N,VIIRS,n,2,320.59,38.8,N,0
38.14569,23.76863,354.9,0.56,0.43,2021-08-06,2353,N,VIIRS,n,2,311.98,23.05,N,0
38.14506,23.77465,353.53,0.56,0.43,2021-08-06,2353,N,VIIRS,n,2,304,23.05,N,0
38.14441,23.78081,348.01,0.56,0.43,2021-08-06,2353,N,VIIRS,n,2,301.01,11.29,N,0
38.14375,23.7871,329.74,0.56,0.43,2021-08-06,2353,N,VIIRS,n,2,297.56,11.29,N,0
38.14308,23.79361,367,0.56,0.43,2021-08-06,2353,N,VIIRS,h,2,305.49,8.75,N,0
38.1424,23.80006,323.7,0.56,0.43,2021-08-06,2353,N,VIIRS,n,2,295.54,8.75,N,0
38.14302,23.7555,337.84,0.56,0.43,2021-08-06,2353,N,VIIRS,n,2,300.92,55.11,N,0
38.14239,23.76156,336.1,0.56,0.43,2021-08-06,2353,N,VIIRS,n,2,329.98,55.11,N,0
38.14176,23.76756,347.16,0.56,0.43,2021-08-06,2353,N,VIIRS,n,2,320.88,144.64,N,0
38.14112,23.77366,342.24,0.56,0.43,2021-08-06,2353,N,VIIRS,n,2,321.93,144.64,N,0
38.14047,23.77991,349.47,0.56,0.43,2021-08-06,2353,N,VIIRS,n,2,307.05,71.07,N,0
38.13981,23.78624,356.05,0.56,0.43,2021-08-06,2353,N,VIIRS,n,2,303.63,71.07,N,0
38.13914,23.7927,352.43,0.56,0.43,2021-08-06,2353,N,VIIRS,n,2,303.56,9.22,N,0
38.14367,23.74926,308.16,0.56,0.43,2021-08-06,2353,N,VIIRS,n,2,294.43,4.15,N,0
38.13847,23.79917,308.47,0.56,0.43,2021-08-06,2353,N,VIIRS,n,2,294.08,9.22,N,0
38.13847,23.76037,343.09,0.56,0.43,2021-08-06,2353,N,VIIRS,n,2,306.2,55.11,N,0
38.13783,23.76649,367,0.56,0.43,2021-08-06,2353,N,VIIRS,h,2,344.72,144.64,N,0
38.13719,23.77268,367,0.56,0.43,2021-08-06,2353,N,VIIRS,h,2,336.12,144.64,N,0
38.13653,23.77901,339.64,0.56,0.43,2021-08-06,2353,N,VIIRS,n,2,326.36,71.07,N,0
38.13587,23.78538,345.93,0.56,0.43,2021-08-06,2353,N,VIIRS,n,2,315.19,71.07,N,0
38.1352,23.79182,335.51,0.56,0.43,2021-08-06,2353,N,VIIRS,n,2,297.61,9.22,N,0
38.13911,23.75422,312.23,0.56,0.43,2021-08-06,2353,N,VIIRS,n,2,294.66,55.11,N,0
38.13453,23.75938,323.39,0.56,0.43,2021-08-06,2353,N,VIIRS,n,2,295.38,3.24,N,0
38.13389,23.7656,341.26,0.56,0.43,2021-08-06,2353,N,VIIRS,n,2,327.58,171.77,N,0
38.13324,23.77185,367,0.56,0.43,2021-08-06,2353,N,VIIRS,h,2,353.04,171.77,N,0
38.13192,23.78454,348.34,0.56,0.43,2021-08-06,2353,N,VIIRS,n,2,311.69,417.43,N,0
38.12859,23.81665,333.23,0.56,0.43,2021-08-06,2353,N,VIIRS,n,2,296.14,7.43,N,0
38.13518,23.75316,308.71,0.56,0.43,2021-08-06,2353,N,VIIRS,n,2,294.71,3.24,N,0
38.13126,23.79096,317.46,0.56,0.43,2021-08-06,2353,N,VIIRS,n,2,296.14,6.42,N,0
38.12994,23.76476,342.06,0.56,0.43,2021-08-06,2353,N,VIIRS,n,2,296.95,171.77,N,0
38.12929,23.77103,367,0.56,0.43,2021-08-06,2353,N,VIIRS,h,2,337,171.77,N,0
38.12798,23.78372,328.63,0.56,0.43,2021-08-06,2353,N,VIIRS,n,2,308.86,417.43,N,0
38.13123,23.75225,307.13,0.56,0.43,2021-08-06,2353,N,VIIRS,n,2,294.31,3.24,N,0
38.13058,23.75852,316.11,0.56,0.43,2021-08-06,2353,N,VIIRS,n,2,294.84,3.24,N,0
38.12731,23.79013,312.33,0.56,0.43,2021-08-06,2353,N,VIIRS,n,2,296.06,6.42,N,0
38.12534,23.77023,349.32,0.56,0.43,2021-08-06,2353,N,VIIRS,n,2,303.24,15.58,N,0
38.12468,23.77654,367,0.56,0.43,2021-08-06,2353,N,VIIRS,h,2,316.14,59.03,N,0
38.12402,23.78292,326.93,0.56,0.43,2021-08-06,2353,N,VIIRS,n,2,297.46,59.03,N,0
38.12664,23.75765,309.99,0.56,0.43,2021-08-06,2353,N,VIIRS,n,2,295.04,4.74,N,0
38.12599,23.76393,319.6,0.56,0.43,2021-08-06,2353,N,VIIRS,n,2,295.56,15.58,N,0
38.12336,23.78933,309.42,0.56,0.43,2021-08-06,2353,N,VIIRS,n,2,295.93,7.15,N,0
38.12073,23.77575,331.24,0.56,0.43,2021-08-06,2353,N,VIIRS,n,2,296.92,59.03,N,0
38.12204,23.76309,310.73,0.56,0.43,2021-08-06,2353,N,VIIRS,n,2,295.04,15.58,N,0
38.12139,23.76938,319.83,0.56,0.43,2021-08-06,2353,N,VIIRS,n,2,295.65,15.58,N,0
38.12007,23.78213,314.73,0.56,0.43,2021-08-06,2353,N,VIIRS,n,2,296.81,59.03,N,0
38.11678,23.77494,312.43,0.56,0.43,2021-08-06,2353,N,VIIRS,n,2,295.97,6.06,N,0
38.12319,23.76953,331.1,0.56,0.43,2021-08-06,2353,N,VIIRS,n,2,295.34,9.63,N,0
38.1225,23.77583,352.53,0.56,0.43,2021-08-06,2353,N,VIIRS,n,2,299.53,9.63,N,0
38.12387,23.76325,312.04,0.56,0.43,2021-08-06,2353,N,VIIRS,n,2,295.09,5.95,N,0
38.12181,23.78219,319.49,0.56,0.43,2021-08-06,2353,N,VIIRS,n,2,296.91,7.15,N,0
38.11924,23.76871,310.06,0.56,0.43,2021-08-06,2353,N,VIIRS,n,2,295.37,9.63,N,0
38.11855,23.77505,315.43,0.56,0.43,2021-08-06,2353,N,VIIRS,n,2,295.88,9.63,N,0
38.12909,23.52502,309.84,0.38,0.43,2021-08-06,2353,N,VIIRS,n,2,295.72,1.84,N,2
38.77765,23.32975,313.64,0.4,0.44,2021-08-06,2353,N,VIIRS,n,2,294.89,3.88,N,0
38.77715,23.33462,324.54,0.4,0.44,2021-08-06,2353,N,VIIRS,n,2,297.35,3.88,N,0
38.77867,23.31961,323.47,0.4,0.44,2021-08-06,2353,N,VIIRS,n,2,294.02,4.64,N,0
38.77919,23.31451,321.01,0.4,0.44,2021-08-06,2353,N,VIIRS,n,2,294.02,3.25,N,0
38.77967,23.30978,322.54,0.4,0.44,2021-08-06,2353,N,VIIRS,n,2,286.97,3.25,N,0
38.7702,23.44359,318.62,0.39,0.44,2021-08-06,2353,N,VIIRS,n,2,281.85,3.87,N,0
38.78123,23.3354,319.12,0.4,0.44,2021-08-06,2353,N,VIIRS,n,2,295.44,8.78,N,0
38.78272,23.3207,313.51,0.4,0.44,2021-08-06,2353,N,VIIRS,n,2,292.37,3.99,N,0
38.78375,23.31058,318.05,0.4,0.44,2021-08-06,2353,N,VIIRS,n,2,283.89,3.96,N,0
38.78423,23.30586,311.71,0.4,0.44,2021-08-06,2353,N,VIIRS,n,2,283.41,3.59,N,0
38.7707,23.43872,326.51,0.39,0.44,2021-08-06,2353,N,VIIRS,n,2,290.28,3.87,N,0
38.77117,23.43409,323.32,0.39,0.44,2021-08-06,2353,N,VIIRS,n,2,291.08,13.65,N,0
38.77164,23.42959,339.21,0.39,0.44,2021-08-06,2353,N,VIIRS,n,2,293.93,13.65,N,0
38.77209,23.42509,334.34,0.39,0.44,2021-08-06,2353,N,VIIRS,n,2,325.32,110.48,N,0
38.77256,23.42058,367,0.39,0.44,2021-08-06,2353,N,VIIRS,h,2,294.91,110.48,N,0
38.77303,23.41595,355.57,0.39,0.44,2021-08-06,2353,N,VIIRS,n,2,283.51,21.48,N,0
38.7735,23.41133,357.4,0.4,0.44,2021-08-06,2353,N,VIIRS,n,2,295.2,21.48,N,0
39.2155,22.43501,346.79,0.45,0.47,2021-08-06,2353,N,VIIRS,n,2,291.99,9,N,0
39.21386,22.05355,340.86,0.47,0.48,2021-08-06,2353,N,VIIRS,n,2,294.55,11.28,N,0
38.96072,23.38101,335.02,0.4,0.44,2021-08-06,2353,N,VIIRS,n,2,294.79,3.09,N,0
38.96117,23.37645,310.24,0.4,0.44,2021-08-06,2353,N,VIIRS,n,2,293.63,2.7,N,0
38.96026,23.38561,315.37,0.4,0.44,2021-08-06,2353,N,VIIRS,n,2,294.59,3.09,N,0
38.95745,23.37214,334.07,0.4,0.44,2021-08-06,2353,N,VIIRS,n,2,294.88,2.7,N,0
38.957,23.37666,325.93,0.4,0.44,2021-08-06,2353,N,VIIRS,n,2,294.92,2.7,N,0
38.9542,23.36299,311.2,0.4,0.44,2021-08-06,2353,N,VIIRS,n,2,294.16,2.13,N,0
38.95331,23.37202,312.42,0.4,0.44,2021-08-06,2353,N,VIIRS,n,2,294.16,1.97,N,0
38.95139,23.34941,310.71,0.4,0.44,2021-08-06,2353,N,VIIRS,n,2,293.48,2.1,N,0
38.94865,23.3349,335.9,0.4,0.44,2021-08-06,2353,N,VIIRS,n,2,295.15,4.51,N,0
38.94909,23.33051,311.68,0.4,0.44,2021-08-06,2353,N,VIIRS,n,2,292.96,1.74,N,0
38.9477,23.34454,306.8,0.4,0.44,2021-08-06,2353,N,VIIRS,n,2,293.22,1.1,N,0
38.94724,23.34934,309.14,0.4,0.44,2021-08-06,2353,N,VIIRS,n,2,293.37,1.1,N,0
38.94495,23.33027,311.08,0.4,0.44,2021-08-06,2353,N,VIIRS,n,2,292.57,1.74,N,0
38.94456,23.29156,327.52,0.4,0.44,2021-08-06,2353,N,VIIRS,n,2,294.57,3.97,N,0
38.94413,23.29598,351.58,0.4,0.44,2021-08-06,2353,N,VIIRS,n,2,296.35,7.65,N,0
38.94366,23.3008,338.05,0.4,0.44,2021-08-06,2353,N,VIIRS,n,2,294.37,7.65,N,0
38.94318,23.3058,352.02,0.4,0.44,2021-08-06,2353,N,VIIRS,n,2,296.5,2.83,N,0
38.94173,23.32057,325.41,0.4,0.44,2021-08-06,2353,N,VIIRS,n,2,293.01,2.36,N,0
38.94499,23.28723,318.23,0.4,0.44,2021-08-06,2353,N,VIIRS,n,2,293.06,3.97,N,0
38.94268,23.31082,318.84,0.4,0.44,2021-08-06,2353,N,VIIRS,n,2,292.51,2.83,N,0
38.94127,23.32537,310.74,0.4,0.44,2021-08-06,2353,N,VIIRS,n,2,292.25,1.63,N,0
38.9376,23.32029,320.97,0.4,0.44,2021-08-06,2353,N,VIIRS,n,2,292.51,2.36,N,0
38.93905,23.3054,305.75,0.4,0.44,2021-08-06,2353,N,VIIRS,n,2,292.98,2.83,N,0
38.93854,23.31058,305.11,0.4,0.44,2021-08-06,2353,N,VIIRS,n,2,292.46,2.83,N,0
38.93806,23.31553,314.44,0.4,0.44,2021-08-06,2353,N,VIIRS,n,2,292.74,2.36,N,0
38.92482,23.28009,324.65,0.4,0.44,2021-08-06,2353,N,VIIRS,n,2,293.28,1.87,N,0
38.9253,23.27514,312.04,0.4,0.44,2021-08-06,2353,N,VIIRS,n,2,292.46,1.87,N,0
38.92115,23.27491,331.55,0.4,0.44,2021-08-06,2353,N,VIIRS,n,2,293.72,3.88,N,0
38.92163,23.26988,313.7,0.4,0.44,2021-08-06,2353,N,VIIRS,n,2,292.39,2.22,N,0
37.65329,21.78425,306.99,0.46,0.47,2021-08-06,2354,N,VIIRS,n,2,290.97,1.48,N,0
37.65282,21.78932,302.78,0.46,0.47,2021-08-06,2354,N,VIIRS,n,2,291.37,1.48,N,0
37.65237,21.79417,304.21,0.46,0.47,2021-08-06,2354,N,VIIRS,n,2,291.52,1.7,N,0
37.34287,22.03004,306.22,0.45,0.47,2021-08-06,2354,N,VIIRS,n,2,290.22,1.2,N,0
37.33966,22.06523,300.27,0.45,0.47,2021-08-06,2354,N,VIIRS,n,2,289.61,1.03,N,0
37.33921,22.07012,310.46,0.45,0.47,2021-08-06,2354,N,VIIRS,n,2,289.57,1.03,N,0
37.33905,22.02391,314.03,0.45,0.47,2021-08-06,2354,N,VIIRS,n,2,289.98,1.2,N,0
37.33855,22.02938,312.03,0.45,0.47,2021-08-06,2354,N,VIIRS,n,2,290.21,1.2,N,0
37.33567,22.01287,321.94,0.45,0.47,2021-08-06,2354,N,VIIRS,n,2,291.92,1.75,N,0
37.33614,22.00767,306.1,0.45,0.47,2021-08-06,2354,N,VIIRS,n,2,290.65,3.19,N,0
37.33522,22.01778,308.99,0.45,0.47,2021-08-06,2354,N,VIIRS,n,2,290.7,1.75,N,0
37.33138,22.01178,324.79,0.45,0.47,2021-08-06,2354,N,VIIRS,n,2,291.95,1.75,N,0
37.33093,22.01683,301.09,0.45,0.47,2021-08-06,2354,N,VIIRS,n,2,290.74,1.75,N,0
37.33456,22.01154,337.97,0.45,0.47,2021-08-06,2354,N,VIIRS,n,2,294.51,3.57,N,0
37.33408,22.01652,316.13,0.45,0.47,2021-08-06,2354,N,VIIRS,n,2,291,3.06,N,0
37.33029,22.01049,311.69,0.45,0.47,2021-08-06,2354,N,VIIRS,n,2,290.56,3.57,N,0
37.30923,22.00172,303.31,0.45,0.47,2021-08-06,2354,N,VIIRS,n,2,291.18,0.78,N,0
37.30349,22.01609,304.25,0.45,0.47,2021-08-06,2354,N,VIIRS,n,2,291.6,1.24,N,0
37.72604,21.66271,303.33,0.47,0.48,2021-08-06,2354,N,VIIRS,n,2,291.22,0.96,N,0
36.76548,22.55846,306.69,0.41,0.45,2021-08-06,2354,N,VIIRS,n,2,295.45,1.68,N,0
36.76637,22.54934,312.51,0.41,0.45,2021-08-06,2354,N,VIIRS,n,2,295.4,2.24,N,0
37.7255,21.66882,304.09,0.47,0.48,2021-08-06,2354,N,VIIRS,n,2,290.77,0.96,N,0
37.72104,21.66863,306.37,0.47,0.48,2021-08-06,2354,N,VIIRS,n,2,290.92,0.87,N,0
37.72018,21.62723,327.54,0.47,0.48,2021-08-06,2354,N,VIIRS,n,2,292.86,2.42,N,0
37.71969,21.63283,303.66,0.47,0.48,2021-08-06,2354,N,VIIRS,n,2,292.1,2.42,N,0
37.7171,21.66242,302.05,0.47,0.48,2021-08-06,2354,N,VIIRS,n,2,290.45,0.87,N,0
37.70893,21.75513,301.26,0.47,0.48,2021-08-06,2354,N,VIIRS,n,2,289.17,0.57,N,0
37.69691,21.79039,305.97,0.47,0.47,2021-08-06,2354,N,VIIRS,n,2,290.61,0.86,N,0
37.69295,21.78485,302.19,0.47,0.47,2021-08-06,2354,N,VIIRS,n,2,291.2,2.17,N,0
37.69252,21.78971,308.97,0.47,0.47,2021-08-06,2354,N,VIIRS,n,2,291.7,1.74,N,0
37.6873,21.79844,335.35,0.46,0.47,2021-08-06,2354,N,VIIRS,n,2,292.24,3.31,N,0
37.68814,21.78898,303.4,0.47,0.47,2021-08-06,2354,N,VIIRS,n,2,291.34,1.74,N,0
37.68771,21.79377,310.99,0.46,0.47,2021-08-06,2354,N,VIIRS,n,2,292,1.74,N,0
37.68292,21.79767,314.61,0.46,0.47,2021-08-06,2354,N,VIIRS,n,2,291.56,1.31,N,0
37.68251,21.80232,307.63,0.46,0.47,2021-08-06,2354,N,VIIRS,n,2,292.05,1.31,N,0
37.68036,21.77603,303.61,0.47,0.47,2021-08-06,2354,N,VIIRS,n,2,291.02,1.4,N,0
37.67813,21.80157,302.87,0.46,0.47,2021-08-06,2354,N,VIIRS,n,2,291.35,1.31,N,0
37.67376,21.80077,306.47,0.46,0.47,2021-08-06,2354,N,VIIRS,n,2,292.14,2.26,N,0
37.67334,21.80544,315.94,0.46,0.47,2021-08-06,2354,N,VIIRS,n,2,291.32,1.36,N,0
37.66939,21.79985,322.13,0.46,0.47,2021-08-06,2354,N,VIIRS,n,2,291.25,2.26,N,0
37.66897,21.80465,301.74,0.46,0.47,2021-08-06,2354,N,VIIRS,n,2,290.5,1.36,N,0
37.66957,21.74634,312.24,0.47,0.48,2021-08-06,2354,N,VIIRS,n,2,291.63,1.81,N,0
37.66426,21.75625,335.81,0.47,0.47,2021-08-06,2354,N,VIIRS,n,2,293.21,6.52,N,0
37.66106,21.79332,342.2,0.46,0.47,2021-08-06,2354,N,VIIRS,n,2,295.43,8.47,N,0
37.66064,21.79809,339.29,0.46,0.47,2021-08-06,2354,N,VIIRS,n,2,293.48,8.47,N,0
37.66148,21.78857,305.16,0.46,0.47,2021-08-06,2354,N,VIIRS,n,2,291.92,2.3,N,0
37.66021,21.80312,317.15,0.46,0.47,2021-08-06,2354,N,VIIRS,n,2,290.9,1.74,N,0
37.67377,21.80313,308.58,0.46,0.47,2021-08-06,2354,N,VIIRS,n,2,291.82,2.03,N,0
37.67329,21.80824,309.21,0.46,0.47,2021-08-06,2354,N,VIIRS,n,2,290.69,1.5,N,0
37.66983,21.79769,314.92,0.46,0.47,2021-08-06,2354,N,VIIRS,n,2,291.08,2.03,N,0
37.66941,21.80231,313.47,0.46,0.47,2021-08-06,2354,N,VIIRS,n,2,291.18,2.03,N,0
37.66988,21.74924,313.19,0.47,0.47,2021-08-06,2354,N,VIIRS,n,2,291.72,1.31,N,0
37.665,21.75374,334.54,0.47,0.47,2021-08-06,2354,N,VIIRS,n,2,292.91,2.89,N,0
37.66111,21.79588,351.86,0.46,0.47,2021-08-06,2354,N,VIIRS,n,2,296.28,7.38,N,0
37.66066,21.80075,332.93,0.46,0.47,2021-08-06,2354,N,VIIRS,n,2,292.61,7.38,N,0
37.66551,21.74821,303.28,0.47,0.47,2021-08-06,2354,N,VIIRS,n,2,291.08,1.31,N,0
37.29969,22.00998,335.19,0.45,0.47,2021-08-06,2354,N,VIIRS,n,2,292.58,3.04,N,0
37.6645,21.75924,303.76,0.47,0.47,2021-08-06,2354,N,VIIRS,n,2,291.97,2.89,N,0
37.66201,21.78617,304.28,0.46,0.47,2021-08-06,2354,N,VIIRS,n,2,291.72,2.84,N,0
37.66155,21.79111,308.94,0.46,0.47,2021-08-06,2354,N,VIIRS,n,2,292.07,2.84,N,0
37.65813,21.77991,323.77,0.46,0.47,2021-08-06,2354,N,VIIRS,n,2,292.86,2.95,N,0
37.65718,21.79018,310.8,0.46,0.47,2021-08-06,2354,N,VIIRS,n,2,291.96,1.48,N,0
37.65675,21.79495,315.99,0.46,0.47,2021-08-06,2354,N,VIIRS,n,2,292.6,1.7,N,0
37.65629,21.79992,317.58,0.46,0.47,2021-08-06,2354,N,VIIRS,n,2,291.22,1.7,N,0
37.29921,22.01507,328.25,0.45,0.47,2021-08-06,2354,N,VIIRS,n,2,292.01,3.04,N,0
37.29877,22.0197,317.57,0.45,0.47,2021-08-06,2354,N,VIIRS,n,2,292.27,5.21,N,0
37.29447,22.01889,350.96,0.45,0.47,2021-08-06,2354,N,VIIRS,n,2,294.16,5.21,N,0
37.29493,22.01401,302.58,0.45,0.47,2021-08-06,2354,N,VIIRS,n,2,290.63,3.04,N,0
37.29392,22.02478,306.27,0.45,0.47,2021-08-06,2354,N,VIIRS,n,2,291.56,5.21,N,0
36.81304,22.46251,308.14,0.42,0.45,2021-08-06,2354,N,VIIRS,n,2,295,2.27,N,0
36.8126,22.46695,307.3,0.42,0.45,2021-08-06,2354,N,VIIRS,n,2,294.95,2.12,N,0
36.80704,22.48022,312.01,0.42,0.45,2021-08-06,2354,N,VIIRS,n,2,294.8,1.87,N,0
36.80198,22.48852,309.07,0.42,0.45,2021-08-06,2354,N,VIIRS,n,2,294.92,1.65,N,0
36.79822,22.4836,306.57,0.42,0.45,2021-08-06,2354,N,VIIRS,n,2,294.92,1.65,N,0
36.79361,22.48736,309.11,0.42,0.45,2021-08-06,2354,N,VIIRS,n,2,295.59,2.59,N,0
36.79318,22.49175,312.1,0.42,0.45,2021-08-06,2354,N,VIIRS,n,2,295.39,1.58,N,0
36.79275,22.49609,306.99,0.42,0.45,2021-08-06,2354,N,VIIRS,n,2,294.27,1.58,N,0
36.79076,22.47313,307.44,0.42,0.45,2021-08-06,2354,N,VIIRS,n,2,295.37,2,N,0
36.78614,22.47698,310.52,0.42,0.45,2021-08-06,2354,N,VIIRS,n,2,295.24,3.23,N,0
36.78024,22.49398,310.03,0.42,0.45,2021-08-06,2354,N,VIIRS,n,2,294.41,2.34,N,0
36.76593,22.55394,325.92,0.41,0.45,2021-08-06,2354,N,VIIRS,n,2,296.36,1.68,N,0
36.71724,22.43822,304.49,0.42,0.45,2021-08-06,2354,N,VIIRS,n,2,291.83,0.26,N,0
36.71797,22.51583,310.47,0.42,0.45,2021-08-06,2354,N,VIIRS,n,2,295.55,1.62,N,0
36.72348,22.46084,307.71,0.42,0.45,2021-08-06,2354,N,VIIRS,n,2,296.05,1.43,N,0
36.72391,22.45659,307.33,0.42,0.45,2021-08-06,2354,N,VIIRS,n,2,295.05,1.43,N,0
36.72803,22.41524,313.94,0.42,0.45,2021-08-06,2354,N,VIIRS,n,2,292.35,1.61,N,0
36.72073,22.53039,317.51,0.41,0.45,2021-08-06,2354,N,VIIRS,n,2,296.01,2.27,N,0
36.72212,22.51661,318.05,0.42,0.45,2021-08-06,2354,N,VIIRS,n,2,295.67,1.63,N,0
36.7226,22.51185,312.81,0.42,0.45,2021-08-06,2354,N,VIIRS,n,2,294.95,1.63,N,0
36.72814,22.45675,308.34,0.42,0.45,2021-08-06,2354,N,VIIRS,n,2,295.24,2.46,N,0
36.72898,22.44837,306.43,0.42,0.45,2021-08-06,2354,N,VIIRS,n,2,294.02,2.6,N,0
36.73168,22.42132,312.17,0.42,0.45,2021-08-06,2354,N,VIIRS,n,2,293.68,1.26,N,0
36.73213,22.41678,342.5,0.42,0.45,2021-08-06,2354,N,VIIRS,n,2,297.31,3.3,N,0
36.73255,22.4126,338.36,0.42,0.45,2021-08-06,2354,N,VIIRS,n,2,296.21,3.3,N,0
36.73295,22.40862,367,0.42,0.45,2021-08-06,2354,N,VIIRS,h,2,298.21,5.07,N,0
36.73336,22.40448,326.22,0.42,0.45,2021-08-06,2354,N,VIIRS,n,2,294.81,5.07,N,0
36.72677,22.51251,310.54,0.42,0.45,2021-08-06,2354,N,VIIRS,n,2,295.94,1.63,N,0
36.72723,22.50791,319.37,0.42,0.45,2021-08-06,2354,N,VIIRS,n,2,295.84,2.11,N,0
36.7277,22.50333,316.46,0.42,0.45,2021-08-06,2354,N,VIIRS,n,2,296.64,2.11,N,0
36.73623,22.41841,308.95,0.42,0.45,2021-08-06,2354,N,VIIRS,n,2,294.48,3.3,N,0
36.73666,22.41408,312.77,0.42,0.45,2021-08-06,2354,N,VIIRS,n,2,294.02,3.3,N,0
36.73746,22.40608,319.9,0.42,0.45,2021-08-06,2354,N,VIIRS,n,2,296.4,5.07,N,0
36.73707,22.41,335.91,0.42,0.45,2021-08-06,2354,N,VIIRS,n,2,296.15,5.07,N,0
36.72909,22.53146,332.12,0.41,0.45,2021-08-06,2354,N,VIIRS,n,2,295.42,3.72,N,0
36.73978,22.50955,307.5,0.42,0.45,2021-08-06,2354,N,VIIRS,n,2,294.78,2.32,N,0
36.75458,22.48904,306.82,0.42,0.45,2021-08-06,2354,N,VIIRS,n,2,294.59,1.53,N,0
36.75571,22.52844,307.51,0.42,0.45,2021-08-06,2354,N,VIIRS,n,2,294.63,1.17,N,0
36.75618,22.52368,306.4,0.42,0.45,2021-08-06,2354,N,VIIRS,n,2,294.63,1.17,N,0
36.75753,22.50966,308.76,0.42,0.45,2021-08-06,2354,N,VIIRS,n,2,294.77,2.23,N,0
36.77413,22.38145,307.03,0.42,0.45,2021-08-06,2354,N,VIIRS,n,2,294.02,1.87,N,0
37.65377,21.77891,316.35,0.46,0.47,2021-08-06,2354,N,VIIRS,n,2,291.72,2.95,N,0
38.84444,23.21227,367,0.78,0.78,2021-08-07,0133,N,VIIRS,h,2,290.99,17.36,N,0
38.79742,23.35068,322.95,0.79,0.78,2021-08-07,0133,N,VIIRS,n,2,288.93,10.68,N,0
38.79095,23.36969,320.64,0.79,0.78,2021-08-07,0133,N,VIIRS,n,2,288.89,8.54,N,0
38.78174,23.39671,336.42,0.8,0.78,2021-08-07,0133,N,VIIRS,n,2,289.66,9.91,N,0
38.83735,23.23319,301.93,0.78,0.78,2021-08-07,0133,N,VIIRS,n,2,289.17,8.26,N,0
38.83229,23.2481,314.97,0.78,0.78,2021-08-07,0133,N,VIIRS,n,2,286,4.75,N,0
38.79427,23.35994,317.49,0.79,0.78,2021-08-07,0133,N,VIIRS,n,2,288.64,10.68,N,0
38.78792,23.37857,316.48,0.79,0.78,2021-08-07,0133,N,VIIRS,n,2,289.75,8.54,N,0
38.78486,23.38756,315.76,0.79,0.78,2021-08-07,0133,N,VIIRS,n,2,289.27,9.91,N,0
38.78134,23.37431,344.13,0.79,0.78,2021-08-07,0133,N,VIIRS,n,2,290.84,12.95,N,0
38.77826,23.38336,324.28,0.79,0.78,2021-08-07,0133,N,VIIRS,n,2,289.66,14.76,N,0
38.83878,23.20547,313.47,0.78,0.78,2021-08-07,0133,N,VIIRS,n,2,289.3,6.16,N,0
38.83565,23.2147,313.36,0.78,0.78,2021-08-07,0133,N,VIIRS,n,2,290.03,6.16,N,0
38.83184,23.22593,305.61,0.78,0.78,2021-08-07,0133,N,VIIRS,n,2,289.66,6.44,N,0
38.82428,23.24818,308.83,0.78,0.78,2021-08-07,0133,N,VIIRS,n,2,285.66,3.02,N,0
38.7846,23.36474,315.54,0.79,0.78,2021-08-07,0133,N,VIIRS,n,2,289.45,12.95,N,0
38.77522,23.39223,319.99,0.8,0.78,2021-08-07,0133,N,VIIRS,n,2,289.21,14.76,N,0
39.21405,22.05437,336.63,0.67,0.73,2021-08-07,0133,N,VIIRS,n,2,289.98,4.44,N,0
38.8335,23.19757,320.01,0.78,0.78,2021-08-07,0133,N,VIIRS,n,2,289.77,13.67,N,0
38.83023,23.20722,339.38,0.78,0.78,2021-08-07,0133,N,VIIRS,n,2,288.83,6.16,N,0
38.77548,23.36793,353.41,0.79,0.78,2021-08-07,0133,N,VIIRS,n,2,290.53,12.95,N,0
38.77213,23.37775,367,0.79,0.78,2021-08-07,0133,N,VIIRS,h,2,290.26,14.76,N,0
38.76909,23.38663,344.66,0.8,0.78,2021-08-07,0133,N,VIIRS,n,2,290.01,14.76,N,0
38.8168,23.24671,302.41,0.78,0.78,2021-08-07,0133,N,VIIRS,n,2,285.74,3.02,N,0
38.77915,23.35718,307.79,0.79,0.78,2021-08-07,0133,N,VIIRS,n,2,289.12,12.95,N,0
38.76619,23.37159,356.28,0.79,0.78,2021-08-07,0133,N,VIIRS,n,2,289.53,60.85,N,0
38.76287,23.38128,367,0.8,0.78,2021-08-07,0133,N,VIIRS,h,2,291.53,60.85,N,0
38.77629,23.34203,315.72,0.79,0.78,2021-08-07,0133,N,VIIRS,n,2,289.59,24.64,N,0
38.7733,23.35078,308.31,0.79,0.78,2021-08-07,0133,N,VIIRS,n,2,288.67,26.54,N,0
38.7701,23.36016,310.54,0.79,0.78,2021-08-07,0133,N,VIIRS,n,2,288.53,26.54,N,0
38.77152,23.33249,326.92,0.79,0.78,2021-08-07,0133,N,VIIRS,n,2,287.51,24.64,N,0
38.76887,23.34026,367,0.79,0.78,2021-08-07,0133,N,VIIRS,h,2,290.88,24.64,N,0
38.76616,23.34819,351.14,0.79,0.78,2021-08-07,0133,N,VIIRS,n,2,290.86,26.54,N,0
38.76339,23.35625,351.73,0.79,0.78,2021-08-07,0133,N,VIIRS,n,2,288.9,26.54,N,0
38.76003,23.36608,367,0.79,0.78,2021-08-07,0133,N,VIIRS,h,2,290.11,60.85,N,0
38.75631,23.37695,342.24,0.8,0.78,2021-08-07,0133,N,VIIRS,n,2,295.51,60.85,N,0
38.76162,23.33797,367,0.79,0.78,2021-08-07,0133,N,VIIRS,h,2,283.27,45.07,N,0
38.75883,23.3461,367,0.79,0.78,2021-08-07,0133,N,VIIRS,h,2,287.61,47.52,N,0
38.74999,23.3719,326.76,0.8,0.78,2021-08-07,0133,N,VIIRS,n,2,289.28,22.21,N,0
38.84771,23.21541,367,0.78,0.78,2021-08-07,0133,N,VIIRS,h,2,291.77,9.86,N,0
38.7973,23.36658,322.14,0.79,0.78,2021-08-07,0133,N,VIIRS,n,2,288.65,12.39,N,0
38.79434,23.37542,352.87,0.79,0.78,2021-08-07,0133,N,VIIRS,n,2,291.25,12.39,N,0
38.84259,23.23084,311.64,0.78,0.78,2021-08-07,0133,N,VIIRS,n,2,289.59,9.86,N,0
38.83872,23.24242,309.88,0.78,0.78,2021-08-07,0133,N,VIIRS,n,2,287.76,4.43,N,0
38.83603,23.25051,310.9,0.78,0.78,2021-08-07,0133,N,VIIRS,n,2,285.33,2.56,N,0
38.80045,23.35715,311.55,0.79,0.78,2021-08-07,0133,N,VIIRS,n,2,288.91,8.75,N,0
38.78817,23.39385,317.95,0.8,0.78,2021-08-07,0133,N,VIIRS,n,2,289.12,9.47,N,0
38.83879,23.21838,321.29,0.78,0.78,2021-08-07,0133,N,VIIRS,n,2,290.03,9.86,N,0
38.79395,23.35265,325.85,0.79,0.78,2021-08-07,0133,N,VIIRS,n,2,288.17,8.75,N,0
38.84223,23.20806,307.34,0.78,0.78,2021-08-07,0133,N,VIIRS,n,2,289.27,22.41,N,0
38.83517,23.22926,305.13,0.78,0.78,2021-08-07,0133,N,VIIRS,n,2,289.57,9.86,N,0
38.83037,23.24365,304.86,0.78,0.78,2021-08-07,0133,N,VIIRS,n,2,287.77,4.43,N,0
38.82761,23.25191,306.25,0.78,0.78,2021-08-07,0133,N,VIIRS,n,2,285.23,2.56,N,0
38.78743,23.37213,318.74,0.79,0.78,2021-08-07,0133,N,VIIRS,n,2,289.17,12.39,N,0
38.78444,23.38106,311.11,0.79,0.78,2021-08-07,0133,N,VIIRS,n,2,289.24,9.47,N,0
38.7814,23.39012,313.05,0.8,0.78,2021-08-07,0133,N,VIIRS,n,2,289.02,9.47,N,0
39.2114,22.05455,331.1,0.67,0.73,2021-08-07,0133,N,VIIRS,n,2,290.36,5.64,N,0
38.8368,23.20056,332.54,0.78,0.78,2021-08-07,0133,N,VIIRS,n,2,289.59,5.4,N,0
38.83384,23.20943,324.84,0.78,0.78,2021-08-07,0133,N,VIIRS,n,2,289.57,5.4,N,0
38.78127,23.36659,336.69,0.79,0.78,2021-08-07,0133,N,VIIRS,n,2,290.25,8.87,N,0
38.77798,23.37642,350.36,0.79,0.78,2021-08-07,0133,N,VIIRS,n,2,290.7,16.92,N,0
38.77508,23.38505,328.08,0.8,0.78,2021-08-07,0133,N,VIIRS,n,2,289.94,16.92,N,0
38.83022,23.2203,304.09,0.78,0.78,2021-08-07,0133,N,VIIRS,n,2,288.09,5.4,N,0
38.78485,23.35588,309.56,0.79,0.78,2021-08-07,0133,N,VIIRS,n,2,289.43,8.87,N,0
38.82866,23.20115,322.69,0.78,0.78,2021-08-07,0133,N,VIIRS,n,2,288.97,5.4,N,3
38.77222,23.36964,335.48,0.79,0.78,2021-08-07,0133,N,VIIRS,n,2,289.37,16.92,N,0
38.76891,23.37951,367,0.8,0.78,2021-08-07,0133,N,VIIRS,h,2,290.48,16.92,N,0
38.82582,23.20967,309.88,0.78,0.78,2021-08-07,0133,N,VIIRS,n,2,287.47,5.4,N,0
38.77938,23.34828,308.22,0.79,0.78,2021-08-07,0133,N,VIIRS,n,2,289.02,8.87,N,0
38.77586,23.35881,315.13,0.79,0.78,2021-08-07,0133,N,VIIRS,n,2,288.99,8.87,N,0
38.77257,23.34472,321.16,0.79,0.78,2021-08-07,0133,N,VIIRS,n,2,289.59,57.87,N,0
38.76991,23.35264,324.44,0.79,0.78,2021-08-07,0133,N,VIIRS,n,2,287.18,57.87,N,0
38.76647,23.36289,320.73,0.79,0.78,2021-08-07,0133,N,VIIRS,n,2,288.64,46.31,N,0
38.76286,23.37364,367,0.8,0.78,2021-08-07,0133,N,VIIRS,h,2,293.08,46.31,N,0
38.77546,23.33613,313.17,0.79,0.78,2021-08-07,0133,N,VIIRS,n,2,289.91,29.11,N,0
38.76788,23.33486,341.29,0.79,0.78,2021-08-07,0133,N,VIIRS,n,2,285.74,29.11,N,0
38.76527,23.34263,367,0.79,0.78,2021-08-07,0133,N,VIIRS,h,2,294.31,57.87,N,0
38.7626,23.35056,347.4,0.79,0.78,2021-08-07,0133,N,VIIRS,n,2,289.96,57.87,N,0
38.75646,23.3688,367,0.8,0.78,2021-08-07,0133,N,VIIRS,h,2,292.28,46.31,N,0
38.75982,23.35882,319.01,0.79,0.78,2021-08-07,0133,N,VIIRS,n,2,288.52,46.31,N,0
38.75799,23.34045,324.81,0.79,0.78,2021-08-07,0133,N,VIIRS,n,2,277.64,5.3,N,0
38.91325,23.24419,303.81,0.78,0.78,2021-08-07,0133,N,VIIRS,n,2,289.19,6.13,N,0
38.90688,23.23948,333.71,0.78,0.78,2021-08-07,0133,N,VIIRS,n,2,289.66,6.98,N,0
38.90454,23.24644,312.04,0.78,0.78,2021-08-07,0133,N,VIIRS,n,2,289.39,6.98,N,0
38.90043,23.235,343.01,0.78,0.78,2021-08-07,0133,N,VIIRS,n,2,289.48,6.98,N,0
38.89808,23.24202,329.03,0.78,0.78,2021-08-07,0133,N,VIIRS,n,2,289.69,6.98,N,0
38.89418,23.22994,317.44,0.78,0.78,2021-08-07,0133,N,VIIRS,n,2,288.54,3.06,N,0
38.89123,23.23872,309.22,0.78,0.78,2021-08-07,0133,N,VIIRS,n,2,288.92,3.06,N,0
38.88783,23.22518,324.26,0.78,0.78,2021-08-07,0133,N,VIIRS,n,2,288.8,3.06,N,0
38.88456,23.2349,303.84,0.78,0.78,2021-08-07,0133,N,VIIRS,n,2,288.81,3.06,N,0
38.88123,23.22114,314.95,0.78,0.78,2021-08-07,0133,N,VIIRS,n,2,288.52,4.22,N,0
38.87823,23.23006,316.81,0.78,0.78,2021-08-07,0133,N,VIIRS,n,2,288.62,4.22,N,0
38.81561,23.39165,330.44,0.79,0.78,2021-08-07,0133,N,VIIRS,n,2,290.51,8.81,N,0
38.81237,23.40119,305.34,0.79,0.78,2021-08-07,0133,N,VIIRS,n,2,289.99,6.17,N,0
38.86554,23.2205,305.03,0.78,0.78,2021-08-07,0133,N,VIIRS,n,2,288.62,4.05,N,0
38.80888,23.3878,311.64,0.79,0.78,2021-08-07,0133,N,VIIRS,n,2,289.64,4.09,N,0
38.80585,23.39673,306.02,0.79,0.78,2021-08-07,0133,N,VIIRS,n,2,289.33,3.29,N,0
38.80256,23.4064,308.95,0.8,0.78,2021-08-07,0133,N,VIIRS,n,2,289.05,3.29,N,0
38.85484,23.22861,312.89,0.78,0.78,2021-08-07,0133,N,VIIRS,n,2,288.37,5.39,N,0
38.84796,23.24891,304.56,0.78,0.78,2021-08-07,0133,N,VIIRS,n,2,285.99,2.33,N,0
38.80472,23.37643,313.41,0.79,0.78,2021-08-07,0133,N,VIIRS,n,2,289.46,4.09,N,0
38.80191,23.38466,312.86,0.79,0.78,2021-08-07,0133,N,VIIRS,n,2,289.71,4.09,N,0
38.79894,23.39342,311.69,0.79,0.78,2021-08-07,0133,N,VIIRS,n,2,289.6,3.29,N,0
38.79569,23.40297,318.89,0.8,0.78,2021-08-07,0133,N,VIIRS,n,2,289.06,3.29,N,0
38.84713,23.22785,320.2,0.78,0.78,2021-08-07,0133,N,VIIRS,n,2,289.65,8.26,N,0
38.79783,23.37308,367,0.79,0.78,2021-08-07,0133,N,VIIRS,h,2,291.11,8.54,N,0
38.85309,23.2102,319.84,0.78,0.78,2021-08-07,0133,N,VIIRS,n,2,288.45,17.36,N,0
38.84071,23.24677,315.07,0.78,0.78,2021-08-07,0133,N,VIIRS,n,2,285.95,4.75,N,0
38.79499,23.38142,315.76,0.79,0.78,2021-08-07,0133,N,VIIRS,n,2,289.29,8.54,N,0
38.79182,23.39074,317.29,0.79,0.78,2021-08-07,0133,N,VIIRS,n,2,288.97,9.91,N,0
38.78854,23.40036,312.22,0.8,0.78,2021-08-07,0133,N,VIIRS,n,2,288.66,9.91,N,0
38.83969,23.22629,331.24,0.78,0.78,2021-08-07,0133,N,VIIRS,n,2,290.03,8.26,N,0
40.04502,20.92405,298.4,0.56,0.69,2021-08-07,0133,N,VIIRS,n,2,285.63,0.79,N,0
39.76316,20.84241,295.1,0.56,0.69,2021-08-07,0133,N,VIIRS,n,2,284.91,0.51,N,0
38.94718,23.2927,303.67,0.78,0.78,2021-08-07,0133,N,VIIRS,n,2,289.04,2.39,N,0
38.94436,23.30103,308.84,0.78,0.78,2021-08-07,0133,N,VIIRS,n,2,289.02,2.39,N,0
38.94204,23.30786,319.89,0.78,0.78,2021-08-07,0133,N,VIIRS,n,2,288.99,2.95,N,0
38.93974,23.31465,304.22,0.78,0.78,2021-08-07,0133,N,VIIRS,n,2,288.68,2.95,N,0
38.92197,23.27299,323.89,0.78,0.78,2021-08-07,0133,N,VIIRS,n,2,289.02,5.23,N,0
38.92041,23.25419,329.11,0.78,0.78,2021-08-07,0133,N,VIIRS,n,2,289.77,5.62,N,0
38.91791,23.2615,317.58,0.78,0.78,2021-08-07,0133,N,VIIRS,n,2,289.26,5.62,N,0
38.91556,23.26839,305.6,0.78,0.78,2021-08-07,0133,N,VIIRS,n,2,288.4,3.53,N,0
38.9131,23.25224,330.9,0.78,0.78,2021-08-07,0133,N,VIIRS,n,2,289.66,5.62,N,0
38.91558,23.24498,303.72,0.78,0.78,2021-08-07,0133,N,VIIRS,n,2,289.08,8.47,N,0
38.90883,23.24138,316.77,0.78,0.78,2021-08-07,0133,N,VIIRS,n,2,289.36,12.25,N,0
38.90651,23.24818,309.07,0.78,0.78,2021-08-07,0133,N,VIIRS,n,2,289.5,6.96,N,0
38.90243,23.23679,367,0.78,0.78,2021-08-07,0133,N,VIIRS,h,2,290.69,12.25,N,0
38.90005,23.24377,317.71,0.78,0.78,2021-08-07,0133,N,VIIRS,n,2,289.19,6.96,N,0
38.89609,23.23203,317.53,0.78,0.78,2021-08-07,0133,N,VIIRS,n,2,288.81,5.9,N,0
38.89339,23.2399,308.76,0.78,0.78,2021-08-07,0133,N,VIIRS,n,2,289.17,3.84,N,0
38.88984,23.22701,329.21,0.78,0.78,2021-08-07,0133,N,VIIRS,n,2,289.17,5.9,N,0
38.8864,23.23704,303.98,0.78,0.78,2021-08-07,0133,N,VIIRS,n,2,289.17,3.84,N,0
38.92635,23.27629,315.35,0.78,0.78,2021-08-07,0133,N,VIIRS,n,2,289.02,3.71,N,0
38.92009,23.27122,317.16,0.78,0.78,2021-08-07,0133,N,VIIRS,n,2,288.67,3.71,N,0
38.9182,23.25312,339.26,0.78,0.78,2021-08-07,0133,N,VIIRS,n,2,289.94,6.13,N,0
38.91581,23.26027,320.43,0.78,0.78,2021-08-07,0133,N,VIIRS,n,2,289.35,8.38,N,0
38.91096,23.251,324.82,0.78,0.78,2021-08-07,0133,N,VIIRS,n,2,289.59,6.13,N,0
38.39141,22.22137,303.23,0.72,0.76,2021-08-07,0134,N,VIIRS,n,2,290.23,1.54,N,0
38.39404,22.18995,309.99,0.72,0.75,2021-08-07,0134,N,VIIRS,n,2,291.29,12.44,N,0
38.39092,22.19947,367,0.72,0.75,2021-08-07,0134,N,VIIRS,h,2,295.6,12.44,N,0
37.28963,22.01321,317.66,0.76,0.77,2021-08-07,0134,N,VIIRS,n,2,289.3,14.42,N,0
37.29083,22.03357,299.06,0.76,0.77,2021-08-07,0134,N,VIIRS,n,2,288.41,1.36,N,0
37.29262,22.02808,302.09,0.76,0.77,2021-08-07,0134,N,VIIRS,n,2,288.65,5.93,N,0
37.29439,22.02261,312.45,0.76,0.77,2021-08-07,0134,N,VIIRS,n,2,289.48,5.93,N,0
37.30175,21.99985,304.96,0.76,0.77,2021-08-07,0134,N,VIIRS,n,2,289.39,5.22,N,0
37.29705,22.01438,367,0.76,0.77,2021-08-07,0134,N,VIIRS,h,2,291.75,14.42,N,0
37.29955,22.00666,322.58,0.76,0.77,2021-08-07,0134,N,VIIRS,n,2,289.32,14.42,N,0
37.30967,21.99944,327.12,0.76,0.77,2021-08-07,0134,N,VIIRS,n,2,289.63,4.51,N,0
37.29007,22.02225,307.17,0.76,0.77,2021-08-07,0134,N,VIIRS,n,2,289.46,7.81,N,0
37.29263,22.01447,367,0.76,0.77,2021-08-07,0134,N,VIIRS,h,2,290.62,7.81,N,0
37.29496,22.00739,338.39,0.76,0.77,2021-08-07,0134,N,VIIRS,n,2,289.94,11.77,N,0
37.29731,22.02404,301.36,0.76,0.77,2021-08-07,0134,N,VIIRS,n,2,289.38,7.81,N,0
37.2999,22.01615,325.35,0.76,0.77,2021-08-07,0134,N,VIIRS,n,2,289.56,7.81,N,0
37.30284,22.00722,320.31,0.76,0.77,2021-08-07,0134,N,VIIRS,n,2,289.18,11.77,N,0
37.30509,22.00037,328.02,0.75,0.77,2021-08-07,0134,N,VIIRS,n,2,290.02,11.77,N,0
37.33329,22.00962,298.55,0.75,0.77,2021-08-07,0134,N,VIIRS,n,2,288.11,1.54,N,0
37.33736,22.02105,302.26,0.76,0.77,2021-08-07,0134,N,VIIRS,n,2,287.86,2.31,N,0
37.34196,22.03087,305.58,0.76,0.77,2021-08-07,0134,N,VIIRS,n,2,287.56,1.64,N,0
37.72468,21.66611,302.82,0.71,0.75,2021-08-07,0134,N,VIIRS,n,2,289.06,1.19,N,0
37.71135,21.75532,300.76,0.72,0.75,2021-08-07,0134,N,VIIRS,n,2,287.22,0.65,N,0
37.72484,21.66411,301.23,0.71,0.75,2021-08-07,0134,N,VIIRS,n,2,289.09,1.52,N,0
37.7113,21.75242,301.49,0.71,0.75,2021-08-07,0134,N,VIIRS,n,2,287.32,0.91,N,0
38.38354,22.20355,329.77,0.72,0.75,2021-08-07,0134,N,VIIRS,n,2,291.54,10.72,N,0
38.38627,22.19509,341.1,0.72,0.75,2021-08-07,0134,N,VIIRS,n,2,291.68,15.62,N,0
38.38302,22.20015,319.86,0.72,0.75,2021-08-07,0134,N,VIIRS,n,2,291.17,12.44,N,0
38.38298,22.22365,304.13,0.72,0.76,2021-08-07,0134,N,VIIRS,n,2,290.83,2.67,N,0
36.72313,22.43615,339.83,0.45,0.39,2021-08-07,1114,N,VIIRS,n,2,309.99,4.75,D,0
36.7196,22.43703,339.7,0.45,0.39,2021-08-07,1114,N,VIIRS,n,2,308.47,4.75,D,0
38.75058,23.42094,348.41,0.4,0.37,2021-08-07,1115,N,VIIRS,n,2,306.9,115.56,D,0
38.96455,23.37468,344.61,0.4,0.37,2021-08-07,1115,N,VIIRS,n,2,306.81,24.56,D,0
38.95066,23.2928,340.82,0.4,0.37,2021-08-07,1115,N,VIIRS,n,2,306.16,21.74,D,0
38.94989,23.28825,349.19,0.4,0.37,2021-08-07,1115,N,VIIRS,n,2,319.7,24.46,D,0
38.94912,23.28374,355.08,0.4,0.37,2021-08-07,1115,N,VIIRS,n,2,306,24.46,D,0
39.76387,20.83512,333.27,0.46,0.39,2021-08-07,1115,N,VIIRS,n,2,306.17,4.56,D,0
39.76734,20.83357,350.98,0.46,0.39,2021-08-07,1115,N,VIIRS,n,2,308.36,16.4,D,0
39.7664,20.82861,345.52,0.46,0.39,2021-08-07,1115,N,VIIRS,n,2,309.14,10.02,D,0
40.04471,20.91982,335.02,0.46,0.39,2021-08-07,1115,N,VIIRS,n,2,303.72,7.17,D,0
38.9087,23.232,355.3,0.4,0.37,2021-08-07,1115,N,VIIRS,n,2,299.6,12.44,D,0
38.91108,23.246,353.59,0.4,0.37,2021-08-07,1115,N,VIIRS,l,2,329.43,116.96,D,0
38.91029,23.24137,367,0.4,0.37,2021-08-07,1115,N,VIIRS,l,2,379.89,0,D,0
38.91925,23.2733,352.8,0.4,0.37,2021-08-07,1115,N,VIIRS,n,2,297.74,13.04,D,0
38.91846,23.26864,348.95,0.4,0.37,2021-08-07,1115,N,VIIRS,n,2,295.52,9.34,D,0
38.91766,23.26397,354.07,0.4,0.37,2021-08-07,1115,N,VIIRS,n,2,298.72,9.34,D,0
38.91686,23.25927,339.06,0.4,0.37,2021-08-07,1115,N,VIIRS,n,2,305.73,8.52,D,0
38.91525,23.24979,354.62,0.4,0.37,2021-08-07,1115,N,VIIRS,n,2,310.89,116.96,D,0
38.91285,23.23573,339.39,0.4,0.37,2021-08-07,1115,N,VIIRS,n,2,313.73,0,D,0
38.91203,23.23097,336.01,0.4,0.37,2021-08-07,1115,N,VIIRS,n,2,304.25,12.44,D,0
38.91444,23.24504,367,0.4,0.37,2021-08-07,1115,N,VIIRS,l,2,336.37,116.96,D,0
38.91364,23.24039,367,0.4,0.37,2021-08-07,1115,N,VIIRS,l,2,372.59,0,D,0
38.9178,23.24419,367,0.4,0.37,2021-08-07,1115,N,VIIRS,h,2,369.21,168.53,D,0
38.92179,23.2676,341.41,0.4,0.37,2021-08-07,1115,N,VIIRS,n,2,303.24,48.44,D,0
38.921,23.26297,345.62,0.4,0.37,2021-08-07,1115,N,VIIRS,n,2,299.23,48.44,D,0
38.92021,23.25831,355.85,0.4,0.37,2021-08-07,1115,N,VIIRS,n,2,314.48,31.23,D,0
38.91941,23.25364,355.14,0.4,0.37,2021-08-07,1115,N,VIIRS,n,2,314.41,31.23,D,0
38.91861,23.24892,355.9,0.4,0.37,2021-08-07,1115,N,VIIRS,n,2,329.82,168.53,D,0
38.9162,23.23479,339.12,0.4,0.37,2021-08-07,1115,N,VIIRS,n,2,303.72,166.64,D,0
38.92258,23.27224,367,0.4,0.37,2021-08-07,1115,N,VIIRS,l,2,349.54,0,D,0
38.917,23.23949,367,0.4,0.37,2021-08-07,1115,N,VIIRS,l,2,337.81,166.64,D,0
38.92197,23.24802,367,0.4,0.37,2021-08-07,1115,N,VIIRS,h,2,332.2,168.53,D,0
38.9275,23.28048,341.96,0.4,0.37,2021-08-07,1115,N,VIIRS,n,2,310.84,44.02,D,0
38.92512,23.26652,338.23,0.4,0.37,2021-08-07,1115,N,VIIRS,n,2,307.76,48.44,D,0
38.92355,23.25731,339.52,0.4,0.37,2021-08-07,1115,N,VIIRS,n,2,308.13,31.23,D,0
38.92117,23.24332,351.15,0.4,0.37,2021-08-07,1115,N,VIIRS,n,2,305.76,168.53,D,0
38.92671,23.27584,367,0.4,0.37,2021-08-07,1115,N,VIIRS,l,2,372.53,0,D,0
38.92591,23.27116,367,0.4,0.37,2021-08-07,1115,N,VIIRS,l,2,374.26,0,D,0
38.92277,23.2527,367,0.4,0.37,2021-08-07,1115,N,VIIRS,l,2,334.38,31.23,D,0
38.93163,23.28409,346.32,0.4,0.37,2021-08-07,1115,N,VIIRS,n,2,311.54,51.6,D,0
38.92845,23.26543,338.64,0.4,0.37,2021-08-07,1115,N,VIIRS,n,2,301.27,9.27,D,0
38.92533,23.2471,336.44,0.4,0.37,2021-08-07,1115,N,VIIRS,n,2,301.49,5.6,D,0
38.93084,23.27947,367,0.4,0.37,2021-08-07,1115,N,VIIRS,l,2,326.47,51.6,D,0
38.93004,23.27477,367,0.4,0.37,2021-08-07,1115,N,VIIRS,l,2,377.04,261.91,D,0
38.92924,23.27009,307.88,0.4,0.37,2021-08-07,1115,N,VIIRS,l,2,318.9,261.91,D,0
38.94278,23.32911,340.65,0.4,0.37,2021-08-07,1115,N,VIIRS,l,2,312.89,5.43,D,0
38.94123,23.31995,346.31,0.4,0.37,2021-08-07,1115,N,VIIRS,n,2,314.85,24.16,D,0
38.94045,23.31536,348.62,0.4,0.37,2021-08-07,1115,N,VIIRS,n,2,301.85,24.16,D,0
38.93497,23.2831,343.08,0.4,0.37,2021-08-07,1115,N,VIIRS,n,2,312.38,51.6,D,0
38.93417,23.27845,367,0.4,0.37,2021-08-07,1115,N,VIIRS,l,2,333.08,51.6,D,0
38.93338,23.27375,367,0.4,0.37,2021-08-07,1115,N,VIIRS,l,2,354.78,261.91,D,0
38.93831,23.28212,367,0.4,0.37,2021-08-07,1115,N,VIIRS,h,2,320.46,39.83,D,0
38.9492,23.3463,352.39,0.4,0.37,2021-08-07,1115,N,VIIRS,n,2,312.61,12.56,D,0
38.94765,23.33707,343.4,0.4,0.37,2021-08-07,1115,N,VIIRS,n,2,309.9,19.14,D,0
38.94611,23.32808,346.97,0.4,0.37,2021-08-07,1115,N,VIIRS,n,2,314.83,47.39,D,0
38.94534,23.32352,353.55,0.4,0.37,2021-08-07,1115,N,VIIRS,n,2,312.63,47.39,D,0
38.94456,23.31892,340.92,0.4,0.37,2021-08-07,1115,N,VIIRS,n,2,307.68,24.9,D,0
38.94378,23.3143,345.26,0.4,0.37,2021-08-07,1115,N,VIIRS,n,2,307.21,24.9,D,0
38.94299,23.30967,346.41,0.4,0.37,2021-08-07,1115,N,VIIRS,n,2,312.44,13.03,D,0
38.93909,23.28675,342.36,0.4,0.37,2021-08-07,1115,N,VIIRS,n,2,310.83,7.75,D,0
38.93672,23.27273,339.7,0.4,0.37,2021-08-07,1115,N,VIIRS,n,2,301.48,19.94,D,0
38.93752,23.27744,367,0.4,0.37,2021-08-07,1115,N,VIIRS,l,2,330.17,39.83,D,0
38.95636,23.36776,367,0.4,0.37,2021-08-07,1115,N,VIIRS,h,2,347.15,105.23,D,0
38.95098,23.33603,367,0.4,0.37,2021-08-07,1115,N,VIIRS,h,2,313.28,19.14,D,0
38.94946,23.32708,367,0.4,0.37,2021-08-07,1115,N,VIIRS,h,2,352.1,47.39,D,0
38.95331,23.34978,341.72,0.4,0.37,2021-08-07,1115,N,VIIRS,n,2,310.13,8.92,D,0
38.95253,23.3452,347.3,0.4,0.37,2021-08-07,1115,N,VIIRS,n,2,304.49,12.56,D,0
38.95021,23.33157,355.71,0.4,0.37,2021-08-07,1115,N,VIIRS,n,2,320.02,19.14,D,0
38.94633,23.30863,356.32,0.4,0.37,2021-08-07,1115,N,VIIRS,n,2,312.73,13.03,D,0
38.94554,23.304,350.11,0.4,0.37,2021-08-07,1115,N,VIIRS,n,2,312.84,13.03,D,0
38.94475,23.29934,354.95,0.4,0.37,2021-08-07,1115,N,VIIRS,n,2,307.5,8.42,D,0
38.94244,23.28578,355.01,0.4,0.37,2021-08-07,1115,N,VIIRS,n,2,316.07,7.75,D,0
38.94166,23.28117,347.92,0.4,0.37,2021-08-07,1115,N,VIIRS,n,2,308.39,39.83,D,0
38.94868,23.32252,367,0.4,0.37,2021-08-07,1115,N,VIIRS,l,2,325.74,47.39,D,0
38.96198,23.38019,340.24,0.4,0.37,2021-08-07,1115,N,VIIRS,n,2,308.42,24.56,D,0
38.96045,23.37119,345.93,0.4,0.37,2021-08-07,1115,N,VIIRS,n,2,320.69,82.37,D,0
38.95279,23.32608,342.85,0.4,0.37,2021-08-07,1115,N,VIIRS,n,2,303.17,8.1,D,0
38.95202,23.32153,335.68,0.4,0.37,2021-08-07,1115,N,VIIRS,n,2,302.41,8.1,D,0
38.94809,23.29837,351.38,0.4,0.37,2021-08-07,1115,N,VIIRS,n,2,309.22,21.74,D,0
38.94732,23.29378,351.43,0.4,0.37,2021-08-07,1115,N,VIIRS,n,2,313.65,21.74,D,0
38.94655,23.28931,349.66,0.4,0.37,2021-08-07,1115,N,VIIRS,n,2,308.92,24.46,D,0
38.94578,23.28479,351.64,0.4,0.37,2021-08-07,1115,N,VIIRS,n,2,320.93,24.46,D,0
38.96122,23.37573,367,0.4,0.37,2021-08-07,1115,N,VIIRS,l,2,327.25,24.56,D,0
38.9095,23.23672,367,0.4,0.37,2021-08-07,1115,N,VIIRS,h,2,328.07,0,D,0
38.90455,23.22833,339.67,0.4,0.37,2021-08-07,1115,N,VIIRS,n,2,292.32,17.37,D,0
38.90535,23.23305,356.97,0.4,0.37,2021-08-07,1115,N,VIIRS,n,2,295.91,17.37,D,0
38.90616,23.23776,355.48,0.4,0.37,2021-08-07,1115,N,VIIRS,n,2,299.52,22.49,D,0
38.90695,23.2424,355.25,0.4,0.37,2021-08-07,1115,N,VIIRS,n,2,308.41,22.49,D,0
38.90775,23.24706,348.19,0.4,0.37,2021-08-07,1115,N,VIIRS,n,2,301.24,11.34,D,0
38.90282,23.2388,356.48,0.4,0.37,2021-08-07,1115,N,VIIRS,n,2,293.11,22.49,D,0
38.90362,23.24344,356.09,0.4,0.37,2021-08-07,1115,N,VIIRS,n,2,296.25,22.49,D,0
38.90202,23.23411,367,0.4,0.37,2021-08-07,1115,N,VIIRS,h,2,295.85,17.37,D,0
38.89296,23.22225,367,0.4,0.37,2021-08-07,1115,N,VIIRS,h,2,307.77,30.26,D,0
38.88881,23.21859,367,0.4,0.37,2021-08-07,1115,N,VIIRS,l,2,359.41,123.37,D,0
38.88962,23.2233,355.9,0.4,0.37,2021-08-07,1115,N,VIIRS,l,2,328.79,34.41,D,0
38.88466,23.21492,290.05,0.4,0.37,2021-08-07,1115,N,VIIRS,l,2,318.5,123.37,D,0
38.88628,23.22433,344.99,0.4,0.37,2021-08-07,1115,N,VIIRS,n,2,310.93,34.41,D,0
38.88547,23.21963,367,0.4,0.37,2021-08-07,1115,N,VIIRS,h,2,365.28,123.37,D,0
38.88132,23.21598,367,0.4,0.37,2021-08-07,1115,N,VIIRS,l,2,344.66,114.81,D,0
38.88213,23.22066,350.87,0.4,0.37,2021-08-07,1115,N,VIIRS,n,2,325.38,114.81,D,0
38.87799,23.21703,367,0.4,0.37,2021-08-07,1115,N,VIIRS,l,2,353.59,114.81,D,0
38.87879,23.22168,352.68,0.4,0.37,2021-08-07,1115,N,VIIRS,n,2,318.8,114.81,D,0
38.87386,23.21348,342.01,0.4,0.37,2021-08-07,1115,N,VIIRS,n,2,299.95,21.16,D,0
38.87543,23.22263,347.84,0.4,0.37,2021-08-07,1115,N,VIIRS,n,2,319.49,122.09,D,0
38.87465,23.21806,367,0.4,0.37,2021-08-07,1115,N,VIIRS,h,2,359.18,122.09,D,0
38.87053,23.21453,341.25,0.4,0.37,2021-08-07,1115,N,VIIRS,n,2,297.64,21.16,D,0
38.87208,23.22356,339.02,0.4,0.37,2021-08-07,1115,N,VIIRS,n,2,306.28,122.09,D,0
38.8713,23.21906,367,0.4,0.37,2021-08-07,1115,N,VIIRS,h,2,364.9,122.09,D,0
38.88717,23.37301,341.38,0.4,0.37,2021-08-07,1115,N,VIIRS,n,2,310.73,31.07,D,0
38.79123,23.41088,350.23,0.4,0.37,2021-08-07,1115,N,VIIRS,n,2,309.9,5.55,D,0
38.78041,23.40915,344.16,0.4,0.37,2021-08-07,1115,N,VIIRS,n,2,309.02,4.67,D,0
38.77085,23.37373,367,0.4,0.37,2021-08-07,1115,N,VIIRS,l,2,377.18,0,D,0
38.76751,23.37471,367,0.4,0.37,2021-08-07,1115,N,VIIRS,l,2,381.33,0,D,0
38.76122,23.33808,351.13,0.4,0.37,2021-08-07,1115,N,VIIRS,n,2,307.64,10.81,D,0
38.76202,23.34274,350.2,0.4,0.37,2021-08-07,1115,N,VIIRS,n,2,311.77,64.14,D,0
38.77607,23.42473,341.27,0.4,0.37,2021-08-07,1115,N,VIIRS,n,2,307.42,22.4,D,0
38.77684,23.42928,349.4,0.4,0.37,2021-08-07,1115,N,VIIRS,n,2,315.67,22.4,D,0
38.76674,23.37023,367,0.4,0.37,2021-08-07,1115,N,VIIRS,h,2,339.87,0,D,0
38.7735,23.43023,350.74,0.4,0.37,2021-08-07,1115,N,VIIRS,n,2,308.28,16.93,D,0
38.7634,23.37119,367,0.4,0.37,2021-08-07,1115,N,VIIRS,h,2,309.28,63.37,D,0
38.77016,23.43116,351.71,0.4,0.37,2021-08-07,1115,N,VIIRS,n,2,319.44,16.93,D,0
38.76603,23.42752,342.74,0.4,0.37,2021-08-07,1115,N,VIIRS,n,2,307.19,4.28,D,0
38.76191,23.42392,346.28,0.4,0.37,2021-08-07,1115,N,VIIRS,n,2,308.83,6.61,D,0
38.76268,23.42845,339.29,0.4,0.37,2021-08-07,1115,N,VIIRS,n,2,306.12,4.28,D,0
38.76139,23.42263,337.98,0.4,0.37,2021-08-07,1115,N,VIIRS,n,2,308.87,68.91,D,0
38.76215,23.42715,350.83,0.4,0.37,2021-08-07,1115,N,VIIRS,n,2,308.68,89.9,D,0
38.75881,23.42812,367,0.4,0.37,2021-08-07,1115,N,VIIRS,h,2,346.8,89.9,D,0
38.74776,23.38359,341.39,0.4,0.37,2021-08-07,1115,N,VIIRS,n,2,307.43,5.23,D,0
38.75393,23.42,337.61,0.4,0.37,2021-08-07,1115,N,VIIRS,n,2,308.19,115.56,D,0
38.75547,23.42906,343.75,0.4,0.37,2021-08-07,1115,N,VIIRS,n,2,304.47,80.08,D,0
38.7547,23.42453,367,0.4,0.37,2021-08-07,1115,N,VIIRS,h,2,341.66,115.56,D,0
38.75135,23.42548,367,0.4,0.37,2021-08-07,1115,N,VIIRS,h,2,359.45,115.56,D,0
38.75212,23.42999,339.89,0.4,0.37,2021-08-07,1115,N,VIIRS,n,2,303.77,80.08,D,0
38.95967,23.36664,313.35,0.4,0.37,2021-08-07,1115,N,VIIRS,l,2,317.86,82.37,D,0
36.73136,22.40654,352.28,0.45,0.39,2021-08-07,1115,N,VIIRS,n,2,310.25,9.42,D,0
36.73039,22.40138,341.69,0.45,0.39,2021-08-07,1115,N,VIIRS,n,2,305.93,3.73,D,0
36.7746,22.38036,342.89,0.45,0.39,2021-08-07,1115,N,VIIRS,n,2,313.25,41.47,D,0
36.81491,22.45904,334.04,0.45,0.39,2021-08-07,1115,N,VIIRS,n,2,303.05,4.41,D,0
37.29755,22.00646,336.19,0.46,0.39,2021-08-07,1115,N,VIIRS,l,2,308.47,19.8,D,0
37.30112,22.00565,350.84,0.46,0.39,2021-08-07,1115,N,VIIRS,n,2,317.42,19.8,D,0
37.30569,22.01024,340.04,0.46,0.39,2021-08-07,1115,N,VIIRS,l,2,311.63,13.41,D,0
37.30471,22.0049,346.43,0.46,0.39,2021-08-07,1115,N,VIIRS,n,2,305.61,10.9,D,0
37.30323,22.008,351.46,0.46,0.39,2021-08-07,1115,N,VIIRS,n,2,316.35,28.28,D,0
37.30681,22.00717,347.24,0.46,0.39,2021-08-07,1115,N,VIIRS,n,2,307.16,28.28,D,0
37.32552,22.00745,356,0.46,0.39,2021-08-07,1115,N,VIIRS,n,2,317.97,77.29,D,0
37.34227,22.07693,367,0.45,0.39,2021-08-07,1115,N,VIIRS,h,2,306.79,17.94,D,0
37.3458,22.07588,367,0.45,0.39,2021-08-07,1115,N,VIIRS,h,2,341.49,372.6,D,0
37.33642,22.02579,367,0.45,0.39,2021-08-07,1115,N,VIIRS,h,2,302.02,163.66,D,0
37.32983,21.99069,337.62,0.46,0.39,2021-08-07,1115,N,VIIRS,n,2,304.31,3.78,D,0
37.33995,22.02477,367,0.45,0.39,2021-08-07,1115,N,VIIRS,h,2,340.66,163.66,D,0
37.33899,22.01961,367,0.45,0.39,2021-08-07,1115,N,VIIRS,h,2,363.63,201.86,D,0
37.34092,22.02995,367,0.45,0.39,2021-08-07,1115,N,VIIRS,l,2,332.46,163.66,D,0
37.33805,22.01463,350.33,0.45,0.39,2021-08-07,1115,N,VIIRS,l,2,332.34,201.86,D,0
37.3435,22.02381,367,0.45,0.39,2021-08-07,1115,N,VIIRS,h,2,337.03,0,D,0
37.34162,22.01379,367,0.45,0.39,2021-08-07,1115,N,VIIRS,h,2,344.05,0,D,0
37.34445,22.02889,292.92,0.45,0.39,2021-08-07,1115,N,VIIRS,l,2,321.15,0,D,0
37.34255,22.01876,367,0.45,0.39,2021-08-07,1115,N,VIIRS,l,2,364.22,0,D,0
37.34706,22.02292,367,0.45,0.39,2021-08-07,1115,N,VIIRS,h,2,336.55,0,D,0
37.34799,22.02791,356.73,0.45,0.39,2021-08-07,1115,N,VIIRS,l,2,286.48,0,D,0
37.34612,22.01791,367,0.45,0.39,2021-08-07,1115,N,VIIRS,l,2,375.55,0,D,0
37.34518,22.01287,367,0.45,0.39,2021-08-07,1115,N,VIIRS,l,2,342.93,0,D,0
37.35154,22.027,356.18,0.45,0.39,2021-08-07,1115,N,VIIRS,l,2,282.63,30.19,D,0
37.65451,21.78885,337.54,0.46,0.39,2021-08-07,1115,N,VIIRS,l,2,309.78,5.35,D,0
37.66522,21.78609,348.29,0.46,0.39,2021-08-07,1115,N,VIIRS,n,2,308.61,13.41,D,0
37.67608,21.80414,345.71,0.46,0.39,2021-08-07,1115,N,VIIRS,n,2,307.28,16.85,D,0
37.66911,21.74677,337.57,0.46,0.39,2021-08-07,1115,N,VIIRS,l,2,308.45,2.45,D,0
37.66127,21.7048,342.62,0.46,0.39,2021-08-07,1115,N,VIIRS,n,2,311.55,3.91,D,0
37.68319,21.80217,348.67,0.46,0.39,2021-08-07,1115,N,VIIRS,n,2,310.5,89.36,D,0
37.67462,21.75615,339.98,0.46,0.39,2021-08-07,1115,N,VIIRS,l,2,311.06,6.8,D,0
37.68678,21.80134,367,0.46,0.39,2021-08-07,1115,N,VIIRS,h,2,330.74,89.36,D,0
37.68588,21.79652,339.66,0.46,0.39,2021-08-07,1115,N,VIIRS,n,2,307.81,10.44,D,0
37.69215,21.81009,367,0.46,0.39,2021-08-07,1115,N,VIIRS,h,2,307.81,44.93,D,0
37.69033,21.80037,353.03,0.46,0.39,2021-08-07,1115,N,VIIRS,n,2,314.71,199.8,D,0
37.68945,21.79558,351.92,0.46,0.39,2021-08-07,1115,N,VIIRS,n,2,307.13,15.85,D,0
37.69667,21.81429,336.54,0.46,0.39,2021-08-07,1115,N,VIIRS,n,2,301.99,44.93,D,0
37.69572,21.80921,343.02,0.46,0.39,2021-08-07,1115,N,VIIRS,n,2,302.73,44.93,D,0
37.69838,21.8034,346.99,0.46,0.39,2021-08-07,1115,N,VIIRS,n,2,301.63,12.9,D,0
37.69567,21.78881,343.39,0.46,0.39,2021-08-07,1115,N,VIIRS,n,2,307.75,17.1,D,0
37.69923,21.78787,355.58,0.46,0.39,2021-08-07,1115,N,VIIRS,n,2,310.85,17.1,D,0
37.701,21.79014,347.7,0.46,0.39,2021-08-07,1115,N,VIIRS,n,2,304.69,13.12,D,0
37.70942,21.75548,347.04,0.46,0.39,2021-08-07,1115,N,VIIRS,n,2,313.92,48.07,D,0
37.70909,21.734,341.2,0.46,0.39,2021-08-07,1115,N,VIIRS,l,2,312.33,13.21,D,0
38.15212,23.75279,348.98,0.4,0.37,2021-08-07,1115,N,VIIRS,n,2,311.96,38.04,D,0
38.15549,23.75209,354.64,0.4,0.37,2021-08-07,1115,N,VIIRS,l,2,332.85,38.04,D,0
38.1596,23.75581,367,0.4,0.37,2021-08-07,1115,N,VIIRS,h,2,329.96,31.35,D,0
38.16107,23.76456,354.37,0.4,0.37,2021-08-07,1115,N,VIIRS,n,2,308.97,35.59,D,0
38.16034,23.76021,351.74,0.4,0.37,2021-08-07,1115,N,VIIRS,n,2,315.72,31.35,D,0
38.1581,23.74685,339.06,0.4,0.37,2021-08-07,1115,N,VIIRS,n,2,307.25,33.44,D,0
38.15885,23.75136,367,0.4,0.37,2021-08-07,1115,N,VIIRS,l,2,336.57,33.44,D,0
38.16589,23.7724,349.29,0.4,0.37,2021-08-07,1115,N,VIIRS,n,2,313.91,13.15,D,0
38.16515,23.76807,367,0.4,0.37,2021-08-07,1115,N,VIIRS,l,2,328.59,35.59,D,0
38.16599,23.7691,367,0.4,0.37,2021-08-07,1115,N,VIIRS,h,2,349.51,86.86,D,0
38.16934,23.7683,352.58,0.4,0.37,2021-08-07,1115,N,VIIRS,n,2,315.04,86.86,D,0
38.17342,23.7718,354.79,0.4,0.37,2021-08-07,1115,N,VIIRS,n,2,314.57,53.24,D,0
38.17269,23.76748,352.88,0.4,0.37,2021-08-07,1115,N,VIIRS,n,2,309.9,41.86,D,0
38.17677,23.77096,367,0.4,0.37,2021-08-07,1115,N,VIIRS,l,2,326.47,53.24,D,0
38.36542,22.17889,347.43,0.44,0.38,2021-08-07,1115,N,VIIRS,n,2,315.71,22.87,D,0
38.36804,22.1732,345.73,0.44,0.38,2021-08-07,1115,N,VIIRS,n,2,314.75,12.43,D,0
38.36711,22.16815,350.16,0.44,0.38,2021-08-07,1115,N,VIIRS,l,2,320.86,12.43,D,0
38.39541,22.26341,341.95,0.43,0.38,2021-08-07,1115,N,VIIRS,l,2,314.71,14.78,D,0
38.39283,22.24925,356.9,0.43,0.38,2021-08-07,1115,N,VIIRS,n,2,321.73,19.05,D,0
38.39198,22.24455,347.36,0.43,0.38,2021-08-07,1115,N,VIIRS,n,2,317.56,19.05,D,0
38.39803,22.25781,340.33,0.43,0.38,2021-08-07,1115,N,VIIRS,l,2,313.92,14.73,D,0
38.40897,22.1372,347.58,0.44,0.38,2021-08-07,1115,N,VIIRS,n,2,315.52,26.14,D,0
38.70257,23.40662,367,0.4,0.37,2021-08-07,1115,N,VIIRS,h,2,343.5,128.5,D,0
38.70596,23.40592,367,0.4,0.37,2021-08-07,1115,N,VIIRS,h,2,348.23,74.81,D,0
38.70673,23.41047,340.37,0.4,0.37,2021-08-07,1115,N,VIIRS,n,2,304.87,74.81,D,0
38.70517,23.4013,344.08,0.4,0.37,2021-08-07,1115,N,VIIRS,n,2,305.91,6.05,D,0
38.71009,23.40957,351.53,0.4,0.37,2021-08-07,1115,N,VIIRS,n,2,312.27,74.81,D,0
38.70773,23.39575,340.16,0.4,0.37,2021-08-07,1115,N,VIIRS,n,2,302.7,6.05,D,0
38.70945,23.38519,354.39,0.4,0.37,2021-08-07,1115,N,VIIRS,n,2,306.03,10.28,D,0
38.71675,23.40755,367,0.4,0.37,2021-08-07,1115,N,VIIRS,h,2,329.9,91.55,D,0
38.71752,23.41206,348.44,0.4,0.37,2021-08-07,1115,N,VIIRS,n,2,313.12,107.43,D,0
38.72007,23.40644,338.25,0.4,0.37,2021-08-07,1115,N,VIIRS,n,2,306.71,12.41,D,0
38.71696,23.38817,336.64,0.4,0.37,2021-08-07,1115,N,VIIRS,n,2,303.48,12.04,D,0
38.72084,23.41098,367,0.4,0.37,2021-08-07,1115,N,VIIRS,l,2,328.97,38.12,D,0
38.72492,23.41432,336.53,0.4,0.37,2021-08-07,1115,N,VIIRS,n,2,300.14,38.12,D,0
38.72416,23.40986,353.6,0.4,0.37,2021-08-07,1115,N,VIIRS,n,2,315.52,38.12,D,0
38.72824,23.41322,336.79,0.4,0.37,2021-08-07,1115,N,VIIRS,l,2,310.23,72.94,D,0
38.7267,23.4042,339.33,0.4,0.37,2021-08-07,1115,N,VIIRS,n,2,308.88,37.06,D,0
38.72747,23.40872,351.85,0.4,0.37,2021-08-07,1115,N,VIIRS,l,2,327.93,72.94,D,0
38.73413,23.40664,335.82,0.4,0.37,2021-08-07,1115,N,VIIRS,n,2,302.67,9.89,D,0
38.73336,23.4021,336.91,0.4,0.37,2021-08-07,1115,N,VIIRS,l,2,310.08,19,D,0
38.74389,23.42283,343.67,0.4,0.37,2021-08-07,1115,N,VIIRS,n,2,317.36,109.8,D,0
38.74312,23.41828,345.61,0.4,0.37,2021-08-07,1115,N,VIIRS,n,2,302.17,7.16,D,0
38.748,23.42641,367,0.4,0.37,2021-08-07,1115,N,VIIRS,h,2,333.15,109.8,D,0
38.74724,23.42187,367,0.4,0.37,2021-08-07,1115,N,VIIRS,h,2,329.09,109.8,D,0
38.74646,23.41731,345.7,0.4,0.37,2021-08-07,1115,N,VIIRS,n,2,305.99,7.16,D,0
41.11099,24.11262,340.34,0.38,0.36,2021-08-07,1116,N,VIIRS,n,2,307.91,7.31,D,0
41.1077,24.11352,348.6,0.38,0.36,2021-08-07,1116,N,VIIRS,n,2,306.17,4.43,D,0
40.7051,22.81558,342.36,0.4,0.37,2021-08-07,1116,N,VIIRS,l,2,315.23,5.19,D,2
38.74583,23.42576,326.99,0.35,0.57,2021-08-07,2334,N,VIIRS,n,2,294.16,1.74,N,0
38.74052,23.4257,316.79,0.35,0.57,2021-08-07,2334,N,VIIRS,n,2,293,1.74,N,0
38.73612,23.40943,327.41,0.35,0.57,2021-08-07,2334,N,VIIRS,n,2,292.39,13.73,N,0
38.73635,23.40551,307.03,0.35,0.57,2021-08-07,2334,N,VIIRS,n,2,291.79,13.86,N,0
38.731,23.40593,340.86,0.35,0.57,2021-08-07,2334,N,VIIRS,n,2,293.04,13.86,N,0
38.73077,23.40996,351.47,0.35,0.57,2021-08-07,2334,N,VIIRS,n,2,306.47,13.73,N,0
38.73055,23.41385,354.12,0.35,0.57,2021-08-07,2334,N,VIIRS,n,2,296.64,13.73,N,0
38.73034,23.41755,310.69,0.35,0.57,2021-08-07,2334,N,VIIRS,n,2,292.49,3.2,N,0
38.72517,23.41498,322.24,0.35,0.57,2021-08-07,2334,N,VIIRS,n,2,292.17,3.67,N,0
38.72497,23.41856,310.6,0.35,0.57,2021-08-07,2334,N,VIIRS,n,2,291.23,2.26,N,0
38.71999,23.41263,348.8,0.35,0.57,2021-08-07,2334,N,VIIRS,n,2,295.83,3.67,N,0
38.73216,23.40756,367,0.35,0.57,2021-08-07,2334,N,VIIRS,h,2,301.15,18.18,N,0
38.73191,23.41152,345.74,0.35,0.57,2021-08-07,2334,N,VIIRS,n,2,300.55,14.52,N,0
38.73167,23.41539,331.38,0.35,0.57,2021-08-07,2334,N,VIIRS,n,2,293.83,14.52,N,0
38.73241,23.40356,306.47,0.35,0.57,2021-08-07,2334,N,VIIRS,n,2,290.97,18.18,N,0
38.72629,23.41625,356.32,0.35,0.57,2021-08-07,2334,N,VIIRS,n,2,294.52,2.84,N,0
38.72652,23.41253,304.31,0.35,0.57,2021-08-07,2334,N,VIIRS,n,2,291.79,2.84,N,0
38.72134,23.41019,313.03,0.35,0.57,2021-08-07,2334,N,VIIRS,n,2,292.09,2.37,N,0
38.7211,23.41405,313.02,0.35,0.57,2021-08-07,2334,N,VIIRS,n,2,292.61,2.84,N,0
38.71594,23.41128,345.27,0.35,0.57,2021-08-07,2334,N,VIIRS,n,2,295.45,6.94,N,0
38.71573,23.41479,353.4,0.35,0.57,2021-08-07,2334,N,VIIRS,n,2,294.65,4.91,N,0
38.71061,23.41148,330.97,0.35,0.57,2021-08-07,2334,N,VIIRS,n,2,293.84,6.94,N,0
38.71039,23.41505,315.4,0.35,0.57,2021-08-07,2334,N,VIIRS,n,2,291,4.91,N,0
38.70533,23.41074,343,0.35,0.57,2021-08-07,2334,N,VIIRS,n,2,295.18,1.89,N,0
38.70557,23.40682,304.54,0.35,0.57,2021-08-07,2334,N,VIIRS,n,2,291.58,1.89,N,0
38.70049,23.40282,311.31,0.35,0.57,2021-08-07,2334,N,VIIRS,n,2,292.49,1.89,N,0
38.70024,23.40683,316.61,0.35,0.57,2021-08-07,2334,N,VIIRS,n,2,292.39,1.89,N,0
38.41735,22.12321,315.93,0.41,0.61,2021-08-07,2334,N,VIIRS,n,2,289.14,1.51,N,0
38.41708,22.12887,304.14,0.41,0.61,2021-08-07,2334,N,VIIRS,n,2,289.26,1.49,N,0
38.90666,23.1952,316.06,0.36,0.58,2021-08-07,2334,N,VIIRS,n,2,292.38,3.28,N,0
39.0274,23.29711,302.94,0.36,0.57,2021-08-07,2334,N,VIIRS,n,2,290.3,0.97,N,0
39.02712,23.30171,303.79,0.36,0.57,2021-08-07,2334,N,VIIRS,n,2,290.17,0.97,N,0
39.02685,23.30631,304.03,0.36,0.57,2021-08-07,2334,N,VIIRS,n,2,290.78,1.04,N,0
39.02659,23.31075,304.18,0.36,0.57,2021-08-07,2334,N,VIIRS,n,2,291.54,1.04,N,0
39.02356,23.27093,301.17,0.36,0.57,2021-08-07,2334,N,VIIRS,n,2,286.47,0.81,N,0
39.0233,23.27542,302.41,0.36,0.57,2021-08-07,2334,N,VIIRS,n,2,286.62,0.81,N,0
39.02304,23.27979,304.53,0.36,0.57,2021-08-07,2334,N,VIIRS,n,2,286.77,1.12,N,0
39.0228,23.28397,305.9,0.36,0.57,2021-08-07,2334,N,VIIRS,n,2,287.94,1.12,N,0
39.02255,23.28824,307.75,0.36,0.57,2021-08-07,2334,N,VIIRS,n,2,288.84,1.59,N,0
39.02229,23.29265,309.65,0.36,0.57,2021-08-07,2334,N,VIIRS,n,2,289.5,1.59,N,0
39.02202,23.29718,310.46,0.36,0.57,2021-08-07,2334,N,VIIRS,n,2,289.98,0.97,N,0
39.02174,23.3019,311.07,0.36,0.57,2021-08-07,2334,N,VIIRS,n,2,290.3,0.97,N,0
39.02148,23.30644,313.51,0.36,0.57,2021-08-07,2334,N,VIIRS,n,2,290.38,1.04,N,0
39.02122,23.31084,313.07,0.36,0.57,2021-08-07,2334,N,VIIRS,n,2,291.18,1.04,N,0
39.02098,23.31485,310.3,0.36,0.57,2021-08-07,2334,N,VIIRS,n,2,291.95,2.73,N,0
39.01693,23.29243,321.38,0.36,0.57,2021-08-07,2334,N,VIIRS,n,2,288.88,3.89,N,0
39.01667,23.29675,323.2,0.36,0.57,2021-08-07,2334,N,VIIRS,n,2,289.23,5.16,N,0
39.01641,23.3013,323.73,0.36,0.57,2021-08-07,2334,N,VIIRS,n,2,289.74,5.16,N,0
39.01614,23.30579,323.28,0.36,0.57,2021-08-07,2334,N,VIIRS,n,2,289.88,5.66,N,0
39.01589,23.31016,320.33,0.36,0.57,2021-08-07,2334,N,VIIRS,n,2,291.29,5.66,N,0
39.019,23.25696,302.05,0.36,0.57,2021-08-07,2334,N,VIIRS,n,2,285.3,1.21,N,0
39.01874,23.26135,308.29,0.36,0.57,2021-08-07,2334,N,VIIRS,n,2,282.94,1.66,N,0
39.01847,23.26593,311.88,0.36,0.57,2021-08-07,2334,N,VIIRS,n,2,282.01,1.66,N,0
39.01819,23.27079,309.32,0.36,0.57,2021-08-07,2334,N,VIIRS,n,2,283.9,1.86,N,0
39.01793,23.2754,309.71,0.36,0.57,2021-08-07,2334,N,VIIRS,n,2,285.24,1.86,N,0
39.01766,23.27978,312.24,0.36,0.57,2021-08-07,2334,N,VIIRS,n,2,286.04,2.6,N,0
39.01742,23.284,315.07,0.36,0.57,2021-08-07,2334,N,VIIRS,n,2,287.18,2.6,N,0
39.01717,23.28819,317.63,0.36,0.57,2021-08-07,2334,N,VIIRS,n,2,288.31,3.89,N,0
39.01564,23.31432,317.48,0.36,0.57,2021-08-07,2334,N,VIIRS,n,2,293.02,4.77,N,0
39.01541,23.31829,311.08,0.36,0.57,2021-08-07,2334,N,VIIRS,n,2,294.38,4.77,N,0
39.01519,23.32212,309.06,0.36,0.57,2021-08-07,2334,N,VIIRS,n,2,295.01,2.85,N,0
39.01497,23.32579,307.37,0.36,0.57,2021-08-07,2334,N,VIIRS,n,2,294.64,2.85,N,0
39.01336,23.26122,321.2,0.36,0.57,2021-08-07,2334,N,VIIRS,n,2,282.19,1.66,N,0
39.0123,23.27952,322.12,0.36,0.57,2021-08-07,2334,N,VIIRS,n,2,286.35,2.6,N,0
39.01206,23.28372,326.89,0.36,0.57,2021-08-07,2334,N,VIIRS,n,2,287.56,2.6,N,0
39.01182,23.28787,331.97,0.36,0.57,2021-08-07,2334,N,VIIRS,n,2,288.32,3.89,N,0
39.01158,23.29204,337.34,0.36,0.57,2021-08-07,2334,N,VIIRS,n,2,288.7,3.89,N,0
39.01133,23.29629,341.87,0.36,0.57,2021-08-07,2334,N,VIIRS,n,2,289.39,5.16,N,0
39.01107,23.3007,345.98,0.36,0.57,2021-08-07,2334,N,VIIRS,n,2,290.6,5.16,N,0
39.01081,23.30514,349.31,0.36,0.57,2021-08-07,2334,N,VIIRS,n,2,290.91,5.66,N,0
39.01056,23.30951,350.4,0.36,0.57,2021-08-07,2334,N,VIIRS,n,2,291.61,5.66,N,0
39.01031,23.31383,351.02,0.36,0.57,2021-08-07,2334,N,VIIRS,n,2,293.16,4.77,N,0
39.01007,23.31792,346.99,0.36,0.57,2021-08-07,2334,N,VIIRS,n,2,294.29,4.77,N,0
39.00984,23.32186,338.89,0.36,0.57,2021-08-07,2334,N,VIIRS,n,2,295.32,2.85,N,0
39.00962,23.3256,328.88,0.36,0.57,2021-08-07,2334,N,VIIRS,n,2,295.37,2.85,N,0
39.0094,23.32937,322.16,0.36,0.57,2021-08-07,2334,N,VIIRS,n,2,295.17,3.04,N,0
39.01387,23.25251,302.71,0.36,0.57,2021-08-07,2334,N,VIIRS,n,2,289.19,1.21,N,0
39.01361,23.25694,313.35,0.36,0.57,2021-08-07,2334,N,VIIRS,n,2,284.08,1.21,N,0
39.0131,23.26584,315.58,0.36,0.57,2021-08-07,2334,N,VIIRS,n,2,283.59,1.66,N,0
39.01282,23.27069,317.66,0.36,0.57,2021-08-07,2334,N,VIIRS,n,2,284.23,1.86,N,0
39.01256,23.27518,319,0.36,0.57,2021-08-07,2334,N,VIIRS,n,2,285.36,1.86,N,0
39.00917,23.33323,315.88,0.36,0.57,2021-08-07,2334,N,VIIRS,n,2,295.52,3.04,N,0
39.00771,23.26605,320,0.36,0.57,2021-08-07,2334,N,VIIRS,n,2,286.24,2.18,N,0
39.00746,23.27038,326.45,0.36,0.57,2021-08-07,2334,N,VIIRS,n,2,285.95,4.25,N,0
39.00722,23.27447,331.4,0.36,0.57,2021-08-07,2334,N,VIIRS,n,2,286.73,4.25,N,0
39.00699,23.27845,336.25,0.36,0.57,2021-08-07,2334,N,VIIRS,n,2,287.37,7.46,N,0
39.00675,23.28262,342.23,0.36,0.57,2021-08-07,2334,N,VIIRS,n,2,288.24,7.46,N,0
39.0065,23.28687,350.03,0.36,0.57,2021-08-07,2334,N,VIIRS,n,2,289.36,23.25,N,0
39.00624,23.29138,367,0.36,0.57,2021-08-07,2334,N,VIIRS,h,2,290.52,23.25,N,0
39.00598,23.29594,367,0.36,0.57,2021-08-07,2334,N,VIIRS,h,2,292.61,53.71,N,0
39.00572,23.3004,367,0.36,0.57,2021-08-07,2334,N,VIIRS,h,2,295.51,53.71,N,0
39.00546,23.30484,345.72,0.36,0.57,2021-08-07,2334,N,VIIRS,n,2,302.24,172.26,N,0
39.0052,23.30931,336.97,0.36,0.57,2021-08-07,2334,N,VIIRS,n,2,309.51,172.26,N,0
39.00471,23.31772,320.59,0.36,0.57,2021-08-07,2334,N,VIIRS,n,2,319.6,236.24,N,0
39.00404,23.32923,335.62,0.36,0.57,2021-08-07,2334,N,VIIRS,n,2,313.18,149.9,N,0
39.00381,23.33313,352.22,0.36,0.57,2021-08-07,2334,N,VIIRS,n,2,303.05,149.9,N,0
39.00822,23.25709,304.02,0.36,0.57,2021-08-07,2334,N,VIIRS,n,2,290.26,1.01,N,0
39.00796,23.26158,310.7,0.36,0.57,2021-08-07,2334,N,VIIRS,n,2,288.56,2.18,N,0
39.00358,23.33716,318.43,0.36,0.57,2021-08-07,2334,N,VIIRS,n,2,296.24,31.43,N,0
39.00335,23.34116,312.21,0.36,0.57,2021-08-07,2334,N,VIIRS,n,2,296.16,31.43,N,0
39.00311,23.34513,307.93,0.36,0.57,2021-08-07,2334,N,VIIRS,n,2,295.53,4.45,N,0
39.00235,23.26564,323.02,0.36,0.57,2021-08-07,2334,N,VIIRS,n,2,288.08,2.18,N,0
39.00211,23.26971,330.26,0.36,0.57,2021-08-07,2334,N,VIIRS,n,2,288.01,4.25,N,0
39.00189,23.27369,336.27,0.36,0.57,2021-08-07,2334,N,VIIRS,n,2,288.79,4.25,N,0
39.00166,23.27763,342.37,0.36,0.57,2021-08-07,2334,N,VIIRS,n,2,289.68,7.46,N,0
39.00142,23.2819,351.37,0.36,0.57,2021-08-07,2334,N,VIIRS,n,2,289.7,7.46,N,0
39.00116,23.28638,367,0.36,0.57,2021-08-07,2334,N,VIIRS,h,2,290.78,23.25,N,0
39.00089,23.29107,367,0.36,0.57,2021-08-07,2334,N,VIIRS,h,2,296.31,23.25,N,0
39.00062,23.29573,367,0.36,0.57,2021-08-07,2334,N,VIIRS,h,2,299.08,53.71,N,0
39.00036,23.30019,356.09,0.36,0.57,2021-08-07,2334,N,VIIRS,n,2,302.96,53.71,N,0
39.0001,23.30469,325.05,0.36,0.57,2021-08-07,2334,N,VIIRS,n,2,309.62,172.26,N,0
38.99957,23.31403,367,0.36,0.57,2021-08-07,2334,N,VIIRS,h,2,317.82,236.24,N,0
38.99932,23.31828,367,0.36,0.57,2021-08-07,2334,N,VIIRS,h,2,330.08,236.24,N,0
38.99886,23.32621,367,0.36,0.57,2021-08-07,2334,N,VIIRS,h,2,331.33,703.47,N,0
38.99863,23.33017,367,0.36,0.57,2021-08-07,2334,N,VIIRS,h,2,338.07,149.9,N,0
38.99795,23.34186,324.39,0.36,0.57,2021-08-07,2334,N,VIIRS,n,2,298.48,31.43,N,0
39.00312,23.25216,303.44,0.36,0.57,2021-08-07,2334,N,VIIRS,n,2,290.03,1.01,N,0
39.00285,23.2569,306.77,0.36,0.57,2021-08-07,2334,N,VIIRS,n,2,290.41,1.01,N,0
39.00259,23.26143,313.4,0.36,0.57,2021-08-07,2334,N,VIIRS,n,2,289.38,2.18,N,0
38.99773,23.34551,313.02,0.36,0.57,2021-08-07,2334,N,VIIRS,n,2,297.21,4.45,N,0
38.99704,23.26445,322.29,0.36,0.57,2021-08-07,2334,N,VIIRS,n,2,288.17,2.32,N,0
38.9968,23.26853,329.32,0.36,0.57,2021-08-07,2334,N,VIIRS,n,2,288.86,4.55,N,0
38.99657,23.27268,336.1,0.36,0.57,2021-08-07,2334,N,VIIRS,n,2,289.71,4.55,N,0
38.99631,23.27709,342.9,0.36,0.57,2021-08-07,2334,N,VIIRS,n,2,290.29,9.24,N,0
38.99606,23.28161,350.03,0.36,0.57,2021-08-07,2334,N,VIIRS,n,2,291.23,9.24,N,0
38.99579,23.28622,367,0.36,0.57,2021-08-07,2334,N,VIIRS,h,2,294.11,35.71,N,0
38.99553,23.29086,353.92,0.36,0.57,2021-08-07,2334,N,VIIRS,n,2,303.94,35.71,N,0
38.99527,23.29547,367,0.36,0.57,2021-08-07,2334,N,VIIRS,h,2,299.91,32.36,N,0
38.99501,23.29997,367,0.36,0.57,2021-08-07,2334,N,VIIRS,h,2,298.51,32.36,N,0
38.99474,23.30456,367,0.36,0.57,2021-08-07,2334,N,VIIRS,h,2,299.65,25.75,N,0
38.99446,23.30948,367,0.36,0.57,2021-08-07,2334,N,VIIRS,h,2,298.66,25.75,N,0
38.99419,23.31423,367,0.36,0.57,2021-08-07,2334,N,VIIRS,h,2,303.65,24.62,N,0
38.99393,23.31855,367,0.36,0.57,2021-08-07,2334,N,VIIRS,h,2,305.64,24.62,N,0
38.9937,23.32264,367,0.36,0.57,2021-08-07,2334,N,VIIRS,h,2,306.57,26.23,N,0
38.99348,23.32642,367,0.36,0.57,2021-08-07,2334,N,VIIRS,h,2,308.17,26.23,N,0
38.99326,23.33031,367,0.36,0.57,2021-08-07,2334,N,VIIRS,h,2,314.02,38.18,N,0
38.99303,23.33433,367,0.36,0.57,2021-08-07,2334,N,VIIRS,h,2,317.66,38.18,N,0
38.99281,23.33816,344.04,0.36,0.57,2021-08-07,2334,N,VIIRS,n,2,331.56,129.87,N,0
38.99216,23.34925,356.96,0.36,0.57,2021-08-07,2334,N,VIIRS,n,2,300.22,66.68,N,0
38.99192,23.35338,324.59,0.36,0.57,2021-08-07,2334,N,VIIRS,n,2,296.26,25.35,N,0
38.998,23.24757,302.81,0.36,0.57,2021-08-07,2334,N,VIIRS,n,2,289.66,0.87,N,0
38.99777,23.25163,305.51,0.36,0.57,2021-08-07,2334,N,VIIRS,n,2,289.2,1.04,N,0
38.99753,23.25576,307.82,0.36,0.57,2021-08-07,2334,N,VIIRS,n,2,289.55,1.04,N,0
38.99728,23.26013,314.26,0.36,0.57,2021-08-07,2334,N,VIIRS,n,2,289.09,2.32,N,0
38.99166,23.26443,321.43,0.36,0.57,2021-08-07,2334,N,VIIRS,n,2,288.76,2.32,N,0
38.99142,23.26851,328.77,0.36,0.57,2021-08-07,2334,N,VIIRS,n,2,288.76,4.55,N,0
38.99119,23.27262,334.65,0.36,0.57,2021-08-07,2334,N,VIIRS,n,2,288.71,4.55,N,0
38.99096,23.27667,339.87,0.36,0.57,2021-08-07,2334,N,VIIRS,n,2,289.07,9.24,N,0
38.99072,23.28098,346.19,0.36,0.57,2021-08-07,2334,N,VIIRS,n,2,289.07,9.24,N,0
38.99046,23.28548,367,0.36,0.57,2021-08-07,2334,N,VIIRS,h,2,290.53,35.71,N,0
38.9902,23.29008,367,0.36,0.57,2021-08-07,2334,N,VIIRS,h,2,296.82,35.71,N,0
38.98993,23.29476,367,0.36,0.57,2021-08-07,2334,N,VIIRS,h,2,297.15,32.36,N,0
38.98966,23.29952,367,0.36,0.57,2021-08-07,2334,N,VIIRS,h,2,301.17,32.36,N,0
38.98939,23.3043,367,0.36,0.57,2021-08-07,2334,N,VIIRS,h,2,302.3,25.75,N,0
38.98912,23.30898,367,0.36,0.57,2021-08-07,2334,N,VIIRS,h,2,300.24,25.75,N,0
38.98886,23.31353,367,0.36,0.57,2021-08-07,2334,N,VIIRS,h,2,296.58,24.62,N,0
38.98861,23.31794,367,0.36,0.57,2021-08-07,2334,N,VIIRS,h,2,297.3,24.62,N,0
38.98838,23.322,367,0.36,0.57,2021-08-07,2334,N,VIIRS,h,2,301.65,26.23,N,0
38.98816,23.32571,367,0.36,0.57,2021-08-07,2334,N,VIIRS,h,2,303.75,26.23,N,0
38.98795,23.32944,367,0.36,0.57,2021-08-07,2334,N,VIIRS,h,2,304.71,38.18,N,0
38.98772,23.33336,367,0.36,0.57,2021-08-07,2334,N,VIIRS,h,2,306.59,38.18,N,0
38.9875,23.33724,367,0.36,0.57,2021-08-07,2334,N,VIIRS,h,2,309.67,129.87,N,0
38.98728,23.34097,367,0.36,0.57,2021-08-07,2334,N,VIIRS,h,2,309.69,129.87,N,0
38.98708,23.34464,367,0.36,0.57,2021-08-07,2334,N,VIIRS,h,2,308.66,66.68,N,0
38.98684,23.34861,367,0.36,0.57,2021-08-07,2334,N,VIIRS,h,2,308.42,66.68,N,0
38.98661,23.35273,334.16,0.36,0.57,2021-08-07,2334,N,VIIRS,n,2,310.88,25.35,N,0
38.98637,23.35677,323.43,0.36,0.57,2021-08-07,2334,N,VIIRS,n,2,296.86,25.35,N,0
38.99285,23.24353,304.01,0.36,0.57,2021-08-07,2334,N,VIIRS,n,2,288.25,0.87,N,0
38.99262,23.24755,305.34,0.36,0.57,2021-08-07,2334,N,VIIRS,n,2,287.89,0.87,N,0
38.9924,23.25145,306.84,0.36,0.57,2021-08-07,2334,N,VIIRS,n,2,288.04,1.04,N,0
38.99216,23.25554,309.8,0.36,0.57,2021-08-07,2334,N,VIIRS,n,2,289.12,1.04,N,0
38.99191,23.26009,314.37,0.36,0.57,2021-08-07,2334,N,VIIRS,n,2,289.37,2.32,N,0
38.98626,23.26487,325.03,0.36,0.57,2021-08-07,2334,N,VIIRS,n,2,288.35,3.58,N,0
38.98603,23.26884,330.94,0.36,0.57,2021-08-07,2334,N,VIIRS,n,2,288.69,7.71,N,0
38.98581,23.27279,337,0.36,0.57,2021-08-07,2334,N,VIIRS,n,2,288.35,7.71,N,0
38.98558,23.27671,342.48,0.36,0.57,2021-08-07,2334,N,VIIRS,n,2,288.26,26.48,N,0
38.98536,23.28079,350.75,0.36,0.57,2021-08-07,2334,N,VIIRS,n,2,288.46,26.48,N,0
38.98511,23.28502,367,0.36,0.57,2021-08-07,2334,N,VIIRS,h,2,293.99,48.54,N,0
38.98487,23.2894,367,0.36,0.57,2021-08-07,2334,N,VIIRS,h,2,292.02,48.54,N,0
38.98461,23.29385,367,0.36,0.57,2021-08-07,2334,N,VIIRS,h,2,291.85,46.37,N,0
38.98434,23.29855,367,0.36,0.57,2021-08-07,2334,N,VIIRS,h,2,301.01,46.37,N,0
38.98407,23.30339,367,0.36,0.57,2021-08-07,2334,N,VIIRS,h,2,300.21,24.27,N,0
38.98381,23.3081,367,0.36,0.57,2021-08-07,2334,N,VIIRS,h,2,296.9,24.27,N,0
38.98355,23.31264,350.29,0.36,0.57,2021-08-07,2334,N,VIIRS,n,2,294.92,9.01,N,0
38.9833,23.31686,347.63,0.36,0.57,2021-08-07,2334,N,VIIRS,n,2,295.78,9.01,N,0
38.98308,23.32085,345.85,0.36,0.57,2021-08-07,2334,N,VIIRS,n,2,298.47,6.82,N,0
38.98286,23.32469,349.18,0.36,0.57,2021-08-07,2334,N,VIIRS,n,2,300.81,6.82,N,0
38.98264,23.32848,355.88,0.36,0.57,2021-08-07,2334,N,VIIRS,n,2,304.01,7.02,N,0
38.98242,23.33235,352.19,0.36,0.57,2021-08-07,2334,N,VIIRS,n,2,302.95,7.02,N,0
38.9822,23.33624,348.78,0.36,0.57,2021-08-07,2334,N,VIIRS,n,2,303.96,6.71,N,0
38.98197,23.3401,356.15,0.36,0.57,2021-08-07,2334,N,VIIRS,n,2,307.63,6.71,N,0
38.98175,23.34396,351.93,0.36,0.57,2021-08-07,2334,N,VIIRS,n,2,305.72,10.23,N,0
38.98153,23.34784,367,0.36,0.57,2021-08-07,2334,N,VIIRS,h,2,306.04,10.23,N,0
38.98131,23.35172,367,0.36,0.57,2021-08-07,2334,N,VIIRS,h,2,307.28,22.49,N,0
38.98108,23.35574,350.66,0.36,0.57,2021-08-07,2334,N,VIIRS,n,2,304.24,22.49,N,0
38.98085,23.35969,324.75,0.36,0.57,2021-08-07,2334,N,VIIRS,n,2,296.81,33.35,N,0
38.98748,23.2433,303.75,0.36,0.57,2021-08-07,2334,N,VIIRS,n,2,289.18,1.07,N,0
38.98725,23.24735,305.65,0.36,0.57,2021-08-07,2334,N,VIIRS,n,2,288.78,1.07,N,0
38.98702,23.25137,308.61,0.36,0.57,2021-08-07,2334,N,VIIRS,n,2,288.32,1.72,N,0
38.98677,23.25568,313.65,0.36,0.57,2021-08-07,2334,N,VIIRS,n,2,288.89,1.72,N,0
38.98651,23.26045,318.72,0.36,0.57,2021-08-07,2334,N,VIIRS,n,2,288.91,3.58,N,0
38.98063,23.36363,312.29,0.36,0.57,2021-08-07,2334,N,VIIRS,n,2,294.66,33.35,N,0
38.98141,23.25544,320.5,0.36,0.57,2021-08-07,2334,N,VIIRS,n,2,288.47,1.72,N,0
38.98113,23.26036,328.12,0.36,0.57,2021-08-07,2334,N,VIIRS,n,2,288.82,3.58,N,0
38.98088,23.2649,335.39,0.36,0.57,2021-08-07,2334,N,VIIRS,n,2,288.26,3.58,N,0
38.98064,23.26907,343.07,0.36,0.57,2021-08-07,2334,N,VIIRS,n,2,289.22,7.71,N,0
38.98041,23.27314,353.45,0.36,0.57,2021-08-07,2334,N,VIIRS,n,2,289.75,7.71,N,0
38.98018,23.27719,367,0.36,0.57,2021-08-07,2334,N,VIIRS,h,2,292.58,26.48,N,0
38.97996,23.28117,367,0.36,0.57,2021-08-07,2334,N,VIIRS,h,2,297.59,26.48,N,0
38.97974,23.28502,352.89,0.36,0.57,2021-08-07,2334,N,VIIRS,n,2,301.98,48.54,N,0
38.97952,23.28899,353.35,0.36,0.57,2021-08-07,2334,N,VIIRS,n,2,310.18,48.54,N,0
38.97928,23.29314,326.72,0.36,0.57,2021-08-07,2334,N,VIIRS,n,2,309.53,46.37,N,0
38.97903,23.29754,348.35,0.36,0.57,2021-08-07,2334,N,VIIRS,n,2,305.54,46.37,N,0
38.97877,23.30219,367,0.36,0.57,2021-08-07,2334,N,VIIRS,h,2,301.84,24.27,N,0
38.9785,23.30699,367,0.36,0.57,2021-08-07,2334,N,VIIRS,h,2,299.06,24.27,N,0
38.97822,23.31187,367,0.36,0.57,2021-08-07,2334,N,VIIRS,h,2,294.77,9.01,N,0
38.97799,23.31601,343.08,0.36,0.57,2021-08-07,2334,N,VIIRS,n,2,294.54,9.01,N,0
38.97776,23.31999,336.54,0.36,0.57,2021-08-07,2334,N,VIIRS,n,2,295.99,6.82,N,0
38.97754,23.32392,334.44,0.36,0.57,2021-08-07,2334,N,VIIRS,n,2,296.61,6.82,N,0
38.97732,23.3278,335.66,0.36,0.57,2021-08-07,2334,N,VIIRS,n,2,298.31,7.02,N,0
38.9771,23.33168,336.26,0.36,0.57,2021-08-07,2334,N,VIIRS,n,2,299.29,7.02,N,0
38.97688,23.33554,329.19,0.36,0.57,2021-08-07,2334,N,VIIRS,n,2,298.77,6.71,N,0
38.97665,23.33942,331.03,0.36,0.57,2021-08-07,2334,N,VIIRS,n,2,299.16,6.71,N,0
38.97643,23.34331,339.7,0.36,0.57,2021-08-07,2334,N,VIIRS,n,2,301.26,10.23,N,0
38.97621,23.3472,350.88,0.36,0.57,2021-08-07,2334,N,VIIRS,n,2,305.28,10.23,N,0
38.97599,23.35109,354.75,0.36,0.57,2021-08-07,2334,N,VIIRS,n,2,303.79,22.49,N,0
38.97576,23.35506,367,0.36,0.57,2021-08-07,2334,N,VIIRS,h,2,304.01,22.49,N,0
38.97553,23.35905,367,0.36,0.57,2021-08-07,2334,N,VIIRS,h,2,300.9,33.35,N,0
38.9753,23.36309,367,0.36,0.57,2021-08-07,2334,N,VIIRS,h,2,318.46,33.35,N,0
38.97507,23.36719,321.45,0.35,0.57,2021-08-07,2334,N,VIIRS,n,2,300.76,49.02,N,0
38.98187,23.24721,308.76,0.36,0.57,2021-08-07,2334,N,VIIRS,n,2,289.16,1.07,N,0
38.98165,23.25114,314.19,0.36,0.57,2021-08-07,2334,N,VIIRS,n,2,288.23,1.72,N,0
38.97603,23.25533,323.75,0.36,0.57,2021-08-07,2334,N,VIIRS,n,2,289.61,2.58,N,0
38.97577,23.26001,331.66,0.36,0.57,2021-08-07,2334,N,VIIRS,n,2,289.83,15.63,N,0
38.97551,23.26462,341.63,0.36,0.57,2021-08-07,2334,N,VIIRS,n,2,290.4,15.63,N,0
38.97527,23.26907,367,0.36,0.57,2021-08-07,2334,N,VIIRS,h,2,294.07,59.5,N,0
38.97502,23.27341,367,0.36,0.57,2021-08-07,2334,N,VIIRS,h,2,322.83,59.5,N,0
38.97478,23.27771,341.72,0.36,0.57,2021-08-07,2334,N,VIIRS,n,2,303.11,27.88,N,0
38.97456,23.28166,367,0.36,0.57,2021-08-07,2334,N,VIIRS,h,2,297.5,27.88,N,0
38.97434,23.2855,367,0.36,0.57,2021-08-07,2334,N,VIIRS,h,2,299.8,22.42,N,0
38.97413,23.28932,367,0.36,0.57,2021-08-07,2334,N,VIIRS,h,2,302.57,22.42,N,0
38.97391,23.2932,356.65,0.36,0.57,2021-08-07,2334,N,VIIRS,n,2,303.54,20.76,N,0
38.97368,23.29722,367,0.36,0.57,2021-08-07,2334,N,VIIRS,h,2,299.4,20.76,N,0
38.97343,23.30158,367,0.36,0.57,2021-08-07,2334,N,VIIRS,h,2,299.21,7.19,N,0
38.97317,23.30625,342.9,0.36,0.57,2021-08-07,2334,N,VIIRS,n,2,296.55,7.19,N,0
38.9729,23.31113,337.42,0.36,0.57,2021-08-07,2334,N,VIIRS,n,2,296.39,4.57,N,0
38.97265,23.31561,336.08,0.36,0.57,2021-08-07,2334,N,VIIRS,n,2,297.69,4.57,N,0
38.97241,23.31986,331.88,0.36,0.57,2021-08-07,2334,N,VIIRS,n,2,296.49,3.11,N,0
38.97218,23.32386,325.76,0.36,0.57,2021-08-07,2334,N,VIIRS,n,2,295.36,3.11,N,0
38.97196,23.32775,322.23,0.36,0.57,2021-08-07,2334,N,VIIRS,n,2,296.39,2.25,N,0
38.97174,23.33158,321.2,0.36,0.57,2021-08-07,2334,N,VIIRS,n,2,297.54,2.25,N,0
38.97088,23.34669,331.79,0.36,0.57,2021-08-07,2334,N,VIIRS,n,2,298.57,5.25,N,0
38.97066,23.35067,367,0.36,0.57,2021-08-07,2334,N,VIIRS,h,2,307,22.69,N,0
38.97042,23.35477,325.84,0.36,0.57,2021-08-07,2334,N,VIIRS,n,2,314.9,22.69,N,0
38.97019,23.35891,326.35,0.36,0.57,2021-08-07,2334,N,VIIRS,n,2,295.84,7.74,N,0
38.96996,23.36299,355.33,0.36,0.57,2021-08-07,2334,N,VIIRS,n,2,299.25,7.74,N,0
38.96973,23.36694,348.76,0.35,0.57,2021-08-07,2334,N,VIIRS,n,2,298.13,2.89,N,0
38.97671,23.24329,304.8,0.36,0.57,2021-08-07,2334,N,VIIRS,n,2,290.3,1.08,N,0
38.97648,23.2473,309.43,0.36,0.57,2021-08-07,2334,N,VIIRS,n,2,290.55,1.08,N,0
38.97626,23.25118,316.64,0.36,0.57,2021-08-07,2334,N,VIIRS,n,2,289.61,2.58,N,0
38.97153,23.33534,317.49,0.36,0.57,2021-08-07,2334,N,VIIRS,n,2,297.88,2.4,N,0
38.97132,23.3391,315.27,0.36,0.57,2021-08-07,2334,N,VIIRS,n,2,297.74,2.4,N,0
38.9711,23.34286,317.46,0.36,0.57,2021-08-07,2334,N,VIIRS,n,2,297.49,5.25,N,0
38.96951,23.37085,308.21,0.35,0.57,2021-08-07,2334,N,VIIRS,n,2,295.86,2.89,N,0
38.97065,23.25546,322.99,0.36,0.57,2021-08-07,2334,N,VIIRS,n,2,289.36,2.58,N,0
38.97041,23.25964,333.43,0.36,0.57,2021-08-07,2334,N,VIIRS,n,2,290.13,15.63,N,0
38.97017,23.26403,367,0.36,0.57,2021-08-07,2334,N,VIIRS,h,2,295.5,15.63,N,0
38.96991,23.26871,349.42,0.36,0.57,2021-08-07,2334,N,VIIRS,n,2,304.53,59.5,N,0
38.96965,23.27337,367,0.36,0.57,2021-08-07,2334,N,VIIRS,h,2,293.85,59.5,N,0
38.9694,23.27781,343.36,0.36,0.57,2021-08-07,2334,N,VIIRS,n,2,292.82,27.88,N,0
38.96917,23.28198,341.08,0.36,0.57,2021-08-07,2334,N,VIIRS,n,2,293.28,27.88,N,0
38.96895,23.28592,346.65,0.36,0.57,2021-08-07,2334,N,VIIRS,n,2,294.48,22.42,N,0
38.96873,23.28978,345.72,0.36,0.57,2021-08-07,2334,N,VIIRS,n,2,293.99,22.42,N,0
38.96852,23.29361,339.06,0.36,0.57,2021-08-07,2334,N,VIIRS,n,2,293.39,20.76,N,0
38.9683,23.29754,338.53,0.36,0.57,2021-08-07,2334,N,VIIRS,n,2,292.9,20.76,N,0
38.96807,23.30161,338.03,0.36,0.57,2021-08-07,2334,N,VIIRS,n,2,294.24,7.19,N,0
38.96783,23.30592,332.2,0.36,0.57,2021-08-07,2334,N,VIIRS,n,2,294.84,7.19,N,0
38.96756,23.31071,332.89,0.36,0.57,2021-08-07,2334,N,VIIRS,n,2,296.01,4.57,N,0
38.96729,23.31553,327.82,0.36,0.57,2021-08-07,2334,N,VIIRS,n,2,296.43,4.57,N,0
38.96703,23.3202,324.43,0.36,0.57,2021-08-07,2334,N,VIIRS,n,2,296.25,3.11,N,0
38.9653,23.35076,321.83,0.36,0.57,2021-08-07,2334,N,VIIRS,n,2,297.67,22.69,N,0
38.96372,23.3786,322.29,0.35,0.57,2021-08-07,2334,N,VIIRS,n,2,296.79,2.22,N,0
38.97132,23.24338,305.86,0.36,0.57,2021-08-07,2334,N,VIIRS,n,2,290.62,1.08,N,0
38.97109,23.24746,309.35,0.36,0.57,2021-08-07,2334,N,VIIRS,n,2,290.88,1.08,N,0
38.97087,23.25144,315.31,0.36,0.57,2021-08-07,2334,N,VIIRS,n,2,289.89,2.58,N,0
38.96679,23.32445,316.74,0.36,0.57,2021-08-07,2334,N,VIIRS,n,2,294.79,3.11,N,0
38.96657,23.32841,314.42,0.36,0.57,2021-08-07,2334,N,VIIRS,n,2,295.59,2.25,N,0
38.96636,23.33202,315.51,0.36,0.57,2021-08-07,2334,N,VIIRS,n,2,296.66,2.25,N,0
38.96616,23.33551,313.59,0.36,0.57,2021-08-07,2334,N,VIIRS,n,2,297.21,2.4,N,0
38.96553,23.34671,316.42,0.36,0.57,2021-08-07,2334,N,VIIRS,n,2,297.03,5.25,N,0
38.96508,23.35479,308.58,0.36,0.57,2021-08-07,2334,N,VIIRS,n,2,295.73,22.69,N,0
38.96462,23.3627,317.79,0.36,0.57,2021-08-07,2334,N,VIIRS,n,2,296.24,7.74,N,0
38.9644,23.36661,313.3,0.35,0.57,2021-08-07,2334,N,VIIRS,n,2,297.12,2.89,N,0
38.96418,23.37052,319.75,0.35,0.57,2021-08-07,2334,N,VIIRS,n,2,296.89,2.89,N,0
38.96395,23.3745,309.06,0.35,0.57,2021-08-07,2334,N,VIIRS,n,2,296.15,2.22,N,0
38.96507,23.25907,329.13,0.36,0.57,2021-08-07,2334,N,VIIRS,n,2,290.09,22.26,N,0
38.96483,23.2633,367,0.36,0.57,2021-08-07,2334,N,VIIRS,h,2,295.23,22.26,N,0
38.96459,23.2677,367,0.36,0.57,2021-08-07,2334,N,VIIRS,h,2,296.39,10.27,N,0
38.96433,23.27226,340.37,0.36,0.57,2021-08-07,2334,N,VIIRS,n,2,293.49,10.27,N,0
38.96407,23.27694,325.95,0.36,0.57,2021-08-07,2334,N,VIIRS,n,2,291.48,3.94,N,0
38.96382,23.28159,334.37,0.36,0.57,2021-08-07,2334,N,VIIRS,n,2,291.32,3.94,N,0
38.96357,23.28606,340.85,0.36,0.57,2021-08-07,2334,N,VIIRS,n,2,291.33,3.23,N,0
38.96333,23.29034,328.17,0.36,0.57,2021-08-07,2334,N,VIIRS,n,2,291.67,3.23,N,0
38.96311,23.2944,328.36,0.36,0.57,2021-08-07,2334,N,VIIRS,n,2,291.58,2.72,N,0
38.96289,23.29826,324.84,0.36,0.57,2021-08-07,2334,N,VIIRS,n,2,291.27,2.72,N,0
38.96268,23.30199,325.27,0.36,0.57,2021-08-07,2334,N,VIIRS,n,2,291.99,2.53,N,0
38.96245,23.30612,323.58,0.36,0.57,2021-08-07,2334,N,VIIRS,n,2,292.03,2.53,N,0
38.96221,23.31055,323.32,0.36,0.57,2021-08-07,2334,N,VIIRS,n,2,293.96,2.03,N,0
38.96598,23.24257,305.09,0.36,0.57,2021-08-07,2334,N,VIIRS,n,2,290.87,1.15,N,0
38.96574,23.2468,307.28,0.36,0.57,2021-08-07,2334,N,VIIRS,n,2,291.42,1.15,N,0
38.96552,23.25088,312.17,0.36,0.57,2021-08-07,2334,N,VIIRS,n,2,290.71,2.75,N,0
38.96529,23.25497,319.92,0.36,0.57,2021-08-07,2334,N,VIIRS,n,2,289.78,2.75,N,0
38.96193,23.31559,319.1,0.36,0.57,2021-08-07,2334,N,VIIRS,n,2,294.93,2.03,N,0
38.96164,23.32081,315.49,0.36,0.57,2021-08-07,2334,N,VIIRS,n,2,294.16,1.5,N,0
38.9614,23.32505,311.33,0.36,0.57,2021-08-07,2334,N,VIIRS,n,2,293.83,1.5,N,0
38.96119,23.3288,311.64,0.36,0.57,2021-08-07,2334,N,VIIRS,n,2,294.76,1.35,N,0
38.96099,23.33233,308.86,0.36,0.57,2021-08-07,2334,N,VIIRS,n,2,294.93,1.35,N,0
38.9608,23.33571,311.07,0.36,0.57,2021-08-07,2334,N,VIIRS,n,2,295.65,2.44,N,0
38.96059,23.33935,313.67,0.36,0.57,2021-08-07,2334,N,VIIRS,n,2,296.6,2.44,N,0
38.96037,23.34326,315.84,0.36,0.57,2021-08-07,2334,N,VIIRS,n,2,297.12,4.03,N,0
38.95995,23.25429,323.67,0.36,0.57,2021-08-07,2334,N,VIIRS,n,2,291.03,2.75,N,0
38.95971,23.25855,351.33,0.36,0.57,2021-08-07,2334,N,VIIRS,n,2,292.06,22.26,N,0
38.95947,23.26295,355.94,0.36,0.57,2021-08-07,2334,N,VIIRS,n,2,300.04,22.26,N,0
38.95922,23.2675,356.52,0.36,0.57,2021-08-07,2334,N,VIIRS,n,2,295.05,10.27,N,0
38.95897,23.27211,335.07,0.36,0.57,2021-08-07,2334,N,VIIRS,n,2,292.41,10.27,N,0
38.95872,23.27667,324.43,0.36,0.57,2021-08-07,2334,N,VIIRS,n,2,291.39,3.94,N,0
38.95522,23.33971,328.4,0.36,0.57,2021-08-07,2334,N,VIIRS,n,2,295.36,2.44,N,0
38.95497,23.3441,349.8,0.36,0.57,2021-08-07,2334,N,VIIRS,n,2,297.97,4.03,N,0
38.95473,23.34856,333.7,0.36,0.57,2021-08-07,2334,N,VIIRS,n,2,295.68,4.03,N,0
38.96041,23.24577,306.39,0.36,0.57,2021-08-07,2334,N,VIIRS,n,2,291.36,1.15,N,0
38.96018,23.25004,312.47,0.36,0.57,2021-08-07,2334,N,VIIRS,n,2,291.06,2.75,N,0
38.95847,23.28109,319.84,0.36,0.57,2021-08-07,2334,N,VIIRS,n,2,290.74,3.94,N,0
38.95824,23.2854,317.58,0.36,0.57,2021-08-07,2334,N,VIIRS,n,2,290.44,3.23,N,0
38.958,23.2897,314.67,0.36,0.57,2021-08-07,2334,N,VIIRS,n,2,289.68,3.23,N,0
38.95776,23.294,310.43,0.36,0.57,2021-08-07,2334,N,VIIRS,n,2,289.47,2.72,N,0
38.95753,23.29824,318.72,0.36,0.57,2021-08-07,2334,N,VIIRS,n,2,290.59,2.72,N,0
38.9573,23.30235,316.27,0.36,0.57,2021-08-07,2334,N,VIIRS,n,2,290.44,2.53,N,0
38.95706,23.30658,317.05,0.36,0.57,2021-08-07,2334,N,VIIRS,n,2,290.83,2.53,N,0
38.95682,23.31094,311.48,0.36,0.57,2021-08-07,2334,N,VIIRS,n,2,291.54,2.03,N,0
38.95655,23.31578,311.07,0.36,0.57,2021-08-07,2334,N,VIIRS,n,2,292.69,2.03,N,0
38.95628,23.32082,311.14,0.36,0.57,2021-08-07,2334,N,VIIRS,n,2,292.86,1.5,N,0
38.95605,23.32483,308.15,0.36,0.57,2021-08-07,2334,N,VIIRS,n,2,293.07,1.5,N,0
38.95583,23.3287,308.25,0.36,0.57,2021-08-07,2334,N,VIIRS,n,2,293.7,1.35,N,0
38.95564,23.33227,309.94,0.36,0.57,2021-08-07,2334,N,VIIRS,n,2,294.66,1.35,N,0
38.95543,23.33583,312.25,0.36,0.57,2021-08-07,2334,N,VIIRS,n,2,295.37,2.44,N,0
38.95533,23.24022,325.1,0.36,0.57,2021-08-07,2334,N,VIIRS,n,2,292.46,5.1,N,0
38.9551,23.24461,367,0.36,0.57,2021-08-07,2334,N,VIIRS,h,2,294.92,5.1,N,0
38.95485,23.24905,334.99,0.36,0.57,2021-08-07,2334,N,VIIRS,n,2,292.41,7.07,N,0
38.95461,23.25349,367,0.36,0.57,2021-08-07,2334,N,VIIRS,h,2,294.68,7.07,N,0
38.95436,23.25812,367,0.36,0.57,2021-08-07,2334,N,VIIRS,h,2,293.49,4.72,N,0
38.9541,23.26291,332.8,0.36,0.57,2021-08-07,2334,N,VIIRS,n,2,292.68,4.72,N,0
38.95383,23.26782,327.12,0.36,0.57,2021-08-07,2334,N,VIIRS,n,2,291.81,2.36,N,0
38.95357,23.27255,323.77,0.36,0.57,2021-08-07,2334,N,VIIRS,n,2,291.54,2.36,N,0
38.95333,23.27688,312.85,0.36,0.57,2021-08-07,2334,N,VIIRS,n,2,290.31,1.73,N,0
38.95311,23.281,312.65,0.36,0.57,2021-08-07,2334,N,VIIRS,n,2,290.3,1.73,N,0
38.95289,23.28495,308.19,0.36,0.57,2021-08-07,2334,N,VIIRS,n,2,289.96,1.56,N,0
38.95266,23.28914,305.66,0.36,0.57,2021-08-07,2334,N,VIIRS,n,2,289.49,1.56,N,0
38.95242,23.29353,304.37,0.36,0.57,2021-08-07,2334,N,VIIRS,n,2,289.1,1.7,N,0
38.95217,23.298,316.03,0.36,0.57,2021-08-07,2334,N,VIIRS,n,2,289.39,1.7,N,0
38.95193,23.30247,306.86,0.36,0.57,2021-08-07,2334,N,VIIRS,n,2,289.86,1.66,N,0
38.95168,23.30685,307.45,0.36,0.57,2021-08-07,2334,N,VIIRS,n,2,289.9,1.66,N,0
38.95145,23.31123,306.86,0.36,0.57,2021-08-07,2334,N,VIIRS,n,2,290.72,1.5,N,0
38.95119,23.31588,305.51,0.36,0.57,2021-08-07,2334,N,VIIRS,n,2,290.75,1.5,N,0
38.95044,23.23121,329.3,0.36,0.57,2021-08-07,2334,N,VIIRS,n,2,292.88,4.04,N,0
38.94997,23.23996,335.4,0.36,0.57,2021-08-07,2334,N,VIIRS,n,2,293.25,5.1,N,0
38.94972,23.24445,331.53,0.36,0.57,2021-08-07,2334,N,VIIRS,n,2,294.18,5.1,N,0
38.94948,23.24895,321.98,0.36,0.57,2021-08-07,2334,N,VIIRS,n,2,292.75,7.07,N,0
38.95068,23.22682,307.52,0.36,0.57,2021-08-07,2334,N,VIIRS,n,2,291.49,2.78,N,0
38.95021,23.23555,318.59,0.36,0.57,2021-08-07,2334,N,VIIRS,n,2,291.44,4.04,N,0
38.94923,23.25352,318.54,0.36,0.57,2021-08-07,2334,N,VIIRS,n,2,291.58,7.07,N,0
38.94897,23.25823,311.04,0.36,0.57,2021-08-07,2334,N,VIIRS,n,2,290.41,4.72,N,0
38.94871,23.26314,314.17,0.36,0.57,2021-08-07,2334,N,VIIRS,n,2,291.72,4.72,N,0
38.94843,23.26828,319.68,0.36,0.57,2021-08-07,2334,N,VIIRS,n,2,290.84,2.36,N,0
38.94817,23.27313,310.07,0.36,0.57,2021-08-07,2334,N,VIIRS,n,2,291.11,2.36,N,0
38.94793,23.27769,310.88,0.36,0.57,2021-08-07,2334,N,VIIRS,n,2,291.31,1.73,N,0
38.94532,23.22633,335.39,0.36,0.57,2021-08-07,2334,N,VIIRS,n,2,293.77,3.01,N,0
38.94507,23.231,321.54,0.36,0.57,2021-08-07,2334,N,VIIRS,n,2,293.44,2.02,N,0
38.94556,23.22173,306.71,0.36,0.57,2021-08-07,2334,N,VIIRS,n,2,291,3.01,N,0
38.94482,23.23556,317.93,0.36,0.57,2021-08-07,2334,N,VIIRS,n,2,293.34,2.02,N,0
38.94458,23.24007,309.54,0.36,0.57,2021-08-07,2334,N,VIIRS,n,2,292.81,1.25,N,0
38.94434,23.24454,308.92,0.36,0.57,2021-08-07,2334,N,VIIRS,n,2,292.81,1.25,N,0
38.9441,23.24901,305.68,0.36,0.57,2021-08-07,2334,N,VIIRS,n,2,292.52,1.13,N,0
38.94386,23.2535,306.78,0.36,0.57,2021-08-07,2334,N,VIIRS,n,2,292.18,1.13,N,0
38.94336,23.2627,305.32,0.36,0.57,2021-08-07,2334,N,VIIRS,n,2,291.01,2.8,N,0
38.94309,23.26773,307.93,0.36,0.57,2021-08-07,2334,N,VIIRS,n,2,291.05,1.92,N,0
38.94043,23.21712,335.02,0.36,0.57,2021-08-07,2334,N,VIIRS,n,2,294.23,6.59,N,0
38.94017,23.22181,344.68,0.36,0.57,2021-08-07,2334,N,VIIRS,n,2,295.82,3.01,N,0
38.93992,23.22658,318.4,0.36,0.57,2021-08-07,2334,N,VIIRS,n,2,294.5,3.01,N,0
38.93966,23.23134,317.46,0.36,0.57,2021-08-07,2334,N,VIIRS,n,2,293.86,2.02,N,0
38.93941,23.23604,314.46,0.36,0.57,2021-08-07,2334,N,VIIRS,n,2,293.26,2.02,N,0
38.93917,23.24046,313.44,0.36,0.57,2021-08-07,2334,N,VIIRS,n,2,293.3,1.25,N,0
38.93895,23.24459,307.06,0.36,0.57,2021-08-07,2334,N,VIIRS,n,2,293.07,1.25,N,0
38.93873,23.24876,307.7,0.36,0.57,2021-08-07,2334,N,VIIRS,n,2,293.16,1.13,N,0
38.95773,23.24296,339.81,0.36,0.57,2021-08-07,2334,N,VIIRS,n,2,294.35,5.31,N,0
38.95721,23.25159,337.98,0.36,0.57,2021-08-07,2334,N,VIIRS,n,2,292.43,8.59,N,0
38.95694,23.25599,367,0.36,0.57,2021-08-07,2334,N,VIIRS,h,2,294.1,8.59,N,0
38.95666,23.26056,367,0.36,0.57,2021-08-07,2334,N,VIIRS,h,2,294.09,7.05,N,0
38.95638,23.26526,349.12,0.36,0.57,2021-08-07,2334,N,VIIRS,n,2,292.65,7.05,N,0
38.95608,23.26998,332.56,0.36,0.57,2021-08-07,2334,N,VIIRS,n,2,292.69,2.81,N,0
38.95581,23.27447,326.13,0.36,0.57,2021-08-07,2334,N,VIIRS,n,2,290.87,2.81,N,0
38.95136,23.34703,327.73,0.36,0.57,2021-08-07,2334,N,VIIRS,n,2,293.99,3.07,N,0
38.95747,23.24729,317.5,0.36,0.57,2021-08-07,2334,N,VIIRS,n,2,292.18,5.31,N,0
38.95555,23.27876,316.36,0.36,0.57,2021-08-07,2334,N,VIIRS,n,2,290.26,1.51,N,0
38.9553,23.28288,313.67,0.36,0.57,2021-08-07,2334,N,VIIRS,n,2,290.4,1.51,N,0
38.95504,23.28696,310.27,0.36,0.57,2021-08-07,2334,N,VIIRS,n,2,289.73,2.02,N,0
38.95478,23.29143,307.25,0.36,0.57,2021-08-07,2334,N,VIIRS,n,2,289.39,2.02,N,0
38.9545,23.2959,311.3,0.36,0.57,2021-08-07,2334,N,VIIRS,n,2,289.36,2.39,N,0
38.95423,23.3003,317.76,0.36,0.57,2021-08-07,2334,N,VIIRS,n,2,290.08,2.39,N,0
38.95396,23.30467,309.65,0.36,0.57,2021-08-07,2334,N,VIIRS,n,2,290.05,2.02,N,0
38.9537,23.30892,311.4,0.36,0.57,2021-08-07,2334,N,VIIRS,n,2,290.61,2.02,N,0
38.95343,23.31337,307.22,0.36,0.57,2021-08-07,2334,N,VIIRS,n,2,291.01,1.11,N,0
38.95313,23.31822,306.63,0.36,0.57,2021-08-07,2334,N,VIIRS,n,2,291.34,1.11,N,0
38.95286,23.32264,305.55,0.36,0.57,2021-08-07,2334,N,VIIRS,n,2,292.06,1.49,N,0
38.95261,23.32667,308.29,0.36,0.57,2021-08-07,2334,N,VIIRS,n,2,292.75,1.49,N,0
38.95238,23.33048,305.59,0.36,0.57,2021-08-07,2334,N,VIIRS,n,2,292.69,1.28,N,0
38.95216,23.33412,307.72,0.36,0.57,2021-08-07,2334,N,VIIRS,n,2,293.42,1.28,N,0
38.95192,23.33793,304.3,0.36,0.57,2021-08-07,2334,N,VIIRS,n,2,293.26,1.92,N,0
38.95164,23.34241,315.51,0.36,0.57,2021-08-07,2334,N,VIIRS,n,2,292.96,1.92,N,0
38.9524,23.24221,348.75,0.36,0.57,2021-08-07,2334,N,VIIRS,n,2,293.72,5.31,N,0
38.95212,23.24664,333.03,0.36,0.57,2021-08-07,2334,N,VIIRS,n,2,292.7,5.31,N,0
38.95185,23.2511,367,0.36,0.57,2021-08-07,2334,N,VIIRS,h,2,293.91,8.59,N,0
38.95158,23.25572,328.44,0.36,0.57,2021-08-07,2334,N,VIIRS,n,2,291.26,8.59,N,0
38.95266,23.23784,314.01,0.36,0.57,2021-08-07,2334,N,VIIRS,n,2,291.31,7.21,N,0
38.95128,23.26053,319.58,0.36,0.57,2021-08-07,2334,N,VIIRS,n,2,290.9,7.05,N,0
38.95098,23.26553,317.05,0.36,0.57,2021-08-07,2334,N,VIIRS,n,2,292.06,7.05,N,0
38.95068,23.27051,315.69,0.36,0.57,2021-08-07,2334,N,VIIRS,n,2,291.35,2.81,N,0
38.9504,23.27507,311.47,0.36,0.57,2021-08-07,2334,N,VIIRS,n,2,290.96,2.81,N,0
38.95013,23.27941,311.79,0.36,0.57,2021-08-07,2334,N,VIIRS,n,2,291.25,1.51,N,0
38.94989,23.28347,303.84,0.36,0.57,2021-08-07,2334,N,VIIRS,n,2,289.91,1.51,N,0
38.94806,23.31354,301.6,0.36,0.57,2021-08-07,2334,N,VIIRS,n,2,289.55,1.11,N,0
38.94781,23.22885,325.46,0.36,0.57,2021-08-07,2334,N,VIIRS,n,2,293.46,2.78,N,0
38.94754,23.23334,336.01,0.36,0.57,2021-08-07,2334,N,VIIRS,n,2,294.79,2.49,N,0
38.94559,23.26567,323.68,0.36,0.57,2021-08-07,2334,N,VIIRS,n,2,291.78,2.33,N,0
38.94809,23.22422,304.73,0.36,0.57,2021-08-07,2334,N,VIIRS,n,2,291.2,2.78,N,0
38.94728,23.23777,318.66,0.36,0.57,2021-08-07,2334,N,VIIRS,n,2,292.52,2.49,N,0
38.94701,23.24226,319.5,0.36,0.57,2021-08-07,2334,N,VIIRS,n,2,293.17,2.08,N,0
38.94673,23.2468,311.85,0.36,0.57,2021-08-07,2334,N,VIIRS,n,2,292.83,2.08,N,0
38.94646,23.25134,312.51,0.36,0.57,2021-08-07,2334,N,VIIRS,n,2,292.53,2.17,N,0
38.94618,23.2559,309.76,0.36,0.57,2021-08-07,2334,N,VIIRS,n,2,291.67,2.17,N,0
38.9459,23.26059,309.57,0.36,0.57,2021-08-07,2334,N,VIIRS,n,2,291.15,2.33,N,0
38.94528,23.27089,305.78,0.36,0.57,2021-08-07,2334,N,VIIRS,n,2,290.39,1.45,N,0
38.945,23.2755,305.44,0.36,0.57,2021-08-07,2334,N,VIIRS,n,2,290.66,1.45,N,0
38.94298,23.21956,320.89,0.36,0.57,2021-08-07,2334,N,VIIRS,n,2,292.52,4.14,N,0
38.94271,23.22408,335,0.36,0.57,2021-08-07,2334,N,VIIRS,n,2,294.15,2.78,N,0
38.94242,23.22888,320.82,0.36,0.57,2021-08-07,2334,N,VIIRS,n,2,293.61,2.78,N,0
38.94214,23.23357,315.48,0.36,0.57,2021-08-07,2334,N,VIIRS,n,2,293.32,2.49,N,0
38.94187,23.23811,313.39,0.36,0.57,2021-08-07,2334,N,VIIRS,n,2,293.12,2.49,N,0
38.94161,23.24246,308.62,0.36,0.57,2021-08-07,2334,N,VIIRS,n,2,293.12,2.08,N,0
38.9376,23.21943,367,0.36,0.57,2021-08-07,2334,N,VIIRS,h,2,300.62,5.78,N,0
38.9373,23.22438,323.54,0.36,0.57,2021-08-07,2334,N,VIIRS,n,2,295.4,2.95,N,0
38.93672,23.23406,320.69,0.36,0.57,2021-08-07,2334,N,VIIRS,n,2,294.18,1.64,N,0
38.93789,23.21437,310.97,0.36,0.57,2021-08-07,2334,N,VIIRS,n,2,292.2,5.78,N,0
38.93701,23.22922,317.42,0.36,0.57,2021-08-07,2334,N,VIIRS,n,2,294.69,2.95,N,0
38.93645,23.2387,313.65,0.36,0.57,2021-08-07,2334,N,VIIRS,n,2,292.94,1.64,N,0
38.9362,23.24287,311.85,0.36,0.57,2021-08-07,2334,N,VIIRS,n,2,293.45,1.65,N,0
38.93595,23.24706,310.24,0.36,0.57,2021-08-07,2334,N,VIIRS,n,2,293.2,1.65,N,0
38.9357,23.25123,307.65,0.36,0.57,2021-08-07,2334,N,VIIRS,n,2,293.14,2.98,N,0
38.93255,23.21361,325,0.36,0.57,2021-08-07,2334,N,VIIRS,n,2,294.18,5.78,N,0
38.93223,23.21893,347.98,0.36,0.57,2021-08-07,2334,N,VIIRS,n,2,297.05,5.78,N,0
38.93191,23.2244,317.63,0.36,0.57,2021-08-07,2334,N,VIIRS,n,2,295.49,2.95,N,0
38.93159,23.22975,310.97,0.36,0.57,2021-08-07,2334,N,VIIRS,n,2,294.56,2.95,N,0
38.9313,23.23467,309.01,0.36,0.57,2021-08-07,2334,N,VIIRS,n,2,293.39,1.64,N,0
38.93103,23.23926,311.42,0.36,0.57,2021-08-07,2334,N,VIIRS,n,2,293.33,1.64,N,0
38.93077,23.24369,309.04,0.36,0.57,2021-08-07,2334,N,VIIRS,n,2,293.19,1.65,N,0
38.92716,23.21351,341.56,0.36,0.57,2021-08-07,2334,N,VIIRS,n,2,296.14,2.64,N,0
38.92686,23.21856,322.84,0.36,0.57,2021-08-07,2334,N,VIIRS,n,2,295.2,2.64,N,0
38.92798,23.19951,305.6,0.36,0.58,2021-08-07,2334,N,VIIRS,n,2,291.66,1.17,N,0
38.92744,23.20868,306.59,0.36,0.57,2021-08-07,2334,N,VIIRS,n,2,292.6,2.18,N,0
38.92655,23.22389,310.29,0.36,0.57,2021-08-07,2334,N,VIIRS,n,2,294.41,2.13,N,0
38.92624,23.22919,307.89,0.36,0.57,2021-08-07,2334,N,VIIRS,n,2,293.68,2.13,N,0
38.92596,23.23395,307.17,0.36,0.57,2021-08-07,2334,N,VIIRS,n,2,293.49,1.79,N,0
38.92569,23.23857,309.77,0.36,0.57,2021-08-07,2334,N,VIIRS,n,2,293.88,1.79,N,0
38.92541,23.2433,309.35,0.36,0.57,2021-08-07,2334,N,VIIRS,n,2,292.92,1.51,N,0
38.92514,23.24782,306.44,0.36,0.57,2021-08-07,2334,N,VIIRS,n,2,292.85,1.51,N,0
38.92176,23.21371,322.33,0.36,0.57,2021-08-07,2334,N,VIIRS,n,2,293.94,2.64,N,0
38.9226,23.19938,310.19,0.36,0.58,2021-08-07,2334,N,VIIRS,n,2,291.84,1.17,N,0
38.92233,23.20401,309.34,0.36,0.58,2021-08-07,2334,N,VIIRS,n,2,293.12,2.18,N,0
38.92204,23.20885,312.36,0.36,0.57,2021-08-07,2334,N,VIIRS,n,2,293.44,2.18,N,0
38.92149,23.21845,309.43,0.36,0.57,2021-08-07,2334,N,VIIRS,n,2,293.1,2.64,N,0
38.91641,23.21296,306.45,0.36,0.57,2021-08-07,2334,N,VIIRS,n,2,292.94,2.89,N,0
38.91181,23.19929,339.05,0.36,0.58,2021-08-07,2334,N,VIIRS,n,2,294.35,5.33,N,0
38.91156,23.20354,309.73,0.36,0.58,2021-08-07,2334,N,VIIRS,n,2,292.55,3.95,N,0
38.90642,23.19936,328.41,0.36,0.58,2021-08-07,2334,N,VIIRS,n,2,293.8,3.28,N,0
38.90617,23.20359,307.97,0.36,0.58,2021-08-07,2334,N,VIIRS,n,2,293.05,1.59,N,0
38.90125,23.19534,344.9,0.36,0.58,2021-08-07,2334,N,VIIRS,n,2,295,3.28,N,0
38.90101,23.19954,329.67,0.36,0.58,2021-08-07,2334,N,VIIRS,n,2,295.27,3.28,N,0
38.90195,23.18309,305.41,0.36,0.58,2021-08-07,2334,N,VIIRS,n,2,291.57,2.01,N,0
38.90171,23.1873,307.43,0.36,0.58,2021-08-07,2334,N,VIIRS,n,2,291.86,2.61,N,0
38.90148,23.19133,311.56,0.36,0.58,2021-08-07,2334,N,VIIRS,n,2,292.26,2.61,N,0
38.90077,23.20378,312.01,0.36,0.58,2021-08-07,2334,N,VIIRS,n,2,293.17,1.59,N,0
38.90053,23.20793,306.13,0.36,0.57,2021-08-07,2334,N,VIIRS,n,2,292.6,1.59,N,0
38.90029,23.21215,307.39,0.36,0.57,2021-08-07,2334,N,VIIRS,n,2,291.96,1.43,N,0
38.90002,23.21693,307.94,0.36,0.57,2021-08-07,2334,N,VIIRS,n,2,292.06,1.43,N,0
38.89631,23.18738,331.24,0.36,0.58,2021-08-07,2334,N,VIIRS,n,2,292.82,58,N,0
38.89608,23.1915,367,0.36,0.58,2021-08-07,2334,N,VIIRS,h,2,303.23,58,N,0
38.89584,23.19562,322.37,0.36,0.58,2021-08-07,2334,N,VIIRS,n,2,312.05,33.99,N,0
38.8956,23.19978,326.39,0.36,0.58,2021-08-07,2334,N,VIIRS,n,2,294.5,33.99,N,0
38.89703,23.17478,305.57,0.36,0.58,2021-08-07,2334,N,VIIRS,n,2,291.7,1.22,N,0
38.89679,23.17893,310.88,0.36,0.58,2021-08-07,2334,N,VIIRS,n,2,291.11,3.86,N,0
38.89655,23.18318,316.87,0.36,0.58,2021-08-07,2334,N,VIIRS,n,2,291.91,3.86,N,0
38.89537,23.20398,316,0.36,0.58,2021-08-07,2334,N,VIIRS,n,2,293.4,1.9,N,0
38.89513,23.20818,312.62,0.36,0.57,2021-08-07,2334,N,VIIRS,n,2,293.55,1.9,N,0
38.89488,23.21252,307.76,0.36,0.57,2021-08-07,2334,N,VIIRS,n,2,292.29,1.21,N,0
38.8946,23.21745,306.29,0.36,0.57,2021-08-07,2334,N,VIIRS,n,2,291.64,1.21,N,0
38.89111,23.18405,331.53,0.36,0.58,2021-08-07,2334,N,VIIRS,n,2,292.43,3.86,N,0
38.89088,23.18812,367,0.36,0.58,2021-08-07,2334,N,VIIRS,h,2,296.9,58,N,0
38.89064,23.19218,339.11,0.36,0.58,2021-08-07,2334,N,VIIRS,n,2,336.07,58,N,0
38.89042,23.19621,322.81,0.36,0.58,2021-08-07,2334,N,VIIRS,n,2,311.65,33.99,N,0
38.89019,23.20012,336.65,0.36,0.58,2021-08-07,2334,N,VIIRS,n,2,296.9,33.99,N,0
38.88997,23.20405,322.08,0.36,0.58,2021-08-07,2334,N,VIIRS,n,2,294.65,1.9,N,0
38.89179,23.17188,303.84,0.36,0.58,2021-08-07,2334,N,VIIRS,n,2,291.22,1.22,N,0
38.89156,23.17594,309.12,0.36,0.58,2021-08-07,2334,N,VIIRS,n,2,291.38,1.22,N,0
38.89133,23.17999,318.61,0.36,0.58,2021-08-07,2334,N,VIIRS,n,2,291.96,3.86,N,0
38.88974,23.20821,313.77,0.36,0.57,2021-08-07,2334,N,VIIRS,n,2,293.27,1.9,N,0
38.88948,23.21267,306.76,0.36,0.57,2021-08-07,2334,N,VIIRS,n,2,292.31,1.21,N,0
38.88565,23.18514,324.95,0.36,0.58,2021-08-07,2334,N,VIIRS,n,2,292.15,6.59,N,0
38.88543,23.18905,367,0.36,0.58,2021-08-07,2334,N,VIIRS,h,2,296.02,39.92,N,0
38.8852,23.193,333.86,0.36,0.58,2021-08-07,2334,N,VIIRS,n,2,321.07,39.92,N,0
38.88499,23.19683,339.56,0.36,0.58,2021-08-07,2334,N,VIIRS,n,2,306.5,21.74,N,0
38.88478,23.20056,337.57,0.36,0.58,2021-08-07,2334,N,VIIRS,n,2,296.05,21.74,N,0
38.88609,23.17731,306.42,0.36,0.58,2021-08-07,2334,N,VIIRS,n,2,291.94,2.31,N,0
38.88587,23.18126,312.96,0.36,0.58,2021-08-07,2334,N,VIIRS,n,2,292.31,6.59,N,0
38.88456,23.20436,316.71,0.36,0.58,2021-08-07,2334,N,VIIRS,n,2,293.4,2.94,N,0
38.88433,23.20854,306.46,0.36,0.57,2021-08-07,2334,N,VIIRS,n,2,292,2.94,N,0
38.87955,23.19762,336.2,0.36,0.58,2021-08-07,2334,N,VIIRS,n,2,293.21,21.74,N,0
38.87935,23.20124,367,0.36,0.58,2021-08-07,2334,N,VIIRS,h,2,294.3,21.74,N,0
38.87998,23.18999,305.85,0.36,0.58,2021-08-07,2334,N,VIIRS,n,2,291.2,39.92,N,0
38.87976,23.19386,313.22,0.36,0.58,2021-08-07,2334,N,VIIRS,n,2,291.63,39.92,N,0
38.87914,23.20506,311.46,0.36,0.58,2021-08-07,2334,N,VIIRS,n,2,291.88,2.94,N,0
38.87865,23.21356,311.3,0.36,0.57,2021-08-07,2334,N,VIIRS,n,2,291.15,2.99,N,0
38.87368,23.20629,341.77,0.36,0.58,2021-08-07,2334,N,VIIRS,n,2,293.94,2.42,N,0
38.87346,23.21023,304.61,0.36,0.57,2021-08-07,2334,N,VIIRS,n,2,291.26,2.42,N,0
38.79168,23.37125,310.88,0.35,0.57,2021-08-07,2334,N,VIIRS,n,2,289.87,0.9,N,0
38.75622,23.43021,367,0.35,0.57,2021-08-07,2334,N,VIIRS,h,2,296.3,6.04,N,0
38.75645,23.42636,308.39,0.35,0.57,2021-08-07,2334,N,VIIRS,n,2,292.22,6.04,N,0
38.75092,23.42999,367,0.35,0.57,2021-08-07,2334,N,VIIRS,h,2,297.97,6.04,N,0
38.75114,23.42606,311.2,0.35,0.57,2021-08-07,2334,N,VIIRS,n,2,292.83,6.04,N,0
38.75069,23.43398,301.25,0.35,0.57,2021-08-07,2334,N,VIIRS,n,2,290.66,5.71,N,0
38.18222,23.7704,300.1,0.33,0.55,2021-08-07,2335,N,VIIRS,n,2,289.74,0.56,N,0
36.72855,22.40454,311.93,0.38,0.59,2021-08-07,2335,N,VIIRS,n,2,292.69,1.81,N,0
36.72882,22.39969,328.09,0.38,0.59,2021-08-07,2335,N,VIIRS,n,2,293.52,1.81,N,0
37.33557,22.00451,305.25,0.41,0.6,2021-08-07,2335,N,VIIRS,n,2,291.44,1.18,N,0
37.33983,22.02977,315.73,0.41,0.6,2021-08-07,2335,N,VIIRS,n,2,291.73,3.32,N,0
37.33955,22.03469,341.04,0.41,0.6,2021-08-07,2335,N,VIIRS,n,2,292.7,3.32,N,0
37.34518,22.03543,312.91,0.41,0.6,2021-08-07,2335,N,VIIRS,n,2,291.25,0.9,N,0
37.34598,22.02112,306.51,0.41,0.6,2021-08-07,2335,N,VIIRS,n,2,291.43,1.82,N,0
37.34623,22.0167,302.66,0.41,0.6,2021-08-07,2335,N,VIIRS,n,2,291.2,1.03,N,0
37.3508,22.03621,301.61,0.41,0.6,2021-08-07,2335,N,VIIRS,n,2,290.83,0.9,N,0
37.35108,22.03115,303.75,0.41,0.6,2021-08-07,2335,N,VIIRS,n,2,291.59,0.9,N,0
37.33724,22.02876,303.86,0.41,0.6,2021-08-07,2335,N,VIIRS,n,2,291.17,2.71,N,0
37.33846,22.00421,302.46,0.41,0.61,2021-08-07,2335,N,VIIRS,n,2,290.82,0.9,N,0
37.337,22.03369,328.01,0.41,0.6,2021-08-07,2335,N,VIIRS,n,2,291.29,2.71,N,0
37.34336,22.01984,305.06,0.41,0.6,2021-08-07,2335,N,VIIRS,n,2,291.7,2.2,N,0
37.34263,22.03434,334.21,0.41,0.6,2021-08-07,2335,N,VIIRS,n,2,292.56,2.71,N,0
37.34825,22.03512,305.56,0.41,0.6,2021-08-07,2335,N,VIIRS,n,2,290.96,1.01,N,0
37.34896,22.02122,301.72,0.41,0.6,2021-08-07,2335,N,VIIRS,n,2,291.17,1.25,N,0
37.35413,22.03091,302.63,0.41,0.6,2021-08-07,2335,N,VIIRS,n,2,291.13,1.01,N,0
37.67764,21.80809,307.33,0.42,0.61,2021-08-07,2335,N,VIIRS,n,2,292.64,1.19,N,0
37.67839,21.80836,307.5,0.42,0.61,2021-08-07,2335,N,VIIRS,n,2,292.57,1.1,N,0
37.68389,21.81354,313.36,0.42,0.61,2021-08-07,2335,N,VIIRS,n,2,292.59,2.71,N,0
37.68832,21.84077,306.65,0.42,0.61,2021-08-07,2335,N,VIIRS,n,2,293.37,2.17,N,0
37.6932,21.85824,309.97,0.42,0.61,2021-08-07,2335,N,VIIRS,n,2,291.72,2.71,N,0
37.69341,21.85397,319.96,0.42,0.61,2021-08-07,2335,N,VIIRS,n,2,292.97,3.06,N,0
37.69364,21.84934,315.07,0.42,0.61,2021-08-07,2335,N,VIIRS,n,2,292.68,3.06,N,0
37.69386,21.84494,312.62,0.42,0.61,2021-08-07,2335,N,VIIRS,n,2,293.11,1.74,N,0
37.69405,21.84093,312,0.42,0.61,2021-08-07,2335,N,VIIRS,n,2,294.01,1.74,N,0
37.69632,21.79429,320.77,0.42,0.61,2021-08-07,2335,N,VIIRS,n,2,293.3,4.03,N,0
37.69652,21.7902,322.17,0.42,0.61,2021-08-07,2335,N,VIIRS,n,2,293.02,3.52,N,0
37.69907,21.85548,319.37,0.42,0.61,2021-08-07,2335,N,VIIRS,n,2,295.11,3.06,N,0
37.69974,21.84203,307.74,0.42,0.61,2021-08-07,2335,N,VIIRS,n,2,293.23,1.74,N,0
37.69995,21.83773,306.75,0.42,0.61,2021-08-07,2335,N,VIIRS,n,2,293.63,3.59,N,0
37.69888,21.85945,327.6,0.42,0.61,2021-08-07,2335,N,VIIRS,n,2,294.42,2.71,N,0
37.70438,21.86418,312.06,0.42,0.61,2021-08-07,2335,N,VIIRS,n,2,292.06,1.38,N,0
37.70457,21.86034,310.2,0.42,0.61,2021-08-07,2335,N,VIIRS,n,2,293.24,1.38,N,0
37.70716,21.80775,318.92,0.42,0.61,2021-08-07,2335,N,VIIRS,n,2,292.81,2.6,N,0
37.70793,21.79219,307.68,0.42,0.61,2021-08-07,2335,N,VIIRS,n,2,292.86,2.02,N,0
37.71029,21.86051,308.09,0.42,0.61,2021-08-07,2335,N,VIIRS,n,2,293.16,1.38,N,0
37.71049,21.85649,304.43,0.42,0.61,2021-08-07,2335,N,VIIRS,n,2,292.97,2.7,N,0
37.71069,21.85258,323.85,0.42,0.61,2021-08-07,2335,N,VIIRS,n,2,293.42,2.7,N,0
37.71642,21.85259,307.83,0.42,0.61,2021-08-07,2335,N,VIIRS,n,2,291.95,4.77,N,0
37.71601,21.86081,356.29,0.42,0.61,2021-08-07,2335,N,VIIRS,n,2,292.78,5.35,N,0
37.72362,21.82359,308.23,0.42,0.61,2021-08-07,2335,N,VIIRS,n,2,292,1.26,N,0
37.7239,21.8179,308.57,0.42,0.61,2021-08-07,2335,N,VIIRS,n,2,292.13,1.26,N,0
37.72424,21.81108,308.23,0.42,0.61,2021-08-07,2335,N,VIIRS,n,2,292.05,1.57,N,0
38.13001,23.526,305.13,0.34,0.56,2021-08-07,2335,N,VIIRS,n,2,292.61,0.48,N,2
40.28272,23.44436,306.27,0.43,0.62,2021-08-08,0114,N,VIIRS,n,2,292.27,0.77,N,2
37.72655,21.82121,328.96,0.42,0.61,2021-08-08,0115,N,VIIRS,n,2,292.55,2.35,N,0
39.35383,22.9856,310.62,0.43,0.62,2021-08-08,0115,N,VIIRS,n,2,294.82,1.45,N,2
39.00974,23.31034,367,0.46,0.63,2021-08-08,0115,N,VIIRS,h,2,296.69,8.42,N,0
39.00828,23.31537,342.48,0.46,0.63,2021-08-08,0115,N,VIIRS,n,2,294.45,10.44,N,0
39.00671,23.32076,351.6,0.46,0.63,2021-08-08,0115,N,VIIRS,n,2,296.92,10.44,N,0
39.00503,23.32657,340.13,0.46,0.63,2021-08-08,0115,N,VIIRS,n,2,295.48,11.21,N,0
39.00345,23.33202,352.73,0.46,0.63,2021-08-08,0115,N,VIIRS,n,2,296.38,11.21,N,0
39.00198,23.33705,367,0.46,0.63,2021-08-08,0115,N,VIIRS,h,2,297.61,7.35,N,0
39.01115,23.3055,313.31,0.46,0.63,2021-08-08,0115,N,VIIRS,n,2,291.98,8.42,N,0
39.00049,23.3422,314.78,0.46,0.63,2021-08-08,0115,N,VIIRS,n,2,293.49,7.35,N,0
39.00702,23.29791,367,0.46,0.63,2021-08-08,0115,N,VIIRS,h,2,295.32,18.57,N,0
39.00563,23.3027,367,0.46,0.63,2021-08-08,0115,N,VIIRS,h,2,299.85,47.32,N,0
39.00426,23.30742,320.74,0.46,0.63,2021-08-08,0115,N,VIIRS,n,2,318.86,47.32,N,0
39.0029,23.31212,367,0.46,0.63,2021-08-08,0115,N,VIIRS,h,2,301.07,16.15,N,0
39.00149,23.31697,353.55,0.46,0.63,2021-08-08,0115,N,VIIRS,n,2,301.6,16.15,N,0
39.00002,23.322,354.79,0.46,0.63,2021-08-08,0115,N,VIIRS,n,2,302.1,10.85,N,0
38.99851,23.3272,367,0.46,0.63,2021-08-08,0115,N,VIIRS,h,2,303.94,10.85,N,0
38.99707,23.33215,367,0.46,0.63,2021-08-08,0115,N,VIIRS,h,2,303.91,9.88,N,0
38.99559,23.33726,353.85,0.46,0.63,2021-08-08,0115,N,VIIRS,n,2,302.27,9.88,N,0
38.99365,23.3439,356.55,0.46,0.63,2021-08-08,0115,N,VIIRS,n,2,301.43,7.1,N,0
38.99197,23.34965,325.84,0.46,0.63,2021-08-08,0115,N,VIIRS,n,2,296.62,7.1,N,0
38.99046,23.35485,321.11,0.46,0.64,2021-08-08,0115,N,VIIRS,n,2,294.08,5.53,N,0
39.00842,23.29312,304.56,0.46,0.63,2021-08-08,0115,N,VIIRS,n,2,292.46,18.57,N,0
39.00283,23.2906,367,0.46,0.63,2021-08-08,0115,N,VIIRS,h,2,296.93,18.57,N,0
39.00152,23.29508,367,0.46,0.63,2021-08-08,0115,N,VIIRS,h,2,300,18.57,N,0
39.00015,23.2998,355.42,0.46,0.63,2021-08-08,0115,N,VIIRS,n,2,298.36,47.32,N,0
38.99879,23.30448,351.43,0.46,0.63,2021-08-08,0115,N,VIIRS,n,2,300.34,47.32,N,0
38.99753,23.3088,343.22,0.46,0.63,2021-08-08,0115,N,VIIRS,n,2,299.51,16.15,N,0
38.99628,23.3131,342.65,0.46,0.63,2021-08-08,0115,N,VIIRS,n,2,301.15,16.15,N,0
38.99488,23.31789,340.04,0.46,0.63,2021-08-08,0115,N,VIIRS,n,2,301.33,10.85,N,0
38.99331,23.32329,337.23,0.46,0.63,2021-08-08,0115,N,VIIRS,n,2,300.26,10.85,N,0
38.99158,23.32923,330.6,0.46,0.63,2021-08-08,0115,N,VIIRS,n,2,298.83,9.88,N,0
38.98992,23.33493,329.77,0.46,0.63,2021-08-08,0115,N,VIIRS,n,2,298.59,9.88,N,0
38.98814,23.34104,333.82,0.46,0.63,2021-08-08,0115,N,VIIRS,n,2,298.02,7.1,N,0
38.9864,23.34703,325.16,0.46,0.63,2021-08-08,0115,N,VIIRS,n,2,297.03,7.1,N,0
38.98481,23.35249,355.45,0.46,0.64,2021-08-08,0115,N,VIIRS,n,2,298.83,5.53,N,0
38.98317,23.35808,331.62,0.46,0.64,2021-08-08,0115,N,VIIRS,n,2,294.43,5.53,N,0
39.00417,23.28597,308.63,0.46,0.63,2021-08-08,0115,N,VIIRS,n,2,291.91,7.64,N,0
38.99734,23.28771,367,0.46,0.63,2021-08-08,0115,N,VIIRS,h,2,298.48,17.95,N,0
38.99601,23.2923,355.99,0.46,0.63,2021-08-08,0115,N,VIIRS,n,2,297.92,17.95,N,0
38.99464,23.29699,333.46,0.46,0.63,2021-08-08,0115,N,VIIRS,n,2,296.39,34.21,N,0
38.99327,23.30169,332.78,0.46,0.63,2021-08-08,0115,N,VIIRS,n,2,296.88,34.21,N,0
38.99196,23.30618,335.23,0.46,0.63,2021-08-08,0115,N,VIIRS,n,2,298.66,8.87,N,0
38.99065,23.31067,329.08,0.46,0.63,2021-08-08,0115,N,VIIRS,n,2,297.92,8.87,N,0
38.98925,23.31547,328.58,0.46,0.63,2021-08-08,0115,N,VIIRS,n,2,298.34,4.44,N,0
38.98781,23.32043,328,0.46,0.63,2021-08-08,0115,N,VIIRS,n,2,297.97,4.44,N,0
38.98596,23.32677,326.1,0.46,0.63,2021-08-08,0115,N,VIIRS,n,2,298.75,3.38,N,0
38.98421,23.33275,323.48,0.46,0.63,2021-08-08,0115,N,VIIRS,n,2,298.05,3.38,N,0
38.98251,23.33861,320.19,0.46,0.63,2021-08-08,0115,N,VIIRS,n,2,297.44,2.81,N,0
38.97915,23.35013,325.38,0.46,0.64,2021-08-08,0115,N,VIIRS,n,2,296.71,5.91,N,0
38.97747,23.35587,333.54,0.46,0.64,2021-08-08,0115,N,VIIRS,n,2,295.74,5.91,N,0
38.97592,23.36117,339.11,0.46,0.64,2021-08-08,0115,N,VIIRS,n,2,296.21,6.73,N,0
38.97437,23.3665,348.42,0.46,0.64,2021-08-08,0115,N,VIIRS,n,2,298.19,6.73,N,0
38.97284,23.37171,321.79,0.46,0.64,2021-08-08,0115,N,VIIRS,n,2,293.84,3.69,N,3
38.99866,23.28315,313.96,0.46,0.63,2021-08-08,0115,N,VIIRS,n,2,292.39,15.23,N,0
38.98081,23.34441,318.43,0.46,0.63,2021-08-08,0115,N,VIIRS,n,2,296.92,2.81,N,0
38.99033,23.29007,367,0.46,0.63,2021-08-08,0115,N,VIIRS,h,2,297.01,17.95,N,0
38.98898,23.2947,367,0.46,0.63,2021-08-08,0115,N,VIIRS,h,2,306.63,34.21,N,0
38.98766,23.2992,347.05,0.46,0.63,2021-08-08,0115,N,VIIRS,n,2,308.92,34.21,N,0
38.98634,23.30372,352.54,0.46,0.63,2021-08-08,0115,N,VIIRS,n,2,299.06,8.87,N,0
38.98497,23.30845,332.77,0.46,0.63,2021-08-08,0115,N,VIIRS,n,2,297.4,8.87,N,0
38.98353,23.31335,328.52,0.46,0.63,2021-08-08,0115,N,VIIRS,n,2,295.94,4.44,N,0
38.98196,23.31877,321.73,0.46,0.63,2021-08-08,0115,N,VIIRS,n,2,296.08,4.44,N,0
38.98023,23.32467,320.12,0.46,0.63,2021-08-08,0115,N,VIIRS,n,2,296.72,3.38,N,0
38.97203,23.35276,353.59,0.46,0.64,2021-08-08,0115,N,VIIRS,n,2,300.2,5.91,N,0
38.9705,23.35796,330.25,0.46,0.64,2021-08-08,0115,N,VIIRS,n,2,294.08,6.73,N,0
38.96897,23.36322,330.09,0.46,0.64,2021-08-08,0115,N,VIIRS,n,2,295.15,6.73,N,0
38.96737,23.36869,337.25,0.46,0.64,2021-08-08,0115,N,VIIRS,n,2,294.74,3.69,N,0
38.9917,23.28536,316.63,0.46,0.63,2021-08-08,0115,N,VIIRS,n,2,292.73,17.95,N,0
38.97855,23.33043,317.94,0.46,0.63,2021-08-08,0115,N,VIIRS,n,2,296.61,3.38,N,0
38.97691,23.33602,313.49,0.46,0.63,2021-08-08,0115,N,VIIRS,n,2,295.94,2.81,N,0
38.97527,23.34166,312.12,0.46,0.63,2021-08-08,0115,N,VIIRS,n,2,295.73,2.81,N,0
38.97361,23.34735,318.89,0.46,0.64,2021-08-08,0115,N,VIIRS,n,2,295.94,5.91,N,0
38.96563,23.37461,308.04,0.46,0.64,2021-08-08,0115,N,VIIRS,n,2,293.19,3.69,N,0
39.00824,23.321,339.23,0.46,0.63,2021-08-08,0115,N,VIIRS,n,2,294.62,5.74,N,0
39.00658,23.3269,326.9,0.46,0.63,2021-08-08,0115,N,VIIRS,n,2,293.95,5.74,N,0
39.00498,23.33249,326.43,0.46,0.63,2021-08-08,0115,N,VIIRS,n,2,293.19,5.55,N,0
39.00349,23.33775,343.74,0.46,0.63,2021-08-08,0115,N,VIIRS,n,2,294.29,5.55,N,0
39.01121,23.31056,310.51,0.46,0.63,2021-08-08,0115,N,VIIRS,n,2,291.65,3.68,N,0
39.00978,23.3156,317.12,0.46,0.63,2021-08-08,0115,N,VIIRS,n,2,292.61,3.68,N,0
39.00708,23.30285,356.86,0.46,0.63,2021-08-08,0115,N,VIIRS,n,2,294.97,38.58,N,0
39.00573,23.30764,336,0.46,0.63,2021-08-08,0115,N,VIIRS,n,2,321.57,43.1,N,0
39.00435,23.31248,367,0.46,0.63,2021-08-08,0115,N,VIIRS,h,2,301.86,43.1,N,0
39.00292,23.3175,356.01,0.46,0.63,2021-08-08,0115,N,VIIRS,n,2,300.4,13.58,N,0
39.00146,23.32265,354.45,0.46,0.63,2021-08-08,0115,N,VIIRS,n,2,300.61,13.58,N,0
38.99996,23.32794,367,0.46,0.63,2021-08-08,0115,N,VIIRS,h,2,303.15,13.64,N,0
38.99855,23.33289,367,0.46,0.63,2021-08-08,0115,N,VIIRS,h,2,304.14,13.64,N,0
38.9971,23.33797,353.27,0.46,0.63,2021-08-08,0115,N,VIIRS,n,2,301.52,9.33,N,0
38.99534,23.34418,342.61,0.46,0.63,2021-08-08,0115,N,VIIRS,n,2,298.61,9.33,N,0
39.00845,23.29805,309.3,0.46,0.63,2021-08-08,0115,N,VIIRS,n,2,292.25,38.58,N,0
38.99372,23.34986,311.04,0.46,0.64,2021-08-08,0115,N,VIIRS,n,2,294.78,7.33,N,0
39.00422,23.29074,346.37,0.46,0.63,2021-08-08,0115,N,VIIRS,n,2,294.17,25.66,N,0
39.00294,23.29524,367,0.46,0.63,2021-08-08,0115,N,VIIRS,h,2,301.84,38.58,N,0
39.00159,23.29996,367,0.46,0.63,2021-08-08,0115,N,VIIRS,h,2,300.03,38.58,N,0
39.00026,23.30467,367,0.46,0.63,2021-08-08,0115,N,VIIRS,h,2,302.25,43.1,N,0
38.99899,23.30909,347.29,0.46,0.63,2021-08-08,0115,N,VIIRS,n,2,299.85,43.1,N,0
38.99775,23.31348,349.69,0.46,0.63,2021-08-08,0115,N,VIIRS,n,2,302.15,13.58,N,0
38.99641,23.31817,347.85,0.46,0.63,2021-08-08,0115,N,VIIRS,n,2,302.66,13.58,N,0
38.99492,23.32341,342.58,0.46,0.63,2021-08-08,0115,N,VIIRS,n,2,301.07,13.64,N,0
38.99326,23.32924,336.28,0.46,0.63,2021-08-08,0115,N,VIIRS,n,2,299.75,13.64,N,0
38.99165,23.33489,333.22,0.46,0.63,2021-08-08,0115,N,VIIRS,n,2,298.79,9.33,N,0
38.98989,23.34107,350.61,0.46,0.63,2021-08-08,0115,N,VIIRS,n,2,300.35,9.33,N,0
38.98816,23.34715,334.81,0.46,0.64,2021-08-08,0115,N,VIIRS,n,2,298.06,7.33,N,0
38.98663,23.35254,356.11,0.46,0.64,2021-08-08,0115,N,VIIRS,n,2,299.3,7.33,N,0
38.98505,23.35808,326.43,0.46,0.64,2021-08-08,0115,N,VIIRS,n,2,294.3,7.23,N,0
38.99874,23.28783,367,0.46,0.63,2021-08-08,0115,N,VIIRS,h,2,298.68,13.8,N,0
38.99745,23.29236,367,0.46,0.63,2021-08-08,0115,N,VIIRS,h,2,298.25,30.23,N,0
38.99612,23.29702,331.51,0.46,0.63,2021-08-08,0115,N,VIIRS,n,2,296.14,30.23,N,0
38.99475,23.30182,331.33,0.46,0.63,2021-08-08,0115,N,VIIRS,n,2,296.63,17.11,N,0
38.99347,23.3063,337.29,0.46,0.63,2021-08-08,0115,N,VIIRS,n,2,298.05,17.11,N,0
38.99221,23.31072,330.24,0.46,0.63,2021-08-08,0115,N,VIIRS,n,2,298.2,5.56,N,0
38.99085,23.31551,329.16,0.46,0.63,2021-08-08,0115,N,VIIRS,n,2,298.63,5.56,N,0
38.98942,23.32052,329.99,0.46,0.63,2021-08-08,0115,N,VIIRS,n,2,297.91,4.43,N,0
38.98766,23.32668,327.32,0.46,0.63,2021-08-08,0115,N,VIIRS,n,2,298.44,4.43,N,0
38.98596,23.33267,325.26,0.46,0.63,2021-08-08,0115,N,VIIRS,n,2,298.15,3.54,N,0
38.98429,23.33853,322.11,0.46,0.63,2021-08-08,0115,N,VIIRS,n,2,297.85,3.54,N,0
38.98097,23.35018,325.95,0.46,0.64,2021-08-08,0115,N,VIIRS,n,2,297.17,4.46,N,0
38.97934,23.35591,339.03,0.46,0.64,2021-08-08,0115,N,VIIRS,n,2,295.29,7.09,N,0
38.97777,23.36139,335.4,0.46,0.64,2021-08-08,0115,N,VIIRS,n,2,295.05,7.09,N,0
38.97623,23.36679,339.1,0.46,0.64,2021-08-08,0115,N,VIIRS,n,2,296.73,5.32,N,0
39.00005,23.28324,309.7,0.46,0.63,2021-08-08,0115,N,VIIRS,n,2,291.95,13.8,N,0
38.98259,23.34449,317.41,0.46,0.64,2021-08-08,0115,N,VIIRS,n,2,296.98,4.46,N,0
38.97469,23.37218,309.66,0.46,0.64,2021-08-08,0115,N,VIIRS,n,2,293.6,5.32,N,3
38.99181,23.28999,367,0.46,0.63,2021-08-08,0115,N,VIIRS,h,2,297.19,30.23,N,0
38.99047,23.29467,367,0.46,0.63,2021-08-08,0115,N,VIIRS,h,2,303.94,30.23,N,0
38.98918,23.2992,350.37,0.46,0.63,2021-08-08,0115,N,VIIRS,n,2,306.95,17.11,N,0
38.9879,23.30367,352.17,0.46,0.63,2021-08-08,0115,N,VIIRS,n,2,299.9,17.11,N,0
38.98657,23.30834,333.73,0.46,0.63,2021-08-08,0115,N,VIIRS,n,2,297.8,5.56,N,0
38.98516,23.31328,327.02,0.46,0.63,2021-08-08,0115,N,VIIRS,n,2,296.58,5.56,N,0
38.98365,23.31857,322.47,0.46,0.63,2021-08-08,0115,N,VIIRS,n,2,296.25,4.43,N,0
38.98197,23.32448,322.01,0.46,0.63,2021-08-08,0115,N,VIIRS,n,2,297.1,4.43,N,0
38.98027,23.33042,321,0.46,0.63,2021-08-08,0115,N,VIIRS,n,2,296.96,3.54,N,0
38.97383,23.35301,349.27,0.46,0.64,2021-08-08,0115,N,VIIRS,n,2,299.33,7.09,N,0
38.97232,23.35829,336.37,0.46,0.64,2021-08-08,0115,N,VIIRS,n,2,295.34,7.09,N,0
38.97082,23.36352,336.58,0.46,0.64,2021-08-08,0115,N,VIIRS,n,2,295.82,5.32,N,0
38.96926,23.36899,350.4,0.46,0.64,2021-08-08,0115,N,VIIRS,n,2,296.15,5.32,N,0
38.99315,23.28527,318.69,0.46,0.63,2021-08-08,0115,N,VIIRS,n,2,292.54,13.8,N,0
38.97864,23.33615,315.06,0.46,0.63,2021-08-08,0115,N,VIIRS,n,2,295.82,3.54,N,0
38.97703,23.3418,315.19,0.46,0.64,2021-08-08,0115,N,VIIRS,n,2,296.06,4.46,N,0
38.97541,23.34747,319.78,0.46,0.64,2021-08-08,0115,N,VIIRS,n,2,296.39,4.46,N,0
38.96757,23.37491,303.79,0.46,0.64,2021-08-08,0115,N,VIIRS,n,2,292.7,2.08,N,0
38.96613,23.37995,305.08,0.46,0.64,2021-08-08,0115,N,VIIRS,n,2,293.51,2.08,N,3
38.98748,23.28303,340.06,0.46,0.63,2021-08-08,0115,N,VIIRS,n,2,293.32,15.89,N,0
38.98613,23.28776,347.1,0.46,0.63,2021-08-08,0115,N,VIIRS,n,2,294.25,32.53,N,0
38.98477,23.29253,367,0.46,0.63,2021-08-08,0115,N,VIIRS,h,2,298.58,32.53,N,0
38.98341,23.29729,343.56,0.46,0.63,2021-08-08,0115,N,VIIRS,n,2,308.43,28.19,N,0
38.98209,23.30193,353.09,0.46,0.63,2021-08-08,0115,N,VIIRS,n,2,298.15,28.19,N,0
38.98077,23.30654,340.06,0.46,0.63,2021-08-08,0115,N,VIIRS,n,2,299.12,5.45,N,0
38.97945,23.31113,327.84,0.46,0.63,2021-08-08,0115,N,VIIRS,n,2,296.05,5.45,N,0
38.97799,23.31625,330.65,0.46,0.63,2021-08-08,0115,N,VIIRS,n,2,295.5,3.19,N,0
38.96841,23.34979,325.87,0.46,0.64,2021-08-08,0115,N,VIIRS,n,2,296.83,4.99,N,0
38.96692,23.355,327.6,0.46,0.64,2021-08-08,0115,N,VIIRS,n,2,294.22,4.99,N,0
38.97643,23.32172,315.56,0.46,0.63,2021-08-08,0115,N,VIIRS,n,2,295.31,3.19,N,0
38.97487,23.32718,314.17,0.46,0.63,2021-08-08,0115,N,VIIRS,n,2,295.6,2.37,N,0
38.97326,23.3328,309.38,0.46,0.63,2021-08-08,0115,N,VIIRS,n,2,295.26,2.37,N,0
38.96994,23.34441,311.44,0.46,0.64,2021-08-08,0115,N,VIIRS,n,2,294.91,6.92,N,0
38.9654,23.36032,304.25,0.46,0.64,2021-08-08,0115,N,VIIRS,n,2,292.64,2.1,N,0
38.96381,23.36586,306.67,0.46,0.64,2021-08-08,0115,N,VIIRS,n,2,294.17,2.1,N,0
38.98225,23.27925,367,0.46,0.63,2021-08-08,0115,N,VIIRS,h,2,297.82,15.89,N,0
38.98073,23.28455,356.16,0.46,0.63,2021-08-08,0115,N,VIIRS,n,2,298.48,32.53,N,0
38.9792,23.28992,367,0.46,0.63,2021-08-08,0115,N,VIIRS,h,2,298.91,32.53,N,0
38.97774,23.29504,344.22,0.46,0.63,2021-08-08,0115,N,VIIRS,n,2,296.72,28.19,N,0
38.97636,23.29984,327.47,0.46,0.63,2021-08-08,0115,N,VIIRS,n,2,295.85,28.19,N,0
38.97504,23.30445,326.58,0.46,0.63,2021-08-08,0115,N,VIIRS,n,2,296.76,5.45,N,0
38.97377,23.3089,320.35,0.46,0.63,2021-08-08,0115,N,VIIRS,n,2,295.9,5.45,N,0
38.97245,23.31349,321.1,0.46,0.63,2021-08-08,0115,N,VIIRS,n,2,296.39,3.19,N,0
38.98373,23.27405,317.55,0.46,0.63,2021-08-08,0115,N,VIIRS,n,2,292.3,15.89,N,0
38.97107,23.31833,315.69,0.46,0.63,2021-08-08,0115,N,VIIRS,n,2,296.22,3.19,N,0
38.96964,23.32332,307.19,0.46,0.63,2021-08-08,0115,N,VIIRS,n,2,294.97,2.37,N,0
38.97853,23.27017,367,0.46,0.63,2021-08-08,0115,N,VIIRS,h,2,296.78,51.95,N,0
38.97709,23.27521,341.39,0.46,0.63,2021-08-08,0115,N,VIIRS,n,2,305.73,51.95,N,0
38.97564,23.28027,342.08,0.46,0.63,2021-08-08,0115,N,VIIRS,n,2,296.78,8.53,N,0
38.97408,23.28574,340.02,0.46,0.63,2021-08-08,0115,N,VIIRS,n,2,297.87,8.53,N,0
38.97249,23.29127,333.02,0.46,0.63,2021-08-08,0115,N,VIIRS,n,2,296.73,4.25,N,0
38.97094,23.2967,325.89,0.46,0.63,2021-08-08,0115,N,VIIRS,n,2,296.84,4.25,N,0
38.96951,23.3017,321.24,0.46,0.63,2021-08-08,0115,N,VIIRS,n,2,295.73,3.04,N,0
38.9567,23.34639,340.48,0.46,0.64,2021-08-08,0115,N,VIIRS,n,2,297.87,5.52,N,0
38.97996,23.26517,306.02,0.46,0.63,2021-08-08,0115,N,VIIRS,n,2,292.25,25.69,N,0
38.96815,23.30644,317.58,0.46,0.63,2021-08-08,0115,N,VIIRS,n,2,295.44,3.04,N,0
38.96688,23.31085,319.78,0.46,0.63,2021-08-08,0115,N,VIIRS,n,2,296.78,2.39,N,0
38.96563,23.31522,314.91,0.46,0.63,2021-08-08,0115,N,VIIRS,n,2,295.94,2.39,N,0
38.96443,23.31943,311.01,0.46,0.63,2021-08-08,0115,N,VIIRS,n,2,295.68,2.09,N,0
38.95963,23.33619,305.32,0.46,0.64,2021-08-08,0115,N,VIIRS,n,2,293.98,4.52,N,0
38.9554,23.35092,319.04,0.46,0.64,2021-08-08,0115,N,VIIRS,n,2,295.27,2.86,N,0
38.97441,23.26249,367,0.46,0.63,2021-08-08,0115,N,VIIRS,h,2,298.84,25.69,N,0
38.97308,23.26716,340.61,0.46,0.63,2021-08-08,0115,N,VIIRS,n,2,309.03,51.95,N,0
38.97176,23.27175,344.8,0.46,0.63,2021-08-08,0115,N,VIIRS,n,2,303.43,51.95,N,0
38.97041,23.27649,330.89,0.46,0.63,2021-08-08,0115,N,VIIRS,n,2,293.83,8.53,N,0
38.96893,23.28164,323.04,0.46,0.63,2021-08-08,0115,N,VIIRS,n,2,293.57,8.53,N,0
38.96742,23.28693,321.69,0.46,0.63,2021-08-08,0115,N,VIIRS,n,2,292.87,4.25,N,0
38.96592,23.29215,320.71,0.46,0.63,2021-08-08,0115,N,VIIRS,n,2,293.52,4.25,N,0
38.97573,23.2579,305.41,0.46,0.63,2021-08-08,0115,N,VIIRS,n,2,291.71,25.69,N,0
38.9644,23.29745,318.46,0.46,0.63,2021-08-08,0115,N,VIIRS,n,2,294.64,3.04,N,0
38.96283,23.30291,317.38,0.46,0.63,2021-08-08,0115,N,VIIRS,n,2,294.86,3.04,N,0
38.96143,23.30783,313.36,0.46,0.63,2021-08-08,0115,N,VIIRS,n,2,294.36,2.39,N,0
38.96009,23.31246,307.52,0.46,0.63,2021-08-08,0115,N,VIIRS,n,2,293.76,2.39,N,0
38.95895,23.31647,307.12,0.46,0.63,2021-08-08,0115,N,VIIRS,n,2,294.12,2.09,N,0
38.95773,23.32071,306.91,0.46,0.63,2021-08-08,0115,N,VIIRS,n,2,294.14,2.09,N,0
38.95155,23.34226,315.57,0.46,0.64,2021-08-08,0115,N,VIIRS,n,2,292.99,5.52,N,0
38.9503,23.34659,303.36,0.46,0.64,2021-08-08,0115,N,VIIRS,n,2,291.76,2.86,N,0
38.96884,23.25993,367,0.46,0.63,2021-08-08,0115,N,VIIRS,h,2,300.19,23.21,N,0
38.96742,23.26488,367,0.46,0.63,2021-08-08,0115,N,VIIRS,h,2,296.16,13.38,N,0
38.96605,23.26968,331.65,0.46,0.63,2021-08-08,0115,N,VIIRS,n,2,295.52,13.38,N,0
38.97034,23.25468,305.49,0.46,0.63,2021-08-08,0115,N,VIIRS,n,2,291.92,23.21,N,0
38.96468,23.27444,319.46,0.46,0.63,2021-08-08,0115,N,VIIRS,n,2,294.82,2.83,N,0
38.96334,23.27909,313.74,0.46,0.63,2021-08-08,0115,N,VIIRS,n,2,293.04,2.83,N,0
38.96202,23.28369,312.35,0.46,0.63,2021-08-08,0115,N,VIIRS,n,2,291.66,1.73,N,0
38.96062,23.28856,310.05,0.46,0.63,2021-08-08,0115,N,VIIRS,n,2,290.36,1.73,N,0
38.95911,23.29383,311.93,0.46,0.63,2021-08-08,0115,N,VIIRS,n,2,291.61,2.84,N,0
38.95763,23.299,308.79,0.46,0.63,2021-08-08,0115,N,VIIRS,n,2,293.04,2.84,N,0
38.95619,23.30402,307.99,0.46,0.63,2021-08-08,0115,N,VIIRS,n,2,293.73,2.26,N,0
38.96331,23.25722,367,0.46,0.63,2021-08-08,0115,N,VIIRS,h,2,296.82,23.21,N,0
38.96181,23.26241,352.92,0.46,0.63,2021-08-08,0115,N,VIIRS,n,2,298.24,13.38,N,0
38.96045,23.26717,325.2,0.46,0.63,2021-08-08,0115,N,VIIRS,n,2,295.19,13.38,N,0
38.95914,23.27169,319.35,0.46,0.63,2021-08-08,0115,N,VIIRS,n,2,294.5,2.83,N,0
38.95784,23.27626,311.38,0.46,0.63,2021-08-08,0115,N,VIIRS,n,2,292.64,2.83,N,0
38.95642,23.28118,310.26,0.46,0.63,2021-08-08,0115,N,VIIRS,n,2,292.71,1.73,N,0
38.95489,23.28651,306.05,0.46,0.63,2021-08-08,0115,N,VIIRS,n,2,292.31,1.73,N,0
38.95077,23.30084,308.56,0.46,0.63,2021-08-08,0115,N,VIIRS,n,2,291.61,2.26,N,0
38.9577,23.25478,367,0.46,0.63,2021-08-08,0115,N,VIIRS,h,2,296.99,6.32,N,0
38.95632,23.25956,339.81,0.46,0.63,2021-08-08,0115,N,VIIRS,n,2,295.27,3.75,N,0
38.95916,23.24967,304.6,0.46,0.63,2021-08-08,0115,N,VIIRS,n,2,292.54,6.32,N,0
38.95503,23.26404,319.29,0.46,0.63,2021-08-08,0115,N,VIIRS,n,2,294.52,3.75,N,0
38.9538,23.26833,314.55,0.46,0.63,2021-08-08,0115,N,VIIRS,n,2,293.74,2.06,N,0
38.95253,23.27274,310.75,0.46,0.63,2021-08-08,0115,N,VIIRS,n,2,292.77,2.06,N,0
38.95119,23.2774,309.74,0.46,0.63,2021-08-08,0115,N,VIIRS,n,2,293.01,4.51,N,0
38.95486,23.24267,341.3,0.46,0.63,2021-08-08,0115,N,VIIRS,n,2,294.12,7.28,N,0
38.95346,23.24755,322.06,0.46,0.63,2021-08-08,0115,N,VIIRS,n,2,293.61,6.32,N,0
38.95211,23.25222,327.54,0.46,0.63,2021-08-08,0115,N,VIIRS,n,2,294.83,6.32,N,0
38.95083,23.25669,307.38,0.46,0.63,2021-08-08,0115,N,VIIRS,n,2,292.89,3.75,N,0
38.94958,23.26104,306.17,0.46,0.63,2021-08-08,0115,N,VIIRS,n,2,292.72,3.75,N,0
38.94838,23.26521,309.57,0.46,0.63,2021-08-08,0115,N,VIIRS,n,2,293.9,2.06,N,0
38.94719,23.26933,318.83,0.46,0.63,2021-08-08,0115,N,VIIRS,n,2,294.41,2.06,N,0
38.94941,23.23969,326.45,0.46,0.63,2021-08-08,0115,N,VIIRS,n,2,295.09,1.94,N,0
38.95222,23.22993,310.96,0.45,0.63,2021-08-08,0115,N,VIIRS,n,2,292.12,2.6,N,0
38.95079,23.23489,305.13,0.45,0.63,2021-08-08,0115,N,VIIRS,n,2,292.47,1.94,N,0
38.94807,23.24434,311.36,0.46,0.63,2021-08-08,0115,N,VIIRS,n,2,294.34,2.82,N,0
38.94674,23.24895,308.1,0.46,0.63,2021-08-08,0115,N,VIIRS,n,2,293.79,2.82,N,0
38.94541,23.25358,307.42,0.46,0.63,2021-08-08,0115,N,VIIRS,n,2,293.43,3.79,N,0
38.94666,23.22731,323.7,0.45,0.63,2021-08-08,0115,N,VIIRS,n,2,293.34,2.6,N,0
38.94535,23.23188,314.39,0.45,0.63,2021-08-08,0115,N,VIIRS,n,2,293.83,1.94,N,0
38.94403,23.23645,308.11,0.46,0.63,2021-08-08,0115,N,VIIRS,n,2,293.72,1.94,N,0
38.94254,23.21974,311.59,0.45,0.63,2021-08-08,0115,N,VIIRS,n,2,292.22,6.2,N,0
38.94124,23.22426,319.15,0.45,0.63,2021-08-08,0115,N,VIIRS,n,2,293.79,6.2,N,0
38.93998,23.22862,309.8,0.45,0.63,2021-08-08,0115,N,VIIRS,n,2,293.92,1.87,N,0
38.93872,23.23298,311.91,0.46,0.63,2021-08-08,0115,N,VIIRS,n,2,293.83,1.87,N,0
38.93745,23.23737,312.15,0.46,0.63,2021-08-08,0115,N,VIIRS,n,2,293.57,1.52,N,0
38.93606,23.2422,310.83,0.46,0.63,2021-08-08,0115,N,VIIRS,n,2,293.09,1.52,N,0
38.93466,23.24703,308.6,0.46,0.63,2021-08-08,0115,N,VIIRS,n,2,293.48,1.61,N,0
38.93699,23.21712,367,0.45,0.63,2021-08-08,0115,N,VIIRS,h,2,296.38,6.2,N,0
38.93579,23.22128,354.07,0.45,0.63,2021-08-08,0115,N,VIIRS,n,2,297,6.2,N,0
38.93457,23.2255,312.53,0.45,0.63,2021-08-08,0115,N,VIIRS,n,2,293.74,1.87,N,0
38.93337,23.22965,307.39,0.46,0.63,2021-08-08,0115,N,VIIRS,n,2,292.97,1.87,N,0
38.93215,23.23387,304.98,0.46,0.63,2021-08-08,0115,N,VIIRS,n,2,292.87,1.52,N,0
38.93088,23.23827,307.49,0.46,0.63,2021-08-08,0115,N,VIIRS,n,2,292.83,1.52,N,0
38.92953,23.24291,308.74,0.46,0.63,2021-08-08,0115,N,VIIRS,n,2,293.28,1.61,N,0
38.92813,23.24778,307,0.46,0.63,2021-08-08,0115,N,VIIRS,n,2,292.27,1.61,N,0
38.93132,23.21491,330.37,0.45,0.63,2021-08-08,0115,N,VIIRS,n,2,294.55,3.12,N,0
38.93012,23.21906,326.37,0.45,0.63,2021-08-08,0115,N,VIIRS,n,2,294.76,3.12,N,0
38.92896,23.22307,312.37,0.45,0.63,2021-08-08,0115,N,VIIRS,n,2,294.11,1.99,N,0
38.92782,23.227,309.07,0.46,0.63,2021-08-08,0115,N,VIIRS,n,2,293.5,1.99,N,0
38.92656,23.23137,306.54,0.46,0.63,2021-08-08,0115,N,VIIRS,n,2,293.14,3.7,N,0
38.92379,23.24092,306.47,0.46,0.63,2021-08-08,0115,N,VIIRS,n,2,292.99,2.62,N,0
38.92583,23.2121,331.83,0.45,0.63,2021-08-08,0115,N,VIIRS,n,2,294.48,3.12,N,0
38.92708,23.20776,304.48,0.45,0.63,2021-08-08,0115,N,VIIRS,n,2,291.79,5.26,N,0
38.92458,23.21638,307.37,0.45,0.63,2021-08-08,0115,N,VIIRS,n,2,293.49,3.12,N,0
38.92332,23.22075,306.5,0.45,0.63,2021-08-08,0115,N,VIIRS,n,2,293.39,1.99,N,0
38.92295,23.20024,324.57,0.45,0.63,2021-08-08,0115,N,VIIRS,n,2,292.95,4.04,N,0
38.92037,23.20915,305.36,0.45,0.63,2021-08-08,0115,N,VIIRS,n,2,292.86,3.58,N,0
38.91073,23.19885,322.61,0.45,0.63,2021-08-08,0115,N,VIIRS,n,2,293.23,5.24,N,0
38.90542,23.19542,350.37,0.45,0.63,2021-08-08,0115,N,VIIRS,n,2,294.53,5.24,N,0
38.90396,23.20044,311.35,0.45,0.63,2021-08-08,0115,N,VIIRS,n,2,292.97,5.64,N,0
38.89973,23.21498,305.64,0.46,0.63,2021-08-08,0115,N,VIIRS,n,2,292.29,2.75,N,0
38.93177,23.21447,327.27,0.45,0.63,2021-08-08,0115,N,VIIRS,n,2,294.05,5.54,N,0
38.93059,23.21864,331.17,0.45,0.63,2021-08-08,0115,N,VIIRS,n,2,295.18,2.66,N,0
38.92944,23.22269,312.37,0.46,0.63,2021-08-08,0115,N,VIIRS,n,2,294.3,2.66,N,0
38.92834,23.2266,309.89,0.46,0.63,2021-08-08,0115,N,VIIRS,n,2,293.42,1.68,N,0
38.92712,23.23089,306.55,0.46,0.63,2021-08-08,0115,N,VIIRS,n,2,293.14,1.68,N,0
38.92442,23.24042,307.13,0.46,0.63,2021-08-08,0115,N,VIIRS,n,2,292.99,3.71,N,0
38.92627,23.21168,335.82,0.45,0.63,2021-08-08,0115,N,VIIRS,n,2,294.25,5.54,N,0
38.92505,23.21597,310.3,0.45,0.63,2021-08-08,0115,N,VIIRS,n,2,293.72,2.66,N,0
38.92382,23.22031,305.61,0.46,0.63,2021-08-08,0115,N,VIIRS,n,2,293.44,2.66,N,0
38.92258,23.22467,304.99,0.46,0.63,2021-08-08,0115,N,VIIRS,n,2,293.15,1.68,N,0
38.92337,23.19971,322.43,0.45,0.63,2021-08-08,0115,N,VIIRS,n,2,291.92,2.9,N,0
38.92206,23.2043,305,0.45,0.63,2021-08-08,0115,N,VIIRS,n,2,292.77,1.33,N,0
38.92082,23.20867,303.93,0.45,0.63,2021-08-08,0115,N,VIIRS,n,2,292.34,1.33,N,0
38.91955,23.21317,304.96,0.45,0.63,2021-08-08,0115,N,VIIRS,n,2,293.03,3.27,N,0
38.91521,23.20627,304.31,0.45,0.63,2021-08-08,0115,N,VIIRS,n,2,292.14,1.33,N,0
38.91119,23.19823,323.85,0.45,0.63,2021-08-08,0115,N,VIIRS,n,2,293.05,3.87,N,0
38.90588,23.19475,336.03,0.45,0.63,2021-08-08,0115,N,VIIRS,n,2,293,3.87,N,0
38.90444,23.19985,325.62,0.45,0.63,2021-08-08,0115,N,VIIRS,n,2,293.65,3.87,N,0
38.90027,23.21451,306.58,0.46,0.63,2021-08-08,0115,N,VIIRS,n,2,292.17,1.36,N,0
38.89905,23.21878,303.92,0.46,0.63,2021-08-08,0115,N,VIIRS,n,2,292.1,1.36,N,0
38.90064,23.19106,329.7,0.45,0.63,2021-08-08,0115,N,VIIRS,n,2,292.64,9.45,N,0
38.89916,23.19627,328.71,0.45,0.63,2021-08-08,0115,N,VIIRS,n,2,294.18,9.45,N,0
38.89774,23.20124,305.12,0.45,0.63,2021-08-08,0115,N,VIIRS,n,2,292.64,2.45,N,0
38.89632,23.20622,303.41,0.46,0.63,2021-08-08,0115,N,VIIRS,n,2,291.77,2.45,N,0
38.89493,23.2111,304.93,0.46,0.63,2021-08-08,0115,N,VIIRS,n,2,292.38,1.46,N,0
38.89366,23.21556,307.35,0.46,0.63,2021-08-08,0115,N,VIIRS,n,2,292.84,1.46,N,0
38.89538,23.1874,367,0.45,0.63,2021-08-08,0115,N,VIIRS,h,2,294.91,9.45,N,0
38.89396,23.1924,367,0.45,0.63,2021-08-08,0115,N,VIIRS,h,2,297.38,9.45,N,0
38.89251,23.19746,322.25,0.45,0.63,2021-08-08,0115,N,VIIRS,n,2,294.49,2.45,N,0
38.89102,23.20271,309.6,0.46,0.63,2021-08-08,0115,N,VIIRS,n,2,292.36,2.45,N,0
38.88955,23.20786,305.58,0.46,0.63,2021-08-08,0115,N,VIIRS,n,2,292.01,1.46,N,0
38.88893,23.18794,322.15,0.45,0.63,2021-08-08,0115,N,VIIRS,n,2,292.63,6.64,N,0
38.88747,23.19305,338.78,0.45,0.63,2021-08-08,0115,N,VIIRS,n,2,295.71,7.77,N,0
38.88593,23.19845,328.95,0.46,0.63,2021-08-08,0115,N,VIIRS,n,2,294.35,7.77,N,0
38.88431,23.20413,305.42,0.46,0.63,2021-08-08,0115,N,VIIRS,n,2,291.8,3.94,N,0
38.88101,23.19361,348.31,0.46,0.63,2021-08-08,0115,N,VIIRS,n,2,293,7.77,N,0
38.87942,23.19916,347.95,0.46,0.63,2021-08-08,0115,N,VIIRS,n,2,293.12,3.94,N,0
38.87785,23.20465,303.14,0.46,0.63,2021-08-08,0115,N,VIIRS,n,2,290.76,3.94,N,0
38.87643,23.20964,303.03,0.46,0.63,2021-08-08,0115,N,VIIRS,n,2,290.79,2.46,N,0
38.85304,23.20317,311.59,0.46,0.63,2021-08-08,0115,N,VIIRS,n,2,292.12,1.98,N,0
38.85168,23.20788,311.96,0.46,0.63,2021-08-08,0115,N,VIIRS,n,2,292.54,1.66,N,0
38.84651,23.20393,313.8,0.46,0.63,2021-08-08,0115,N,VIIRS,n,2,293.49,2.99,N,0
38.75539,23.43058,323.63,0.47,0.64,2021-08-08,0115,N,VIIRS,n,2,291.9,2.64,N,0
38.7499,23.42744,322.9,0.47,0.64,2021-08-08,0115,N,VIIRS,n,2,292.61,2.64,N,0
38.74445,23.42418,320.18,0.47,0.64,2021-08-08,0115,N,VIIRS,n,2,293.83,2.17,N,0
38.74286,23.42959,313.83,0.47,0.64,2021-08-08,0115,N,VIIRS,n,2,292.88,2.17,N,0
38.73666,23.40698,338.04,0.47,0.64,2021-08-08,0115,N,VIIRS,n,2,294.75,19.67,N,0
38.73512,23.41226,367,0.47,0.64,2021-08-08,0115,N,VIIRS,h,2,305.75,19.67,N,0
38.73358,23.4175,327.6,0.47,0.64,2021-08-08,0115,N,VIIRS,n,2,294.05,15.39,N,0
38.72996,23.40801,367,0.47,0.64,2021-08-08,0115,N,VIIRS,h,2,296.18,19.67,N,0
38.72848,23.41304,367,0.47,0.64,2021-08-08,0115,N,VIIRS,h,2,295.49,15.39,N,0
38.73143,23.40298,316.86,0.47,0.64,2021-08-08,0115,N,VIIRS,n,2,292.14,19.67,N,0
38.75777,23.43156,301.04,0.47,0.64,2021-08-08,0115,N,VIIRS,n,2,289.94,2.76,N,0
38.75228,23.42842,333.97,0.47,0.64,2021-08-08,0115,N,VIIRS,n,2,293.96,2.76,N,0
38.75073,23.43384,303.24,0.47,0.64,2021-08-08,0115,N,VIIRS,n,2,290.16,1.92,N,0
38.7468,23.42521,317.55,0.47,0.64,2021-08-08,0115,N,VIIRS,n,2,293.08,3.75,N,0
38.74522,23.43072,312.33,0.47,0.64,2021-08-08,0115,N,VIIRS,n,2,292.22,1.74,N,0
38.73364,23.40415,336.2,0.47,0.64,2021-08-08,0115,N,VIIRS,n,2,293.55,32.82,N,0
38.73215,23.40937,367,0.47,0.64,2021-08-08,0115,N,VIIRS,h,2,309.47,38.88,N,0
38.73062,23.4147,352.34,0.47,0.64,2021-08-08,0115,N,VIIRS,n,2,297.93,38.88,N,0
38.729,23.42037,304.02,0.47,0.64,2021-08-08,0115,N,VIIRS,n,2,293.32,3.8,N,0
38.71941,23.40915,322.18,0.47,0.64,2021-08-08,0115,N,VIIRS,n,2,290.93,17.99,N,0
38.71786,23.41452,367,0.47,0.64,2021-08-08,0115,N,VIIRS,h,2,301.17,17.99,N,0
38.71594,23.42124,326.24,0.47,0.64,2021-08-08,0115,N,VIIRS,n,2,293.43,11.07,N,0
38.7057,23.41229,309.74,0.47,0.64,2021-08-08,0115,N,VIIRS,n,2,291.58,1.04,N,0
38.7019,23.38121,325.34,0.47,0.64,2021-08-08,0115,N,VIIRS,n,2,293.82,5.12,N,3
38.56449,23.29543,304.5,0.47,0.64,2021-08-08,0115,N,VIIRS,n,2,292.91,1.64,N,2
38.41617,22.1312,300.72,0.41,0.61,2021-08-08,0115,N,VIIRS,n,2,288.01,0.44,N,0
37.72767,21.81719,306.62,0.42,0.61,2021-08-08,0115,N,VIIRS,n,2,292.26,2.35,N,0
37.71598,21.85909,314.57,0.42,0.61,2021-08-08,0115,N,VIIRS,n,2,291.5,1.95,N,0
37.72351,21.81874,326.72,0.42,0.61,2021-08-08,0115,N,VIIRS,n,2,292.07,1.5,N,0
37.72456,21.81493,308.36,0.42,0.61,2021-08-08,0115,N,VIIRS,n,2,291.86,2.12,N,0
37.72239,21.82287,304.01,0.42,0.61,2021-08-08,0115,N,VIIRS,n,2,291.75,1.5,N,0
37.71203,21.86092,310.58,0.42,0.61,2021-08-08,0115,N,VIIRS,n,2,291.92,1.1,N,0
37.71674,21.82146,304.31,0.42,0.61,2021-08-08,0115,N,VIIRS,n,2,292.48,1.5,N,0
37.70527,21.86354,303.25,0.42,0.61,2021-08-08,0115,N,VIIRS,n,2,291.89,1.1,N,0
37.69991,21.861,318.27,0.42,0.61,2021-08-08,0115,N,VIIRS,n,2,292.55,1.39,N,0
37.69836,21.86668,301.62,0.42,0.61,2021-08-08,0115,N,VIIRS,n,2,290.58,0.94,N,0
37.70038,21.83718,304.02,0.42,0.61,2021-08-08,0115,N,VIIRS,n,2,292.3,1.5,N,0
37.69599,21.85323,309.51,0.42,0.61,2021-08-08,0115,N,VIIRS,n,2,292.51,1.39,N,0
37.69443,21.85893,305.35,0.42,0.61,2021-08-08,0115,N,VIIRS,n,2,292.3,1.39,N,0
37.70556,21.7962,303.42,0.42,0.61,2021-08-08,0115,N,VIIRS,n,2,292.25,1.36,N,0
37.69181,21.84639,314.61,0.42,0.61,2021-08-08,0115,N,VIIRS,n,2,292.35,1.77,N,0
37.68663,21.84323,309.79,0.42,0.61,2021-08-08,0115,N,VIIRS,n,2,292.81,1.77,N,0
37.68304,21.81233,312.05,0.42,0.61,2021-08-08,0115,N,VIIRS,n,2,292.12,2.7,N,0
37.682,21.81612,306.84,0.42,0.61,2021-08-08,0115,N,VIIRS,n,2,292.18,1.79,N,0
37.681,21.81973,309.18,0.42,0.61,2021-08-08,0115,N,VIIRS,n,2,292.88,1.79,N,0
37.34865,22.01357,303.86,0.44,0.62,2021-08-08,0115,N,VIIRS,n,2,291.62,1.61,N,0
37.34178,22.03804,305.37,0.44,0.62,2021-08-08,0115,N,VIIRS,n,2,290.36,2.24,N,0
37.33846,22.00599,305.89,0.44,0.62,2021-08-08,0115,N,VIIRS,n,2,290.78,1.46,N,0
37.34843,22.01214,302.61,0.44,0.62,2021-08-08,0115,N,VIIRS,n,2,291.4,0.65,N,0
37.3417,22.0367,311.64,0.44,0.62,2021-08-08,0115,N,VIIRS,n,2,290.66,1.15,N,0
37.34273,22.01055,301.49,0.44,0.62,2021-08-08,0115,N,VIIRS,n,2,291.18,0.65,N,0
37.33698,22.00912,307.94,0.44,0.62,2021-08-08,0115,N,VIIRS,n,2,291.12,1.89,N,0
36.71903,22.43537,308.61,0.48,0.64,2021-08-08,0115,N,VIIRS,n,2,291.47,2.05,N,0
35.15056,25.02463,345.3,0.39,0.44,2021-08-08,1055,N,VIIRS,n,2,311.76,10.71,D,0
35.16658,25.04086,355.8,0.39,0.44,2021-08-08,1055,N,VIIRS,n,2,310.97,9.37,D,0
35.16184,25.03831,341.6,0.39,0.44,2021-08-08,1055,N,VIIRS,n,2,310.42,12.1,D,0
35.15223,25.03268,352.62,0.39,0.44,2021-08-08,1055,N,VIIRS,n,2,311.88,5.3,D,0
35.16261,25.04204,348.67,0.39,0.44,2021-08-08,1055,N,VIIRS,n,2,315.86,12.1,D,0
35.16339,25.04582,335.61,0.39,0.44,2021-08-08,1055,N,VIIRS,n,2,307.55,3.62,D,0
35.15702,25.03544,350.99,0.39,0.44,2021-08-08,1055,N,VIIRS,n,2,314.11,7.43,D,0
35.15785,25.0394,355.36,0.39,0.44,2021-08-08,1055,N,VIIRS,n,2,313.45,12.1,D,0
35.15864,25.0432,350.92,0.39,0.44,2021-08-08,1055,N,VIIRS,n,2,316.53,12.1,D,0
35.15305,25.03662,349.93,0.39,0.44,2021-08-08,1055,N,VIIRS,n,2,310.36,5.3,D,0
35.15141,25.02869,367,0.39,0.44,2021-08-08,1055,N,VIIRS,h,2,314.08,10.71,D,0
38.9875,23.24763,344.23,0.4,0.44,2021-08-08,1056,N,VIIRS,n,2,293.73,4.78,D,0
38.98843,23.25196,356.09,0.4,0.44,2021-08-08,1056,N,VIIRS,n,2,295.62,82.19,D,0
38.99226,23.26979,356.47,0.4,0.44,2021-08-08,1056,N,VIIRS,n,2,310.98,17.15,D,0
37.33912,22.00922,349.05,0.5,0.49,2021-08-08,1056,N,VIIRS,n,2,304.8,12.11,D,0
37.33998,22.03335,343.12,0.5,0.49,2021-08-08,1056,N,VIIRS,n,2,305.96,8.96,D,0
37.3413,22.039,343.95,0.5,0.49,2021-08-08,1056,N,VIIRS,n,2,304.78,8.96,D,0
37.3412,22.07934,353.91,0.5,0.49,2021-08-08,1056,N,VIIRS,n,2,305.49,18.25,D,0
37.33921,22.03473,344.44,0.5,0.49,2021-08-08,1056,N,VIIRS,n,2,306.98,6.18,D,0
37.34048,22.04035,339.32,0.5,0.49,2021-08-08,1056,N,VIIRS,n,2,302.79,2.46,D,0
38.99323,23.2743,351.76,0.4,0.44,2021-08-08,1056,N,VIIRS,n,2,300.5,17.15,D,0
38.99421,23.27886,337.72,0.4,0.44,2021-08-08,1056,N,VIIRS,n,2,300.74,10.79,D,0
37.34019,22.08089,343.61,0.5,0.49,2021-08-08,1056,N,VIIRS,n,2,307.03,19.05,D,0
36.7259,22.40065,337.19,0.49,0.49,2021-08-08,1056,N,VIIRS,n,2,304.36,6.61,D,0
38.9388,23.22111,341.4,0.4,0.44,2021-08-08,1056,N,VIIRS,n,2,299.39,9.53,D,0
38.95271,23.24552,342.95,0.4,0.44,2021-08-08,1056,N,VIIRS,n,2,298.41,13.84,D,0
38.95171,23.24094,342.86,0.4,0.44,2021-08-08,1056,N,VIIRS,n,2,305.69,21.4,D,0
38.94769,23.22243,333.08,0.4,0.44,2021-08-08,1056,N,VIIRS,n,2,297.43,2.28,D,0
38.95872,23.25342,330.86,0.4,0.44,2021-08-08,1056,N,VIIRS,n,2,297.28,4.68,D,0
39.01301,23.30676,367,0.4,0.44,2021-08-08,1056,N,VIIRS,l,2,358.46,125.96,D,0
38.99844,23.23863,350.04,0.4,0.44,2021-08-08,1056,N,VIIRS,n,2,282.81,4.9,D,0
38.99937,23.243,343.51,0.4,0.44,2021-08-08,1056,N,VIIRS,n,2,289.23,4.9,D,0
39.0003,23.24732,350.53,0.4,0.44,2021-08-08,1056,N,VIIRS,n,2,291.94,10.47,D,0
37.68987,21.83698,331.25,0.5,0.49,2021-08-08,1056,N,VIIRS,l,2,302.71,30.48,D,0
37.70027,21.86143,336.56,0.5,0.49,2021-08-08,1056,N,VIIRS,n,2,301.2,6.79,D,0
37.67342,21.74499,333.14,0.51,0.49,2021-08-08,1056,N,VIIRS,l,2,303.83,3.65,D,0
39.00332,23.24137,347.32,0.4,0.44,2021-08-08,1056,N,VIIRS,n,2,287.21,5.44,D,0
39.00237,23.23695,340.31,0.4,0.44,2021-08-08,1056,N,VIIRS,n,2,280.69,5.44,D,0
39.016,23.30076,367,0.4,0.44,2021-08-08,1056,N,VIIRS,l,2,337.34,349.46,D,0
39.00824,23.26438,367,0.4,0.44,2021-08-08,1056,N,VIIRS,l,2,331.2,285.38,D,0
39.00628,23.25521,367,0.4,0.44,2021-08-08,1056,N,VIIRS,l,2,352.4,294.9,D,0
39.01706,23.28564,367,0.4,0.44,2021-08-08,1056,N,VIIRS,h,2,329.65,300.28,D,0
39.01416,23.27206,367,0.4,0.44,2021-08-08,1056,N,VIIRS,h,2,310.14,120.94,D,0
39.00916,23.24861,367,0.4,0.44,2021-08-08,1056,N,VIIRS,h,2,298.1,21.81,D,0
39.00817,23.24404,354.7,0.4,0.44,2021-08-08,1056,N,VIIRS,n,2,293.66,21.81,D,0
39.00726,23.23973,349.92,0.4,0.44,2021-08-08,1056,N,VIIRS,n,2,287.8,5.44,D,0
39.00631,23.23529,335.63,0.4,0.44,2021-08-08,1056,N,VIIRS,n,2,281.64,5.44,D,0
39.01802,23.29015,290.47,0.4,0.44,2021-08-08,1056,N,VIIRS,l,2,319.61,200.96,D,0
39.01118,23.25811,315.53,0.4,0.44,2021-08-08,1056,N,VIIRS,l,2,320.67,294.9,D,0
39.01019,23.25344,367,0.4,0.44,2021-08-08,1056,N,VIIRS,l,2,328.17,294.9,D,0
39.01607,23.26095,367,0.4,0.44,2021-08-08,1056,N,VIIRS,h,2,337.54,374.56,D,0
38.9482,23.33998,346.25,0.4,0.44,2021-08-08,1056,N,VIIRS,n,2,303.22,3.77,D,0
38.91392,23.19851,330.31,0.4,0.45,2021-08-08,1056,N,VIIRS,n,2,297.52,2.34,D,0
38.91489,23.20307,330.54,0.4,0.45,2021-08-08,1056,N,VIIRS,n,2,297.74,2.34,D,0
38.89922,23.19015,350.98,0.41,0.45,2021-08-08,1056,N,VIIRS,n,2,298.27,10.36,D,0
38.90015,23.19452,348.01,0.41,0.45,2021-08-08,1056,N,VIIRS,n,2,298.87,16.06,D,0
38.89433,23.18744,344.35,0.41,0.45,2021-08-08,1056,N,VIIRS,n,2,298.04,5.98,D,0
38.8895,23.18508,332.86,0.41,0.45,2021-08-08,1056,N,VIIRS,n,2,297.15,5.31,D,0
38.89042,23.18935,336.45,0.41,0.45,2021-08-08,1056,N,VIIRS,n,2,297.63,5.98,D,0
38.87957,23.19905,351.2,0.41,0.45,2021-08-08,1056,N,VIIRS,n,2,299.18,6.48,D,0
38.87568,23.20097,336.57,0.41,0.45,2021-08-08,1056,N,VIIRS,n,2,296.45,6.48,D,0
38.75448,23.43246,343.29,0.4,0.44,2021-08-08,1056,N,VIIRS,n,2,306.55,8.22,D,0
38.74956,23.42947,347.88,0.4,0.44,2021-08-08,1056,N,VIIRS,n,2,307.45,7.16,D,0
38.75051,23.43387,339.13,0.4,0.44,2021-08-08,1056,N,VIIRS,n,2,304.6,7.16,D,0
37.72424,21.82055,338.54,0.5,0.49,2021-08-08,1056,N,VIIRS,n,2,300.65,8.47,D,0
37.70888,21.7534,341.98,0.51,0.49,2021-08-08,1056,N,VIIRS,n,2,306.78,11.39,D,0
37.70762,21.74788,342.98,0.51,0.49,2021-08-08,1056,N,VIIRS,n,2,306.17,8.46,D,0
37.71778,21.75044,345.65,0.51,0.49,2021-08-08,1056,N,VIIRS,n,2,305.66,10.76,D,0
37.72489,21.81911,336.28,0.5,0.49,2021-08-08,1056,N,VIIRS,n,2,300.75,5.42,D,0
37.72099,21.68002,341.15,0.51,0.49,2021-08-08,1056,N,VIIRS,n,2,302.61,45.72,D,0
37.71962,21.67414,347.37,0.51,0.49,2021-08-08,1056,N,VIIRS,n,2,314.23,67.43,D,0
38.70441,23.41486,340.58,0.4,0.44,2021-08-08,1056,N,VIIRS,n,2,303.94,6.02,D,0
37.69577,21.86258,355.86,0.5,0.49,2021-08-08,1056,N,VIIRS,n,2,301.45,14.96,D,0
37.70916,21.75226,343.76,0.51,0.49,2021-08-08,1056,N,VIIRS,n,2,308.84,20.84,D,0
37.71806,21.74931,342.89,0.51,0.49,2021-08-08,1056,N,VIIRS,n,2,305.41,6.87,D,0
37.69459,21.85745,367,0.5,0.49,2021-08-08,1056,N,VIIRS,h,2,305.15,44.27,D,0
37.68768,21.84813,260,0.5,0.49,2021-08-08,1056,N,VIIRS,l,2,317.15,83.19,D,0
37.6815,21.82139,349.1,0.5,0.49,2021-08-08,1056,N,VIIRS,n,2,301.87,10.59,D,0
37.68542,21.83837,353.41,0.5,0.49,2021-08-08,1056,N,VIIRS,n,2,310.91,30.48,D,0
37.68655,21.84325,350.73,0.5,0.49,2021-08-08,1056,N,VIIRS,n,2,301.4,83.19,D,0
37.68885,21.8532,346.54,0.5,0.49,2021-08-08,1056,N,VIIRS,n,2,303.28,44.27,D,0
37.67713,21.82317,337.45,0.5,0.49,2021-08-08,1056,N,VIIRS,n,2,303.65,3.73,D,0
37.7141,21.73247,330.46,0.51,0.49,2021-08-08,1056,N,VIIRS,l,2,302.81,2.5,D,0
37.72163,21.72369,331.64,0.51,0.49,2021-08-08,1056,N,VIIRS,l,2,303.67,9.14,D,0
37.72604,21.722,343.51,0.51,0.49,2021-08-08,1056,N,VIIRS,n,2,307.23,9.14,D,0
37.36019,22.03843,342.97,0.5,0.49,2021-08-08,1056,N,VIIRS,n,2,304.96,11.57,D,0
37.35585,22.04017,334.09,0.5,0.49,2021-08-08,1056,N,VIIRS,l,2,304.29,7.07,D,0
39.00422,23.24556,355.52,0.4,0.44,2021-08-08,1056,N,VIIRS,n,2,291.77,21.81,D,0
39.00525,23.25039,354.84,0.4,0.44,2021-08-08,1056,N,VIIRS,n,2,296.27,21.81,D,0
39.00727,23.25987,367,0.4,0.44,2021-08-08,1056,N,VIIRS,h,2,347.69,294.9,D,0
39.01501,23.2961,367,0.4,0.44,2021-08-08,1056,N,VIIRS,h,2,329.24,200.96,D,0
39.00332,23.26142,367,0.4,0.44,2021-08-08,1056,N,VIIRS,l,2,330.86,61.55,D,0
38.94784,23.34148,346.96,0.4,0.44,2021-08-08,1056,N,VIIRS,n,2,304.18,5.09,D,0
38.91671,23.19882,332.52,0.4,0.45,2021-08-08,1056,N,VIIRS,n,2,297.39,3.94,D,0
38.92873,23.21437,342.19,0.4,0.44,2021-08-08,1056,N,VIIRS,n,2,298.18,7.36,D,0
38.70336,23.40993,341.83,0.4,0.44,2021-08-08,1056,N,VIIRS,n,2,303.09,6.02,D,0
38.7084,23.41352,338.38,0.4,0.44,2021-08-08,1056,N,VIIRS,n,2,305.12,5.67,D,0
38.97176,23.37311,341.84,0.4,0.44,2021-08-08,1056,N,VIIRS,n,2,304.1,16.95,D,3
38.71323,23.41612,367,0.4,0.44,2021-08-08,1056,N,VIIRS,h,2,310.34,14.58,D,0
38.71238,23.41216,346.08,0.4,0.44,2021-08-08,1056,N,VIIRS,n,2,307.59,5.67,D,0
38.71799,23.41841,340.92,0.4,0.44,2021-08-08,1056,N,VIIRS,n,2,303.86,21.34,D,0
38.71717,23.41454,342.22,0.4,0.44,2021-08-08,1056,N,VIIRS,n,2,305.06,21.34,D,0
38.72272,23.42058,345.86,0.4,0.44,2021-08-08,1056,N,VIIRS,l,2,319.39,59.3,D,0
38.99829,23.25796,367,0.4,0.44,2021-08-08,1056,N,VIIRS,h,2,294.71,61.55,D,0
38.99147,23.24615,337.63,0.4,0.44,2021-08-08,1056,N,VIIRS,n,2,293.45,4.78,D,0
38.99239,23.2504,351.77,0.4,0.44,2021-08-08,1056,N,VIIRS,n,2,295.73,82.19,D,0
38.99135,23.26554,367,0.4,0.44,2021-08-08,1056,N,VIIRS,h,2,312.78,153.11,D,0
38.99526,23.2638,356.9,0.4,0.44,2021-08-08,1056,N,VIIRS,n,2,306.83,153.11,D,0
38.99623,23.26833,348.13,0.4,0.44,2021-08-08,1056,N,VIIRS,n,2,296.62,17.15,D,0
38.99719,23.2728,335.33,0.4,0.44,2021-08-08,1056,N,VIIRS,n,2,297.18,17.15,D,0
39.00017,23.2867,330.18,0.4,0.44,2021-08-08,1056,N,VIIRS,n,2,299.85,5.94,D,0
39.00793,23.32296,367,0.4,0.44,2021-08-08,1056,N,VIIRS,h,2,304.87,12.84,D,0
38.9894,23.25649,316.61,0.4,0.44,2021-08-08,1056,N,VIIRS,l,2,323.4,82.19,D,0
38.98656,23.24324,332.46,0.4,0.44,2021-08-08,1056,N,VIIRS,n,2,292.85,4.78,D,0
38.98051,23.25501,351.99,0.4,0.44,2021-08-08,1056,N,VIIRS,n,2,309.72,71.38,D,0
38.97955,23.25058,333.59,0.4,0.44,2021-08-08,1056,N,VIIRS,n,2,301.94,22.75,D,0
38.97863,23.24631,351.12,0.4,0.44,2021-08-08,1056,N,VIIRS,n,2,293.17,22.75,D,0
38.9777,23.24198,335.15,0.4,0.44,2021-08-08,1056,N,VIIRS,n,2,292.52,8.23,D,0
38.98743,23.26727,367,0.4,0.44,2021-08-08,1056,N,VIIRS,h,2,303.73,15.19,D,0
38.9865,23.26294,367,0.4,0.44,2021-08-08,1056,N,VIIRS,h,2,308.43,15.19,D,0
38.99023,23.28028,338.02,0.4,0.44,2021-08-08,1056,N,VIIRS,n,2,299.42,9.86,D,0
38.98927,23.27583,352.6,0.4,0.44,2021-08-08,1056,N,VIIRS,n,2,301.39,9.9,D,0
38.98834,23.27148,352.82,0.4,0.44,2021-08-08,1056,N,VIIRS,n,2,302.68,9.9,D,0
38.98549,23.25822,352.42,0.4,0.44,2021-08-08,1056,N,VIIRS,n,2,318.17,71.38,D,0
38.98447,23.25349,333.6,0.4,0.44,2021-08-08,1056,N,VIIRS,n,2,305.22,71.38,D,0
38.98353,23.24911,352.21,0.4,0.44,2021-08-08,1056,N,VIIRS,n,2,294.11,22.75,D,0
38.98259,23.24476,337.73,0.4,0.44,2021-08-08,1056,N,VIIRS,n,2,292.73,22.75,D,0
39.0061,23.29445,335.62,0.4,0.44,2021-08-08,1056,N,VIIRS,n,2,303.27,10.02,D,0
39.0071,23.29908,333.13,0.4,0.44,2021-08-08,1056,N,VIIRS,n,2,302.43,10.02,D,0
39.00906,23.30826,367,0.4,0.44,2021-08-08,1056,N,VIIRS,h,2,308.28,125.96,D,0
38.74467,23.42661,333.62,0.4,0.44,2021-08-08,1056,N,VIIRS,l,2,303.82,6.7,D,0
38.74995,23.42813,352.21,0.4,0.44,2021-08-08,1056,N,VIIRS,n,2,307.97,5.91,D,0
38.75088,23.43254,347.33,0.4,0.44,2021-08-08,1056,N,VIIRS,n,2,305.11,5.91,D,0
38.74599,23.4296,345.27,0.4,0.44,2021-08-08,1056,N,VIIRS,n,2,304.96,5.91,D,0
38.74114,23.42682,341.33,0.4,0.44,2021-08-08,1056,N,VIIRS,n,2,305.8,3.1,D,0
39.01906,23.25487,303.78,0.4,0.44,2021-08-08,1056,N,VIIRS,l,2,309.14,194.79,D,0
39.02101,23.26403,367,0.4,0.44,2021-08-08,1056,N,VIIRS,l,2,335.92,374.56,D,0
39.02203,23.26882,367,0.4,0.44,2021-08-08,1056,N,VIIRS,h,2,298.56,338.88,D,0
39.01512,23.25649,367,0.4,0.44,2021-08-08,1056,N,VIIRS,l,2,343.23,194.79,D,0
39.00925,23.22902,337.32,0.4,0.44,2021-08-08,1056,N,VIIRS,n,2,283.53,6.5,D,0
39.01021,23.23349,333.8,0.4,0.44,2021-08-08,1056,N,VIIRS,n,2,288.52,5.81,D,0
39.0112,23.23811,335.43,0.4,0.44,2021-08-08,1056,N,VIIRS,n,2,292.17,5.81,D,0
39.01213,23.24249,341.15,0.4,0.44,2021-08-08,1056,N,VIIRS,n,2,294.95,11.83,D,0
39.01312,23.24713,352.49,0.4,0.44,2021-08-08,1056,N,VIIRS,n,2,295.72,11.83,D,0
38.72105,23.41269,340.69,0.4,0.44,2021-08-08,1056,N,VIIRS,n,2,304.7,21.34,D,0
38.72659,23.41863,350.99,0.4,0.44,2021-08-08,1056,N,VIIRS,n,2,307.53,11.8,D,0
38.72575,23.41468,336.22,0.4,0.44,2021-08-08,1056,N,VIIRS,l,2,306.28,5.32,D,0
39.00231,23.25673,350.5,0.4,0.44,2021-08-08,1056,N,VIIRS,n,2,297.1,61.55,D,0
39.00811,23.2838,336.53,0.4,0.44,2021-08-08,1056,N,VIIRS,n,2,299.38,4.43,D,0
39.00129,23.25193,367,0.4,0.44,2021-08-08,1056,N,VIIRS,h,2,293.9,10.47,D,0
39.0043,23.26602,367,0.4,0.44,2021-08-08,1056,N,VIIRS,h,2,329.52,110.47,D,0
39.00619,23.27485,367,0.4,0.44,2021-08-08,1056,N,VIIRS,h,2,311.38,27.48,D,0
38.95771,23.2488,342.58,0.4,0.44,2021-08-08,1056,N,VIIRS,n,2,299.06,13.84,D,0
38.95569,23.23948,347.46,0.4,0.44,2021-08-08,1056,N,VIIRS,n,2,297.71,21.4,D,0
38.96175,23.24762,346.63,0.4,0.44,2021-08-08,1056,N,VIIRS,n,2,299.82,18,D,0
38.96075,23.24299,343.01,0.4,0.44,2021-08-08,1056,N,VIIRS,n,2,301.25,18,D,0
38.96674,23.25086,367,0.4,0.44,2021-08-08,1056,N,VIIRS,h,2,301.44,19.53,D,0
38.96578,23.2464,367,0.4,0.44,2021-08-08,1056,N,VIIRS,h,2,303.94,18,D,0
39.01105,23.29756,367,0.4,0.44,2021-08-08,1056,N,VIIRS,h,2,308.47,10.02,D,0
39.01203,23.30216,367,0.4,0.44,2021-08-08,1056,N,VIIRS,h,2,339.99,125.96,D,0
38.96867,23.25976,335.86,0.4,0.44,2021-08-08,1056,N,VIIRS,n,2,296.59,6.6,D,0
38.9677,23.25529,339,0.4,0.44,2021-08-08,1056,N,VIIRS,n,2,294.92,19.53,D,0
38.96478,23.2418,346.61,0.4,0.44,2021-08-08,1056,N,VIIRS,n,2,297.68,18,D,0
38.97075,23.24953,367,0.4,0.44,2021-08-08,1056,N,VIIRS,h,2,300.61,59.39,D,0
38.97364,23.26295,348.78,0.4,0.44,2021-08-08,1056,N,VIIRS,n,2,301.34,81.21,D,0
38.97264,23.2583,346.51,0.4,0.44,2021-08-08,1056,N,VIIRS,n,2,308.52,81.21,D,0
38.97167,23.25382,349.26,0.4,0.44,2021-08-08,1056,N,VIIRS,n,2,296.2,59.39,D,0
38.96883,23.24063,346.4,0.4,0.44,2021-08-08,1056,N,VIIRS,n,2,295.7,53.43,D,0
38.9698,23.24512,367,0.4,0.44,2021-08-08,1056,N,VIIRS,l,2,328.62,53.43,D,0
38.97657,23.25664,367,0.4,0.44,2021-08-08,1056,N,VIIRS,h,2,329.76,81.21,D,0
38.97861,23.26611,337.96,0.4,0.44,2021-08-08,1056,N,VIIRS,n,2,298.02,9.22,D,0
38.97761,23.26147,354.66,0.4,0.44,2021-08-08,1056,N,VIIRS,n,2,300.73,81.21,D,0
38.99449,23.24024,334.6,0.4,0.44,2021-08-08,1056,N,VIIRS,n,2,289.87,4.9,D,0
38.99544,23.24466,339.41,0.4,0.44,2021-08-08,1056,N,VIIRS,n,2,291.52,4.9,D,0
38.99636,23.24892,347.73,0.4,0.44,2021-08-08,1056,N,VIIRS,n,2,292.49,10.47,D,0
38.9973,23.25332,355.36,0.4,0.44,2021-08-08,1056,N,VIIRS,n,2,293.91,10.47,D,0
38.99928,23.26259,353.67,0.4,0.44,2021-08-08,1056,N,VIIRS,n,2,294.76,61.55,D,0
39.00027,23.2672,351.5,0.4,0.44,2021-08-08,1056,N,VIIRS,n,2,297.14,110.47,D,0
39.00312,23.28053,339.27,0.4,0.44,2021-08-08,1056,N,VIIRS,n,2,299.33,27.48,D,0
39.0041,23.28508,342.04,0.4,0.44,2021-08-08,1056,N,VIIRS,n,2,300.67,4.43,D,0
39.00509,23.28972,330.03,0.4,0.44,2021-08-08,1056,N,VIIRS,l,2,300.91,4.43,D,0
38.97561,23.25219,333.58,0.4,0.44,2021-08-08,1056,N,VIIRS,n,2,301.73,59.39,D,0
38.9747,23.24794,354.67,0.4,0.44,2021-08-08,1056,N,VIIRS,n,2,294.07,59.39,D,0
38.97377,23.24364,347.51,0.4,0.44,2021-08-08,1056,N,VIIRS,n,2,293.01,53.43,D,0
38.97281,23.23921,331.61,0.4,0.44,2021-08-08,1056,N,VIIRS,n,2,293.83,53.43,D,0
38.98155,23.25986,367,0.4,0.44,2021-08-08,1056,N,VIIRS,h,2,304.49,71.38,D,0
38.9835,23.26888,340.77,0.4,0.44,2021-08-08,1056,N,VIIRS,n,2,299.34,15.19,D,0
38.98255,23.26451,354.66,0.4,0.44,2021-08-08,1056,N,VIIRS,n,2,301.8,15.19,D,0
41.00699,22.76352,354.83,0.38,0.44,2021-08-08,1057,N,VIIRS,n,2,324.25,24.21,D,0
41.04124,22.76142,351.85,0.38,0.43,2021-08-08,1057,N,VIIRS,n,2,308.99,42.36,D,0
41.03734,22.76287,351.93,0.38,0.43,2021-08-08,1057,N,VIIRS,l,2,329.4,42.36,D,0
41.04103,22.76516,344.6,0.38,0.43,2021-08-08,1057,N,VIIRS,n,2,313.73,47.74,D,0
41.03618,22.76215,367,0.38,0.43,2021-08-08,1057,N,VIIRS,h,2,318.42,65.46,D,0
41.0148,22.76062,367,0.38,0.44,2021-08-08,1057,N,VIIRS,h,2,307.26,99.26,D,0
41.00795,22.76798,336.76,0.38,0.44,2021-08-08,1057,N,VIIRS,l,2,310.18,8.06,D,0
41.00215,22.76056,349.25,0.38,0.44,2021-08-08,1057,N,VIIRS,n,2,311.83,24.21,D,0
41.04618,22.70632,353.62,0.39,0.44,2021-08-08,1057,N,VIIRS,n,2,312.3,7.13,D,0
41.04613,22.74509,343.79,0.38,0.44,2021-08-08,1057,N,VIIRS,n,2,312.51,4.07,D,0
41.05202,22.7333,345.49,0.38,0.44,2021-08-08,1057,N,VIIRS,n,2,312.75,11.27,D,0
41.0109,22.76207,367,0.38,0.44,2021-08-08,1057,N,VIIRS,l,2,362.64,99.26,D,0
41.00996,22.75763,352.96,0.38,0.44,2021-08-08,1057,N,VIIRS,n,2,313.48,99.26,D,0
41.01185,22.76654,346.79,0.38,0.44,2021-08-08,1057,N,VIIRS,n,2,310.89,124.35,D,0
41.00605,22.75909,350.47,0.38,0.44,2021-08-08,1057,N,VIIRS,n,2,320.5,24.21,D,0
36.7203,22.44017,330.42,0.76,0.77,2021-08-08,1236,N,VIIRS,n,2,297.63,4.13,D,0
37.70538,21.87081,346.17,0.72,0.75,2021-08-08,1237,N,VIIRS,n,2,295.32,11.45,D,0
39.3649,22.1417,353.75,0.75,0.77,2021-08-08,1237,N,VIIRS,n,2,302.51,25.87,D,0
39.36494,22.15092,367,0.76,0.77,2021-08-08,1237,N,VIIRS,h,2,306.29,25.87,D,0
37.72387,21.67525,336.09,0.7,0.75,2021-08-08,1237,N,VIIRS,n,2,294.83,5.84,D,0
37.72457,21.72261,348.04,0.71,0.75,2021-08-08,1237,N,VIIRS,n,2,299.13,14.44,D,0
37.72615,21.83307,357.12,0.72,0.75,2021-08-08,1237,N,VIIRS,n,2,303.04,296.53,D,0
37.72633,21.84552,348.49,0.72,0.75,2021-08-08,1237,N,VIIRS,n,2,295.5,89.83,D,0
37.72594,21.81738,367,0.71,0.75,2021-08-08,1237,N,VIIRS,h,2,296.22,28.09,D,0
37.71683,21.67505,350.23,0.7,0.75,2021-08-08,1237,N,VIIRS,n,2,298.18,14.12,D,0
37.69732,21.7945,367,0.71,0.75,2021-08-08,1237,N,VIIRS,h,2,296.92,18.7,D,0
37.68218,21.71473,336.91,0.7,0.75,2021-08-08,1237,N,VIIRS,n,2,297.46,6.96,D,0
37.68352,21.82305,333.65,0.71,0.75,2021-08-08,1237,N,VIIRS,n,2,296.23,10.59,D,0
37.68361,21.83012,341.74,0.71,0.75,2021-08-08,1237,N,VIIRS,n,2,296.23,16.11,D,0
37.68389,21.85397,336.57,0.72,0.75,2021-08-08,1237,N,VIIRS,n,2,295.56,9.19,D,0
37.67645,21.82305,334.43,0.71,0.75,2021-08-08,1237,N,VIIRS,n,2,297.03,6.36,D,0
37.6479,21.80234,339.08,0.71,0.75,2021-08-08,1237,N,VIIRS,n,2,295.36,36.12,D,0
37.64807,21.81873,332.32,0.71,0.75,2021-08-08,1237,N,VIIRS,n,2,294.77,38.38,D,0
37.64798,21.81003,367,0.71,0.75,2021-08-08,1237,N,VIIRS,h,2,298.45,36.12,D,0
37.64089,21.80905,354.71,0.71,0.75,2021-08-08,1237,N,VIIRS,n,2,296.77,36.12,D,0
37.64098,21.81818,367,0.71,0.75,2021-08-08,1237,N,VIIRS,h,2,295.6,38.38,D,0
37.68776,21.85557,332.78,0.72,0.75,2021-08-08,1237,N,VIIRS,n,2,295.08,13.17,D,0
37.67828,21.7175,333.15,0.7,0.75,2021-08-08,1237,N,VIIRS,n,2,296.58,7.76,D,0
37.68003,21.81795,332.15,0.71,0.75,2021-08-08,1237,N,VIIRS,n,2,295.92,11.56,D,0
37.68014,21.82435,351.22,0.71,0.75,2021-08-08,1237,N,VIIRS,n,2,297.72,13,D,0
37.68027,21.83232,337.92,0.71,0.75,2021-08-08,1237,N,VIIRS,n,2,296.3,13,D,0
37.65163,21.8123,344.4,0.71,0.75,2021-08-08,1237,N,VIIRS,n,2,295.08,12.5,D,0
37.64442,21.80349,354.03,0.71,0.75,2021-08-08,1237,N,VIIRS,n,2,296.49,31.93,D,0
37.64454,21.81142,351.99,0.71,0.75,2021-08-08,1237,N,VIIRS,n,2,300.06,54.88,D,0
37.64468,21.82035,367,0.71,0.75,2021-08-08,1237,N,VIIRS,h,2,294.91,54.88,D,0
37.34187,22.00774,330.52,0.73,0.76,2021-08-08,1237,N,VIIRS,n,2,294.3,9.73,D,0
37.33475,22.00915,367,0.73,0.76,2021-08-08,1237,N,VIIRS,h,2,296.34,9.73,D,0
37.33851,22.00801,367,0.73,0.76,2021-08-08,1237,N,VIIRS,h,2,296.23,15.63,D,0
38.91201,23.18929,321.23,0.65,0.73,2021-08-08,2315,N,VIIRS,n,2,292.83,3.84,N,0
38.98714,23.23634,305.58,0.65,0.73,2021-08-08,2315,N,VIIRS,n,2,291.99,4.06,N,0
38.98746,23.21135,306.95,0.65,0.73,2021-08-08,2315,N,VIIRS,n,2,292.19,3.17,N,0
38.98757,23.20277,309.56,0.65,0.73,2021-08-08,2315,N,VIIRS,n,2,291.94,3.46,N,0
38.99227,23.35865,313.47,0.64,0.72,2021-08-08,2315,N,VIIRS,n,2,292.41,2.17,N,0
38.9943,23.21136,308.54,0.65,0.73,2021-08-08,2315,N,VIIRS,n,2,293.78,3.17,N,0
38.99443,23.20165,321.69,0.65,0.73,2021-08-08,2315,N,VIIRS,n,2,293.45,3.46,N,0
39.00018,23.28141,306.35,0.64,0.72,2021-08-08,2315,N,VIIRS,n,2,291.93,7.23,N,0
38.87083,23.19995,317.69,0.65,0.73,2021-08-08,2315,N,VIIRS,n,2,291.43,3.66,N,0
38.8777,23.19709,321.06,0.65,0.73,2021-08-08,2315,N,VIIRS,n,2,292.8,3.66,N,0
38.87778,23.19079,324.13,0.65,0.73,2021-08-08,2315,N,VIIRS,n,2,291.93,7.15,N,0
38.88466,23.18815,311.45,0.65,0.73,2021-08-08,2315,N,VIIRS,n,2,292.63,3.1,N,0
39.00061,23.24999,316.67,0.65,0.73,2021-08-08,2315,N,VIIRS,n,2,292.55,6.81,N,0
39.00072,23.24244,318.22,0.65,0.73,2021-08-08,2315,N,VIIRS,n,2,293.97,6.81,N,0
38.90506,23.1969,305.57,0.65,0.73,2021-08-08,2315,N,VIIRS,n,2,291.92,2.79,N,0
39.00082,23.23491,312.63,0.65,0.73,2021-08-08,2315,N,VIIRS,n,2,293.55,4.51,N,0
39.00105,23.21853,306.01,0.65,0.73,2021-08-08,2315,N,VIIRS,n,2,293.36,2.58,N,0
39.00029,23.27378,351.41,0.65,0.73,2021-08-08,2315,N,VIIRS,n,2,293.31,7.23,N,0
39.00039,23.26645,338.21,0.65,0.73,2021-08-08,2315,N,VIIRS,n,2,293.97,19.35,N,0
39.0005,23.2585,367,0.65,0.73,2021-08-08,2315,N,VIIRS,h,2,295.65,19.35,N,0
39.00757,23.24135,310.34,0.65,0.73,2021-08-08,2315,N,VIIRS,n,2,292.71,6.81,N,0
39.00768,23.23374,315.44,0.65,0.73,2021-08-08,2315,N,VIIRS,n,2,293.61,4.51,N,0
39.00621,23.335,320.06,0.64,0.72,2021-08-08,2315,N,VIIRS,n,2,292.35,3.6,N,0
39.01332,23.31465,317.1,0.64,0.72,2021-08-08,2315,N,VIIRS,n,2,293.19,11.51,N,0
39.02037,23.2987,316.66,0.64,0.72,2021-08-08,2315,N,VIIRS,n,2,293.63,5.76,N,0
39.0205,23.29027,306.16,0.64,0.72,2021-08-08,2315,N,VIIRS,n,2,292.91,5.76,N,0
39.02013,23.31497,367,0.64,0.72,2021-08-08,2315,N,VIIRS,h,2,296.36,11.51,N,0
39.02024,23.30758,350.92,0.64,0.72,2021-08-08,2315,N,VIIRS,n,2,297.53,11.51,N,0
39.02694,23.31434,315.76,0.64,0.72,2021-08-08,2315,N,VIIRS,n,2,292.91,11.33,N,0
39.02707,23.3065,367,0.64,0.72,2021-08-08,2315,N,VIIRS,h,2,296.87,11.33,N,0
39.0272,23.29774,340.67,0.64,0.72,2021-08-08,2315,N,VIIRS,n,2,294.92,13.01,N,0
39.02733,23.28923,331.59,0.64,0.72,2021-08-08,2315,N,VIIRS,n,2,294.94,13.01,N,0
39.02745,23.28122,335.46,0.64,0.72,2021-08-08,2315,N,VIIRS,n,2,295.06,12.92,N,0
38.90516,23.19003,321.8,0.65,0.73,2021-08-08,2315,N,VIIRS,n,2,292.91,2.79,N,0
38.41694,22.12737,302.47,0.74,0.76,2021-08-08,2315,N,VIIRS,n,2,289.08,0.84,N,0
38.87074,23.2034,312.86,0.65,0.73,2021-08-08,2315,N,VIIRS,n,2,291.42,3.08,N,0
38.87763,23.20047,315.25,0.65,0.73,2021-08-08,2315,N,VIIRS,n,2,292.21,2.76,N,0
38.87774,23.19428,317.79,0.65,0.73,2021-08-08,2315,N,VIIRS,n,2,291.91,2.76,N,0
38.87785,23.18789,314.69,0.65,0.73,2021-08-08,2315,N,VIIRS,n,2,290.93,5.81,N,0
38.88462,23.19179,310.62,0.65,0.73,2021-08-08,2315,N,VIIRS,n,2,292.71,2.76,N,0
38.90511,23.19364,324.78,0.65,0.73,2021-08-08,2315,N,VIIRS,n,2,292.88,4.49,N,0
38.91197,23.19284,316.28,0.65,0.73,2021-08-08,2315,N,VIIRS,n,2,292.4,4.49,N,0
38.91884,23.1917,317.19,0.65,0.73,2021-08-08,2315,N,VIIRS,n,2,291.75,2.06,N,0
38.91898,23.18434,307.34,0.65,0.73,2021-08-08,2315,N,VIIRS,n,2,291.72,2.06,N,0
38.98549,23.35778,305.04,0.64,0.72,2021-08-08,2315,N,VIIRS,n,2,292.04,2.17,N,0
38.98051,23.22107,367,0.65,0.73,2021-08-08,2315,N,VIIRS,h,2,297.26,8.02,N,0
38.9804,23.22927,339.64,0.65,0.73,2021-08-08,2315,N,VIIRS,n,2,294.18,13.05,N,0
38.98061,23.21275,307.87,0.65,0.73,2021-08-08,2315,N,VIIRS,n,2,292.38,8.02,N,0
38.97366,23.22212,323.51,0.65,0.73,2021-08-08,2315,N,VIIRS,n,2,292.8,8.02,N,0
38.97377,23.21294,319.58,0.65,0.73,2021-08-08,2315,N,VIIRS,n,2,292.64,8.02,N,0
39.0265,23.28314,338.48,0.64,0.72,2021-08-08,2315,N,VIIRS,n,2,295.24,7.51,N,0
39.02634,23.29103,326.04,0.64,0.72,2021-08-08,2315,N,VIIRS,n,2,294.87,7.51,N,0
39.02616,23.29963,350.33,0.64,0.72,2021-08-08,2315,N,VIIRS,n,2,295.49,15.73,N,0
39.02598,23.30836,367,0.64,0.72,2021-08-08,2315,N,VIIRS,h,2,297.21,15.73,N,0
39.01933,23.30052,321.78,0.64,0.72,2021-08-08,2315,N,VIIRS,n,2,293.89,15.73,N,0
39.01915,23.30912,367,0.64,0.72,2021-08-08,2315,N,VIIRS,h,2,297.98,15.73,N,0
39.019,23.31632,346.48,0.64,0.72,2021-08-08,2315,N,VIIRS,n,2,294.57,19.96,N,0
39.0195,23.29197,305.75,0.64,0.72,2021-08-08,2315,N,VIIRS,n,2,292.93,7.51,N,0
39.01221,23.3161,313.08,0.64,0.72,2021-08-08,2315,N,VIIRS,n,2,293.17,3.36,N,0
39.00697,23.23574,325.34,0.65,0.73,2021-08-08,2315,N,VIIRS,n,2,294.24,3.16,N,0
39.00499,23.33666,320.68,0.64,0.72,2021-08-08,2315,N,VIIRS,n,2,292.73,3.34,N,0
39.00684,23.24293,305.14,0.65,0.73,2021-08-08,2315,N,VIIRS,n,2,292.39,3.16,N,0
39.00619,23.27601,307.07,0.64,0.72,2021-08-08,2315,N,VIIRS,n,2,292.14,2.47,N,0
38.99983,23.25181,326.66,0.65,0.73,2021-08-08,2315,N,VIIRS,n,2,292.82,19.58,N,0
38.99968,23.26013,367,0.65,0.73,2021-08-08,2315,N,VIIRS,h,2,295.83,19.58,N,0
38.99953,23.26782,337.4,0.65,0.73,2021-08-08,2315,N,VIIRS,n,2,293.08,12.66,N,0
38.99938,23.27527,348.65,0.64,0.72,2021-08-08,2315,N,VIIRS,n,2,293,12.66,N,0
39.00059,23.2119,305.36,0.65,0.73,2021-08-08,2315,N,VIIRS,n,2,293.21,2.78,N,0
39.00042,23.22061,305.73,0.65,0.73,2021-08-08,2315,N,VIIRS,n,2,293.5,3.31,N,0
39.00028,23.22832,304.39,0.65,0.73,2021-08-08,2315,N,VIIRS,n,2,292.53,3.31,N,0
39.00012,23.23685,311.69,0.65,0.73,2021-08-08,2315,N,VIIRS,n,2,293.76,4.3,N,0
38.99998,23.24413,311.01,0.65,0.73,2021-08-08,2315,N,VIIRS,n,2,293.31,4.3,N,0
38.9939,23.20368,322.7,0.65,0.73,2021-08-08,2315,N,VIIRS,n,2,293.55,2.78,N,0
38.99372,23.21349,307.45,0.65,0.73,2021-08-08,2315,N,VIIRS,n,2,293.34,2.78,N,0
38.99107,23.35258,314.82,0.64,0.72,2021-08-08,2315,N,VIIRS,n,2,292.93,4.14,N,0
38.99093,23.36011,309.05,0.64,0.72,2021-08-08,2315,N,VIIRS,n,2,292.01,1.86,N,0
38.98704,23.20471,317.31,0.65,0.73,2021-08-08,2315,N,VIIRS,n,2,292.51,9.27,N,0
38.98658,23.22989,306.67,0.65,0.73,2021-08-08,2315,N,VIIRS,n,2,292.33,8.05,N,0
38.98002,23.21481,325.35,0.65,0.73,2021-08-08,2315,N,VIIRS,n,2,292.89,9.27,N,0
38.97987,23.22313,367,0.65,0.73,2021-08-08,2315,N,VIIRS,h,2,296.09,8.05,N,0
38.97972,23.23126,324.29,0.65,0.73,2021-08-08,2315,N,VIIRS,n,2,293.09,8.05,N,0
38.97318,23.21518,329.03,0.65,0.73,2021-08-08,2315,N,VIIRS,n,2,293.22,8.08,N,0
38.97302,23.22428,319.43,0.65,0.73,2021-08-08,2315,N,VIIRS,n,2,292.88,3.42,N,0
38.96619,23.22358,303.34,0.65,0.73,2021-08-08,2315,N,VIIRS,n,2,291.52,3.42,N,0
38.95268,23.21413,316.03,0.65,0.73,2021-08-08,2315,N,VIIRS,n,2,292.56,4.97,N,0
38.95256,23.22117,316.29,0.65,0.73,2021-08-08,2315,N,VIIRS,n,2,292.68,5.13,N,0
38.91888,23.18793,325.47,0.65,0.73,2021-08-08,2315,N,VIIRS,n,2,292.52,3.84,N,0
37.69381,21.85315,302.48,0.76,0.77,2021-08-08,2316,N,VIIRS,n,2,290.64,1.18,N,0
38.99844,23.27387,330.94,0.52,0.5,2021-08-09,0056,N,VIIRS,n,2,293.33,9.15,N,0
39.01838,23.30714,331.48,0.53,0.5,2021-08-09,0056,N,VIIRS,n,2,296.72,10.41,N,0
39.01693,23.31309,348.19,0.53,0.5,2021-08-09,0056,N,VIIRS,n,2,298.24,10.41,N,0
39.0154,23.31937,341.18,0.53,0.5,2021-08-09,0056,N,VIIRS,n,2,296.82,6.73,N,0
39.02246,23.29034,312,0.52,0.5,2021-08-09,0056,N,VIIRS,n,2,295.33,4.39,N,0
39.02108,23.296,311.84,0.52,0.5,2021-08-09,0056,N,VIIRS,n,2,294.91,3.08,N,0
39.01975,23.30147,313.9,0.52,0.5,2021-08-09,0056,N,VIIRS,n,2,294.67,3.08,N,0
39.00945,23.32369,311.96,0.53,0.5,2021-08-09,0056,N,VIIRS,n,2,294.32,6.73,N,0
39.00639,23.33629,315.6,0.53,0.5,2021-08-09,0056,N,VIIRS,n,2,292.36,2.33,N,0
39.00212,23.33366,311.07,0.53,0.5,2021-08-09,0056,N,VIIRS,n,2,294.41,2.64,N,0
38.98727,23.35432,339.16,0.53,0.5,2021-08-09,0056,N,VIIRS,n,2,295.18,9.05,N,0
39.00315,23.26928,336.53,0.52,0.5,2021-08-09,0056,N,VIIRS,n,2,295.57,7.44,N,0
39.00163,23.27556,343.33,0.52,0.5,2021-08-09,0056,N,VIIRS,n,2,295.08,7.57,N,0
39.01664,23.29997,306.51,0.53,0.5,2021-08-09,0056,N,VIIRS,n,2,293.85,1.69,N,0
39.0153,23.30564,306.79,0.53,0.5,2021-08-09,0056,N,VIIRS,n,2,294.31,1.69,N,0
39.01249,23.3175,310.51,0.53,0.5,2021-08-09,0056,N,VIIRS,n,2,294.15,3.44,N,0
39.01098,23.32388,312.03,0.53,0.5,2021-08-09,0056,N,VIIRS,n,2,294.92,2.98,N,0
39.0036,23.33439,325.04,0.53,0.5,2021-08-09,0056,N,VIIRS,n,2,294.37,4.05,N,0
38.98905,23.35442,338.19,0.53,0.5,2021-08-09,0056,N,VIIRS,n,2,295.27,11.03,N,0
39.00293,23.27551,334.11,0.52,0.5,2021-08-09,0056,N,VIIRS,n,2,295.05,9.15,N,0
39.00674,23.23894,341.71,0.52,0.5,2021-08-09,0056,N,VIIRS,n,2,296.89,4.38,N,0
39.00272,23.25588,344.16,0.52,0.5,2021-08-09,0056,N,VIIRS,n,2,296.52,10.88,N,0
39.00136,23.2616,345.1,0.52,0.5,2021-08-09,0056,N,VIIRS,n,2,297.22,10.88,N,0
38.9999,23.26773,355.59,0.52,0.5,2021-08-09,0056,N,VIIRS,n,2,297.13,9.15,N,0
39.00813,23.23313,307.65,0.52,0.5,2021-08-09,0056,N,VIIRS,n,2,293.95,4.38,N,0
39.00529,23.24508,311.54,0.52,0.5,2021-08-09,0056,N,VIIRS,n,2,293.52,3.1,N,0
39.00403,23.25037,306.77,0.52,0.5,2021-08-09,0056,N,VIIRS,n,2,294,3.1,N,0
39.00641,23.21989,329.41,0.52,0.5,2021-08-09,0056,N,VIIRS,n,2,294.88,22.38,N,0
39.00506,23.22556,350.52,0.52,0.5,2021-08-09,0056,N,VIIRS,n,2,305.61,22.38,N,0
39.00375,23.23106,323.66,0.52,0.5,2021-08-09,0056,N,VIIRS,n,2,294.78,4.85,N,0
39.0024,23.23675,320.88,0.52,0.5,2021-08-09,0056,N,VIIRS,n,2,295.43,4.85,N,0
39.00097,23.24276,309.77,0.52,0.5,2021-08-09,0056,N,VIIRS,n,2,295.03,4.45,N,0
38.99817,23.25455,310.84,0.52,0.5,2021-08-09,0056,N,VIIRS,n,2,292.91,3,N,0
38.99678,23.26037,313.84,0.52,0.5,2021-08-09,0056,N,VIIRS,n,2,292.66,3,N,0
39.00204,23.2178,309.1,0.52,0.5,2021-08-09,0056,N,VIIRS,n,2,294.71,22.38,N,0
39.00071,23.22341,311.45,0.52,0.5,2021-08-09,0056,N,VIIRS,n,2,294.66,22.38,N,0
38.99777,23.21531,309.58,0.52,0.5,2021-08-09,0056,N,VIIRS,n,2,294.95,1.98,N,0
38.99642,23.22099,309.22,0.52,0.5,2021-08-09,0056,N,VIIRS,n,2,294.95,1.98,N,0
38.96093,23.36952,307.7,0.53,0.5,2021-08-09,0056,N,VIIRS,n,2,292.34,1.5,N,0
38.9959,23.20276,313.19,0.52,0.5,2021-08-09,0056,N,VIIRS,n,2,294.27,2.42,N,0
38.99461,23.20816,308.07,0.52,0.5,2021-08-09,0056,N,VIIRS,n,2,295.07,2.42,N,0
38.99199,23.21914,311.02,0.52,0.5,2021-08-09,0056,N,VIIRS,n,2,294.79,1.98,N,0
38.98922,23.23077,306.16,0.52,0.5,2021-08-09,0056,N,VIIRS,n,2,293.62,3.59,N,0
38.98788,23.23638,308.35,0.52,0.5,2021-08-09,0056,N,VIIRS,n,2,293.85,2.69,N,0
38.99018,23.20635,334.78,0.52,0.5,2021-08-09,0056,N,VIIRS,n,2,295.95,8.13,N,0
38.98888,23.2118,339.88,0.52,0.5,2021-08-09,0056,N,VIIRS,n,2,296.69,10,N,0
38.98483,23.22873,305.63,0.52,0.5,2021-08-09,0056,N,VIIRS,n,2,293.57,10.47,N,0
38.9835,23.23432,308.14,0.52,0.5,2021-08-09,0056,N,VIIRS,n,2,293.53,6.83,N,0
38.98184,23.2209,354.56,0.52,0.5,2021-08-09,0056,N,VIIRS,n,2,297.21,10.47,N,0
38.9805,23.22652,354.73,0.52,0.5,2021-08-09,0056,N,VIIRS,n,2,298.28,10.47,N,0
38.97913,23.2322,345.59,0.52,0.5,2021-08-09,0056,N,VIIRS,n,2,296.04,6.83,N,0
38.97208,23.26167,307.63,0.52,0.5,2021-08-09,0056,N,VIIRS,n,2,293.18,2.59,N,0
38.97747,23.21882,344.22,0.52,0.5,2021-08-09,0056,N,VIIRS,n,2,297.94,21.8,N,0
38.96906,23.25392,338.92,0.52,0.5,2021-08-09,0056,N,VIIRS,n,2,295.7,9.41,N,0
38.97305,23.21696,352.13,0.52,0.5,2021-08-09,0056,N,VIIRS,n,2,300.44,21.8,N,0
38.97173,23.22243,338.23,0.52,0.5,2021-08-09,0056,N,VIIRS,n,2,295.74,21.8,N,0
38.97037,23.22811,314.12,0.52,0.5,2021-08-09,0056,N,VIIRS,n,2,293.82,3.87,N,0
38.95377,23.21613,325.3,0.52,0.5,2021-08-09,0056,N,VIIRS,n,2,294.43,5.48,N,0
38.95228,23.22231,337.87,0.52,0.5,2021-08-09,0056,N,VIIRS,n,2,294.34,6.13,N,0
38.93578,23.20991,316.01,0.52,0.5,2021-08-09,0056,N,VIIRS,n,2,292.08,2.36,N,0
38.93442,23.21553,307.75,0.52,0.5,2021-08-09,0056,N,VIIRS,n,2,293.32,2.22,N,0
38.9165,23.18894,346.77,0.52,0.5,2021-08-09,0056,N,VIIRS,n,2,296.61,5.68,N,0
38.91503,23.19499,317.38,0.52,0.5,2021-08-09,0056,N,VIIRS,n,2,293.99,3.69,N,0
38.91218,23.18668,315.79,0.52,0.5,2021-08-09,0056,N,VIIRS,n,2,293.37,5.68,N,0
38.9107,23.19275,316.84,0.52,0.5,2021-08-09,0056,N,VIIRS,n,2,293.28,3.69,N,0
38.91695,23.18837,339.15,0.52,0.5,2021-08-09,0056,N,VIIRS,n,2,294.88,4.55,N,0
38.91552,23.19442,316.38,0.52,0.5,2021-08-09,0056,N,VIIRS,n,2,294.17,4.55,N,0
38.91119,23.19214,325.19,0.52,0.5,2021-08-09,0056,N,VIIRS,n,2,293.46,4.13,N,0
38.91262,23.1861,307.23,0.52,0.5,2021-08-09,0056,N,VIIRS,n,2,292.99,4.13,N,0
38.90975,23.19823,311.09,0.52,0.5,2021-08-09,0056,N,VIIRS,n,2,292.99,2.3,N,0
38.90686,23.18988,339.24,0.52,0.5,2021-08-09,0056,N,VIIRS,n,2,295.04,4.13,N,0
38.90539,23.19608,317.41,0.52,0.5,2021-08-09,0056,N,VIIRS,n,2,293.84,2.3,N,0
38.90251,23.18771,305.95,0.52,0.5,2021-08-09,0056,N,VIIRS,n,2,293.44,1.88,N,0
38.88262,23.18944,316.03,0.52,0.5,2021-08-09,0056,N,VIIRS,n,2,293.77,1.84,N,0
38.88116,23.19556,313.93,0.52,0.5,2021-08-09,0056,N,VIIRS,n,2,293.61,1.7,N,0
38.87847,23.18641,301.87,0.52,0.5,2021-08-09,0056,N,VIIRS,n,2,291.68,1.84,N,0
38.87552,23.19874,305.31,0.52,0.5,2021-08-09,0056,N,VIIRS,n,2,293.18,1.7,N,0
37.72391,21.81185,310.45,0.47,0.48,2021-08-09,0056,N,VIIRS,n,2,293.13,1.55,N,0
37.6923,21.84812,322.31,0.48,0.48,2021-08-09,0056,N,VIIRS,n,2,292.2,3.35,N,0
37.69098,21.85376,314.48,0.48,0.48,2021-08-09,0056,N,VIIRS,n,2,291.98,2,N,0
37.68582,21.83717,303.97,0.48,0.48,2021-08-09,0056,N,VIIRS,n,2,292.67,1.2,N,0
37.67636,21.81754,329.07,0.47,0.48,2021-08-09,0056,N,VIIRS,n,2,294.2,3.68,N,0
37.65163,21.80394,317.21,0.47,0.48,2021-08-09,0056,N,VIIRS,n,2,292.85,2.45,N,0
37.63877,21.79928,321.18,0.47,0.48,2021-08-09,0056,N,VIIRS,n,2,292.88,3.97,N,0
37.35799,22.05424,301.73,0.5,0.49,2021-08-09,0056,N,VIIRS,n,2,291.67,1.05,N,0
39.02137,23.31495,352.33,0.53,0.5,2021-08-09,0056,N,VIIRS,n,2,301.23,21.09,N,0
39.02282,23.30898,353.21,0.53,0.5,2021-08-09,0056,N,VIIRS,n,2,300.58,21.09,N,0
39.02417,23.3034,356.03,0.52,0.5,2021-08-09,0056,N,VIIRS,n,2,297.26,8.5,N,0
39.02548,23.29801,341.21,0.52,0.5,2021-08-09,0056,N,VIIRS,n,2,298.32,8.5,N,0
39.02684,23.29241,322.01,0.52,0.5,2021-08-09,0056,N,VIIRS,n,2,296.73,6.59,N,0
39.02822,23.2867,344.11,0.52,0.5,2021-08-09,0056,N,VIIRS,n,2,299.46,6.59,N,0
39.02961,23.28101,331.96,0.52,0.5,2021-08-09,0056,N,VIIRS,n,2,296.38,9.11,N,0
39.02988,23.30003,308.37,0.52,0.5,2021-08-09,0056,N,VIIRS,n,2,294.24,8.5,N,0
39.02571,23.31721,333.22,0.53,0.5,2021-08-09,0056,N,VIIRS,n,2,295.02,21.09,N,0
39.02718,23.31114,354.41,0.53,0.5,2021-08-09,0056,N,VIIRS,n,2,299.42,21.09,N,0
39.01976,23.32155,308.81,0.53,0.5,2021-08-09,0056,N,VIIRS,n,2,293.77,3.42,N,0
39.3847,22.80746,305.2,0.49,0.48,2021-08-09,0056,N,VIIRS,n,2,293.13,0.79,N,2
39.02856,23.30547,346.67,0.52,0.5,2021-08-09,0056,N,VIIRS,n,2,297.73,8.5,N,0
36.71692,22.44259,333.76,0.54,0.51,2021-08-09,0057,N,VIIRS,n,2,294.47,5.82,N,0
37.73168,21.82426,338.93,0.44,0.63,2021-08-09,1037,N,VIIRS,n,2,298.95,2.92,D,0
37.68373,21.83027,335.68,0.44,0.63,2021-08-09,1037,N,VIIRS,n,2,301.2,4.21,D,0
37.685,21.83482,334.1,0.44,0.63,2021-08-09,1037,N,VIIRS,n,2,300.99,6.38,D,0
37.67804,21.83211,356.17,0.44,0.63,2021-08-09,1037,N,VIIRS,n,2,302.28,6.67,D,0
37.35236,22.05343,330.79,0.44,0.62,2021-08-09,1037,N,VIIRS,l,2,300.93,2.26,D,0
37.35895,22.05493,348.48,0.44,0.62,2021-08-09,1037,N,VIIRS,n,2,302.79,5.37,D,0
37.3597,22.05549,336.29,0.44,0.62,2021-08-09,1037,N,VIIRS,n,2,301.08,3.46,D,0
37.35852,22.05128,336.38,0.44,0.62,2021-08-09,1037,N,VIIRS,n,2,302.17,3.46,D,0
37.68043,21.84067,346.68,0.44,0.63,2021-08-09,1037,N,VIIRS,n,2,301.23,6.64,D,0
37.72142,21.67734,337,0.45,0.63,2021-08-09,1037,N,VIIRS,n,2,302.65,5.65,D,0
37.67928,21.83656,331.99,0.44,0.63,2021-08-09,1037,N,VIIRS,n,2,299.83,6.64,D,0
38.98344,23.23128,347.16,0.35,0.57,2021-08-09,1038,N,VIIRS,n,2,298.74,20.48,D,0
38.97729,23.20774,367,0.35,0.57,2021-08-09,1038,N,VIIRS,h,2,297.44,21.09,D,0
38.97837,23.21185,367,0.35,0.57,2021-08-09,1038,N,VIIRS,h,2,298.24,41.3,D,0
38.97112,23.20548,208,0.35,0.57,2021-08-09,1038,N,VIIRS,l,2,305.64,69.39,D,0
39.02246,23.31709,367,0.34,0.56,2021-08-09,1038,N,VIIRS,h,2,300.84,12.54,D,0
39.02156,23.31365,367,0.34,0.56,2021-08-09,1038,N,VIIRS,h,2,306.03,12.54,D,0
39.03492,23.27955,367,0.34,0.56,2021-08-09,1038,N,VIIRS,h,2,298.89,17.9,D,0
38.987,23.20214,340.42,0.35,0.57,2021-08-09,1038,N,VIIRS,n,2,297.97,2.92,D,0
38.96999,23.20115,337.7,0.35,0.57,2021-08-09,1038,N,VIIRS,n,2,296.93,17.94,D,0
38.97339,23.21416,367,0.35,0.57,2021-08-09,1038,N,VIIRS,h,2,301.61,43.44,D,0
38.96614,23.2078,337.66,0.35,0.57,2021-08-09,1038,N,VIIRS,n,2,296.13,69.39,D,0
38.96729,23.21215,338.5,0.35,0.57,2021-08-09,1038,N,VIIRS,n,2,305.49,69.39,D,0
38.96958,23.22092,348.66,0.35,0.57,2021-08-09,1038,N,VIIRS,n,2,297.31,43.44,D,0
38.96844,23.21656,367,0.35,0.57,2021-08-09,1038,N,VIIRS,h,2,302,43.44,D,0
38.9612,23.21026,345.81,0.35,0.57,2021-08-09,1038,N,VIIRS,n,2,299.42,34.14,D,0
38.96339,23.21861,341.69,0.35,0.57,2021-08-09,1038,N,VIIRS,n,2,296.96,15.81,D,0
38.9623,23.21441,367,0.35,0.57,2021-08-09,1038,N,VIIRS,h,2,302.68,34.14,D,0
38.99734,23.34831,367,0.34,0.56,2021-08-09,1038,N,VIIRS,h,2,304.06,19.58,D,0
38.95023,23.21103,336.64,0.35,0.57,2021-08-09,1038,N,VIIRS,n,2,295.19,5.46,D,0
39.01746,23.31918,367,0.34,0.56,2021-08-09,1038,N,VIIRS,h,2,301.63,12.54,D,0
38.98423,23.21291,208,0.35,0.57,2021-08-09,1038,N,VIIRS,l,2,307.84,41.3,D,0
38.98525,23.21684,208,0.35,0.57,2021-08-09,1038,N,VIIRS,l,2,322.54,90.47,D,0
38.9832,23.20899,345.5,0.35,0.57,2021-08-09,1038,N,VIIRS,n,2,298.26,41.3,D,0
38.91075,23.18865,367,0.35,0.57,2021-08-09,1038,N,VIIRS,h,2,303.74,13.31,D,0
38.91168,23.19217,336.68,0.35,0.57,2021-08-09,1038,N,VIIRS,n,2,298.32,13.31,D,0
38.91563,23.18596,332.64,0.35,0.57,2021-08-09,1038,N,VIIRS,n,2,299.75,4.69,D,0
38.91463,23.18217,335.58,0.35,0.57,2021-08-09,1038,N,VIIRS,n,2,298.63,3.07,D,0
38.95217,23.21837,367,0.35,0.57,2021-08-09,1038,N,VIIRS,h,2,298.65,12.45,D,0
38.95121,23.21475,367,0.35,0.57,2021-08-09,1038,N,VIIRS,h,2,298.75,12.45,D,0
38.98627,23.22075,367,0.35,0.57,2021-08-09,1038,N,VIIRS,h,2,316.85,90.47,D,0
38.98908,23.21014,339.35,0.35,0.57,2021-08-09,1038,N,VIIRS,n,2,298.65,6.29,D,0
38.97618,23.20348,351.07,0.35,0.57,2021-08-09,1038,N,VIIRS,n,2,297.19,21.09,D,0
38.9794,23.21578,356.1,0.35,0.57,2021-08-09,1038,N,VIIRS,n,2,309.88,41.3,D,0
38.98042,23.2197,334.97,0.35,0.57,2021-08-09,1038,N,VIIRS,n,2,298.34,90.47,D,0
38.98244,23.22743,331.85,0.35,0.57,2021-08-09,1038,N,VIIRS,n,2,299.67,20.48,D,0
38.90672,23.19456,340.06,0.35,0.57,2021-08-09,1038,N,VIIRS,n,2,298.49,13.31,D,0
38.90384,23.18373,339.21,0.35,0.57,2021-08-09,1038,N,VIIRS,n,2,311.92,41.16,D,0
38.90281,23.17986,338.64,0.35,0.57,2021-08-09,1038,N,VIIRS,n,2,298.73,18.12,D,0
38.91262,23.19573,367,0.35,0.57,2021-08-09,1038,N,VIIRS,h,2,299.38,7.25,D,0
38.90976,23.18493,367,0.35,0.57,2021-08-09,1038,N,VIIRS,h,2,300.32,41.16,D,0
38.8737,23.19821,331.8,0.35,0.57,2021-08-09,1038,N,VIIRS,n,2,297.47,3.1,D,0
38.90451,23.18754,367,0.35,0.57,2021-08-09,1038,N,VIIRS,h,2,308.57,39.21,D,0
38.9073,23.1983,335.66,0.35,0.57,2021-08-09,1038,N,VIIRS,n,2,297.9,7.38,D,0
38.90635,23.19463,333.47,0.35,0.57,2021-08-09,1038,N,VIIRS,n,2,298.19,13.5,D,0
38.90353,23.18378,336.89,0.35,0.57,2021-08-09,1038,N,VIIRS,n,2,310.15,39.21,D,0
38.90252,23.17991,333.21,0.35,0.57,2021-08-09,1038,N,VIIRS,n,2,298.69,15.16,D,0
38.91224,23.19579,367,0.35,0.57,2021-08-09,1038,N,VIIRS,h,2,300.01,7.38,D,0
38.9104,23.18871,367,0.35,0.57,2021-08-09,1038,N,VIIRS,h,2,304.17,13.5,D,0
38.91132,23.19224,336.68,0.35,0.57,2021-08-09,1038,N,VIIRS,n,2,298.16,13.5,D,0
38.90943,23.18497,349.73,0.35,0.57,2021-08-09,1038,N,VIIRS,n,2,299.58,39.21,D,0
38.91529,23.186,339.85,0.35,0.57,2021-08-09,1038,N,VIIRS,n,2,299.93,6.02,D,0
38.91431,23.1822,341.65,0.35,0.57,2021-08-09,1038,N,VIIRS,n,2,298.65,4.56,D,0
38.90483,23.18749,367,0.35,0.57,2021-08-09,1038,N,VIIRS,h,2,307.76,41.16,D,0
38.90768,23.19821,334.03,0.35,0.57,2021-08-09,1038,N,VIIRS,n,2,297.58,7.25,D,0
36.73408,22.39191,351.52,0.42,0.61,2021-08-09,1217,N,VIIRS,n,2,300.45,16.52,D,0
36.73448,22.39989,350.69,0.42,0.61,2021-08-09,1217,N,VIIRS,n,2,303.7,15.41,D,0
36.73466,22.40353,338.41,0.42,0.61,2021-08-09,1217,N,VIIRS,n,2,301.15,15.41,D,0
36.7343,22.39636,367,0.42,0.61,2021-08-09,1217,N,VIIRS,h,2,310.79,16.52,D,0
36.72871,22.39861,353.33,0.42,0.61,2021-08-09,1217,N,VIIRS,n,2,303.84,16.52,D,0
37.724,21.82293,350.94,0.39,0.6,2021-08-09,1218,N,VIIRS,n,2,301.14,14.71,D,0
38.9665,23.22527,332.29,0.48,0.65,2021-08-09,1218,N,VIIRS,n,2,295.81,24.94,D,0
39.03526,23.27882,337.08,0.48,0.65,2021-08-09,1218,N,VIIRS,n,2,297.09,4.6,D,0
39.03001,23.30075,341.82,0.48,0.65,2021-08-09,1218,N,VIIRS,n,2,298.31,3.58,D,0
39.01844,23.31713,334.38,0.49,0.65,2021-08-09,1218,N,VIIRS,n,2,298.58,6.96,D,0
39.00946,23.23916,332.8,0.48,0.65,2021-08-09,1218,N,VIIRS,n,2,299.72,3.63,D,0
38.96752,23.25435,331.39,0.48,0.65,2021-08-09,1218,N,VIIRS,n,2,299.07,3.97,D,0
38.96631,23.21983,367,0.48,0.65,2021-08-09,1218,N,VIIRS,h,2,301.85,24.94,D,0
38.96008,23.21515,337.98,0.48,0.65,2021-08-09,1218,N,VIIRS,n,2,298.11,6.29,D,0
38.95989,23.20976,367,0.48,0.65,2021-08-09,1218,N,VIIRS,h,2,300.74,6.29,D,0
38.91664,23.18382,342.73,0.48,0.64,2021-08-09,1218,N,VIIRS,n,2,300.15,3.68,D,0
38.91551,23.18707,341.08,0.48,0.64,2021-08-09,1218,N,VIIRS,n,2,299.88,21.51,D,0
38.90943,23.1863,367,0.48,0.64,2021-08-09,1218,N,VIIRS,h,2,304.91,21.51,D,0
38.90336,23.18576,353.73,0.48,0.64,2021-08-09,1218,N,VIIRS,n,2,301.81,8.53,D,0
37.72087,21.67056,349.25,0.39,0.59,2021-08-09,1218,N,VIIRS,n,2,304.68,105.23,D,0
37.72131,21.67911,347.99,0.39,0.59,2021-08-09,1218,N,VIIRS,n,2,311.01,59.78,D,0
37.72153,21.6834,367,0.39,0.59,2021-08-09,1218,N,VIIRS,h,2,304.91,59.78,D,0
37.72861,21.82365,367,0.39,0.6,2021-08-09,1218,N,VIIRS,h,2,303.41,112.18,D,0
37.72907,21.83293,367,0.4,0.6,2021-08-09,1218,N,VIIRS,h,2,302.63,51.33,D,0
37.71578,21.6794,208,0.39,0.59,2021-08-09,1218,N,VIIRS,l,2,321.93,59.78,D,0
37.72248,21.81283,330.53,0.39,0.6,2021-08-09,1218,N,VIIRS,n,2,302.27,6.91,D,0
37.71599,21.68361,367,0.39,0.59,2021-08-09,1218,N,VIIRS,h,2,313.89,59.78,D,0
37.72266,21.81645,367,0.39,0.6,2021-08-09,1218,N,VIIRS,h,2,308.14,39.05,D,0
38.9837,23.19838,348.96,0.48,0.65,2021-08-09,1218,N,VIIRS,n,2,299.49,50.47,D,0
37.72285,21.82026,367,0.39,0.6,2021-08-09,1218,N,VIIRS,h,2,310.28,39.05,D,0
37.70718,21.72904,367,0.39,0.59,2021-08-09,1218,N,VIIRS,h,2,309.34,13.05,D,0
37.7214,21.67792,350.83,0.39,0.59,2021-08-09,1218,N,VIIRS,n,2,310.86,58.68,D,0
37.72955,21.82221,335.96,0.39,0.6,2021-08-09,1218,N,VIIRS,n,2,300.79,78.13,D,0
37.72164,21.68219,367,0.39,0.59,2021-08-09,1218,N,VIIRS,h,2,308.73,58.68,D,0
37.73006,21.83127,367,0.39,0.6,2021-08-09,1218,N,VIIRS,h,2,311.16,95.59,D,0
37.71635,21.68667,336.27,0.39,0.59,2021-08-09,1218,N,VIIRS,n,2,303.55,44.37,D,0
38.98411,23.20946,367,0.48,0.65,2021-08-09,1218,N,VIIRS,h,2,300,42.47,D,0
38.98431,23.2149,367,0.48,0.65,2021-08-09,1218,N,VIIRS,h,2,304.7,42.47,D,0
38.97784,23.20355,342.19,0.48,0.65,2021-08-09,1218,N,VIIRS,n,2,310.33,50.47,D,0
38.97803,23.20877,354.2,0.48,0.65,2021-08-09,1218,N,VIIRS,n,2,304.63,42.47,D,0
38.97822,23.21418,367,0.48,0.65,2021-08-09,1218,N,VIIRS,h,2,303.33,42.47,D,0
38.97217,23.21436,340.55,0.48,0.65,2021-08-09,1218,N,VIIRS,n,2,298.44,63.45,D,0
38.97235,23.21938,333.53,0.48,0.65,2021-08-09,1218,N,VIIRS,n,2,296.7,24.94,D,0
38.97199,23.20935,367,0.48,0.65,2021-08-09,1218,N,VIIRS,h,2,304.56,63.45,D,0
38.96595,23.20969,343.36,0.48,0.65,2021-08-09,1218,N,VIIRS,n,2,309.82,63.45,D,0
38.96612,23.21473,351.1,0.48,0.65,2021-08-09,1218,N,VIIRS,n,2,308.47,63.45,D,0
37.72379,21.81891,349.28,0.39,0.6,2021-08-09,1218,N,VIIRS,n,2,309.11,22.88,D,0
37.72425,21.8274,332.19,0.39,0.6,2021-08-09,1218,N,VIIRS,n,2,302.5,14.71,D,0
37.71611,21.68241,367,0.39,0.59,2021-08-09,1218,N,VIIRS,h,2,331.96,145.07,D,0
37.72358,21.81519,367,0.39,0.6,2021-08-09,1218,N,VIIRS,h,2,304.87,22.88,D,0
37.7078,21.73212,345.48,0.39,0.59,2021-08-09,1218,N,VIIRS,n,2,308,11.94,D,0
37.70755,21.72758,367,0.39,0.59,2021-08-09,1218,N,VIIRS,h,2,306.15,9.88,D,0
37.68547,21.83357,342.83,0.39,0.6,2021-08-09,1218,N,VIIRS,n,2,303.36,5.74,D,0
37.68576,21.83889,338.98,0.39,0.6,2021-08-09,1218,N,VIIRS,n,2,302.99,5.96,D,0
37.67966,21.8294,348.69,0.39,0.6,2021-08-09,1218,N,VIIRS,n,2,304.2,11.95,D,0
37.67993,21.83439,357.96,0.39,0.6,2021-08-09,1218,N,VIIRS,n,2,306.5,11.95,D,0
37.68023,21.83997,367,0.39,0.6,2021-08-09,1218,N,VIIRS,h,2,304.24,11.95,D,0
37.67474,21.8419,341.61,0.39,0.6,2021-08-09,1218,N,VIIRS,n,2,303.27,11.95,D,0
37.65595,21.80319,344.56,0.39,0.6,2021-08-09,1218,N,VIIRS,n,2,301.87,9.12,D,0
37.65617,21.80752,355.57,0.39,0.6,2021-08-09,1218,N,VIIRS,n,2,305.85,12.45,D,0
37.6564,21.81175,367,0.39,0.6,2021-08-09,1218,N,VIIRS,h,2,304.39,12.45,D,0
37.6506,21.80749,367,0.39,0.6,2021-08-09,1218,N,VIIRS,h,2,308.01,12.45,D,0
37.3555,22.05451,331.07,0.4,0.6,2021-08-09,1218,N,VIIRS,l,2,301.99,2.57,D,0
38.98391,23.20403,367,0.48,0.65,2021-08-09,1218,N,VIIRS,h,2,304.96,50.47,D,0
38.98451,23.22039,340.25,0.48,0.65,2021-08-09,1218,N,VIIRS,n,2,301.29,27.36,D,0
38.98491,23.23154,337.14,0.48,0.65,2021-08-09,1218,N,VIIRS,n,2,300,5.32,D,0
37.05824,26.92189,309.29,0.72,0.76,2021-08-09,2257,N,VIIRS,n,2,293.21,2.32,N,0
37.05534,26.92621,320.07,0.72,0.76,2021-08-09,2257,N,VIIRS,n,2,293.32,2.9,N,0
39.03243,23.28785,310.36,0.47,0.4,2021-08-10,0037,N,VIIRS,n,2,295.89,2.98,N,0
39.02253,23.31845,346.02,0.48,0.4,2021-08-10,0037,N,VIIRS,n,2,301.31,9.4,N,0
39.02721,23.31417,319.12,0.48,0.4,2021-08-10,0037,N,VIIRS,n,2,296.94,3.92,N,0
39.02826,23.30886,318,0.47,0.4,2021-08-10,0037,N,VIIRS,n,2,297.29,3.92,N,0
39.03035,23.29836,318.07,0.47,0.4,2021-08-10,0037,N,VIIRS,n,2,298.26,4.32,N,0
39.03455,23.27716,309.96,0.47,0.4,2021-08-10,0037,N,VIIRS,n,2,295.98,9.53,N,0
39.03139,23.2931,320.04,0.47,0.4,2021-08-10,0037,N,VIIRS,n,2,298.61,2.98,N,0
39.02608,23.31981,335.6,0.48,0.4,2021-08-10,0037,N,VIIRS,n,2,298.4,9.4,N,0
39.03497,23.29432,341.47,0.47,0.4,2021-08-10,0037,N,VIIRS,n,2,306.36,8.81,N,0
39.03392,23.29961,329.27,0.47,0.4,2021-08-10,0037,N,VIIRS,n,2,301.52,15.43,N,0
39.03287,23.30489,326,0.47,0.4,2021-08-10,0037,N,VIIRS,n,2,298.69,15.43,N,0
38.98796,23.2247,314.38,0.47,0.4,2021-08-10,0037,N,VIIRS,n,2,294.3,1.93,N,0
38.989,23.21938,310.92,0.47,0.4,2021-08-10,0037,N,VIIRS,n,2,295.67,1.93,N,0
38.98601,23.1958,305.48,0.47,0.4,2021-08-10,0037,N,VIIRS,n,2,295.07,2.32,N,0
38.98497,23.20113,335.51,0.47,0.4,2021-08-10,0037,N,VIIRS,n,2,297.45,2.32,N,0
38.98337,23.22868,325.22,0.47,0.4,2021-08-10,0037,N,VIIRS,n,2,295.51,2.44,N,0
38.98851,23.20245,329.51,0.47,0.4,2021-08-10,0037,N,VIIRS,n,2,296.68,2.68,N,0
39.0335,23.2825,340.86,0.47,0.4,2021-08-10,0037,N,VIIRS,n,2,301.52,9.53,N,0
38.99207,23.20374,309.91,0.47,0.4,2021-08-10,0037,N,VIIRS,n,2,295.88,2.68,N,0
39.01525,23.31935,337.79,0.48,0.4,2021-08-10,0037,N,VIIRS,n,2,294.87,9.27,N,0
39.01991,23.31501,313.67,0.48,0.4,2021-08-10,0037,N,VIIRS,n,2,295.92,7.43,N,0
39.01883,23.3206,338.19,0.48,0.4,2021-08-10,0037,N,VIIRS,n,2,306.16,47.22,N,0
39.02862,23.28986,309.35,0.47,0.4,2021-08-10,0037,N,VIIRS,n,2,294.95,2.43,N,0
38.71868,23.41553,307.32,0.48,0.4,2021-08-10,0037,N,VIIRS,n,2,294.31,1.12,N,0
38.72219,23.41723,308.53,0.48,0.4,2021-08-10,0037,N,VIIRS,n,2,294.51,1.12,N,0
38.8783,23.18536,320.19,0.47,0.4,2021-08-10,0037,N,VIIRS,n,2,295.52,3.16,N,0
38.87938,23.17983,320.54,0.47,0.4,2021-08-10,0037,N,VIIRS,n,2,294.72,2.84,N,0
38.90608,23.17953,334.71,0.47,0.4,2021-08-10,0037,N,VIIRS,n,2,299.6,6.85,N,0
38.9071,23.17434,329.81,0.47,0.4,2021-08-10,0037,N,VIIRS,n,2,295.64,6.85,N,0
39.02349,23.31628,342.86,0.48,0.4,2021-08-10,0037,N,VIIRS,n,2,302.77,7.43,N,0
39.02811,23.31213,312.91,0.48,0.4,2021-08-10,0037,N,VIIRS,n,2,296.69,5.87,N,0
39.02914,23.30681,319.06,0.48,0.4,2021-08-10,0037,N,VIIRS,n,2,296.67,4.67,N,0
39.03016,23.30161,310.95,0.47,0.4,2021-08-10,0037,N,VIIRS,n,2,296.33,4.67,N,0
39.02705,23.31764,334.12,0.48,0.4,2021-08-10,0037,N,VIIRS,n,2,299.6,5.87,N,0
39.03117,23.2964,321.75,0.47,0.4,2021-08-10,0037,N,VIIRS,n,2,298.86,7.06,N,0
39.0322,23.2911,322.29,0.47,0.4,2021-08-10,0037,N,VIIRS,n,2,298.18,7.06,N,0
38.90964,23.1808,307.58,0.47,0.4,2021-08-10,0037,N,VIIRS,n,2,295.05,6.85,N,0
38.94752,23.21723,307.29,0.47,0.4,2021-08-10,0037,N,VIIRS,n,2,293.92,0.98,N,0
38.95431,23.20217,313.09,0.47,0.4,2021-08-10,0037,N,VIIRS,n,2,296.22,2.28,N,0
38.95327,23.20745,329.91,0.47,0.4,2021-08-10,0037,N,VIIRS,n,2,295.86,3.83,N,0
38.95683,23.20868,309.3,0.47,0.4,2021-08-10,0037,N,VIIRS,n,2,296.24,1.94,N,0
38.95787,23.20344,309.07,0.47,0.4,2021-08-10,0037,N,VIIRS,n,2,296.25,1.34,N,0
39.03427,23.28042,346.46,0.47,0.4,2021-08-10,0037,N,VIIRS,n,2,302.38,24.61,N,0
40.28418,23.44633,306.03,0.46,0.39,2021-08-10,0037,N,VIIRS,n,2,294.78,0.89,N,2
39.38775,22.80668,308.5,0.45,0.39,2021-08-10,0037,N,VIIRS,n,2,295.08,1.07,N,2
39.03999,23.30754,316.41,0.47,0.4,2021-08-10,0037,N,VIIRS,n,2,296.87,3.25,N,3
39.03891,23.31293,310.04,0.47,0.4,2021-08-10,0037,N,VIIRS,n,2,296.14,2.56,N,3
39.03854,23.29554,341.36,0.47,0.4,2021-08-10,0037,N,VIIRS,n,2,300.5,8.81,N,3
39.03749,23.30087,347.9,0.47,0.4,2021-08-10,0037,N,VIIRS,n,2,305.58,15.43,N,0
39.03643,23.30621,367,0.47,0.4,2021-08-10,0037,N,VIIRS,h,2,312.79,15.43,N,0
39.03537,23.31156,333.99,0.47,0.4,2021-08-10,0037,N,VIIRS,n,2,309.17,16.5,N,0
39.03707,23.28372,330.9,0.47,0.4,2021-08-10,0037,N,VIIRS,n,2,296.53,5.62,N,0
39.03601,23.28909,332.04,0.47,0.4,2021-08-10,0037,N,VIIRS,n,2,297.82,8.81,N,0
38.95578,23.21402,320.67,0.47,0.4,2021-08-10,0037,N,VIIRS,n,2,295.59,1.94,N,0
38.95936,23.21518,315.44,0.47,0.4,2021-08-10,0037,N,VIIRS,n,2,295.31,1.94,N,0
38.96143,23.2047,306.32,0.47,0.4,2021-08-10,0037,N,VIIRS,n,2,296.01,1.34,N,0
39.03165,23.31363,330.76,0.48,0.4,2021-08-10,0037,N,VIIRS,n,2,297.25,5.87,N,0
39.03181,23.31019,353.84,0.47,0.4,2021-08-10,0037,N,VIIRS,n,2,303.1,16.5,N,0
39.03075,23.31555,311.77,0.48,0.4,2021-08-10,0037,N,VIIRS,n,2,295.79,16.5,N,0
39.03269,23.30826,350.96,0.48,0.4,2021-08-10,0037,N,VIIRS,n,2,304.48,4.67,N,0
39.03372,23.30293,327.3,0.47,0.4,2021-08-10,0037,N,VIIRS,n,2,299.18,4.67,N,0
39.03475,23.29763,333.1,0.47,0.4,2021-08-10,0037,N,VIIRS,n,2,302.33,7.06,N,0
38.97422,23.19771,309.62,0.47,0.4,2021-08-10,0037,N,VIIRS,n,2,296.23,1.89,N,0
38.97525,23.19245,313.79,0.47,0.4,2021-08-10,0037,N,VIIRS,n,2,294.81,1.89,N,0
38.96912,23.22365,322.64,0.47,0.4,2021-08-10,0037,N,VIIRS,n,2,294.86,2.17,N,0
38.97628,23.1872,334.31,0.47,0.4,2021-08-10,0037,N,VIIRS,n,2,298.2,8.88,N,0
38.98243,23.19464,305.3,0.47,0.4,2021-08-10,0037,N,VIIRS,n,2,295.07,2.32,N,0
39.03578,23.29233,348.05,0.47,0.4,2021-08-10,0037,N,VIIRS,n,2,307.34,7.06,N,0
39.02365,23.31282,309.6,0.48,0.4,2021-08-10,0037,N,VIIRS,n,2,296.78,3.92,N,0
37.35054,22.04984,303.47,0.45,0.39,2021-08-10,0038,N,VIIRS,n,2,292.77,1.98,N,0
37.63773,21.80627,318.93,0.44,0.38,2021-08-10,0038,N,VIIRS,n,2,294.51,2.37,N,0
37.67134,21.83887,304.04,0.44,0.38,2021-08-10,0038,N,VIIRS,n,2,293.23,1.19,N,0
37.67485,21.83976,323.83,0.44,0.38,2021-08-10,0038,N,VIIRS,n,2,295.31,3.03,N,0
37.68085,21.84686,311.99,0.44,0.38,2021-08-10,0038,N,VIIRS,n,2,294.04,1.24,N,0
37.72643,21.66939,335.87,0.77,0.78,2021-08-10,1019,N,VIIRS,n,2,298.84,8.62,D,0
37.72026,21.67464,347.71,0.77,0.78,2021-08-10,1019,N,VIIRS,n,2,302.11,8.62,D,0
38.75376,23.37506,332.72,0.6,0.7,2021-08-10,1019,N,VIIRS,n,2,300.22,4.9,D,0
37.72333,21.66011,333.64,0.77,0.78,2021-08-10,1019,N,VIIRS,n,2,299.68,8.62,D,0
37.35227,22.06445,331,0.76,0.77,2021-08-10,1019,N,VIIRS,n,2,299.08,7.19,D,0
37.63599,21.79587,367,0.77,0.77,2021-08-10,1019,N,VIIRS,h,2,302.52,13.43,D,0
37.63971,21.80725,330.91,0.77,0.77,2021-08-10,1019,N,VIIRS,n,2,301.89,13.43,D,0
37.70193,21.7251,352.99,0.77,0.77,2021-08-10,1019,N,VIIRS,n,2,304.36,14.71,D,0
38.75312,23.37411,336.25,0.6,0.7,2021-08-10,1019,N,VIIRS,n,2,299.9,5.38,D,0
37.7239,21.67188,367,0.77,0.78,2021-08-10,1019,N,VIIRS,h,2,300.83,25.16,D,0
38.95065,23.21048,367,0.6,0.71,2021-08-10,1019,N,VIIRS,h,2,298.02,14.22,D,0
38.95117,23.21241,345.16,0.6,0.71,2021-08-10,1019,N,VIIRS,n,2,296.43,7.47,D,0
38.94909,23.20574,344.41,0.6,0.71,2021-08-10,1019,N,VIIRS,n,2,296.38,7.47,D,0
37.72094,21.66286,345.22,0.77,0.78,2021-08-10,1019,N,VIIRS,n,2,300.88,14.91,D,0
37.63551,21.81746,367,0.43,0.46,2021-08-10,1159,N,VIIRS,h,2,341.82,135.67,D,0
37.25425,21.9699,367,0.44,0.46,2021-08-10,1159,N,VIIRS,h,2,308.61,10.85,D,0
37.25852,21.9693,335.82,0.44,0.46,2021-08-10,1159,N,VIIRS,n,2,307.44,2.41,D,0
37.34653,22.05509,340.22,0.44,0.46,2021-08-10,1159,N,VIIRS,n,2,306.73,8.51,D,0
37.34607,22.04999,346.65,0.44,0.46,2021-08-10,1159,N,VIIRS,n,2,309.95,8.51,D,0
37.61112,21.86526,340.56,0.44,0.46,2021-08-10,1159,N,VIIRS,n,2,298.34,6.02,D,0
37.61065,21.86029,345,0.44,0.46,2021-08-10,1159,N,VIIRS,n,2,300.28,6.02,D,0
37.61019,21.85544,346.31,0.44,0.46,2021-08-10,1159,N,VIIRS,n,2,303.46,38.44,D,0
37.60971,21.85043,353.27,0.44,0.46,2021-08-10,1159,N,VIIRS,n,2,310.5,38.44,D,0
37.60877,21.8405,355.02,0.43,0.46,2021-08-10,1159,N,VIIRS,n,2,311.39,74.64,D,0
37.60925,21.84551,367,0.43,0.46,2021-08-10,1159,N,VIIRS,l,2,327.72,74.64,D,0
37.61443,21.85459,367,0.44,0.46,2021-08-10,1159,N,VIIRS,h,2,305.79,38.44,D,0
37.61536,21.8644,346.3,0.44,0.46,2021-08-10,1159,N,VIIRS,n,2,300.2,6.02,D,0
37.61489,21.85943,354.29,0.44,0.46,2021-08-10,1159,N,VIIRS,n,2,302.43,6.02,D,0
37.61395,21.84959,356.26,0.44,0.46,2021-08-10,1159,N,VIIRS,n,2,314.94,38.44,D,0
37.61253,21.83465,352.11,0.43,0.46,2021-08-10,1159,N,VIIRS,n,2,321.3,35.58,D,0
37.61206,21.82973,355.95,0.43,0.46,2021-08-10,1159,N,VIIRS,n,2,314.43,35.58,D,0
37.61348,21.84457,367,0.43,0.46,2021-08-10,1159,N,VIIRS,l,2,333.9,74.64,D,0
37.61301,21.83962,367,0.43,0.46,2021-08-10,1159,N,VIIRS,l,2,328.88,74.64,D,0
37.61272,21.85202,367,0.44,0.46,2021-08-10,1159,N,VIIRS,h,2,306.64,67.51,D,0
37.61229,21.84709,367,0.44,0.46,2021-08-10,1159,N,VIIRS,h,2,343.35,203.72,D,0
37.61317,21.85703,352.99,0.44,0.46,2021-08-10,1159,N,VIIRS,n,2,303.72,67.51,D,0
37.61184,21.84206,367,0.44,0.46,2021-08-10,1159,N,VIIRS,l,2,327.28,203.72,D,0
37.61741,21.85609,367,0.44,0.46,2021-08-10,1159,N,VIIRS,h,2,305.2,67.51,D,0
37.61608,21.84124,367,0.44,0.46,2021-08-10,1159,N,VIIRS,h,2,330.75,203.72,D,0
37.61477,21.82663,367,0.43,0.46,2021-08-10,1159,N,VIIRS,h,2,331.99,102.15,D,0
37.61785,21.86098,354.47,0.44,0.46,2021-08-10,1159,N,VIIRS,n,2,301.83,24.69,D,0
37.61697,21.8511,353.92,0.44,0.46,2021-08-10,1159,N,VIIRS,n,2,317.25,67.51,D,0
37.61652,21.84612,367,0.44,0.46,2021-08-10,1159,N,VIIRS,l,2,368.83,203.72,D,0
37.61563,21.83626,367,0.43,0.46,2021-08-10,1159,N,VIIRS,l,2,326.45,101.87,D,0
37.61519,21.83132,367,0.43,0.46,2021-08-10,1159,N,VIIRS,l,2,329.85,101.87,D,0
37.62165,21.85517,367,0.44,0.46,2021-08-10,1159,N,VIIRS,h,2,305.75,47.74,D,0
37.61988,21.83555,367,0.43,0.46,2021-08-10,1159,N,VIIRS,h,2,347.88,114.62,D,0
37.62121,21.85024,356.87,0.44,0.46,2021-08-10,1159,N,VIIRS,n,2,309.82,47.74,D,0
37.62077,21.84534,367,0.44,0.46,2021-08-10,1159,N,VIIRS,l,2,363.22,298.75,D,0
37.62033,21.84046,367,0.44,0.46,2021-08-10,1159,N,VIIRS,l,2,377.23,298.75,D,0
37.61945,21.83068,367,0.43,0.46,2021-08-10,1159,N,VIIRS,l,2,332.2,114.62,D,0
37.61903,21.82594,367,0.43,0.46,2021-08-10,1159,N,VIIRS,l,2,343.73,47.68,D,0
37.61859,21.82113,367,0.43,0.46,2021-08-10,1159,N,VIIRS,l,2,326.96,47.68,D,0
37.62284,21.82043,367,0.43,0.46,2021-08-10,1159,N,VIIRS,h,2,318.49,47.68,D,0
37.62548,21.84972,354.87,0.44,0.46,2021-08-10,1159,N,VIIRS,n,2,306.83,47.74,D,0
37.62504,21.84479,357.19,0.44,0.46,2021-08-10,1159,N,VIIRS,n,2,310.97,298.75,D,0
37.62328,21.8253,356.79,0.43,0.46,2021-08-10,1159,N,VIIRS,n,2,321.24,47.68,D,0
37.6246,21.83989,367,0.44,0.46,2021-08-10,1159,N,VIIRS,l,2,346.78,298.75,D,0
37.62416,21.83499,367,0.43,0.46,2021-08-10,1159,N,VIIRS,l,2,357.56,114.62,D,0
37.62372,21.83014,367,0.43,0.46,2021-08-10,1159,N,VIIRS,l,2,329.6,114.62,D,0
37.628,21.82972,367,0.43,0.46,2021-08-10,1159,N,VIIRS,h,2,341.02,196.06,D,0
37.62709,21.81974,367,0.43,0.46,2021-08-10,1159,N,VIIRS,h,2,319.76,60.84,D,0
37.62931,21.84429,355.21,0.44,0.46,2021-08-10,1159,N,VIIRS,n,2,311.1,99.18,D,0
37.62755,21.8248,349.83,0.43,0.46,2021-08-10,1159,N,VIIRS,n,2,321.49,60.84,D,0
37.62661,21.81437,355.33,0.43,0.46,2021-08-10,1159,N,VIIRS,n,2,321.53,40.69,D,0
37.62887,21.83937,367,0.44,0.46,2021-08-10,1159,N,VIIRS,l,2,333.95,99.18,D,0
37.62843,21.83455,367,0.43,0.46,2021-08-10,1159,N,VIIRS,l,2,360.52,196.06,D,0
37.63315,21.83891,367,0.44,0.46,2021-08-10,1159,N,VIIRS,h,2,311.96,99.18,D,0
37.6327,21.83393,367,0.43,0.46,2021-08-10,1159,N,VIIRS,h,2,330.42,196.06,D,0
37.63178,21.82387,367,0.43,0.46,2021-08-10,1159,N,VIIRS,h,2,344.55,60.84,D,0
37.63403,21.84869,350.44,0.44,0.46,2021-08-10,1159,N,VIIRS,n,2,308.06,49.08,D,0
37.63133,21.81887,355.17,0.43,0.46,2021-08-10,1159,N,VIIRS,n,2,325.16,60.84,D,0
37.63084,21.81343,356.83,0.43,0.46,2021-08-10,1159,N,VIIRS,n,2,321.38,40.69,D,0
37.62994,21.8035,347.92,0.43,0.46,2021-08-10,1159,N,VIIRS,n,2,314.68,20.4,D,0
37.63359,21.84378,367,0.44,0.46,2021-08-10,1159,N,VIIRS,l,2,325.64,99.18,D,0
37.63224,21.82894,367,0.43,0.46,2021-08-10,1159,N,VIIRS,l,2,351.67,196.06,D,0
37.63037,21.80829,367,0.43,0.46,2021-08-10,1159,N,VIIRS,l,2,330.5,40.69,D,0
37.63648,21.82806,367,0.43,0.46,2021-08-10,1159,N,VIIRS,h,2,339.62,120.13,D,0
37.63416,21.80262,367,0.43,0.46,2021-08-10,1159,N,VIIRS,h,2,354.14,192.98,D,0
37.63786,21.84325,352.71,0.44,0.46,2021-08-10,1159,N,VIIRS,n,2,308.53,64.39,D,0
37.63696,21.83334,345.61,0.43,0.46,2021-08-10,1159,N,VIIRS,n,2,317.96,120.13,D,0
37.63459,21.80727,354.82,0.43,0.46,2021-08-10,1159,N,VIIRS,n,2,327.34,72.74,D,0
37.63742,21.8384,350.71,0.44,0.46,2021-08-10,1159,N,VIIRS,l,2,325.52,64.39,D,0
37.636,21.82278,367,0.43,0.46,2021-08-10,1159,N,VIIRS,l,2,366.57,135.67,D,0
37.63504,21.81218,367,0.43,0.46,2021-08-10,1159,N,VIIRS,l,2,337.31,72.74,D,0
37.6412,21.83246,367,0.43,0.46,2021-08-10,1159,N,VIIRS,h,2,342.58,120.13,D,0
37.64023,21.82186,367,0.43,0.46,2021-08-10,1159,N,VIIRS,h,2,315,135.67,D,0
37.63883,21.80648,367,0.43,0.46,2021-08-10,1159,N,VIIRS,h,2,319.22,72.74,D,0
37.6384,21.80188,367,0.43,0.46,2021-08-10,1159,N,VIIRS,h,2,345.93,192.98,D,0
37.64214,21.84282,351.21,0.44,0.46,2021-08-10,1159,N,VIIRS,n,2,308.07,64.39,D,0
37.64071,21.82712,352.1,0.43,0.46,2021-08-10,1159,N,VIIRS,n,2,312.74,120.13,D,0
37.64169,21.83789,367,0.44,0.46,2021-08-10,1159,N,VIIRS,l,2,332.63,64.39,D,0
37.63975,21.81658,367,0.43,0.46,2021-08-10,1159,N,VIIRS,l,2,329.42,135.67,D,0
37.64545,21.83174,367,0.43,0.46,2021-08-10,1159,N,VIIRS,l,2,353.35,70.52,D,0
37.64496,21.8264,367,0.43,0.46,2021-08-10,1159,N,VIIRS,l,2,325.72,70.52,D,0
37.64972,21.83128,367,0.43,0.46,2021-08-10,1159,N,VIIRS,h,2,316.21,70.52,D,0
37.64924,21.82596,351.2,0.43,0.46,2021-08-10,1159,N,VIIRS,n,2,316.79,70.52,D,0
37.65594,21.80496,341.98,0.43,0.46,2021-08-10,1159,N,VIIRS,n,2,309.9,9.24,D,0
37.65358,21.77941,346.81,0.43,0.46,2021-08-10,1159,N,VIIRS,n,2,314.83,5.93,D,0
37.66483,21.85457,367,0.44,0.46,2021-08-10,1159,N,VIIRS,h,2,324.18,78.74,D,0
37.66526,21.85938,349.64,0.44,0.46,2021-08-10,1159,N,VIIRS,n,2,307.53,78.74,D,0
37.66345,21.83966,350.69,0.44,0.46,2021-08-10,1159,N,VIIRS,n,2,311.89,70.63,D,0
37.66438,21.8497,367,0.44,0.46,2021-08-10,1159,N,VIIRS,l,2,345.5,185.01,D,0
37.66392,21.84474,367,0.44,0.46,2021-08-10,1159,N,VIIRS,l,2,328.01,185.01,D,0
37.66954,21.85881,347.72,0.44,0.46,2021-08-10,1159,N,VIIRS,n,2,307.47,78.74,D,0
37.66911,21.85408,353.52,0.44,0.46,2021-08-10,1159,N,VIIRS,n,2,321.02,78.74,D,0
37.66865,21.84909,367,0.44,0.46,2021-08-10,1159,N,VIIRS,l,2,373.04,185.01,D,0
37.66816,21.84386,367,0.44,0.46,2021-08-10,1159,N,VIIRS,l,2,329.79,185.01,D,0
37.66766,21.83842,367,0.44,0.46,2021-08-10,1159,N,VIIRS,l,2,336.75,70.63,D,0
37.67289,21.84833,367,0.44,0.46,2021-08-10,1159,N,VIIRS,h,2,343.27,138.58,D,0
37.67337,21.85343,355.37,0.44,0.46,2021-08-10,1159,N,VIIRS,n,2,309.77,52.24,D,0
37.67239,21.84287,367,0.44,0.46,2021-08-10,1159,N,VIIRS,l,2,342.56,138.58,D,0
37.67186,21.83721,367,0.44,0.46,2021-08-10,1159,N,VIIRS,l,2,325.74,41.73,D,0
37.67658,21.84147,367,0.44,0.46,2021-08-10,1159,N,VIIRS,h,2,328.24,138.58,D,0
37.67763,21.85272,354.93,0.44,0.46,2021-08-10,1159,N,VIIRS,n,2,323.4,52.24,D,0
37.67713,21.84734,354.68,0.44,0.46,2021-08-10,1159,N,VIIRS,n,2,314.38,138.58,D,0
37.67606,21.83589,356.43,0.44,0.46,2021-08-10,1159,N,VIIRS,n,2,311.73,41.73,D,0
37.68237,21.85713,367,0.44,0.46,2021-08-10,1159,N,VIIRS,h,2,314.23,19.01,D,0
37.68187,21.85186,367,0.44,0.46,2021-08-10,1159,N,VIIRS,h,2,320.63,19.01,D,0
37.68134,21.84615,344.8,0.44,0.46,2021-08-10,1159,N,VIIRS,n,2,312.09,16.48,D,0
37.68663,21.85646,347.43,0.44,0.46,2021-08-10,1159,N,VIIRS,n,2,312.42,19.01,D,0
37.68613,21.85107,346.63,0.44,0.46,2021-08-10,1159,N,VIIRS,n,2,313.59,19.01,D,0
37.70872,21.81579,344.47,0.43,0.46,2021-08-10,1159,N,VIIRS,n,2,313.77,8.51,D,0
37.71475,21.83379,342.68,0.44,0.46,2021-08-10,1159,N,VIIRS,n,2,308.55,17.16,D,0
37.70471,21.72869,346.82,0.43,0.46,2021-08-10,1159,N,VIIRS,n,2,315.27,8.22,D,0
37.7172,21.81408,367,0.43,0.46,2021-08-10,1159,N,VIIRS,h,2,326.97,61.3,D,0
37.7176,21.81833,346.34,0.43,0.46,2021-08-10,1159,N,VIIRS,n,2,314.45,61.3,D,0
37.71574,21.79887,343.68,0.43,0.46,2021-08-10,1159,N,VIIRS,n,2,312.38,7.05,D,0
37.70894,21.72797,350.06,0.43,0.46,2021-08-10,1159,N,VIIRS,n,2,312.37,8.22,D,0
37.7126,21.83093,356.85,0.44,0.46,2021-08-10,1159,N,VIIRS,n,2,311.74,15.66,D,0
37.71135,21.81687,348.98,0.44,0.46,2021-08-10,1159,N,VIIRS,n,2,311.87,8.89,D,0
37.70365,21.73057,347.28,0.43,0.46,2021-08-10,1159,N,VIIRS,n,2,312.86,8.24,D,0
37.71684,21.82998,367,0.44,0.46,2021-08-10,1159,N,VIIRS,h,2,308.85,13.55,D,0
37.70787,21.72981,345.97,0.43,0.46,2021-08-10,1159,N,VIIRS,n,2,315.22,17.43,D,0
37.71982,21.81502,367,0.44,0.46,2021-08-10,1159,N,VIIRS,h,2,334.7,136.74,D,0
37.71944,21.81075,341.5,0.43,0.46,2021-08-10,1159,N,VIIRS,n,2,310.59,16.59,D,0
37.71856,21.80099,338.53,0.43,0.46,2021-08-10,1159,N,VIIRS,l,2,310.38,4.55,D,0
37.71799,21.79464,343.49,0.43,0.46,2021-08-10,1159,N,VIIRS,n,2,310.76,4.55,D,0
37.73051,21.83793,339.07,0.44,0.46,2021-08-10,1159,N,VIIRS,n,2,307.91,3.1,D,0
37.72832,21.81346,350.69,0.44,0.46,2021-08-10,1159,N,VIIRS,n,2,310.66,10.17,D,0
37.72084,21.68353,367,0.43,0.46,2021-08-10,1159,N,VIIRS,h,2,325.86,50.45,D,0
37.7343,21.83202,342.66,0.44,0.46,2021-08-10,1159,N,VIIRS,n,2,308.02,7.25,D,0
37.72128,21.68835,345.76,0.43,0.46,2021-08-10,1159,N,VIIRS,n,2,320.21,50.45,D,0
37.71953,21.6692,344.52,0.43,0.46,2021-08-10,1159,N,VIIRS,l,2,314.96,7,D,0
37.72553,21.6879,347.82,0.43,0.46,2021-08-10,1159,N,VIIRS,n,2,310.77,50.45,D,0
37.72379,21.66886,343.69,0.43,0.46,2021-08-10,1159,N,VIIRS,n,2,310.9,7,D,0
38.75617,23.37196,345.36,0.54,0.51,2021-08-10,1159,N,VIIRS,n,2,307.17,7.47,D,0
38.95123,23.22072,332.71,0.53,0.5,2021-08-10,1159,N,VIIRS,l,2,303.59,22.39,D,0
38.95072,23.21405,348.81,0.53,0.5,2021-08-10,1159,N,VIIRS,n,2,323.11,61.89,D,0
38.95023,23.20769,353.26,0.53,0.5,2021-08-10,1159,N,VIIRS,n,2,312.42,61.89,D,0
38.95539,23.21348,345.24,0.53,0.5,2021-08-10,1159,N,VIIRS,n,2,306.75,26.85,D,0
38.95491,23.20722,340.14,0.53,0.5,2021-08-10,1159,N,VIIRS,n,2,311.48,26.85,D,0
38.98446,23.22298,343.14,0.53,0.5,2021-08-10,1159,N,VIIRS,n,2,307.31,4.9,D,0
38.98917,23.2228,336.69,0.53,0.5,2021-08-10,1159,N,VIIRS,n,2,306.08,4.9,D,0
38.98686,23.22763,343.01,0.53,0.5,2021-08-10,1159,N,VIIRS,n,2,307.1,9.57,D,0
38.98641,23.22143,342.46,0.53,0.5,2021-08-10,1159,N,VIIRS,n,2,306.05,9.57,D,0
39.03334,23.28075,349.08,0.54,0.51,2021-08-10,1159,N,VIIRS,n,2,304.34,11.25,D,0
39.03805,23.28048,337.17,0.54,0.51,2021-08-10,1159,N,VIIRS,n,2,300.18,6.97,D,3
40.51832,21.14001,341.15,0.43,0.46,2021-08-10,1200,N,VIIRS,n,2,310.35,3.22,D,0
39.02294,23.32263,338.07,0.38,0.36,2021-08-11,0018,N,VIIRS,n,2,297.79,6.14,N,0
39.02623,23.32346,352.05,0.38,0.36,2021-08-11,0018,N,VIIRS,n,2,301.26,5.51,N,0
39.02691,23.31907,344.64,0.38,0.36,2021-08-11,0018,N,VIIRS,n,2,301.99,17.77,N,0
39.35526,22.9858,312.67,0.39,0.36,2021-08-11,0018,N,VIIRS,n,2,297.11,1.62,N,2
39.02952,23.32429,311.38,0.38,0.36,2021-08-11,0018,N,VIIRS,n,2,296.15,5.51,N,0
39.03632,23.28016,310.01,0.38,0.36,2021-08-11,0018,N,VIIRS,n,2,297.57,2.11,N,0
38.95509,23.2116,355.77,0.38,0.36,2021-08-11,0018,N,VIIRS,n,2,300.46,8.24,N,0
38.95838,23.21242,307.36,0.38,0.36,2021-08-11,0018,N,VIIRS,n,2,294.17,8.24,N,0
39.03088,23.31549,331.78,0.38,0.36,2021-08-11,0018,N,VIIRS,n,2,299.7,17.77,N,0
39.03485,23.3119,335.44,0.38,0.36,2021-08-11,0018,N,VIIRS,n,2,298.97,7.13,N,0
39.03417,23.31631,367,0.38,0.36,2021-08-11,0018,N,VIIRS,h,2,307.84,10.42,N,0
39.03349,23.32071,355.52,0.38,0.36,2021-08-11,0018,N,VIIRS,n,2,311.61,10.42,N,0
39.0302,23.31989,350.78,0.38,0.36,2021-08-11,0018,N,VIIRS,n,2,315.87,17.77,N,0
39.03679,23.32153,314.83,0.38,0.36,2021-08-11,0018,N,VIIRS,n,2,297.28,10.42,N,0
39.02362,23.31824,308.59,0.38,0.36,2021-08-11,0018,N,VIIRS,n,2,296.32,2.27,N,0
39.03746,23.31712,321.21,0.38,0.36,2021-08-11,0018,N,VIIRS,n,2,297.35,10.42,N,0
37.34423,22.06334,309.14,0.39,0.36,2021-08-11,0019,N,VIIRS,n,2,292.66,1.46,N,0
37.63687,21.8262,309.84,0.39,0.36,2021-08-11,0019,N,VIIRS,n,2,295.5,1.86,N,0
37.66776,21.88616,324.95,0.39,0.36,2021-08-11,0019,N,VIIRS,n,2,295.04,1.78,N,0
37.6684,21.88173,311.92,0.39,0.36,2021-08-11,0019,N,VIIRS,n,2,295.66,1.78,N,0
37.66641,21.88346,320.8,0.39,0.36,2021-08-11,0019,N,VIIRS,n,2,295.18,1.83,N,0
37.66354,21.83235,307.1,0.39,0.36,2021-08-11,0019,N,VIIRS,n,2,295.92,1.92,N,0
37.63909,21.88184,317.1,0.39,0.36,2021-08-11,0019,N,VIIRS,n,2,296.59,1.92,N,0
37.64417,21.82337,308.12,0.39,0.36,2021-08-11,0019,N,VIIRS,n,2,294.86,1.93,N,0
37.34156,22.05822,308.51,0.39,0.36,2021-08-11,0019,N,VIIRS,n,2,292.35,0.87,N,0
37.3422,22.05389,321.96,0.39,0.36,2021-08-11,0019,N,VIIRS,n,2,295.21,2.31,N,0
37.34284,22.04953,324.19,0.39,0.36,2021-08-11,0019,N,VIIRS,n,2,295.96,2.31,N,0
37.6429,21.83213,310.25,0.39,0.36,2021-08-11,0019,N,VIIRS,n,2,295.49,2.02,N,0
37.64019,21.82699,319.76,0.39,0.36,2021-08-11,0019,N,VIIRS,n,2,296.57,1.86,N,0
37.63956,21.83136,315.2,0.39,0.36,2021-08-11,0019,N,VIIRS,n,2,295.87,2.25,N,0
37.62846,21.88389,305.51,0.39,0.36,2021-08-11,0019,N,VIIRS,n,2,293.91,0.82,N,0
37.35086,22.06488,304.07,0.39,0.36,2021-08-11,0019,N,VIIRS,n,2,293.91,1.39,N,0
37.34755,22.06412,310.56,0.39,0.36,2021-08-11,0019,N,VIIRS,n,2,294.44,1.46,N,0
37.34487,22.05902,324.02,0.39,0.36,2021-08-11,0019,N,VIIRS,n,2,295.98,1.46,N,0
38.12836,23.52535,317.42,0.38,0.36,2021-08-11,0019,N,VIIRS,n,2,295.48,1.9,N,2
37.73527,21.82443,307.92,0.39,0.36,2021-08-11,0019,N,VIIRS,n,2,294.5,1.23,N,0
37.7272,21.68892,304.59,0.4,0.37,2021-08-11,0019,N,VIIRS,n,2,293.2,0.8,N,0
37.72643,21.67012,325.45,0.4,0.37,2021-08-11,0019,N,VIIRS,n,2,295.71,2.44,N,0
37.67109,21.88696,325.39,0.39,0.36,2021-08-11,0019,N,VIIRS,n,2,296.75,1.78,N,0
37.67471,21.82848,338.65,0.41,0.37,2021-08-11,1140,N,VIIRS,n,2,302.48,3.72,D,0
37.67069,21.82468,367,0.41,0.37,2021-08-11,1140,N,VIIRS,l,2,364.09,199.06,D,0
37.66827,21.80631,339.94,0.41,0.37,2021-08-11,1140,N,VIIRS,n,2,305.26,17.56,D,0
37.66948,21.81547,349.91,0.41,0.37,2021-08-11,1140,N,VIIRS,n,2,312.1,54.11,D,0
37.67008,21.82004,342.98,0.41,0.37,2021-08-11,1140,N,VIIRS,n,2,310.1,54.11,D,0
37.67194,21.83415,338.46,0.41,0.37,2021-08-11,1140,N,VIIRS,n,2,302.66,3.23,D,0
37.67932,21.89044,336.08,0.42,0.37,2021-08-11,1140,N,VIIRS,n,2,302.49,96.52,D,0
37.67994,21.89509,351.22,0.42,0.37,2021-08-11,1140,N,VIIRS,n,2,302.05,96.52,D,0
37.66888,21.81094,367,0.41,0.37,2021-08-11,1140,N,VIIRS,h,2,308.33,17.56,D,0
37.66485,21.80707,353.48,0.41,0.37,2021-08-11,1140,N,VIIRS,n,2,311.89,17.56,D,0
37.66607,21.81626,355.43,0.41,0.37,2021-08-11,1140,N,VIIRS,n,2,313.75,54.11,D,0
37.66728,21.82548,352.67,0.41,0.37,2021-08-11,1140,N,VIIRS,n,2,316.42,199.06,D,0
37.3416,22.04972,336.73,0.42,0.37,2021-08-11,1140,N,VIIRS,l,2,308.5,3.33,D,0
37.34443,22.04424,343.77,0.42,0.37,2021-08-11,1140,N,VIIRS,n,2,308.4,4.78,D,0
37.34847,22.04817,346.43,0.42,0.37,2021-08-11,1140,N,VIIRS,n,2,309.49,5.77,D,0
37.6427,21.82605,340.5,0.41,0.37,2021-08-11,1140,N,VIIRS,n,2,292.85,4.84,D,0
37.66037,21.88036,337.81,0.42,0.37,2021-08-11,1140,N,VIIRS,n,2,307.78,3.5,D,0
37.6679,21.8302,354.27,0.41,0.37,2021-08-11,1140,N,VIIRS,n,2,297.95,199.06,D,0
37.66853,21.83502,344.28,0.41,0.37,2021-08-11,1140,N,VIIRS,n,2,293.55,3.23,D,0
37.66916,21.83982,338.28,0.41,0.37,2021-08-11,1140,N,VIIRS,n,2,297.8,3.23,D,0
37.67529,21.88658,339.3,0.42,0.37,2021-08-11,1140,N,VIIRS,n,2,302.92,4.76,D,0
37.67713,21.90062,332.58,0.42,0.37,2021-08-11,1140,N,VIIRS,n,2,301.21,8.23,D,0
37.66546,21.81166,367,0.41,0.37,2021-08-11,1140,N,VIIRS,h,2,310.44,17.56,D,0
37.66667,21.82088,367,0.41,0.37,2021-08-11,1140,N,VIIRS,h,2,328.26,54.11,D,0
37.6759,21.89126,367,0.42,0.37,2021-08-11,1140,N,VIIRS,h,2,340.18,96.52,D,0
37.66265,21.81705,338.18,0.41,0.37,2021-08-11,1140,N,VIIRS,n,2,301.92,2.04,D,0
37.66327,21.82173,343.93,0.41,0.37,2021-08-11,1140,N,VIIRS,n,2,294.94,2.04,D,0
37.66387,21.82635,352.36,0.41,0.37,2021-08-11,1140,N,VIIRS,n,2,292.87,2.41,D,0
37.66449,21.83107,338.39,0.41,0.37,2021-08-11,1140,N,VIIRS,n,2,283.46,2.41,D,0
37.66512,21.8359,340.22,0.41,0.37,2021-08-11,1140,N,VIIRS,n,2,284.42,1.92,D,0
37.66574,21.84064,340.02,0.41,0.37,2021-08-11,1140,N,VIIRS,n,2,288.36,1.92,D,0
37.66638,21.84546,337.89,0.41,0.37,2021-08-11,1140,N,VIIRS,n,2,290.12,6.02,D,0
37.67187,21.8874,343.1,0.42,0.37,2021-08-11,1140,N,VIIRS,n,2,307.35,8.75,D,0
37.67249,21.89212,353.88,0.42,0.37,2021-08-11,1140,N,VIIRS,n,2,313.42,17.04,D,0
37.66502,21.88894,339.56,0.42,0.37,2021-08-11,1140,N,VIIRS,n,2,305.42,7.51,D,0
37.67311,21.89684,333.48,0.42,0.37,2021-08-11,1140,N,VIIRS,n,2,303.28,17.04,D,0
37.66441,21.88431,356.27,0.42,0.37,2021-08-11,1140,N,VIIRS,n,2,309.24,7.51,D,0
37.66171,21.83674,338.8,0.41,0.37,2021-08-11,1140,N,VIIRS,n,2,284.22,1.92,D,0
37.66233,21.84151,337.8,0.41,0.37,2021-08-11,1140,N,VIIRS,n,2,284.96,1.92,D,0
37.66845,21.8882,335.21,0.42,0.37,2021-08-11,1140,N,VIIRS,n,2,304.95,8.75,D,0
37.65704,21.82797,335.49,0.41,0.37,2021-08-11,1140,N,VIIRS,n,2,282.92,2.69,D,0
37.65829,21.83752,336.35,0.41,0.37,2021-08-11,1140,N,VIIRS,n,2,281.95,2.21,D,0
37.65923,21.81779,336.2,0.41,0.37,2021-08-11,1140,N,VIIRS,n,2,294.31,2.04,D,0
37.65985,21.82251,338.18,0.41,0.37,2021-08-11,1140,N,VIIRS,n,2,287.65,2.04,D,0
37.66046,21.8272,337.38,0.41,0.37,2021-08-11,1140,N,VIIRS,n,2,283.28,2.41,D,0
37.66109,21.83198,336.33,0.41,0.37,2021-08-11,1140,N,VIIRS,n,2,281.57,2.41,D,0
37.6638,21.87962,337.88,0.42,0.37,2021-08-11,1140,N,VIIRS,n,2,306.93,3.5,D,0
37.33818,22.05054,339.25,0.42,0.37,2021-08-11,1140,N,VIIRS,n,2,308.79,3.33,D,0
37.34222,22.05442,346.22,0.42,0.37,2021-08-11,1140,N,VIIRS,n,2,309.04,3.33,D,0
37.67351,21.81932,335.2,0.41,0.37,2021-08-11,1140,N,VIIRS,n,2,302.91,3.2,D,0
37.67411,21.82387,342.02,0.41,0.37,2021-08-11,1140,N,VIIRS,n,2,302.37,3.72,D,0
38.26268,24.21592,311.81,0.46,0.39,2021-08-12,0000,N,VIIRS,n,2,282.74,12.78,N,0
37.3417,22.04228,306.56,0.56,0.43,2021-08-12,0000,N,VIIRS,n,2,293.97,1.63,N,0
37.34893,23.49391,338.65,0.48,0.4,2021-08-12,0000,N,VIIRS,n,2,294.17,10.18,N,0
37.35194,23.50033,320.49,0.48,0.4,2021-08-12,0000,N,VIIRS,n,2,292.77,3.31,N,0
37.35562,23.50099,314,0.48,0.4,2021-08-12,0000,N,VIIRS,n,2,293.03,3.31,N,0
37.35635,23.49481,320.74,0.48,0.4,2021-08-12,0000,N,VIIRS,n,2,294.14,3.31,N,0
37.35937,23.50112,308.22,0.48,0.4,2021-08-12,0000,N,VIIRS,n,2,293.34,3.51,N,0
37.36007,23.49524,317.39,0.48,0.4,2021-08-12,0000,N,VIIRS,n,2,294.25,3.51,N,3
37.83028,23.80758,318.09,0.47,0.4,2021-08-12,0000,N,VIIRS,n,2,292.99,4.61,N,0
37.82964,23.81295,329.6,0.47,0.4,2021-08-12,0000,N,VIIRS,n,2,293.76,4.61,N,0
38.09264,23.6268,309.81,0.48,0.4,2021-08-12,0000,N,VIIRS,n,2,293.48,1.92,N,0
38.09562,23.63349,307.5,0.48,0.4,2021-08-12,0000,N,VIIRS,n,2,293.71,1.35,N,0
38.13095,23.52639,310.19,0.49,0.4,2021-08-12,0000,N,VIIRS,n,2,294.1,1.39,N,2
38.25849,24.21997,300.22,0.46,0.39,2021-08-12,0000,N,VIIRS,n,2,279.78,1.34,N,0
38.26146,24.22585,301.36,0.46,0.39,2021-08-12,0000,N,VIIRS,n,2,282.69,2.09,N,0
38.26207,24.22095,305.49,0.46,0.39,2021-08-12,0000,N,VIIRS,n,2,284.12,12.78,N,0
38.26692,24.21149,311.13,0.46,0.39,2021-08-12,0000,N,VIIRS,n,2,283.98,2.48,N,0
38.26565,24.2218,330.52,0.46,0.39,2021-08-12,0000,N,VIIRS,n,2,286.71,12.78,N,0
38.26628,24.2167,348.66,0.46,0.39,2021-08-12,0000,N,VIIRS,n,2,290.94,12.78,N,0
38.26863,24.22759,305.23,0.46,0.39,2021-08-12,0000,N,VIIRS,n,2,281.27,2.24,N,0
38.27054,24.21213,306.33,0.46,0.39,2021-08-12,0000,N,VIIRS,n,2,284.65,2.43,N,0
38.26924,24.22262,334.27,0.46,0.39,2021-08-12,0000,N,VIIRS,n,2,286.43,18.89,N,0
38.26988,24.21746,346.08,0.46,0.39,2021-08-12,0000,N,VIIRS,n,2,303.17,18.89,N,0
38.27284,24.22341,304.57,0.46,0.39,2021-08-12,0000,N,VIIRS,n,2,283.45,18.89,N,0
37.67053,21.81469,307.31,0.38,0.44,2021-08-12,0000,N,VIIRS,n,2,294.59,1.1,N,0
37.67043,21.8935,307.5,0.57,0.43,2021-08-12,0000,N,VIIRS,n,2,293.65,1.14,N,0
37.67112,21.887,305.24,0.57,0.43,2021-08-12,0000,N,VIIRS,n,2,294.41,1.14,N,0
37.67439,21.89453,306.94,0.57,0.43,2021-08-12,0000,N,VIIRS,n,2,294.88,1.14,N,0
37.35006,22.042,352.99,0.41,0.37,2021-08-12,1121,N,VIIRS,n,2,314.48,7.31,D,0
37.66939,21.81077,352.12,0.41,0.37,2021-08-12,1121,N,VIIRS,n,2,303.97,9.59,D,0
37.35343,22.0411,342.25,0.41,0.37,2021-08-12,1121,N,VIIRS,n,2,311.98,7.31,D,0
37.33994,22.04461,341.13,0.41,0.37,2021-08-12,1121,N,VIIRS,n,2,308.02,7.65,D,0
40.63952,22.92252,332.58,0.38,0.36,2021-08-12,1122,N,VIIRS,l,2,307,1.76,D,0
38.37271,24.06318,306.45,0.53,0.5,2021-08-12,2341,N,VIIRS,n,2,294.06,0.89,N,2
38.13027,23.52327,309.12,0.56,0.52,2021-08-12,2341,N,VIIRS,n,2,294.27,1.41,N,2
38.37352,24.05976,304.07,0.62,0.71,2021-08-13,0121,N,VIIRS,n,2,291.28,1.26,N,2
40.28337,23.44129,304.95,0.51,0.66,2021-08-13,0121,N,VIIRS,n,2,288.5,0.92,N,0
40.28299,23.44098,303.06,0.51,0.66,2021-08-13,0121,N,VIIRS,n,2,288.66,0.96,N,0
38.31754,23.62024,338.11,0.51,0.41,2021-08-13,1102,N,VIIRS,n,2,305.03,4.04,D,0
40.76265,22.45529,346.23,0.51,0.41,2021-08-13,1103,N,VIIRS,n,2,305.4,5.44,D,0
40.18464,21.81738,345.62,0.56,0.43,2021-08-13,1103,N,VIIRS,n,2,311.23,7.7,D,0
40.18687,21.81633,348.87,0.56,0.43,2021-08-13,1103,N,VIIRS,n,2,311.65,11.06,D,0
40.76036,22.45695,330.92,0.51,0.41,2021-08-13,1103,N,VIIRS,l,2,301.77,2.88,D,0
38.12827,23.52433,303.25,0.51,0.66,2021-08-13,2322,N,VIIRS,n,2,290.44,1.16,N,2
39.35331,22.98476,304.85,0.6,0.53,2021-08-14,0102,N,VIIRS,n,2,290.75,1.68,N,2
37.34545,26.53563,306.74,0.51,0.66,2021-08-14,0102,N,VIIRS,n,2,292.45,1.33,N,0
38.37212,24.0612,304.78,0.36,0.57,2021-08-14,0102,N,VIIRS,n,2,289.88,0.96,N,2
39.35572,22.98648,304.86,0.6,0.53,2021-08-14,0102,N,VIIRS,n,2,290.77,1.19,N,2
37.91844,23.07351,306.67,0.33,0.55,2021-08-14,0103,N,VIIRS,n,2,293,1.27,N,2
37.74749,24.06587,304.46,0.37,0.58,2021-08-14,0103,N,VIIRS,n,2,291.76,0.55,N,0
38.26096,24.21549,367,0.54,0.5,2021-08-14,1044,N,VIIRS,l,2,350.69,232.5,D,0
38.2656,24.21429,208,0.54,0.5,2021-08-14,1044,N,VIIRS,l,2,320.48,232.5,D,0
38.36413,21.46999,367,0.37,0.58,2021-08-14,1044,N,VIIRS,h,2,301.37,12.14,D,0
38.36818,21.4637,342.36,0.37,0.58,2021-08-14,1044,N,VIIRS,n,2,296.83,48.08,D,0
38.36927,21.4678,367,0.37,0.58,2021-08-14,1044,N,VIIRS,h,2,301.95,48.08,D,0
38.26233,24.22118,346.82,0.53,0.5,2021-08-14,1044,N,VIIRS,n,2,316.17,358.54,D,0
38.26509,24.21773,367,0.65,0.73,2021-08-14,1224,N,VIIRS,h,2,303.57,161.15,D,0
38.25848,24.2308,357.22,0.65,0.73,2021-08-14,1224,N,VIIRS,n,2,298.96,98.35,D,0
38.26587,24.21308,367,0.65,0.73,2021-08-14,1224,N,VIIRS,h,2,300.34,31.5,D,0
38.26493,24.20946,351.98,0.65,0.73,2021-08-14,1224,N,VIIRS,n,2,298.05,161.15,D,0
38.26599,24.22229,333.28,0.65,0.73,2021-08-14,1224,N,VIIRS,n,2,298.74,23.47,D,0
39.35583,22.98205,305.17,0.53,0.42,2021-08-15,0043,N,VIIRS,n,2,292.61,0.79,N,2
40.28588,23.44538,302.94,0.53,0.42,2021-08-15,0043,N,VIIRS,n,2,291.72,0.53,N,2
37.35629,23.49181,306.49,0.41,0.45,2021-08-15,0044,N,VIIRS,n,2,295.46,1.2,N,0
38.37354,24.05999,311.98,0.41,0.45,2021-08-15,0044,N,VIIRS,n,2,295,1.07,N,2
38.12943,23.52283,317.42,0.4,0.37,2021-08-16,0025,N,VIIRS,n,2,293.53,0.98,N,2
38.37365,24.06218,310.3,0.41,0.37,2021-08-16,0025,N,VIIRS,n,2,295.67,1.22,N,2
39.35339,22.98244,305.53,0.39,0.36,2021-08-16,0025,N,VIIRS,n,2,293.71,1.66,N,2
37.91768,23.07061,308.11,0.39,0.36,2021-08-16,0025,N,VIIRS,n,2,298,1.69,N,2
37.73971,24.02265,343.66,0.39,0.44,2021-08-16,1146,N,VIIRS,n,2,310.77,40.28,D,0
37.72125,24.00267,347.54,0.39,0.44,2021-08-16,1146,N,VIIRS,n,2,307.78,6.03,D,0
37.72081,23.99829,345.77,0.39,0.44,2021-08-16,1146,N,VIIRS,n,2,310.18,6.03,D,0
37.72528,24.00188,367,0.39,0.44,2021-08-16,1146,N,VIIRS,h,2,324.52,55.47,D,0
37.72617,24.01066,345.32,0.39,0.44,2021-08-16,1146,N,VIIRS,n,2,307.81,25.28,D,0
37.72572,24.00628,353.36,0.39,0.44,2021-08-16,1146,N,VIIRS,n,2,313.81,25.28,D,0
37.72483,23.99749,367,0.39,0.44,2021-08-16,1146,N,VIIRS,l,2,351.62,55.47,D,0
37.73065,24.01436,367,0.39,0.44,2021-08-16,1146,N,VIIRS,h,2,316.28,15.74,D,0
37.73019,24.00986,367,0.39,0.44,2021-08-16,1146,N,VIIRS,h,2,321.64,25.28,D,0
37.72887,23.99677,344.41,0.39,0.44,2021-08-16,1146,N,VIIRS,n,2,312.17,55.47,D,0
37.72974,24.00546,352.91,0.39,0.44,2021-08-16,1146,N,VIIRS,l,2,330.79,25.28,D,0
37.72931,24.0011,367,0.39,0.44,2021-08-16,1146,N,VIIRS,l,2,326.63,55.47,D,0
37.73518,24.01852,367,0.39,0.44,2021-08-16,1146,N,VIIRS,h,2,351.39,47.88,D,0
37.73468,24.01364,352.12,0.39,0.44,2021-08-16,1146,N,VIIRS,n,2,325.4,47.88,D,0
37.73378,24.00471,353.66,0.39,0.44,2021-08-16,1146,N,VIIRS,n,2,320.89,15.16,D,0
37.73334,24.00045,350.33,0.39,0.44,2021-08-16,1146,N,VIIRS,n,2,323,34.35,D,0
37.73871,24.01285,349.33,0.39,0.44,2021-08-16,1146,N,VIIRS,n,2,320.12,47.88,D,0
37.73825,24.00834,347.4,0.39,0.44,2021-08-16,1146,N,VIIRS,n,2,315.68,15.16,D,0
37.73781,24.00404,347.03,0.39,0.44,2021-08-16,1146,N,VIIRS,n,2,310.45,15.16,D,0
37.73921,24.01775,367,0.39,0.44,2021-08-16,1146,N,VIIRS,l,2,335.29,47.88,D,0
37.74371,24.02164,367,0.39,0.44,2021-08-16,1146,N,VIIRS,h,2,322.11,13.66,D,0
37.74422,24.02657,343.58,0.39,0.44,2021-08-16,1146,N,VIIRS,n,2,312.58,13.66,D,0
37.74271,24.01187,347.63,0.39,0.44,2021-08-16,1146,N,VIIRS,n,2,321.95,56.32,D,0
37.74228,24.00764,351,0.39,0.44,2021-08-16,1146,N,VIIRS,n,2,320.12,52.83,D,0
37.74675,24.0112,367,0.39,0.44,2021-08-16,1146,N,VIIRS,h,2,337.94,56.32,D,0
37.74874,24.03062,344.05,0.39,0.44,2021-08-16,1146,N,VIIRS,l,2,316.02,15.64,D,0
37.74826,24.02586,350.37,0.39,0.44,2021-08-16,1146,N,VIIRS,n,2,322.2,13.66,D,0
37.75125,24.01502,339.22,0.39,0.44,2021-08-16,1146,N,VIIRS,n,2,313.42,7.34,D,0
37.75079,24.01055,347.36,0.39,0.44,2021-08-16,1146,N,VIIRS,n,2,309.5,7.34,D,0
38.13344,23.32075,331.38,0.55,0.42,2021-08-16,1146,N,VIIRS,n,2,298.82,36.75,D,0
38.13277,23.31414,341.06,0.55,0.42,2021-08-16,1146,N,VIIRS,n,2,299.44,206.47,D,0
38.13731,23.31957,367,0.55,0.42,2021-08-16,1146,N,VIIRS,h,2,302.15,36.75,D,0
38.13663,23.31301,367,0.55,0.42,2021-08-16,1146,N,VIIRS,h,2,358.69,206.47,D,0
38.13795,23.32582,336.31,0.55,0.42,2021-08-16,1146,N,VIIRS,n,2,297.5,36.75,D,0
38.1399,23.30599,367,0.55,0.42,2021-08-16,1146,N,VIIRS,h,2,358.52,0,D,0
38.14124,23.3191,352.27,0.55,0.42,2021-08-16,1146,N,VIIRS,n,2,312.79,397,D,0
38.14057,23.31254,367,0.55,0.42,2021-08-16,1146,N,VIIRS,l,2,382.28,0,D,0
38.14521,23.31889,350.71,0.55,0.42,2021-08-16,1146,N,VIIRS,n,2,323.17,397,D,0
38.14453,23.31233,367,0.55,0.42,2021-08-16,1146,N,VIIRS,l,2,374.33,0,D,0
38.14917,23.31865,367,0.55,0.42,2021-08-16,1146,N,VIIRS,h,2,335.71,217.03,D,0
38.14849,23.31212,367,0.55,0.42,2021-08-16,1146,N,VIIRS,h,2,356.52,99.72,D,0
38.14784,23.30585,342.96,0.55,0.42,2021-08-16,1146,N,VIIRS,n,2,315.69,99.72,D,0
38.15179,23.30555,338.01,0.55,0.42,2021-08-16,1146,N,VIIRS,n,2,312.24,99.72,D,0
38.15313,23.31839,367,0.55,0.42,2021-08-16,1146,N,VIIRS,l,2,326.89,217.03,D,0
38.15245,23.31187,367,0.55,0.42,2021-08-16,1146,N,VIIRS,l,2,333.16,99.72,D,0
38.15704,23.31767,339.28,0.55,0.42,2021-08-16,1146,N,VIIRS,n,2,313.92,21.45,D,0
38.15638,23.31133,350.46,0.55,0.42,2021-08-16,1146,N,VIIRS,n,2,318.47,17.11,D,0
38.16093,23.31681,337.19,0.55,0.42,2021-08-16,1146,N,VIIRS,l,2,311.08,21.45,D,0
38.16028,23.3105,342.69,0.55,0.42,2021-08-16,1146,N,VIIRS,n,2,314.8,17.11,D,0
40.21423,22.54658,335.36,0.53,0.42,2021-08-16,1147,N,VIIRS,n,2,306.6,8.04,D,0
40.76541,24.00938,337.5,0.42,0.45,2021-08-16,1147,N,VIIRS,n,2,302.08,2.19,D,0
38.14414,23.32637,309.44,0.43,0.38,2021-08-17,0006,N,VIIRS,n,2,294.56,1.48,N,0
38.133,23.32907,321.89,0.43,0.38,2021-08-17,0006,N,VIIRS,n,2,295.95,2.36,N,0
38.13175,23.33878,323.6,0.43,0.38,2021-08-17,0006,N,VIIRS,n,2,293.83,1.87,N,0
38.13238,23.33392,310.48,0.43,0.38,2021-08-17,0006,N,VIIRS,n,2,295.08,2.36,N,0
38.13112,23.34361,317.44,0.43,0.38,2021-08-17,0006,N,VIIRS,n,2,292.52,1.87,N,0
38.13138,23.31378,321.48,0.43,0.38,2021-08-17,0006,N,VIIRS,n,2,296.24,4.91,N,0
38.13077,23.31848,367,0.43,0.38,2021-08-17,0006,N,VIIRS,h,2,324.01,174.47,N,0
38.13016,23.32324,367,0.43,0.38,2021-08-17,0006,N,VIIRS,h,2,357.66,174.47,N,0
38.12954,23.32805,322.28,0.43,0.38,2021-08-17,0006,N,VIIRS,n,2,296.25,2.36,N,0
38.13453,23.28931,318.44,0.44,0.38,2021-08-17,0006,N,VIIRS,n,2,291.03,2.08,N,0
38.12891,23.33289,309.89,0.43,0.38,2021-08-17,0006,N,VIIRS,n,2,292.34,2.36,N,0
38.12827,23.33784,313.04,0.43,0.38,2021-08-17,0006,N,VIIRS,n,2,291.81,1.87,N,0
38.12764,23.34275,306.2,0.43,0.38,2021-08-17,0006,N,VIIRS,n,2,291.21,1.87,N,0
38.131,23.2888,334.26,0.44,0.38,2021-08-17,0006,N,VIIRS,n,2,291.67,4.04,N,0
38.12789,23.31295,333.62,0.43,0.38,2021-08-17,0006,N,VIIRS,n,2,296.97,5.16,N,0
38.12727,23.31769,348.4,0.43,0.38,2021-08-17,0006,N,VIIRS,n,2,311.63,58.45,N,0
38.12665,23.32253,367,0.43,0.38,2021-08-17,0006,N,VIIRS,h,2,320.66,58.45,N,0
38.13163,23.28384,311.67,0.44,0.38,2021-08-17,0006,N,VIIRS,n,2,289.97,2.85,N,0
38.12602,23.32746,312.11,0.43,0.38,2021-08-17,0006,N,VIIRS,n,2,293.77,2.67,N,0
38.12538,23.33239,305.43,0.43,0.38,2021-08-17,0006,N,VIIRS,n,2,293.04,2.67,N,0
38.1281,23.28333,333.68,0.44,0.38,2021-08-17,0006,N,VIIRS,n,2,293.19,2.85,N,0
38.12375,23.31711,303.22,0.43,0.38,2021-08-17,0006,N,VIIRS,n,2,291.63,58.45,N,0
38.12312,23.32205,311.31,0.43,0.38,2021-08-17,0006,N,VIIRS,n,2,293.76,58.45,N,0
38.12523,23.27765,324.44,0.44,0.38,2021-08-17,0006,N,VIIRS,n,2,291.7,4.33,N,0
38.12458,23.28264,330.93,0.44,0.38,2021-08-17,0006,N,VIIRS,n,2,292.67,4.33,N,0
38.12149,23.30675,311.07,0.43,0.38,2021-08-17,0006,N,VIIRS,n,2,293.02,1.62,N,0
38.12173,23.27685,345.45,0.44,0.38,2021-08-17,0006,N,VIIRS,n,2,295.46,4.33,N,0
38.11796,23.30626,329.9,0.43,0.38,2021-08-17,0006,N,VIIRS,n,2,294.21,1.62,N,0
38.11858,23.30142,304.6,0.43,0.38,2021-08-17,0006,N,VIIRS,n,2,292.78,2.05,N,0
38.11826,23.27584,329.83,0.44,0.38,2021-08-17,0006,N,VIIRS,n,2,294.22,5.98,N,0
38.11565,23.29619,308.96,0.44,0.38,2021-08-17,0006,N,VIIRS,n,2,291.44,1.46,N,0
38.11478,23.27478,339.01,0.44,0.38,2021-08-17,0006,N,VIIRS,n,2,300.59,5.98,N,0
38.11213,23.29559,321.37,0.44,0.38,2021-08-17,0006,N,VIIRS,n,2,290.93,1.46,N,0
38.11131,23.27376,341.77,0.44,0.38,2021-08-17,0006,N,VIIRS,n,2,298.74,12.75,N,0
38.11063,23.27917,330.11,0.44,0.38,2021-08-17,0006,N,VIIRS,n,2,295.81,12.75,N,0
38.10865,23.29471,348.9,0.44,0.38,2021-08-17,0006,N,VIIRS,n,2,298.55,15.08,N,0
38.10802,23.29963,321.66,0.43,0.38,2021-08-17,0006,N,VIIRS,n,2,293.04,15.08,N,0
38.10714,23.27827,349.85,0.44,0.38,2021-08-17,0006,N,VIIRS,n,2,298.64,12.75,N,0
38.10647,23.28351,327.29,0.44,0.38,2021-08-17,0006,N,VIIRS,n,2,295.47,3.86,N,0
38.10453,23.29871,327.97,0.43,0.38,2021-08-17,0006,N,VIIRS,n,2,304.21,15.08,N,0
38.10517,23.29373,315.82,0.44,0.38,2021-08-17,0006,N,VIIRS,n,2,293.95,15.08,N,0
38.10105,23.2978,348.24,0.43,0.38,2021-08-17,0006,N,VIIRS,n,2,301.3,8.96,N,0
38.10365,23.27735,303.35,0.44,0.38,2021-08-17,0006,N,VIIRS,n,2,292.2,0.41,N,0
38.10299,23.2826,304.03,0.44,0.38,2021-08-17,0006,N,VIIRS,n,2,293,7.88,N,0
38.10169,23.29281,302.34,0.44,0.38,2021-08-17,0006,N,VIIRS,n,2,292.33,8.96,N,0
38.09884,23.2869,344.78,0.44,0.38,2021-08-17,0006,N,VIIRS,n,2,304.9,7.88,N,0
38.0982,23.29195,331.95,0.44,0.38,2021-08-17,0006,N,VIIRS,n,2,305.57,8.96,N,0
38.09536,23.28593,331.48,0.44,0.38,2021-08-17,0006,N,VIIRS,n,2,300.94,23.34,N,0
38.09472,23.29099,325.3,0.44,0.38,2021-08-17,0006,N,VIIRS,n,2,308.78,26.21,N,0
38.37382,24.06146,311.27,0.42,0.37,2021-08-17,0006,N,VIIRS,n,2,294.49,1.07,N,2
38.15884,23.32398,340.72,0.43,0.38,2021-08-17,0006,N,VIIRS,n,2,294.61,9.06,N,0
38.15821,23.32887,350.22,0.43,0.38,2021-08-17,0006,N,VIIRS,n,2,301.97,9.06,N,0
38.15758,23.33371,356.93,0.43,0.38,2021-08-17,0006,N,VIIRS,n,2,310.95,26.5,N,0
38.15695,23.33856,345.73,0.43,0.38,2021-08-17,0006,N,VIIRS,n,2,301.15,26.5,N,0
38.15631,23.34347,305.85,0.43,0.38,2021-08-17,0006,N,VIIRS,n,2,290.52,0.95,N,0
38.15407,23.33304,338.08,0.43,0.38,2021-08-17,0006,N,VIIRS,n,2,300.57,40.94,N,0
38.15344,23.33788,331.71,0.43,0.38,2021-08-17,0006,N,VIIRS,n,2,318.59,40.94,N,0
38.1547,23.32818,317.01,0.43,0.38,2021-08-17,0006,N,VIIRS,n,2,295.21,1.88,N,0
38.1528,23.34278,316.89,0.43,0.38,2021-08-17,0006,N,VIIRS,n,2,292.93,76.41,N,0
38.1292,23.52329,317.77,0.43,0.38,2021-08-17,0006,N,VIIRS,n,2,293.13,1.23,N,2
38.15054,23.33246,340.07,0.43,0.38,2021-08-17,0006,N,VIIRS,n,2,301.5,40.94,N,0
38.14991,23.33735,351.33,0.43,0.38,2021-08-17,0006,N,VIIRS,n,2,336.01,40.94,N,0
38.14927,23.34225,367,0.43,0.38,2021-08-17,0006,N,VIIRS,h,2,351.6,76.41,N,0
38.15439,23.3028,312.45,0.44,0.38,2021-08-17,0006,N,VIIRS,n,2,290.22,0.79,N,0
38.15119,23.32753,316,0.43,0.38,2021-08-17,0006,N,VIIRS,n,2,294.25,1.88,N,0
38.14863,23.3472,316.93,0.43,0.38,2021-08-17,0006,N,VIIRS,n,2,294.91,76.41,N,0
38.14703,23.33187,323.03,0.43,0.38,2021-08-17,0006,N,VIIRS,n,2,299.1,17.94,N,0
38.14639,23.33682,353.52,0.43,0.38,2021-08-17,0006,N,VIIRS,n,2,312.48,17.94,N,0
38.14574,23.34173,367,0.43,0.38,2021-08-17,0006,N,VIIRS,h,2,340.19,61.18,N,0
38.1451,23.34667,322.36,0.43,0.38,2021-08-17,0006,N,VIIRS,n,2,293.96,61.18,N,0
38.15088,23.30212,312.65,0.44,0.38,2021-08-17,0006,N,VIIRS,n,2,293.4,1.78,N,0
38.14831,23.32199,305.6,0.43,0.38,2021-08-17,0006,N,VIIRS,n,2,292.99,1.48,N,0
38.14767,23.32693,315.96,0.43,0.38,2021-08-17,0006,N,VIIRS,n,2,295.64,1.48,N,0
38.14803,23.29634,324.87,0.44,0.38,2021-08-17,0006,N,VIIRS,n,2,290.63,1.34,N,0
38.14286,23.3363,351.64,0.43,0.38,2021-08-17,0006,N,VIIRS,n,2,310.24,17.94,N,0
38.14221,23.34126,331.56,0.43,0.38,2021-08-17,0006,N,VIIRS,n,2,324.03,61.18,N,0
38.14157,23.34622,324.99,0.43,0.38,2021-08-17,0006,N,VIIRS,n,2,294.31,61.18,N,0
38.1435,23.33132,319.18,0.43,0.38,2021-08-17,0006,N,VIIRS,n,2,297.24,17.94,N,0
38.13997,23.33081,336.51,0.43,0.38,2021-08-17,0006,N,VIIRS,n,2,304.27,28.11,N,0
38.13933,23.33578,347.02,0.43,0.38,2021-08-17,0006,N,VIIRS,n,2,306.13,28.11,N,0
38.13868,23.34078,367,0.43,0.38,2021-08-17,0006,N,VIIRS,h,2,367.38,178.77,N,0
38.13804,23.34576,329.28,0.43,0.38,2021-08-17,0006,N,VIIRS,n,2,322.08,178.77,N,0
38.14449,23.29579,312.58,0.44,0.38,2021-08-17,0006,N,VIIRS,n,2,290.8,3.26,N,0
38.14061,23.32588,314.38,0.43,0.38,2021-08-17,0006,N,VIIRS,n,2,295.11,3.56,N,0
38.1374,23.35065,304.95,0.43,0.38,2021-08-17,0006,N,VIIRS,n,2,293.72,3.1,N,0
38.14094,23.29543,331.61,0.44,0.38,2021-08-17,0006,N,VIIRS,n,2,296.74,3.26,N,0
38.13709,23.32529,351.96,0.43,0.38,2021-08-17,0006,N,VIIRS,n,2,300.24,3.56,N,0
38.13646,23.33015,349.4,0.43,0.38,2021-08-17,0006,N,VIIRS,n,2,309.81,28.11,N,0
38.13583,23.33501,346.92,0.43,0.38,2021-08-17,0006,N,VIIRS,n,2,308.22,28.11,N,0
38.1352,23.33987,367,0.43,0.38,2021-08-17,0006,N,VIIRS,h,2,356.31,178.77,N,0
38.13457,23.34474,330.12,0.43,0.38,2021-08-17,0006,N,VIIRS,n,2,301.91,178.77,N,0
38.13772,23.32037,307.66,0.43,0.38,2021-08-17,0006,N,VIIRS,n,2,293.13,3.56,N,0
38.13394,23.3496,305.92,0.43,0.38,2021-08-17,0006,N,VIIRS,n,2,294.98,3.1,N,0
38.1374,23.29501,327.53,0.44,0.38,2021-08-17,0006,N,VIIRS,n,2,292.47,2.08,N,0
38.13424,23.31946,351.23,0.43,0.38,2021-08-17,0006,N,VIIRS,n,2,304.06,174.47,N,0
38.13362,23.32425,367,0.43,0.38,2021-08-17,0006,N,VIIRS,h,2,342.95,174.47,N,0
38.10655,23.33762,356.87,0.39,0.36,2021-08-17,1127,N,VIIRS,n,2,318.11,22.58,D,0
38.14291,23.35236,353.71,0.39,0.36,2021-08-17,1127,N,VIIRS,n,2,317.36,18.14,D,0
38.15161,23.34139,346.19,0.39,0.36,2021-08-17,1127,N,VIIRS,n,2,311.99,7.33,D,0
38.16229,23.32057,347.56,0.39,0.36,2021-08-17,1127,N,VIIRS,n,2,309.4,8.29,D,0
38.11102,23.36873,351.59,0.39,0.36,2021-08-17,1127,N,VIIRS,n,2,317.64,37.33,D,0
38.13425,23.36353,367,0.39,0.36,2021-08-17,1127,N,VIIRS,h,2,350.44,85.99,D,0
38.10402,23.32007,356.58,0.39,0.36,2021-08-17,1127,N,VIIRS,l,2,335.48,26.28,D,0
38.10148,23.30254,367,0.39,0.36,2021-08-17,1127,N,VIIRS,l,2,330.14,43.36,D,0
38.10669,23.31496,356.75,0.39,0.36,2021-08-17,1127,N,VIIRS,n,2,331.26,26.28,D,0
38.10607,23.31061,355.45,0.39,0.36,2021-08-17,1127,N,VIIRS,n,2,328.76,50.06,D,0
38.11435,23.36807,367,0.39,0.36,2021-08-17,1127,N,VIIRS,l,2,326.14,37.33,D,0
38.12861,23.30083,367,0.39,0.36,2021-08-17,1127,N,VIIRS,l,2,325.41,11.48,D,0
38.10732,23.31927,353.76,0.39,0.36,2021-08-17,1127,N,VIIRS,l,2,326.93,26.28,D,0
38.11768,23.36742,349.14,0.39,0.36,2021-08-17,1127,N,VIIRS,n,2,312.24,8.78,D,0
38.10556,23.28344,350.72,0.39,0.36,2021-08-17,1127,N,VIIRS,n,2,315.16,13.66,D,0
38.11063,23.31846,367,0.39,0.36,2021-08-17,1127,N,VIIRS,l,2,330.93,18.66,D,0
38.11,23.31415,367,0.39,0.36,2021-08-17,1127,N,VIIRS,l,2,326.33,18.66,D,0
38.11203,23.30449,352.33,0.39,0.36,2021-08-17,1127,N,VIIRS,n,2,316.81,17.98,D,0
38.13691,23.35826,353.68,0.39,0.36,2021-08-17,1127,N,VIIRS,n,2,324.39,81.32,D,0
38.12595,23.30606,367,0.39,0.36,2021-08-17,1127,N,VIIRS,h,2,339.63,64.59,D,0
38.13627,23.35382,367,0.39,0.36,2021-08-17,1127,N,VIIRS,h,2,331,81.32,D,0
38.07353,23.64628,340.54,0.39,0.36,2021-08-17,1127,N,VIIRS,l,2,313.74,6.65,D,0
38.08836,23.36745,349.32,0.39,0.36,2021-08-17,1127,N,VIIRS,n,2,311.15,15.68,D,0
38.09049,23.36879,342.77,0.39,0.36,2021-08-17,1127,N,VIIRS,n,2,315.78,29.26,D,0
38.08986,23.36431,352.88,0.39,0.36,2021-08-17,1127,N,VIIRS,n,2,319.9,29.26,D,0
38.08921,23.35986,349.57,0.39,0.36,2021-08-17,1127,N,VIIRS,l,2,321.63,39.26,D,0
38.13958,23.35306,367,0.39,0.36,2021-08-17,1127,N,VIIRS,h,2,340.33,81.32,D,0
38.08858,23.35546,350.78,0.39,0.36,2021-08-17,1127,N,VIIRS,n,2,306.98,39.26,D,0
38.09316,23.36352,342.51,0.39,0.36,2021-08-17,1127,N,VIIRS,n,2,309.94,29.26,D,0
38.0938,23.36798,367,0.39,0.36,2021-08-17,1127,N,VIIRS,l,2,330.01,29.26,D,0
38.09253,23.35907,367,0.39,0.36,2021-08-17,1127,N,VIIRS,l,2,325.47,39.26,D,0
38.09188,23.35464,367,0.39,0.36,2021-08-17,1127,N,VIIRS,l,2,334.94,39.26,D,0
38.09711,23.36719,367,0.39,0.36,2021-08-17,1127,N,VIIRS,h,2,334.18,41.85,D,0
38.13095,23.3644,346.86,0.39,0.36,2021-08-17,1127,N,VIIRS,n,2,315.46,85.99,D,0
38.09583,23.35829,351.59,0.39,0.36,2021-08-17,1127,N,VIIRS,n,2,316.76,41.57,D,0
38.0952,23.35385,347.86,0.39,0.36,2021-08-17,1127,N,VIIRS,n,2,308.15,41.57,D,0
38.09979,23.36197,345.59,0.39,0.36,2021-08-17,1127,N,VIIRS,n,2,312.4,41.85,D,0
38.10106,23.37085,367,0.39,0.36,2021-08-17,1127,N,VIIRS,l,2,339.04,93.29,D,0
38.09915,23.35752,367,0.39,0.36,2021-08-17,1127,N,VIIRS,l,2,336.05,41.57,D,0
38.10437,23.37009,367,0.39,0.36,2021-08-17,1127,N,VIIRS,h,2,355.95,99.07,D,0
38.1077,23.36941,367,0.39,0.36,2021-08-17,1127,N,VIIRS,h,2,345.84,99.07,D,0
38.10071,23.3209,367,0.39,0.36,2021-08-17,1127,N,VIIRS,l,2,338.77,40.5,D,0
38.10008,23.31657,367,0.39,0.36,2021-08-17,1127,N,VIIRS,l,2,325.86,40.5,D,0
38.10339,23.31577,367,0.39,0.36,2021-08-17,1127,N,VIIRS,h,2,351.67,26.28,D,0
38.10276,23.31143,367,0.39,0.36,2021-08-17,1127,N,VIIRS,h,2,358.15,50.06,D,0
38.10212,23.30698,367,0.39,0.36,2021-08-17,1127,N,VIIRS,h,2,353.58,50.06,D,0
40.94278,24.22548,345.25,0.42,0.38,2021-08-17,1128,N,VIIRS,n,2,303.26,6.58,D,0
40.91556,23.74808,330.45,0.41,0.37,2021-08-17,1128,N,VIIRS,n,2,303.42,1.89,D,0
38.08545,23.3638,332.15,0.47,0.48,2021-08-17,2347,N,VIIRS,n,2,297.91,5.47,N,0
38.15247,23.35441,306.08,0.47,0.48,2021-08-17,2347,N,VIIRS,n,2,293.66,26.1,N,0
38.152,23.35986,316.94,0.47,0.48,2021-08-17,2347,N,VIIRS,n,2,294.38,129.62,N,0
38.14848,23.34877,325.87,0.47,0.48,2021-08-17,2347,N,VIIRS,n,2,295.74,26.1,N,0
38.148,23.35441,367,0.47,0.48,2021-08-17,2347,N,VIIRS,h,2,306.37,26.1,N,0
38.14705,23.36556,344.28,0.47,0.48,2021-08-17,2347,N,VIIRS,n,2,320.54,129.62,N,0
38.14659,23.37096,330.88,0.47,0.48,2021-08-17,2347,N,VIIRS,n,2,314.89,49.34,N,0
38.14612,23.37642,349.72,0.47,0.48,2021-08-17,2347,N,VIIRS,n,2,298.81,49.34,N,0
38.14352,23.35451,324.63,0.47,0.48,2021-08-17,2347,N,VIIRS,n,2,294.32,5.35,N,0
38.14305,23.36008,320.42,0.47,0.48,2021-08-17,2347,N,VIIRS,n,2,296.33,5.83,N,0
38.14259,23.36549,343.52,0.47,0.48,2021-08-17,2347,N,VIIRS,n,2,300.85,5.83,N,0
38.14213,23.37084,367,0.47,0.48,2021-08-17,2347,N,VIIRS,h,2,304.65,17.34,N,0
38.14167,23.37632,367,0.47,0.48,2021-08-17,2347,N,VIIRS,h,2,306.73,17.34,N,0
38.14121,23.38163,351.55,0.47,0.48,2021-08-17,2347,N,VIIRS,n,2,302.86,10.74,N,0
38.14078,23.38673,330.7,0.47,0.48,2021-08-17,2347,N,VIIRS,n,2,298.49,10.74,N,0
38.14033,23.39192,314.74,0.47,0.48,2021-08-17,2347,N,VIIRS,n,2,295.47,24.54,N,0
38.12911,23.52223,310.18,0.46,0.47,2021-08-17,2347,N,VIIRS,n,2,293.58,0.92,N,2
38.13635,23.38625,346.04,0.47,0.48,2021-08-17,2347,N,VIIRS,n,2,302.43,10.74,N,0
38.13592,23.39137,353.1,0.47,0.48,2021-08-17,2347,N,VIIRS,n,2,313.43,24.54,N,0
38.13548,23.39649,338.65,0.47,0.48,2021-08-17,2347,N,VIIRS,n,2,296.2,24.54,N,0
38.13815,23.36518,308.94,0.47,0.48,2021-08-17,2347,N,VIIRS,n,2,295.35,5.83,N,0
38.13771,23.37038,312.15,0.47,0.48,2021-08-17,2347,N,VIIRS,n,2,297.04,17.34,N,0
38.13725,23.37577,313.29,0.47,0.48,2021-08-17,2347,N,VIIRS,n,2,296.6,17.34,N,0
38.1368,23.38111,316.89,0.47,0.48,2021-08-17,2347,N,VIIRS,n,2,297.09,10.74,N,0
38.14899,23.35313,348.91,0.47,0.48,2021-08-17,2347,N,VIIRS,n,2,299.76,90.49,N,0
38.14848,23.35875,367,0.47,0.48,2021-08-17,2347,N,VIIRS,h,2,323.47,90.49,N,0
38.14797,23.36428,341.28,0.47,0.48,2021-08-17,2347,N,VIIRS,n,2,317.47,88.62,N,0
38.14748,23.36969,344.91,0.47,0.48,2021-08-17,2347,N,VIIRS,n,2,313.78,88.62,N,0
38.14698,23.37515,334.62,0.47,0.48,2021-08-17,2347,N,VIIRS,n,2,297.02,12.81,N,0
38.14951,23.34753,310.83,0.47,0.48,2021-08-17,2347,N,VIIRS,n,2,294.52,3.02,N,0
38.1445,23.35322,345.89,0.47,0.48,2021-08-17,2347,N,VIIRS,n,2,296.2,6.79,N,0
38.14399,23.35885,326.82,0.47,0.48,2021-08-17,2347,N,VIIRS,n,2,297.81,6.79,N,0
38.14349,23.36432,349.42,0.47,0.48,2021-08-17,2347,N,VIIRS,n,2,303.69,21.57,N,0
38.14301,23.36965,355.95,0.47,0.48,2021-08-17,2347,N,VIIRS,n,2,310.52,21.57,N,0
38.14251,23.37508,356.44,0.47,0.48,2021-08-17,2347,N,VIIRS,n,2,311.42,19.49,N,0
38.14202,23.38045,353.18,0.47,0.48,2021-08-17,2347,N,VIIRS,n,2,304.17,19.49,N,0
38.14156,23.38555,322.47,0.47,0.48,2021-08-17,2347,N,VIIRS,n,2,297.11,19.04,N,0
38.14502,23.34756,308.38,0.47,0.48,2021-08-17,2347,N,VIIRS,n,2,292.57,2.91,N,0
38.12863,23.52598,309.63,0.46,0.47,2021-08-17,2347,N,VIIRS,n,2,293.34,1.28,N,2
38.13711,23.38527,340.79,0.47,0.48,2021-08-17,2347,N,VIIRS,n,2,299.89,19.04,N,0
38.13665,23.39035,367,0.47,0.48,2021-08-17,2347,N,VIIRS,h,2,307.36,19.04,N,0
38.13619,23.39541,338.22,0.47,0.48,2021-08-17,2347,N,VIIRS,n,2,299.93,15.73,N,0
38.13905,23.36406,306.96,0.47,0.48,2021-08-17,2347,N,VIIRS,n,2,294.4,21.57,N,0
38.13857,23.36928,312.06,0.47,0.48,2021-08-17,2347,N,VIIRS,n,2,296.32,21.57,N,0
38.13808,23.37466,313.55,0.47,0.48,2021-08-17,2347,N,VIIRS,n,2,296.37,19.49,N,0
38.13759,23.38008,317.85,0.47,0.48,2021-08-17,2347,N,VIIRS,n,2,297.27,19.49,N,0
38.13422,23.36804,342.39,0.47,0.48,2021-08-17,2347,N,VIIRS,n,2,299.56,11.25,N,0
38.13374,23.37335,327.87,0.47,0.48,2021-08-17,2347,N,VIIRS,n,2,299.41,8.2,N,0
38.13325,23.37865,334.08,0.47,0.48,2021-08-17,2347,N,VIIRS,n,2,300.75,8.2,N,0
38.13279,23.38377,367,0.47,0.48,2021-08-17,2347,N,VIIRS,h,2,304.87,30.17,N,0
38.13232,23.3889,352.85,0.47,0.48,2021-08-17,2347,N,VIIRS,n,2,307.39,30.17,N,0
38.13185,23.39413,334.43,0.47,0.48,2021-08-17,2347,N,VIIRS,n,2,295.97,16.52,N,0
38.12941,23.37175,352.7,0.47,0.48,2021-08-17,2347,N,VIIRS,n,2,295.79,8.2,N,0
38.12893,23.3771,332.61,0.47,0.48,2021-08-17,2347,N,VIIRS,n,2,294.83,8.2,N,0
38.12845,23.38234,342.4,0.47,0.48,2021-08-17,2347,N,VIIRS,n,2,294.92,30.17,N,0
38.11609,23.37081,367,0.47,0.48,2021-08-17,2347,N,VIIRS,h,2,302.52,23.7,N,0
38.11563,23.37599,336.77,0.47,0.48,2021-08-17,2347,N,VIIRS,n,2,303.23,23.7,N,0
38.11158,23.37135,336.25,0.47,0.48,2021-08-17,2347,N,VIIRS,n,2,294.42,23.7,N,0
38.11112,23.37639,339.75,0.47,0.48,2021-08-17,2347,N,VIIRS,n,2,294.75,23.7,N,0
38.10707,23.37178,305.66,0.47,0.48,2021-08-17,2347,N,VIIRS,n,2,293.41,1.5,N,0
38.10663,23.37671,311.24,0.47,0.48,2021-08-17,2347,N,VIIRS,n,2,294.34,1.5,N,0
38.10488,23.39627,312.77,0.47,0.48,2021-08-17,2347,N,VIIRS,n,2,294.49,40.72,N,0
38.10443,23.40124,311.15,0.47,0.48,2021-08-17,2347,N,VIIRS,n,2,293.41,5.84,N,0
38.10689,23.3236,334.69,0.47,0.48,2021-08-17,2347,N,VIIRS,n,2,294.16,4.61,N,0
38.10594,23.33438,340.66,0.47,0.48,2021-08-17,2347,N,VIIRS,n,2,295.71,11.01,N,0
38.10544,23.34002,331.9,0.47,0.48,2021-08-17,2347,N,VIIRS,n,2,293.62,5.27,N,0
38.10088,23.39113,347.55,0.47,0.48,2021-08-17,2347,N,VIIRS,n,2,299.16,40.72,N,0
38.10043,23.39607,333.07,0.47,0.48,2021-08-17,2347,N,VIIRS,n,2,328.04,40.72,N,0
38.09999,23.40101,331.01,0.47,0.48,2021-08-17,2347,N,VIIRS,n,2,296.23,5.84,N,0
38.1026,23.37186,307.67,0.47,0.48,2021-08-17,2347,N,VIIRS,n,2,292.74,1.5,N,0
38.10131,23.38624,310.47,0.47,0.48,2021-08-17,2347,N,VIIRS,n,2,294.4,4.25,N,0
38.09955,23.40592,304.82,0.47,0.48,2021-08-17,2347,N,VIIRS,n,2,292.88,5.84,N,0
38.10107,23.33885,336.03,0.47,0.48,2021-08-17,2347,N,VIIRS,n,2,294.32,5.1,N,0
38.09732,23.381,350.41,0.47,0.48,2021-08-17,2347,N,VIIRS,n,2,302.25,18.99,N,0
38.09689,23.38586,352.13,0.47,0.48,2021-08-17,2347,N,VIIRS,n,2,302.25,18.99,N,0
38.09644,23.39088,367,0.47,0.48,2021-08-17,2347,N,VIIRS,h,2,322.09,296.23,N,0
38.10254,23.32222,313.88,0.47,0.48,2021-08-17,2347,N,VIIRS,n,2,292.49,1.67,N,0
38.09775,23.37615,312.83,0.47,0.48,2021-08-17,2347,N,VIIRS,n,2,296.53,3.31,N,0
38.09513,23.40557,310.11,0.47,0.48,2021-08-17,2347,N,VIIRS,n,2,293.66,137.43,N,0
38.09336,23.37525,322.92,0.47,0.48,2021-08-17,2347,N,VIIRS,n,2,298.37,3.31,N,0
38.09294,23.38003,352.79,0.47,0.48,2021-08-17,2347,N,VIIRS,n,2,308.91,18.99,N,0
38.09253,23.38473,355.26,0.47,0.48,2021-08-17,2347,N,VIIRS,n,2,309.64,18.99,N,0
38.09208,23.38969,367,0.47,0.48,2021-08-17,2347,N,VIIRS,h,2,302.52,296.23,N,0
38.09161,23.39499,331.68,0.47,0.48,2021-08-17,2347,N,VIIRS,n,2,322.57,296.23,N,0
38.0938,23.37038,318.49,0.47,0.48,2021-08-17,2347,N,VIIRS,n,2,296.93,3.31,N,0
38.09071,23.40509,308.43,0.47,0.48,2021-08-17,2347,N,VIIRS,n,2,293.22,137.43,N,0
38.08983,23.36475,322.33,0.47,0.48,2021-08-17,2347,N,VIIRS,n,2,294.96,5.47,N,0
38.08942,23.36938,353.82,0.47,0.48,2021-08-17,2347,N,VIIRS,n,2,305.23,12.13,N,0
38.08901,23.37404,336.96,0.47,0.48,2021-08-17,2347,N,VIIRS,n,2,302.81,12.13,N,0
38.08859,23.37876,354.76,0.47,0.48,2021-08-17,2347,N,VIIRS,n,2,311.51,64.95,N,0
38.08817,23.38343,329.08,0.47,0.48,2021-08-17,2347,N,VIIRS,n,2,322.99,64.95,N,0
38.08774,23.38835,331.44,0.47,0.48,2021-08-17,2347,N,VIIRS,n,2,294.75,5.17,N,0
38.08725,23.39383,321.08,0.47,0.48,2021-08-17,2347,N,VIIRS,n,2,293.7,5.17,N,0
38.09129,23.34828,310.13,0.47,0.48,2021-08-17,2347,N,VIIRS,n,2,293.34,10.62,N,0
38.09027,23.35979,306.52,0.47,0.48,2021-08-17,2347,N,VIIRS,n,2,293.18,5.47,N,0
38.08677,23.39927,311.43,0.47,0.48,2021-08-17,2347,N,VIIRS,n,2,293.12,3.59,N,0
38.08696,23.34655,320.5,0.47,0.48,2021-08-17,2347,N,VIIRS,n,2,294.48,10.62,N,0
38.08641,23.35284,367,0.47,0.48,2021-08-17,2347,N,VIIRS,h,2,304.37,10.62,N,0
38.0859,23.35864,355.94,0.47,0.48,2021-08-17,2347,N,VIIRS,n,2,303.65,5.47,N,0
38.08504,23.36833,349.42,0.47,0.48,2021-08-17,2347,N,VIIRS,n,2,298.61,12.13,N,0
38.08464,23.37293,367,0.47,0.48,2021-08-17,2347,N,VIIRS,h,2,304.1,12.13,N,0
38.08422,23.37767,356.17,0.47,0.48,2021-08-17,2347,N,VIIRS,n,2,310.2,64.95,N,0
38.0838,23.3824,328.05,0.47,0.48,2021-08-17,2347,N,VIIRS,n,2,304.68,64.95,N,0
38.08337,23.38728,311.22,0.47,0.48,2021-08-17,2347,N,VIIRS,n,2,291.89,5.17,N,0
38.08289,23.3927,306.66,0.47,0.48,2021-08-17,2347,N,VIIRS,n,2,291.7,5.17,N,0
38.08211,23.35087,322.73,0.47,0.48,2021-08-17,2347,N,VIIRS,n,2,293.43,5.14,N,0
38.07985,23.37666,320.09,0.47,0.48,2021-08-17,2347,N,VIIRS,n,2,294.6,5.06,N,0
38.07942,23.38147,328.24,0.47,0.48,2021-08-17,2347,N,VIIRS,n,2,293.27,5.06,N,0
38.0816,23.35671,306.17,0.47,0.48,2021-08-17,2347,N,VIIRS,n,2,293.79,1.58,N,0
38.08111,23.36229,307.13,0.47,0.48,2021-08-17,2347,N,VIIRS,n,2,293.89,1.58,N,0
38.08027,23.37187,309.75,0.47,0.48,2021-08-17,2347,N,VIIRS,n,2,294.5,3.56,N,0
38.14515,23.3499,311.2,0.7,0.75,2021-08-18,0127,N,VIIRS,n,2,291.45,2.61,N,0
38.0923,23.34918,310.41,0.7,0.75,2021-08-18,0127,N,VIIRS,n,2,291.01,9.24,N,0
38.09009,23.35594,307.08,0.7,0.75,2021-08-18,0127,N,VIIRS,n,2,291.03,6.92,N,0
38.08683,23.36593,303.95,0.7,0.75,2021-08-18,0127,N,VIIRS,n,2,291.57,6.92,N,0
38.09978,23.30301,367,0.7,0.75,2021-08-18,0127,N,VIIRS,h,2,293.12,27.13,N,0
38.0823,23.35655,353.74,0.7,0.75,2021-08-18,0127,N,VIIRS,n,2,295,11.84,N,0
38.07932,23.36566,329.63,0.7,0.75,2021-08-18,0127,N,VIIRS,n,2,292.49,11.84,N,0
38.09658,23.31281,302.89,0.7,0.75,2021-08-18,0127,N,VIIRS,n,2,290.98,9.53,N,0
38.08466,23.34933,309.1,0.7,0.75,2021-08-18,0127,N,VIIRS,n,2,291.97,10.67,N,0
38.11295,23.38164,345.62,0.7,0.75,2021-08-18,0127,N,VIIRS,n,2,294.28,8.42,N,0
38.11039,23.38971,349.65,0.7,0.75,2021-08-18,0127,N,VIIRS,n,2,293.52,6.72,N,0
38.11538,23.37403,316.88,0.7,0.75,2021-08-18,0127,N,VIIRS,n,2,292.6,8.42,N,0
38.10786,23.37383,310.35,0.7,0.75,2021-08-18,0127,N,VIIRS,n,2,291.64,8.42,N,0
38.10496,23.38294,309.25,0.7,0.75,2021-08-18,0127,N,VIIRS,n,2,291.96,6.72,N,0
38.10178,23.39292,306.78,0.7,0.75,2021-08-18,0127,N,VIIRS,n,2,292.18,6.72,N,0
38.09877,23.40233,317.06,0.7,0.75,2021-08-18,0127,N,VIIRS,n,2,293.02,4.12,N,0
38.09935,23.37673,328.41,0.7,0.75,2021-08-18,0127,N,VIIRS,n,2,291.25,17.33,N,0
38.09587,23.38766,355.16,0.7,0.75,2021-08-18,0127,N,VIIRS,n,2,295.94,17.33,N,0
38.0928,23.39726,341.3,0.7,0.75,2021-08-18,0127,N,VIIRS,n,2,295.47,12.81,N,0
38.1059,23.33254,337.7,0.7,0.75,2021-08-18,0127,N,VIIRS,n,2,292.32,14.02,N,0
38.10356,23.33985,343.15,0.7,0.75,2021-08-18,0127,N,VIIRS,n,2,293.75,11.05,N,0
38.09278,23.37359,331.98,0.7,0.75,2021-08-18,0127,N,VIIRS,n,2,293.46,17.33,N,0
38.08848,23.38706,367,0.7,0.75,2021-08-18,0127,N,VIIRS,h,2,297.21,17.33,N,0
38.08585,23.39528,312.5,0.7,0.75,2021-08-18,0127,N,VIIRS,n,2,291.57,12.81,N,0
38.08157,23.38496,321.32,0.7,0.75,2021-08-18,0127,N,VIIRS,n,2,292.82,4.37,N,0
38.09849,23.33209,302.89,0.7,0.75,2021-08-18,0127,N,VIIRS,n,2,290.93,4.15,N,0
38.09628,23.33899,317.77,0.7,0.75,2021-08-18,0127,N,VIIRS,n,2,291.03,7.45,N,0
38.09227,23.35149,319.11,0.7,0.75,2021-08-18,0127,N,VIIRS,n,2,291.55,10,N,0
38.08561,23.3723,314.23,0.7,0.75,2021-08-18,0127,N,VIIRS,n,2,292.27,4.37,N,0
38.09901,23.30685,367,0.7,0.75,2021-08-18,0127,N,VIIRS,h,2,292.66,20.23,N,0
38.08467,23.35158,330.36,0.7,0.75,2021-08-18,0127,N,VIIRS,n,2,292.51,10,N,0
38.08224,23.35916,367,0.7,0.75,2021-08-18,0127,N,VIIRS,h,2,295.12,10,N,0
38.10212,23.29711,318.84,0.7,0.75,2021-08-18,0127,N,VIIRS,n,2,289.54,16.55,N,0
38.07866,23.37035,303.42,0.7,0.75,2021-08-18,0127,N,VIIRS,n,2,291.48,4.37,N,0
39.35524,22.9834,304.86,0.62,0.71,2021-08-18,0127,N,VIIRS,n,2,291.01,1.55,N,2
38.14751,23.38954,303.75,0.7,0.75,2021-08-18,0127,N,VIIRS,n,2,291.74,116.51,N,0
38.14885,23.36189,322.8,0.7,0.75,2021-08-18,0127,N,VIIRS,n,2,293.05,16.74,N,0
38.14659,23.36889,341.82,0.7,0.75,2021-08-18,0127,N,VIIRS,n,2,295.89,16.74,N,0
38.14429,23.376,367,0.7,0.75,2021-08-18,0127,N,VIIRS,h,2,297.6,116.51,N,0
38.14178,23.38379,339.24,0.7,0.75,2021-08-18,0127,N,VIIRS,n,2,309.38,116.51,N,0
38.1362,23.40104,367,0.7,0.75,2021-08-18,0127,N,VIIRS,h,2,295.19,244.07,N,0
38.15102,23.3552,308.56,0.7,0.75,2021-08-18,0127,N,VIIRS,n,2,291.3,4.32,N,0
38.13293,23.41117,319.52,0.7,0.75,2021-08-18,0127,N,VIIRS,n,2,292.39,17.2,N,0
38.1354,23.38006,322.9,0.7,0.75,2021-08-18,0127,N,VIIRS,n,2,293,18.57,N,0
38.13203,23.39047,367,0.7,0.75,2021-08-18,0127,N,VIIRS,h,2,299.29,21.1,N,0
38.129,23.39982,349.6,0.7,0.75,2021-08-18,0127,N,VIIRS,n,2,295.26,21.1,N,0
38.12596,23.40922,318.74,0.7,0.75,2021-08-18,0127,N,VIIRS,n,2,291.98,5.6,N,0
38.12316,23.41788,304,0.7,0.75,2021-08-18,0127,N,VIIRS,n,2,291.34,5.6,N,0
38.13059,23.37148,330.72,0.7,0.75,2021-08-18,0127,N,VIIRS,n,2,292.48,18.57,N,0
38.12767,23.38049,348.31,0.7,0.75,2021-08-18,0127,N,VIIRS,n,2,293.12,18.57,N,0
38.12478,23.38942,367,0.7,0.75,2021-08-18,0127,N,VIIRS,h,2,292.38,21.1,N,0
38.12201,23.39798,306.21,0.7,0.75,2021-08-18,0127,N,VIIRS,n,2,292.3,21.1,N,0
38.11332,23.37793,327.03,0.7,0.75,2021-08-18,0127,N,VIIRS,n,2,293.36,13.25,N,0
38.11077,23.38575,367,0.7,0.75,2021-08-18,0127,N,VIIRS,h,2,294.63,13.25,N,0
38.11577,23.37039,312.99,0.7,0.75,2021-08-18,0127,N,VIIRS,n,2,292.21,6.32,N,0
38.09922,23.3979,323.07,0.7,0.75,2021-08-18,0127,N,VIIRS,n,2,294.01,12.79,N,0
38.10553,23.3785,318.28,0.7,0.75,2021-08-18,0127,N,VIIRS,n,2,291.92,12.83,N,0
38.09644,23.3831,367,0.7,0.75,2021-08-18,0127,N,VIIRS,h,2,295.5,12.79,N,0
38.09306,23.39346,349.28,0.7,0.75,2021-08-18,0127,N,VIIRS,n,2,296.02,12.79,N,0
38.09002,23.40281,321.63,0.7,0.75,2021-08-18,0127,N,VIIRS,n,2,292.57,8.4,N,0
38.10384,23.33707,367,0.7,0.75,2021-08-18,0127,N,VIIRS,h,2,296.72,8.36,N,0
38.08914,23.38217,367,0.7,0.75,2021-08-18,0127,N,VIIRS,h,2,298.2,13.12,N,0
38.08584,23.39229,331.26,0.7,0.75,2021-08-18,0127,N,VIIRS,n,2,291.74,13.12,N,0
38.10629,23.32953,308.08,0.7,0.75,2021-08-18,0127,N,VIIRS,n,2,290.58,8.36,N,0
38.09338,23.36914,310.39,0.7,0.75,2021-08-18,0127,N,VIIRS,n,2,292.28,6.92,N,0
38.08214,23.38033,324.35,0.7,0.75,2021-08-18,0127,N,VIIRS,n,2,292.96,13.12,N,0
38.09637,23.33671,311.79,0.7,0.75,2021-08-18,0127,N,VIIRS,n,2,290.59,8.36,N,0
39.30573,20.5473,332.17,0.56,0.43,2021-08-18,1109,N,VIIRS,n,2,307.1,3.27,D,0
38.15265,23.34756,335.1,0.45,0.39,2021-08-18,1109,N,VIIRS,n,2,300.77,37.03,D,0
38.15011,23.35389,367,0.45,0.39,2021-08-18,1109,N,VIIRS,l,2,325.86,108.54,D,0
38.15035,23.37515,367,0.45,0.39,2021-08-18,1109,N,VIIRS,h,2,333.81,275.45,D,0
38.15128,23.38015,367,0.45,0.39,2021-08-18,1109,N,VIIRS,h,2,357.05,275.45,D,0
38.15222,23.3852,367,0.45,0.39,2021-08-18,1109,N,VIIRS,h,2,315.5,71.77,D,0
38.13087,23.37032,340.35,0.45,0.39,2021-08-18,1109,N,VIIRS,n,2,303.62,7.36,D,0
38.13657,23.40083,342.1,0.45,0.39,2021-08-18,1109,N,VIIRS,n,2,311.44,80.2,D,0
38.1076,23.32554,337,0.45,0.39,2021-08-18,1109,N,VIIRS,l,2,308.29,38.06,D,0
38.10499,23.33148,367,0.45,0.39,2021-08-18,1109,N,VIIRS,l,2,327.41,29.48,D,0
38.10007,23.30542,341.99,0.45,0.39,2021-08-18,1109,N,VIIRS,n,2,311.62,7.82,D,0
38.08004,23.38797,340.27,0.45,0.39,2021-08-18,1109,N,VIIRS,n,2,306.12,4.06,D,0
38.08195,23.39834,336.53,0.45,0.39,2021-08-18,1109,N,VIIRS,n,2,304.93,6.51,D,0
38.08383,23.4085,345.16,0.45,0.39,2021-08-18,1109,N,VIIRS,n,2,304.56,5.61,D,0
38.101,23.31034,353.07,0.45,0.39,2021-08-18,1109,N,VIIRS,n,2,314.24,7.82,D,0
38.102,23.31563,339.22,0.45,0.39,2021-08-18,1109,N,VIIRS,l,2,311.83,14.53,D,0
38.09845,23.31655,343.94,0.45,0.39,2021-08-18,1109,N,VIIRS,n,2,311.1,14.53,D,0
38.10043,23.32706,344.67,0.45,0.39,2021-08-18,1109,N,VIIRS,n,2,309.38,29.48,D,0
38.10142,23.33231,367,0.45,0.39,2021-08-18,1109,N,VIIRS,h,2,310.87,29.48,D,0
38.08866,23.36334,347.62,0.45,0.39,2021-08-18,1109,N,VIIRS,n,2,306.44,11.37,D,0
38.0907,23.36525,333.63,0.45,0.39,2021-08-18,1109,N,VIIRS,n,2,303.38,5.12,D,0
38.08426,23.35048,337.48,0.45,0.39,2021-08-18,1109,N,VIIRS,n,2,305.96,6.08,D,0
38.08714,23.36612,345.76,0.45,0.39,2021-08-18,1109,N,VIIRS,n,2,306.48,5.12,D,0
38.07938,23.40453,330.63,0.45,0.39,2021-08-18,1109,N,VIIRS,l,2,303.93,5.61,D,0
38.08265,23.36193,336.84,0.45,0.39,2021-08-18,1109,N,VIIRS,n,2,305.73,7.44,D,0
38.08356,23.36685,340.81,0.45,0.39,2021-08-18,1109,N,VIIRS,n,2,307.08,7.44,D,0
38.08996,23.40149,338.93,0.45,0.39,2021-08-18,1109,N,VIIRS,n,2,305.85,20.43,D,0
38.07907,23.36262,348.13,0.45,0.39,2021-08-18,1109,N,VIIRS,n,2,310.79,7.44,D,0
38.07999,23.36758,347.07,0.45,0.39,2021-08-18,1109,N,VIIRS,n,2,308.19,7.44,D,0
38.08088,23.37242,335.97,0.45,0.39,2021-08-18,1109,N,VIIRS,n,2,304.68,4.72,D,0
38.08178,23.37729,333.2,0.45,0.39,2021-08-18,1109,N,VIIRS,l,2,304.17,4.72,D,0
38.08454,23.39218,342.41,0.45,0.39,2021-08-18,1109,N,VIIRS,n,2,306.59,5.86,D,0
38.08549,23.39739,333.35,0.45,0.39,2021-08-18,1109,N,VIIRS,l,2,306.65,5.86,D,0
38.56583,23.29371,307.29,0.43,0.62,2021-08-18,2328,N,VIIRS,n,2,292.76,1.21,N,2
38.56517,23.29346,305.54,0.43,0.62,2021-08-18,2328,N,VIIRS,n,2,292.67,0.79,N,2
38.16677,23.38406,324.59,0.42,0.61,2021-08-18,2328,N,VIIRS,n,2,290.48,4.54,N,0
38.167,23.37932,312.87,0.42,0.61,2021-08-18,2328,N,VIIRS,n,2,290.63,3.44,N,0
38.16054,23.39402,367,0.42,0.61,2021-08-18,2328,N,VIIRS,h,2,295.92,9.72,N,0
38.16031,23.39908,338.39,0.42,0.61,2021-08-18,2328,N,VIIRS,n,2,292.02,9.72,N,0
38.16078,23.38892,310.59,0.42,0.61,2021-08-18,2328,N,VIIRS,n,2,291.25,4.54,N,0
38.15472,23.39533,367,0.42,0.61,2021-08-18,2328,N,VIIRS,h,2,295.12,11.55,N,0
38.1545,23.39996,367,0.42,0.61,2021-08-18,2328,N,VIIRS,h,2,294.79,11.55,N,0
38.15496,23.39012,305.53,0.42,0.61,2021-08-18,2328,N,VIIRS,n,2,291.99,8.19,N,0
38.14855,23.40407,356.34,0.42,0.61,2021-08-18,2328,N,VIIRS,n,2,295.11,10.28,N,0
38.14877,23.39948,309.55,0.42,0.61,2021-08-18,2328,N,VIIRS,n,2,292.07,11.55,N,0
38.14301,23.3995,327.9,0.42,0.61,2021-08-18,2328,N,VIIRS,n,2,292.56,16.17,N,0
38.14279,23.40411,367,0.42,0.61,2021-08-18,2328,N,VIIRS,h,2,296.23,20.01,N,0
38.13157,23.52194,304.35,0.42,0.61,2021-08-18,2328,N,VIIRS,n,2,292.08,0.76,N,2
38.12629,23.38688,313.77,0.42,0.61,2021-08-18,2328,N,VIIRS,n,2,292.07,1.62,N,0
38.12077,23.38138,306.99,0.42,0.61,2021-08-18,2328,N,VIIRS,n,2,292.16,1.29,N,0
38.11494,23.38284,306.74,0.42,0.61,2021-08-18,2328,N,VIIRS,n,2,291.9,1.29,N,0
38.14223,23.40398,367,0.42,0.61,2021-08-18,2328,N,VIIRS,h,2,295.62,11.92,N,0
38.14247,23.39938,316.38,0.42,0.61,2021-08-18,2328,N,VIIRS,n,2,292.39,11.92,N,0
38.13036,23.52132,302.25,0.42,0.61,2021-08-18,2328,N,VIIRS,n,2,291.56,0.96,N,0
38.12583,23.38663,316.18,0.42,0.61,2021-08-18,2328,N,VIIRS,n,2,292.17,1.67,N,0
38.12035,23.38122,306.11,0.42,0.61,2021-08-18,2328,N,VIIRS,n,2,292.16,1.25,N,0
38.1145,23.38287,303.04,0.42,0.61,2021-08-18,2328,N,VIIRS,n,2,291.32,1.25,N,0
38.10183,23.4058,303.43,0.42,0.61,2021-08-18,2328,N,VIIRS,n,2,291.54,1.02,N,0
38.09999,23.32619,341.37,0.43,0.62,2021-08-18,2328,N,VIIRS,n,2,294.05,13.47,N,0
38.09974,23.33123,367,0.43,0.62,2021-08-18,2328,N,VIIRS,h,2,302.98,16,N,0
38.09586,23.41007,322.93,0.42,0.61,2021-08-18,2328,N,VIIRS,n,2,293.26,3.04,N,0
38.10023,23.32133,302.44,0.43,0.62,2021-08-18,2328,N,VIIRS,n,2,291.24,13.47,N,0
38.09606,23.40595,319.3,0.42,0.61,2021-08-18,2328,N,VIIRS,n,2,292.46,3.04,N,0
38.09456,23.3189,346.03,0.43,0.62,2021-08-18,2328,N,VIIRS,n,2,294.58,13.47,N,0
38.09431,23.32404,367,0.43,0.62,2021-08-18,2328,N,VIIRS,h,2,295,13.47,N,0
38.09407,23.32906,367,0.43,0.62,2021-08-18,2328,N,VIIRS,h,2,295.56,16,N,0
38.09011,23.41003,337.13,0.42,0.61,2021-08-18,2328,N,VIIRS,n,2,292.72,3.04,N,0
38.0938,23.33457,301.77,0.43,0.62,2021-08-18,2328,N,VIIRS,n,2,290.2,16,N,0
38.0899,23.41433,310.89,0.42,0.61,2021-08-18,2328,N,VIIRS,n,2,292.3,2.9,N,0
38.08415,23.41423,323.03,0.42,0.61,2021-08-18,2328,N,VIIRS,n,2,294.14,2.49,N,0
38.08909,23.31234,305.9,0.43,0.62,2021-08-18,2328,N,VIIRS,n,2,291.72,1.26,N,0
38.08887,23.31696,309.05,0.43,0.62,2021-08-18,2328,N,VIIRS,n,2,291.71,2.67,N,0
38.08435,23.40994,306.67,0.42,0.61,2021-08-18,2328,N,VIIRS,n,2,292.75,3.11,N,0
38.08191,23.34152,337.16,0.43,0.62,2021-08-18,2328,N,VIIRS,n,2,292.76,4.71,N,0
38.08345,23.30919,309.77,0.43,0.62,2021-08-18,2328,N,VIIRS,n,2,292.86,1.26,N,0
38.08134,23.35339,309.74,0.43,0.62,2021-08-18,2328,N,VIIRS,n,2,292.56,2.68,N,0
38.08106,23.35919,302.17,0.43,0.62,2021-08-18,2328,N,VIIRS,n,2,291.26,1.24,N,0
38.08064,23.36811,309.44,0.43,0.62,2021-08-18,2328,N,VIIRS,n,2,292.69,2.54,N,0
38.08024,23.37615,319.37,0.42,0.61,2021-08-18,2328,N,VIIRS,n,2,293.18,2.02,N,0
38.07937,23.3941,305.68,0.42,0.61,2021-08-18,2328,N,VIIRS,n,2,292.05,0.83,N,0
38.07911,23.39949,305.41,0.42,0.61,2021-08-18,2328,N,VIIRS,n,2,292.36,0.83,N,0
38.07492,23.36698,310.71,0.43,0.62,2021-08-18,2328,N,VIIRS,n,2,291.69,1.68,N,0
38.0745,23.37563,302.7,0.42,0.61,2021-08-18,2328,N,VIIRS,n,2,291.04,0.59,N,0
38.03491,23.60206,306.08,0.41,0.61,2021-08-18,2328,N,VIIRS,n,2,294.31,1.08,N,0
36.47705,22.45142,304.05,0.46,0.64,2021-08-18,2329,N,VIIRS,n,2,293.42,2.64,N,0
36.47672,22.45831,323.92,0.46,0.64,2021-08-18,2329,N,VIIRS,n,2,293.73,2.68,N,0
40.28484,23.44271,305.7,0.36,0.57,2021-08-19,0108,N,VIIRS,n,2,289.75,0.68,N,2
39.35496,22.98588,305.85,0.36,0.57,2021-08-19,0108,N,VIIRS,n,2,289.74,1.2,N,2
39.35671,22.98413,309.05,0.36,0.57,2021-08-19,0108,N,VIIRS,n,2,289.76,0.67,N,2
38.12993,23.40769,305.78,0.41,0.6,2021-08-19,0109,N,VIIRS,n,2,291.53,2.26,N,0
38.08023,23.41454,334.76,0.41,0.61,2021-08-19,0109,N,VIIRS,n,2,294.35,3.61,N,0
38.08542,23.41745,313.15,0.41,0.61,2021-08-19,0109,N,VIIRS,n,2,293.02,51.56,N,0
38.08963,23.402,304.45,0.41,0.6,2021-08-19,0109,N,VIIRS,n,2,291.77,56.77,N,0
38.08684,23.41223,354.11,0.41,0.61,2021-08-19,0109,N,VIIRS,n,2,294.59,51.56,N,0
38.08825,23.40708,348.77,0.41,0.6,2021-08-19,0109,N,VIIRS,n,2,292.73,56.77,N,0
38.08927,23.4253,303.82,0.41,0.61,2021-08-19,0109,N,VIIRS,n,2,291.91,6.13,N,0
38.0906,23.4204,317.39,0.41,0.61,2021-08-19,0109,N,VIIRS,n,2,292.6,51.56,N,0
38.09336,23.41026,331.03,0.41,0.6,2021-08-19,0109,N,VIIRS,n,2,322.24,56.77,N,0
38.09484,23.40484,353.17,0.41,0.6,2021-08-19,0109,N,VIIRS,n,2,294.04,56.77,N,0
38.09712,23.41846,303.89,0.41,0.61,2021-08-19,0109,N,VIIRS,n,2,291.84,1.92,N,0
38.0999,23.40825,313.24,0.41,0.6,2021-08-19,0109,N,VIIRS,n,2,292.77,2.43,N,0
38.09847,23.41346,330.91,0.41,0.6,2021-08-19,0109,N,VIIRS,n,2,293.41,2.43,N,0
38.11303,23.38191,303.31,0.41,0.6,2021-08-19,0109,N,VIIRS,n,2,290.9,1.23,N,0
38.11535,23.38868,325.73,0.41,0.6,2021-08-19,0109,N,VIIRS,n,2,292.61,4.22,N,0
38.37475,24.06191,306.09,0.43,0.62,2021-08-19,0109,N,VIIRS,n,2,293.01,1.1,N,2
38.16479,23.3828,367,0.4,0.6,2021-08-19,0109,N,VIIRS,h,2,296.89,22.67,N,0
38.16351,23.38745,344.81,0.41,0.6,2021-08-19,0109,N,VIIRS,n,2,292.28,5.51,N,0
38.1623,23.39185,335.88,0.41,0.6,2021-08-19,0109,N,VIIRS,n,2,292.76,5.51,N,0
38.16114,23.39603,321.31,0.41,0.6,2021-08-19,0109,N,VIIRS,n,2,293.04,12.74,N,0
38.15879,23.40458,367,0.41,0.6,2021-08-19,0109,N,VIIRS,h,2,296.84,42.89,N,0
38.15755,23.40908,347.53,0.41,0.6,2021-08-19,0109,N,VIIRS,n,2,294.62,42.89,N,0
38.17134,23.35894,302.89,0.4,0.6,2021-08-19,0109,N,VIIRS,n,2,292.08,0.95,N,0
38.11659,23.39079,307.79,0.41,0.6,2021-08-19,0109,N,VIIRS,n,2,292.18,2.71,N,0
38.15628,23.41368,306.3,0.41,0.6,2021-08-19,0109,N,VIIRS,n,2,291.82,10.3,N,0
38.1573,23.38832,333.81,0.41,0.6,2021-08-19,0109,N,VIIRS,n,2,292.94,5.51,N,0
38.15618,23.39236,325.46,0.41,0.6,2021-08-19,0109,N,VIIRS,n,2,293.63,12.74,N,0
38.15504,23.39649,341.27,0.41,0.6,2021-08-19,0109,N,VIIRS,n,2,295.16,12.74,N,0
38.15374,23.40121,367,0.41,0.6,2021-08-19,0109,N,VIIRS,h,2,311.79,42.89,N,0
38.1524,23.40606,337.3,0.41,0.6,2021-08-19,0109,N,VIIRS,n,2,311.5,42.89,N,0
38.15107,23.4109,336.82,0.41,0.6,2021-08-19,0109,N,VIIRS,n,2,293.4,10.3,N,0
38.15843,23.3842,304.66,0.41,0.6,2021-08-19,0109,N,VIIRS,n,2,291.49,5.51,N,0
38.1497,23.41586,314.77,0.41,0.6,2021-08-19,0109,N,VIIRS,n,2,291.25,10.3,N,0
38.14832,23.42091,308.14,0.41,0.6,2021-08-19,0109,N,VIIRS,n,2,290.02,1.99,N,0
38.14696,23.42581,301.67,0.41,0.6,2021-08-19,0109,N,VIIRS,n,2,289.34,1.99,N,0
38.1471,23.40362,338.31,0.41,0.6,2021-08-19,0109,N,VIIRS,n,2,295.43,30.67,N,0
38.1458,23.40834,367,0.41,0.6,2021-08-19,0109,N,VIIRS,h,2,305.12,220.86,N,0
38.14448,23.41311,354.05,0.41,0.6,2021-08-19,0109,N,VIIRS,n,2,301.01,220.86,N,0
38.14313,23.41801,327.91,0.41,0.6,2021-08-19,0109,N,VIIRS,n,2,291.49,60.08,N,0
38.14977,23.39393,305.84,0.41,0.6,2021-08-19,0109,N,VIIRS,n,2,291.78,3.79,N,0
38.14843,23.39878,313.08,0.41,0.6,2021-08-19,0109,N,VIIRS,n,2,292.25,30.67,N,0
38.14181,23.42279,315.14,0.41,0.6,2021-08-19,0109,N,VIIRS,n,2,290.92,60.08,N,0
38.14051,23.42748,308.65,0.41,0.6,2021-08-19,0109,N,VIIRS,n,2,290.07,1.59,N,0
38.13924,23.43207,303.77,0.41,0.6,2021-08-19,0109,N,VIIRS,n,2,289.86,1.59,N,0
38.14202,23.40036,351.14,0.41,0.6,2021-08-19,0109,N,VIIRS,n,2,296.27,30.67,N,0
38.14074,23.405,344.18,0.41,0.6,2021-08-19,0109,N,VIIRS,n,2,334.9,220.86,N,0
38.13665,23.41979,343.16,0.41,0.6,2021-08-19,0109,N,VIIRS,n,2,294.76,60.08,N,0
38.13528,23.42476,322.42,0.41,0.6,2021-08-19,0109,N,VIIRS,n,2,292.54,1.59,N,0
38.1433,23.39574,309.44,0.41,0.6,2021-08-19,0109,N,VIIRS,n,2,291.93,30.67,N,0
38.13391,23.4297,310.8,0.41,0.6,2021-08-19,0109,N,VIIRS,n,2,291.19,1.59,N,0
38.13257,23.43453,303.85,0.41,0.6,2021-08-19,0109,N,VIIRS,n,2,291.04,2.65,N,0
38.13551,23.40227,367,0.41,0.6,2021-08-19,0109,N,VIIRS,h,2,292.67,85.45,N,0
38.13404,23.40758,346.01,0.41,0.6,2021-08-19,0109,N,VIIRS,n,2,303,85.45,N,0
38.13257,23.41287,338.19,0.41,0.6,2021-08-19,0109,N,VIIRS,n,2,294.09,44.38,N,0
38.13116,23.41798,327.83,0.41,0.6,2021-08-19,0109,N,VIIRS,n,2,292.38,44.38,N,0
38.13692,23.39717,311.72,0.41,0.6,2021-08-19,0109,N,VIIRS,n,2,291.34,9.45,N,0
38.12979,23.42294,315.3,0.41,0.6,2021-08-19,0109,N,VIIRS,n,2,291.93,4.02,N,0
38.12846,23.42772,308.7,0.41,0.6,2021-08-19,0109,N,VIIRS,n,2,291.39,4.02,N,0
38.12717,23.4324,303.59,0.41,0.6,2021-08-19,0109,N,VIIRS,n,2,290.63,1.89,N,0
38.12695,23.38997,306.77,0.41,0.6,2021-08-19,0109,N,VIIRS,n,2,292.11,1.31,N,0
38.12281,23.38336,313.95,0.41,0.6,2021-08-19,0109,N,VIIRS,n,2,291.39,3.14,N,0
38.12148,23.38814,310.41,0.41,0.6,2021-08-19,0109,N,VIIRS,n,2,290.86,1.31,N,0
38.11657,23.38429,344.78,0.41,0.6,2021-08-19,0109,N,VIIRS,n,2,294.1,4.22,N,0
36.4752,22.46502,307.59,0.4,0.6,2021-08-19,0109,N,VIIRS,n,2,293.64,6.25,N,0
36.47645,22.46042,316.55,0.4,0.6,2021-08-19,0109,N,VIIRS,n,2,294.56,6.25,N,0
36.47389,22.46987,367,0.4,0.6,2021-08-19,0109,N,VIIRS,h,2,296.49,7.91,N,0
36.4776,22.45621,320.57,0.4,0.6,2021-08-19,0109,N,VIIRS,n,2,294.02,3.01,N,0
38.07861,23.35488,312.03,0.41,0.6,2021-08-19,0109,N,VIIRS,n,2,292.6,1.89,N,0
38.0775,23.35894,320.07,0.41,0.6,2021-08-19,0109,N,VIIRS,n,2,292.75,1.89,N,0
38.081,23.34616,327.43,0.41,0.6,2021-08-19,0109,N,VIIRS,n,2,293.5,7.42,N,0
38.08212,23.34209,351.59,0.41,0.6,2021-08-19,0109,N,VIIRS,n,2,294.03,9.78,N,0
38.07868,23.37645,307,0.41,0.6,2021-08-19,0109,N,VIIRS,n,2,292.65,1.63,N,0
38.08903,23.33861,309.08,0.41,0.6,2021-08-19,0109,N,VIIRS,n,2,291.64,9.78,N,0
38.09384,23.321,309.22,0.4,0.6,2021-08-19,0109,N,VIIRS,n,2,292.45,14.83,N,0
38.09016,23.33447,330.82,0.4,0.6,2021-08-19,0109,N,VIIRS,n,2,300.96,55.24,N,0
38.09132,23.33022,367,0.4,0.6,2021-08-19,0109,N,VIIRS,h,2,305.86,55.24,N,0
38.09255,23.32573,367,0.4,0.6,2021-08-19,0109,N,VIIRS,h,2,295.92,14.83,N,0
38.07869,23.39826,306.33,0.41,0.6,2021-08-19,0109,N,VIIRS,n,2,292.61,4.34,N,0
38.07988,23.39392,311.48,0.41,0.6,2021-08-19,0109,N,VIIRS,n,2,292.17,1.99,N,0
38.09961,23.32169,303.91,0.4,0.6,2021-08-19,0109,N,VIIRS,n,2,291.54,4.11,N,0
38.07615,23.40754,341.53,0.41,0.61,2021-08-19,0109,N,VIIRS,n,2,294.76,3.61,N,0
38.07748,23.40269,335.83,0.41,0.6,2021-08-19,0109,N,VIIRS,n,2,294.96,4.34,N,0
38.09581,23.33559,367,0.4,0.6,2021-08-19,0109,N,VIIRS,h,2,296,7.59,N,0
38.09698,23.3313,331.57,0.4,0.6,2021-08-19,0109,N,VIIRS,n,2,294.86,7.59,N,0
38.09826,23.32664,344.85,0.4,0.6,2021-08-19,0109,N,VIIRS,n,2,295.67,4.11,N,0
38.08168,23.40919,307.77,0.41,0.61,2021-08-19,0109,N,VIIRS,n,2,292.45,3.61,N,0
36.46836,22.46838,367,0.4,0.6,2021-08-19,0109,N,VIIRS,h,2,294,7.91,N,0
36.4764,22.46086,320.14,0.4,0.6,2021-08-19,0109,N,VIIRS,n,2,294.5,6.28,N,0
36.47388,22.4704,367,0.4,0.6,2021-08-19,0109,N,VIIRS,h,2,295.86,6.65,N,0
36.47753,22.4566,318.21,0.4,0.6,2021-08-19,0109,N,VIIRS,n,2,293.64,2.72,N,0
36.46838,22.46882,367,0.4,0.6,2021-08-19,0109,N,VIIRS,h,2,295.42,9.67,N,0
38.15999,23.40023,316.11,0.41,0.6,2021-08-19,0109,N,VIIRS,n,2,293.56,12.74,N,0
38.11898,23.382,309.48,0.41,0.6,2021-08-19,0109,N,VIIRS,n,2,291.88,2.91,N,0
38.11777,23.38641,348.53,0.41,0.6,2021-08-19,0109,N,VIIRS,n,2,294.28,2.71,N,0
38.12284,23.38978,311.64,0.41,0.6,2021-08-19,0109,N,VIIRS,n,2,291.18,2.71,N,0
38.12416,23.38488,315.4,0.41,0.6,2021-08-19,0109,N,VIIRS,n,2,292.06,2.91,N,0
38.10152,24.5618,346.18,0.43,0.46,2021-08-19,1050,N,VIIRS,n,2,302.62,8.47,D,0
38.07081,23.40173,367,0.49,0.49,2021-08-19,1050,N,VIIRS,h,2,299.9,11.27,D,0
38.07206,23.40716,333.62,0.49,0.49,2021-08-19,1050,N,VIIRS,n,2,295.74,8.91,D,0
38.06964,23.39665,336.89,0.49,0.49,2021-08-19,1050,N,VIIRS,n,2,298.48,11.27,D,0
38.06853,23.39183,349.3,0.49,0.49,2021-08-19,1050,N,VIIRS,n,2,302.73,28.68,D,0
38.06739,23.3869,338.53,0.49,0.49,2021-08-19,1050,N,VIIRS,n,2,295.45,28.68,D,0
38.06361,23.3705,337.47,0.5,0.49,2021-08-19,1050,N,VIIRS,n,2,291.58,2.97,D,0
38.07531,23.40074,342.55,0.49,0.49,2021-08-19,1050,N,VIIRS,n,2,296.53,11.89,D,0
38.07403,23.39518,351.7,0.49,0.49,2021-08-19,1050,N,VIIRS,n,2,302.49,11.89,D,0
38.08204,23.3269,336.56,0.5,0.49,2021-08-19,1050,N,VIIRS,n,2,289.82,3.95,D,0
38.08656,23.32595,355.12,0.5,0.49,2021-08-19,1050,N,VIIRS,n,2,301.95,13.36,D,0
38.09246,23.331,338.2,0.5,0.49,2021-08-19,1050,N,VIIRS,n,2,296.19,17.18,D,0
38.09109,23.32504,345.77,0.5,0.49,2021-08-19,1050,N,VIIRS,n,2,298.66,13.36,D,0
38.09345,23.32967,339,0.5,0.49,2021-08-19,1050,N,VIIRS,n,2,292.57,4.55,D,0
38.09207,23.32378,340.57,0.5,0.49,2021-08-19,1050,N,VIIRS,n,2,296.01,4.55,D,0
38.06776,23.36955,331.22,0.72,0.75,2021-08-19,1231,N,VIIRS,n,2,288.82,11.84,D,0
38.07305,23.33676,314.83,0.77,0.77,2021-08-19,2309,N,VIIRS,n,2,286.25,2.45,N,0
38.07298,23.34665,305.11,0.77,0.77,2021-08-19,2309,N,VIIRS,n,2,285.69,2.45,N,0
37.81829,24.04489,335.53,0.7,0.75,2021-08-19,2309,N,VIIRS,n,2,289.29,5.04,N,0
37.82133,24.04438,323.92,0.7,0.75,2021-08-19,2309,N,VIIRS,n,2,289.23,3.2,N,0
37.81426,24.04547,317.77,0.7,0.75,2021-08-19,2309,N,VIIRS,n,2,288.95,3.2,N,0
40.2836,23.44607,306.95,0.42,0.45,2021-08-20,0049,N,VIIRS,n,2,291.21,0.35,N,2
38.07487,23.35018,327.85,0.46,0.47,2021-08-20,0050,N,VIIRS,n,2,291.44,27.36,N,0
38.07604,23.34509,303.19,0.46,0.47,2021-08-20,0050,N,VIIRS,n,2,290.03,3.49,N,0
38.07265,23.35973,314.65,0.46,0.47,2021-08-20,0050,N,VIIRS,n,2,290.71,19.4,N,0
38.07027,23.37001,304.33,0.46,0.47,2021-08-20,0050,N,VIIRS,n,2,289.05,2.07,N,0
38.06901,23.37544,318.34,0.46,0.47,2021-08-20,0050,N,VIIRS,n,2,289.59,2.07,N,0
38.07285,23.33904,331.71,0.46,0.47,2021-08-20,0050,N,VIIRS,n,2,291.16,3.49,N,0
38.07162,23.34433,334.95,0.46,0.47,2021-08-20,0050,N,VIIRS,n,2,291.97,3.49,N,0
37.81549,24.04119,306.03,0.51,0.49,2021-08-20,0050,N,VIIRS,n,2,291.27,0.86,N,0
37.81975,24.04347,307.25,0.51,0.49,2021-08-20,0050,N,VIIRS,n,2,291.88,0.86,N,0
38.06794,23.33631,307.9,0.46,0.47,2021-08-20,0050,N,VIIRS,n,2,290.01,7.79,N,0
38.06677,23.34152,339.34,0.46,0.47,2021-08-20,0050,N,VIIRS,n,2,290.74,10.32,N,0
38.06665,23.36231,306.83,0.46,0.47,2021-08-20,0050,N,VIIRS,n,2,290.57,3.25,N,0
38.06991,23.34789,314.72,0.46,0.47,2021-08-20,0050,N,VIIRS,n,2,290.96,8.98,N,0
38.07228,23.33738,309.36,0.46,0.47,2021-08-20,0050,N,VIIRS,n,2,289.78,6.68,N,0
38.06771,23.35761,349.86,0.46,0.47,2021-08-20,0050,N,VIIRS,n,2,298.44,35.57,N,0
38.06879,23.35287,341.89,0.46,0.47,2021-08-20,0050,N,VIIRS,n,2,305.77,35.57,N,0
38.07109,23.34263,340.39,0.46,0.47,2021-08-20,0050,N,VIIRS,n,2,296.73,8.98,N,0
38.06867,23.37371,328.88,0.46,0.47,2021-08-20,0050,N,VIIRS,n,2,290.11,2.16,N,0
38.07213,23.35834,338.6,0.46,0.47,2021-08-20,0050,N,VIIRS,n,2,294.15,35.57,N,0
38.0732,23.35364,341.99,0.46,0.47,2021-08-20,0050,N,VIIRS,n,2,294.3,35.57,N,0
38.07432,23.34864,325.05,0.46,0.47,2021-08-20,0050,N,VIIRS,n,2,291.55,8.98,N,0
38.0766,23.33852,322.68,0.46,0.47,2021-08-20,0050,N,VIIRS,n,2,290.68,6.68,N,0
38.06822,23.35902,337.61,0.46,0.47,2021-08-20,0050,N,VIIRS,n,2,300.91,19.4,N,0
38.0693,23.35437,340.89,0.46,0.47,2021-08-20,0050,N,VIIRS,n,2,308.68,27.36,N,0
38.07043,23.34949,321.73,0.46,0.47,2021-08-20,0050,N,VIIRS,n,2,291.38,27.36,N,0
38.07719,23.34011,325.01,0.46,0.47,2021-08-20,0050,N,VIIRS,n,2,290.91,3.49,N,0
38.07372,23.35511,325.44,0.46,0.47,2021-08-20,0050,N,VIIRS,n,2,292.16,27.36,N,0
38.12921,23.52368,314.87,0.44,0.38,2021-08-21,0031,N,VIIRS,n,2,292.64,1.92,N,2
39.04966,20.72609,330.6,0.38,0.36,2021-08-21,0031,N,VIIRS,n,2,293.9,5.17,N,0
38.37473,24.06017,307.91,0.45,0.39,2021-08-21,0031,N,VIIRS,n,2,292.84,1.13,N,2
38.37473,24.06019,311.49,0.39,0.36,2021-08-22,0012,N,VIIRS,n,2,293.68,1.16,N,2
38.13004,23.52447,320.42,0.39,0.36,2021-08-22,0012,N,VIIRS,n,2,295.56,1.6,N,2
40.28381,23.44663,303.7,0.41,0.37,2021-08-22,0012,N,VIIRS,n,2,291.84,0.7,N,2
40.32696,22.31405,316.02,0.44,0.38,2021-08-22,0012,N,VIIRS,n,2,289.25,1.68,N,0
38.12856,23.52656,317.03,0.39,0.36,2021-08-22,0012,N,VIIRS,n,2,294.93,1.92,N,2
40.32761,22.30902,315.94,0.44,0.38,2021-08-22,0012,N,VIIRS,n,2,288.62,1.68,N,0
37.91839,23.07312,308.41,0.4,0.37,2021-08-22,0013,N,VIIRS,n,2,296.6,2.74,N,2
38.62981,21.36405,335.09,0.39,0.36,2021-08-22,1134,N,VIIRS,n,2,306.66,2.07,D,0
40.28429,23.44302,306.75,0.41,0.45,2021-08-22,2353,N,VIIRS,n,2,292.7,0.62,N,2
39.32081,22.13062,306.25,0.46,0.47,2021-08-22,2353,N,VIIRS,n,2,288.9,0.75,N,0
38.12936,23.52668,305.79,0.38,0.43,2021-08-22,2354,N,VIIRS,n,2,294.56,0.82,N,2
38.37339,24.0609,306.03,0.55,0.42,2021-08-22,2354,N,VIIRS,n,2,294.79,1.36,N,2
38.08425,24.3186,340.3,0.53,0.42,2021-08-22,2354,N,VIIRS,n,2,303.28,20.11,N,0
38.08044,24.3175,335.11,0.53,0.42,2021-08-22,2354,N,VIIRS,n,2,303.42,16.17,N,0
38.07664,24.3163,326.52,0.53,0.42,2021-08-22,2354,N,VIIRS,n,2,295.02,16.17,N,0
38.08308,24.31751,332.95,0.53,0.42,2021-08-22,2354,N,VIIRS,n,2,305.01,13.31,N,0
38.08237,24.3238,308.82,0.53,0.42,2021-08-22,2354,N,VIIRS,n,2,292.17,13.31,N,0
38.0793,24.31628,330.99,0.53,0.42,2021-08-22,2354,N,VIIRS,n,2,299.16,13.31,N,0
38.07856,24.3228,324.54,0.53,0.42,2021-08-22,2354,N,VIIRS,n,2,293.53,13.31,N,0
38.1298,23.52242,305.2,0.38,0.43,2021-08-22,2354,N,VIIRS,n,2,294.26,0.82,N,2
38.17052,23.37023,345.58,0.41,0.37,2021-08-23,1115,N,VIIRS,n,2,309.89,5.57,D,0
38.06819,24.31085,341.35,0.39,0.36,2021-08-23,1115,N,VIIRS,n,2,309.72,16.62,D,0
38.17468,23.37396,367,0.41,0.37,2021-08-23,1115,N,VIIRS,h,2,324.01,12.56,D,0
38.1739,23.36941,367,0.41,0.37,2021-08-23,1115,N,VIIRS,h,2,320.19,9.9,D,0
38.17312,23.36485,367,0.41,0.37,2021-08-23,1115,N,VIIRS,h,2,317.32,9.9,D,0
38.17234,23.36026,354.07,0.41,0.37,2021-08-23,1115,N,VIIRS,n,2,313.97,25.82,D,0
38.17651,23.36409,367,0.41,0.37,2021-08-23,1115,N,VIIRS,h,2,322.27,9.9,D,0
38.17805,23.37316,352.35,0.41,0.37,2021-08-23,1115,N,VIIRS,n,2,316.56,12.56,D,0
38.17728,23.36863,355.95,0.41,0.37,2021-08-23,1115,N,VIIRS,n,2,318.43,9.9,D,0
38.17572,23.35951,352.61,0.41,0.37,2021-08-23,1115,N,VIIRS,n,2,325.97,25.82,D,0
38.17911,23.35875,367,0.41,0.37,2021-08-23,1115,N,VIIRS,h,2,326.92,22.19,D,0
38.18066,23.36781,345.41,0.41,0.37,2021-08-23,1115,N,VIIRS,n,2,314.74,5.85,D,0
38.17989,23.3633,351.1,0.41,0.37,2021-08-23,1115,N,VIIRS,n,2,320.4,5.85,D,0
38.17833,23.35415,340.78,0.41,0.37,2021-08-23,1115,N,VIIRS,n,2,312.12,22.19,D,0
38.18248,23.35789,367,0.41,0.37,2021-08-23,1115,N,VIIRS,h,2,316.03,22.19,D,0
38.18326,23.36242,341.94,0.41,0.37,2021-08-23,1115,N,VIIRS,n,2,311.34,5.85,D,0
38.1817,23.35335,349.32,0.41,0.37,2021-08-23,1115,N,VIIRS,n,2,321.06,22.19,D,0
38.18382,23.36388,336.35,0.41,0.37,2021-08-23,1115,N,VIIRS,l,2,310.39,5.84,D,0
38.18225,23.35485,354.79,0.41,0.37,2021-08-23,1115,N,VIIRS,n,2,324.13,31.22,D,0
38.18304,23.35937,352.98,0.41,0.37,2021-08-23,1115,N,VIIRS,n,2,315.75,31.22,D,0
40.86074,22.67844,337.14,0.4,0.37,2021-08-23,1116,N,VIIRS,l,2,307.35,8.13,D,0
40.85661,22.67474,338.74,0.4,0.37,2021-08-23,1116,N,VIIRS,n,2,308.41,1.54,D,0
40.85995,22.67374,355.61,0.4,0.37,2021-08-23,1116,N,VIIRS,l,2,309.58,8.13,D,0
40.56564,22.25751,338.24,0.41,0.37,2021-08-23,1116,N,VIIRS,n,2,305.47,3.48,D,0
40.85914,22.66905,339.66,0.4,0.37,2021-08-23,1116,N,VIIRS,n,2,308.85,1.95,D,0
40.70727,22.81358,303.6,0.39,0.59,2021-08-23,2334,N,VIIRS,n,2,290.75,0.66,N,2
38.37477,24.06207,305.41,0.32,0.55,2021-08-23,2335,N,VIIRS,n,2,293.93,0.66,N,2
38.13113,23.52559,307.49,0.34,0.56,2021-08-23,2335,N,VIIRS,n,2,293.68,0.86,N,2
39.3545,22.98634,302.93,0.43,0.62,2021-08-24,0115,N,VIIRS,n,2,291.68,1.07,N,2
38.12739,23.52403,301.45,0.62,0.71,2021-08-24,2316,N,VIIRS,n,2,291,0.66,N,2
40.28345,23.44435,301.84,0.5,0.49,2021-08-25,0056,N,VIIRS,n,2,291.11,0.75,N,2
38.12819,23.52208,300.83,0.57,0.52,2021-08-25,0056,N,VIIRS,n,2,290.8,1.1,N,2
41.50406,26.58295,342.88,0.41,0.45,2021-08-25,1038,N,VIIRS,n,2,307.43,6.31,D,0
41.50718,26.585,341.79,0.41,0.45,2021-08-25,1038,N,VIIRS,n,2,306.55,8.4,D,0
39.35452,22.98373,310.37,0.46,0.39,2021-08-26,0037,N,VIIRS,n,2,295.46,1.92,N,2
38.13104,23.52436,306.17,0.5,0.41,2021-08-26,0038,N,VIIRS,n,2,294.09,1.41,N,2
37.91874,23.0724,308.14,0.48,0.4,2021-08-26,0038,N,VIIRS,n,2,297.89,2.25,N,2
38.50104,21.16449,344.42,0.41,0.45,2021-08-26,1159,N,VIIRS,n,2,299.65,4.19,D,0
39.57511,21.69549,337.55,0.45,0.47,2021-08-26,1159,N,VIIRS,n,2,297.18,4.04,D,0
38.49991,21.16764,330.03,0.41,0.45,2021-08-26,1159,N,VIIRS,n,2,297.63,1.72,D,0
39.3553,22.98362,308.39,0.39,0.36,2021-08-27,0018,N,VIIRS,n,2,292.53,0.76,N,2
38.37476,24.06231,307.88,0.39,0.36,2021-08-27,0019,N,VIIRS,n,2,294.13,0.98,N,2
39.1701,22.8397,312.8,0.39,0.36,2021-08-27,0019,N,VIIRS,n,2,291.64,1.17,N,2
38.12918,23.52619,315.12,0.49,0.4,2021-08-28,0000,N,VIIRS,n,2,297.23,1.43,N,2
39.16822,22.84143,303.19,0.54,0.42,2021-08-28,0000,N,VIIRS,n,2,292.3,2.41,N,2
38.03751,23.78344,349.93,0.38,0.36,2021-08-28,1121,N,VIIRS,n,2,309.81,8.72,D,0
39.2937,22.35608,338.95,0.39,0.36,2021-08-28,1122,N,VIIRS,l,2,309.93,2.7,D,0
39.2904,22.35701,339.67,0.39,0.36,2021-08-28,1122,N,VIIRS,l,2,310.9,2.7,D,0
38.12944,23.52524,309.07,0.56,0.51,2021-08-28,2341,N,VIIRS,n,2,293.57,1.39,N,2
37.75787,21.4336,307.53,0.36,0.57,2021-08-28,2341,N,VIIRS,n,2,291.78,0.9,N,0
37.75813,21.42932,309.89,0.36,0.57,2021-08-28,2341,N,VIIRS,n,2,292.13,1.31,N,0
39.16858,22.84235,306.75,0.62,0.54,2021-08-28,2341,N,VIIRS,n,2,292.14,1.25,N,2
37.75912,21.42953,341.17,0.48,0.65,2021-08-29,0122,N,VIIRS,n,2,292,3.79,N,0
37.75324,21.42761,308.71,0.48,0.65,2021-08-29,0122,N,VIIRS,n,2,290.39,3.79,N,0
38.31182,23.64948,335.98,0.5,0.41,2021-08-29,1103,N,VIIRS,l,2,307.12,3.08,D,0
38.12698,23.52327,304.09,0.51,0.66,2021-08-29,2322,N,VIIRS,n,2,291.41,0.81,N,2
39.35536,22.98648,305.91,0.6,0.53,2021-08-30,0102,N,VIIRS,n,2,293.25,1.55,N,2
38.13038,23.52427,304.25,0.34,0.56,2021-08-30,0103,N,VIIRS,n,2,292.48,0.32,N,2
40.7548,20.98223,367,0.34,0.56,2021-08-30,1045,N,VIIRS,h,2,302.87,14.61,D,0
40.75251,20.98671,367,0.46,0.63,2021-08-30,1225,N,VIIRS,h,2,305.88,21.84,D,0
40.75218,20.97718,330.77,0.46,0.63,2021-08-30,1225,N,VIIRS,n,2,301.68,18.74,D,0
40.75234,20.98183,367,0.46,0.63,2021-08-30,1225,N,VIIRS,h,2,307.24,21.84,D,0
40.7583,20.98257,367,0.46,0.63,2021-08-30,1225,N,VIIRS,h,2,303.84,21.84,D,0
40.28389,23.44345,303.21,0.53,0.42,2021-08-31,0043,N,VIIRS,n,2,292.65,0.93,N,2
40.28517,23.44438,305.64,0.53,0.42,2021-08-31,0043,N,VIIRS,n,2,293.22,0.8,N,2
38.12986,23.52592,311.14,0.39,0.44,2021-08-31,0044,N,VIIRS,n,2,293.25,1.02,N,2
39.38588,22.80578,304.7,0.52,0.41,2021-08-31,0044,N,VIIRS,n,2,291.09,1.19,N,2
39.35268,22.98659,307.44,0.53,0.42,2021-08-31,0044,N,VIIRS,n,2,293.94,1.98,N,2
40.28882,21.44773,328.64,0.56,0.69,2021-08-31,1026,N,VIIRS,l,2,299.69,2.09,D,0
40.70631,22.81631,309.49,0.38,0.36,2021-09-01,0024,N,VIIRS,n,2,293.14,0.75,N,2
38.37454,24.06262,309.12,0.41,0.37,2021-09-01,0025,N,VIIRS,n,2,294.86,0.89,N,2
38.13076,23.52323,308.91,0.4,0.37,2021-09-01,0025,N,VIIRS,n,2,293.49,1.79,N,2
37.91864,23.07087,307.57,0.39,0.36,2021-09-01,0025,N,VIIRS,n,2,296.86,1.58,N,2
39.35403,22.98674,310.31,0.39,0.36,2021-09-01,0025,N,VIIRS,n,2,293.71,1.22,N,2
41.0309,23.98617,298.1,0.44,0.38,2021-09-02,0005,N,VIIRS,n,2,280.29,1.21,N,0
41.02674,23.99051,329.69,0.44,0.38,2021-09-02,0005,N,VIIRS,n,2,283.93,1.62,N,0
41.02609,23.9957,299.59,0.44,0.38,2021-09-02,0005,N,VIIRS,n,2,282.13,1.62,N,0
41.02324,23.9896,302.29,0.44,0.38,2021-09-02,0005,N,VIIRS,n,2,278.63,1.62,N,0
41.03025,23.99138,331.24,0.44,0.38,2021-09-02,0005,N,VIIRS,n,2,288.81,4.76,N,0
38.13036,23.52339,318.09,0.43,0.38,2021-09-02,0006,N,VIIRS,n,2,293.24,1.85,N,2
40.77814,22.77011,311.98,0.48,0.4,2021-09-02,0006,N,VIIRS,n,2,288.16,0.76,N,0
40.7054,22.81262,307.52,0.48,0.4,2021-09-02,0006,N,VIIRS,n,2,290.42,1.01,N,0
39.38828,22.80816,303.37,0.46,0.39,2021-09-02,0006,N,VIIRS,n,2,292.11,0.86,N,2
39.16874,22.84312,305.6,0.46,0.39,2021-09-02,0006,N,VIIRS,n,2,293.11,1.16,N,2
38.37488,24.06129,304.09,0.41,0.37,2021-09-02,0006,N,VIIRS,n,2,290.7,0.86,N,2
38.13088,23.52545,313.56,0.43,0.38,2021-09-02,0006,N,VIIRS,n,2,293.27,1.12,N,2
39.34968,22.30779,338.01,0.38,0.36,2021-09-02,1128,N,VIIRS,n,2,311.74,3.32,D,0
40.91573,23.7462,334.26,0.41,0.37,2021-09-02,1128,N,VIIRS,n,2,303.67,3.69,D,0
40.28531,23.44325,302.6,0.49,0.49,2021-09-02,2347,N,VIIRS,n,2,289.64,0.64,N,2
38.37407,24.06078,304.56,0.43,0.46,2021-09-02,2347,N,VIIRS,n,2,290.78,0.95,N,2
38.12955,23.52232,309.83,0.46,0.47,2021-09-02,2347,N,VIIRS,n,2,291.27,1.71,N,2
40.2861,23.44303,300.8,0.61,0.71,2021-09-03,0127,N,VIIRS,n,2,287.55,0.99,N,2
38.07809,23.75477,298.17,0.73,0.76,2021-09-03,0127,N,VIIRS,n,2,286.17,0.47,N,0
40.28635,23.44494,301.25,0.61,0.71,2021-09-03,0127,N,VIIRS,n,2,287.65,0.91,N,2
38.31112,23.64638,350.63,0.44,0.38,2021-09-03,1109,N,VIIRS,n,2,304.52,6.53,D,0
39.27464,22.51287,335.72,0.47,0.4,2021-09-03,1109,N,VIIRS,n,2,289.29,2.24,D,0
39.27007,22.50868,350.57,0.47,0.4,2021-09-03,1109,N,VIIRS,n,2,311.02,23.96,D,0
39.27365,22.5076,345.09,0.47,0.4,2021-09-03,1109,N,VIIRS,n,2,294.8,2.24,D,0
38.05683,23.51617,336.57,0.45,0.39,2021-09-03,1109,N,VIIRS,n,2,305.79,2,D,0
37.20406,21.6061,336.42,0.55,0.43,2021-09-03,1109,N,VIIRS,n,2,301.88,6.01,D,0
40.48564,20.96461,336.37,0.51,0.41,2021-09-03,1110,N,VIIRS,n,2,301.39,3.8,D,0
38.13234,23.52478,300.63,0.42,0.61,2021-09-03,2328,N,VIIRS,n,2,288.49,0.53,N,2
38.37466,24.06213,300.95,0.39,0.59,2021-09-03,2328,N,VIIRS,n,2,288.62,0.63,N,2
40.7072,22.81355,299.16,0.47,0.64,2021-09-03,2328,N,VIIRS,n,2,286.38,0.69,N,2
38.12666,23.52382,299.28,0.42,0.61,2021-09-03,2328,N,VIIRS,n,2,287.83,0.53,N,2
40.28384,23.4442,306.19,0.36,0.57,2021-09-04,0108,N,VIIRS,n,2,288.31,0.52,N,2
38.56385,23.29268,301.99,0.39,0.59,2021-09-04,0109,N,VIIRS,n,2,288.99,0.9,N,2
38.33432,21.84796,303.07,0.33,0.56,2021-09-04,0109,N,VIIRS,n,2,290.7,0.71,N,0
38.5647,23.29285,302.34,0.39,0.59,2021-09-04,0109,N,VIIRS,n,2,289.34,1.3,N,2
38.46066,21.30707,355.17,0.56,0.69,2021-09-04,1231,N,VIIRS,n,2,291.4,53.01,D,0
38.46691,21.3001,367,0.56,0.69,2021-09-04,1231,N,VIIRS,h,2,290.31,29.9,D,0
38.46048,21.30059,349.69,0.56,0.69,2021-09-04,1231,N,VIIRS,n,2,298.24,29.9,D,0
37.82756,23.02011,328.67,0.68,0.74,2021-09-04,1231,N,VIIRS,n,2,291.09,5.07,D,0
37.82766,23.02866,329.92,0.69,0.74,2021-09-04,1231,N,VIIRS,n,2,290.13,5.07,D,0
37.82895,23.02945,334.89,0.68,0.74,2021-09-04,1231,N,VIIRS,n,2,290.76,9.75,D,0
39.38752,22.80622,301.23,0.41,0.45,2021-09-05,0050,N,VIIRS,n,2,288.33,1.08,N,2
39.17129,22.8398,309.21,0.41,0.45,2021-09-05,0050,N,VIIRS,n,2,287.8,1.76,N,2
38.13047,23.52611,309.48,0.44,0.38,2021-09-06,0031,N,VIIRS,n,2,290.19,1.54,N,2
38.39769,21.50139,338.2,0.39,0.36,2021-09-06,0031,N,VIIRS,n,2,292.51,10.93,N,0
40.70472,22.81324,304.23,0.42,0.38,2021-09-07,0012,N,VIIRS,n,2,289.83,0.94,N,2
39.38614,22.80547,305.66,0.41,0.37,2021-09-07,0012,N,VIIRS,n,2,289.48,1.48,N,2
38.12801,23.52371,311.58,0.39,0.36,2021-09-07,0013,N,VIIRS,n,2,291.81,1.32,N,2
38.12785,23.52189,296.63,0.62,0.71,2021-09-09,2316,N,VIIRS,n,2,282.12,2.19,N,2
38.3734,24.05939,299.89,0.6,0.53,2021-09-10,0056,N,VIIRS,n,2,284.69,2.34,N,2
38.13071,23.52708,296.45,0.57,0.52,2021-09-10,0056,N,VIIRS,n,2,285.23,0.51,N,2
39.35556,22.98452,307.9,0.46,0.39,2021-09-11,0037,N,VIIRS,n,2,289.73,1.11,N,2
38.13156,23.52535,299.52,0.5,0.41,2021-09-11,0038,N,VIIRS,n,2,287.77,0.57,N,2
38.12803,23.52342,303.09,0.5,0.41,2021-09-11,0038,N,VIIRS,n,2,286.99,0.88,N,2
40.70708,22.8166,306.04,0.39,0.36,2021-09-12,0018,N,VIIRS,n,2,289.63,1.17,N,0
38.12946,23.52651,315.28,0.38,0.36,2021-09-12,0019,N,VIIRS,n,2,289.51,0.83,N,2
38.79326,23.4975,298.59,0.38,0.36,2021-09-12,0019,N,VIIRS,n,2,287,0.48,N,0
37.74654,24.065,311.31,0.46,0.39,2021-09-13,0000,N,VIIRS,n,2,289.1,0.97,N,0
37.90433,22.94379,338.12,0.39,0.36,2021-09-13,1121,N,VIIRS,n,2,308.21,4.15,D,0
40.79889,22.19469,333.54,0.39,0.36,2021-09-13,1122,N,VIIRS,l,2,303.79,19.67,D,0
40.28334,23.44474,301.06,0.51,0.66,2021-09-14,0121,N,VIIRS,n,2,286.77,0.68,N,2
40.28299,23.44393,299.6,0.51,0.66,2021-09-14,0121,N,VIIRS,n,2,287.02,0.31,N,2
38.33359,21.84779,299.02,0.48,0.65,2021-09-14,0121,N,VIIRS,n,2,287.29,0.35,N,0
39.35353,22.9836,303.52,0.52,0.67,2021-09-14,0121,N,VIIRS,n,2,288.39,1.55,N,2
41.06833,25.04797,334.13,0.42,0.37,2021-09-14,1103,N,VIIRS,l,2,304.78,3.33,D,0
38.12992,23.52418,302.4,0.51,0.66,2021-09-14,2322,N,VIIRS,n,2,288.67,0.55,N,2
39.38614,22.80448,307.99,0.59,0.52,2021-09-15,0102,N,VIIRS,n,2,286.62,0.94,N,2
39.38704,22.80552,308.42,0.59,0.53,2021-09-15,0102,N,VIIRS,n,2,287.04,1.36,N,2
39.35619,22.98399,302.23,0.6,0.53,2021-09-15,0102,N,VIIRS,n,2,289.72,0.77,N,2
38.37555,24.06282,307.41,0.36,0.57,2021-09-15,0103,N,VIIRS,n,2,289.33,0.65,N,2
37.91792,23.07229,304.63,0.33,0.55,2021-09-15,0103,N,VIIRS,n,2,293.28,1.17,N,2
38.13026,23.52625,300.03,0.34,0.56,2021-09-15,0103,N,VIIRS,n,2,288.66,0.28,N,2
38.56341,23.29272,303.4,0.32,0.55,2021-09-15,0103,N,VIIRS,n,2,289.54,0.87,N,2
40.70566,22.81677,304.8,0.49,0.41,2021-09-16,0043,N,VIIRS,n,2,290.16,1.41,N,0
38.33362,21.84883,302.02,0.49,0.41,2021-09-16,0044,N,VIIRS,n,2,291.53,0.58,N,0
39.35583,22.98365,305.83,0.53,0.42,2021-09-16,0044,N,VIIRS,n,2,291.81,1.76,N,2
38.12857,23.52676,306.6,0.39,0.44,2021-09-16,0044,N,VIIRS,n,2,288.97,1.16,N,2
41.06927,24.82646,340.59,0.4,0.37,2021-09-17,0024,N,VIIRS,n,2,293.87,10.05,N,0
39.16857,22.83929,300.21,0.39,0.36,2021-09-17,0025,N,VIIRS,n,2,288.84,0.41,N,2
39.17019,22.84263,301.11,0.39,0.36,2021-09-17,0025,N,VIIRS,n,2,290.26,1.23,N,2
39.35599,22.98368,308.83,0.39,0.36,2021-09-17,0025,N,VIIRS,n,2,291.71,1.35,N,2
40.28443,23.44408,301.41,0.39,0.36,2021-09-17,0025,N,VIIRS,n,2,289.82,0.47,N,2
40.70678,22.81502,305.68,0.38,0.36,2021-09-17,0025,N,VIIRS,n,2,290.68,0.85,N,2
38.33419,21.84713,304.69,0.38,0.36,2021-09-17,0025,N,VIIRS,n,2,292.69,0.66,N,0
38.12886,23.52394,315.23,0.4,0.37,2021-09-17,0025,N,VIIRS,n,2,289.47,1.62,N,2
39.35574,22.9836,304.53,0.46,0.39,2021-09-18,0006,N,VIIRS,n,2,288.85,0.84,N,2
40.70592,22.81438,299.53,0.48,0.4,2021-09-18,0006,N,VIIRS,n,2,286.55,0.68,N,2
38.13043,23.52627,314.18,0.43,0.38,2021-09-18,0006,N,VIIRS,n,2,293.67,1.29,N,2
39.3416,22.05927,339.51,0.38,0.36,2021-09-18,1128,N,VIIRS,n,2,305.75,3.06,D,0
38.30008,23.17105,333.04,0.39,0.36,2021-09-18,1128,N,VIIRS,n,2,305.2,1.96,D,0
40.70541,22.81465,304.58,0.53,0.5,2021-09-18,2347,N,VIIRS,n,2,287.94,1.31,N,2
39.38786,22.80536,300.35,0.52,0.5,2021-09-18,2347,N,VIIRS,n,2,289.39,0.58,N,2
38.20162,24.01663,339.85,0.43,0.46,2021-09-18,2347,N,VIIRS,n,2,295.81,7.91,N,0
38.31068,20.44051,345.88,0.34,0.56,2021-09-18,2348,N,VIIRS,n,2,290.41,3.11,N,0
38.31058,20.43886,351.2,0.34,0.56,2021-09-18,2348,N,VIIRS,n,2,291.2,3.03,N,0
38.31034,20.44244,301.76,0.34,0.56,2021-09-18,2348,N,VIIRS,n,2,288.57,3.03,N,0
38.13177,23.5232,304.64,0.46,0.47,2021-09-18,2348,N,VIIRS,n,2,292.64,0.7,N,2
38.31089,20.437,309.98,0.34,0.56,2021-09-18,2348,N,VIIRS,n,2,289.01,3.11,N,0
38.31196,20.44362,300.34,0.5,0.65,2021-09-19,0128,N,VIIRS,n,2,287.07,0.79,N,0
38.31394,20.43682,302.62,0.5,0.65,2021-09-19,0128,N,VIIRS,n,2,287.07,0.79,N,0
37.77016,22.71041,339.4,0.48,0.4,2021-09-19,1109,N,VIIRS,n,2,309.29,14.13,D,0
37.76914,22.70515,330.41,0.48,0.4,2021-09-19,1109,N,VIIRS,l,2,304.67,14.13,D,0
37.79887,22.61907,303.45,0.46,0.64,2021-09-19,2329,N,VIIRS,n,2,290.46,1.05,N,0
37.49532,23.00025,300.53,0.44,0.62,2021-09-19,2329,N,VIIRS,n,2,290.37,0.37,N,0
40.70009,22.95151,301.68,0.33,0.55,2021-09-20,0108,N,VIIRS,n,2,289.91,0.35,N,0
40.28247,23.44371,303.26,0.36,0.57,2021-09-20,0108,N,VIIRS,n,2,290.11,0.57,N,2
38.33246,21.84636,302.54,0.33,0.56,2021-09-20,0109,N,VIIRS,n,2,292.33,0.51,N,0
38.33418,21.84765,304.44,0.33,0.56,2021-09-20,0109,N,VIIRS,n,2,292.61,0.84,N,0
37.79795,22.61883,302.22,0.38,0.59,2021-09-20,0109,N,VIIRS,n,2,290.86,0.48,N,0
39.4109,22.40488,330.58,0.51,0.5,2021-09-20,1051,N,VIIRS,l,2,304.15,2.49,D,0
39.35883,22.14862,339.37,0.63,0.72,2021-09-20,1231,N,VIIRS,n,2,301.42,4.78,D,0
40.56396,22.26204,337.49,0.64,0.72,2021-09-20,1232,N,VIIRS,n,2,298.4,5.12,D,0
41.10088,26.09893,297.18,0.54,0.51,2021-09-21,0049,N,VIIRS,n,2,285.02,0.49,N,0
40.70115,22.95088,300.87,0.39,0.44,2021-09-21,0050,N,VIIRS,n,2,290.84,0.32,N,0
38.56587,23.29524,313.56,0.45,0.47,2021-09-21,0050,N,VIIRS,n,2,291.51,1.19,N,2
39.35472,22.98545,310.06,0.42,0.45,2021-09-21,0050,N,VIIRS,n,2,293.68,1.24,N,2
40.27726,21.50108,326.31,0.47,0.64,2021-09-21,1032,N,VIIRS,l,2,297.02,3.43,D,0
39.6188,22.34591,344.82,0.36,0.57,2021-09-21,1212,N,VIIRS,n,2,300.46,3.85,D,0
37.31213,22.13814,367,0.33,0.56,2021-09-21,1212,N,VIIRS,h,2,300.52,6.38,D,0
37.31192,22.13488,347.75,0.33,0.56,2021-09-21,1212,N,VIIRS,n,2,299.15,6.38,D,0
38.56477,23.29378,337.99,0.4,0.6,2021-09-21,1212,N,VIIRS,n,2,296.2,1.05,D,2
39.38695,22.80665,316.32,0.41,0.37,2021-09-22,0031,N,VIIRS,n,2,289.88,1.36,N,2
38.13023,23.52579,307.56,0.44,0.38,2021-09-22,0031,N,VIIRS,n,2,291.12,0.96,N,2
38.56707,23.29738,302.6,0.43,0.38,2021-09-22,0031,N,VIIRS,n,2,290.65,1.13,N,3
38.56795,23.2926,302.54,0.43,0.38,2021-09-22,0031,N,VIIRS,n,2,291.57,1.47,N,3
39.16824,20.57641,302.05,0.38,0.36,2021-09-22,0031,N,VIIRS,n,2,289.11,0.26,N,0
39.16895,22.84123,302.2,0.41,0.37,2021-09-22,0031,N,VIIRS,n,2,290.7,1.21,N,2
39.35513,22.98477,311.84,0.41,0.37,2021-09-22,0031,N,VIIRS,n,2,291.61,1.42,N,2
38.06056,23.64375,304.47,0.44,0.39,2021-09-22,0032,N,VIIRS,n,2,287.57,0.1,N,0
38.06149,23.63883,300.36,0.44,0.39,2021-09-22,0032,N,VIIRS,n,2,284.16,0.98,N,0
38.06241,23.63389,308.97,0.44,0.39,2021-09-22,0032,N,VIIRS,n,2,284.59,0.98,N,0
38.06427,23.62399,313.69,0.44,0.39,2021-09-22,0032,N,VIIRS,n,2,291.61,39.03,N,0
38.06334,23.62895,335.53,0.44,0.39,2021-09-22,0032,N,VIIRS,n,2,316.33,39.03,N,0
38.0659,23.63494,302.63,0.44,0.39,2021-09-22,0032,N,VIIRS,n,2,290,1.01,N,0
38.06683,23.62997,305.49,0.44,0.39,2021-09-22,0032,N,VIIRS,n,2,291.1,1.3,N,0
38.1308,23.52316,306.67,0.44,0.38,2021-09-22,0032,N,VIIRS,n,2,290.86,0.91,N,2
37.91825,23.07322,306.14,0.43,0.38,2021-09-22,0032,N,VIIRS,n,2,295.37,1.16,N,2
38.05547,23.63164,302.81,0.44,0.39,2021-09-22,0032,N,VIIRS,n,2,290.86,0.72,N,0
38.05708,23.64264,303.09,0.44,0.39,2021-09-22,0032,N,VIIRS,n,2,284.38,0.1,N,0
38.05894,23.63277,309.66,0.44,0.39,2021-09-22,0032,N,VIIRS,n,2,285.95,0.98,N,0
38.05986,23.62784,347.77,0.44,0.39,2021-09-22,0032,N,VIIRS,n,2,292.83,39.03,N,0
38.06079,23.62292,330.52,0.44,0.39,2021-09-22,0032,N,VIIRS,n,2,291.9,39.03,N,0
40.33999,22.61124,328.62,0.69,0.74,2021-09-22,1013,N,VIIRS,n,2,290.11,4.57,D,0
38.06004,23.62844,367,0.72,0.76,2021-09-22,1013,N,VIIRS,h,2,292.56,53.83,D,0
38.06252,23.628,367,0.72,0.76,2021-09-22,1013,N,VIIRS,h,2,292.31,42.3,D,0
36.70383,22.42119,337.62,0.57,0.43,2021-09-22,1153,N,VIIRS,l,2,311.54,109.29,D,0
40.70536,22.81348,297.86,0.42,0.38,2021-09-23,0012,N,VIIRS,n,2,284.32,0.67,N,2
38.02668,21.35887,314.01,0.45,0.39,2021-09-23,0013,N,VIIRS,n,2,288.76,1.82,N,0
38.03023,21.35958,333.98,0.45,0.39,2021-09-23,0013,N,VIIRS,n,2,291.87,5.3,N,0
36.69397,22.41414,301.42,0.41,0.37,2021-09-23,0013,N,VIIRS,n,2,288.64,0.36,N,0
36.70543,22.40701,317.38,0.41,0.37,2021-09-23,0013,N,VIIRS,n,2,289.75,1.69,N,0
36.70141,22.4109,307.39,0.41,0.37,2021-09-23,0013,N,VIIRS,n,2,289.25,0.93,N,0
36.70481,22.41152,323.43,0.41,0.37,2021-09-23,0013,N,VIIRS,n,2,290.7,1.69,N,0
37.7991,21.62413,318.89,0.43,0.38,2021-09-23,0013,N,VIIRS,n,2,287.62,7.62,N,0
37.79844,21.62921,326.08,0.43,0.38,2021-09-23,0013,N,VIIRS,n,2,292.44,7.62,N,0
36.69059,22.41332,303.39,0.41,0.37,2021-09-23,0013,N,VIIRS,n,2,288.95,0.36,N,0
37.88192,21.33058,332.41,0.39,0.36,2021-09-23,1134,N,VIIRS,n,2,300.12,3.93,D,0
37.86937,21.33805,334.55,0.39,0.36,2021-09-23,1134,N,VIIRS,n,2,305.44,2.64,D,0
40.2843,23.44609,299.05,0.41,0.45,2021-09-23,2353,N,VIIRS,n,2,284.39,0.63,N,2
35.56421,27.1827,352.22,0.4,0.37,2021-09-23,2354,N,VIIRS,n,2,313.94,48.2,N,0
39.16952,22.84445,296.46,0.42,0.46,2021-09-23,2354,N,VIIRS,n,2,284.58,1.79,N,2
38.12772,23.52669,300.48,0.57,0.43,2021-09-23,2354,N,VIIRS,n,2,284.56,1.03,N,2
38.06419,23.62822,302.88,0.57,0.43,2021-09-23,2354,N,VIIRS,n,2,284.1,1.47,N,0
37.49475,23.01496,308.03,0.4,0.44,2021-09-23,2354,N,VIIRS,n,2,284.82,0.77,N,0
35.63486,27.1249,308.47,0.4,0.37,2021-09-23,2354,N,VIIRS,n,2,289.37,2.11,N,0
35.6342,27.12949,313.64,0.4,0.37,2021-09-23,2354,N,VIIRS,n,2,287.43,2.64,N,0
35.63232,27.14268,310.5,0.4,0.37,2021-09-23,2354,N,VIIRS,n,2,288.09,1.43,N,0
35.63146,27.12437,328.73,0.4,0.37,2021-09-23,2354,N,VIIRS,n,2,289.33,2.11,N,0
35.63082,27.12887,339.93,0.4,0.37,2021-09-23,2354,N,VIIRS,n,2,291.42,2.64,N,0
35.62742,27.12835,335.47,0.4,0.37,2021-09-23,2354,N,VIIRS,n,2,291.72,3.05,N,0
35.62679,27.13275,342.74,0.4,0.37,2021-09-23,2354,N,VIIRS,n,2,295.23,3.05,N,0
35.62617,27.13708,304.21,0.4,0.37,2021-09-23,2354,N,VIIRS,n,2,287.9,1.26,N,0
35.62339,27.13226,322,0.4,0.37,2021-09-23,2354,N,VIIRS,n,2,286.29,3.05,N,0
35.62401,27.1279,314.29,0.4,0.37,2021-09-23,2354,N,VIIRS,n,2,283.29,3.05,N,0
35.6194,27.13593,335.92,0.4,0.37,2021-09-23,2354,N,VIIRS,n,2,287.12,6.11,N,0
35.56819,27.179,313.03,0.4,0.37,2021-09-23,2354,N,VIIRS,n,2,288.15,1.15,N,0
35.56482,27.17836,367,0.4,0.37,2021-09-23,2354,N,VIIRS,h,2,296.38,48.2,N,0
35.56146,27.17761,344.82,0.4,0.37,2021-09-23,2354,N,VIIRS,n,2,291.42,48.2,N,0
35.56084,27.18193,367,0.4,0.37,2021-09-23,2354,N,VIIRS,h,2,335.46,48.2,N,0
35.56023,27.18629,318.54,0.4,0.37,2021-09-23,2354,N,VIIRS,n,2,290.92,17.04,N,0
35.5575,27.18107,306.95,0.4,0.37,2021-09-23,2354,N,VIIRS,n,2,289.18,1.84,N,0
39.35371,22.98335,298,0.73,0.76,2021-09-24,0134,N,VIIRS,n,2,284.22,1.12,N,2
35.56404,27.19167,331.51,0.39,0.36,2021-09-24,1114,N,VIIRS,l,2,301.69,2.46,D,0
35.61678,27.13141,331.25,0.39,0.36,2021-09-24,1114,N,VIIRS,n,2,294.84,1.35,D,0
35.63403,27.13243,340.65,0.39,0.36,2021-09-24,1114,N,VIIRS,n,2,301.77,4.39,D,0
35.6228,27.12582,330.6,0.39,0.36,2021-09-24,1114,N,VIIRS,n,2,295.36,6.66,D,0
35.62947,27.12461,331.71,0.39,0.36,2021-09-24,1114,N,VIIRS,n,2,298.33,3.23,D,0
39.10436,26.06993,338.39,0.39,0.36,2021-09-24,1115,N,VIIRS,n,2,304.35,2.49,D,0
41.32931,26.3741,330.11,0.4,0.37,2021-09-24,1116,N,VIIRS,n,2,275.43,2.84,D,0
41.33537,26.36766,338.23,0.4,0.37,2021-09-24,1116,N,VIIRS,n,2,278.5,5.55,D,0
41.33267,26.37328,335.05,0.4,0.37,2021-09-24,1116,N,VIIRS,n,2,277.16,4.56,D,0
40.67177,22.34458,330.3,0.41,0.37,2021-09-24,1116,N,VIIRS,l,2,301.81,2.96,D,0
40.63764,23.49031,329.38,0.39,0.36,2021-09-24,1116,N,VIIRS,l,2,302.02,1.3,D,0
39.47738,22.40046,346.99,0.42,0.37,2021-09-24,1116,N,VIIRS,n,2,309.65,5.25,D,0
37.82553,21.60567,308.28,0.43,0.62,2021-09-24,2335,N,VIIRS,n,2,286.79,2.38,N,0
37.82526,21.61138,323.35,0.43,0.62,2021-09-24,2335,N,VIIRS,n,2,287.04,2.38,N,0
37.825,21.61689,302.93,0.43,0.62,2021-09-24,2335,N,VIIRS,n,2,285.49,1.61,N,0
37.82579,21.60011,311.81,0.43,0.62,2021-09-24,2335,N,VIIRS,n,2,286.57,1.56,N,0
37.83155,21.60128,304.82,0.43,0.62,2021-09-24,2335,N,VIIRS,n,2,286.27,1.56,N,0
35.56754,27.19109,309.26,0.41,0.45,2021-09-24,2336,N,VIIRS,n,2,288.95,1.45,N,0
35.62476,27.12342,302.09,0.41,0.45,2021-09-24,2336,N,VIIRS,n,2,286.98,0.78,N,0
35.56713,27.19516,304.37,0.41,0.45,2021-09-24,2336,N,VIIRS,n,2,289.14,0.79,N,0
35.61539,27.1329,299.58,0.41,0.45,2021-09-24,2336,N,VIIRS,n,2,285.97,0.47,N,0
39.35375,22.98211,302.1,0.43,0.62,2021-09-25,0115,N,VIIRS,n,2,290.32,2.22,N,2
37.8236,21.61656,307.34,0.4,0.6,2021-09-25,0115,N,VIIRS,n,2,284.99,0.96,N,0
37.82476,21.61235,299.76,0.4,0.6,2021-09-25,0115,N,VIIRS,n,2,285.64,0.96,N,0
37.82904,21.61849,308.51,0.4,0.6,2021-09-25,0115,N,VIIRS,n,2,284.92,0.86,N,0
37.83023,21.61411,300.81,0.4,0.6,2021-09-25,0115,N,VIIRS,n,2,284.6,0.86,N,0
39.16818,22.84373,302.95,0.43,0.62,2021-09-25,0115,N,VIIRS,n,2,285.5,1.16,N,2
39.3852,22.80624,314.96,0.42,0.61,2021-09-25,0115,N,VIIRS,n,2,284.67,1.15,N,2
39.40751,22.50036,336.21,0.43,0.46,2021-09-25,1057,N,VIIRS,l,2,309.04,3.49,D,0
41.58067,26.39698,347.39,0.42,0.37,2021-09-25,1057,N,VIIRS,n,2,301.21,4.71,D,0
39.56374,22.00578,336.27,0.45,0.47,2021-09-25,1057,N,VIIRS,n,2,307.56,2.6,D,0
38.37448,24.06017,298.2,0.58,0.7,2021-09-25,2316,N,VIIRS,n,2,288.05,1.34,N,2
35.61425,27.13018,318.56,0.37,0.58,2021-09-25,2317,N,VIIRS,n,2,289.85,1.41,N,0
35.56525,27.1952,310.57,0.37,0.58,2021-09-25,2317,N,VIIRS,n,2,291.73,1.54,N,0
39.35457,22.98739,302.36,0.5,0.49,2021-09-26,0056,N,VIIRS,n,2,289.35,1.38,N,2
40.69821,22.9519,298.96,0.46,0.47,2021-09-26,0056,N,VIIRS,n,2,288.42,0.77,N,0
40.28421,23.44147,297.15,0.5,0.49,2021-09-26,0056,N,VIIRS,n,2,286.4,1.12,N,0
35.56757,27.19151,324.09,0.51,0.66,2021-09-26,0057,N,VIIRS,n,2,291.72,3.14,N,0
37.91872,23.07169,303.81,0.54,0.51,2021-09-26,0057,N,VIIRS,n,2,293.65,1.92,N,2
35.61126,27.12423,337.65,0.52,0.5,2021-09-26,1037,N,VIIRS,n,2,300.89,9.38,D,0
40.63079,22.25129,344.54,0.35,0.57,2021-09-26,1038,N,VIIRS,n,2,302.34,4.77,D,0
39.89558,21.60084,337.16,0.4,0.6,2021-09-26,1038,N,VIIRS,n,2,301.66,3.08,D,0
38.07164,23.64112,344.3,0.35,0.57,2021-09-26,1038,N,VIIRS,n,2,306.84,2.95,D,0
41.06291,22.46208,367,0.33,0.56,2021-09-26,1039,N,VIIRS,h,2,301.54,6.43,D,0
37.95468,21.2894,335.08,0.37,0.58,2021-09-26,1218,N,VIIRS,n,2,303.9,2.27,D,0
41.06627,22.46512,367,0.45,0.63,2021-09-26,1219,N,VIIRS,h,2,327,79.17,D,0
41.06019,22.46033,342.07,0.45,0.63,2021-09-26,1219,N,VIIRS,n,2,300.75,79.17,D,0
40.91437,26.29885,329.42,0.71,0.75,2021-09-26,1219,N,VIIRS,n,2,293.24,3.68,D,0
40.62979,22.25369,330.89,0.44,0.62,2021-09-26,1219,N,VIIRS,n,2,302.96,1.95,D,0
41.06609,22.45961,208,0.45,0.63,2021-09-26,1219,N,VIIRS,l,2,305.99,79.17,D,0
39.38795,22.806,315.8,0.45,0.39,2021-09-27,0037,N,VIIRS,n,2,288.72,1.06,N,2
39.35427,22.98271,307.98,0.46,0.39,2021-09-27,0037,N,VIIRS,n,2,291.09,1.01,N,2
38.1297,23.5227,303.78,0.5,0.41,2021-09-27,0038,N,VIIRS,n,2,289.34,0.84,N,2
37.91795,23.07268,304.78,0.48,0.4,2021-09-27,0038,N,VIIRS,n,2,294.37,1.76,N,2
37.96106,23.4022,328.7,0.5,0.41,2021-09-27,0038,N,VIIRS,n,2,292.1,4.31,N,0
37.96161,23.40354,329.22,0.5,0.41,2021-09-27,0038,N,VIIRS,n,2,292.49,3.08,N,0
38.33453,21.85016,303.01,0.43,0.38,2021-09-27,0038,N,VIIRS,n,2,292.24,0.95,N,0
39.16879,22.84261,310.98,0.46,0.39,2021-09-27,0038,N,VIIRS,n,2,288.82,1.87,N,2
38.56542,23.29253,306.06,0.48,0.4,2021-09-27,0038,N,VIIRS,n,2,292.69,1.76,N,2
40.89093,25.80667,331.17,0.4,0.6,2021-09-27,1020,N,VIIRS,n,2,300.13,2.7,D,0
40.03876,21.84632,334.81,0.65,0.73,2021-09-27,1020,N,VIIRS,n,2,297.38,4.65,D,0
40.03486,21.84709,330.35,0.65,0.73,2021-09-27,1020,N,VIIRS,n,2,297.71,3.54,D,0
40.64289,21.86455,326.21,0.62,0.72,2021-09-27,1020,N,VIIRS,n,2,291.89,2.71,D,0
40.89096,25.80565,336.75,0.4,0.6,2021-09-27,1020,N,VIIRS,n,2,299.53,2.34,D,0
40.89217,25.81006,329.51,0.4,0.6,2021-09-27,1020,N,VIIRS,n,2,298.22,2.34,D,0
40.89218,25.81108,337,0.4,0.6,2021-09-27,1020,N,VIIRS,n,2,298.84,2.7,D,0
37.73609,22.93408,341.26,0.5,0.49,2021-09-27,1159,N,VIIRS,n,2,304.13,3.11,D,0
37.87025,21.27085,337.91,0.41,0.45,2021-09-27,1159,N,VIIRS,n,2,301.54,2.27,D,0
40.63857,21.86747,342.14,0.47,0.48,2021-09-27,1200,N,VIIRS,n,2,300.4,14.03,D,0
40.64261,21.86225,347.24,0.47,0.48,2021-09-27,1200,N,VIIRS,n,2,307.84,14.03,D,0
40.64219,21.85727,336.84,0.47,0.48,2021-09-27,1200,N,VIIRS,n,2,305.57,4.23,D,0
40.6414,21.86502,356.15,0.47,0.48,2021-09-27,1200,N,VIIRS,n,2,313.94,47.13,D,0
40.64101,21.86006,338.78,0.47,0.48,2021-09-27,1200,N,VIIRS,n,2,305.06,8.69,D,0
39.51008,22.387,338.45,0.49,0.48,2021-09-27,1200,N,VIIRS,n,2,306.61,2.64,D,0
39.51168,22.38486,341.09,0.49,0.49,2021-09-27,1200,N,VIIRS,n,2,305.74,2.52,D,0
40.64301,21.86702,348.19,0.47,0.48,2021-09-27,1200,N,VIIRS,n,2,305.9,14.03,D,0
39.16642,22.84342,298.58,0.39,0.36,2021-09-28,0019,N,VIIRS,n,2,286.67,1.12,N,2
38.37396,24.06063,305.05,0.39,0.36,2021-09-28,0019,N,VIIRS,n,2,290.96,0.89,N,2
37.91974,23.07249,305.11,0.38,0.36,2021-09-28,0019,N,VIIRS,n,2,294.21,1.52,N,2
38.13023,23.52631,314.23,0.38,0.36,2021-09-28,0019,N,VIIRS,n,2,291.12,1.58,N,2
35.61594,27.12817,305.75,0.49,0.4,2021-09-28,0019,N,VIIRS,n,2,288.12,1.02,N,0
39.1704,22.83978,318.03,0.39,0.36,2021-09-28,0019,N,VIIRS,n,2,289.44,1.15,N,2
38.56434,23.2946,343.35,0.47,0.4,2021-09-28,1140,N,VIIRS,n,2,299.14,4.6,D,2
38.56801,23.29408,336.31,0.47,0.4,2021-09-28,1140,N,VIIRS,n,2,293.27,1.76,D,3
38.56632,23.29426,307.5,0.5,0.41,2021-09-29,0000,N,VIIRS,n,2,286.89,1.62,N,2
39.16666,22.84299,299.69,0.53,0.42,2021-09-29,0000,N,VIIRS,n,2,284.66,0.85,N,2
40.98504,24.60015,342,0.43,0.38,2021-09-30,1103,N,VIIRS,n,2,297.74,2.9,D,0
38.13004,23.52423,305.88,0.39,0.44,2021-10-02,0044,N,VIIRS,n,2,286.7,0.54,N,2
38.37383,24.06229,303.34,0.41,0.45,2021-10-02,0044,N,VIIRS,n,2,287.75,0.73,N,2
38.28691,23.54661,339.34,0.39,0.44,2021-10-02,0044,N,VIIRS,n,2,286.17,2.62,N,0
38.28788,23.54213,304.84,0.39,0.44,2021-10-02,0044,N,VIIRS,n,2,283.86,2.62,N,0
39.3559,22.9848,297.6,0.53,0.42,2021-10-02,0044,N,VIIRS,n,2,281.39,1.14,N,2
39.52927,22.49153,344.11,0.6,0.53,2021-10-02,1206,N,VIIRS,n,2,297.79,5.74,D,0
40.70565,22.81545,300.52,0.38,0.36,2021-10-03,0025,N,VIIRS,n,2,285.47,0.77,N,2
38.08857,22.43627,315.12,0.39,0.36,2021-10-03,0025,N,VIIRS,n,2,280.98,1.04,N,0
39.43448,22.29461,352.74,0.51,0.41,2021-10-03,1147,N,VIIRS,n,2,300.12,7.99,D,0
38.41972,21.13635,342.92,0.45,0.39,2021-10-03,1147,N,VIIRS,n,2,311.24,42.7,D,0
38.42329,21.13565,338.68,0.45,0.39,2021-10-03,1147,N,VIIRS,n,2,304.21,42.7,D,0
38.42266,21.13052,340.21,0.45,0.39,2021-10-03,1147,N,VIIRS,n,2,302.49,8.38,D,0
39.4024,22.35518,336.77,0.51,0.41,2021-10-03,1147,N,VIIRS,n,2,298.03,3.3,D,0
39.42463,22.3816,335.31,0.51,0.41,2021-10-03,1147,N,VIIRS,n,2,290.77,6.22,D,0
41.44962,26.59184,332.53,0.58,0.52,2021-10-03,1148,N,VIIRS,n,2,299.33,4.99,D,0
39.16926,22.84474,303.36,0.46,0.39,2021-10-04,0006,N,VIIRS,n,2,284.09,1.92,N,2
40.70656,22.81285,295.55,0.48,0.4,2021-10-04,0006,N,VIIRS,n,2,285.3,0.6,N,0
39.16565,22.84402,301.89,0.46,0.39,2021-10-04,0006,N,VIIRS,n,2,281.53,1.66,N,2
38.37479,24.06403,301.99,0.42,0.37,2021-10-04,0006,N,VIIRS,n,2,287.23,0.83,N,2
38.12957,23.52525,313.68,0.43,0.38,2021-10-04,0006,N,VIIRS,n,2,288.05,1.33,N,2
38.56507,23.29253,305.81,0.44,0.38,2021-10-04,0006,N,VIIRS,n,2,291.75,1.28,N,2
37.81363,21.26407,341.2,0.39,0.36,2021-10-04,1128,N,VIIRS,n,2,308.8,4.53,D,0
40.89482,24.81836,340.67,0.44,0.38,2021-10-04,1128,N,VIIRS,n,2,298.61,15.38,D,0
40.92333,26.27974,331.2,0.49,0.4,2021-10-04,1128,N,VIIRS,n,2,298.74,3.31,D,0
39.78941,20.70984,331.73,0.39,0.36,2021-10-04,1128,N,VIIRS,n,2,297.03,1.79,D,0
39.63497,20.93118,329.15,0.39,0.36,2021-10-04,1128,N,VIIRS,n,2,298.82,1.07,D,0
37.16732,22.00407,335.74,0.39,0.36,2021-10-04,1128,N,VIIRS,n,2,305.69,3.41,D,0
37.8489,21.26868,344.14,0.39,0.36,2021-10-04,1128,N,VIIRS,n,2,305.71,16.74,D,0
37.84818,21.26427,302.23,0.39,0.36,2021-10-04,1128,N,VIIRS,l,2,311.19,16.74,D,0
37.85344,21.22263,333.64,0.39,0.36,2021-10-04,1128,N,VIIRS,l,2,305.73,3.93,D,0
37.17062,22.00326,334.45,0.39,0.36,2021-10-04,1128,N,VIIRS,n,2,304.83,4.61,D,0
39.56149,21.98065,347.64,0.38,0.36,2021-10-04,1128,N,VIIRS,n,2,306.34,4.54,D,0
39.5582,21.98149,333.42,0.38,0.36,2021-10-04,1128,N,VIIRS,n,2,305.81,4.54,D,0
39.41517,22.35973,338.04,0.38,0.36,2021-10-04,1128,N,VIIRS,n,2,306.97,2.35,D,0
37.59949,22.93686,346.97,0.38,0.36,2021-10-04,1128,N,VIIRS,n,2,309.88,24.23,D,0
37.60279,22.93608,349.25,0.38,0.36,2021-10-04,1128,N,VIIRS,n,2,307.49,24.23,D,0
39.37305,22.48994,335.74,0.39,0.36,2021-10-04,1128,N,VIIRS,n,2,302.23,7.27,D,0
39.36976,22.49076,367,0.39,0.36,2021-10-04,1128,N,VIIRS,h,2,307.34,7.27,D,0
38.08869,21.38303,335.12,0.39,0.36,2021-10-04,1128,N,VIIRS,l,2,306.88,45.72,D,0
38.31565,22.9183,331.75,0.39,0.36,2021-10-04,1128,N,VIIRS,n,2,292.87,3.34,D,0
37.90226,21.24668,339.35,0.39,0.36,2021-10-04,1128,N,VIIRS,n,2,305.01,2.58,D,0
37.87997,21.3213,344.44,0.39,0.36,2021-10-04,1128,N,VIIRS,n,2,308.34,5.19,D,0
37.84558,21.26954,339.99,0.39,0.36,2021-10-04,1128,N,VIIRS,n,2,304.36,2.8,D,0
41.04807,22.8566,329.99,0.39,0.36,2021-10-04,1129,N,VIIRS,n,2,301.35,2.19,D,0
38.1296,23.52607,301.77,0.46,0.47,2021-10-04,2348,N,VIIRS,n,2,287.63,0.77,N,2
39.35665,22.98458,301.16,0.61,0.71,2021-10-05,0127,N,VIIRS,n,2,285.79,1.22,N,2
38.56572,23.29388,298.37,0.67,0.74,2021-10-05,0128,N,VIIRS,n,2,286.77,1.98,N,2
39.45238,22.44868,343.15,0.47,0.4,2021-10-05,1109,N,VIIRS,n,2,307.19,8.78,D,0
39.40905,22.40022,333.58,0.47,0.4,2021-10-05,1109,N,VIIRS,n,2,303.38,1.73,D,0
39.47857,22.54743,341.81,0.46,0.39,2021-10-05,1109,N,VIIRS,n,2,304.74,4.26,D,0
39.46719,22.52629,332.67,0.46,0.39,2021-10-05,1109,N,VIIRS,n,2,302.15,3.19,D,0
39.45274,22.45167,343.28,0.47,0.39,2021-10-05,1109,N,VIIRS,n,2,307.8,7.34,D,0
39.3661,22.41373,339.56,0.47,0.4,2021-10-05,1109,N,VIIRS,n,2,306.81,5.37,D,0
39.47934,22.55019,331.91,0.46,0.39,2021-10-05,1109,N,VIIRS,n,2,303.28,2.45,D,0
39.19533,22.41194,332.42,0.47,0.4,2021-10-05,1109,N,VIIRS,n,2,300.29,2.56,D,0
39.47834,22.54495,331.52,0.46,0.39,2021-10-05,1109,N,VIIRS,n,2,304.35,2.45,D,0
39.53635,22.10013,326.97,0.48,0.4,2021-10-05,1109,N,VIIRS,l,2,301.88,1.3,D,0
39.37863,22.51794,348.6,0.47,0.39,2021-10-05,1109,N,VIIRS,n,2,305.1,7.17,D,0
39.35755,22.4676,330.19,0.47,0.4,2021-10-05,1109,N,VIIRS,l,2,303.17,2.9,D,0
39.37281,22.42886,331.55,0.47,0.4,2021-10-05,1109,N,VIIRS,l,2,304.3,2.6,D,0
38.49913,23.04988,337.4,0.46,0.39,2021-10-05,1109,N,VIIRS,n,2,301.72,3.14,D,0
39.42385,22.33851,335.63,0.47,0.4,2021-10-05,1109,N,VIIRS,n,2,305.13,2.89,D,0
39.46652,22.52347,332.84,0.46,0.39,2021-10-05,1109,N,VIIRS,n,2,301.81,2.13,D,0
39.40295,22.40797,335.15,0.47,0.4,2021-10-05,1109,N,VIIRS,n,2,303.92,6.23,D,0
40.7815,26.13784,332.71,0.38,0.36,2021-10-05,1110,N,VIIRS,n,2,294.31,6.54,D,0
40.30587,21.91993,336.07,0.47,0.4,2021-10-05,1110,N,VIIRS,n,2,299.22,1.29,D,0
40.89964,23.73822,333.1,0.41,0.37,2021-10-05,1110,N,VIIRS,n,2,299.98,2.52,D,0
40.89962,23.74049,337.87,0.41,0.37,2021-10-05,1110,N,VIIRS,n,2,300.34,6.21,D,0
39.38741,22.80825,295.15,0.46,0.64,2021-10-05,2328,N,VIIRS,n,2,283.51,0.51,N,2
39.16617,22.84319,299.64,0.46,0.64,2021-10-05,2328,N,VIIRS,n,2,283.87,1.61,N,2
38.3514,21.11902,297.81,0.56,0.69,2021-10-05,2329,N,VIIRS,n,2,286.5,1.12,N,0
38.13199,23.52563,299.97,0.42,0.61,2021-10-05,2329,N,VIIRS,n,2,286.81,0.79,N,2
38.12797,23.52622,297.38,0.42,0.61,2021-10-05,2329,N,VIIRS,n,2,286.22,0.79,N,2
39.16487,22.84338,299.33,0.36,0.57,2021-10-06,0109,N,VIIRS,n,2,282.69,0.61,N,0
39.35616,22.98601,302.1,0.36,0.57,2021-10-06,0109,N,VIIRS,n,2,286.52,0.78,N,0
39.35245,22.98184,298.61,0.36,0.57,2021-10-06,0109,N,VIIRS,n,2,287.08,1.52,N,0
38.37197,24.05915,299.86,0.43,0.62,2021-10-06,0109,N,VIIRS,n,2,286.32,1.32,N,2
39.22448,25.98003,346.05,0.53,0.42,2021-10-06,1050,N,VIIRS,n,2,301.14,9.03,D,0
38.59823,21.3217,335.07,0.61,0.54,2021-10-06,1050,N,VIIRS,n,2,291.52,5.95,D,0
38.54613,21.93113,340.23,0.57,0.52,2021-10-06,1050,N,VIIRS,n,2,288.29,7.72,D,0
38.54119,21.93166,344.58,0.57,0.52,2021-10-06,1050,N,VIIRS,n,2,293.39,7.72,D,0
40.18816,21.45506,327.95,0.55,0.51,2021-10-06,1051,N,VIIRS,n,2,283.25,4.32,D,0
39.46936,22.25377,332,0.52,0.5,2021-10-06,1051,N,VIIRS,n,2,292.76,7.22,D,0
35.22939,24.29673,339.02,0.78,0.78,2021-10-06,1230,N,VIIRS,n,2,291.49,5.05,D,0
35.23672,24.29834,367,0.78,0.78,2021-10-06,1230,N,VIIRS,h,2,292.44,29.15,D,0
39.36667,22.56344,367,0.66,0.73,2021-10-06,1231,N,VIIRS,h,2,290.74,22.75,D,0
39.28381,22.52184,344.69,0.65,0.73,2021-10-06,1231,N,VIIRS,n,2,288.94,13.54,D,0
39.28285,22.52239,339.09,0.65,0.73,2021-10-06,1231,N,VIIRS,n,2,288.51,8.25,D,0
39.28298,22.52967,338.63,0.65,0.73,2021-10-06,1231,N,VIIRS,n,2,288.16,12.29,D,0
39.36673,22.56596,346.27,0.66,0.73,2021-10-06,1231,N,VIIRS,n,2,287.23,13.28,D,0
39.36655,22.55562,356.55,0.66,0.73,2021-10-06,1231,N,VIIRS,n,2,289.61,15.8,D,0
39.36664,22.55799,357.71,0.66,0.73,2021-10-06,1231,N,VIIRS,l,2,289.25,13.28,D,0
38.12962,23.52476,297.83,0.47,0.48,2021-10-07,0050,N,VIIRS,n,2,284.6,0.69,N,2
38.37434,24.06029,301.97,0.49,0.49,2021-10-07,0050,N,VIIRS,n,2,285.18,1.29,N,2
38.37357,24.06379,301.9,0.45,0.39,2021-10-08,0031,N,VIIRS,n,2,285.31,0.56,N,2
38.56438,23.29656,301.47,0.35,0.57,2021-10-10,2335,N,VIIRS,n,2,286.24,1.52,N,2
38.56465,23.29191,313.73,0.35,0.57,2021-10-10,2335,N,VIIRS,n,2,286.89,2.24,N,2
39.22979,25.94935,328.17,0.46,0.39,2021-10-11,1057,N,VIIRS,n,2,294.96,4.33,D,0
38.37181,24.06051,298.06,0.59,0.53,2021-10-12,0056,N,VIIRS,n,2,286.97,1.04,N,2
39.35323,22.98462,302.76,0.5,0.49,2021-10-12,0056,N,VIIRS,n,2,286.7,1.22,N,2
38.37404,24.06446,297.52,0.52,0.42,2021-10-13,0038,N,VIIRS,n,2,284.35,1.12,N,2
38.56406,23.29623,303.52,0.48,0.4,2021-10-13,0038,N,VIIRS,n,2,284.86,1.32,N,2
39.35307,22.98616,303.26,0.46,0.39,2021-10-13,0038,N,VIIRS,n,2,285.44,1.42,N,2
38.33416,21.85021,300.46,0.43,0.38,2021-10-13,0038,N,VIIRS,n,2,286.56,0.9,N,0
38.06959,23.62216,311.17,0.51,0.41,2021-10-13,0038,N,VIIRS,n,2,283.68,1.18,N,0
37.94608,23.64339,305.48,0.38,0.36,2021-10-14,0019,N,VIIRS,n,2,287.91,0.53,N,0
39.19508,25.95843,328.45,0.73,0.76,2021-10-14,1001,N,VIIRS,n,2,290,3.52,D,0
39.19713,25.9576,325.74,0.74,0.76,2021-10-14,1001,N,VIIRS,n,2,289.69,4.87,D,0
39.21008,25.94774,338.37,0.42,0.45,2021-10-14,1141,N,VIIRS,n,2,288.42,4.77,D,0
38.37439,24.05892,298.78,0.53,0.5,2021-10-15,2341,N,VIIRS,n,2,285.69,1.18,N,2
37.55566,24.29873,331.66,0.49,0.4,2021-10-16,1103,N,VIIRS,n,2,291.29,2.08,D,0
37.55308,24.29609,335.06,0.49,0.4,2021-10-16,1103,N,VIIRS,n,2,294.33,5.48,D,0
37.91943,23.07135,298.28,0.57,0.43,2021-10-18,0044,N,VIIRS,n,2,286.73,1.12,N,2
38.5649,23.29538,297.31,0.39,0.36,2021-10-19,0025,N,VIIRS,n,2,286.2,0.6,N,2
38.12857,23.52427,295.37,0.4,0.37,2021-10-19,0025,N,VIIRS,n,2,284.76,0.48,N,2
40.70497,22.81678,295.79,0.48,0.4,2021-10-20,0006,N,VIIRS,n,2,282.65,0.71,N,0
40.28535,23.44406,298.14,0.45,0.39,2021-10-20,0006,N,VIIRS,n,2,282.92,0.73,N,2
39.35472,22.98527,303.41,0.46,0.39,2021-10-20,0006,N,VIIRS,n,2,285.95,1.35,N,2
39.35538,22.98669,300.25,0.46,0.39,2021-10-20,0006,N,VIIRS,n,2,284.88,0.77,N,2
38.3346,21.84592,299.68,0.49,0.41,2021-10-20,0007,N,VIIRS,n,2,287.67,1.11,N,0
39.17345,26.0252,331.07,0.46,0.39,2021-10-20,1128,N,VIIRS,n,2,293.26,2.83,D,0
41.53081,26.5198,336.03,0.51,0.41,2021-10-20,1129,N,VIIRS,n,2,295.78,7.28,D,0
40.28433,23.4449,295.04,0.49,0.49,2021-10-20,2347,N,VIIRS,n,2,283.18,0.58,N,2
39.35566,22.9846,298.96,0.62,0.71,2021-10-21,0128,N,VIIRS,n,2,283.56,1.12,N,2
39.35086,22.98519,297.09,0.62,0.71,2021-10-21,0128,N,VIIRS,n,2,284.58,2.03,N,0
35.14236,25.19133,331.01,0.43,0.38,2021-10-21,1108,N,VIIRS,n,2,296.37,1.89,D,0
37.10824,22.00884,327.39,0.53,0.42,2021-10-21,1109,N,VIIRS,n,2,297.04,2.89,D,0
37.03525,22.05114,344.8,0.53,0.42,2021-10-21,1109,N,VIIRS,n,2,296.37,8.31,D,0
39.14435,25.97499,325.51,0.39,0.36,2021-10-21,1109,N,VIIRS,n,2,300.18,1.68,D,0
38.39351,23.02487,328.56,0.46,0.39,2021-10-21,1109,N,VIIRS,n,2,298.9,2.82,D,0
39.37822,22.42822,329.22,0.47,0.4,2021-10-21,1110,N,VIIRS,n,2,299.35,2.16,D,0
39.43471,22.50632,331.51,0.46,0.39,2021-10-21,1110,N,VIIRS,n,2,298.95,2.84,D,0
40.05202,21.65516,328.22,0.49,0.4,2021-10-21,1110,N,VIIRS,n,2,294.04,2.61,D,0
39.31093,22.74819,346.77,0.46,0.39,2021-10-21,1110,N,VIIRS,n,2,299.65,7.46,D,0
39.24789,22.51719,340.33,0.47,0.39,2021-10-21,1110,N,VIIRS,n,2,299.02,10.24,D,0
39.22322,22.4887,326.06,0.47,0.4,2021-10-21,1110,N,VIIRS,n,2,298.2,3.4,D,0
39.42554,22.67631,331.6,0.46,0.39,2021-10-21,1110,N,VIIRS,n,2,295.01,2.54,D,0
39.30656,22.70546,326.22,0.46,0.39,2021-10-21,1110,N,VIIRS,n,2,298.39,2.31,D,0
40.28571,23.44505,299.23,0.43,0.62,2021-10-21,2328,N,VIIRS,n,2,283.74,0.6,N,2
40.95846,24.54441,302.96,0.38,0.59,2021-10-21,2328,N,VIIRS,n,2,283.15,0.64,N,0
40.28654,23.44497,297.82,0.43,0.62,2021-10-21,2328,N,VIIRS,n,2,284.06,0.67,N,2
38.37267,24.06149,300.8,0.39,0.59,2021-10-21,2329,N,VIIRS,n,2,287.03,0.84,N,2
38.03268,23.60493,297.74,0.41,0.61,2021-10-21,2329,N,VIIRS,n,2,287.24,0.93,N,0
38.3813,23.12513,297.49,0.44,0.62,2021-10-21,2329,N,VIIRS,n,2,281.1,0.46,N,0
40.95905,24.54808,297.57,0.39,0.59,2021-10-22,0108,N,VIIRS,n,2,281.07,0.56,N,0
40.28613,23.44519,307.5,0.36,0.57,2021-10-22,0109,N,VIIRS,n,2,284.63,0.72,N,2
40.70365,22.81503,295.25,0.33,0.55,2021-10-22,0109,N,VIIRS,n,2,283.16,0.54,N,2
40.70037,22.95097,296.49,0.33,0.55,2021-10-22,0109,N,VIIRS,n,2,283.79,0.5,N,0
37.91953,23.07402,298.59,0.4,0.6,2021-10-22,0109,N,VIIRS,n,2,286.83,0.74,N,2
37.91971,23.07356,298.28,0.4,0.6,2021-10-22,0109,N,VIIRS,n,2,286.97,1.29,N,2
38.37299,24.06077,301.39,0.43,0.62,2021-10-22,0109,N,VIIRS,n,2,286.43,0.79,N,2
39.35398,22.98676,301.78,0.36,0.57,2021-10-22,0109,N,VIIRS,n,2,285.13,1.03,N,2
40.28681,23.44572,303.79,0.36,0.57,2021-10-22,0109,N,VIIRS,n,2,284.62,0.51,N,2
35.11751,25.01791,326.43,0.47,0.48,2021-10-22,1050,N,VIIRS,n,2,293.74,1.68,D,0
39.52426,22.45601,341.94,0.51,0.49,2021-10-22,1051,N,VIIRS,n,2,299.77,6.19,D,0
39.27935,22.50909,328.77,0.51,0.49,2021-10-22,1051,N,VIIRS,n,2,297.8,3.6,D,0
39.17889,22.6364,337.16,0.51,0.49,2021-10-22,1051,N,VIIRS,n,2,299.82,13.57,D,0
39.32546,22.45582,327.96,0.51,0.5,2021-10-22,1051,N,VIIRS,n,2,297.2,1.91,D,0
39.23485,22.68712,325.94,0.5,0.49,2021-10-22,1051,N,VIIRS,n,2,297.01,2.3,D,0
39.51682,22.46515,325.09,0.51,0.49,2021-10-22,1051,N,VIIRS,l,2,297.26,3.01,D,0
39.18019,22.64199,339.87,0.51,0.49,2021-10-22,1051,N,VIIRS,n,2,300.74,21.75,D,0
38.57148,23.03012,342.06,0.5,0.49,2021-10-22,1051,N,VIIRS,n,2,297.39,11.22,D,0
39.26738,22.64363,347.41,0.67,0.73,2021-10-22,1231,N,VIIRS,n,2,292.8,10.98,D,0
39.26739,22.63558,334,0.66,0.73,2021-10-22,1231,N,VIIRS,n,2,292.84,6.12,D,0
39.2794,22.52567,343.98,0.66,0.73,2021-10-22,1231,N,VIIRS,n,2,295.64,6.61,D,0
39.32823,22.54954,339.54,0.66,0.73,2021-10-22,1231,N,VIIRS,n,2,294.86,17.7,D,0
39.32834,22.55728,367,0.66,0.73,2021-10-22,1231,N,VIIRS,h,2,296.49,17.7,D,0
39.27987,22.52557,341.63,0.66,0.73,2021-10-22,1231,N,VIIRS,n,2,296,6.23,D,0
39.26729,22.63559,334.18,0.67,0.73,2021-10-22,1231,N,VIIRS,n,2,292.96,8.01,D,0
39.26751,22.64362,346.85,0.67,0.73,2021-10-22,1231,N,VIIRS,n,2,292.59,6.12,D,0
35.55475,24.16305,298.9,0.67,0.74,2021-10-22,2311,N,VIIRS,n,2,285.31,0.85,N,0
35.55447,24.17314,297.93,0.67,0.74,2021-10-22,2311,N,VIIRS,n,2,284.94,0.85,N,0
35.55407,24.17046,305.19,0.67,0.74,2021-10-22,2311,N,VIIRS,n,2,284.94,0.98,N,0
40.28468,23.44381,302.75,0.42,0.45,2021-10-23,0050,N,VIIRS,n,2,283.6,0.74,N,2
39.35332,22.98392,309.22,0.42,0.45,2021-10-23,0050,N,VIIRS,n,2,287.78,1.1,N,2
35.55337,24.16922,305.28,0.58,0.52,2021-10-23,0051,N,VIIRS,n,2,286.1,0.85,N,0
35.55424,24.16937,310.26,0.58,0.52,2021-10-23,0051,N,VIIRS,n,2,286.41,2.18,N,0
35.18499,25.20977,367,0.41,0.61,2021-10-23,1031,N,VIIRS,h,2,293.62,7.35,D,0
35.18372,25.21151,367,0.41,0.61,2021-10-23,1031,N,VIIRS,h,2,294.32,6.96,D,0
38.57619,23.03081,333.53,0.44,0.62,2021-10-23,1032,N,VIIRS,n,2,290.69,3.13,D,0
39.61718,22.59038,326.52,0.43,0.62,2021-10-23,1032,N,VIIRS,n,2,290.23,1.68,D,0
39.51046,22.43819,338.59,0.44,0.62,2021-10-23,1032,N,VIIRS,n,2,290.44,4.5,D,0
40.80151,22.53951,355.67,0.38,0.59,2021-10-23,1213,N,VIIRS,n,2,292.31,5.15,D,0
40.41255,22.47556,325.67,0.37,0.58,2021-10-23,1213,N,VIIRS,n,2,290.6,1.77,D,0
41.1135,23.01565,335.43,0.4,0.6,2021-10-23,1213,N,VIIRS,n,2,289.86,3.54,D,0
38.12992,23.52603,297.87,0.44,0.38,2021-10-24,0032,N,VIIRS,n,2,286.68,0.73,N,2
35.55597,24.16889,300.41,0.5,0.41,2021-10-24,0032,N,VIIRS,n,2,286.83,0.71,N,0
37.91753,23.07316,301.38,0.43,0.38,2021-10-24,0032,N,VIIRS,n,2,290.12,0.98,N,2
39.16659,22.84489,301.25,0.41,0.37,2021-10-24,0032,N,VIIRS,n,2,284.12,1.12,N,2
39.35376,22.98327,310.53,0.41,0.37,2021-10-24,0032,N,VIIRS,n,2,287.43,1.06,N,2
35.25378,24.46261,337.38,0.79,0.78,2021-10-24,1012,N,VIIRS,n,2,289.25,8.85,D,0
35.25256,24.4633,337.14,0.79,0.78,2021-10-24,1012,N,VIIRS,n,2,289.39,8.52,D,0
40.94613,24.77603,345.12,0.5,0.41,2021-10-25,1135,N,VIIRS,n,2,293.54,12.55,D,0
40.99474,23.42121,329.26,0.44,0.39,2021-10-25,1135,N,VIIRS,n,2,294.98,3.04,D,0
41.01318,23.40418,331.6,0.44,0.39,2021-10-25,1135,N,VIIRS,n,2,294.19,3.15,D,0
40.28514,23.44693,295.72,0.41,0.45,2021-10-25,2354,N,VIIRS,n,2,280.42,0.68,N,2
40.28367,23.44535,296.12,0.72,0.76,2021-10-26,0134,N,VIIRS,n,2,278.89,0.7,N,2
40.40705,21.66335,356.95,0.43,0.38,2021-10-26,1116,N,VIIRS,l,2,292.99,7.56,D,0
39.75504,22.34447,337.24,0.42,0.37,2021-10-26,1116,N,VIIRS,n,2,293.92,1.71,D,0
40.29817,21.9064,340.82,0.42,0.38,2021-10-26,1116,N,VIIRS,n,2,293.93,4.39,D,0
40.41049,21.66234,343,0.43,0.38,2021-10-26,1116,N,VIIRS,n,2,289.52,7.56,D,0
40.41391,21.66129,338.39,0.43,0.38,2021-10-26,1116,N,VIIRS,n,2,288.39,5.89,D,0
40.41644,21.65523,342.22,0.43,0.38,2021-10-26,1116,N,VIIRS,n,2,291.04,6.18,D,0
40.42242,21.64823,341.34,0.43,0.38,2021-10-26,1116,N,VIIRS,n,2,289.87,16.06,D,0
40.42675,21.65225,356.7,0.43,0.38,2021-10-26,1116,N,VIIRS,l,2,291.36,14.24,D,0
40.90704,22.84803,333.93,0.4,0.37,2021-10-26,1116,N,VIIRS,n,2,296.04,3.62,D,0
40.93739,22.88321,335.11,0.4,0.37,2021-10-26,1116,N,VIIRS,n,2,295.21,1.8,D,0
41.00031,25.23082,295.88,0.5,0.66,2021-10-27,0115,N,VIIRS,n,2,277.78,1.07,N,0
38.33355,21.84795,295.32,0.4,0.6,2021-10-27,0116,N,VIIRS,n,2,282.99,0.73,N,0
40.40102,22.52402,329.68,0.4,0.44,2021-10-27,1057,N,VIIRS,n,2,290.01,1.85,D,0
40.39877,22.52711,327.02,0.4,0.44,2021-10-27,1057,N,VIIRS,n,2,290.36,1.01,D,0
38.38525,21.89273,327.93,0.48,0.48,2021-10-27,1057,N,VIIRS,n,2,291.64,3.24,D,0
40.66435,22.21966,331.99,0.41,0.45,2021-10-27,1058,N,VIIRS,n,2,292.78,2.23,D,0
40.63684,22.33219,351.67,0.41,0.45,2021-10-27,1058,N,VIIRS,n,2,295.24,8.07,D,0
40.66595,22.21601,338.52,0.41,0.45,2021-10-27,1058,N,VIIRS,n,2,292.36,2.94,D,0
39.60065,22.2284,337.91,0.77,0.77,2021-10-27,1238,N,VIIRS,n,2,281.38,15.59,D,0
39.60053,22.22977,336.92,0.77,0.77,2021-10-27,1238,N,VIIRS,n,2,281.38,10.57,D,0
36.81482,22.74148,327.32,0.41,0.61,2021-10-28,1038,N,VIIRS,n,2,290.51,3.84,D,0
39.07403,20.8773,329.03,0.45,0.63,2021-10-28,1039,N,VIIRS,n,2,292.98,2.5,D,0
41.05103,26.33413,327.26,0.43,0.46,2021-10-28,1039,N,VIIRS,n,2,289.21,2.14,D,0
41.15609,26.32574,326.25,0.43,0.46,2021-10-28,1039,N,VIIRS,n,2,288.88,1.54,D,0
41.1568,26.32804,332.27,0.43,0.46,2021-10-28,1039,N,VIIRS,n,2,290.19,2.9,D,0
41.04647,22.6932,333.21,0.32,0.55,2021-10-28,1039,N,VIIRS,n,2,294.52,2.44,D,0
41.06126,22.69407,325.7,0.32,0.55,2021-10-28,1039,N,VIIRS,n,2,291.94,0.84,D,0
39.52793,22.65714,342.39,0.46,0.63,2021-10-28,1219,N,VIIRS,n,2,288.37,5.56,D,0
39.48853,22.71432,353.62,0.46,0.63,2021-10-28,1219,N,VIIRS,n,2,294.39,7.98,D,0
40.96895,22.83037,336.7,0.48,0.64,2021-10-28,1219,N,VIIRS,n,2,292.16,5.89,D,0
38.11674,20.62203,326.37,0.34,0.56,2021-10-28,1219,N,VIIRS,n,2,293.56,1.79,D,0
39.10656,21.06465,325.69,0.37,0.58,2021-10-28,1219,N,VIIRS,n,2,292.43,1.19,D,0
41.49138,26.17569,336.25,0.71,0.75,2021-10-28,1220,N,VIIRS,n,2,287.62,4.26,D,0
41.48762,26.17429,333.52,0.71,0.75,2021-10-28,1220,N,VIIRS,n,2,288.02,5,D,0
39.35385,22.98289,303.5,0.46,0.39,2021-10-29,0038,N,VIIRS,n,2,284.25,1.79,N,2
38.12913,23.52724,295.37,0.5,0.41,2021-10-29,0038,N,VIIRS,n,2,284.16,0.48,N,2
38.64448,21.27157,349.09,0.75,0.77,2021-10-29,1020,N,VIIRS,n,2,287.31,11.25,D,0
38.64162,21.27326,348.04,0.75,0.77,2021-10-29,1020,N,VIIRS,n,2,287.05,8.28,D,0
40.04246,22.10044,341.02,0.48,0.48,2021-10-29,1200,N,VIIRS,n,2,292.77,7.65,D,0
40.04454,22.09651,340.32,0.48,0.48,2021-10-29,1200,N,VIIRS,n,2,291.21,10.33,D,0
39.51517,22.48596,335.39,0.5,0.49,2021-10-29,1200,N,VIIRS,n,2,294,3.93,D,0
39.35251,22.40851,333.96,0.49,0.49,2021-10-29,1200,N,VIIRS,n,2,288.47,2.14,D,0
39.13497,20.83014,343.41,0.41,0.45,2021-10-29,1200,N,VIIRS,n,2,293.16,4.64,D,0
40.16855,21.4869,327.86,0.45,0.47,2021-10-29,1200,N,VIIRS,n,2,292.73,1.38,D,0
38.12925,23.52702,303.11,0.38,0.36,2021-10-30,0019,N,VIIRS,n,2,284.61,1.21,N,2
40.70497,22.8145,300.62,0.39,0.36,2021-10-30,0019,N,VIIRS,n,2,282.34,0.84,N,2
37.91874,23.0709,299.09,0.38,0.36,2021-10-30,0020,N,VIIRS,n,2,286.91,0.94,N,2
39.23579,20.55046,330.31,0.4,0.37,2021-10-30,1141,N,VIIRS,n,2,293.56,3,D,0
39.12626,21.00253,329.75,0.41,0.37,2021-10-30,1141,N,VIIRS,n,2,292.36,1.8,D,0
39.25157,20.58973,336.73,0.4,0.37,2021-10-30,1141,N,VIIRS,n,2,295.27,5.16,D,0
40.48361,22.52266,327.22,0.46,0.39,2021-10-30,1142,N,VIIRS,n,2,291.61,2.46,D,0
40.82909,22.76222,333.22,0.48,0.4,2021-10-30,1142,N,VIIRS,n,2,293.64,3.04,D,0
40.58999,22.42086,333.85,0.46,0.39,2021-10-30,1142,N,VIIRS,n,2,292.79,6.7,D,0
40.28579,23.44421,295.43,0.52,0.41,2021-10-31,0000,N,VIIRS,n,2,283.81,0.66,N,2
39.674,22.7185,345.37,0.39,0.36,2021-10-31,1122,N,VIIRS,n,2,294.81,6.99,D,0
38.82799,21.11594,346.13,0.41,0.37,2021-10-31,1122,N,VIIRS,n,2,291.4,3.65,D,0
38.82206,21.12275,342.36,0.41,0.37,2021-10-31,1122,N,VIIRS,n,2,292.1,3.24,D,0
37.67783,21.55593,330.39,0.41,0.37,2021-10-31,1122,N,VIIRS,n,2,295.67,1.63,D,0
39.25214,20.54448,327.11,0.42,0.38,2021-10-31,1122,N,VIIRS,n,2,295.19,2.8,D,0
39.6773,22.71763,335.75,0.39,0.36,2021-10-31,1122,N,VIIRS,n,2,287.84,6.99,D,0
39.65644,22.70803,328.04,0.39,0.36,2021-10-31,1122,N,VIIRS,n,2,289.88,3.83,D,0
40.98515,22.76891,335.54,0.38,0.36,2021-10-31,1123,N,VIIRS,n,2,292.25,2.84,D,0
40.21027,22.55881,347.36,0.39,0.36,2021-10-31,1123,N,VIIRS,n,2,295,16.14,D,0
41.08102,26.31906,328.47,0.44,0.38,2021-10-31,1123,N,VIIRS,n,2,289.4,5.2,D,0
41.12275,22.73937,333.36,0.38,0.36,2021-10-31,1123,N,VIIRS,n,2,292.74,4.48,D,0
40.9337,24.90936,332.69,0.4,0.37,2021-10-31,1123,N,VIIRS,n,2,291.7,5.72,D,0
40.90792,22.69062,325.93,0.38,0.36,2021-10-31,1123,N,VIIRS,n,2,293.68,1.15,D,0
37.4307,24.41457,333.35,0.48,0.4,2021-11-01,1103,N,VIIRS,n,2,287.2,4.23,D,0
36.97719,22.51237,326.38,0.4,0.44,2021-11-01,1103,N,VIIRS,n,2,290.98,2.63,D,0
38.35151,23.28832,326.32,0.52,0.41,2021-11-01,1103,N,VIIRS,n,2,296.61,3.97,D,0
38.35281,23.2899,325.14,0.52,0.41,2021-11-01,1103,N,VIIRS,l,2,295.92,3.74,D,0
37.04184,22.04022,343.5,0.42,0.45,2021-11-01,1103,N,VIIRS,n,2,294.34,6.99,D,0
37.03678,22.03697,333.25,0.42,0.45,2021-11-01,1103,N,VIIRS,n,2,290.44,3.68,D,0
40.939,23.58791,337.58,0.46,0.39,2021-11-01,1104,N,VIIRS,n,2,294.8,10.36,D,0
40.93951,23.61052,328.86,0.46,0.39,2021-11-01,1104,N,VIIRS,n,2,294.81,2.69,D,0
40.77317,21.54201,334.37,0.56,0.43,2021-11-01,1104,N,VIIRS,n,2,290.93,6.51,D,0
40.93904,23.58546,344.69,0.46,0.39,2021-11-01,1104,N,VIIRS,n,2,294.68,11.71,D,0
40.98643,24.29806,327.89,0.43,0.38,2021-11-01,1104,N,VIIRS,n,2,294.8,3.24,D,0
40.52021,21.15645,338.4,0.39,0.44,2021-11-01,1104,N,VIIRS,n,2,291.96,2.69,D,0
41.49829,26.30421,331.02,0.39,0.36,2021-11-01,1104,N,VIIRS,n,2,292.04,2.66,D,0
40.37939,23.99076,331.84,0.45,0.39,2021-11-01,1104,N,VIIRS,n,2,290.81,3.21,D,3
41.18568,24.11028,345.17,0.44,0.38,2021-11-01,1104,N,VIIRS,n,2,295.85,5.13,D,0
41.10516,24.0507,329.28,0.44,0.38,2021-11-01,1104,N,VIIRS,n,2,293.85,2.57,D,0
41.03242,23.4204,343.9,0.46,0.39,2021-11-01,1104,N,VIIRS,n,2,294.77,9.97,D,0
40.93963,23.60801,326.54,0.46,0.39,2021-11-01,1104,N,VIIRS,n,2,293.57,2.58,D,0
40.93376,23.47452,304.2,0.53,0.67,2021-11-01,2322,N,VIIRS,n,2,276.25,0.95,N,0
40.93036,23.47373,298.46,0.53,0.67,2021-11-01,2322,N,VIIRS,n,2,275.92,0.85,N,0
39.22358,22.64672,327.17,0.55,0.68,2021-11-02,1225,N,VIIRS,n,2,288.54,8.32,D,0
35.28054,24.4695,335.48,0.35,0.57,2021-11-03,1205,N,VIIRS,n,2,293.04,3.98,D,0
35.22643,24.59686,367,0.36,0.57,2021-11-03,1205,N,VIIRS,h,2,295.26,30.89,D,0
35.22615,24.59271,342,0.36,0.57,2021-11-03,1205,N,VIIRS,n,2,300.75,30.89,D,0
39.44545,22.74264,340.1,0.62,0.54,2021-11-03,1206,N,VIIRS,n,2,297.15,8.66,D,0
39.3865,22.77073,339.48,0.63,0.54,2021-11-03,1206,N,VIIRS,n,2,294.81,5.82,D,0
39.38286,22.79344,345.54,0.63,0.54,2021-11-03,1206,N,VIIRS,n,2,296.31,12.68,D,0
39.37781,22.79378,341.14,0.63,0.54,2021-11-03,1206,N,VIIRS,n,2,296.04,12.68,D,0
39.33719,22.24207,347.59,0.59,0.52,2021-11-03,1206,N,VIIRS,n,2,300.34,11.97,D,0
39.33983,22.24267,345.03,0.58,0.52,2021-11-03,1206,N,VIIRS,n,2,297.01,7.94,D,0
39.37883,22.79411,341.9,0.63,0.54,2021-11-03,1206,N,VIIRS,n,2,296.28,8.76,D,0
39.33495,22.2432,341.89,0.58,0.52,2021-11-03,1206,N,VIIRS,n,2,300.21,7.94,D,0
39.32348,22.72387,337.5,0.62,0.54,2021-11-03,1206,N,VIIRS,n,2,298.06,5.49,D,0
38.55766,23.06546,346.53,0.32,0.54,2021-11-03,1206,N,VIIRS,n,2,298.56,2.3,D,0
38.38107,23.36416,367,0.33,0.55,2021-11-03,1206,N,VIIRS,h,2,303.78,7.62,D,0
38.05404,23.50961,337.26,0.33,0.55,2021-11-03,1206,N,VIIRS,n,2,296.13,1.69,D,0
38.55239,23.06289,325.13,0.32,0.54,2021-11-03,1206,N,VIIRS,l,2,296.64,2.3,D,0
38.54734,23.06374,335.79,0.32,0.54,2021-11-03,1206,N,VIIRS,n,2,300.19,3.31,D,0
38.43903,23.10276,345.44,0.32,0.54,2021-11-03,1206,N,VIIRS,n,2,297.26,2.62,D,0
38.43619,23.10427,331.83,0.32,0.54,2021-11-03,1206,N,VIIRS,n,2,298.28,3.45,D,0
39.59056,22.28214,342.37,0.59,0.53,2021-11-03,1207,N,VIIRS,n,2,298.27,8.61,D,0
38.56582,23.29373,340.54,0.39,0.36,2021-11-04,0026,N,VIIRS,n,2,288.86,10.24,N,2
39.16756,22.84419,297.82,0.39,0.36,2021-11-04,0026,N,VIIRS,n,2,284.31,0.68,N,2
38.13066,23.52558,301.1,0.4,0.37,2021-11-04,0026,N,VIIRS,n,2,285.81,0.71,N,2
39.35557,22.98446,308.77,0.39,0.36,2021-11-04,0026,N,VIIRS,n,2,287.77,1.16,N,2
38.33499,21.84654,297.11,0.38,0.36,2021-11-04,0026,N,VIIRS,n,2,286.86,0.57,N,0
38.56913,23.29467,305.33,0.39,0.36,2021-11-04,0026,N,VIIRS,n,2,288.17,1.55,N,3
36.27432,22.99186,347.58,0.51,0.41,2021-11-04,1147,N,VIIRS,n,2,299.94,38.91,D,0
36.27199,22.99459,348.79,0.51,0.41,2021-11-04,1147,N,VIIRS,n,2,310.04,37.87,D,0
36.27579,22.99407,330.79,0.51,0.41,2021-11-04,1147,N,VIIRS,n,2,295.36,37.87,D,0
36.27052,22.99241,353.36,0.51,0.41,2021-11-04,1147,N,VIIRS,n,2,305.46,38.91,D,0
37.82939,21.6091,329.83,0.46,0.39,2021-11-04,1147,N,VIIRS,n,2,297.29,3.09,D,0
37.82954,21.61165,332.17,0.46,0.39,2021-11-04,1147,N,VIIRS,n,2,296.24,3.21,D,0
39.29924,22.68589,328.67,0.53,0.42,2021-11-04,1148,N,VIIRS,n,2,296.91,3.22,D,0
39.31033,22.71607,344.04,0.53,0.42,2021-11-04,1148,N,VIIRS,n,2,300.85,16.3,D,0
39.60216,22.26259,339.72,0.51,0.41,2021-11-04,1148,N,VIIRS,n,2,298.4,5.41,D,0
39.22782,20.54321,335.26,0.44,0.38,2021-11-04,1148,N,VIIRS,n,2,295.66,3.28,D,0
39.21221,22.72309,330.04,0.53,0.42,2021-11-04,1148,N,VIIRS,n,2,298.85,2.07,D,0
39.60597,22.26193,339.47,0.51,0.41,2021-11-04,1148,N,VIIRS,n,2,296.53,5.41,D,0
39.13455,22.43595,325.43,0.52,0.41,2021-11-04,1148,N,VIIRS,l,2,295.97,4.69,D,0
39.22554,20.55408,331.78,0.44,0.38,2021-11-04,1148,N,VIIRS,n,2,295.7,6.29,D,0
38.89574,22.75114,302.79,0.46,0.39,2021-11-05,0007,N,VIIRS,n,2,284.14,1.04,N,0
38.89215,22.75034,296.66,0.46,0.39,2021-11-05,0007,N,VIIRS,n,2,284.04,0.67,N,0
38.12948,23.52314,311.5,0.43,0.38,2021-11-05,0007,N,VIIRS,n,2,285.54,1.24,N,2
37.16984,24.48344,354.83,0.4,0.37,2021-11-05,1128,N,VIIRS,n,2,302.6,5,D,0
37.16584,24.47958,330.3,0.4,0.37,2021-11-05,1128,N,VIIRS,n,2,300.22,2.68,D,0
38.04133,21.36598,326.96,0.39,0.36,2021-11-05,1128,N,VIIRS,l,2,297.79,2.17,D,0
37.08415,21.63091,342.43,0.39,0.36,2021-11-05,1128,N,VIIRS,n,2,298.5,3.62,D,0
37.03205,22.05134,331.82,0.39,0.36,2021-11-05,1128,N,VIIRS,n,2,297.6,3.07,D,0
37.16646,24.48414,333.51,0.4,0.37,2021-11-05,1128,N,VIIRS,n,2,301.4,2.68,D,0
40.05955,22.09743,325.59,0.38,0.36,2021-11-05,1129,N,VIIRS,n,2,280.01,3.05,D,0
41.07098,25.44059,335.48,0.46,0.39,2021-11-05,1129,N,VIIRS,n,2,293.97,4.09,D,0
38.85589,22.54943,330.63,0.39,0.36,2021-11-05,1129,N,VIIRS,n,2,293.11,1.75,D,0
39.06497,22.4738,342.26,0.39,0.36,2021-11-05,1129,N,VIIRS,n,2,297.73,4.7,D,0
39.06826,22.40421,337.21,0.38,0.36,2021-11-05,1129,N,VIIRS,n,2,300.44,9.36,D,0
39.25199,20.54224,326.92,0.39,0.36,2021-11-05,1129,N,VIIRS,n,2,297.55,1.65,D,0
39.26835,20.56767,334.92,0.39,0.36,2021-11-05,1129,N,VIIRS,n,2,296.54,3.79,D,0
39.27274,20.55234,336.59,0.39,0.36,2021-11-05,1129,N,VIIRS,n,2,297.45,3.71,D,0
39.745,20.77375,339.7,0.39,0.36,2021-11-05,1129,N,VIIRS,n,2,294.04,4.79,D,0
37.26383,21.75622,317.24,0.55,0.51,2021-11-05,2348,N,VIIRS,n,2,272.75,2.07,N,0
38.56542,23.29151,307.2,0.47,0.48,2021-11-05,2348,N,VIIRS,n,2,282.45,1.48,N,3
38.12895,23.52502,303.68,0.46,0.47,2021-11-05,2348,N,VIIRS,n,2,285.16,1.26,N,2
37.82436,21.48153,303.04,0.58,0.52,2021-11-05,2348,N,VIIRS,n,2,280.66,0.92,N,0
35.2746,24.496,325.34,0.44,0.39,2021-11-06,1109,N,VIIRS,l,2,297.58,2.7,D,0
35.31669,24.72578,336,0.44,0.38,2021-11-06,1109,N,VIIRS,n,2,295.86,3.22,D,0
35.24899,24.51016,352.98,0.44,0.39,2021-11-06,1109,N,VIIRS,n,2,299.73,13.19,D,0
35.08885,24.77323,329.5,0.44,0.38,2021-11-06,1109,N,VIIRS,n,2,298.97,1.45,D,0
35.24812,24.50539,337.15,0.44,0.39,2021-11-06,1109,N,VIIRS,n,2,295.34,2.55,D,0
35.25245,24.50894,336.12,0.44,0.39,2021-11-06,1109,N,VIIRS,n,2,294.68,3.86,D,0
35.29511,24.68512,328.94,0.44,0.38,2021-11-06,1109,N,VIIRS,n,2,294.53,2.41,D,0
40.0328,21.35081,328.04,0.5,0.41,2021-11-06,1110,N,VIIRS,n,2,292.52,3.01,D,0
41.08849,24.09282,327.87,0.4,0.37,2021-11-06,1110,N,VIIRS,n,2,292.9,1.42,D,0
40.85342,26.02734,334.82,0.38,0.36,2021-11-06,1110,N,VIIRS,n,2,290.91,2.68,D,0
38.13212,23.524,300.22,0.41,0.61,2021-11-06,2329,N,VIIRS,n,2,288.04,0.78,N,2
37.35678,23.48907,326.33,0.41,0.6,2021-11-06,2329,N,VIIRS,n,2,284.78,2.42,N,0
38.12839,23.52427,301.24,0.41,0.61,2021-11-06,2329,N,VIIRS,n,2,287.77,0.68,N,2
37.3524,23.49046,299.79,0.43,0.62,2021-11-07,0110,N,VIIRS,n,2,280.63,0.62,N,0
37.35773,23.49344,301.95,0.43,0.62,2021-11-07,0110,N,VIIRS,n,2,280.98,0.62,N,0
36.81277,27.1874,326.41,0.51,0.41,2021-11-07,1050,N,VIIRS,n,2,297.87,1.09,D,0
38.70509,22.65505,338.28,0.51,0.5,2021-11-07,1051,N,VIIRS,n,2,289.69,4.51,D,0
38.42868,23.167,338.63,0.49,0.49,2021-11-07,1051,N,VIIRS,n,2,293.53,7.55,D,0
38.85979,22.49279,330.45,0.52,0.5,2021-11-07,1051,N,VIIRS,n,2,291.62,2.84,D,0
38.7042,22.65305,336.55,0.51,0.5,2021-11-07,1051,N,VIIRS,n,2,290.32,5.98,D,0
41.07516,24.09891,326.32,0.39,0.44,2021-11-07,1052,N,VIIRS,n,2,275.61,2.83,D,0
39.28524,20.58848,340.52,0.52,0.67,2021-11-07,1232,N,VIIRS,n,2,292.82,6.11,D,0
39.23887,20.50976,326.65,0.52,0.67,2021-11-07,1232,N,VIIRS,n,2,292.06,2.25,D,0
38.70248,22.65516,367,0.67,0.73,2021-11-07,1232,N,VIIRS,h,2,290.62,14.33,D,0
39.09796,22.87419,325.19,0.69,0.74,2021-11-07,1232,N,VIIRS,n,2,288.94,3.62,D,0
39.59158,21.692,328.35,0.6,0.71,2021-11-07,1232,N,VIIRS,n,2,284.72,2.5,D,0
38.70306,22.65276,367,0.67,0.73,2021-11-07,1232,N,VIIRS,h,2,290.35,15.3,D,0
39.28215,20.59159,325.31,0.52,0.67,2021-11-07,1232,N,VIIRS,n,2,292.6,4.97,D,0
38.31426,21.51521,334.48,0.58,0.69,2021-11-07,1232,N,VIIRS,n,2,293.55,3.98,D,0
39.09564,22.87233,328.69,0.69,0.74,2021-11-07,1232,N,VIIRS,n,2,289.07,4.67,D,0
38.56509,23.29299,300.16,0.45,0.47,2021-11-08,0051,N,VIIRS,n,2,285.78,1.14,N,2
37.2661,22.55357,367,0.36,0.57,2021-11-08,1212,N,VIIRS,h,2,294.83,9.64,D,0
39.58855,22.2434,336.96,0.36,0.57,2021-11-08,1213,N,VIIRS,n,2,294.05,3.14,D,0
39.67845,22.6862,328.33,0.38,0.59,2021-11-08,1213,N,VIIRS,n,2,291.13,2.68,D,0
39.58879,22.24767,325.65,0.36,0.57,2021-11-08,1213,N,VIIRS,n,2,293.1,3.56,D,0
39.41048,22.32895,336.91,0.36,0.57,2021-11-08,1213,N,VIIRS,n,2,294.93,2.68,D,0
39.42007,22.50199,340.34,0.37,0.58,2021-11-08,1213,N,VIIRS,n,2,295.79,3.77,D,0
38.93928,22.17904,331.22,0.35,0.57,2021-11-08,1213,N,VIIRS,n,2,291.17,3.73,D,0
38.93952,22.18322,351.22,0.35,0.57,2021-11-08,1213,N,VIIRS,n,2,294.28,7.41,D,0
38.92634,22.13826,330.93,0.35,0.57,2021-11-08,1213,N,VIIRS,n,2,293.66,1.6,D,0
38.45008,23.0361,325.25,0.39,0.59,2021-11-08,1213,N,VIIRS,n,2,296.46,1.71,D,0
38.28061,23.15194,336.09,0.39,0.59,2021-11-08,1213,N,VIIRS,n,2,297.42,2.12,D,0
38.12902,23.52408,303.24,0.44,0.38,2021-11-09,0032,N,VIIRS,n,2,283.24,0.86,N,2
40.93501,24.85019,328.28,0.5,0.41,2021-11-10,1135,N,VIIRS,n,2,285.67,2.54,D,0
40.9931,25.6876,329.34,0.55,0.42,2021-11-10,1135,N,VIIRS,n,2,290.57,4.96,D,0
40.99376,25.69407,330.54,0.55,0.42,2021-11-10,1135,N,VIIRS,n,2,289.37,4.96,D,0
41.11459,26.33169,332.75,0.39,0.44,2021-11-10,1136,N,VIIRS,n,2,288.04,2.19,D,0
41.16554,26.30411,328.04,0.39,0.44,2021-11-10,1136,N,VIIRS,n,2,289.4,3.46,D,0
41.16508,26.29938,338.1,0.39,0.44,2021-11-10,1136,N,VIIRS,n,2,289.4,3.15,D,0
41.21577,26.32111,329.2,0.39,0.44,2021-11-10,1136,N,VIIRS,n,2,289.09,2.34,D,0
40.93442,24.84857,329.69,0.5,0.41,2021-11-10,1136,N,VIIRS,n,2,285.44,3.96,D,0
38.1297,23.523,301.46,0.57,0.43,2021-11-10,2355,N,VIIRS,n,2,282.03,1.16,N,2
38.13062,23.52276,299.79,0.57,0.43,2021-11-10,2355,N,VIIRS,n,2,281.75,0.5,N,2
38.37981,21.90046,337.39,0.44,0.38,2021-11-11,1116,N,VIIRS,n,2,283.44,9.03,D,0
41.11296,26.30075,332.01,0.4,0.37,2021-11-11,1117,N,VIIRS,n,2,286.82,2.95,D,0
38.128,23.5238,295.84,0.34,0.56,2021-11-11,2336,N,VIIRS,n,2,273.76,0.62,N,2
38.27978,21.74876,338.59,0.4,0.6,2021-11-12,0116,N,VIIRS,n,2,280.24,6.74,N,3
38.2733,21.75063,308.98,0.4,0.6,2021-11-12,0116,N,VIIRS,n,2,278.41,1.79,N,0
38.2745,21.74626,306.87,0.4,0.6,2021-11-12,0116,N,VIIRS,n,2,278.67,2.59,N,0
38.27858,21.75313,332.87,0.4,0.6,2021-11-12,0116,N,VIIRS,n,2,279.08,4.63,N,0
38.40351,23.18048,339.08,0.41,0.45,2021-11-12,1057,N,VIIRS,n,2,293.4,5.33,D,0
38.82463,22.5097,331.93,0.43,0.46,2021-11-12,1057,N,VIIRS,n,2,288.78,4.55,D,0
38.82052,22.51119,344.2,0.43,0.46,2021-11-12,1057,N,VIIRS,n,2,290.3,4.55,D,0
38.47583,23.12195,330.84,0.41,0.45,2021-11-12,1057,N,VIIRS,n,2,288.7,2.35,D,0
38.43442,23.11123,330.25,0.41,0.45,2021-11-12,1057,N,VIIRS,n,2,288.54,2.98,D,0
38.43038,23.11264,328.68,0.41,0.45,2021-11-12,1057,N,VIIRS,n,2,289.71,2.98,D,0
37.26061,21.99264,338.59,0.5,0.49,2021-11-12,1057,N,VIIRS,n,2,295.24,5.9,D,0
41.00318,23.43549,332.63,0.53,0.42,2021-11-12,1058,N,VIIRS,n,2,291.02,5.41,D,0
41.02717,26.36965,346.34,0.42,0.38,2021-11-12,1058,N,VIIRS,n,2,291.75,8.8,D,0
41.02376,26.37071,325.99,0.42,0.38,2021-11-12,1058,N,VIIRS,n,2,289.96,2.01,D,0
40.91761,26.24196,334.52,0.42,0.38,2021-11-12,1058,N,VIIRS,n,2,289.64,3.62,D,0
40.92055,26.24314,336.45,0.42,0.38,2021-11-12,1058,N,VIIRS,n,2,289.82,3.8,D,0
40.38239,23.89323,328.33,0.52,0.42,2021-11-12,1058,N,VIIRS,n,2,289.08,2,D,0
39.59909,22.32259,329.34,0.42,0.46,2021-11-12,1058,N,VIIRS,n,2,289.55,2.55,D,0
39.12112,20.70023,329.12,0.52,0.5,2021-11-12,1058,N,VIIRS,n,2,291.23,3.08,D,0
39.31024,22.38375,338.54,0.43,0.46,2021-11-12,1058,N,VIIRS,n,2,290.41,5.41,D,0
39.31132,22.38861,338.67,0.43,0.46,2021-11-12,1058,N,VIIRS,n,2,290.1,6.96,D,0
39.30614,22.38525,326.76,0.43,0.46,2021-11-12,1058,N,VIIRS,n,2,291.43,2.77,D,0
41.6789,26.45966,337.38,0.41,0.37,2021-11-12,1058,N,VIIRS,n,2,288.84,4.64,D,0
41.11057,25.03345,332.08,0.46,0.39,2021-11-12,1058,N,VIIRS,n,2,291.8,3.97,D,0
39.81416,22.08398,325.91,0.76,0.77,2021-11-12,1238,N,VIIRS,n,2,288.58,4.84,D,0
39.35222,22.98262,295.87,0.5,0.49,2021-11-13,0057,N,VIIRS,n,2,282.06,1.07,N,2
38.07441,23.62509,301.52,0.58,0.52,2021-11-13,0057,N,VIIRS,n,2,278.32,1.16,N,0
38.56577,23.29243,303.6,0.54,0.51,2021-11-13,0057,N,VIIRS,n,2,286.25,1.77,N,2
38.78909,21.13502,330.48,0.44,0.62,2021-11-13,1039,N,VIIRS,n,2,287.69,1.77,D,0
39.45447,22.30239,331.64,0.37,0.58,2021-11-13,1039,N,VIIRS,n,2,290.31,1.92,D,0
38.40599,21.92068,335.17,0.41,0.61,2021-11-13,1039,N,VIIRS,n,2,287.72,2.86,D,0
39.77395,20.74273,349.29,0.36,0.58,2021-11-13,1219,N,VIIRS,n,2,283.96,4.84,D,0
39.77375,20.7386,334.93,0.36,0.58,2021-11-13,1219,N,VIIRS,n,2,283.94,4.84,D,0
41.0243,23.44147,331.7,0.52,0.66,2021-11-13,1220,N,VIIRS,n,2,276.67,4.35,D,0
40.04888,22.11049,328.39,0.43,0.62,2021-11-13,1220,N,VIIRS,n,2,281.32,3.86,D,0
40.04892,22.11065,325.88,0.43,0.62,2021-11-13,1220,N,VIIRS,n,2,281.66,2.63,D,0
39.38548,22.80725,299.49,0.45,0.39,2021-11-14,0038,N,VIIRS,n,2,263.3,0.88,N,2
39.53348,25.02497,328.69,0.34,0.56,2021-11-14,1200,N,VIIRS,n,2,286.36,1.73,D,0
35.1371,25.37518,333.99,0.54,0.42,2021-11-15,1140,N,VIIRS,n,2,290.68,3.6,D,0
37.78579,21.62964,330.22,0.41,0.37,2021-11-15,1141,N,VIIRS,n,2,288.04,2.26,D,0
39.23603,26.0793,328.12,0.43,0.46,2021-11-15,1141,N,VIIRS,n,2,287.45,4.96,D,0
40.82085,26.13944,332.22,0.45,0.47,2021-11-15,1142,N,VIIRS,n,2,266.89,3.01,D,0
40.97073,23.51971,333.29,0.52,0.41,2021-11-15,1142,N,VIIRS,n,2,266.55,4.19,D,0
38.13048,23.52345,296.64,0.48,0.4,2021-11-16,0001,N,VIIRS,n,2,278.99,0.64,N,2
36.80418,22.78038,298.61,0.5,0.41,2021-11-16,0001,N,VIIRS,n,2,278.94,0.92,N,0
37.55008,24.30227,350.25,0.38,0.36,2021-11-16,1122,N,VIIRS,n,2,287.39,12.8,D,0
38.83133,23.47031,331.36,0.38,0.36,2021-11-16,1122,N,VIIRS,n,2,287.45,8.6,D,0
40.88174,24.71943,330.99,0.4,0.37,2021-11-16,1123,N,VIIRS,n,2,285.63,4.77,D,0
40.96255,23.7801,344.52,0.39,0.36,2021-11-16,1123,N,VIIRS,n,2,289.84,5.48,D,0
37.57743,24.29572,329.13,0.48,0.4,2021-11-17,1103,N,VIIRS,n,2,288.45,1.56,D,0
37.58104,24.29455,331.68,0.48,0.4,2021-11-17,1103,N,VIIRS,n,2,290.58,5.03,D,0
35.98696,27.90108,330.46,0.39,0.36,2021-11-17,1103,N,VIIRS,n,2,294.88,2.6,D,0
41.10264,24.05457,329.73,0.44,0.38,2021-11-17,1104,N,VIIRS,n,2,290.24,2.29,D,0
35.13939,24.55056,326.42,0.6,0.53,2021-11-18,1044,N,VIIRS,n,2,291.1,4.16,D,0
41.11768,23.99364,328.29,0.46,0.47,2021-11-18,1046,N,VIIRS,n,2,285.84,3.35,D,0
39.35312,22.98705,296.4,0.39,0.36,2021-11-20,0026,N,VIIRS,n,2,274.32,0.79,N,2
39.16742,22.84476,314.13,0.39,0.36,2021-11-20,0026,N,VIIRS,n,2,278.45,1.47,N,2
37.46487,24.42355,336.55,0.41,0.45,2021-11-20,1147,N,VIIRS,n,2,281.68,3.87,D,0
39.13868,26.23229,327.03,0.53,0.5,2021-11-20,1148,N,VIIRS,n,2,285.56,3.38,D,3
41.08155,23.38698,335.37,0.4,0.44,2021-11-20,1148,N,VIIRS,n,2,287.68,2.95,D,0
41.03094,23.4244,340.66,0.4,0.44,2021-11-20,1148,N,VIIRS,n,2,288.26,4.04,D,0
41.02683,23.42506,333.82,0.4,0.44,2021-11-20,1148,N,VIIRS,n,2,288.46,2.5,D,0
40.06413,22.10011,337.5,0.51,0.41,2021-11-20,1148,N,VIIRS,n,2,294.19,16.41,D,0
39.14182,20.97496,326.26,0.45,0.39,2021-11-20,1148,N,VIIRS,n,2,289.62,4.38,D,0
38.03623,23.59081,295.1,0.42,0.38,2021-11-21,0007,N,VIIRS,n,2,283.33,0.93,N,0
38.13002,23.52727,302.03,0.42,0.38,2021-11-21,0007,N,VIIRS,n,2,283.25,1.17,N,2
39.35567,22.98594,295.99,0.45,0.39,2021-11-21,0007,N,VIIRS,n,2,282.59,0.99,N,2
40.70678,22.81287,299,0.47,0.4,2021-11-21,0007,N,VIIRS,n,2,280.07,0.76,N,0
37.11219,22.67699,340.8,0.38,0.36,2021-11-21,1128,N,VIIRS,n,2,290.32,6.77,D,0
37.61512,24.36038,340.44,0.4,0.37,2021-11-21,1128,N,VIIRS,n,2,289.97,4.79,D,0
37.61176,24.3612,344.82,0.4,0.37,2021-11-21,1128,N,VIIRS,n,2,296.59,4.79,D,0
40.06914,22.20874,334.57,0.39,0.36,2021-11-21,1129,N,VIIRS,n,2,293.93,2.54,D,0
39.235,26.07331,332.75,0.47,0.39,2021-11-21,1129,N,VIIRS,n,2,293.17,2.81,D,0
39.12788,20.72113,325.92,0.39,0.36,2021-11-21,1129,N,VIIRS,n,2,291.88,2.15,D,0
39.59389,22.57406,329.92,0.39,0.36,2021-11-21,1129,N,VIIRS,n,2,294.27,2.47,D,0
39.61129,21.68896,325.15,0.38,0.36,2021-11-21,1129,N,VIIRS,n,2,291.36,0.95,D,0
39.63296,21.67416,331.32,0.38,0.36,2021-11-21,1129,N,VIIRS,n,2,292.41,4.67,D,0
39.78791,22.51149,326.45,0.39,0.36,2021-11-21,1129,N,VIIRS,n,2,292.08,1.53,D,0
40.05434,22.19639,325.16,0.39,0.36,2021-11-21,1129,N,VIIRS,n,2,291.91,1.83,D,0
40.05367,22.19191,340.84,0.39,0.36,2021-11-21,1129,N,VIIRS,n,2,292.52,3.18,D,0
40.05524,22.13782,327.06,0.39,0.36,2021-11-21,1129,N,VIIRS,n,2,292.39,1.16,D,0
39.98705,20.6655,331.1,0.39,0.36,2021-11-21,1129,N,VIIRS,n,2,292.34,4.37,D,0
40.41682,22.51929,330.05,0.39,0.36,2021-11-21,1129,N,VIIRS,n,2,293.69,2.99,D,0
40.96025,25.66328,327.07,0.47,0.4,2021-11-21,1129,N,VIIRS,n,2,289.85,2.8,D,0
41.07803,25.00223,339.3,0.44,0.39,2021-11-21,1129,N,VIIRS,n,2,296.99,14.8,D,0
40.89121,22.88253,332.84,0.39,0.36,2021-11-21,1129,N,VIIRS,n,2,294.71,3.9,D,0
40.98561,23.49499,334.21,0.4,0.37,2021-11-21,1129,N,VIIRS,n,2,290.94,4.59,D,0
41.00987,23.39222,330.24,0.4,0.37,2021-11-21,1129,N,VIIRS,n,2,290.75,2.42,D,0
41.0274,23.39305,334.67,0.4,0.37,2021-11-21,1129,N,VIIRS,n,2,291.42,2.75,D,0
40.9743,22.11542,337.58,0.39,0.36,2021-11-21,1129,N,VIIRS,n,2,290.29,4.87,D,0
40.88369,21.39331,327.81,0.38,0.36,2021-11-21,1129,N,VIIRS,n,2,290.39,2.16,D,0
41.56812,26.4589,345.22,0.51,0.41,2021-11-21,1129,N,VIIRS,n,2,293.28,11.06,D,0
41.57019,26.4577,338.86,0.51,0.41,2021-11-21,1129,N,VIIRS,n,2,293.34,10.85,D,0
41.67852,26.45654,329.07,0.51,0.41,2021-11-21,1129,N,VIIRS,n,2,288.57,2.06,D,0
41.67759,26.46132,330.29,0.51,0.41,2021-11-21,1130,N,VIIRS,n,2,288.91,3.98,D,0
38.12821,23.52357,302.15,0.45,0.47,2021-11-21,2348,N,VIIRS,n,2,280.53,0.6,N,2
38.56575,23.2925,299.76,0.47,0.48,2021-11-21,2348,N,VIIRS,n,2,285.38,1.14,N,2
38.12856,23.52438,299.62,0.45,0.47,2021-11-21,2348,N,VIIRS,n,2,281.14,0.71,N,2
39.35309,22.98745,296.07,0.62,0.72,2021-11-22,0128,N,VIIRS,n,2,281.91,1.26,N,2
35.24657,25.32468,340.87,0.42,0.38,2021-11-22,1109,N,VIIRS,n,2,294.52,39.47,D,0
35.24315,25.32552,349.56,0.42,0.38,2021-11-22,1109,N,VIIRS,n,2,304.75,39.47,D,0
35.12528,25.63683,333.06,0.41,0.37,2021-11-22,1109,N,VIIRS,n,2,287.86,3.3,D,0
35.23767,25.32468,329.8,0.42,0.38,2021-11-22,1109,N,VIIRS,n,2,289.91,3.78,D,0
35.23971,25.32631,348.12,0.42,0.38,2021-11-22,1109,N,VIIRS,n,2,294.52,10.63,D,0
37.64038,24.30618,330.39,0.42,0.38,2021-11-22,1110,N,VIIRS,n,2,288.97,3.12,D,0
41.47563,26.54124,338.51,0.39,0.36,2021-11-22,1111,N,VIIRS,n,2,293.61,9.5,D,0
35.28436,23.54014,340.9,0.39,0.59,2021-11-24,1212,N,VIIRS,n,2,282.65,3.34,D,0
38.03396,23.59403,297.52,0.45,0.39,2021-11-25,0032,N,VIIRS,n,2,281.45,1.4,N,0
38.12774,23.52663,304.81,0.44,0.38,2021-11-25,0032,N,VIIRS,n,2,281.11,1.09,N,2
38.03441,23.60435,297.13,0.33,0.55,2021-11-27,2336,N,VIIRS,n,2,286.85,0.81,N,0
38.04053,23.51097,297.43,0.34,0.56,2021-11-27,2336,N,VIIRS,n,2,287.18,0.71,N,0
40.28011,23.43842,295.95,0.43,0.62,2021-11-28,0115,N,VIIRS,n,2,281.73,0.69,N,0
39.35109,22.97758,297.99,0.44,0.62,2021-11-28,0116,N,VIIRS,n,2,282.17,1.65,N,0
39.16448,22.84097,296.22,0.44,0.62,2021-11-28,0116,N,VIIRS,n,2,280.92,0.96,N,0
35.23326,24.59914,348.35,0.41,0.45,2021-11-28,1056,N,VIIRS,n,2,291.6,6.45,D,0
36.87978,27.17605,349.64,0.44,0.39,2021-11-28,1057,N,VIIRS,n,2,298.17,14.56,D,0
39.38784,22.80551,295.02,0.39,0.36,2021-12-01,0019,N,VIIRS,n,2,273.74,0.72,N,2
39.35382,22.98669,307.54,0.39,0.36,2021-12-01,0019,N,VIIRS,n,2,279.29,1.1,N,2
38.12925,23.52577,297.11,0.38,0.36,2021-12-01,0020,N,VIIRS,n,2,277.46,0.6,N,2
38.37334,24.06031,304.19,0.39,0.36,2021-12-01,0020,N,VIIRS,n,2,280.63,0.91,N,2
35.25608,24.53898,330.61,0.49,0.4,2021-12-01,1140,N,VIIRS,n,2,289.9,5.71,D,0
35.45999,24.02696,338.87,0.47,0.4,2021-12-01,1140,N,VIIRS,n,2,290.52,11.38,D,0
36.7587,22.38539,342.97,0.42,0.38,2021-12-01,1141,N,VIIRS,n,2,282.82,8.19,D,0
36.57642,23.02069,332.88,0.44,0.39,2021-12-01,1141,N,VIIRS,n,2,291.01,3.7,D,0
37.18736,24.50282,338.85,0.51,0.41,2021-12-01,1141,N,VIIRS,n,2,292.53,4.61,D,0
38.37489,24.0607,298.52,0.46,0.39,2021-12-02,0001,N,VIIRS,n,2,282.3,1.19,N,2
39.17764,22.79764,329.46,0.39,0.36,2021-12-02,1122,N,VIIRS,n,2,288.54,2.99,D,0
37.41894,24.46345,351.67,0.38,0.36,2021-12-02,1122,N,VIIRS,n,2,297.81,11.66,D,0
37.3157,24.38941,337.42,0.38,0.36,2021-12-02,1122,N,VIIRS,n,2,293.83,3.04,D,0
37.42138,24.46367,350.82,0.38,0.36,2021-12-02,1122,N,VIIRS,n,2,292.15,22.43,D,0
37.41565,24.46422,333.93,0.38,0.36,2021-12-02,1122,N,VIIRS,n,2,287.98,11.66,D,0
39.17834,22.80208,333.27,0.39,0.36,2021-12-02,1122,N,VIIRS,n,2,289.8,2.99,D,0
39.91782,25.15303,326.02,0.4,0.37,2021-12-02,1123,N,VIIRS,n,2,287.05,1.53,D,0
39.35417,22.98736,296.09,0.52,0.67,2021-12-03,0122,N,VIIRS,n,2,282.81,1.25,N,2
36.57867,23.0208,328.79,0.38,0.43,2021-12-03,1103,N,VIIRS,n,2,288.82,4.76,D,0
39.16738,22.84319,295.52,0.53,0.42,2021-12-05,0044,N,VIIRS,n,2,278.3,1.06,N,2
39.35452,22.98608,301.62,0.53,0.42,2021-12-05,0044,N,VIIRS,n,2,280.48,1.46,N,2
38.12852,23.5238,299.29,0.4,0.37,2021-12-06,0026,N,VIIRS,n,2,280.32,0.7,N,2
38.37311,24.05987,301.79,0.41,0.37,2021-12-06,0026,N,VIIRS,n,2,284.2,0.67,N,2
39.35276,22.98581,304.97,0.39,0.36,2021-12-06,0026,N,VIIRS,n,2,281.88,1.22,N,2
38.03925,23.5108,295.51,0.4,0.37,2021-12-06,0026,N,VIIRS,n,2,284.19,0.98,N,0
39.35426,22.98597,295.83,0.62,0.72,2021-12-08,0128,N,VIIRS,n,2,276.98,1.46,N,2
37.42836,24.38439,329.63,0.43,0.38,2021-12-08,1109,N,VIIRS,n,2,288.79,2.83,D,0
38.56657,23.29716,306.41,0.39,0.6,2021-12-09,0109,N,VIIRS,n,2,278.65,2.39,N,2
37.20359,24.50845,326,0.45,0.47,2021-12-09,1050,N,VIIRS,n,2,288.89,2.05,D,0
37.96563,24.80811,342.16,0.42,0.45,2021-12-09,1051,N,VIIRS,n,2,272.15,5.25,D,0
37.63765,24.3031,367,0.45,0.47,2021-12-09,1051,N,VIIRS,h,2,290.59,13.74,D,0
37.96168,24.81008,332.11,0.42,0.45,2021-12-09,1051,N,VIIRS,n,2,274.49,5.25,D,0
37.5254,22.7079,325.2,0.55,0.51,2021-12-09,1051,N,VIIRS,n,2,287.71,3.09,D,0
38.03885,23.51421,305.16,0.48,0.48,2021-12-10,0051,N,VIIRS,n,2,286.35,2.23,N,0
37.91702,23.07218,298.81,0.46,0.47,2021-12-10,0051,N,VIIRS,n,2,286.51,1.01,N,2
37.91837,23.07423,298.4,0.46,0.47,2021-12-10,0051,N,VIIRS,n,2,287.14,0.75,N,2
38.03816,23.51519,307.24,0.48,0.48,2021-12-10,0051,N,VIIRS,n,2,286.17,1.46,N,0
40.28398,23.44589,296.33,0.4,0.37,2021-12-12,0013,N,VIIRS,n,2,278.27,0.63,N,2
37.91812,23.07507,296.55,0.4,0.37,2021-12-12,0013,N,VIIRS,n,2,283.64,0.96,N,2
38.56707,23.29362,338.83,0.42,0.38,2021-12-12,1135,N,VIIRS,n,2,287.1,4.29,D,3
38.56498,23.29309,310.83,0.39,0.44,2021-12-12,2354,N,VIIRS,n,2,283.26,2.06,N,2
37.91807,23.07114,296.68,0.4,0.44,2021-12-12,2354,N,VIIRS,n,2,284.23,1.18,N,2
38.37469,24.06214,296.75,0.54,0.42,2021-12-12,2354,N,VIIRS,n,2,281.2,0.95,N,2
37.66359,24.38034,331.73,0.39,0.36,2021-12-13,1115,N,VIIRS,n,2,287.27,2.37,D,0
35.34314,25.18516,335.26,0.39,0.36,2021-12-13,1115,N,VIIRS,n,2,289.31,4.19,D,3
38.12855,23.5267,297.55,0.38,0.36,2021-12-17,0019,N,VIIRS,n,2,277.56,0.59,N,2
38.62521,22.69267,333.77,0.45,0.39,2021-12-17,1141,N,VIIRS,n,2,286.94,3.39,D,0
40.41766,22.95345,326.11,0.38,0.36,2021-12-18,1122,N,VIIRS,n,2,283.43,2.05,D,0
40.88974,21.3881,333.48,0.57,0.43,2021-12-19,1104,N,VIIRS,n,2,277.64,5.44,D,0
40.63593,21.72643,354.94,0.53,0.67,2021-12-21,1026,N,VIIRS,n,2,279.98,7.35,D,0
40.24367,21.9165,342.66,0.57,0.52,2021-12-21,1206,N,VIIRS,n,2,286.39,9.99,D,0
40.24201,21.91488,333.8,0.57,0.52,2021-12-21,1206,N,VIIRS,n,2,284.64,5.16,D,0
40.63739,21.72184,338.67,0.56,0.51,2021-12-21,1207,N,VIIRS,n,2,280.4,4.35,D,0
40.70422,22.81544,339.67,0.78,0.78,2021-12-22,1008,N,VIIRS,n,2,276.76,3.67,D,2
39.38589,22.80762,297.87,0.46,0.39,2021-12-23,0006,N,VIIRS,n,2,271.71,0.69,N,2
41.08031,23.36885,332.56,0.4,0.37,2021-12-23,1129,N,VIIRS,n,2,278.87,3.09,D,0
40.79224,22.41796,300.76,0.56,0.51,2021-12-23,2347,N,VIIRS,n,2,268.28,1.34,N,0
40.18099,22.47513,299.29,0.55,0.68,2021-12-24,0127,N,VIIRS,n,2,268.4,0.83,N,0
39.03569,22.25186,330.3,0.48,0.4,2021-12-24,1109,N,VIIRS,n,2,284.91,2.98,D,0
37.59553,24.33739,329.21,0.43,0.38,2021-12-24,1109,N,VIIRS,n,2,285.74,3.88,D,0
38.56479,23.29602,301.56,0.43,0.62,2021-12-24,2329,N,VIIRS,n,2,278.87,1.37,N,2
38.5651,23.29607,303.13,0.43,0.62,2021-12-24,2329,N,VIIRS,n,2,279.3,1.66,N,2
40.28202,23.44481,302.38,0.36,0.57,2021-12-25,0109,N,VIIRS,n,2,274.8,0.74,N,2
38.56462,23.29544,329.26,0.43,0.38,2021-12-27,0032,N,VIIRS,n,2,281.69,4.12,N,2
37.91901,23.07288,299.74,0.43,0.38,2021-12-27,0032,N,VIIRS,n,2,285.68,1.02,N,2
35.0149,25.59821,328.57,0.39,0.36,2021-12-29,1114,N,VIIRS,n,2,288.79,2.29,D,0
