latitude,longitude,bright_ti4,scan,track,acq_date,acq_time,satellite,instrument,confidence,version,bright_ti5,frp,daynight,type
38.56419,23.29666,297.42,0.56,0.43,2020-01-01,0043,N,VIIRS,n,2,276.37,1.03,N,2
38.03834,23.51212,303.25,0.39,0.44,2020-01-01,0043,N,VIIRS,n,2,279.81,1.49,N,2
41.00486,23.99586,342.05,0.69,0.74,2020-01-02,1006,N,VIIRS,n,2,278.53,10.39,D,0
41.00456,23.99543,338.36,0.69,0.74,2020-01-02,1006,N,VIIRS,n,2,278.53,6.89,D,0
40.84547,22.9046,352.72,0.78,0.78,2020-01-02,1006,N,VIIRS,n,2,278.18,6.96,D,0
39.80575,21.53427,333.84,0.47,0.4,2020-01-02,1146,N,VIIRS,n,2,286.36,4.51,D,0
41.21672,23.35839,340.67,0.39,0.44,2020-01-02,1146,N,VIIRS,n,2,283.92,8.22,D,0
39.7397,20.7241,329.41,0.44,0.38,2020-01-02,1146,N,VIIRS,n,2,283.61,3.06,D,0
41.13345,23.34268,332.29,0.39,0.44,2020-01-02,1146,N,VIIRS,n,2,281.84,3.22,D,0
41.21268,23.35907,338.68,0.39,0.44,2020-01-02,1146,N,VIIRS,n,2,284.41,4.23,D,0
39.79354,21.52545,327.6,0.47,0.4,2020-01-02,1146,N,VIIRS,n,2,282.48,6.74,D,0
41.70613,26.17299,339.23,0.54,0.51,2020-01-02,1146,N,VIIRS,n,2,282.77,6.54,D,0
41.70806,26.26767,342.33,0.55,0.51,2020-01-02,1146,N,VIIRS,n,2,285.48,148.41,D,0
38.12967,23.52658,299.15,0.43,0.38,2020-01-03,0005,N,VIIRS,n,2,276.69,0.9,N,2
36.81227,22.49414,326.03,0.39,0.36,2020-01-03,1126,N,VIIRS,n,2,286.96,2.34,D,0
40.2444,23.30629,333,0.39,0.36,2020-01-03,1127,N,VIIRS,n,2,285.02,2.53,D,0
40.88409,22.40682,327.07,0.39,0.36,2020-01-03,1127,N,VIIRS,n,2,284.89,1.89,D,0
40.21197,21.37499,336.73,0.39,0.36,2020-01-03,1127,N,VIIRS,n,2,281.32,3.17,D,0
38.8591,22.49157,326.76,0.38,0.36,2020-01-03,1127,N,VIIRS,n,2,272.86,2.2,D,0
39.99696,25.39107,332.26,0.44,0.38,2020-01-03,1127,N,VIIRS,n,2,279.68,2.15,D,0
41.00144,22.10186,327.47,0.39,0.36,2020-01-03,1127,N,VIIRS,n,2,282.71,2.42,D,0
40.06768,22.19582,332.41,0.48,0.4,2020-01-04,1108,N,VIIRS,n,2,291.4,5.35,D,0
40.04776,22.13173,344.71,0.48,0.4,2020-01-04,1108,N,VIIRS,n,2,294.94,19.39,D,0
37.72242,21.78033,328.28,0.54,0.42,2020-01-04,1108,N,VIIRS,n,2,285.25,3.32,D,0
37.22307,21.6554,329.81,0.56,0.43,2020-01-04,1108,N,VIIRS,n,2,285.69,3.65,D,0
40.57589,22.798,325.16,0.45,0.39,2020-01-04,1108,N,VIIRS,n,2,286.58,2.32,D,0
41.30857,26.23319,329.27,0.38,0.36,2020-01-04,1108,N,VIIRS,n,2,285.1,2.84,D,0
40.63761,21.73775,328.68,0.48,0.4,2020-01-04,1108,N,VIIRS,n,2,283.56,3.38,D,0
41.0321,25.53337,328.49,0.39,0.36,2020-01-04,1108,N,VIIRS,n,2,286.11,2.16,D,0
41.10869,26.3257,335.4,0.38,0.36,2020-01-04,1108,N,VIIRS,n,2,284.75,2.23,D,0
40.06654,22.19459,336.35,0.48,0.4,2020-01-04,1108,N,VIIRS,n,2,290.41,5.73,D,0
39.53238,20.22753,336.31,0.58,0.7,2020-01-06,1031,N,VIIRS,n,2,282.11,3.53,D,0
40.87579,22.92256,336.45,0.39,0.6,2020-01-06,1031,N,VIIRS,n,2,278.91,5.45,D,0
41.10117,23.37976,349.56,0.37,0.58,2020-01-06,1031,N,VIIRS,n,2,282.66,3.1,D,0
40.6855,22.66581,326.58,0.41,0.61,2020-01-06,1031,N,VIIRS,n,2,279.42,2.1,D,0
40.66422,22.67601,339.06,0.41,0.61,2020-01-06,1031,N,VIIRS,n,2,280.1,5.29,D,0
40.94519,23.55589,336.3,0.42,0.61,2020-01-06,1211,N,VIIRS,n,2,282.39,8.31,D,0
40.93949,23.5562,356.29,0.42,0.61,2020-01-06,1211,N,VIIRS,l,2,284.84,8.31,D,0
40.67049,22.69883,333.84,0.37,0.58,2020-01-06,1211,N,VIIRS,n,2,281.08,4.5,D,0
41.12223,23.34918,315.15,0.4,0.37,2020-01-07,0029,N,VIIRS,n,2,272.59,1.59,N,0
39.38844,22.80813,299.44,0.4,0.37,2020-01-07,0030,N,VIIRS,n,2,271.25,0.59,N,2
38.41223,20.57317,306.05,0.38,0.36,2020-01-07,0030,N,VIIRS,n,2,274.28,0.98,N,0
39.35388,22.98384,295.19,0.41,0.37,2020-01-07,0030,N,VIIRS,n,2,275.48,0.88,N,2
39.38509,22.80715,301.36,0.4,0.37,2020-01-07,0030,N,VIIRS,n,2,272.32,0.77,N,2
41.10501,23.3524,339.59,0.46,0.47,2020-01-07,1152,N,VIIRS,n,2,284.89,6.68,D,0
40.51836,22.58572,327.67,0.42,0.45,2020-01-07,1152,N,VIIRS,n,2,281.22,2.95,D,0
40.54061,22.69402,327.5,0.42,0.45,2020-01-07,1152,N,VIIRS,n,2,279.96,3.67,D,0
41.1017,23.3135,325.45,0.46,0.47,2020-01-07,1152,N,VIIRS,n,2,282.45,2.4,D,0
41.10939,23.35177,332.14,0.46,0.47,2020-01-07,1152,N,VIIRS,n,2,282.08,6.68,D,0
41.15594,23.38753,327.94,0.46,0.47,2020-01-07,1152,N,VIIRS,n,2,281.77,2.41,D,0
40.54017,22.68898,337.02,0.42,0.45,2020-01-07,1152,N,VIIRS,n,2,281.57,3.67,D,0
41.08795,23.36045,340.81,0.46,0.47,2020-01-07,1152,N,VIIRS,n,2,283.22,6.03,D,0
40.55447,22.61051,342.85,0.42,0.45,2020-01-07,1152,N,VIIRS,n,2,281.59,4.96,D,0
41.02399,22.6254,340.06,0.42,0.45,2020-01-07,1152,N,VIIRS,n,2,282.93,4.78,D,0
39.38821,22.8059,317.52,0.42,0.38,2020-01-08,0011,N,VIIRS,n,2,270.78,1.24,N,2
40.51836,22.58837,336.84,0.41,0.37,2020-01-08,1133,N,VIIRS,n,2,282.04,6.8,D,0
40.93245,24.9195,330.32,0.49,0.4,2020-01-08,1133,N,VIIRS,n,2,283.42,5.9,D,0
40.92809,24.91434,328.49,0.49,0.4,2020-01-08,1133,N,VIIRS,n,2,283.05,4.21,D,0
40.59319,22.62852,325.92,0.41,0.37,2020-01-08,1133,N,VIIRS,n,2,282.6,0.94,D,0
40.58828,22.64462,333.92,0.41,0.37,2020-01-08,1133,N,VIIRS,n,2,283.01,2.65,D,0
40.5597,22.64106,340.57,0.41,0.37,2020-01-08,1133,N,VIIRS,n,2,283.21,3.42,D,0
40.55919,22.6912,336.02,0.41,0.37,2020-01-08,1133,N,VIIRS,n,2,281.47,2.62,D,0
40.93618,24.91879,340.63,0.49,0.4,2020-01-08,1133,N,VIIRS,n,2,293.15,50.78,D,0
40.9775,24.98288,326.49,0.5,0.41,2020-01-08,1133,N,VIIRS,n,2,284.86,3.46,D,0
41.05208,25.20719,340.43,0.51,0.41,2020-01-08,1133,N,VIIRS,n,2,283.35,5.03,D,0
40.50666,22.60594,339.18,0.41,0.37,2020-01-08,1133,N,VIIRS,n,2,280.4,4.3,D,0
39.88526,22.20947,339.87,0.4,0.37,2020-01-08,1133,N,VIIRS,n,2,284.55,6.67,D,0
39.60647,21.68873,329.17,0.39,0.36,2020-01-08,1133,N,VIIRS,n,2,287.86,5.48,D,0
37.91055,20.70577,331.1,0.38,0.36,2020-01-08,1133,N,VIIRS,n,2,286.42,3.09,D,0
37.73056,21.41546,328.14,0.38,0.36,2020-01-08,1133,N,VIIRS,n,2,286.33,3.45,D,0
37.08998,22.02725,331.15,0.39,0.36,2020-01-08,1133,N,VIIRS,n,2,285.66,3.22,D,0
41.05119,25.20566,329.82,0.51,0.41,2020-01-08,1134,N,VIIRS,n,2,283.21,3.33,D,0
41.54776,26.49437,329.5,0.39,0.44,2020-01-08,1134,N,VIIRS,n,2,281.83,2.41,D,0
41.03746,23.40886,327.77,0.44,0.38,2020-01-08,1134,N,VIIRS,n,2,281.79,3.13,D,0
40.88006,22.95815,331.16,0.42,0.38,2020-01-08,1134,N,VIIRS,n,2,281.47,4.06,D,0
40.83756,22.87593,333.62,0.42,0.38,2020-01-08,1134,N,VIIRS,n,2,283.28,4.69,D,0
41.09497,23.35149,331.53,0.43,0.38,2020-01-08,1134,N,VIIRS,n,2,282.55,2.4,D,0
41.05183,25.21171,329.4,0.51,0.41,2020-01-08,1134,N,VIIRS,n,2,283.87,3.33,D,0
38.56688,23.29555,306.85,0.4,0.45,2020-01-08,2352,N,VIIRS,n,2,278.12,2.06,N,3
40.94841,22.44717,296.77,0.61,0.71,2020-01-09,0132,N,VIIRS,n,2,267.22,1.25,N,0
38.8991,22.53277,326.59,0.42,0.38,2020-01-09,1114,N,VIIRS,n,2,284.32,1.66,D,0
39.60295,21.64613,329.4,0.44,0.39,2020-01-09,1114,N,VIIRS,n,2,285.21,2.88,D,0
39.40268,22.36579,343.99,0.42,0.38,2020-01-09,1114,N,VIIRS,n,2,285.7,8.95,D,0
40.63485,22.6613,342.32,0.41,0.37,2020-01-09,1115,N,VIIRS,n,2,283.4,5.5,D,0
40.55931,22.6738,342.19,0.41,0.37,2020-01-09,1115,N,VIIRS,n,2,282.44,4.44,D,0
41.08667,23.36015,332.76,0.39,0.36,2020-01-09,1115,N,VIIRS,n,2,283.08,2.11,D,0
40.72208,21.78427,330.05,0.43,0.38,2020-01-09,1115,N,VIIRS,n,2,279.96,2.57,D,0
40.55016,21.58471,356.27,0.43,0.38,2020-01-09,1115,N,VIIRS,n,2,294.06,13.2,D,0
40.55107,21.58974,331.45,0.43,0.38,2020-01-09,1115,N,VIIRS,n,2,284.97,13.2,D,0
40.66309,22.76512,326.43,0.4,0.37,2020-01-09,1115,N,VIIRS,n,2,282.8,1.2,D,0
38.56536,23.29462,295.57,0.36,0.58,2020-01-09,2333,N,VIIRS,n,2,277.88,1.16,N,2
38.37336,24.06232,298.8,0.33,0.55,2020-01-09,2334,N,VIIRS,n,2,275.84,0.91,N,2
39.35601,22.985,295.44,0.42,0.61,2020-01-10,0114,N,VIIRS,n,2,275.02,0.63,N,2
38.49553,21.18461,329.99,0.53,0.5,2020-01-10,1055,N,VIIRS,n,2,285.57,3.81,D,0
40.54234,22.73184,329.88,0.4,0.44,2020-01-10,1056,N,VIIRS,n,2,283.48,2.71,D,0
39.57264,20.26351,337.54,0.56,0.51,2020-01-10,1056,N,VIIRS,n,2,284.62,7.21,D,0
41.11437,23.33443,325.02,0.55,0.43,2020-01-10,1056,N,VIIRS,n,2,281.5,2.17,D,0
40.53287,22.60905,328,0.41,0.45,2020-01-10,1056,N,VIIRS,n,2,280.74,2.27,D,0
39.7553,22.81835,325.64,0.41,0.45,2020-01-10,1056,N,VIIRS,n,2,282.31,1.71,D,0
40.51983,22.60885,327.13,0.41,0.45,2020-01-10,1056,N,VIIRS,n,2,281,2.31,D,0
40.59744,22.65275,328.54,0.4,0.45,2020-01-10,1056,N,VIIRS,n,2,282.25,2.35,D,0
40.57412,22.67978,339.11,0.4,0.44,2020-01-10,1056,N,VIIRS,n,2,283.45,5.16,D,0
40.55412,22.66706,330.3,0.4,0.45,2020-01-10,1056,N,VIIRS,n,2,281.86,2.69,D,0
39.35251,22.98691,295.77,0.49,0.48,2020-01-11,0055,N,VIIRS,n,2,278.63,0.76,N,2
38.37239,24.06186,296.88,0.58,0.52,2020-01-11,0055,N,VIIRS,n,2,276.73,0.91,N,2
38.56409,23.29567,316.51,0.53,0.5,2020-01-11,0055,N,VIIRS,n,2,277.45,2.87,N,2
40.75167,22.82922,333.62,0.33,0.56,2020-01-11,1037,N,VIIRS,n,2,283.58,2.06,D,0
40.58507,22.64685,326.99,0.34,0.56,2020-01-11,1037,N,VIIRS,n,2,282,2.66,D,0
40.58611,22.65078,334.57,0.34,0.56,2020-01-11,1037,N,VIIRS,n,2,282.1,4.08,D,0
40.57587,22.6333,330.97,0.35,0.56,2020-01-11,1037,N,VIIRS,n,2,282.43,1.57,D,0
40.58008,22.64908,331.26,0.34,0.56,2020-01-11,1037,N,VIIRS,n,2,282.43,3.12,D,0
40.58113,22.65303,342.8,0.34,0.56,2020-01-11,1037,N,VIIRS,n,2,283.1,6.64,D,0
40.57825,22.66315,338.72,0.34,0.56,2020-01-11,1037,N,VIIRS,n,2,283.25,4.36,D,0
40.56801,22.64569,326.96,0.35,0.56,2020-01-11,1037,N,VIIRS,n,2,282.13,2.59,D,0
40.55938,22.67604,343,0.34,0.56,2020-01-11,1037,N,VIIRS,n,2,283.52,5.31,D,0
40.56043,22.67997,350.31,0.34,0.56,2020-01-11,1037,N,VIIRS,n,2,285.23,7.97,D,0
40.56446,22.67613,326.08,0.34,0.56,2020-01-11,1037,N,VIIRS,n,2,282.33,4.99,D,0
40.55948,22.67838,357.42,0.34,0.56,2020-01-11,1037,N,VIIRS,l,2,288.04,4.99,D,0
40.57006,22.76138,352.03,0.34,0.56,2020-01-11,1037,N,VIIRS,n,2,283.86,4.87,D,0
40.57108,22.76528,340.7,0.34,0.56,2020-01-11,1037,N,VIIRS,n,2,283.67,4.87,D,0
37.44098,22.3484,327.68,0.41,0.61,2020-01-11,1217,N,VIIRS,n,2,285.01,2.79,D,0
38.56737,23.29757,296.38,0.48,0.4,2020-01-12,0036,N,VIIRS,n,2,278.15,1.36,N,3
39.3547,22.98769,296.71,0.45,0.39,2020-01-12,0036,N,VIIRS,n,2,276.46,1.11,N,2
38.56379,23.29631,299.79,0.48,0.4,2020-01-12,0036,N,VIIRS,n,2,278.75,1.36,N,2
35.23989,23.59378,333.23,0.44,0.38,2020-01-13,1138,N,VIIRS,n,2,290.37,3.64,D,0
40.83929,26.09023,350.89,0.44,0.46,2020-01-13,1140,N,VIIRS,n,2,287.91,23.08,D,0
40.84104,26.09246,338.81,0.44,0.46,2020-01-13,1140,N,VIIRS,n,2,287.6,23.5,D,0
38.56658,23.29525,317.58,0.51,0.41,2020-01-13,2359,N,VIIRS,n,2,281.49,3.06,N,2
38.37428,24.06419,299.95,0.47,0.4,2020-01-13,2359,N,VIIRS,n,2,279.63,1.01,N,2
38.13081,23.52546,295.33,0.5,0.41,2020-01-13,2359,N,VIIRS,n,2,277.67,0.85,N,2
37.93715,22.76263,328.53,0.39,0.37,2020-01-14,1120,N,VIIRS,n,2,287.9,2.42,D,0
40.88692,24.73779,335.4,0.39,0.36,2020-01-14,1121,N,VIIRS,n,2,287.29,4.37,D,0
41.08059,23.32736,337.52,0.38,0.36,2020-01-14,1121,N,VIIRS,n,2,283.93,3.06,D,0
40.90453,23.76124,337.24,0.39,0.36,2020-01-14,1121,N,VIIRS,n,2,287.76,9.84,D,0
40.93439,24.59818,329.72,0.39,0.36,2020-01-14,1121,N,VIIRS,n,2,287.03,2.4,D,0
37.89822,22.52646,328.47,0.39,0.44,2020-01-15,1101,N,VIIRS,n,2,282.84,2.26,D,0
40.31972,21.5028,338.04,0.39,0.44,2020-01-15,1102,N,VIIRS,n,2,283.18,1.14,D,0
40.97752,25.36048,355.74,0.42,0.45,2020-01-16,1043,N,VIIRS,n,2,285.99,10.74,D,0
40.04747,22.09968,331.33,0.64,0.54,2020-01-16,1043,N,VIIRS,n,2,287.73,3.7,D,0
40.04729,22.09932,332.18,0.63,0.54,2020-01-16,1043,N,VIIRS,n,2,287.76,5.46,D,0
39.67128,20.96371,333.67,0.44,0.62,2020-01-16,1224,N,VIIRS,n,2,289.57,4.52,D,0
39.6721,20.96466,339.8,0.44,0.62,2020-01-16,1224,N,VIIRS,n,2,289.68,3.48,D,0
40.64214,22.6673,347.33,0.54,0.68,2020-01-16,1224,N,VIIRS,n,2,286.22,6.25,D,0
39.35333,22.98356,296.64,0.52,0.41,2020-01-17,0042,N,VIIRS,n,2,279.04,1.16,N,2
38.56486,23.29499,300.56,0.55,0.43,2020-01-17,0043,N,VIIRS,n,2,284.24,3.1,N,2
38.02114,22.06499,326.86,0.62,0.72,2020-01-17,1024,N,VIIRS,n,2,280.96,2.85,D,0
40.61386,22.81822,330.49,0.48,0.65,2020-01-17,1025,N,VIIRS,n,2,284.03,3.1,D,0
40.39132,21.91225,335.48,0.56,0.51,2020-01-17,1205,N,VIIRS,n,2,287.87,5.13,D,0
40.3908,21.91043,330.04,0.56,0.51,2020-01-17,1205,N,VIIRS,n,2,287.39,4.31,D,0
39.36607,20.41661,336.07,0.45,0.47,2020-01-17,1205,N,VIIRS,n,2,290.23,3.25,D,0
40.39557,21.90974,333.02,0.56,0.51,2020-01-17,1205,N,VIIRS,n,2,286.22,4.31,D,0
40.39607,21.91157,325.38,0.56,0.51,2020-01-17,1205,N,VIIRS,n,2,286.22,5.13,D,0
40.3789,21.93997,326.22,0.49,0.4,2020-01-18,1146,N,VIIRS,n,2,282.27,3.2,D,0
40.93114,24.7964,339.34,0.45,0.47,2020-01-18,1146,N,VIIRS,n,2,286.2,10.7,D,0
40.93069,24.79098,340.24,0.45,0.47,2020-01-18,1146,N,VIIRS,n,2,286.76,11.14,D,0
39.24263,20.5556,330.8,0.43,0.38,2020-01-18,1146,N,VIIRS,n,2,287.76,3.39,D,0
37.1827,22.36458,325.13,0.52,0.42,2020-01-20,1107,N,VIIRS,n,2,284.15,2.91,D,0
40.91481,24.84675,328.87,0.4,0.37,2020-01-20,1108,N,VIIRS,n,2,282.88,2.26,D,0
41.05209,25.55816,325.2,0.39,0.36,2020-01-20,1108,N,VIIRS,n,2,282.85,1.55,D,0
41.00624,23.40132,329.17,0.42,0.38,2020-01-20,1108,N,VIIRS,n,2,283.51,3.66,D,0
41.10102,22.24048,330.88,0.46,0.39,2020-01-20,1108,N,VIIRS,n,2,283.09,3.63,D,0
41.08171,23.35371,329.06,0.42,0.38,2020-01-20,1108,N,VIIRS,n,2,283.84,2.56,D,0
41.08801,23.38848,326.29,0.42,0.38,2020-01-20,1108,N,VIIRS,n,2,283.06,1.52,D,0
41.54671,26.53085,335.77,0.38,0.36,2020-01-20,1108,N,VIIRS,n,2,282.46,2.5,D,0
41.07236,23.3619,329.47,0.42,0.38,2020-01-20,1108,N,VIIRS,n,2,283.05,3.43,D,0
41.07578,23.36083,330.17,0.42,0.38,2020-01-20,1108,N,VIIRS,n,2,283.21,5.75,D,0
40.28577,23.44501,296.77,0.35,0.57,2020-01-21,0107,N,VIIRS,n,2,274.25,0.49,N,2
39.35378,22.98438,298.85,0.35,0.57,2020-01-21,0107,N,VIIRS,n,2,278.08,0.76,N,2
38.07576,21.44353,329.91,0.32,0.55,2020-01-21,1049,N,VIIRS,n,2,285.18,1.47,D,0
40.63079,22.62363,326.32,0.48,0.48,2020-01-21,1049,N,VIIRS,n,2,283.33,2.72,D,0
40.59648,22.7545,336.87,0.48,0.48,2020-01-21,1049,N,VIIRS,n,2,280.75,7.12,D,0
40.59775,22.75999,337.76,0.48,0.48,2020-01-21,1049,N,VIIRS,n,2,282.06,7.12,D,0
40.59347,22.7617,333.34,0.48,0.48,2020-01-21,1049,N,VIIRS,n,2,281.97,7.12,D,0
40.57969,22.8031,340.83,0.47,0.48,2020-01-21,1049,N,VIIRS,n,2,285.38,10.16,D,0
40.58096,22.80857,339.12,0.47,0.48,2020-01-21,1049,N,VIIRS,n,2,285.22,18.81,D,0
40.57542,22.8048,347.52,0.47,0.48,2020-01-21,1049,N,VIIRS,n,2,286.31,10.16,D,0
40.53691,22.69982,325.97,0.48,0.48,2020-01-21,1049,N,VIIRS,n,2,280.41,1.93,D,0
38.07623,21.44427,329.5,0.32,0.55,2020-01-21,1049,N,VIIRS,n,2,285.71,2.38,D,0
37.2258,22.11328,343.08,0.62,0.54,2020-01-21,1049,N,VIIRS,n,2,281.02,15.94,D,0
37.22566,22.11452,356.71,0.62,0.54,2020-01-21,1049,N,VIIRS,n,2,281,13.25,D,0
41.02481,23.44713,328.88,0.43,0.46,2020-01-21,1050,N,VIIRS,n,2,284.08,1.68,D,0
41.08673,23.38471,327.17,0.43,0.46,2020-01-21,1050,N,VIIRS,n,2,281.72,2.54,D,0
41.02734,23.41882,327.17,0.43,0.46,2020-01-21,1050,N,VIIRS,n,2,283.33,2.35,D,0
37.911,20.68364,327.68,0.5,0.66,2020-01-21,1229,N,VIIRS,n,2,283.14,3.08,D,0
39.18402,20.86604,347.04,0.52,0.67,2020-01-21,1230,N,VIIRS,n,2,288.34,7.59,D,0
40.57121,22.76575,346.75,0.66,0.73,2020-01-21,1230,N,VIIRS,n,2,283.71,8.19,D,0
38.38549,22.29739,295.13,0.4,0.44,2020-01-22,0049,N,VIIRS,n,2,274.9,0.97,N,0
39.35535,22.98714,297.56,0.41,0.45,2020-01-22,0049,N,VIIRS,n,2,275.53,0.62,N,2
39.16836,22.84297,303.87,0.4,0.45,2020-01-22,0049,N,VIIRS,n,2,271.16,0.9,N,2
39.35466,22.98367,296.25,0.41,0.45,2020-01-22,0049,N,VIIRS,n,2,276.22,0.73,N,2
38.38956,22.29821,317.36,0.4,0.44,2020-01-22,0049,N,VIIRS,n,2,276.29,1.97,N,0
38.56576,23.29325,307.81,0.44,0.46,2020-01-22,0049,N,VIIRS,n,2,283.39,1.85,N,2
39.16989,22.84018,302.17,0.4,0.45,2020-01-22,0049,N,VIIRS,n,2,271.99,1.31,N,2
37.58925,21.51592,336.95,0.57,0.69,2020-01-22,1030,N,VIIRS,n,2,289.07,6.18,D,0
40.59346,22.83783,332.73,0.4,0.6,2020-01-22,1031,N,VIIRS,n,2,283.95,3.55,D,0
40.59618,22.82606,331.35,0.41,0.6,2020-01-22,1031,N,VIIRS,n,2,283.82,3.37,D,0
37.15554,21.6524,326.61,0.61,0.53,2020-01-22,1210,N,VIIRS,n,2,287.04,3.62,D,0
37.17381,22.00337,326.16,0.63,0.54,2020-01-22,1210,N,VIIRS,n,2,288.3,3.05,D,0
37.15546,21.65073,332.83,0.61,0.53,2020-01-22,1210,N,VIIRS,n,2,286.94,4.28,D,0
36.85522,21.87668,326.46,0.62,0.54,2020-01-22,1210,N,VIIRS,n,2,288.89,3.61,D,0
39.82622,20.59487,326.24,0.57,0.52,2020-01-22,1211,N,VIIRS,n,2,282.49,4.87,D,0
39.88297,21.85238,341.08,0.33,0.55,2020-01-22,1211,N,VIIRS,n,2,283.74,2.76,D,0
40.56351,22.19202,341.3,0.35,0.57,2020-01-22,1211,N,VIIRS,n,2,285.39,1.91,D,0
40.65186,22.75718,355.42,0.37,0.58,2020-01-22,1211,N,VIIRS,n,2,288.13,6.66,D,0
39.82282,20.5954,326.98,0.57,0.52,2020-01-22,1211,N,VIIRS,n,2,284.25,5.3,D,0
38.12899,23.52496,301.77,0.43,0.38,2020-01-23,0030,N,VIIRS,n,2,276.54,0.85,N,2
38.56587,23.29338,325.97,0.42,0.38,2020-01-23,0030,N,VIIRS,n,2,285.18,2.64,N,2
40.56242,22.61518,334.62,0.7,0.75,2020-01-23,1012,N,VIIRS,n,2,285.62,3.97,D,0
40.5623,22.61478,334.2,0.7,0.75,2020-01-23,1012,N,VIIRS,n,2,285.24,5.43,D,0
40.58599,22.68561,335.83,0.69,0.74,2020-01-23,1012,N,VIIRS,n,2,286.02,6.99,D,0
40.56377,22.64208,328.99,0.7,0.75,2020-01-23,1012,N,VIIRS,n,2,284.24,4.65,D,0
40.58447,22.65898,328.8,0.69,0.75,2020-01-23,1012,N,VIIRS,n,2,285.1,4.6,D,0
40.94039,23.74467,330.41,0.6,0.71,2020-01-23,1012,N,VIIRS,n,2,282.38,4.06,D,0
40.58457,22.65844,329.11,0.69,0.75,2020-01-23,1012,N,VIIRS,n,2,285.14,3.23,D,0
41.08011,23.48645,329.27,0.61,0.71,2020-01-23,1012,N,VIIRS,n,2,286.67,3.32,D,0
40.56379,22.64261,325.86,0.7,0.75,2020-01-23,1012,N,VIIRS,n,2,283.95,6.47,D,0
40.58578,22.68626,336.5,0.69,0.74,2020-01-23,1012,N,VIIRS,n,2,286.27,4.1,D,0
40.96273,24.64785,335.84,0.55,0.68,2020-01-23,1012,N,VIIRS,n,2,283.63,2.67,D,0
40.58836,22.69412,326.89,0.69,0.74,2020-01-23,1012,N,VIIRS,n,2,285.22,4.1,D,0
40.69754,22.72364,353.87,0.68,0.74,2020-01-23,1012,N,VIIRS,n,2,286.13,11,D,0
40.6937,22.73494,326.23,0.68,0.74,2020-01-23,1012,N,VIIRS,n,2,284.91,12.33,D,0
40.60775,22.63607,351.99,0.69,0.75,2020-01-23,1012,N,VIIRS,n,2,286.59,13.7,D,0
40.6013,22.63971,329.75,0.69,0.75,2020-01-23,1012,N,VIIRS,n,2,285.34,4.76,D,0
40.96466,24.64541,326.72,0.55,0.68,2020-01-23,1012,N,VIIRS,n,2,283.3,3.83,D,0
36.89952,21.838,326.95,0.52,0.42,2020-01-23,1151,N,VIIRS,n,2,288.82,1.85,D,0
37.08754,22.00837,325.34,0.53,0.42,2020-01-23,1151,N,VIIRS,n,2,290.48,2.96,D,0
40.6703,22.52711,339.52,0.41,0.45,2020-01-23,1152,N,VIIRS,n,2,288.8,2.47,D,0
41.23895,23.29249,341.87,0.46,0.47,2020-01-23,1152,N,VIIRS,n,2,286.65,3.44,D,0
41.23413,23.28757,342.93,0.46,0.47,2020-01-23,1152,N,VIIRS,n,2,287.18,4.99,D,0
41.23459,23.29311,334.14,0.46,0.47,2020-01-23,1152,N,VIIRS,n,2,286.98,4.99,D,0
41.00426,22.12578,339.35,0.4,0.44,2020-01-23,1152,N,VIIRS,n,2,290.72,7.63,D,0
41.04329,23.38187,325.19,0.46,0.47,2020-01-23,1152,N,VIIRS,n,2,288.4,2.29,D,0
41.00495,23.45491,330.67,0.46,0.47,2020-01-23,1152,N,VIIRS,n,2,288.33,2.4,D,0
40.97903,23.46421,337.37,0.46,0.47,2020-01-23,1152,N,VIIRS,n,2,290.2,4.31,D,0
41.09583,25.2269,338.21,0.57,0.52,2020-01-23,1152,N,VIIRS,n,2,286.29,10.22,D,0
40.9757,23.4674,326.03,0.46,0.47,2020-01-23,1152,N,VIIRS,n,2,289.32,1.8,D,0
41.09751,25.22121,338.6,0.57,0.52,2020-01-23,1152,N,VIIRS,n,2,286.07,4.6,D,0
40.94359,23.56284,346.51,0.47,0.48,2020-01-23,1152,N,VIIRS,n,2,289.51,8.67,D,0
41.06754,25.21066,339.78,0.57,0.52,2020-01-23,1152,N,VIIRS,n,2,286.91,13.45,D,0
40.92829,23.82006,353.99,0.48,0.48,2020-01-23,1152,N,VIIRS,n,2,289.22,15.14,D,0
40.72426,22.55693,331.38,0.42,0.45,2020-01-23,1152,N,VIIRS,n,2,289.27,2.84,D,0
40.70915,22.6251,339.55,0.42,0.45,2020-01-23,1152,N,VIIRS,n,2,288.86,4.41,D,0
40.69966,22.6622,338.87,0.42,0.45,2020-01-23,1152,N,VIIRS,n,2,287.38,5.97,D,0
40.6981,22.69311,329.54,0.42,0.45,2020-01-23,1152,N,VIIRS,n,2,286.1,3.1,D,0
40.69434,22.69881,331.46,0.42,0.45,2020-01-23,1152,N,VIIRS,n,2,288,3.1,D,0
40.70007,22.66415,344.94,0.42,0.45,2020-01-23,1152,N,VIIRS,n,2,287.07,4.76,D,0
40.69448,22.69565,331.16,0.42,0.45,2020-01-23,1152,N,VIIRS,n,2,287.75,1.35,D,0
40.6693,22.65355,339.89,0.42,0.45,2020-01-23,1152,N,VIIRS,n,2,288.97,6.18,D,0
40.66511,22.6542,340.53,0.42,0.45,2020-01-23,1152,N,VIIRS,n,2,288.3,4.3,D,0
40.70713,23.12311,339.28,0.44,0.46,2020-01-23,1152,N,VIIRS,n,2,289.37,12.96,D,0
40.65253,22.65612,342.65,0.42,0.45,2020-01-23,1152,N,VIIRS,n,2,288.26,5.39,D,0
40.64743,22.64671,340.41,0.42,0.45,2020-01-23,1152,N,VIIRS,n,2,286.93,49.27,D,0
40.65016,22.67686,339.54,0.42,0.45,2020-01-23,1152,N,VIIRS,n,2,287.49,29.58,D,0
40.65062,22.68189,339.78,0.42,0.45,2020-01-23,1152,N,VIIRS,n,2,286.63,29.58,D,0
40.64642,22.68254,339.09,0.42,0.45,2020-01-23,1152,N,VIIRS,n,2,286.66,29.58,D,0
40.52056,21.57173,341.46,0.56,0.43,2020-01-23,1152,N,VIIRS,n,2,282.91,4.96,D,0
40.59378,22.76228,340.53,0.42,0.46,2020-01-23,1152,N,VIIRS,n,2,289.2,8.93,D,0
40.59466,22.77242,348.66,0.42,0.46,2020-01-23,1152,N,VIIRS,n,2,288.01,6.16,D,0
40.59378,22.75991,341.29,0.42,0.45,2020-01-23,1152,N,VIIRS,n,2,289.75,5.76,D,0
40.59472,22.77003,338.57,0.42,0.46,2020-01-23,1152,N,VIIRS,n,2,287.58,6.37,D,0
40.57467,22.64553,326.81,0.42,0.45,2020-01-23,1152,N,VIIRS,n,2,285.88,4.17,D,0
40.57048,22.64617,338.98,0.42,0.45,2020-01-23,1152,N,VIIRS,n,2,287.32,4.17,D,0
40.56491,22.63185,340.24,0.42,0.45,2020-01-23,1152,N,VIIRS,n,2,288.82,3.92,D,0
40.56629,22.64681,328.75,0.42,0.45,2020-01-23,1152,N,VIIRS,n,2,287.66,2.14,D,0
40.56676,22.65181,332.85,0.42,0.45,2020-01-23,1152,N,VIIRS,n,2,287.33,2.14,D,0
40.58018,22.79794,327.55,0.43,0.46,2020-01-23,1152,N,VIIRS,n,2,287.23,5.27,D,0
40.54544,22.60455,326.66,0.42,0.45,2020-01-23,1152,N,VIIRS,n,2,285.95,6.1,D,0
40.54072,22.64564,346.27,0.42,0.45,2020-01-23,1152,N,VIIRS,n,2,288.23,5.34,D,0
40.54801,22.72586,339.56,0.42,0.45,2020-01-23,1152,N,VIIRS,n,2,286.97,4.62,D,0
40.53733,22.70199,343.41,0.42,0.45,2020-01-23,1152,N,VIIRS,n,2,287.11,5.07,D,0
40.36778,21.35279,332.36,0.54,0.42,2020-01-23,1152,N,VIIRS,n,2,290.44,5.97,D,0
39.94873,22.44601,342.5,0.4,0.44,2020-01-23,1152,N,VIIRS,n,2,282.49,5.71,D,0
39.56063,21.66203,334.64,0.55,0.43,2020-01-23,1152,N,VIIRS,n,2,291.54,4.37,D,0
39.04791,20.75058,329.17,0.49,0.41,2020-01-23,1152,N,VIIRS,n,2,288.1,3.66,D,0
39.13255,22.43778,344.02,0.39,0.44,2020-01-23,1152,N,VIIRS,n,2,292.08,10.11,D,0
39.11045,22.42257,333.19,0.39,0.44,2020-01-23,1152,N,VIIRS,n,2,289.05,2.32,D,0
39.05742,22.25533,340.05,0.39,0.44,2020-01-23,1152,N,VIIRS,n,2,291.09,7.3,D,0
39.05667,22.25421,346.15,0.39,0.44,2020-01-23,1152,N,VIIRS,n,2,291.05,5.64,D,0
39.05082,22.23692,338.19,0.38,0.44,2020-01-23,1152,N,VIIRS,n,2,289.46,5.88,D,0
39.23372,25.86979,326.98,0.59,0.53,2020-01-23,1152,N,VIIRS,n,2,285.19,2.44,D,0
38.81689,22.52744,331.74,0.39,0.44,2020-01-23,1152,N,VIIRS,n,2,289.16,2.06,D,0
38.12848,23.52658,301.16,0.4,0.37,2020-01-24,0011,N,VIIRS,n,2,276.36,0.59,N,2
36.77685,22.92836,327.02,0.4,0.37,2020-01-24,1132,N,VIIRS,n,2,290.2,2.17,D,0
41.28048,22.85193,331.06,0.42,0.38,2020-01-24,1133,N,VIIRS,n,2,288.74,2.11,D,0
41.05576,23.34672,327.42,0.43,0.38,2020-01-24,1133,N,VIIRS,n,2,282.66,1.95,D,0
40.96354,22.64349,329.22,0.41,0.37,2020-01-24,1133,N,VIIRS,n,2,288.89,1.77,D,0
41.66945,26.17958,333.35,0.57,0.43,2020-01-24,1133,N,VIIRS,n,2,287.26,5.08,D,0
41.67041,26.17803,328.77,0.57,0.43,2020-01-24,1133,N,VIIRS,n,2,285.46,6.99,D,0
40.03079,20.48162,335.5,0.38,0.36,2020-01-24,1133,N,VIIRS,n,2,290.02,5.65,D,0
41.13063,22.61243,326.44,0.41,0.37,2020-01-24,1133,N,VIIRS,n,2,286.63,3.67,D,0
41.03031,23.40232,327.12,0.43,0.38,2020-01-24,1133,N,VIIRS,n,2,288.44,4.5,D,0
41.37684,26.50303,325.67,0.39,0.44,2020-01-24,1133,N,VIIRS,n,2,284.8,1.25,D,0
41.02681,23.40307,336.69,0.43,0.38,2020-01-24,1133,N,VIIRS,n,2,290.1,9.93,D,0
40.83089,22.63309,331.3,0.41,0.37,2020-01-24,1133,N,VIIRS,n,2,286.81,2.86,D,0
40.82747,22.63386,328.09,0.41,0.37,2020-01-24,1133,N,VIIRS,n,2,286.77,1.63,D,0
40.83232,22.99783,326.84,0.42,0.38,2020-01-24,1133,N,VIIRS,n,2,287.28,1.86,D,0
40.55276,21.39954,338.76,0.39,0.36,2020-01-24,1133,N,VIIRS,n,2,290.4,14.61,D,0
40.63687,22.35657,325.21,0.41,0.37,2020-01-24,1133,N,VIIRS,n,2,288.33,1.67,D,0
40.95765,22.54397,337.33,0.41,0.37,2020-01-24,1133,N,VIIRS,n,2,288.65,6.73,D,0
38.82587,22.51966,329.49,0.4,0.37,2020-01-24,1133,N,VIIRS,n,2,287.4,1.53,D,0
39.20017,22.65965,329.1,0.4,0.37,2020-01-24,1133,N,VIIRS,n,2,288.45,6.47,D,0
39.28638,21.97099,329.25,0.39,0.36,2020-01-24,1133,N,VIIRS,n,2,286.57,3.34,D,0
40.03994,22.16722,336.43,0.4,0.37,2020-01-24,1133,N,VIIRS,n,2,287.82,3.28,D,0
40.06153,22.14776,331.58,0.4,0.37,2020-01-24,1133,N,VIIRS,n,2,291.64,6.49,D,0
39.85117,20.59464,327.76,0.38,0.36,2020-01-24,1133,N,VIIRS,n,2,288.53,1.79,D,0
40.64304,22.58827,327.14,0.41,0.37,2020-01-24,1133,N,VIIRS,n,2,288.58,1.72,D,0
40.41257,21.27178,327.91,0.39,0.36,2020-01-24,1133,N,VIIRS,n,2,281.17,2.4,D,0
40.5859,22.5198,333.72,0.41,0.37,2020-01-24,1133,N,VIIRS,n,2,290.41,4.94,D,0
40.5825,22.52057,344.2,0.41,0.37,2020-01-24,1133,N,VIIRS,n,2,288.88,5.25,D,0
40.59148,22.74818,330.46,0.41,0.37,2020-01-24,1133,N,VIIRS,n,2,289.05,3,D,0
40.55521,22.68616,326.99,0.41,0.37,2020-01-24,1133,N,VIIRS,n,2,288.21,1.76,D,0
38.5645,23.29175,300.23,0.41,0.45,2020-01-24,2352,N,VIIRS,n,2,282.09,1.24,N,2
41.06306,25.18339,329.72,0.38,0.36,2020-01-25,1114,N,VIIRS,n,2,289.23,3.07,D,0
41.06375,25.18793,329.22,0.38,0.36,2020-01-25,1114,N,VIIRS,n,2,287.61,3.34,D,0
40.65107,22.70997,341.35,0.41,0.37,2020-01-25,1114,N,VIIRS,n,2,286.94,3.83,D,0
40.64771,22.71096,345.8,0.41,0.37,2020-01-25,1114,N,VIIRS,n,2,289,3.83,D,0
39.26048,25.99435,334.75,0.39,0.36,2020-01-25,1114,N,VIIRS,n,2,288.71,2.27,D,0
39.04778,22.2639,332.43,0.43,0.38,2020-01-25,1114,N,VIIRS,n,2,294.71,3.34,D,0
39.15408,22.84119,330.97,0.42,0.37,2020-01-25,1114,N,VIIRS,n,2,288.52,8.28,D,0
40.64427,22.73193,329.31,0.41,0.37,2020-01-25,1114,N,VIIRS,n,2,288.05,2.42,D,0
40.96516,24.71847,329.2,0.38,0.36,2020-01-25,1114,N,VIIRS,n,2,288.01,1.79,D,0
40.62027,22.63417,329.23,0.41,0.37,2020-01-25,1114,N,VIIRS,n,2,288.53,5.61,D,0
39.95065,22.45688,330.06,0.42,0.37,2020-01-25,1114,N,VIIRS,n,2,287.16,4.61,D,0
39.95404,22.45589,330.06,0.42,0.37,2020-01-25,1114,N,VIIRS,n,2,284.94,3.53,D,0
40.558,22.70092,337.02,0.41,0.37,2020-01-25,1114,N,VIIRS,n,2,291.11,6.23,D,0
40.59201,22.77553,330.2,0.41,0.37,2020-01-25,1114,N,VIIRS,n,2,286.68,2,D,0
41.11567,25.2658,328.33,0.39,0.36,2020-01-25,1114,N,VIIRS,n,2,287.89,1.7,D,0
41.03098,25.55945,333.12,0.39,0.36,2020-01-25,1114,N,VIIRS,n,2,287.67,2.72,D,0
40.69777,22.69304,330.4,0.41,0.37,2020-01-25,1114,N,VIIRS,n,2,286,5.45,D,0
40.55823,22.64081,325.37,0.41,0.37,2020-01-25,1114,N,VIIRS,n,2,287.99,3.75,D,0
40.55404,22.63706,328.51,0.41,0.37,2020-01-25,1114,N,VIIRS,n,2,288.26,2.31,D,0
40.2208,21.36802,332.46,0.45,0.39,2020-01-25,1114,N,VIIRS,n,2,287.8,5.64,D,0
40.87597,24.75513,329.27,0.38,0.36,2020-01-25,1114,N,VIIRS,n,2,287.39,1.21,D,0
40.55882,22.70567,328.57,0.41,0.37,2020-01-25,1114,N,VIIRS,n,2,285.99,6.23,D,0
40.94763,24.67129,331.41,0.38,0.36,2020-01-25,1114,N,VIIRS,n,2,287.08,2.41,D,0
40.99696,23.4227,335.16,0.39,0.36,2020-01-25,1115,N,VIIRS,n,2,288.69,4.11,D,0
35.1137,25.40442,325.89,0.38,0.44,2020-01-26,1054,N,VIIRS,n,2,289.68,2.27,D,0
39.48161,21.71034,334.68,0.48,0.48,2020-01-26,1055,N,VIIRS,n,2,287.99,2.72,D,0
41.06577,24.88102,326.2,0.48,0.4,2020-01-26,1056,N,VIIRS,n,2,289.36,2.17,D,0
39.96138,21.51955,348.08,0.47,0.48,2020-01-26,1056,N,VIIRS,n,2,271.12,9.7,D,0
40.83486,26.13627,332.4,0.44,0.38,2020-01-26,1056,N,VIIRS,n,2,287.6,2.67,D,0
40.79641,26.12338,329.24,0.44,0.38,2020-01-26,1056,N,VIIRS,n,2,286.93,1.91,D,0
41.30607,26.16991,328.36,0.43,0.38,2020-01-26,1056,N,VIIRS,n,2,288.64,3.02,D,0
39.95983,21.51807,332.78,0.69,0.74,2020-01-26,1236,N,VIIRS,n,2,281.04,5.61,D,0
39.16796,22.84367,302.07,0.45,0.39,2020-01-28,0036,N,VIIRS,n,2,277,1.41,N,2
38.37389,24.06,298.75,0.51,0.41,2020-01-28,0036,N,VIIRS,n,2,280.97,0.89,N,2
38.56577,23.29421,295.54,0.47,0.4,2020-01-28,0036,N,VIIRS,n,2,283.1,1.04,N,2
39.35315,22.98661,300.43,0.45,0.39,2020-01-28,0036,N,VIIRS,n,2,280.76,0.94,N,2
40.70445,22.8159,297.33,0.43,0.38,2020-01-28,0036,N,VIIRS,n,2,276.64,0.71,N,2
40.38717,21.91124,334.67,0.46,0.47,2020-01-28,1158,N,VIIRS,n,2,284.75,3.95,D,0
40.38728,21.90849,328.65,0.46,0.47,2020-01-28,1158,N,VIIRS,n,2,285.11,2.01,D,0
40.98201,23.68808,327.63,0.58,0.52,2020-01-28,1159,N,VIIRS,n,2,289.76,3.36,D,0
39.16838,22.84626,306.38,0.39,0.36,2020-01-29,0017,N,VIIRS,n,2,277.18,0.79,N,3
38.56484,23.29603,307.56,0.38,0.36,2020-01-29,0017,N,VIIRS,n,2,281.48,1.58,N,2
39.35448,22.98456,302.82,0.39,0.36,2020-01-29,0017,N,VIIRS,n,2,279.62,0.76,N,2
38.3734,24.06282,303.61,0.38,0.36,2020-01-29,0017,N,VIIRS,n,2,283.21,0.52,N,2
39.16904,22.84178,295.76,0.39,0.36,2020-01-29,0017,N,VIIRS,n,2,277.65,0.79,N,2
38.12874,23.52599,298.57,0.38,0.36,2020-01-29,0018,N,VIIRS,n,2,272.92,0.53,N,2
38.49451,22.89972,348.25,0.45,0.39,2020-01-29,1139,N,VIIRS,n,2,287.89,6.48,D,0
38.5461,24.16231,331.51,0.5,0.41,2020-01-29,1139,N,VIIRS,n,2,290.51,10.71,D,0
38.52201,23.00532,326.69,0.45,0.39,2020-01-29,1139,N,VIIRS,n,2,290.45,6.07,D,0
38.50099,22.98287,325.24,0.45,0.39,2020-01-29,1139,N,VIIRS,n,2,289.1,1.22,D,0
38.49514,22.90484,331.41,0.45,0.39,2020-01-29,1139,N,VIIRS,n,2,285.19,4.16,D,0
38.54548,24.1568,334.25,0.5,0.41,2020-01-29,1139,N,VIIRS,n,2,288.8,10.71,D,0
38.51906,23.01119,333.18,0.45,0.39,2020-01-29,1139,N,VIIRS,n,2,292.41,6.07,D,0
38.52264,23.0105,343.75,0.45,0.39,2020-01-29,1139,N,VIIRS,n,2,295.34,6.07,D,0
38.54926,24.15626,339.24,0.5,0.41,2020-01-29,1139,N,VIIRS,n,2,286.52,10.71,D,0
38.54988,24.16183,330.94,0.5,0.41,2020-01-29,1139,N,VIIRS,n,2,284.02,10.71,D,0
40.68721,22.64197,339.51,0.46,0.39,2020-01-29,1140,N,VIIRS,n,2,288.55,4.43,D,0
40.68126,22.65434,341.43,0.46,0.39,2020-01-29,1140,N,VIIRS,n,2,287.29,6.47,D,0
40.69081,22.64124,325.27,0.46,0.39,2020-01-29,1140,N,VIIRS,n,2,286.57,4.43,D,0
38.37354,24.06436,296.94,0.47,0.4,2020-01-29,2359,N,VIIRS,n,2,282.58,0.44,N,2
38.88544,22.52729,347.74,0.39,0.36,2020-01-30,1120,N,VIIRS,n,2,292.35,7.75,D,0
38.84402,22.44455,325.6,0.39,0.37,2020-01-30,1120,N,VIIRS,n,2,293.55,1.09,D,0
38.88618,22.53178,339.9,0.39,0.36,2020-01-30,1120,N,VIIRS,n,2,292.5,7.75,D,0
38.88876,22.52639,333.35,0.39,0.36,2020-01-30,1120,N,VIIRS,n,2,289.54,7.75,D,0
39.15629,22.83084,334.81,0.39,0.36,2020-01-30,1120,N,VIIRS,n,2,289.47,3.08,D,0
38.82681,22.52905,327.54,0.39,0.36,2020-01-30,1120,N,VIIRS,n,2,290.61,3.29,D,0
38.49161,22.91074,330.8,0.39,0.36,2020-01-30,1120,N,VIIRS,n,2,292.84,1.35,D,0
40.59985,22.69216,325.33,0.39,0.36,2020-01-30,1121,N,VIIRS,n,2,281.81,1.19,D,0
40.6988,22.76095,337.35,0.39,0.36,2020-01-30,1121,N,VIIRS,n,2,281.59,2.57,D,0
41.45832,26.441,334.31,0.43,0.38,2020-01-30,1121,N,VIIRS,n,2,278.66,7.13,D,0
40.65568,22.7194,334.65,0.39,0.36,2020-01-30,1121,N,VIIRS,n,2,291.58,11.93,D,0
38.60663,22.82559,328.93,0.55,0.43,2020-01-31,1101,N,VIIRS,n,2,291.94,3.25,D,0
40.76796,23.91761,329.11,0.46,0.39,2020-01-31,1102,N,VIIRS,n,2,287.57,3.2,D,0
40.364,21.42389,327.77,0.39,0.44,2020-01-31,1102,N,VIIRS,n,2,288.17,1.36,D,0
39.59927,22.02929,335.76,0.38,0.43,2020-01-31,1102,N,VIIRS,n,2,289.33,2.64,D,0
39.06472,22.31434,339.19,0.57,0.43,2020-01-31,1102,N,VIIRS,n,2,290.88,4.56,D,0
39.03152,22.27591,338.35,0.38,0.43,2020-01-31,1102,N,VIIRS,n,2,291.11,5.91,D,0
40.69218,22.73582,330.79,0.51,0.41,2020-01-31,1102,N,VIIRS,n,2,291.9,4.86,D,0
39.60005,22.02563,326.23,0.38,0.43,2020-01-31,1102,N,VIIRS,n,2,287.71,2.38,D,0
40.49805,21.21764,325.01,0.4,0.44,2020-01-31,1102,N,VIIRS,n,2,285.35,2.27,D,0
40.89286,22.57924,330.46,0.51,0.41,2020-01-31,1102,N,VIIRS,n,2,289.93,3.47,D,0
40.47014,21.1284,342.16,0.4,0.45,2020-01-31,1102,N,VIIRS,n,2,284.15,3.81,D,0
40.91611,24.68586,336.43,0.43,0.38,2020-01-31,1102,N,VIIRS,n,2,285.21,3.75,D,0
40.59003,22.79728,331.59,0.51,0.41,2020-01-31,1102,N,VIIRS,n,2,290.61,2.93,D,0
39.49844,21.97853,297.41,0.64,0.72,2020-01-31,2320,N,VIIRS,n,2,276.36,1.32,N,0
37.91786,23.07373,295.74,0.32,0.55,2020-02-01,0101,N,VIIRS,n,2,284.6,0.62,N,2
38.56276,23.29583,296.22,0.64,0.54,2020-02-01,0101,N,VIIRS,n,2,280.76,1.05,N,2
39.49704,21.97825,300.01,0.52,0.5,2020-02-01,0101,N,VIIRS,n,2,276.99,1.11,N,0
39.3853,22.8049,296.02,0.57,0.52,2020-02-01,0101,N,VIIRS,n,2,275.48,0.34,N,2
39.38545,22.80475,295.52,0.57,0.52,2020-02-01,0101,N,VIIRS,n,2,275.91,0.61,N,2
38.03187,23.60585,297.18,0.34,0.56,2020-02-01,0101,N,VIIRS,n,2,283.74,0.85,N,2
40.78452,22.62482,339.31,0.57,0.52,2020-02-01,1043,N,VIIRS,n,2,289.22,8.06,D,0
41.15162,23.37894,339.23,0.51,0.5,2020-02-01,1043,N,VIIRS,n,2,290.91,4.85,D,0
41.14721,23.38079,332.25,0.51,0.5,2020-02-01,1043,N,VIIRS,n,2,291.33,4.85,D,0
40.55521,21.3983,367,0.33,0.56,2020-02-01,1043,N,VIIRS,h,2,292.43,8.71,D,0
40.78092,22.62787,344.43,0.57,0.52,2020-02-01,1043,N,VIIRS,n,2,289.67,8.89,D,0
40.67344,22.68811,326.61,0.57,0.52,2020-02-01,1043,N,VIIRS,n,2,292.04,3.01,D,0
39.41395,21.85441,325.28,0.34,0.56,2020-02-01,1043,N,VIIRS,n,2,290.79,2,D,0
39.35372,21.86382,325.05,0.34,0.56,2020-02-01,1043,N,VIIRS,n,2,290.24,1.17,D,0
39.26339,22.26411,337.23,0.33,0.55,2020-02-01,1043,N,VIIRS,n,2,294.67,2.69,D,0
39.28246,22.44248,328.82,0.32,0.54,2020-02-01,1043,N,VIIRS,n,2,289.85,3.11,D,0
36.7363,22.9584,325.1,0.53,0.67,2020-02-01,1223,N,VIIRS,n,2,288.94,1.7,D,0
40.94139,24.90993,350.08,0.71,0.75,2020-02-01,1224,N,VIIRS,n,2,288,16.38,D,0
41.0478,23.45014,341.75,0.6,0.71,2020-02-01,1224,N,VIIRS,n,2,289.91,6.48,D,0
39.94153,21.62222,341.2,0.48,0.64,2020-02-01,1224,N,VIIRS,n,2,292.71,3.69,D,0
40.64129,22.59225,342.57,0.54,0.68,2020-02-01,1224,N,VIIRS,n,2,292.54,5.3,D,0
40.93825,24.90152,336.4,0.71,0.75,2020-02-01,1224,N,VIIRS,n,2,286.1,6.42,D,0
39.1683,22.84284,301.92,0.52,0.41,2020-02-02,0042,N,VIIRS,n,2,278.62,1.34,N,2
38.56464,23.29371,309.52,0.55,0.43,2020-02-02,0043,N,VIIRS,n,2,280.95,1.19,N,2
38.56845,23.29517,298.79,0.55,0.43,2020-02-02,0043,N,VIIRS,n,2,281.06,1.19,N,3
38.37341,24.06247,301.99,0.4,0.45,2020-02-02,0043,N,VIIRS,n,2,283.63,0.58,N,2
38.56523,23.29357,314.48,0.55,0.43,2020-02-02,0043,N,VIIRS,n,2,281.65,2.53,N,2
40.15851,22.53202,335.23,0.51,0.66,2020-02-02,1024,N,VIIRS,n,2,287.16,3.86,D,0
40.55622,22.66395,343.17,0.49,0.65,2020-02-02,1025,N,VIIRS,n,2,288.78,5.62,D,0
40.55145,22.66377,328.28,0.49,0.65,2020-02-02,1025,N,VIIRS,n,2,287.01,2.59,D,0
40.7134,21.67913,342.4,0.54,0.51,2020-02-02,1205,N,VIIRS,n,2,287.69,12.98,D,0
40.86798,23.82964,328.91,0.35,0.57,2020-02-02,1205,N,VIIRS,n,2,287.65,7.69,D,0
40.70868,21.67968,338.57,0.54,0.51,2020-02-02,1205,N,VIIRS,n,2,288.44,12.98,D,0
40.86775,23.82534,355.76,0.35,0.57,2020-02-02,1205,N,VIIRS,n,2,293.69,7.69,D,0
39.6005,22.04005,339.49,0.55,0.51,2020-02-02,1205,N,VIIRS,n,2,291.77,5.81,D,0
40.70441,21.6868,354.06,0.55,0.51,2020-02-02,1205,N,VIIRS,n,2,288.9,23.79,D,0
40.70395,21.68023,339.25,0.54,0.51,2020-02-02,1205,N,VIIRS,n,2,289.66,5.96,D,0
38.3728,24.06295,302.47,0.4,0.37,2020-02-03,0024,N,VIIRS,n,2,283.79,0.53,N,2
39.38863,22.80875,301.71,0.38,0.36,2020-02-03,0024,N,VIIRS,n,2,277.04,0.57,N,2
39.38534,22.80787,303.68,0.38,0.36,2020-02-03,0024,N,VIIRS,n,2,278.22,0.66,N,2
39.1689,22.8418,296.69,0.39,0.36,2020-02-03,0024,N,VIIRS,n,2,279.48,0.77,N,2
35.37513,24.60508,325.81,0.38,0.43,2020-02-03,1144,N,VIIRS,n,2,290.49,2.02,D,0
38.38432,23.14281,331.57,0.53,0.42,2020-02-03,1145,N,VIIRS,n,2,291.27,3.07,D,0
38.12517,24.41512,338.21,0.4,0.44,2020-02-03,1145,N,VIIRS,n,2,286.88,3.96,D,0
38.38377,23.14483,330.02,0.53,0.42,2020-02-03,1145,N,VIIRS,n,2,291.25,3.7,D,0
39.63406,22.67823,327.92,0.52,0.42,2020-02-03,1146,N,VIIRS,n,2,285.67,4.57,D,0
39.67166,22.62836,327.45,0.52,0.41,2020-02-03,1146,N,VIIRS,n,2,286.07,3.13,D,0
41.17445,22.76092,326.96,0.55,0.42,2020-02-03,1146,N,VIIRS,n,2,285.37,3.2,D,0
38.37427,24.06157,297.35,0.42,0.38,2020-02-04,0005,N,VIIRS,n,2,276.89,0.6,N,2
38.41361,23.15094,332.52,0.39,0.36,2020-02-04,1126,N,VIIRS,n,2,292.2,2.13,D,0
38.53356,22.99607,326.26,0.39,0.36,2020-02-04,1126,N,VIIRS,n,2,294.05,1.74,D,0
39.46937,22.72618,345.08,0.39,0.36,2020-02-04,1127,N,VIIRS,n,2,298.74,4.15,D,0
39.51105,22.71271,326.57,0.39,0.36,2020-02-04,1127,N,VIIRS,n,2,294.52,1.97,D,0
39.98441,25.16507,329.05,0.43,0.38,2020-02-04,1127,N,VIIRS,n,2,285.04,3.09,D,0
40.40683,21.87671,332.96,0.38,0.36,2020-02-04,1127,N,VIIRS,n,2,295.01,1.88,D,0
40.609,22.50163,327.5,0.39,0.36,2020-02-04,1127,N,VIIRS,n,2,290.97,1.51,D,0
40.6123,22.5008,332.98,0.39,0.36,2020-02-04,1127,N,VIIRS,n,2,291.03,3.93,D,0
40.97225,24.65313,335.37,0.42,0.38,2020-02-04,1127,N,VIIRS,n,2,284.1,6.81,D,0
38.59026,22.81046,329.13,0.38,0.36,2020-02-04,1127,N,VIIRS,n,2,295.37,2.27,D,0
39.40233,22.34634,338.04,0.38,0.36,2020-02-04,1127,N,VIIRS,n,2,295.88,4.05,D,0
39.47003,22.73064,330.41,0.39,0.36,2020-02-04,1127,N,VIIRS,n,2,294.43,4.15,D,0
38.85812,22.49398,331.5,0.38,0.36,2020-02-04,1127,N,VIIRS,n,2,292.55,2.75,D,0
40.92548,23.8103,330.31,0.4,0.37,2020-02-04,1127,N,VIIRS,n,2,288.77,2.72,D,0
40.92886,23.80951,330.09,0.4,0.37,2020-02-04,1127,N,VIIRS,n,2,286.13,2.98,D,0
41.19228,23.23283,327.36,0.4,0.37,2020-02-04,1127,N,VIIRS,n,2,283.57,2.06,D,0
40.89604,23.8249,325.87,0.4,0.37,2020-02-04,1127,N,VIIRS,n,2,281.98,1.74,D,0
38.89176,22.51306,328.91,0.38,0.36,2020-02-04,1127,N,VIIRS,n,2,291.44,1.69,D,0
40.49541,20.98489,331.39,0.39,0.36,2020-02-04,1127,N,VIIRS,n,2,279.75,3.08,D,0
38.87,22.50474,325.11,0.38,0.36,2020-02-04,1127,N,VIIRS,n,2,291.82,1.72,D,0
38.89985,22.30267,308.44,0.58,0.69,2020-02-05,0126,N,VIIRS,n,2,283.51,1.48,N,0
35.23711,25.09818,327.13,0.43,0.38,2020-02-05,1107,N,VIIRS,n,2,287.91,3.78,D,0
38.56564,23.2945,315.2,0.44,0.62,2020-02-05,2327,N,VIIRS,n,2,278.41,1.19,N,2
38.56649,23.29669,308.91,0.44,0.62,2020-02-05,2327,N,VIIRS,n,2,276.52,1.44,N,2
38.4795,22.93086,367,0.37,0.58,2020-02-07,1211,N,VIIRS,h,2,290.43,8,D,0
38.37591,21.13765,335.23,0.59,0.53,2020-02-07,1211,N,VIIRS,n,2,285.69,3.78,D,0
40.7662,22.3502,349.08,0.36,0.57,2020-02-07,1211,N,VIIRS,n,2,287.02,4.2,D,0
40.76329,22.34989,347.16,0.36,0.57,2020-02-07,1211,N,VIIRS,n,2,288.2,3.12,D,0
40.7083,22.42909,337.36,0.36,0.57,2020-02-07,1211,N,VIIRS,n,2,291.8,3.49,D,0
40.58259,22.65343,347.66,0.37,0.58,2020-02-07,1211,N,VIIRS,n,2,284.21,3.32,D,0
40.58141,22.65487,341.05,0.37,0.58,2020-02-07,1211,N,VIIRS,n,2,283.95,3.52,D,0
40.48721,22.62195,328.45,0.37,0.58,2020-02-07,1211,N,VIIRS,n,2,282.84,4.23,D,0
38.378,21.13639,326.41,0.59,0.53,2020-02-07,1211,N,VIIRS,n,2,285.02,4.67,D,0
38.56702,23.29249,328.06,0.42,0.38,2020-02-08,0030,N,VIIRS,n,2,283.27,6.52,N,3
38.56616,23.29719,314.54,0.42,0.38,2020-02-08,0030,N,VIIRS,n,2,276.82,6.52,N,2
40.69826,22.88443,330.63,0.4,0.37,2020-02-08,0030,N,VIIRS,n,2,275.44,2.75,N,0
40.54748,22.68329,326.53,0.69,0.74,2020-02-08,1012,N,VIIRS,n,2,281.41,4.99,D,0
39.87858,20.60415,330.5,0.5,0.41,2020-02-08,1152,N,VIIRS,n,2,290.39,3.82,D,0
38.02369,21.30462,331.77,0.51,0.41,2020-02-08,1152,N,VIIRS,n,2,285.39,3.58,D,0
38.09808,21.74266,340.2,0.54,0.42,2020-02-08,1152,N,VIIRS,n,2,289.77,7.18,D,0
41.0144,22.60433,339.58,0.42,0.45,2020-02-08,1152,N,VIIRS,n,2,288.9,5.32,D,0
38.01989,21.30527,344.19,0.51,0.41,2020-02-08,1152,N,VIIRS,n,2,296.56,52.19,D,0
40.61821,22.23157,328.86,0.4,0.44,2020-02-08,1152,N,VIIRS,n,2,289.88,2.01,D,0
38.56441,23.29406,298.05,0.4,0.37,2020-02-09,0011,N,VIIRS,n,2,278.31,1.16,N,2
36.86374,22.80496,325.54,0.39,0.37,2020-02-09,1132,N,VIIRS,n,2,287.74,1.63,D,0
40.46556,22.49104,328.41,0.41,0.37,2020-02-09,1133,N,VIIRS,n,2,285.47,1.07,D,0
40.63125,22.64334,326.03,0.41,0.37,2020-02-09,1133,N,VIIRS,n,2,290.86,2.16,D,0
40.66853,22.74061,330.1,0.41,0.37,2020-02-09,1133,N,VIIRS,n,2,291.27,1.59,D,0
39.84245,20.58655,326.25,0.38,0.36,2020-02-09,1133,N,VIIRS,n,2,286.69,1.82,D,0
39.7006,20.85974,330.27,0.38,0.36,2020-02-09,1133,N,VIIRS,n,2,288.63,22.26,D,0
39.24421,20.80229,330.17,0.38,0.36,2020-02-09,1133,N,VIIRS,n,2,288.92,2.98,D,0
38.44141,21.16787,326.87,0.38,0.36,2020-02-09,1133,N,VIIRS,n,2,290.3,1.6,D,0
41.11154,26.29116,340.54,0.57,0.43,2020-02-09,1133,N,VIIRS,n,2,284.29,18.45,D,0
40.7151,21.70833,296.55,0.51,0.5,2020-02-09,2352,N,VIIRS,n,2,266.95,1.37,N,0
39.6316,22.66408,329.92,0.41,0.37,2020-02-10,1114,N,VIIRS,n,2,291.03,2.59,D,0
38.42532,21.1719,325.89,0.48,0.4,2020-02-10,1114,N,VIIRS,n,2,289.2,1.91,D,0
40.56623,22.5414,328.76,0.41,0.37,2020-02-10,1115,N,VIIRS,n,2,290.18,1.55,D,0
40.63477,22.69111,325.26,0.41,0.37,2020-02-10,1115,N,VIIRS,n,2,290.41,2.94,D,0
40.6989,22.71391,326.89,0.4,0.37,2020-02-10,1115,N,VIIRS,n,2,289.98,1.04,D,0
41.45202,26.2571,328.51,0.4,0.37,2020-02-10,1115,N,VIIRS,n,2,286.97,2.92,D,0
40.92892,24.6805,326.6,0.38,0.36,2020-02-10,1115,N,VIIRS,n,2,285.03,2.24,D,0
38.56263,23.29364,295.28,0.36,0.57,2020-02-10,2333,N,VIIRS,n,2,279.51,1.11,N,2
38.56802,23.29375,312.47,0.36,0.57,2020-02-10,2333,N,VIIRS,n,2,281.87,1.11,N,3
38.37331,24.06194,300.71,0.33,0.55,2020-02-10,2334,N,VIIRS,n,2,282.13,0.44,N,2
37.75661,26.98834,340.35,0.45,0.39,2020-02-11,1055,N,VIIRS,n,2,293.11,8.44,D,0
38.52947,23.00196,339.91,0.43,0.46,2020-02-11,1055,N,VIIRS,n,2,293.58,3.81,D,0
38.84302,22.43317,330.9,0.45,0.47,2020-02-11,1055,N,VIIRS,n,2,289.72,3.5,D,0
38.82461,22.69445,338.67,0.44,0.46,2020-02-11,1055,N,VIIRS,n,2,290.92,5.85,D,0
38.5302,23.00373,326.82,0.43,0.46,2020-02-11,1055,N,VIIRS,n,2,292.31,5.07,D,0
41.29916,26.46474,328.75,0.42,0.38,2020-02-11,1056,N,VIIRS,n,2,286.8,2.02,D,0
40.06393,22.1061,348.63,0.44,0.46,2020-02-11,1056,N,VIIRS,n,2,292.72,18.3,D,0
39.54615,22.66829,335.15,0.42,0.45,2020-02-11,1056,N,VIIRS,n,2,294.05,2.62,D,0
39.39683,22.25784,326.12,0.45,0.47,2020-02-11,1056,N,VIIRS,n,2,294.66,1.63,D,0
39.37156,22.2064,328.91,0.45,0.47,2020-02-11,1056,N,VIIRS,n,2,294.92,1.76,D,0
40.21574,21.44819,332.19,0.47,0.48,2020-02-11,1056,N,VIIRS,n,2,285.18,2.76,D,0
40.70456,22.81541,302.62,0.45,0.47,2020-02-12,0055,N,VIIRS,n,2,279.52,0.88,N,2
36.79881,22.78874,326.88,0.42,0.61,2020-02-12,1036,N,VIIRS,n,2,290.2,1.77,D,0
39.42717,21.99768,327.11,0.4,0.6,2020-02-12,1037,N,VIIRS,n,2,285.95,2.85,D,0
39.4284,22.00215,332.21,0.4,0.6,2020-02-12,1037,N,VIIRS,n,2,286.38,2.85,D,0
39.68569,22.60139,349.57,0.44,0.62,2020-02-12,1217,N,VIIRS,n,2,283.22,5.18,D,0
39.68589,22.60669,335.12,0.44,0.62,2020-02-12,1217,N,VIIRS,n,2,282.37,5.18,D,0
37.81299,22.10043,330.29,0.4,0.6,2020-02-12,1217,N,VIIRS,n,2,281.8,2.12,D,0
40.05387,22.10208,328,0.42,0.61,2020-02-12,1217,N,VIIRS,n,2,284.53,10.72,D,0
40.04818,22.10277,357.01,0.42,0.61,2020-02-12,1217,N,VIIRS,l,2,281.16,10.72,D,0
39.17023,22.84095,297.36,0.45,0.39,2020-02-13,0036,N,VIIRS,n,2,280.62,1.11,N,2
38.52453,22.9785,367,0.65,0.73,2020-02-13,1018,N,VIIRS,h,2,294.7,39.69,D,0
38.52736,22.97613,367,0.65,0.73,2020-02-13,1018,N,VIIRS,h,2,292.71,38.15,D,0
39.61117,21.75541,340.08,0.44,0.46,2020-02-13,1158,N,VIIRS,n,2,292.59,4.63,D,0
37.05346,22.0278,325.7,0.43,0.46,2020-02-13,1158,N,VIIRS,n,2,289.6,1.76,D,0
37.58284,21.80831,332.13,0.42,0.46,2020-02-13,1158,N,VIIRS,n,2,290.48,2.33,D,0
37.74267,22.30049,335.32,0.45,0.47,2020-02-13,1158,N,VIIRS,n,2,293.39,4.48,D,0
38.08755,21.38488,339.34,0.41,0.45,2020-02-13,1158,N,VIIRS,n,2,292.99,10.43,D,0
38.08709,21.38017,345.62,0.41,0.45,2020-02-13,1158,N,VIIRS,n,2,294.82,13.02,D,0
38.49248,23.03113,333.68,0.5,0.49,2020-02-13,1158,N,VIIRS,n,2,291.69,7.07,D,0
38.49313,23.0352,339.11,0.5,0.49,2020-02-13,1158,N,VIIRS,n,2,293.23,5.13,D,0
38.36389,21.50522,333.18,0.42,0.45,2020-02-13,1158,N,VIIRS,n,2,294.84,2.09,D,0
39.26587,22.15885,326.59,0.46,0.47,2020-02-13,1158,N,VIIRS,n,2,292.26,3.04,D,0
39.28429,20.54031,327.13,0.38,0.43,2020-02-13,1158,N,VIIRS,n,2,291.11,1.24,D,0
39.54683,22.08115,328.95,0.46,0.47,2020-02-13,1158,N,VIIRS,n,2,292.28,1.03,D,0
39.75075,20.61253,325.26,0.39,0.44,2020-02-13,1158,N,VIIRS,n,2,290.91,3.61,D,0
40.51882,21.34714,335.73,0.43,0.46,2020-02-13,1159,N,VIIRS,n,2,293.38,8.5,D,0
40.67899,22.73545,331.47,0.51,0.49,2020-02-13,1159,N,VIIRS,n,2,295.24,2.61,D,0
41.01419,22.13905,333.59,0.48,0.48,2020-02-13,1159,N,VIIRS,n,2,292.21,3.71,D,0
40.6803,22.51966,326.07,0.5,0.49,2020-02-13,1159,N,VIIRS,n,2,295.1,1.88,D,0
40.68231,22.73433,333.49,0.51,0.5,2020-02-13,1159,N,VIIRS,n,2,295.09,2.27,D,0
40.51927,21.3523,338.68,0.43,0.46,2020-02-13,1159,N,VIIRS,n,2,290.05,8.5,D,0
40.60486,22.32638,327.97,0.53,0.42,2020-02-16,1102,N,VIIRS,n,2,291.54,2.37,D,0
41.01464,25.60676,339.88,0.41,0.37,2020-02-16,1102,N,VIIRS,n,2,288.54,1.99,D,0
41.3857,26.40088,330.58,0.39,0.36,2020-02-16,1102,N,VIIRS,n,2,286.97,3.07,D,0
37.9198,23.07325,295.38,0.32,0.55,2020-02-17,0102,N,VIIRS,n,2,282.57,0.81,N,2
37.12999,22.04337,326.11,0.38,0.58,2020-02-17,1042,N,VIIRS,n,2,290.16,1.13,D,0
37.10345,22.03026,337.16,0.38,0.59,2020-02-17,1042,N,VIIRS,n,2,291.3,5.3,D,0
37.10297,22.0352,330.1,0.38,0.59,2020-02-17,1042,N,VIIRS,n,2,290.96,2.72,D,0
37.10186,22.03094,332.63,0.38,0.59,2020-02-17,1042,N,VIIRS,n,2,291.37,2.72,D,0
38.36445,23.37143,344.76,0.58,0.7,2020-02-17,1223,N,VIIRS,n,2,288.24,4.01,D,0
41.09785,23.38392,337.13,0.6,0.7,2020-02-17,1224,N,VIIRS,n,2,292.5,3.84,D,0
38.37413,24.06267,302.84,0.41,0.45,2020-02-18,0043,N,VIIRS,n,2,280.22,0.79,N,2
38.1288,23.52589,304.9,0.39,0.44,2020-02-18,0043,N,VIIRS,n,2,280.85,0.78,N,2
38.12789,23.52694,299.62,0.39,0.44,2020-02-18,0043,N,VIIRS,n,2,280.19,0.65,N,2
38.56532,23.29133,302.5,0.56,0.43,2020-02-18,0043,N,VIIRS,n,2,283.47,1.23,N,3
39.36502,26.19959,334.25,0.35,0.57,2020-02-18,1024,N,VIIRS,n,2,286.73,2.21,D,0
40.95373,23.13226,327.53,0.45,0.63,2020-02-18,1025,N,VIIRS,n,2,288.9,2.37,D,0
39.8926,21.83092,327.29,0.56,0.69,2020-02-18,1025,N,VIIRS,n,2,289.57,2.13,D,0
40.95408,23.1323,326.09,0.45,0.63,2020-02-18,1025,N,VIIRS,n,2,288.54,2.04,D,0
37.86957,21.60535,338,0.51,0.49,2020-02-18,1204,N,VIIRS,n,2,289.18,3.53,D,0
38.06353,24.38733,327.76,0.36,0.57,2020-02-18,1204,N,VIIRS,n,2,290.14,4.51,D,0
38.06374,24.39105,367,0.36,0.57,2020-02-18,1204,N,VIIRS,h,2,290.64,4.51,D,0
40.51656,21.20048,335.42,0.51,0.5,2020-02-18,1205,N,VIIRS,n,2,293.76,4.27,D,0
40.91928,24.86995,355.78,0.4,0.6,2020-02-18,1205,N,VIIRS,n,2,288.95,6.93,D,0
41.05227,23.92363,337.33,0.36,0.57,2020-02-18,1205,N,VIIRS,n,2,292.93,2.31,D,0
41.72887,26.14412,328.75,0.48,0.64,2020-02-18,1205,N,VIIRS,n,2,291.74,2.83,D,0
40.52114,21.1997,336,0.51,0.5,2020-02-18,1205,N,VIIRS,n,2,293.91,5.02,D,0
38.37428,24.06036,305.21,0.4,0.37,2020-02-19,0024,N,VIIRS,n,2,279.85,0.93,N,2
38.12801,23.52655,306.7,0.4,0.37,2020-02-19,0024,N,VIIRS,n,2,278.99,1,N,2
38.0399,23.51213,295.19,0.4,0.37,2020-02-19,0024,N,VIIRS,n,2,283.64,0.98,N,0
37.91705,23.07424,296.25,0.39,0.36,2020-02-19,0024,N,VIIRS,n,2,282.97,0.99,N,2
37.91309,22.87782,302.7,0.39,0.36,2020-02-19,0024,N,VIIRS,n,2,276.54,0.7,N,0
37.20986,21.99637,331.33,0.46,0.39,2020-02-19,1145,N,VIIRS,n,2,291.84,2.27,D,0
41.10947,24.82686,339.58,0.46,0.47,2020-02-19,1146,N,VIIRS,n,2,283.81,4.74,D,0
41.10512,24.82765,327.94,0.46,0.47,2020-02-19,1146,N,VIIRS,n,2,281.36,4.74,D,0
40.65247,22.74307,334.16,0.54,0.42,2020-02-19,1146,N,VIIRS,n,2,288.57,4.23,D,0
38.82377,22.49617,333.03,0.5,0.41,2020-02-19,1146,N,VIIRS,n,2,284.44,3.79,D,0
39.16734,22.84269,307.64,0.47,0.39,2020-02-20,0005,N,VIIRS,n,2,279.18,0.96,N,2
39.17098,22.8434,297.59,0.47,0.39,2020-02-20,0005,N,VIIRS,n,2,280.37,0.9,N,3
40.93746,24.91385,341.45,0.39,0.36,2020-02-21,1108,N,VIIRS,n,2,290.38,3.66,D,0
38.5624,23.29266,296.31,0.38,0.59,2020-02-22,0108,N,VIIRS,n,2,277.15,0.83,N,2
41.08382,25.09291,327.7,0.54,0.42,2020-02-22,1050,N,VIIRS,n,2,286.86,1.64,D,0
40.5441,22.70445,332.55,0.48,0.48,2020-02-22,1050,N,VIIRS,n,2,286.76,3.83,D,0
41.26051,22.96921,351.29,0.45,0.47,2020-02-22,1050,N,VIIRS,n,2,294.72,10.37,D,0
41.26471,22.96769,341.66,0.45,0.47,2020-02-22,1050,N,VIIRS,n,2,291.28,10.37,D,0
40.54301,22.70254,335.24,0.48,0.48,2020-02-22,1050,N,VIIRS,n,2,287.74,3.95,D,0
41.26565,22.96449,329.62,0.45,0.47,2020-02-22,1050,N,VIIRS,n,2,290.43,2.71,D,0
41.26146,22.96603,346.44,0.45,0.47,2020-02-22,1050,N,VIIRS,n,2,296.34,10.88,D,0
41.25846,22.97283,338.95,0.45,0.47,2020-02-22,1050,N,VIIRS,n,2,291.14,7.57,D,0
41.26141,22.96655,339.16,0.69,0.74,2020-02-22,1230,N,VIIRS,n,2,287.15,9.6,D,0
41.26649,22.95777,330.38,0.69,0.74,2020-02-22,1231,N,VIIRS,n,2,282.45,3.9,D,0
41.26652,22.96646,326.03,0.69,0.74,2020-02-22,1231,N,VIIRS,n,2,282.24,3.9,D,0
39.16994,22.84336,304.7,0.41,0.45,2020-02-23,0049,N,VIIRS,n,2,276.21,1.18,N,2
39.1682,22.84084,305.93,0.41,0.45,2020-02-23,0049,N,VIIRS,n,2,275.43,1.3,N,2
38.46245,21.16287,325.44,0.56,0.68,2020-02-23,1030,N,VIIRS,n,2,288.25,2.16,D,0
41.01964,25.32037,327.19,0.59,0.53,2020-02-23,1031,N,VIIRS,n,2,288.38,2.83,D,0
40.28308,23.44658,297.28,0.41,0.37,2020-02-24,0030,N,VIIRS,n,2,277.23,0.37,N,2
40.70438,22.81456,296.71,0.4,0.37,2020-02-24,0030,N,VIIRS,n,2,275.88,0.68,N,2
36.84803,25.91877,331.55,0.62,0.71,2020-02-24,1011,N,VIIRS,n,2,282.65,3.51,D,0
40.70527,22.56512,335.7,0.69,0.74,2020-02-24,1012,N,VIIRS,n,2,288.84,3.83,D,0
41.23442,23.29268,329.89,0.46,0.47,2020-02-24,1152,N,VIIRS,n,2,290.09,2.16,D,0
38.12326,20.51211,327.56,0.48,0.4,2020-02-24,1152,N,VIIRS,n,2,291.83,1.54,D,0
40.95736,23.58647,347.96,0.47,0.48,2020-02-24,1152,N,VIIRS,n,2,287.44,7.57,D,0
41.43371,26.41079,327.09,0.34,0.56,2020-02-24,1152,N,VIIRS,n,2,292.04,2.49,D,0
41.2336,23.2901,331.78,0.46,0.47,2020-02-24,1153,N,VIIRS,n,2,290.34,1.78,D,0
38.56585,23.29373,308.64,0.4,0.37,2020-02-25,0011,N,VIIRS,n,2,283.84,1.54,N,2
38.12777,23.527,300.09,0.4,0.37,2020-02-25,0011,N,VIIRS,n,2,283.41,0.93,N,2
36.9977,22.51882,336.45,0.39,0.36,2020-02-25,1132,N,VIIRS,n,2,296.68,2.01,D,0
39.97786,25.1688,331.62,0.49,0.41,2020-02-25,1133,N,VIIRS,n,2,291.87,4.21,D,0
40.65094,22.64654,333.11,0.41,0.37,2020-02-25,1133,N,VIIRS,n,2,293.41,3.9,D,0
39.59454,22.25088,331.91,0.4,0.37,2020-02-25,1133,N,VIIRS,n,2,301.51,1.73,D,0
38.57996,21.32722,327.1,0.39,0.36,2020-02-25,1133,N,VIIRS,n,2,295.03,1.42,D,0
38.56819,23.29658,330.33,0.41,0.37,2020-02-25,1133,N,VIIRS,n,2,289.62,3.89,D,3
38.08099,21.38588,327.28,0.38,0.36,2020-02-25,1133,N,VIIRS,n,2,294.49,2.42,D,0
37.49575,22.50931,325.76,0.39,0.36,2020-02-25,1133,N,VIIRS,n,2,294.23,1.71,D,0
37.42379,22.74094,330.06,0.4,0.37,2020-02-25,1133,N,VIIRS,n,2,293.53,1.91,D,0
40.56276,22.66413,325.48,0.41,0.37,2020-02-25,1133,N,VIIRS,n,2,292.43,2.56,D,0
40.60075,22.80402,327.3,0.42,0.37,2020-02-25,1133,N,VIIRS,n,2,292.01,1.73,D,0
41.53234,26.57519,342.05,0.39,0.44,2020-02-25,1134,N,VIIRS,n,2,294.81,6.77,D,0
40.70793,21.67352,339.42,0.4,0.37,2020-02-25,1134,N,VIIRS,n,2,285.01,4.42,D,0
40.9518,23.57878,326.28,0.44,0.38,2020-02-25,1134,N,VIIRS,n,2,288.66,13.71,D,0
40.82636,22.79957,327.5,0.42,0.38,2020-02-25,1134,N,VIIRS,n,2,281.38,3.24,D,0
40.827,22.80456,336.25,0.42,0.38,2020-02-25,1134,N,VIIRS,n,2,280.47,3.24,D,0
40.73071,22.54099,333.42,0.41,0.37,2020-02-25,1134,N,VIIRS,n,2,292.24,2.97,D,0
40.701,22.58279,333.6,0.41,0.37,2020-02-25,1134,N,VIIRS,n,2,291.66,2.69,D,0
41.3856,26.41569,332.75,0.39,0.44,2020-02-25,1134,N,VIIRS,n,2,291.48,2.97,D,0
41.39408,26.37627,338.46,0.38,0.44,2020-02-25,1134,N,VIIRS,n,2,291.36,2.89,D,0
41.38,26.61773,338.71,0.39,0.44,2020-02-25,1134,N,VIIRS,n,2,293.66,6.3,D,0
38.56591,23.29195,297.31,0.4,0.45,2020-02-25,2352,N,VIIRS,n,2,283.78,0.99,N,2
39.38682,22.80905,296.99,0.44,0.46,2020-02-25,2352,N,VIIRS,n,2,276.22,0.36,N,2
38.12842,23.52438,300.49,0.39,0.44,2020-02-25,2353,N,VIIRS,n,2,279.33,0.85,N,2
35.17138,25.28888,337.07,0.39,0.36,2020-02-26,1113,N,VIIRS,n,2,290.9,2.4,D,0
39.25468,26.40599,337.11,0.39,0.36,2020-02-26,1114,N,VIIRS,n,2,296.02,12.13,D,0
39.26686,22.31733,341.65,0.43,0.38,2020-02-26,1114,N,VIIRS,n,2,291.69,4.3,D,0
39.52901,21.67026,326.37,0.44,0.39,2020-02-26,1114,N,VIIRS,n,2,295.68,1.88,D,0
40.77372,21.56134,330.9,0.43,0.38,2020-02-26,1115,N,VIIRS,n,2,293.66,4.17,D,0
40.55736,21.39705,333.45,0.44,0.38,2020-02-26,1115,N,VIIRS,n,2,297.06,7.69,D,0
40.55926,21.40727,330.37,0.44,0.38,2020-02-26,1115,N,VIIRS,n,2,293.42,5.35,D,0
39.99517,21.38566,329.04,0.45,0.39,2020-02-26,1115,N,VIIRS,n,2,293.58,9.77,D,0
40.63166,22.81848,334.88,0.4,0.37,2020-02-26,1115,N,VIIRS,n,2,296.04,4.33,D,0
40.35336,21.1628,328.4,0.45,0.39,2020-02-26,1115,N,VIIRS,n,2,288.78,5.97,D,0
40.3524,21.15769,345.57,0.45,0.39,2020-02-26,1115,N,VIIRS,n,2,293.65,5.97,D,0
40.35685,21.1616,328.99,0.45,0.39,2020-02-26,1115,N,VIIRS,n,2,287.74,3.33,D,0
40.77846,21.0487,330.67,0.45,0.39,2020-02-26,1115,N,VIIRS,n,2,287.45,7.86,D,0
40.9292,22.03682,332.65,0.42,0.37,2020-02-26,1115,N,VIIRS,n,2,293.2,4.93,D,0
40.35591,21.15659,330.05,0.45,0.39,2020-02-26,1115,N,VIIRS,n,2,287.59,3.33,D,0
41.10722,23.33815,331.61,0.39,0.36,2020-02-26,1115,N,VIIRS,n,2,290.25,5.17,D,0
39.38578,22.80645,298.48,0.39,0.59,2020-02-26,2333,N,VIIRS,n,2,282.41,0.47,N,2
38.56499,23.29332,300.69,0.36,0.57,2020-02-26,2334,N,VIIRS,n,2,282.23,0.79,N,2
38.56274,23.29484,298.67,0.36,0.57,2020-02-26,2334,N,VIIRS,n,2,282.47,0.57,N,2
38.56572,23.29336,305.41,0.46,0.64,2020-02-27,0114,N,VIIRS,n,2,283.51,1.79,N,2
38.47886,22.9348,331.11,0.43,0.46,2020-02-27,1055,N,VIIRS,n,2,292.2,2.64,D,0
38.5191,22.83846,342.02,0.44,0.46,2020-02-27,1055,N,VIIRS,n,2,293.52,8.37,D,0
40.69965,22.25532,340.52,0.42,0.45,2020-02-27,1056,N,VIIRS,n,2,293,4.28,D,0
40.7037,22.25378,326.75,0.42,0.45,2020-02-27,1056,N,VIIRS,n,2,291.09,4.28,D,0
36.96799,22.66067,296.19,0.69,0.74,2020-02-27,2315,N,VIIRS,n,2,279.83,0.56,N,0
41.49118,26.19427,297.45,0.63,0.54,2020-02-28,0054,N,VIIRS,n,2,273.79,1.65,N,0
38.56389,23.29346,302.94,0.53,0.5,2020-02-28,0055,N,VIIRS,n,2,279.01,1.54,N,2
38.3717,24.06303,297.5,0.59,0.53,2020-02-28,0055,N,VIIRS,n,2,279.42,1.06,N,2
36.94737,22.48163,327.05,0.44,0.62,2020-02-28,1036,N,VIIRS,n,2,287.93,3.69,D,0
38.67588,22.88298,333.52,0.37,0.58,2020-02-28,1037,N,VIIRS,n,2,287.39,3.64,D,0
41.57099,26.43432,328.47,0.42,0.46,2020-02-28,1037,N,VIIRS,n,2,287.33,2.35,D,0
38.6871,22.55003,342.34,0.39,0.59,2020-02-28,1037,N,VIIRS,n,2,290.18,4.17,D,0
38.68087,22.88004,327.54,0.37,0.58,2020-02-28,1037,N,VIIRS,n,2,284.17,3.64,D,0
38.65318,23.20758,331.35,0.47,0.64,2020-02-28,1217,N,VIIRS,n,2,287.35,4.01,D,0
38.2564,23.42892,332.47,0.48,0.65,2020-02-28,1217,N,VIIRS,n,2,287.17,4.75,D,0
39.00557,23.15718,327.96,0.47,0.64,2020-02-28,1217,N,VIIRS,n,2,286.95,2.34,D,0
38.99957,23.15743,331.46,0.47,0.64,2020-02-28,1217,N,VIIRS,n,2,288.81,2.34,D,0
40.91692,23.71733,353.22,0.52,0.66,2020-02-28,1218,N,VIIRS,n,2,287.74,8.54,D,0
40.96372,23.59574,325.3,0.51,0.66,2020-02-28,1218,N,VIIRS,n,2,287.06,2.56,D,0
40.98466,23.45811,339.99,0.5,0.66,2020-02-28,1218,N,VIIRS,n,2,285.39,3.74,D,0
40.53011,22.62919,343.28,0.45,0.63,2020-02-28,1218,N,VIIRS,n,2,287.76,4.47,D,0
38.37389,24.0603,296.76,0.52,0.41,2020-02-29,0036,N,VIIRS,n,2,279.45,0.96,N,2
39.16938,22.84327,296.49,0.45,0.39,2020-02-29,0036,N,VIIRS,n,2,277.51,0.76,N,2
41.13581,23.2199,311.05,0.44,0.38,2020-02-29,0036,N,VIIRS,n,2,277.23,1.08,N,0
38.12928,23.52287,295.78,0.49,0.41,2020-02-29,0037,N,VIIRS,n,2,279.19,0.97,N,2
38.12716,23.52711,295.67,0.5,0.41,2020-02-29,0037,N,VIIRS,n,2,278.48,0.45,N,2
37.91998,23.07091,298.89,0.48,0.4,2020-02-29,0037,N,VIIRS,n,2,283.59,1.41,N,2
40.17068,22.54375,341.83,0.6,0.71,2020-02-29,1018,N,VIIRS,n,2,287.89,3.91,D,0
40.16885,22.54236,334.84,0.6,0.71,2020-02-29,1018,N,VIIRS,n,2,287.59,5.31,D,0
40.59851,22.63452,347.18,0.58,0.7,2020-02-29,1019,N,VIIRS,n,2,289.72,8.63,D,0
37.80933,21.32145,329.98,0.4,0.45,2020-02-29,1158,N,VIIRS,n,2,291.61,1.62,D,0
37.56785,21.56732,339.64,0.41,0.45,2020-02-29,1158,N,VIIRS,n,2,293.73,42.93,D,0
37.64825,22.89403,339.68,0.49,0.48,2020-02-29,1158,N,VIIRS,n,2,296.91,4.65,D,0
39.73426,22.47293,340.73,0.49,0.48,2020-02-29,1158,N,VIIRS,n,2,294.59,7.34,D,0
39.47553,21.7632,339.6,0.44,0.46,2020-02-29,1158,N,VIIRS,n,2,294.71,2.91,D,0
39.2544,22.12683,341.44,0.46,0.47,2020-02-29,1158,N,VIIRS,n,2,293.23,4.13,D,0
39.19585,22.42808,339.81,0.48,0.48,2020-02-29,1158,N,VIIRS,n,2,292.13,5.6,D,0
38.39163,23.02887,326.1,0.5,0.49,2020-02-29,1158,N,VIIRS,n,2,294.03,2.96,D,0
40.59797,22.63363,326.42,0.51,0.49,2020-02-29,1159,N,VIIRS,n,2,292.69,2.49,D,0
41.04352,23.50089,335.64,0.57,0.52,2020-02-29,1159,N,VIIRS,n,2,290.9,4.01,D,0
41.04067,23.50303,338.46,0.57,0.52,2020-02-29,1159,N,VIIRS,n,2,290.45,4.39,D,0
40.96241,24.60703,345.82,0.32,0.55,2020-02-29,1159,N,VIIRS,n,2,288.23,2.62,D,0
38.73869,22.89422,295.58,0.39,0.36,2020-03-01,0018,N,VIIRS,n,2,275.6,0.43,N,0
39.17051,22.83921,306.66,0.39,0.36,2020-03-01,0018,N,VIIRS,n,2,276.19,0.98,N,2
38.12961,23.52593,298.46,0.38,0.36,2020-03-01,0018,N,VIIRS,n,2,276.8,0.82,N,2
37.91822,23.07053,297.26,0.38,0.36,2020-03-01,0018,N,VIIRS,n,2,283.16,1.06,N,2
39.16985,22.84368,300.51,0.39,0.36,2020-03-01,0018,N,VIIRS,n,2,275.53,0.98,N,2
38.56584,23.29601,300.59,0.38,0.36,2020-03-01,0018,N,VIIRS,n,2,278.42,0.65,N,2
35.41726,23.82388,330.92,0.45,0.39,2020-03-01,1138,N,VIIRS,n,2,293.56,3.37,D,0
37.11856,21.98249,330.03,0.41,0.37,2020-03-01,1139,N,VIIRS,n,2,293.75,1.83,D,0
38.22707,22.11952,334.68,0.42,0.38,2020-03-01,1139,N,VIIRS,n,2,292.78,5.6,D,0
38.41994,23.15764,328.31,0.46,0.39,2020-03-01,1139,N,VIIRS,n,2,291.84,1.31,D,0
38.47285,23.16632,331.75,0.46,0.39,2020-03-01,1139,N,VIIRS,n,2,294.06,4.95,D,0
37.05018,25.18889,331.16,0.54,0.42,2020-03-01,1139,N,VIIRS,n,2,291,13.3,D,0
36.83619,22.70102,333.79,0.43,0.38,2020-03-01,1139,N,VIIRS,n,2,292.37,5.24,D,0
36.84762,22.59525,332.37,0.42,0.38,2020-03-01,1139,N,VIIRS,n,2,298.04,9.18,D,0
38.22601,22.1218,343.41,0.42,0.38,2020-03-01,1139,N,VIIRS,n,2,292.33,5.91,D,0
40.34391,21.80177,330.9,0.43,0.38,2020-03-01,1140,N,VIIRS,n,2,291.75,4.25,D,0
41.08128,23.45415,344.4,0.5,0.41,2020-03-01,1140,N,VIIRS,n,2,297.05,11.34,D,0
41.11974,23.97411,336.15,0.53,0.42,2020-03-01,1140,N,VIIRS,n,2,293.72,5.43,D,0
41.07765,23.4508,327.41,0.5,0.41,2020-03-01,1140,N,VIIRS,n,2,295.86,2.4,D,0
41.07832,23.45679,330.97,0.5,0.41,2020-03-01,1140,N,VIIRS,n,2,296.24,2.37,D,0
41.11926,23.97592,330.79,0.53,0.42,2020-03-01,1140,N,VIIRS,n,2,294.13,3.75,D,0
40.67303,22.51065,330.23,0.46,0.39,2020-03-01,1140,N,VIIRS,n,2,298.5,3.32,D,0
40.49139,21.66374,325.22,0.43,0.38,2020-03-01,1140,N,VIIRS,n,2,293.7,1,D,0
40.56952,22.57728,332.65,0.46,0.39,2020-03-01,1140,N,VIIRS,n,2,296.14,3.71,D,0
40.34105,21.80756,336.96,0.43,0.38,2020-03-01,1140,N,VIIRS,n,2,293.34,4.25,D,0
40.34394,21.80445,335.69,0.43,0.38,2020-03-01,1140,N,VIIRS,n,2,293.5,3.34,D,0
40.34044,21.80517,333.71,0.43,0.38,2020-03-01,1140,N,VIIRS,n,2,292.89,3.34,D,0
39.78563,22.36736,325.42,0.44,0.39,2020-03-01,1140,N,VIIRS,n,2,292.7,1.33,D,0
39.47065,22.0223,327.59,0.43,0.38,2020-03-01,1140,N,VIIRS,n,2,295.74,2.16,D,0
39.46716,22.02303,328.02,0.43,0.38,2020-03-01,1140,N,VIIRS,n,2,294.48,1.64,D,0
38.56646,23.29276,328.02,0.51,0.41,2020-03-01,2359,N,VIIRS,n,2,283.36,3.07,N,2
35.39867,23.84423,343.28,0.39,0.36,2020-03-02,1119,N,VIIRS,n,2,296.48,5.32,D,0
36.85733,22.63878,335.69,0.4,0.37,2020-03-02,1120,N,VIIRS,n,2,296.26,1.67,D,0
35.57782,24.11093,336.57,0.39,0.36,2020-03-02,1120,N,VIIRS,n,2,296.8,2.99,D,0
36.88505,22.61427,335.44,0.4,0.37,2020-03-02,1120,N,VIIRS,n,2,295.08,2.76,D,0
36.88839,22.61335,350.77,0.4,0.37,2020-03-02,1120,N,VIIRS,n,2,297.26,2.76,D,0
39.20194,22.21321,334.67,0.4,0.37,2020-03-02,1121,N,VIIRS,n,2,296.87,1.61,D,0
39.23912,22.24224,335.13,0.39,0.37,2020-03-02,1121,N,VIIRS,n,2,297.79,5.02,D,0
39.50861,21.89536,348.39,0.4,0.37,2020-03-02,1121,N,VIIRS,n,2,295.69,4.2,D,0
39.76949,22.41474,327.43,0.39,0.36,2020-03-02,1121,N,VIIRS,n,2,296.69,2.05,D,0
40.25312,22.56845,327.3,0.39,0.36,2020-03-02,1121,N,VIIRS,n,2,293.52,1.4,D,0
40.50409,22.62527,331.07,0.39,0.36,2020-03-02,1121,N,VIIRS,n,2,295.82,11.02,D,0
40.50965,22.59545,327.67,0.39,0.36,2020-03-02,1121,N,VIIRS,n,2,292.07,1.31,D,0
40.29161,21.38184,325.42,0.4,0.37,2020-03-02,1121,N,VIIRS,l,2,297.68,1.47,D,0
41.19734,23.28135,326.05,0.38,0.36,2020-03-02,1121,N,VIIRS,n,2,296.61,1.55,D,0
40.82874,21.30853,333.97,0.4,0.37,2020-03-02,1121,N,VIIRS,n,2,286.23,3.35,D,0
41.56276,26.47677,344.73,0.44,0.38,2020-03-02,1121,N,VIIRS,n,2,283.14,9.76,D,0
38.91377,22.189,330.61,0.4,0.37,2020-03-02,1121,N,VIIRS,n,2,294.9,1.96,D,0
38.9171,22.18808,329.85,0.4,0.37,2020-03-02,1121,N,VIIRS,n,2,294.59,1.96,D,0
40.63357,22.82216,342.15,0.38,0.36,2020-03-02,1121,N,VIIRS,n,2,298.37,6.1,D,0
40.51091,21.72421,340.22,0.4,0.37,2020-03-02,1121,N,VIIRS,n,2,301.38,15.03,D,0
40.69812,22.47622,332.69,0.39,0.36,2020-03-02,1121,N,VIIRS,n,2,300.21,2.05,D,0
41.04195,23.5557,330.2,0.38,0.36,2020-03-02,1121,N,VIIRS,n,2,296.88,1.72,D,0
41.48059,26.21353,327.49,0.43,0.38,2020-03-02,1121,N,VIIRS,n,2,294.21,2.35,D,0
38.56311,23.29656,295.05,0.59,0.53,2020-03-02,2340,N,VIIRS,n,2,282.85,1.08,N,2
38.37405,24.05994,298.66,0.54,0.5,2020-03-02,2340,N,VIIRS,n,2,285.23,0.76,N,2
38.56486,23.29503,305.82,0.59,0.53,2020-03-02,2340,N,VIIRS,n,2,283.09,1.47,N,2
37.91773,23.07318,295.35,0.56,0.69,2020-03-03,0120,N,VIIRS,n,2,284.09,0.98,N,2
38.56409,23.29324,297.97,0.55,0.68,2020-03-03,0120,N,VIIRS,n,2,281.94,0.61,N,2
37.83248,24.86564,331.89,0.47,0.39,2020-03-03,1101,N,VIIRS,n,2,281.7,3.43,D,0
37.79707,21.92697,334.63,0.42,0.45,2020-03-03,1101,N,VIIRS,n,2,290.08,2.37,D,0
37.6977,21.491,331.9,0.44,0.46,2020-03-03,1101,N,VIIRS,n,2,293.37,3.59,D,0
37.57109,21.56203,341.12,0.44,0.46,2020-03-03,1101,N,VIIRS,n,2,295.14,4.66,D,0
38.3983,23.08487,328.84,0.54,0.42,2020-03-03,1102,N,VIIRS,n,2,294.74,2.71,D,0
37.84326,21.27287,344.22,0.45,0.47,2020-03-03,1102,N,VIIRS,n,2,294.61,5.42,D,0
37.84745,21.2714,335.34,0.45,0.47,2020-03-03,1102,N,VIIRS,n,2,291.24,5.42,D,0
37.94617,21.51547,337.43,0.44,0.46,2020-03-03,1102,N,VIIRS,n,2,293.23,3.84,D,0
41.7123,26.13343,346.67,0.39,0.36,2020-03-03,1102,N,VIIRS,n,2,297.87,4.35,D,0
41.70898,26.13443,338.09,0.39,0.36,2020-03-03,1102,N,VIIRS,n,2,298.25,4.35,D,0
41.54362,26.53984,327.6,0.39,0.36,2020-03-03,1102,N,VIIRS,n,2,285.96,1.68,D,0
41.37112,26.40846,345.39,0.39,0.36,2020-03-03,1102,N,VIIRS,n,2,295.89,7.29,D,0
41.09311,25.07332,333.61,0.42,0.38,2020-03-03,1102,N,VIIRS,n,2,294.28,3.6,D,0
41.30923,26.35703,334.56,0.39,0.36,2020-03-03,1102,N,VIIRS,n,2,295.49,3.03,D,0
40.9102,24.7654,326.73,0.43,0.38,2020-03-03,1102,N,VIIRS,n,2,293.6,2.31,D,0
40.29696,23.25685,331,0.49,0.4,2020-03-03,1102,N,VIIRS,n,2,292.72,3.34,D,0
39.57165,22.33347,326.44,0.55,0.43,2020-03-03,1102,N,VIIRS,n,2,284.25,3.18,D,0
39.57232,22.3347,331.45,0.55,0.43,2020-03-03,1102,N,VIIRS,n,2,284.17,4.35,D,0
38.56391,23.2932,297.83,0.32,0.55,2020-03-04,0101,N,VIIRS,n,2,272.09,0.71,N,2
38.37411,24.06331,303.84,0.41,0.45,2020-03-05,0043,N,VIIRS,n,2,282.2,1.61,N,2
38.13052,23.5245,297.37,0.39,0.44,2020-03-05,0043,N,VIIRS,n,2,280.34,0.53,N,2
38.56491,23.29415,305.45,0.56,0.43,2020-03-05,0043,N,VIIRS,n,2,281.61,1.96,N,2
38.12895,23.5265,298.94,0.39,0.44,2020-03-05,0043,N,VIIRS,n,2,280.63,0.74,N,2
38.80472,22.532,325.22,0.56,0.68,2020-03-05,1024,N,VIIRS,n,2,280.16,4.58,D,0
40.55141,22.62684,327.74,0.49,0.65,2020-03-05,1025,N,VIIRS,n,2,288.05,2.86,D,0
38.53039,22.9774,338.93,0.61,0.54,2020-03-05,1204,N,VIIRS,n,2,287.98,5.68,D,0
40.71557,22.63157,341.37,0.61,0.54,2020-03-05,1205,N,VIIRS,n,2,291.16,7.97,D,0
40.28556,23.44654,296.38,0.39,0.36,2020-03-06,0023,N,VIIRS,n,2,278.65,0.45,N,2
38.03984,23.51181,295.74,0.4,0.37,2020-03-06,0024,N,VIIRS,n,2,284.17,0.93,N,0
38.12796,23.52627,310.05,0.4,0.37,2020-03-06,0024,N,VIIRS,n,2,279.98,0.7,N,2
38.12952,23.52512,311.04,0.4,0.37,2020-03-06,0024,N,VIIRS,n,2,282.02,1.28,N,2
38.3742,24.06059,303.6,0.4,0.37,2020-03-06,0024,N,VIIRS,n,2,280.48,0.9,N,2
38.56511,23.29663,326.7,0.39,0.36,2020-03-06,0024,N,VIIRS,n,2,280.67,2.54,N,2
38.56585,23.29221,320.42,0.39,0.36,2020-03-06,0024,N,VIIRS,n,2,284.24,2.54,N,2
38.29314,23.20431,341.99,0.53,0.42,2020-03-06,1145,N,VIIRS,n,2,291.43,18.87,D,0
38.50412,22.87351,333.06,0.52,0.41,2020-03-06,1146,N,VIIRS,n,2,286.51,8.76,D,0
38.50029,22.87423,332.01,0.52,0.41,2020-03-06,1146,N,VIIRS,n,2,286.5,4.66,D,0
38.50092,22.88021,337.53,0.52,0.41,2020-03-06,1146,N,VIIRS,n,2,283.57,9.09,D,0
38.50215,22.86996,333.09,0.52,0.41,2020-03-06,1146,N,VIIRS,n,2,288.7,5.97,D,0
38.49898,22.8766,339.32,0.52,0.41,2020-03-06,1146,N,VIIRS,n,2,286.6,16.18,D,0
39.653,22.74658,313.57,0.48,0.4,2020-03-07,0005,N,VIIRS,n,2,277.47,1.5,N,0
40.28466,23.44653,298.32,0.45,0.39,2020-03-07,0005,N,VIIRS,n,2,281.44,0.64,N,2
37.92083,21.12766,299.53,0.53,0.42,2020-03-07,0005,N,VIIRS,n,2,282.14,1.03,N,3
38.03115,23.60747,295.59,0.43,0.38,2020-03-07,0005,N,VIIRS,n,2,284.2,0.62,N,2
38.1282,23.52439,311.29,0.43,0.38,2020-03-07,0005,N,VIIRS,n,2,281.44,1.78,N,2
38.37377,24.06098,300.2,0.42,0.38,2020-03-07,0005,N,VIIRS,n,2,283.73,0.94,N,2
38.56349,23.29275,302.47,0.44,0.39,2020-03-07,0005,N,VIIRS,n,2,283.19,1.15,N,2
38.56703,23.29345,302.35,0.44,0.39,2020-03-07,0005,N,VIIRS,n,2,283.13,1.08,N,3
39.35497,22.98396,299.21,0.46,0.39,2020-03-07,0005,N,VIIRS,n,2,283.19,0.77,N,2
39.38739,22.80752,303.66,0.47,0.4,2020-03-07,0005,N,VIIRS,n,2,280.79,0.91,N,2
39.65038,22.75008,316.01,0.47,0.4,2020-03-07,0005,N,VIIRS,n,2,277.11,0.89,N,0
39.60542,22.2358,331.94,0.38,0.36,2020-03-07,1127,N,VIIRS,n,2,297.48,2.09,D,0
40.69081,23.31727,327.68,0.4,0.37,2020-03-07,1127,N,VIIRS,n,2,290.42,4.77,D,0
38.48046,23.00888,328.78,0.39,0.36,2020-03-07,1127,N,VIIRS,n,2,296.16,1.08,D,0
40.69147,23.32194,330.58,0.4,0.37,2020-03-07,1127,N,VIIRS,n,2,291.74,4.77,D,0
38.49131,22.92555,337.59,0.39,0.36,2020-03-07,1127,N,VIIRS,n,2,296.67,3.78,D,0
39.18917,22.82921,327.1,0.39,0.36,2020-03-07,1127,N,VIIRS,n,2,292.58,1.27,D,0
39.21575,22.10324,333.78,0.38,0.36,2020-03-07,1127,N,VIIRS,n,2,303.19,15.23,D,0
38.5648,23.29407,301.92,0.49,0.48,2020-03-07,2346,N,VIIRS,n,2,285.06,1.33,N,2
38.56447,23.29369,296.06,0.66,0.73,2020-03-08,0126,N,VIIRS,n,2,281.41,1.02,N,2
38.12983,23.52571,295.17,0.46,0.47,2020-03-10,0049,N,VIIRS,n,2,279.45,0.84,N,2
37.91849,23.07242,298.07,0.44,0.46,2020-03-10,0049,N,VIIRS,n,2,284.52,1.11,N,2
38.56482,23.29273,310.22,0.44,0.46,2020-03-10,0049,N,VIIRS,n,2,280.27,1.61,N,2
39.7324,21.48644,340.93,0.32,0.54,2020-03-10,1211,N,VIIRS,n,2,287.78,2.38,D,0
39.33907,22.00128,335.27,0.34,0.56,2020-03-10,1211,N,VIIRS,n,2,287.04,1.56,D,0
40.28402,23.44289,298,0.41,0.37,2020-03-11,0030,N,VIIRS,n,2,279.44,0.6,N,2
38.56454,23.29427,330.63,0.42,0.38,2020-03-11,0030,N,VIIRS,n,2,281.78,6.87,N,2
39.32703,22.09666,341.14,0.38,0.44,2020-03-11,1152,N,VIIRS,n,2,295.11,3.27,D,0
39.5931,21.68663,325.53,0.56,0.43,2020-03-11,1152,N,VIIRS,l,2,297.92,1.26,D,0
40.28466,23.44291,297.05,0.41,0.37,2020-03-12,0011,N,VIIRS,n,2,278.85,0.62,N,2
39.35338,22.98394,295.08,0.41,0.37,2020-03-12,0011,N,VIIRS,n,2,281.15,0.78,N,2
38.56502,23.29193,297.15,0.4,0.37,2020-03-12,0011,N,VIIRS,n,2,283.83,0.95,N,2
38.37339,24.06023,301.26,0.39,0.36,2020-03-12,0011,N,VIIRS,n,2,280.09,0.73,N,2
38.13015,23.52556,311.7,0.4,0.37,2020-03-12,0012,N,VIIRS,n,2,281.68,1.57,N,2
37.91932,23.07126,297.5,0.4,0.37,2020-03-12,0012,N,VIIRS,n,2,284.34,0.92,N,2
36.87671,21.84094,327.4,0.39,0.36,2020-03-12,1133,N,VIIRS,n,2,293.52,1.71,D,0
37.24756,21.98809,334.92,0.39,0.36,2020-03-12,1133,N,VIIRS,n,2,296.78,3.57,D,0
37.85348,22.99304,329.03,0.4,0.37,2020-03-12,1133,N,VIIRS,n,2,296.17,2.25,D,0
37.81722,21.30472,333.54,0.38,0.36,2020-03-12,1133,N,VIIRS,n,2,297.26,2.61,D,0
38.09824,22.54435,327.98,0.4,0.37,2020-03-12,1133,N,VIIRS,n,2,291.96,2.85,D,0
39.45029,21.78186,331.7,0.39,0.36,2020-03-12,1133,N,VIIRS,n,2,302.11,2.31,D,0
39.49144,21.80504,325.9,0.39,0.36,2020-03-12,1133,N,VIIRS,n,2,298.24,1.01,D,0
39.51777,21.71117,331.6,0.39,0.36,2020-03-12,1133,N,VIIRS,n,2,298.79,3.04,D,0
39.33752,20.44179,325.17,0.38,0.36,2020-03-12,1133,N,VIIRS,n,2,295.31,1.25,D,0
39.58858,21.62878,330.56,0.39,0.36,2020-03-12,1133,N,VIIRS,n,2,299.59,2.12,D,0
39.62461,21.65426,332.16,0.39,0.36,2020-03-12,1133,N,VIIRS,n,2,300.9,1.41,D,0
40.43597,22.56652,325.78,0.41,0.37,2020-03-12,1134,N,VIIRS,n,2,298.55,1.5,D,0
40.71287,22.31694,331.39,0.41,0.37,2020-03-12,1134,N,VIIRS,n,2,298.76,1.73,D,0
40.69523,22.39546,335.82,0.41,0.37,2020-03-12,1134,N,VIIRS,n,2,306.55,2.96,D,0
40.70375,22.56835,328.99,0.41,0.37,2020-03-12,1134,N,VIIRS,n,2,300.98,1.66,D,0
40.70511,22.57098,327.92,0.41,0.37,2020-03-12,1134,N,VIIRS,l,2,300.9,1.53,D,0
40.48252,21.13887,336.7,0.39,0.36,2020-03-12,1134,N,VIIRS,n,2,299.37,5.67,D,0
40.8213,22.16499,327.16,0.4,0.37,2020-03-12,1134,N,VIIRS,n,2,299.09,1.75,D,0
40.72846,22.22431,332.33,0.4,0.37,2020-03-12,1134,N,VIIRS,n,2,297.71,2.25,D,0
41.17509,26.31224,335.93,0.57,0.43,2020-03-12,1134,N,VIIRS,n,2,296.3,7.1,D,0
38.0364,23.59433,295.23,0.38,0.43,2020-03-12,2353,N,VIIRS,n,2,285.17,0.64,N,0
38.12988,23.52312,307.2,0.39,0.44,2020-03-12,2353,N,VIIRS,n,2,284.04,1.55,N,2
38.13078,23.5144,298.73,0.39,0.44,2020-03-12,2353,N,VIIRS,n,2,281.88,0.4,N,0
38.37345,24.06364,298.75,0.55,0.43,2020-03-12,2353,N,VIIRS,n,2,285.43,0.68,N,2
35.45164,23.92485,332.24,0.42,0.38,2020-03-13,1113,N,VIIRS,n,2,294.36,3.48,D,0
38.3986,23.45271,348.26,0.41,0.37,2020-03-13,1114,N,VIIRS,n,2,297.65,4.13,D,0
36.95554,27.01546,331.57,0.39,0.36,2020-03-13,1114,N,VIIRS,n,2,295.6,3.21,D,0
37.69215,21.67844,326.32,0.47,0.4,2020-03-13,1114,N,VIIRS,n,2,294.78,3.81,D,0
38.38115,23.1286,327.9,0.41,0.37,2020-03-13,1114,N,VIIRS,n,2,297,2.2,D,0
39.15047,23.39882,336.02,0.4,0.37,2020-03-13,1114,N,VIIRS,n,2,291.96,4.04,D,0
39.15252,22.81856,328.45,0.41,0.37,2020-03-13,1114,N,VIIRS,n,2,294.99,1.42,D,0
39.08347,22.24028,330.79,0.43,0.38,2020-03-13,1114,N,VIIRS,n,2,298.52,1.01,D,0
40.39001,21.85467,330.71,0.43,0.38,2020-03-13,1115,N,VIIRS,l,2,302.4,1.54,D,0
40.37113,22.42559,334.69,0.41,0.37,2020-03-13,1115,N,VIIRS,n,2,297.69,3.03,D,0
39.54277,21.66096,327.78,0.44,0.39,2020-03-13,1115,N,VIIRS,n,2,302.54,1.44,D,0
39.37996,20.66812,338.93,0.48,0.4,2020-03-13,1115,N,VIIRS,n,2,293.4,5.54,D,0
41.39649,26.38261,330.2,0.4,0.37,2020-03-13,1115,N,VIIRS,n,2,299.44,1.16,D,0
40.50251,21.71158,329.13,0.43,0.38,2020-03-13,1115,N,VIIRS,n,2,301.03,1.36,D,0
40.56766,23.32962,346.54,0.39,0.37,2020-03-13,1115,N,VIIRS,n,2,297.69,3.45,D,0
38.03089,23.60634,296.43,0.34,0.56,2020-03-13,2334,N,VIIRS,n,2,286.38,0.57,N,2
37.91806,23.07096,297.7,0.36,0.58,2020-03-13,2334,N,VIIRS,n,2,287.59,1.05,N,2
38.13058,23.52521,308.8,0.35,0.56,2020-03-13,2334,N,VIIRS,n,2,284.91,0.7,N,2
40.28651,23.44475,296.71,0.42,0.61,2020-03-14,0113,N,VIIRS,n,2,282.25,0.47,N,2
37.91854,23.07321,297.69,0.47,0.64,2020-03-14,0114,N,VIIRS,n,2,286.83,1.36,N,2
38.03066,23.60415,295.21,0.5,0.66,2020-03-14,0114,N,VIIRS,n,2,284.74,1.25,N,0
38.37258,24.06236,295.22,0.51,0.66,2020-03-14,0114,N,VIIRS,n,2,282.34,0.29,N,2
38.29936,23.57192,339.79,0.41,0.45,2020-03-14,1055,N,VIIRS,n,2,293.59,2.75,D,0
38.85412,22.54345,328.64,0.44,0.46,2020-03-14,1055,N,VIIRS,n,2,287.67,2.26,D,0
41.6993,26.15105,344.85,0.43,0.38,2020-03-14,1056,N,VIIRS,n,2,295.3,6.37,D,0
40.78875,21.60031,325.18,0.45,0.47,2020-03-14,1056,N,VIIRS,n,2,293.44,1.73,D,0
41.63507,26.40647,325.8,0.42,0.38,2020-03-14,1056,N,VIIRS,n,2,295.58,1.9,D,0
40.07011,21.86258,341.02,0.45,0.47,2020-03-14,1056,N,VIIRS,n,2,292.16,5.86,D,0
39.67729,22.40234,332.16,0.43,0.46,2020-03-14,1056,N,VIIRS,n,2,295.31,3.06,D,0
39.43248,22.59575,325.37,0.43,0.46,2020-03-14,1056,N,VIIRS,n,2,288.96,2.21,D,0
40.75519,21.14001,336.73,0.67,0.74,2020-03-14,1237,N,VIIRS,n,2,287.92,7.14,D,0
38.37281,24.0628,297.04,0.59,0.53,2020-03-15,0055,N,VIIRS,n,2,283.14,1.03,N,2
37.91804,23.07407,297.03,0.54,0.51,2020-03-15,0055,N,VIIRS,n,2,286.24,1.72,N,2
38.37163,24.06207,296.12,0.59,0.53,2020-03-15,0055,N,VIIRS,n,2,282.84,0.58,N,2
40.28196,23.44549,297.19,0.49,0.49,2020-03-15,0055,N,VIIRS,n,2,281.22,0.72,N,2
39.38453,22.80397,296.08,0.48,0.48,2020-03-15,0055,N,VIIRS,n,2,268.08,0.7,N,0
37.99069,23.90763,331.74,0.35,0.56,2020-03-15,1036,N,VIIRS,n,2,288.98,2.09,D,0
37.99079,23.90714,331.93,0.34,0.56,2020-03-15,1036,N,VIIRS,n,2,288.39,2.28,D,0
38.0677,20.72717,355.76,0.57,0.43,2020-03-16,1158,N,VIIRS,n,2,298.45,18.12,D,0
38.06702,20.72062,330.05,0.57,0.43,2020-03-16,1158,N,VIIRS,n,2,292.6,18.12,D,0
40.93105,24.89733,329.29,0.34,0.56,2020-03-16,1159,N,VIIRS,n,2,288.63,1.83,D,0
40.28339,23.44618,295.86,0.39,0.36,2020-03-17,0017,N,VIIRS,n,2,275.85,0.28,N,2
39.17002,22.84183,309.18,0.39,0.36,2020-03-17,0018,N,VIIRS,n,2,275.69,1.17,N,2
39.16604,22.84548,295.12,0.39,0.36,2020-03-17,0018,N,VIIRS,n,2,272.54,0.97,N,2
38.56533,23.29393,296.96,0.38,0.36,2020-03-17,0018,N,VIIRS,n,2,281.28,0.89,N,2
39.38523,22.80715,305.6,0.39,0.36,2020-03-17,0018,N,VIIRS,n,2,274.32,1.06,N,2
38.1283,23.52518,313.33,0.38,0.36,2020-03-17,0018,N,VIIRS,n,2,279.79,1.75,N,2
39.35527,22.98557,301.96,0.39,0.36,2020-03-17,0018,N,VIIRS,n,2,278.27,0.9,N,2
38.56528,23.29426,334.07,0.47,0.39,2020-03-17,1139,N,VIIRS,n,2,293.62,3.52,D,2
37.0088,21.97581,338.02,0.41,0.37,2020-03-17,1139,N,VIIRS,n,2,298.32,3.55,D,0
37.25214,21.97199,340.25,0.41,0.37,2020-03-17,1139,N,VIIRS,n,2,296.49,4.31,D,0
37.5716,21.5519,335.86,0.4,0.37,2020-03-17,1139,N,VIIRS,n,2,297.5,2.47,D,0
38.45614,21.19024,328.88,0.4,0.37,2020-03-17,1139,N,VIIRS,n,2,293.47,1.81,D,0
39.66183,20.75373,330.97,0.4,0.37,2020-03-17,1140,N,VIIRS,n,2,294.19,2.24,D,0
39.44155,20.74846,327.37,0.4,0.37,2020-03-17,1140,N,VIIRS,n,2,291.8,2.57,D,0
39.76178,20.74383,329.63,0.4,0.37,2020-03-17,1140,N,VIIRS,n,2,297.84,2.69,D,0
40.58368,22.93826,302.58,0.56,0.43,2020-03-17,2358,N,VIIRS,n,2,277.18,2.24,N,0
40.58297,22.94502,320.5,0.56,0.43,2020-03-17,2358,N,VIIRS,n,2,277.83,2.24,N,0
38.1282,23.526,306.98,0.49,0.4,2020-03-17,2359,N,VIIRS,n,2,278.67,1.42,N,2
35.29702,24.46787,329.96,0.39,0.36,2020-03-18,1120,N,VIIRS,n,2,289.88,27.06,D,0
35.29306,24.46443,332.18,0.39,0.36,2020-03-18,1120,N,VIIRS,n,2,292.89,6.71,D,0
37.04578,22.06271,332.92,0.41,0.37,2020-03-18,1120,N,VIIRS,n,2,296.59,4.02,D,0
37.21694,21.77725,330.38,0.42,0.37,2020-03-18,1120,N,VIIRS,n,2,293.13,2.52,D,0
37.2559,21.97837,330.36,0.41,0.37,2020-03-18,1120,N,VIIRS,n,2,296.57,3.68,D,0
37.8702,21.23471,334.26,0.43,0.38,2020-03-18,1120,N,VIIRS,n,2,300.46,2.78,D,0
38.38078,23.13205,331.87,0.39,0.36,2020-03-18,1120,N,VIIRS,n,2,298.12,3.67,D,0
38.39293,21.16123,343.86,0.42,0.38,2020-03-18,1120,N,VIIRS,n,2,294.02,6.71,D,0
37.21773,21.77509,329.74,0.42,0.37,2020-03-18,1120,N,VIIRS,n,2,292.73,2.83,D,0
40.70714,21.70232,346.07,0.39,0.37,2020-03-18,1121,N,VIIRS,n,2,294.04,30.04,D,0
40.70637,21.6977,367,0.39,0.37,2020-03-18,1121,N,VIIRS,l,2,326,30.04,D,0
39.39456,22.13048,335.87,0.39,0.37,2020-03-18,1121,N,VIIRS,n,2,294.57,3.14,D,0
39.3938,22.12594,340.42,0.4,0.37,2020-03-18,1121,N,VIIRS,n,2,292.48,1.84,D,0
41.14948,23.30334,327.56,0.38,0.36,2020-03-18,1121,N,VIIRS,n,2,291.85,1.5,D,0
40.61952,22.79779,328.52,0.38,0.36,2020-03-18,1121,N,VIIRS,n,2,292.57,1.3,D,0
40.70968,21.69674,330.25,0.39,0.37,2020-03-18,1121,N,VIIRS,n,2,282.06,30.04,D,0
40.71045,21.70136,335.27,0.39,0.37,2020-03-18,1121,N,VIIRS,n,2,285.33,30.04,D,0
39.7613,19.69177,336.04,0.45,0.39,2020-03-18,1121,N,VIIRS,n,2,295.87,8.75,D,0
39.70182,20.82477,329.1,0.42,0.38,2020-03-18,1121,N,VIIRS,n,2,295.15,2.22,D,0
39.53444,21.91735,339.42,0.4,0.37,2020-03-18,1121,N,VIIRS,n,2,295.25,2.61,D,0
40.71123,21.70598,334.65,0.39,0.37,2020-03-18,1121,N,VIIRS,n,2,292.27,6.45,D,0
35.29264,24.46475,308.63,0.47,0.48,2020-03-18,2341,N,VIIRS,n,2,275.59,1.4,N,0
35.29705,24.46539,300.56,0.47,0.48,2020-03-18,2341,N,VIIRS,n,2,279.77,1.4,N,0
36.78389,22.56454,327.73,0.41,0.45,2020-03-19,1101,N,VIIRS,n,2,294.04,2.85,D,0
37.08049,21.94911,331.6,0.43,0.46,2020-03-19,1101,N,VIIRS,n,2,292.57,3.25,D,0
37.74372,22.32781,336.16,0.4,0.44,2020-03-19,1101,N,VIIRS,n,2,294.16,2.49,D,0
41.11653,25.29557,327.76,0.41,0.37,2020-03-19,1102,N,VIIRS,n,2,294.78,1.65,D,0
41.01395,22.60209,327.53,0.51,0.41,2020-03-19,1102,N,VIIRS,n,2,295.04,2.48,D,0
41.01492,22.60365,326.53,0.51,0.41,2020-03-19,1102,N,VIIRS,n,2,295.81,1.52,D,0
41.00148,22.5957,338.69,0.51,0.41,2020-03-19,1102,N,VIIRS,n,2,298.87,23.98,D,0
40.99778,22.59699,338.27,0.51,0.41,2020-03-19,1102,N,VIIRS,n,2,306.16,23.98,D,0
40.66892,22.55046,331.97,0.52,0.41,2020-03-19,1102,N,VIIRS,n,2,297.47,1.52,D,0
40.93388,24.58679,336.98,0.43,0.38,2020-03-19,1102,N,VIIRS,n,2,293.33,4.3,D,0
41.05057,25.58267,330.81,0.41,0.37,2020-03-19,1102,N,VIIRS,n,2,296.35,1.89,D,0
40.33322,22.28338,341.93,0.54,0.42,2020-03-19,1102,N,VIIRS,n,2,292.5,7.77,D,0
39.77662,20.72746,329.38,0.43,0.46,2020-03-19,1102,N,VIIRS,n,2,295.25,2.03,D,0
39.75336,20.76278,333.95,0.43,0.46,2020-03-19,1102,N,VIIRS,n,2,300.77,2.9,D,0
39.75049,20.76698,332.73,0.43,0.46,2020-03-19,1102,N,VIIRS,n,2,301.09,3.4,D,0
39.56799,22.68098,326.59,0.53,0.42,2020-03-19,1102,N,VIIRS,n,2,297.23,1.55,D,0
38.45513,22.90623,331.59,0.55,0.42,2020-03-19,1102,N,VIIRS,n,2,293.63,4,D,0
37.9394,21.51107,326.63,0.43,0.46,2020-03-19,1102,N,VIIRS,n,2,292.05,2.75,D,0
37.81209,21.31296,331.72,0.45,0.47,2020-03-19,1102,N,VIIRS,n,2,295.18,1.13,D,0
39.3539,22.98251,296.09,0.59,0.53,2020-03-20,0101,N,VIIRS,n,2,280.63,1.49,N,2
38.56348,23.29442,302.76,0.32,0.55,2020-03-20,0102,N,VIIRS,n,2,278.28,0.75,N,2
37.91726,23.07298,298.83,0.32,0.55,2020-03-20,0102,N,VIIRS,n,2,282.84,1.2,N,2
38.13024,23.52653,295.91,0.34,0.56,2020-03-20,0102,N,VIIRS,n,2,275.86,0.3,N,2
40.91512,24.59568,340.47,0.45,0.47,2020-03-20,1043,N,VIIRS,n,2,293.63,4.01,D,0
40.91827,24.59583,356.62,0.45,0.47,2020-03-20,1043,N,VIIRS,n,2,292.98,12.41,D,0
40.88341,24.72274,325.81,0.45,0.47,2020-03-20,1043,N,VIIRS,n,2,291.02,2.19,D,0
39.54076,22.1579,329.32,0.32,0.55,2020-03-20,1043,N,VIIRS,n,2,293.35,1.97,D,0
39.54137,22.15873,330.03,0.32,0.55,2020-03-20,1043,N,VIIRS,n,2,293.75,1.69,D,0
38.35954,21.49757,329.28,0.37,0.58,2020-03-20,1043,N,VIIRS,n,2,296.72,2.11,D,0
37.27601,21.97118,329.96,0.37,0.58,2020-03-20,1043,N,VIIRS,n,2,293.93,2.22,D,0
40.9193,24.59404,330.87,0.45,0.47,2020-03-20,1043,N,VIIRS,n,2,290.17,4.01,D,0
40.96227,24.66222,339.51,0.45,0.47,2020-03-20,1043,N,VIIRS,n,2,294.77,4.62,D,0
40.51677,21.57966,337.12,0.32,0.55,2020-03-20,1044,N,VIIRS,n,2,295.61,2.16,D,0
41.65661,26.38395,332.13,0.54,0.42,2020-03-20,1044,N,VIIRS,n,2,297.13,3.11,D,0
40.51779,21.57939,337.6,0.32,0.55,2020-03-20,1044,N,VIIRS,n,2,296.22,2.66,D,0
37.59229,21.80594,328.9,0.47,0.64,2020-03-20,1223,N,VIIRS,n,2,291.46,2.23,D,0
37.18324,21.97096,355.58,0.48,0.65,2020-03-20,1223,N,VIIRS,n,2,294.36,5.88,D,0
37.82616,22.14915,333.25,0.5,0.65,2020-03-20,1223,N,VIIRS,n,2,292.39,5.2,D,0
40.8735,21.46346,347.81,0.48,0.65,2020-03-20,1224,N,VIIRS,n,2,298.53,5.57,D,0
40.87271,21.46127,339.62,0.48,0.64,2020-03-20,1224,N,VIIRS,n,2,298.46,5.99,D,0
40.77308,22.94633,333.33,0.57,0.69,2020-03-20,1224,N,VIIRS,n,2,290.66,2.62,D,0
40.6952,22.41528,335.76,0.53,0.67,2020-03-20,1224,N,VIIRS,n,2,301.46,3.49,D,0
40.69735,22.4121,327.87,0.53,0.67,2020-03-20,1224,N,VIIRS,l,2,301,2.52,D,0
40.28416,23.44736,298.1,0.53,0.42,2020-03-21,0042,N,VIIRS,n,2,281.11,0.9,N,2
39.16994,22.83971,309.08,0.52,0.41,2020-03-21,0043,N,VIIRS,n,2,279.96,1.08,N,2
39.35246,22.98666,299.36,0.52,0.42,2020-03-21,0043,N,VIIRS,n,2,282.71,0.69,N,2
37.91762,23.07206,299.99,0.56,0.43,2020-03-21,0043,N,VIIRS,n,2,285.63,1.49,N,2
38.12815,23.52352,302.37,0.39,0.44,2020-03-21,0043,N,VIIRS,n,2,280.38,0.85,N,2
38.03029,23.60546,295.98,0.39,0.44,2020-03-21,0043,N,VIIRS,n,2,283.5,0.61,N,2
37.57397,21.91694,330.78,0.64,0.72,2020-03-21,1024,N,VIIRS,n,2,289.72,2.89,D,0
39.28384,22.24299,336.31,0.56,0.68,2020-03-21,1024,N,VIIRS,n,2,298.32,3.3,D,0
37.57712,21.91811,326.57,0.64,0.72,2020-03-21,1024,N,VIIRS,n,2,290.27,4.11,D,0
40.78645,21.129,341.51,0.57,0.69,2020-03-21,1025,N,VIIRS,n,2,294.46,6.34,D,0
39.28616,22.24286,334.74,0.56,0.68,2020-03-21,1025,N,VIIRS,n,2,297.22,3.26,D,0
40.78689,21.12613,367,0.57,0.69,2020-03-21,1025,N,VIIRS,h,2,295.3,7.32,D,0
40.97907,24.65177,328.33,0.38,0.59,2020-03-21,1025,N,VIIRS,n,2,294.31,1.82,D,0
37.88154,21.54119,328.45,0.5,0.49,2020-03-21,1204,N,VIIRS,n,2,295.04,2.69,D,0
37.37253,22.26339,343.1,0.55,0.51,2020-03-21,1204,N,VIIRS,n,2,294.58,7.75,D,0
39.57707,21.66732,326.77,0.53,0.5,2020-03-21,1205,N,VIIRS,n,2,299.01,2.68,D,0
39.67243,21.65942,338.56,0.54,0.5,2020-03-21,1205,N,VIIRS,n,2,300.18,5.01,D,0
39.6259,20.95098,353.18,0.49,0.49,2020-03-21,1205,N,VIIRS,n,2,298.35,10.08,D,0
38.57057,21.40557,335.63,0.51,0.49,2020-03-21,1205,N,VIIRS,n,2,297.25,2.13,D,0
40.31165,21.25257,337,0.52,0.5,2020-03-21,1205,N,VIIRS,n,2,299.8,5,D,0
40.49733,22.60689,330.78,0.61,0.54,2020-03-21,1205,N,VIIRS,n,2,292.61,3.69,D,0
40.49705,22.60763,334.22,0.61,0.54,2020-03-21,1205,N,VIIRS,n,2,293.2,4.37,D,0
40.55421,22.63883,334.49,0.61,0.54,2020-03-21,1205,N,VIIRS,n,2,294.5,4.24,D,0
38.44401,21.15026,330.45,0.49,0.48,2020-03-21,1205,N,VIIRS,n,2,295.39,3.4,D,0
38.45845,21.15982,340.19,0.49,0.48,2020-03-21,1205,N,VIIRS,n,2,297.79,5.11,D,0
38.6357,22.90999,334.68,0.61,0.53,2020-03-21,1205,N,VIIRS,n,2,296.9,4.33,D,0
38.63573,22.90848,338.97,0.61,0.53,2020-03-21,1205,N,VIIRS,n,2,296.6,5.64,D,0
41.59127,26.25672,343.48,0.48,0.65,2020-03-21,1205,N,VIIRS,n,2,294.93,5.32,D,0
41.17234,23.33076,335.53,0.34,0.56,2020-03-21,1205,N,VIIRS,n,2,296.3,4.27,D,0
41.17258,23.33489,367,0.34,0.56,2020-03-21,1205,N,VIIRS,h,2,296.09,4.27,D,0
41.00389,22.38994,339.47,0.6,0.53,2020-03-21,1205,N,VIIRS,n,2,295.02,5.35,D,0
39.35455,22.98446,297.96,0.39,0.36,2020-03-22,0024,N,VIIRS,n,2,275.84,1,N,2
37.91876,23.07295,298.89,0.39,0.36,2020-03-22,0024,N,VIIRS,n,2,282.65,1.02,N,2
38.04027,23.51259,296.03,0.4,0.37,2020-03-22,0024,N,VIIRS,n,2,285.76,0.91,N,0
38.12969,23.52489,302.2,0.4,0.37,2020-03-22,0024,N,VIIRS,n,2,275.08,1.06,N,2
39.38674,22.80792,299.53,0.39,0.36,2020-03-22,0024,N,VIIRS,n,2,279.61,0.74,N,2
36.99997,21.94116,328.75,0.54,0.42,2020-03-24,1108,N,VIIRS,n,2,295.41,4.4,D,0
39.28062,26.14042,326.72,0.52,0.42,2020-03-25,1049,N,VIIRS,n,2,285.73,2.53,D,0
38.13065,23.52508,299.94,0.4,0.37,2020-03-28,0012,N,VIIRS,n,2,280.06,0.57,N,2
36.76023,22.91327,330.39,0.4,0.37,2020-03-28,1133,N,VIIRS,n,2,293.9,2.05,D,0
35.39537,24.64299,298.1,0.48,0.4,2020-03-28,2353,N,VIIRS,n,2,281.54,0.87,N,0
39.38564,22.80682,298.91,0.39,0.59,2020-03-29,2333,N,VIIRS,n,2,279.16,0.64,N,2
39.38505,22.80611,298.6,0.39,0.59,2020-03-29,2333,N,VIIRS,n,2,279.01,0.57,N,2
38.13077,23.52388,298.16,0.35,0.56,2020-03-29,2334,N,VIIRS,n,2,279.95,0.59,N,2
39.35572,22.98501,296.85,0.43,0.62,2020-03-30,0114,N,VIIRS,n,2,280.78,1.09,N,2
38.19678,23.86032,327.5,0.39,0.44,2020-03-30,1055,N,VIIRS,n,2,291.51,1.79,D,0
41.34797,26.53225,332.37,0.42,0.38,2020-03-30,1056,N,VIIRS,n,2,299.94,2.4,D,0
40.82486,25.98583,336.48,0.46,0.47,2020-03-31,1037,N,VIIRS,n,2,289.06,3.87,D,3
41.06488,25.61654,340.03,0.48,0.48,2020-03-31,1037,N,VIIRS,n,2,292.39,4.17,D,0
38.12905,23.52713,302.5,0.5,0.41,2020-04-01,0037,N,VIIRS,n,2,282.37,0.67,N,2
38.56541,23.29448,295.25,0.48,0.4,2020-04-01,0037,N,VIIRS,n,2,282.53,1.22,N,2
38.37292,24.0596,299.97,0.52,0.41,2020-04-01,0037,N,VIIRS,n,2,280.6,1.08,N,2
39.3534,22.98442,302.29,0.39,0.36,2020-04-02,0018,N,VIIRS,n,2,280.18,0.99,N,2
37.91811,23.07267,300.68,0.38,0.36,2020-04-02,0018,N,VIIRS,n,2,286.03,0.94,N,2
38.12917,23.52591,306.95,0.38,0.36,2020-04-02,0018,N,VIIRS,n,2,282.94,1.27,N,2
36.81616,27.16963,326.41,0.45,0.47,2020-04-02,1139,N,VIIRS,n,2,294.59,3.21,D,0
37.92016,21.26782,330,0.4,0.37,2020-04-02,1139,N,VIIRS,n,2,289.42,1.86,D,0
38.1282,23.52318,301.29,0.49,0.4,2020-04-02,2359,N,VIIRS,n,2,278.81,1.26,N,2
38.03857,23.51281,297.88,0.43,0.38,2020-04-08,0005,N,VIIRS,n,2,279.53,0.84,N,2
38.55506,21.49846,326.6,0.39,0.36,2020-04-08,1127,N,VIIRS,n,2,291.88,0.95,D,3
39.22902,25.98135,342.13,0.45,0.39,2020-04-08,1127,N,VIIRS,n,2,290.57,10.69,D,0
38.56255,21.39533,345.64,0.39,0.36,2020-04-08,1127,N,VIIRS,n,2,299.75,8.97,D,0
38.62583,21.30608,326.51,0.39,0.36,2020-04-08,1127,N,VIIRS,n,2,296.41,0.92,D,0
38.44141,21.27822,333.27,0.39,0.36,2020-04-08,1127,N,VIIRS,n,2,294.29,3.23,D,0
40.87519,24.76212,333.93,0.43,0.38,2020-04-08,1127,N,VIIRS,n,2,294.25,5.09,D,0
40.87171,24.76287,332.88,0.43,0.38,2020-04-08,1127,N,VIIRS,n,2,297.59,5.09,D,0
40.25228,21.46009,325.66,0.38,0.36,2020-04-08,1127,N,VIIRS,n,2,296.11,1.89,D,0
39.5718,20.2026,326.88,0.4,0.37,2020-04-08,1127,N,VIIRS,n,2,295.68,1.02,D,0
38.85507,21.42024,332.93,0.39,0.36,2020-04-08,1127,N,VIIRS,n,2,291.33,2.2,D,0
38.4381,21.27908,332.25,0.39,0.36,2020-04-08,1127,N,VIIRS,n,2,297.32,2.38,D,0
38.12804,23.52352,295.87,0.47,0.47,2020-04-08,2346,N,VIIRS,n,2,277.89,0.75,N,2
35.24827,24.27389,331.44,0.46,0.39,2020-04-09,1107,N,VIIRS,n,2,287.3,7.27,D,0
38.31081,23.64515,347,0.44,0.39,2020-04-09,1108,N,VIIRS,n,2,294.92,13.03,D,0
38.05692,23.51752,325.73,0.45,0.39,2020-04-09,1108,N,VIIRS,l,2,297.26,1.38,D,0
38.43578,21.16494,326.37,0.56,0.43,2020-04-09,1108,N,VIIRS,n,2,297.66,2.18,D,0
39.56006,20.71351,331.23,0.55,0.43,2020-04-09,1108,N,VIIRS,n,2,296.13,3.92,D,0
41.15639,26.27526,336.53,0.38,0.36,2020-04-09,1108,N,VIIRS,n,2,298.42,2.74,D,0
40.55695,21.40497,330.65,0.5,0.41,2020-04-09,1109,N,VIIRS,n,2,294.2,2.46,D,0
38.12837,23.52347,296.54,0.42,0.61,2020-04-09,2327,N,VIIRS,n,2,280.24,0.41,N,2
38.03244,23.60588,295.83,0.42,0.61,2020-04-09,2327,N,VIIRS,n,2,285.46,0.59,N,2
38.12897,23.52387,298.36,0.42,0.61,2020-04-09,2327,N,VIIRS,n,2,281.16,0.56,N,2
35.0365,24.91892,335.37,0.49,0.48,2020-04-10,1048,N,VIIRS,n,2,296.04,4.8,D,0
35.08963,24.75159,325.12,0.5,0.49,2020-04-10,1048,N,VIIRS,n,2,294.74,1.55,D,0
37.07189,21.72826,350.69,0.32,0.55,2020-04-10,1049,N,VIIRS,n,2,293.1,43.69,D,0
37.06921,21.73888,367,0.32,0.55,2020-04-10,1049,N,VIIRS,h,2,298.02,67.57,D,0
37.06696,21.72997,344.78,0.32,0.55,2020-04-10,1049,N,VIIRS,n,2,294.62,43.69,D,0
37.0681,21.73449,367,0.32,0.55,2020-04-10,1049,N,VIIRS,l,2,327.94,43.69,D,0
37.07425,21.73762,334.67,0.32,0.55,2020-04-10,1049,N,VIIRS,n,2,290.21,67.57,D,0
37.07311,21.73308,353.53,0.32,0.55,2020-04-10,1049,N,VIIRS,n,2,306.5,43.69,D,0
37.28946,21.98348,339.35,0.62,0.54,2020-04-10,1049,N,VIIRS,n,2,295.44,7.22,D,0
38.8213,22.68749,329.21,0.52,0.5,2020-04-10,1049,N,VIIRS,n,2,296.12,3.72,D,0
40.9712,23.88951,333.56,0.41,0.45,2020-04-10,1050,N,VIIRS,n,2,304.66,2.95,D,0
40.42022,21.16243,346.04,0.57,0.52,2020-04-10,1050,N,VIIRS,n,2,298.07,8.39,D,0
39.24685,20.66514,337.16,0.32,0.55,2020-04-10,1050,N,VIIRS,n,2,292.93,2.09,D,0
37.07216,21.73864,367,0.57,0.69,2020-04-10,1229,N,VIIRS,h,2,299.61,11.15,D,0
37.07191,21.73694,353.26,0.57,0.69,2020-04-10,1229,N,VIIRS,n,2,298.62,7.6,D,0
37.07213,21.74354,330.82,0.57,0.69,2020-04-10,1229,N,VIIRS,n,2,293.66,7.6,D,0
37.0655,21.73911,327.2,0.57,0.69,2020-04-10,1229,N,VIIRS,n,2,295.43,2.76,D,0
38.55985,21.45054,328.39,0.56,0.69,2020-04-10,1230,N,VIIRS,n,2,292.3,2.19,D,0
38.3739,24.06259,296.49,0.49,0.48,2020-04-11,0049,N,VIIRS,n,2,283.67,0.73,N,2
37.91858,23.07364,298.33,0.45,0.47,2020-04-11,0049,N,VIIRS,n,2,286.84,1.2,N,2
38.03944,23.51195,295.48,0.47,0.47,2020-04-11,0049,N,VIIRS,n,2,285.33,1.15,N,2
38.03168,23.60526,297.25,0.47,0.48,2020-04-11,0049,N,VIIRS,n,2,284.93,1.04,N,2
38.12835,23.52585,295.08,0.46,0.47,2020-04-11,0049,N,VIIRS,n,2,281.7,0.29,N,2
39.35545,22.98695,300.94,0.41,0.45,2020-04-11,0049,N,VIIRS,n,2,283.39,0.83,N,2
38.56534,23.29307,299.45,0.44,0.46,2020-04-11,0049,N,VIIRS,n,2,284.82,1.11,N,2
38.39302,26.02742,345.23,0.63,0.54,2020-04-11,1030,N,VIIRS,n,2,299.64,18.02,D,0
37.66262,26.82547,339.27,0.6,0.53,2020-04-11,1030,N,VIIRS,n,2,296.53,17.75,D,0
37.66119,26.81967,338.19,0.6,0.53,2020-04-11,1030,N,VIIRS,n,2,294.38,10.35,D,0
38.39127,26.02043,339.92,0.63,0.54,2020-04-11,1030,N,VIIRS,n,2,294.5,18.02,D,0
38.12635,24.35824,345.31,0.39,0.59,2020-04-11,1030,N,VIIRS,n,2,294.33,3.7,D,0
38.38654,26.02278,351.41,0.63,0.54,2020-04-11,1030,N,VIIRS,n,2,306.59,33.11,D,0
38.38833,26.02992,344.14,0.63,0.54,2020-04-11,1030,N,VIIRS,n,2,299.26,33.11,D,0
36.83023,22.49711,350.9,0.53,0.67,2020-04-11,1030,N,VIIRS,n,2,295.99,8.7,D,0
38.45399,21.16365,326.91,0.55,0.68,2020-04-11,1031,N,VIIRS,n,2,297.2,1.92,D,0
40.80046,24.01236,327.4,0.35,0.56,2020-04-11,1031,N,VIIRS,n,2,296.79,1.4,D,0
39.10109,20.96791,327.47,0.54,0.68,2020-04-11,1031,N,VIIRS,n,2,295.06,1.59,D,0
36.36472,22.95605,331.97,0.36,0.57,2020-04-11,1210,N,VIIRS,n,2,297.74,2.95,D,0
38.38785,26.02659,352.82,0.55,0.68,2020-04-11,1211,N,VIIRS,n,2,297.88,14.4,D,0
38.38767,26.02015,353.65,0.55,0.68,2020-04-11,1211,N,VIIRS,n,2,296.71,10.3,D,0
38.34167,21.13076,326.02,0.59,0.53,2020-04-11,1211,N,VIIRS,l,2,297.14,5.31,D,0
38.34657,21.13017,326.11,0.59,0.53,2020-04-11,1211,N,VIIRS,l,2,298.78,4.48,D,0
37.65643,26.82072,335.84,0.6,0.7,2020-04-11,1211,N,VIIRS,n,2,295.66,5.46,D,0
41.30114,23.81611,325.56,0.44,0.62,2020-04-11,1212,N,VIIRS,n,2,291.74,1.47,D,0
38.0706,23.63094,295.19,0.44,0.38,2020-04-12,0030,N,VIIRS,n,2,280.72,0.42,N,0
38.13085,23.52413,306.94,0.43,0.38,2020-04-12,0030,N,VIIRS,n,2,283.67,1.24,N,2
38.56479,23.2948,340.48,0.42,0.38,2020-04-12,0030,N,VIIRS,n,2,285.55,4.99,N,2
38.18415,23.47228,315.85,0.43,0.38,2020-04-12,0030,N,VIIRS,n,2,279.95,1.79,N,0
39.38815,22.80635,316.7,0.4,0.37,2020-04-12,0030,N,VIIRS,n,2,280.98,1.22,N,2
38.56819,23.29589,339.66,0.42,0.38,2020-04-12,0030,N,VIIRS,n,2,283.84,4.99,N,3
38.56687,23.29357,330.86,0.42,0.38,2020-04-12,0030,N,VIIRS,n,2,287.22,9.62,N,3
41.50791,26.56329,327.42,0.42,0.61,2020-04-12,1012,N,VIIRS,n,2,296.45,1.86,D,0
35.2295,24.3217,341.13,0.45,0.47,2020-04-12,1151,N,VIIRS,n,2,292.91,6.7,D,0
37.86148,21.21908,335.65,0.51,0.41,2020-04-12,1152,N,VIIRS,n,2,302.47,4.39,D,0
38.63156,22.64499,332.24,0.4,0.44,2020-04-12,1152,N,VIIRS,n,2,299.09,1.92,D,0
38.44352,21.18064,332.99,0.51,0.41,2020-04-12,1152,N,VIIRS,n,2,300.37,2.71,D,0
38.5646,23.29653,326.09,0.43,0.46,2020-04-12,1152,N,VIIRS,n,2,299.68,1.22,D,2
41.57559,26.59723,345.02,0.35,0.56,2020-04-12,1153,N,VIIRS,n,2,292.66,3.52,D,0
38.56627,23.29627,317.75,0.4,0.37,2020-04-13,0011,N,VIIRS,n,2,283.65,2.03,N,2
37.91731,23.07388,297.75,0.4,0.37,2020-04-13,0012,N,VIIRS,n,2,286.79,0.79,N,2
38.03987,23.51059,297.38,0.39,0.37,2020-04-13,0012,N,VIIRS,n,2,286.51,0.9,N,0
38.03487,23.59266,297.38,0.39,0.36,2020-04-13,0012,N,VIIRS,n,2,284.58,0.71,N,0
38.12869,23.52421,309.12,0.4,0.37,2020-04-13,0012,N,VIIRS,n,2,283.28,1.34,N,2
35.24028,23.61852,351.33,0.4,0.37,2020-04-13,1132,N,VIIRS,n,2,296.64,5.65,D,0
35.09772,26.12685,339.96,0.48,0.4,2020-04-13,1132,N,VIIRS,n,2,296.43,3.34,D,0
40.24179,23.30602,344.79,0.43,0.38,2020-04-13,1133,N,VIIRS,n,2,300.24,11.8,D,0
37.58781,21.53596,335.89,0.39,0.36,2020-04-13,1133,N,VIIRS,n,2,306.29,3.07,D,0
38.62968,21.36466,344.14,0.39,0.36,2020-04-13,1133,N,VIIRS,n,2,302.71,2.54,D,0
38.82182,21.4999,330.48,0.39,0.36,2020-04-13,1133,N,VIIRS,n,2,296.56,3.7,D,0
39.41057,22.7496,331.27,0.41,0.37,2020-04-13,1133,N,VIIRS,n,2,299.46,1.25,D,0
39.79821,22.13951,330.82,0.4,0.37,2020-04-13,1133,N,VIIRS,n,2,300.83,2.3,D,0
40.54532,21.48429,333.58,0.39,0.36,2020-04-13,1134,N,VIIRS,n,2,298.33,3.77,D,0
40.67595,22.18618,329.49,0.4,0.37,2020-04-13,1134,N,VIIRS,n,2,296.89,0.83,D,0
37.91725,23.07383,298.01,0.41,0.45,2020-04-13,2353,N,VIIRS,n,2,286.98,0.86,N,2
37.60728,22.74767,337.19,0.42,0.45,2020-04-13,2353,N,VIIRS,n,2,282.44,4.85,N,0
37.60322,22.74846,307.1,0.42,0.45,2020-04-13,2353,N,VIIRS,n,2,278.55,1.61,N,0
37.6074,22.74914,333.55,0.42,0.45,2020-04-13,2353,N,VIIRS,n,2,281.87,3.47,N,0
38.37436,24.05948,298.94,0.55,0.43,2020-04-13,2353,N,VIIRS,n,2,286.72,0.92,N,2
38.13047,23.52636,306.13,0.39,0.44,2020-04-13,2353,N,VIIRS,n,2,283.58,1.18,N,2
38.0317,23.60531,297.43,0.38,0.43,2020-04-13,2353,N,VIIRS,n,2,286.81,0.94,N,2
40.93868,24.95617,331.25,0.38,0.36,2020-04-14,1115,N,VIIRS,n,2,294.49,2.09,D,0
38.33476,21.13966,340.16,0.53,0.5,2020-04-15,1055,N,VIIRS,n,2,289.39,2.8,D,0
39.35292,22.98302,299.56,0.49,0.49,2020-04-16,0055,N,VIIRS,n,2,280.69,1.82,N,2
37.9178,23.07285,297.36,0.54,0.51,2020-04-16,0056,N,VIIRS,n,2,284.73,1.77,N,2
37.92312,21.31677,335.02,0.47,0.64,2020-04-16,1037,N,VIIRS,n,2,294.72,5.72,D,0
40.7038,21.16676,325.53,0.4,0.6,2020-04-16,1037,N,VIIRS,n,2,295.28,5.21,D,0
40.70279,21.16314,346.01,0.4,0.6,2020-04-16,1037,N,VIIRS,n,2,295.73,4.74,D,0
37.88625,21.32169,344.88,0.47,0.64,2020-04-16,1037,N,VIIRS,n,2,298.22,3.73,D,0
38.55092,21.41478,352.88,0.45,0.63,2020-04-16,1037,N,VIIRS,n,2,295.49,6.1,D,0
37.88931,21.32078,342.36,0.47,0.64,2020-04-16,1037,N,VIIRS,n,2,295.9,4.81,D,0
38.31895,21.52773,326.07,0.38,0.59,2020-04-16,1217,N,VIIRS,n,2,298.62,1.29,D,0
40.70399,21.16513,330.15,0.38,0.59,2020-04-16,1218,N,VIIRS,n,2,296.53,1.52,D,0
39.35453,22.98439,303.49,0.45,0.39,2020-04-17,0036,N,VIIRS,n,2,283.52,0.92,N,2
39.35522,22.98722,300.59,0.45,0.39,2020-04-17,0036,N,VIIRS,n,2,282.05,0.72,N,2
38.12892,23.52227,296.11,0.5,0.41,2020-04-17,0037,N,VIIRS,n,2,282.53,0.56,N,2
37.91733,23.07102,297.59,0.48,0.4,2020-04-17,0037,N,VIIRS,n,2,286.16,1.41,N,2
38.37465,24.06153,297.3,0.52,0.41,2020-04-17,0037,N,VIIRS,n,2,281.16,0.95,N,2
40.69971,21.16232,348.86,0.43,0.46,2020-04-17,1159,N,VIIRS,n,2,305.48,6.32,D,0
40.28511,23.4456,295.17,0.39,0.36,2020-04-18,0017,N,VIIRS,n,2,282.41,0.44,N,2
40.70152,21.15821,297.42,0.43,0.38,2020-04-18,0017,N,VIIRS,n,2,278.84,0.69,N,0
38.37495,24.06077,301.71,0.39,0.36,2020-04-18,0018,N,VIIRS,n,2,286.22,0.58,N,2
38.56718,23.29358,299.15,0.38,0.36,2020-04-18,0018,N,VIIRS,n,2,285.16,0.61,N,3
39.35386,22.98312,307.25,0.39,0.36,2020-04-18,0018,N,VIIRS,n,2,285.69,0.79,N,2
38.13005,23.52707,306.9,0.38,0.36,2020-04-18,0018,N,VIIRS,n,2,284.78,0.69,N,2
38.56389,23.29276,298.54,0.38,0.36,2020-04-18,0018,N,VIIRS,n,2,285.34,0.61,N,2
37.8404,24.86249,346.16,0.53,0.42,2020-04-18,1139,N,VIIRS,n,2,299.34,12.78,D,0
38.56675,23.29724,332.68,0.47,0.39,2020-04-18,1139,N,VIIRS,n,2,302.74,3.1,D,3
38.44339,21.14032,329.57,0.4,0.37,2020-04-18,1139,N,VIIRS,n,2,302.94,1.89,D,0
40.06752,21.4904,334.74,0.42,0.38,2020-04-18,1140,N,VIIRS,l,2,307.83,5.69,D,0
40.52539,21.00244,348.62,0.41,0.37,2020-04-18,1140,N,VIIRS,n,2,301.7,4.85,D,0
40.70631,21.1676,330.42,0.42,0.37,2020-04-18,1140,N,VIIRS,l,2,301.07,2.41,D,0
40.57022,22.35381,338.79,0.45,0.39,2020-04-18,1140,N,VIIRS,n,2,305.24,3.39,D,0
40.28374,23.44319,295.47,0.52,0.42,2020-04-18,2358,N,VIIRS,n,2,282.53,0.48,N,2
38.13052,23.52497,296.78,0.49,0.4,2020-04-18,2359,N,VIIRS,n,2,283.73,0.64,N,2
37.91803,23.07101,299.15,0.51,0.41,2020-04-18,2359,N,VIIRS,n,2,286.68,1.45,N,2
38.37288,24.05946,298.14,0.47,0.4,2020-04-18,2359,N,VIIRS,n,2,283.79,0.56,N,2
38.12992,23.52379,296.96,0.49,0.4,2020-04-18,2359,N,VIIRS,n,2,283.31,0.7,N,2
38.31257,23.62144,335.83,0.38,0.36,2020-04-19,1120,N,VIIRS,n,2,296.56,1.86,D,0
38.0364,23.78628,329.64,0.38,0.36,2020-04-19,1120,N,VIIRS,l,2,300.65,2.63,D,0
40.94788,23.6957,336.62,0.39,0.36,2020-04-19,1121,N,VIIRS,n,2,295.98,4.54,D,0
37.91793,23.07435,296.28,0.44,0.39,2020-04-24,0005,N,VIIRS,n,2,284.89,1.09,N,2
38.12983,23.52638,310.5,0.43,0.38,2020-04-24,0005,N,VIIRS,n,2,282.56,1.09,N,2
40.76364,21.55025,326.1,0.38,0.36,2020-04-24,1127,N,VIIRS,n,2,294.33,2.21,D,0
40.98162,24.73853,329.67,0.43,0.38,2020-04-24,1127,N,VIIRS,l,2,302.65,1.86,D,0
37.91806,23.07183,298.05,0.49,0.49,2020-04-24,2346,N,VIIRS,n,2,286.25,1.2,N,2
38.12895,23.52677,298.61,0.47,0.48,2020-04-24,2346,N,VIIRS,n,2,280.08,0.23,N,2
38.37458,24.06027,297.11,0.44,0.46,2020-04-24,2346,N,VIIRS,n,2,281.33,0.85,N,2
40.28508,23.4456,295.09,0.6,0.71,2020-04-25,0126,N,VIIRS,n,2,279.34,0.59,N,2
38.49777,21.17823,335.25,0.55,0.43,2020-04-25,1108,N,VIIRS,n,2,293.67,4.49,D,0
40.684,22.81792,330.15,0.44,0.38,2020-04-25,1109,N,VIIRS,l,2,303.33,0.91,D,0
40.59328,22.50233,326.94,0.45,0.39,2020-04-25,1109,N,VIIRS,n,2,298.48,1.2,D,0
38.1275,23.52438,305.4,0.42,0.61,2020-04-25,2327,N,VIIRS,n,2,284.13,1.01,N,2
39.35535,22.98731,295.91,0.35,0.57,2020-04-26,0108,N,VIIRS,n,2,285.12,0.62,N,2
38.3746,24.06276,297.47,0.43,0.62,2020-04-26,0108,N,VIIRS,n,2,286.14,0.7,N,2
35.07885,24.85962,339.14,0.49,0.49,2020-04-26,1048,N,VIIRS,n,2,296.17,3.64,D,0
37.51402,23.3646,325.16,0.52,0.5,2020-04-26,1049,N,VIIRS,l,2,296.01,4.45,D,0
37.5127,23.35887,339.73,0.52,0.5,2020-04-26,1049,N,VIIRS,n,2,295.28,4.45,D,0
41.10733,25.03449,345.5,0.54,0.42,2020-04-26,1050,N,VIIRS,n,2,300.57,7.74,D,0
38.12742,23.52535,301.15,0.46,0.47,2020-04-27,0049,N,VIIRS,n,2,284,0.76,N,2
38.37357,24.0608,300.81,0.49,0.48,2020-04-27,0049,N,VIIRS,n,2,285.94,0.93,N,2
37.70372,21.37311,326.49,0.57,0.69,2020-04-27,1030,N,VIIRS,n,2,292.82,3.38,D,0
39.72818,22.46746,325.14,0.44,0.62,2020-04-27,1031,N,VIIRS,l,2,296.4,1.53,D,0
40.19512,21.34812,328.3,0.49,0.65,2020-04-27,1031,N,VIIRS,n,2,292.28,3.48,D,0
37.59682,21.51818,325.7,0.61,0.53,2020-04-27,1211,N,VIIRS,l,2,298.11,4.45,D,0
39.35257,22.98372,298,0.41,0.37,2020-04-28,0030,N,VIIRS,n,2,285.51,0.89,N,2
40.28347,23.44675,295.52,0.41,0.37,2020-04-28,0030,N,VIIRS,n,2,283.69,0.25,N,2
39.35529,22.98386,303.89,0.41,0.37,2020-04-29,0011,N,VIIRS,n,2,287.24,0.66,N,2
37.91769,23.07181,299.57,0.4,0.37,2020-04-29,0012,N,VIIRS,n,2,287.06,1.16,N,2
38.12907,23.52448,314.8,0.4,0.37,2020-04-29,0012,N,VIIRS,n,2,286.49,1.95,N,2
38.04025,23.51088,296.92,0.4,0.37,2020-04-29,0012,N,VIIRS,n,2,284.86,0.8,N,0
36.86746,22.72792,295.9,0.4,0.37,2020-04-29,0012,N,VIIRS,n,2,283.48,0.25,N,0
38.37283,24.05999,299.74,0.39,0.36,2020-04-29,0012,N,VIIRS,n,2,287.68,0.63,N,2
40.28514,23.44546,297.46,0.41,0.45,2020-04-29,2352,N,VIIRS,n,2,284.95,0.53,N,2
38.37234,24.06156,300.3,0.55,0.43,2020-04-29,2353,N,VIIRS,n,2,287.97,0.88,N,2
38.12809,23.52523,307,0.39,0.44,2020-04-29,2353,N,VIIRS,n,2,278.84,1.24,N,2
35.24332,24.29239,332.24,0.41,0.37,2020-04-30,1113,N,VIIRS,n,2,295.77,9.77,D,0
39.03333,26.20419,334.88,0.39,0.36,2020-04-30,1114,N,VIIRS,n,2,300.13,4.21,D,0
40.70299,22.81964,331.82,0.4,0.37,2020-04-30,1115,N,VIIRS,l,2,302.32,3.63,D,0
40.28586,23.44594,298.32,0.37,0.58,2020-04-30,2333,N,VIIRS,n,2,284.23,0.56,N,2
41.58998,26.33525,295.9,0.53,0.5,2020-04-30,2333,N,VIIRS,n,2,277.65,1.18,N,0
40.28373,23.44356,298.49,0.37,0.58,2020-04-30,2333,N,VIIRS,n,2,283.68,0.55,N,2
41.59272,26.33564,302.67,0.53,0.5,2020-04-30,2333,N,VIIRS,n,2,277.72,1.11,N,0
38.13231,23.5249,295.8,0.35,0.56,2020-04-30,2334,N,VIIRS,n,2,284.43,0.38,N,2
38.08365,23.63781,312.6,0.34,0.56,2020-04-30,2334,N,VIIRS,n,2,283.2,0.53,N,0
38.12707,23.52397,304.27,0.35,0.56,2020-04-30,2334,N,VIIRS,n,2,284.77,0.66,N,2
38.08339,23.63525,303.28,0.34,0.56,2020-04-30,2334,N,VIIRS,n,2,283.54,0.81,N,0
38.37314,24.06346,298.22,0.33,0.55,2020-04-30,2334,N,VIIRS,n,2,286.12,0.49,N,2
37.91725,23.07368,297.15,0.47,0.64,2020-05-01,0114,N,VIIRS,n,2,286.29,0.88,N,2
38.13053,23.52259,295.45,0.63,0.72,2020-05-01,2315,N,VIIRS,n,2,284.43,0.68,N,2
38.12915,23.52771,298.7,0.56,0.51,2020-05-02,0055,N,VIIRS,n,2,286,0.95,N,2
40.28528,23.44649,298.19,0.49,0.49,2020-05-02,0055,N,VIIRS,n,2,284.91,0.66,N,2
38.12814,23.52716,301.06,0.56,0.51,2020-05-02,0055,N,VIIRS,n,2,286.31,1.09,N,2
39.35364,22.98736,299.29,0.45,0.39,2020-05-03,0036,N,VIIRS,n,2,286.91,1.04,N,2
37.9188,23.07197,301.3,0.48,0.4,2020-05-03,0037,N,VIIRS,n,2,289.85,1.26,N,2
40.28618,21.44779,332.62,0.68,0.74,2020-05-03,1019,N,VIIRS,n,2,287.28,3.66,D,0
40.49897,21.12218,325.76,0.69,0.74,2020-05-03,1019,N,VIIRS,n,2,287.18,3.83,D,0
38.82048,22.495,347.38,0.48,0.48,2020-05-03,1158,N,VIIRS,n,2,308.03,7.1,D,0
38.8232,22.49393,337.01,0.48,0.48,2020-05-03,1158,N,VIIRS,n,2,306.19,3.58,D,0
40.49636,21.21022,335.68,0.43,0.46,2020-05-03,1159,N,VIIRS,n,2,295.03,2.93,D,0
40.51929,21.14233,339.97,0.43,0.46,2020-05-03,1159,N,VIIRS,n,2,292.84,2.3,D,0
40.51984,21.13901,341.2,0.43,0.46,2020-05-03,1159,N,VIIRS,n,2,293.68,5.07,D,0
38.62857,21.36271,339.66,0.41,0.37,2020-05-04,1139,N,VIIRS,n,2,303.24,1.73,D,0
38.13064,23.52372,308.97,0.49,0.41,2020-05-04,2359,N,VIIRS,n,2,284.8,1.35,N,2
38.12995,23.52377,332.71,0.39,0.36,2020-05-05,1120,N,VIIRS,l,2,307.64,3.06,D,2
40.66378,22.73367,337.24,0.39,0.36,2020-05-05,1121,N,VIIRS,l,2,309.89,2.29,D,0
41.06248,23.55828,339.45,0.38,0.36,2020-05-05,1121,N,VIIRS,n,2,305.37,4.84,D,0
38.12896,23.52193,299.95,0.57,0.52,2020-05-05,2340,N,VIIRS,n,2,285.1,1.89,N,2
39.38397,22.80745,300.88,0.5,0.66,2020-05-06,0120,N,VIIRS,n,2,281.49,0.54,N,0
37.16602,21.57068,338.52,0.45,0.47,2020-05-06,1101,N,VIIRS,n,2,294.49,1.08,D,0
38.10027,23.57025,296.84,0.34,0.56,2020-05-07,0102,N,VIIRS,n,2,284.55,0.75,N,0
38.56614,23.29545,314.69,0.32,0.55,2020-05-07,0102,N,VIIRS,n,2,283.2,1.97,N,2
38.12815,23.52643,295.6,0.34,0.56,2020-05-07,0102,N,VIIRS,n,2,284.6,0.68,N,2
40.6427,22.74762,340.07,0.56,0.52,2020-05-07,1044,N,VIIRS,n,2,298.44,4.43,D,0
40.99315,23.46918,332.81,0.51,0.49,2020-05-07,1044,N,VIIRS,n,2,295.82,3.65,D,0
40.99346,23.46709,331.78,0.51,0.49,2020-05-07,1044,N,VIIRS,n,2,295.08,1.35,D,0
38.1274,23.52681,300.26,0.39,0.44,2020-05-08,0043,N,VIIRS,n,2,282.88,0.67,N,2
39.35378,22.98548,299.85,0.52,0.42,2020-05-08,0043,N,VIIRS,n,2,287.91,0.84,N,2
39.35538,22.98537,299.91,0.52,0.42,2020-05-08,0043,N,VIIRS,n,2,287.86,0.83,N,2
39.16777,22.84322,296.83,0.52,0.41,2020-05-08,0043,N,VIIRS,n,2,283.43,0.97,N,2
39.32581,22.47499,367,0.54,0.68,2020-05-08,1025,N,VIIRS,h,2,304.22,21.62,D,0
41.07563,23.39107,336.92,0.34,0.56,2020-05-08,1205,N,VIIRS,n,2,305.37,1.17,D,0
39.32586,22.4794,341.62,0.59,0.53,2020-05-08,1205,N,VIIRS,n,2,304.34,13.95,D,0
40.70417,22.81633,295.29,0.38,0.36,2020-05-09,0023,N,VIIRS,n,2,283.66,0.87,N,2
38.37463,24.06073,298.42,0.4,0.37,2020-05-09,0024,N,VIIRS,n,2,284.85,0.63,N,2
39.38824,22.80955,298.94,0.39,0.36,2020-05-09,0024,N,VIIRS,n,2,283.3,0.32,N,2
39.38495,22.80866,303.39,0.39,0.36,2020-05-09,0024,N,VIIRS,n,2,283.85,0.32,N,2
39.35279,22.9853,299,0.39,0.36,2020-05-09,0024,N,VIIRS,n,2,287.22,0.85,N,2
38.13019,23.52434,311.83,0.4,0.37,2020-05-09,0024,N,VIIRS,n,2,285.62,1.37,N,2
37.806,23.98691,300.46,0.41,0.37,2020-05-09,0024,N,VIIRS,n,2,281.49,1.04,N,0
37.80519,23.99151,313.4,0.41,0.37,2020-05-09,0024,N,VIIRS,n,2,282,1.04,N,0
37.91745,23.07406,298.52,0.39,0.36,2020-05-09,0024,N,VIIRS,n,2,287.65,1.23,N,2
35.24957,25.54369,337,0.43,0.46,2020-05-09,1145,N,VIIRS,n,2,293.36,14.93,D,0
40.55573,22.55602,333.93,0.53,0.42,2020-05-09,1146,N,VIIRS,n,2,302.45,4.16,D,0
38.56588,23.29521,330.12,0.54,0.42,2020-05-09,1146,N,VIIRS,n,2,302.02,4.85,D,2
38.12854,23.52776,298.31,0.43,0.38,2020-05-10,0005,N,VIIRS,n,2,285.08,0.38,N,2
38.12918,23.52291,303.73,0.43,0.38,2020-05-10,0005,N,VIIRS,n,2,285.53,0.83,N,2
40.2481,23.51301,297.87,0.45,0.39,2020-05-10,0005,N,VIIRS,n,2,284.9,0.91,N,0
38.12912,23.52474,312.68,0.43,0.38,2020-05-10,0005,N,VIIRS,n,2,287.07,1.42,N,2
38.03394,23.59288,299.51,0.43,0.38,2020-05-10,0005,N,VIIRS,n,2,287.62,0.98,N,0
39.16594,22.84612,306.05,0.47,0.39,2020-05-10,0005,N,VIIRS,n,2,283.14,1.72,N,2
38.03737,23.78257,338.06,0.39,0.36,2020-05-10,1127,N,VIIRS,n,2,301.38,3.99,D,0
40.9749,25.02548,331.67,0.44,0.38,2020-05-10,1127,N,VIIRS,n,2,296.51,5.51,D,3
38.37352,24.06087,299.59,0.44,0.46,2020-05-10,2346,N,VIIRS,n,2,287.26,0.56,N,2
40.70381,22.8148,298.84,0.32,0.55,2020-05-12,0107,N,VIIRS,n,2,285.65,0.48,N,2
38.56532,23.29195,306.57,0.44,0.46,2020-05-13,0049,N,VIIRS,n,2,290.18,1.7,N,2
38.12935,23.5241,305.35,0.46,0.47,2020-05-13,0049,N,VIIRS,n,2,291.54,1.09,N,2
39.35251,22.98656,304.59,0.41,0.45,2020-05-13,0049,N,VIIRS,n,2,292.8,0.85,N,2
38.11377,23.57023,337.64,0.43,0.62,2020-05-13,1030,N,VIIRS,n,2,308.52,5.5,D,0
38.11529,23.57575,336.81,0.43,0.62,2020-05-13,1030,N,VIIRS,l,2,309.65,6.16,D,0
41.25133,23.01369,338.24,0.38,0.59,2020-05-13,1031,N,VIIRS,n,2,299.26,2.83,D,0
40.89371,24.65369,336.69,0.32,0.55,2020-05-13,1031,N,VIIRS,n,2,300.82,1.73,D,0
38.57293,21.34838,347.02,0.61,0.53,2020-05-13,1211,N,VIIRS,n,2,302.76,13.57,D,0
38.12831,23.52656,307.75,0.43,0.38,2020-05-14,0030,N,VIIRS,n,2,287.85,0.55,N,2
39.356,22.9841,298.17,0.41,0.37,2020-05-14,0030,N,VIIRS,n,2,285.93,0.48,N,2
40.70573,22.81402,301.38,0.4,0.37,2020-05-14,0030,N,VIIRS,n,2,287.29,0.8,N,2
38.37344,24.06025,302.8,0.39,0.36,2020-05-15,0011,N,VIIRS,n,2,290.44,0.57,N,2
38.12971,23.5255,311.05,0.4,0.37,2020-05-15,0012,N,VIIRS,n,2,290.66,1.52,N,2
38.00261,21.37951,338.74,0.38,0.36,2020-05-15,1133,N,VIIRS,n,2,309.58,1.04,D,0
39.16614,22.84528,304.72,0.43,0.46,2020-05-15,2352,N,VIIRS,n,2,287.65,1.58,N,2
38.12896,23.52633,310.06,0.39,0.44,2020-05-15,2353,N,VIIRS,n,2,291.56,1.14,N,2
38.1126,23.56924,367,0.36,0.57,2020-05-18,1037,N,VIIRS,h,2,308.43,6.56,D,0
35.37164,26.91621,344.08,0.71,0.75,2020-05-18,1216,N,VIIRS,n,2,305.98,3.43,D,0
38.10952,23.57753,337.05,0.49,0.65,2020-05-18,1217,N,VIIRS,l,2,309.25,5.56,D,0
39.35516,22.98679,296.85,0.45,0.39,2020-05-19,0036,N,VIIRS,n,2,280.27,0.39,N,2
39.3541,22.98512,298.82,0.45,0.39,2020-05-19,0036,N,VIIRS,n,2,280.04,0.44,N,2
38.13111,23.52369,307.89,0.38,0.36,2020-05-20,0018,N,VIIRS,n,2,293.19,1.4,N,2
39.16946,22.84375,302.19,0.54,0.42,2020-05-20,2359,N,VIIRS,n,2,289.67,1,N,2
38.12771,23.52731,302.45,0.49,0.41,2020-05-20,2359,N,VIIRS,n,2,291.19,0.55,N,2
39.16554,22.84306,299.47,0.54,0.42,2020-05-20,2359,N,VIIRS,n,2,287.94,0.68,N,2
38.12989,23.52472,333.97,0.39,0.36,2020-05-21,1120,N,VIIRS,l,2,308.62,2.9,D,2
38.13097,23.52506,300.72,0.52,0.67,2020-05-22,2321,N,VIIRS,n,2,283.52,0.67,N,2
38.37481,24.06193,299.73,0.35,0.57,2020-05-23,0101,N,VIIRS,n,2,285.25,0.71,N,2
38.03029,23.60563,299.45,0.34,0.56,2020-05-23,0102,N,VIIRS,n,2,287.1,0.85,N,2
37.42835,25.40144,343.71,0.49,0.49,2020-05-23,1042,N,VIIRS,n,2,303.58,3.81,D,0
39.35518,22.98278,303.56,0.52,0.42,2020-05-24,0043,N,VIIRS,n,2,286.14,1.52,N,2
37.91731,23.07137,301.97,0.56,0.43,2020-05-24,0043,N,VIIRS,n,2,290.02,1.35,N,2
39.16645,22.84711,303.86,0.52,0.41,2020-05-24,0043,N,VIIRS,n,2,284.04,1.44,N,2
38.56404,23.29457,347.55,0.32,0.54,2020-05-24,1204,N,VIIRS,n,2,300.56,2.62,D,2
38.12826,23.52695,309.49,0.4,0.37,2020-05-25,0024,N,VIIRS,n,2,289.12,1.72,N,2
37.91938,23.07272,303.62,0.39,0.36,2020-05-25,0024,N,VIIRS,n,2,292.21,1.46,N,2
39.35501,22.98331,303.82,0.39,0.36,2020-05-25,0024,N,VIIRS,n,2,287.21,1.61,N,2
38.37339,24.06274,300.02,0.4,0.37,2020-05-25,0024,N,VIIRS,n,2,286.15,0.93,N,2
38.12821,23.52612,300.21,0.47,0.48,2020-05-26,2346,N,VIIRS,n,2,281.78,1.16,N,2
38.37337,24.0593,296.23,0.48,0.48,2020-05-29,0049,N,VIIRS,n,2,284.46,0.77,N,2
38.56464,23.29442,297.85,0.44,0.46,2020-05-29,0049,N,VIIRS,n,2,283.88,0.68,N,2
38.37473,24.06322,296.81,0.49,0.48,2020-05-29,0049,N,VIIRS,n,2,284.97,0.62,N,2
38.12809,23.52378,303.38,0.46,0.47,2020-05-29,0049,N,VIIRS,n,2,284.16,1.04,N,2
38.0312,23.60565,296.13,0.47,0.48,2020-05-29,0049,N,VIIRS,n,2,285.39,0.97,N,2
39.38644,22.80878,302.49,0.4,0.37,2020-05-30,0030,N,VIIRS,n,2,284.31,0.41,N,2
38.12975,23.52443,308.31,0.43,0.38,2020-05-30,0030,N,VIIRS,n,2,284.36,1.45,N,2
39.16851,22.84379,300.26,0.41,0.37,2020-05-30,0030,N,VIIRS,n,2,284.28,0.93,N,2
39.35532,22.98567,306.17,0.41,0.37,2020-05-30,0030,N,VIIRS,n,2,286.3,0.78,N,2
40.68533,22.28458,342.32,0.41,0.45,2020-05-30,1152,N,VIIRS,n,2,300.9,4.76,D,0
39.35495,22.98418,305.12,0.41,0.37,2020-05-31,0011,N,VIIRS,n,2,287.98,0.94,N,2
39.16838,22.84475,302.91,0.42,0.37,2020-05-31,0011,N,VIIRS,n,2,285.44,1.14,N,2
39.42265,20.03706,297.33,0.53,0.42,2020-05-31,0011,N,VIIRS,n,2,283.1,0.78,N,0
38.12894,23.52371,315.46,0.4,0.37,2020-05-31,0012,N,VIIRS,n,2,283.29,1.85,N,2
37.9175,23.07231,300.4,0.4,0.37,2020-05-31,0012,N,VIIRS,n,2,287.48,0.95,N,2
38.56616,23.29529,337.02,0.41,0.37,2020-05-31,1133,N,VIIRS,n,2,292.4,7.29,D,2
38.13044,23.52319,297.22,0.39,0.44,2020-05-31,2353,N,VIIRS,n,2,286.1,0.74,N,2
38.13025,23.52543,299.2,0.39,0.44,2020-05-31,2353,N,VIIRS,n,2,286.62,0.6,N,2
37.91732,23.07029,299.95,0.41,0.45,2020-05-31,2353,N,VIIRS,n,2,289.04,1.28,N,2
40.63506,22.73102,330.73,0.4,0.37,2020-06-01,1115,N,VIIRS,n,2,297.01,3.09,D,0
38.37491,24.06152,301.68,0.33,0.55,2020-06-01,2334,N,VIIRS,n,2,284.46,0.76,N,2
38.03078,23.60558,296.81,0.34,0.56,2020-06-01,2334,N,VIIRS,n,2,286.22,0.53,N,2
37.91729,23.07332,296.97,0.47,0.64,2020-06-02,0114,N,VIIRS,n,2,285.37,1.67,N,2
37.12518,21.58382,339.93,0.54,0.51,2020-06-02,1055,N,VIIRS,n,2,295.37,4.87,D,0
37.12663,21.58996,341,0.54,0.51,2020-06-02,1055,N,VIIRS,n,2,295.46,4.87,D,0
39.38684,22.80888,299.2,0.45,0.39,2020-06-04,0036,N,VIIRS,n,2,285.4,0.57,N,2
40.69926,22.9531,296.47,0.43,0.38,2020-06-04,0036,N,VIIRS,n,2,286.3,0.33,N,0
39.35382,22.98325,306.95,0.45,0.39,2020-06-04,0036,N,VIIRS,n,2,288.17,0.81,N,2
40.70621,22.81714,299.93,0.43,0.38,2020-06-04,0036,N,VIIRS,n,2,286.02,0.83,N,0
40.60205,22.48106,325.05,0.59,0.7,2020-06-04,1019,N,VIIRS,l,2,297.06,2.42,D,0
40.49855,21.01704,332.76,0.7,0.75,2020-06-04,1019,N,VIIRS,n,2,286.1,5.24,D,0
40.28637,21.43719,325.85,0.68,0.74,2020-06-04,1019,N,VIIRS,n,2,290.87,2.6,D,0
40.28248,21.44832,327.06,0.68,0.74,2020-06-04,1019,N,VIIRS,n,2,289.59,1.8,D,0
40.60202,22.47922,331.48,0.59,0.7,2020-06-04,1019,N,VIIRS,n,2,296.82,2.11,D,0
38.43587,21.34345,330.24,0.41,0.45,2020-06-04,1158,N,VIIRS,n,2,301.43,2.36,D,0
40.64202,22.46031,342.5,0.5,0.49,2020-06-04,1159,N,VIIRS,n,2,304.45,11.53,D,0
40.81019,22.66974,342.39,0.51,0.49,2020-06-04,1159,N,VIIRS,n,2,301.46,7.81,D,0
40.70517,22.81334,300.88,0.39,0.37,2020-06-05,0017,N,VIIRS,n,2,289.54,0.54,N,2
39.35363,22.98306,307.23,0.39,0.36,2020-06-05,0017,N,VIIRS,n,2,290.73,0.83,N,2
39.35539,22.98655,306.3,0.39,0.36,2020-06-05,0017,N,VIIRS,n,2,290.97,0.69,N,2
38.12952,23.52624,301.02,0.38,0.36,2020-06-05,0018,N,VIIRS,n,2,287.72,0.56,N,2
37.91867,23.07383,303.05,0.38,0.36,2020-06-05,0018,N,VIIRS,n,2,291.88,0.96,N,2
35.1101,24.72166,342.06,0.49,0.4,2020-06-05,1138,N,VIIRS,n,2,309.22,5.94,D,0
35.11075,24.71893,336.65,0.49,0.4,2020-06-05,1138,N,VIIRS,l,2,308.61,5.02,D,0
38.58067,21.37296,334.14,0.41,0.37,2020-06-05,1139,N,VIIRS,n,2,298.79,5.26,D,0
38.07121,23.6343,338.36,0.47,0.4,2020-06-05,1139,N,VIIRS,n,2,308.08,7.27,D,0
38.16372,21.43241,351.35,0.4,0.37,2020-06-05,1139,N,VIIRS,n,2,319.27,45.39,D,0
38.1631,21.4278,338.25,0.4,0.37,2020-06-05,1139,N,VIIRS,n,2,309.93,7.36,D,0
38.59369,25.5712,347.1,0.4,0.37,2020-06-06,1120,N,VIIRS,n,2,306.06,75.63,D,0
38.59767,25.57498,341.4,0.4,0.37,2020-06-06,1120,N,VIIRS,n,2,311.16,75.63,D,0
38.59431,25.57566,367,0.4,0.37,2020-06-06,1120,N,VIIRS,l,2,331.89,75.63,D,0
38.5876,25.57707,344.34,0.4,0.37,2020-06-06,1120,N,VIIRS,n,2,306.45,52.1,D,0
38.59033,25.5719,352.44,0.4,0.37,2020-06-06,1120,N,VIIRS,n,2,307.27,52.1,D,0
39.35449,22.98253,299.66,0.51,0.66,2020-06-07,0120,N,VIIRS,n,2,283.99,1.32,N,2
39.29398,22.35459,339.61,0.56,0.43,2020-06-07,1102,N,VIIRS,n,2,305.87,4,D,0
37.91687,23.07251,303.69,0.32,0.55,2020-06-08,0102,N,VIIRS,n,2,291.34,1.08,N,2
38.12793,23.52482,300.55,0.39,0.44,2020-06-09,0043,N,VIIRS,n,2,288.23,0.51,N,2
40.49997,21.01165,327.11,0.59,0.7,2020-06-09,1025,N,VIIRS,n,2,290.93,5.19,D,0
40.70665,22.81646,304.53,0.38,0.36,2020-06-10,0023,N,VIIRS,n,2,290.04,0.91,N,2
38.37471,24.06354,305.58,0.4,0.37,2020-06-10,0024,N,VIIRS,n,2,290.5,0.55,N,2
39.38767,22.80935,310.53,0.38,0.36,2020-06-10,0024,N,VIIRS,n,2,289.06,0.73,N,2
39.38438,22.80846,299.75,0.38,0.36,2020-06-10,0024,N,VIIRS,n,2,288.61,0.73,N,2
39.35566,22.98589,304.76,0.39,0.36,2020-06-10,0024,N,VIIRS,n,2,290.96,0.62,N,2
38.1302,23.52447,307.25,0.4,0.37,2020-06-10,0024,N,VIIRS,n,2,291.68,1.09,N,2
38.48757,21.2442,332.74,0.45,0.39,2020-06-10,1146,N,VIIRS,n,2,301.4,2.77,D,0
41.45501,26.50578,335.12,0.56,0.51,2020-06-10,1146,N,VIIRS,n,2,300.1,3.04,D,0
38.37428,24.06322,305.63,0.42,0.38,2020-06-11,0005,N,VIIRS,n,2,292.84,0.83,N,2
39.16668,22.84357,300.01,0.47,0.4,2020-06-11,0005,N,VIIRS,n,2,288.37,1.3,N,2
40.70592,22.81664,297.96,0.55,0.51,2020-06-11,2346,N,VIIRS,n,2,285.54,0.75,N,0
40.70668,22.81669,296.91,0.55,0.51,2020-06-11,2346,N,VIIRS,n,2,285.73,1.17,N,0
38.12402,23.58201,334.69,0.45,0.39,2020-06-12,1108,N,VIIRS,n,2,303.64,85.35,D,0
38.11942,23.5773,355.66,0.45,0.39,2020-06-12,1108,N,VIIRS,n,2,319.15,15.83,D,0
37.60913,22.78915,331.08,0.49,0.4,2020-06-12,1108,N,VIIRS,l,2,304.52,1.26,D,0
38.12299,23.57651,348.18,0.45,0.39,2020-06-12,1108,N,VIIRS,n,2,304.69,15.83,D,0
38.08693,23.60879,310.71,0.42,0.61,2020-06-12,2327,N,VIIRS,n,2,283.73,5.3,N,0
38.08718,23.60365,367,0.42,0.61,2020-06-12,2327,N,VIIRS,h,2,289.05,12.01,N,0
38.16983,20.4101,337.32,0.36,0.57,2020-06-13,1049,N,VIIRS,n,2,301.67,10.77,D,0
38.17089,20.41415,367,0.36,0.57,2020-06-13,1049,N,VIIRS,h,2,310.62,10.77,D,0
39.35468,22.98422,303.46,0.41,0.45,2020-06-14,0049,N,VIIRS,n,2,290.05,0.69,N,2
39.38465,22.8068,298.18,0.4,0.44,2020-06-14,0049,N,VIIRS,n,2,286.65,0.95,N,2
37.91671,23.07188,302.87,0.44,0.46,2020-06-14,0049,N,VIIRS,n,2,292.27,1.26,N,2
40.74477,22.8359,367,0.38,0.59,2020-06-14,1211,N,VIIRS,h,2,302.13,8.47,D,0
39.61975,22.41117,340.3,0.35,0.57,2020-06-14,1211,N,VIIRS,n,2,303.98,1.69,D,0
40.6346,22.72005,336.22,0.37,0.58,2020-06-14,1211,N,VIIRS,n,2,298.84,1.69,D,0
40.74456,22.83897,344.01,0.38,0.59,2020-06-14,1211,N,VIIRS,n,2,299.45,4.78,D,0
40.74434,22.8346,349.58,0.38,0.59,2020-06-14,1211,N,VIIRS,n,2,301.27,4.78,D,0
38.37292,24.06269,305.62,0.45,0.39,2020-06-15,0030,N,VIIRS,n,2,294.51,0.89,N,2
38.50238,23.66422,314.43,0.43,0.38,2020-06-15,0030,N,VIIRS,n,2,293.52,1.35,N,0
39.38564,22.80566,308.7,0.4,0.37,2020-06-15,0030,N,VIIRS,n,2,292.92,0.76,N,2
39.69555,22.49977,341.5,0.4,0.44,2020-06-15,1152,N,VIIRS,n,2,300.81,5.13,D,0
39.35972,22.72818,345.66,0.41,0.45,2020-06-15,1152,N,VIIRS,n,2,301.22,4.44,D,0
38.37434,24.06093,304.55,0.39,0.36,2020-06-16,0011,N,VIIRS,n,2,294.14,0.74,N,2
39.16603,22.84643,302.69,0.42,0.37,2020-06-16,0011,N,VIIRS,n,2,290.79,0.78,N,2
38.56419,23.2919,303.18,0.4,0.37,2020-06-16,0011,N,VIIRS,n,2,292.72,0.66,N,2
37.91842,23.07165,306.57,0.4,0.37,2020-06-16,0012,N,VIIRS,n,2,295.72,1.26,N,2
40.53815,22.34491,337.38,0.4,0.37,2020-06-16,1133,N,VIIRS,n,2,302.35,3.98,D,0
39.16552,22.84567,303.31,0.43,0.46,2020-06-16,2352,N,VIIRS,n,2,287.75,1.51,N,2
35.32607,25.19522,307.3,0.46,0.39,2020-06-16,2353,N,VIIRS,n,2,289.79,0.62,N,0
38.56372,23.29338,304.42,0.78,0.78,2020-06-17,0133,N,VIIRS,n,2,287.37,1.58,N,2
37.91746,23.07233,302.21,0.37,0.58,2020-06-17,2334,N,VIIRS,n,2,291.12,0.89,N,2
40.28482,23.44442,299.07,0.42,0.61,2020-06-18,0113,N,VIIRS,n,2,285.96,0.62,N,2
37.91813,23.07186,302.12,0.47,0.64,2020-06-18,0114,N,VIIRS,n,2,290.57,0.49,N,2
39.35395,22.98484,302.99,0.42,0.61,2020-06-18,0114,N,VIIRS,n,2,290.02,0.8,N,2
37.91706,23.0717,304.76,0.53,0.5,2020-06-19,0055,N,VIIRS,n,2,294.39,1.72,N,2
38.56446,23.29587,305.54,0.53,0.5,2020-06-19,0055,N,VIIRS,n,2,291.1,2.45,N,2
39.76259,22.29775,336.55,0.38,0.59,2020-06-19,1037,N,VIIRS,n,2,304.87,1.71,D,0
38.56519,23.2939,307.35,0.47,0.4,2020-06-20,0036,N,VIIRS,n,2,292.78,1.5,N,2
37.38618,25.25464,334.83,0.32,0.55,2020-06-20,1158,N,VIIRS,n,2,288.74,3.58,D,3
39.67258,22.44657,341.99,0.48,0.48,2020-06-20,1158,N,VIIRS,n,2,302.52,3.81,D,0
37.38109,25.25528,336.43,0.32,0.55,2020-06-20,1158,N,VIIRS,n,2,284.31,3.58,D,3
39.16844,22.84267,301.97,0.39,0.36,2020-06-21,0017,N,VIIRS,n,2,290.33,1.24,N,2
40.94359,24.64189,309.09,0.38,0.36,2020-06-21,0017,N,VIIRS,n,2,286.51,1.03,N,0
38.56488,23.29287,320.08,0.38,0.36,2020-06-21,0018,N,VIIRS,n,2,290.46,1.59,N,2
38.06661,24.35168,335.72,0.5,0.41,2020-06-21,1139,N,VIIRS,n,2,304.33,2.92,D,0
39.32106,21.9578,342.43,0.42,0.38,2020-06-21,1139,N,VIIRS,n,2,306.69,4.99,D,0
38.07038,24.35105,335.36,0.5,0.41,2020-06-21,1139,N,VIIRS,n,2,303.6,3.82,D,0
39.4755,22.06826,336.66,0.43,0.38,2020-06-21,1139,N,VIIRS,l,2,310.82,2.92,D,0
38.56431,23.29587,309.84,0.51,0.41,2020-06-21,2359,N,VIIRS,n,2,289.14,1.11,N,2
38.62786,23.58497,336.71,0.38,0.36,2020-06-22,1120,N,VIIRS,n,2,299.71,2.69,D,0
39.16835,22.84088,300.23,0.32,0.55,2020-06-22,2340,N,VIIRS,n,2,285.98,0.76,N,2
38.12967,23.523,296.24,0.58,0.7,2020-06-23,0120,N,VIIRS,n,2,282.98,0.69,N,2
38.12936,23.52494,302.15,0.33,0.56,2020-06-24,0101,N,VIIRS,n,2,286.49,0.53,N,2
38.02982,23.60552,301.09,0.34,0.56,2020-06-24,0101,N,VIIRS,n,2,288.09,0.58,N,2
39.31603,21.94704,331.74,0.34,0.56,2020-06-24,1043,N,VIIRS,n,2,290.29,1.68,D,0
39.38632,22.80904,304.67,0.51,0.41,2020-06-25,0042,N,VIIRS,n,2,288.6,0.95,N,2
39.35423,22.98605,301.98,0.52,0.41,2020-06-25,0042,N,VIIRS,n,2,290.37,0.96,N,2
38.03226,23.6049,303.31,0.39,0.44,2020-06-25,0043,N,VIIRS,n,2,291.56,1.06,N,2
37.91921,23.07245,303.99,0.55,0.43,2020-06-25,0043,N,VIIRS,n,2,291.49,1.72,N,2
38.13003,23.52419,302.8,0.38,0.43,2020-06-25,0043,N,VIIRS,n,2,289.3,0.73,N,2
40.49844,21.01604,347.52,0.59,0.7,2020-06-25,1025,N,VIIRS,n,2,288.52,7.16,D,0
40.49955,21.01742,339.95,0.59,0.7,2020-06-25,1025,N,VIIRS,n,2,288.15,6.12,D,0
38.12989,23.52718,306.83,0.4,0.37,2020-06-26,0024,N,VIIRS,n,2,293.09,0.55,N,2
37.91763,23.07341,306.96,0.39,0.36,2020-06-26,0024,N,VIIRS,n,2,294.59,1.39,N,2
35.18523,25.71129,349.4,0.43,0.46,2020-06-26,1144,N,VIIRS,n,2,305.29,6.22,D,0
40.74347,22.42602,336.49,0.52,0.42,2020-06-26,1146,N,VIIRS,n,2,304.3,5.88,D,0
40.40379,23.16514,346.88,0.56,0.43,2020-06-26,1146,N,VIIRS,n,2,300.15,8.1,D,0
40.74475,22.42492,331.36,0.52,0.42,2020-06-26,1146,N,VIIRS,l,2,305.3,3.18,D,0
38.13034,23.52541,307.1,0.43,0.38,2020-06-27,0005,N,VIIRS,n,2,292.88,0.67,N,2
37.91882,23.07075,306.17,0.45,0.39,2020-06-27,0005,N,VIIRS,n,2,295.6,1.64,N,2
39.16607,22.8461,305.62,0.47,0.4,2020-06-27,0005,N,VIIRS,n,2,289.29,1.08,N,2
38.56705,23.29595,337.77,0.39,0.36,2020-06-27,1127,N,VIIRS,n,2,308.03,2.1,D,3
38.5644,23.29251,308.45,0.49,0.49,2020-06-27,2346,N,VIIRS,n,2,292.8,1.38,N,2
39.16692,22.84203,301.43,0.53,0.5,2020-06-27,2346,N,VIIRS,n,2,289.22,1.45,N,2
39.16843,22.84195,299.33,0.6,0.7,2020-06-28,0126,N,VIIRS,n,2,288.24,1.5,N,2
38.41132,21.2147,335.09,0.56,0.43,2020-06-28,1108,N,VIIRS,n,2,305.77,4.33,D,0
39.35453,22.98609,305.26,0.35,0.57,2020-06-29,0107,N,VIIRS,n,2,290.96,1.06,N,2
37.9181,23.07178,305.95,0.39,0.59,2020-06-29,0108,N,VIIRS,n,2,295.3,1.31,N,2
38.56591,23.29294,349.55,0.38,0.59,2020-06-29,0108,N,VIIRS,n,2,293.38,5.25,N,2
39.16867,22.84075,299.57,0.35,0.57,2020-06-29,0108,N,VIIRS,n,2,289.2,0.85,N,2
40.95172,22.64682,343.27,0.47,0.48,2020-06-29,1050,N,VIIRS,n,2,309.44,6.56,D,0
40.93267,23.86666,332.27,0.41,0.45,2020-06-29,1050,N,VIIRS,l,2,306.33,1.79,D,0
40.95211,22.64751,343.63,0.47,0.48,2020-06-29,1050,N,VIIRS,n,2,309.29,5.05,D,0
40.43558,21.79899,340.5,0.59,0.7,2020-06-29,1230,N,VIIRS,n,2,305.78,9.97,D,0
39.35501,22.98526,306.94,0.41,0.45,2020-06-30,0049,N,VIIRS,n,2,294.8,0.91,N,2
40.24361,22.50217,334.56,0.36,0.57,2020-06-30,1211,N,VIIRS,n,2,298.29,5.67,D,0
40.24384,22.50653,367,0.36,0.57,2020-06-30,1211,N,VIIRS,h,2,300.88,5.67,D,0
39.35369,22.9836,308.69,0.41,0.37,2020-07-01,0030,N,VIIRS,n,2,295.28,1.54,N,2
39.1661,22.84678,303.48,0.4,0.37,2020-07-01,0030,N,VIIRS,n,2,291.78,1.15,N,2
41.01211,22.03251,303.61,0.39,0.36,2020-07-01,0030,N,VIIRS,n,2,292.68,0.54,N,0
37.91732,23.07397,307.3,0.42,0.38,2020-07-01,0030,N,VIIRS,n,2,297.11,1.43,N,2
40.50632,21.3231,312.53,0.38,0.36,2020-07-01,0030,N,VIIRS,n,2,290.04,1.11,N,0
39.54594,21.72024,336.08,0.55,0.43,2020-07-01,1152,N,VIIRS,n,2,305.07,3.72,D,0
37.86658,21.21376,335.94,0.5,0.41,2020-07-01,1152,N,VIIRS,l,2,307.84,2.24,D,0
39.54812,21.71933,336.74,0.55,0.43,2020-07-01,1152,N,VIIRS,n,2,304.82,3.75,D,0
40.7052,22.814,306.29,0.43,0.38,2020-07-02,0011,N,VIIRS,n,2,293.7,1.49,N,2
38.56408,23.29312,308.96,0.4,0.37,2020-07-02,0011,N,VIIRS,n,2,297.73,1.54,N,2
39.16532,22.84701,304.37,0.42,0.37,2020-07-02,0011,N,VIIRS,n,2,292.46,1.38,N,0
39.3868,22.80533,311.94,0.42,0.38,2020-07-02,0011,N,VIIRS,n,2,293.79,0.96,N,2
37.91819,23.07259,310.7,0.4,0.37,2020-07-02,0012,N,VIIRS,n,2,298.91,1.89,N,2
38.06153,24.37431,344.96,0.44,0.38,2020-07-02,1133,N,VIIRS,n,2,316.76,15.37,D,0
39.55991,21.85611,335.27,0.39,0.36,2020-07-02,1133,N,VIIRS,l,2,307.69,1.36,D,0
38.06506,24.37356,337.09,0.44,0.38,2020-07-02,1133,N,VIIRS,n,2,307.36,15.37,D,0
38.06211,24.37903,334.64,0.44,0.38,2020-07-02,1133,N,VIIRS,n,2,306.75,10.96,D,0
38.06564,24.37827,334.61,0.44,0.38,2020-07-02,1133,N,VIIRS,n,2,304.96,10.96,D,0
40.98937,23.48399,336.27,0.44,0.38,2020-07-02,1134,N,VIIRS,n,2,303.64,3.12,D,0
41.12689,24.16608,341.03,0.46,0.39,2020-07-02,1134,N,VIIRS,n,2,303.29,2.93,D,0
40.70504,22.81521,306.76,0.45,0.47,2020-07-02,2352,N,VIIRS,n,2,292.3,1.12,N,2
38.56425,23.29434,307.78,0.41,0.45,2020-07-02,2352,N,VIIRS,n,2,295.92,1.79,N,2
39.16704,22.84319,304.94,0.43,0.46,2020-07-02,2352,N,VIIRS,n,2,291.22,1.61,N,2
38.13097,23.52527,307.42,0.39,0.44,2020-07-02,2353,N,VIIRS,n,2,295.54,0.95,N,2
39.82393,22.05687,340.88,0.43,0.38,2020-07-03,1115,N,VIIRS,n,2,309.79,11.69,D,0
41.01146,22.03081,307.73,0.44,0.63,2020-07-03,2333,N,VIIRS,n,2,290.44,0.93,N,0
41.01336,22.02877,307.68,0.44,0.63,2020-07-03,2333,N,VIIRS,n,2,290.12,0.82,N,0
38.1307,23.52458,314.41,0.35,0.57,2020-07-03,2334,N,VIIRS,n,2,294.22,0.94,N,2
37.91856,23.07254,304.72,0.47,0.64,2020-07-04,0114,N,VIIRS,n,2,291.98,1.47,N,2
38.12862,23.52679,331.74,0.41,0.45,2020-07-04,1055,N,VIIRS,l,2,306.04,2.59,D,2
38.31822,23.62296,331.58,0.41,0.45,2020-07-04,1055,N,VIIRS,l,2,304.73,2.86,D,0
37.26416,21.75678,340.3,0.53,0.5,2020-07-04,1055,N,VIIRS,n,2,299.32,3.44,D,0
39.28246,22.04956,349.5,0.46,0.47,2020-07-04,1056,N,VIIRS,n,2,310.93,43.17,D,0
39.28225,22.05117,347.43,0.46,0.47,2020-07-04,1056,N,VIIRS,n,2,310.77,28.12,D,0
39.28647,22.04956,334.79,0.46,0.47,2020-07-04,1056,N,VIIRS,n,2,302.18,28.12,D,0
39.28366,22.05478,342.22,0.46,0.47,2020-07-04,1056,N,VIIRS,n,2,304.41,18.93,D,0
39.43903,21.92486,332.07,0.46,0.47,2020-07-04,1056,N,VIIRS,l,2,304.5,2.7,D,0
37.26543,21.75521,304.59,0.78,0.78,2020-07-04,2315,N,VIIRS,n,2,291.11,1.61,N,0
37.26562,21.75638,302.52,0.78,0.78,2020-07-04,2315,N,VIIRS,n,2,290.91,1.27,N,0
39.35486,22.98421,304.96,0.49,0.48,2020-07-05,0055,N,VIIRS,n,2,292.14,1.49,N,2
38.56324,23.29462,309.13,0.53,0.5,2020-07-05,0055,N,VIIRS,n,2,283.24,2.53,N,2
37.26257,21.75854,302.57,0.47,0.48,2020-07-05,0056,N,VIIRS,n,2,292.5,0.61,N,0
38.49472,21.18232,334.97,0.36,0.57,2020-07-05,1217,N,VIIRS,n,2,292.63,3.26,D,0
38.04335,21.39452,337.78,0.37,0.58,2020-07-05,1217,N,VIIRS,n,2,297.51,2.3,D,0
39.16663,22.84783,299.88,0.45,0.39,2020-07-06,0036,N,VIIRS,n,2,287.6,1.5,N,2
39.35278,22.98654,303.76,0.45,0.39,2020-07-06,0036,N,VIIRS,n,2,291.33,1.03,N,2
38.56586,23.29497,315.85,0.47,0.4,2020-07-06,0036,N,VIIRS,n,2,292.88,2.64,N,2
38.12949,23.52593,315.04,0.38,0.36,2020-07-07,0018,N,VIIRS,n,2,294.25,1.45,N,2
39.16733,22.84376,307.17,0.39,0.36,2020-07-07,0018,N,VIIRS,n,2,292.8,0.99,N,2
37.12111,26.87439,306.82,0.45,0.39,2020-07-07,0018,N,VIIRS,n,2,293.93,0.81,N,0
37.91848,23.07358,305.77,0.38,0.36,2020-07-07,0018,N,VIIRS,n,2,294.19,1.27,N,2
38.56371,23.29355,305.51,0.38,0.36,2020-07-07,0018,N,VIIRS,n,2,293.43,1.06,N,2
40.74921,22.16817,308.52,0.41,0.45,2020-07-07,2358,N,VIIRS,n,2,289.51,1.11,N,0
38.12945,23.52666,311.03,0.5,0.41,2020-07-07,2359,N,VIIRS,n,2,293.07,2.76,N,2
39.16771,22.84379,306.05,0.55,0.42,2020-07-07,2359,N,VIIRS,n,2,291.58,1.5,N,2
39.17056,22.84248,308.3,0.32,0.55,2020-07-08,2340,N,VIIRS,n,2,290.66,0.95,N,2
38.1297,23.52239,303.54,0.57,0.52,2020-07-08,2340,N,VIIRS,n,2,290.67,0.94,N,2
37.91805,23.07327,302.3,0.56,0.69,2020-07-09,0120,N,VIIRS,n,2,290.19,1.58,N,2
38.05482,23.51023,336.53,0.53,0.42,2020-07-09,1101,N,VIIRS,l,2,307.44,3.44,D,0
37.88139,22.97731,333.83,0.56,0.43,2020-07-09,1101,N,VIIRS,l,2,306.77,5.34,D,0
37.88266,22.98343,333.73,0.56,0.43,2020-07-09,1101,N,VIIRS,l,2,307.1,5.13,D,0
37.87381,22.98061,342.29,0.56,0.43,2020-07-09,1101,N,VIIRS,n,2,302.99,10,D,0
39.34437,22.13699,336.23,0.57,0.43,2020-07-09,1102,N,VIIRS,n,2,301.24,8.19,D,0
40.50146,23.1018,334.28,0.5,0.41,2020-07-09,1102,N,VIIRS,n,2,300.75,4.23,D,0
40.76199,22.45961,343.5,0.52,0.42,2020-07-09,1102,N,VIIRS,n,2,304.46,6.66,D,0
38.12743,23.52265,301.96,0.52,0.67,2020-07-09,2321,N,VIIRS,n,2,291.7,0.74,N,2
38.03109,22.93569,367,0.32,0.55,2020-07-10,1043,N,VIIRS,h,2,306.4,10.13,D,0
38.1128,23.54939,341.22,0.59,0.7,2020-07-10,1223,N,VIIRS,n,2,306.65,4.88,D,0
38.07541,23.63555,335.84,0.59,0.7,2020-07-10,1223,N,VIIRS,n,2,304.64,2.93,D,0
38.1298,23.52582,308.99,0.39,0.44,2020-07-11,0043,N,VIIRS,n,2,294.12,0.83,N,2
38.24007,24.20215,367,0.48,0.65,2020-07-11,1024,N,VIIRS,h,2,299.33,127.57,D,0
38.23717,24.19202,208,0.48,0.65,2020-07-11,1024,N,VIIRS,l,2,305.49,145.07,D,0
38.23864,24.19712,367,0.48,0.65,2020-07-11,1024,N,VIIRS,l,2,333.14,127.57,D,0
38.23267,24.1988,367,0.48,0.65,2020-07-11,1024,N,VIIRS,h,2,305.93,160.67,D,0
38.22943,24.1875,349.69,0.48,0.65,2020-07-11,1024,N,VIIRS,n,2,298.29,223.72,D,0
40.50013,21.01491,343.04,0.59,0.7,2020-07-11,1025,N,VIIRS,n,2,294.87,4.88,D,0
40.49916,21.01358,343.74,0.59,0.7,2020-07-11,1025,N,VIIRS,n,2,295.21,6.53,D,0
38.23859,24.20191,334.13,0.35,0.57,2020-07-11,1204,N,VIIRS,n,2,304.27,11.12,D,0
37.63033,25.17587,338.31,0.39,0.6,2020-07-11,1204,N,VIIRS,n,2,297.2,4.64,D,0
37.62875,25.17218,349.07,0.39,0.6,2020-07-11,1204,N,VIIRS,n,2,298.72,6.58,D,0
38.22736,24.1919,367,0.35,0.57,2020-07-11,1204,N,VIIRS,h,2,310.94,9.78,D,0
38.22759,24.19593,350.98,0.35,0.57,2020-07-11,1204,N,VIIRS,n,2,307.26,8.76,D,0
38.23308,24.19872,367,0.35,0.57,2020-07-11,1204,N,VIIRS,h,2,312,7.19,D,0
38.23284,24.19461,367,0.35,0.57,2020-07-11,1204,N,VIIRS,h,2,309.86,7.19,D,0
38.23834,24.19761,367,0.35,0.57,2020-07-11,1204,N,VIIRS,h,2,308.95,7.19,D,0
38.10081,21.49488,355.02,0.5,0.49,2020-07-11,1204,N,VIIRS,n,2,314.89,15.05,D,0
39.3544,22.98404,311.65,0.39,0.36,2020-07-12,0024,N,VIIRS,n,2,294.82,1.28,N,2
38.03578,23.59343,307.03,0.4,0.37,2020-07-12,0024,N,VIIRS,n,2,295.71,0.96,N,0
38.12826,23.52689,314.93,0.4,0.37,2020-07-12,0024,N,VIIRS,n,2,293.99,0.86,N,2
38.37418,24.06219,305.72,0.4,0.37,2020-07-12,0024,N,VIIRS,n,2,293.69,0.52,N,2
38.56633,23.2934,316.68,0.39,0.36,2020-07-12,0024,N,VIIRS,n,2,295.83,1.9,N,2
39.1656,22.84332,300.23,0.39,0.36,2020-07-12,0024,N,VIIRS,n,2,289.73,0.78,N,2
39.16888,22.8442,305.91,0.39,0.36,2020-07-12,0024,N,VIIRS,n,2,292.49,0.78,N,2
39.1696,22.83977,303.47,0.39,0.36,2020-07-12,0024,N,VIIRS,n,2,293.05,0.62,N,2
39.38636,22.80762,314.17,0.38,0.36,2020-07-12,0024,N,VIIRS,n,2,292.18,1.03,N,2
37.63003,25.1715,311.85,0.44,0.38,2020-07-12,0024,N,VIIRS,n,2,293.72,1.54,N,0
39.167,22.84382,309.47,0.47,0.4,2020-07-13,0005,N,VIIRS,n,2,291.32,1.33,N,2
39.17128,22.83913,305.96,0.47,0.4,2020-07-13,0005,N,VIIRS,n,2,292.96,1.33,N,2
38.03484,23.59474,305.93,0.43,0.38,2020-07-13,0005,N,VIIRS,n,2,294.87,1.05,N,0
39.16759,22.84273,318.08,0.47,0.4,2020-07-13,0005,N,VIIRS,n,2,291.86,1.81,N,2
38.37279,24.06393,304.86,0.42,0.38,2020-07-13,0005,N,VIIRS,n,2,294.35,0.99,N,2
38.12969,23.5259,317.24,0.43,0.38,2020-07-13,0005,N,VIIRS,n,2,294.94,1.98,N,2
38.12825,23.52453,331.88,0.39,0.36,2020-07-13,1127,N,VIIRS,l,2,306.67,2.26,D,2
38.63911,21.26198,336.75,0.39,0.36,2020-07-13,1127,N,VIIRS,n,2,304.64,3.03,D,0
40.89936,25.88999,301.79,0.39,0.44,2020-07-13,2346,N,VIIRS,n,2,288.79,0.61,N,0
38.12807,23.52503,308.61,0.47,0.48,2020-07-13,2346,N,VIIRS,n,2,290.34,1.64,N,2
37.91282,22.95922,338,0.48,0.4,2020-07-14,1108,N,VIIRS,n,2,307.18,4.81,D,0
38.13033,23.52207,299.45,0.43,0.62,2020-07-14,2327,N,VIIRS,n,2,287.88,0.82,N,2
40.28214,23.44355,300.06,0.35,0.57,2020-07-15,0107,N,VIIRS,n,2,287.19,0.29,N,2
38.37262,24.05904,302.03,0.42,0.61,2020-07-15,0108,N,VIIRS,n,2,288.76,1.05,N,2
37.91927,23.07075,303.59,0.39,0.59,2020-07-15,0108,N,VIIRS,n,2,290.22,1.66,N,2
39.35417,22.98445,307.48,0.35,0.57,2020-07-15,0108,N,VIIRS,n,2,289.12,1.22,N,2
39.35347,22.98672,305.93,0.41,0.45,2020-07-16,0049,N,VIIRS,n,2,290.22,1.94,N,2
39.35633,22.98416,304.06,0.41,0.45,2020-07-16,0049,N,VIIRS,n,2,290.63,1.73,N,0
40.70682,22.81214,301.04,0.56,0.43,2020-07-16,0049,N,VIIRS,n,2,288.93,1.38,N,2
38.37317,24.0621,303.22,0.48,0.48,2020-07-16,0049,N,VIIRS,n,2,290.2,0.75,N,2
38.56332,23.29332,302.79,0.44,0.46,2020-07-16,0049,N,VIIRS,n,2,290.63,0.83,N,2
37.70029,24.01906,343.94,0.42,0.61,2020-07-16,1030,N,VIIRS,n,2,297.23,7.49,D,0
37.6928,24.02578,367,0.42,0.61,2020-07-16,1030,N,VIIRS,h,2,307.45,21.01,D,0
37.69395,24.03005,338.23,0.42,0.61,2020-07-16,1030,N,VIIRS,n,2,297.69,21.01,D,0
37.69161,24.02135,353.15,0.42,0.61,2020-07-16,1030,N,VIIRS,n,2,307.62,37.41,D,0
37.69723,24.02997,353.66,0.42,0.61,2020-07-16,1030,N,VIIRS,n,2,297.36,127.96,D,0
37.69608,24.02577,351.34,0.42,0.61,2020-07-16,1030,N,VIIRS,n,2,324.35,127.96,D,0
37.69489,24.02147,367,0.42,0.61,2020-07-16,1030,N,VIIRS,l,2,337.27,160.47,D,0
37.69362,24.01689,208,0.42,0.61,2020-07-16,1030,N,VIIRS,l,2,302.58,160.47,D,0
37.70152,24.02355,349.11,0.42,0.61,2020-07-16,1030,N,VIIRS,n,2,297.85,9.42,D,0
38.64088,23.18691,355.25,0.38,0.59,2020-07-16,1211,N,VIIRS,n,2,296.25,13.19,D,0
37.6912,24.01793,346.07,0.42,0.61,2020-07-16,1211,N,VIIRS,n,2,299.89,5.86,D,0
37.69144,24.02294,338.46,0.42,0.61,2020-07-16,1211,N,VIIRS,n,2,302.63,5.86,D,0
38.63537,23.18699,367,0.38,0.59,2020-07-16,1211,N,VIIRS,h,2,301.65,13.19,D,0
37.69714,24.02248,367,0.42,0.61,2020-07-16,1211,N,VIIRS,h,2,305.08,5.86,D,0
37.6974,24.02789,345.89,0.42,0.61,2020-07-16,1211,N,VIIRS,n,2,301.64,12.97,D,0
37.6969,24.01759,343.46,0.42,0.61,2020-07-16,1211,N,VIIRS,n,2,300.59,5.86,D,0
38.63513,23.18252,347.78,0.38,0.59,2020-07-16,1211,N,VIIRS,n,2,294.85,13.19,D,0
38.5643,23.29362,320.62,0.42,0.38,2020-07-17,0030,N,VIIRS,n,2,292.96,2.48,N,2
39.16713,22.84383,304.82,0.41,0.37,2020-07-17,0030,N,VIIRS,n,2,289.8,1.46,N,2
38.37467,24.06299,303.24,0.45,0.39,2020-07-17,0030,N,VIIRS,n,2,292.25,0.89,N,2
38.12866,23.52278,311.78,0.43,0.38,2020-07-17,0030,N,VIIRS,n,2,290.2,1.16,N,2
37.91847,23.07151,307.61,0.42,0.38,2020-07-17,0031,N,VIIRS,n,2,294.89,1.5,N,2
39.16674,22.84474,303.13,0.42,0.37,2020-07-18,0011,N,VIIRS,n,2,289.72,0.85,N,2
39.35311,22.98506,306.75,0.41,0.37,2020-07-18,0011,N,VIIRS,n,2,292.59,1.24,N,2
38.37386,24.06274,306.82,0.39,0.36,2020-07-18,0012,N,VIIRS,n,2,292.93,0.73,N,2
38.13065,23.52329,314.87,0.4,0.37,2020-07-18,0012,N,VIIRS,n,2,293.17,1.22,N,2
37.12273,26.87432,303.95,0.41,0.37,2020-07-18,0012,N,VIIRS,n,2,293.06,0.44,N,0
37.91806,23.07423,307.46,0.4,0.37,2020-07-18,0012,N,VIIRS,n,2,295.49,1.17,N,2
38.56451,23.29304,306.12,0.4,0.37,2020-07-18,0012,N,VIIRS,n,2,294.03,1.47,N,2
38.56387,23.29472,305.22,0.4,0.37,2020-07-18,0012,N,VIIRS,n,2,293.38,1.14,N,2
38.27631,20.47732,304.14,0.57,0.52,2020-07-18,2353,N,VIIRS,n,2,287.64,1.19,N,0
38.37484,24.0614,303.05,0.56,0.43,2020-07-18,2353,N,VIIRS,n,2,292.42,0.99,N,2
38.1314,23.52349,306.84,0.39,0.44,2020-07-18,2353,N,VIIRS,n,2,291.88,1.01,N,2
38.12766,23.52551,313.34,0.39,0.44,2020-07-18,2353,N,VIIRS,n,2,290.76,0.55,N,2
38.27699,20.46765,302.9,0.57,0.52,2020-07-18,2353,N,VIIRS,n,2,289.01,1.19,N,0
38.27745,20.47492,313.53,0.57,0.52,2020-07-18,2353,N,VIIRS,n,2,288.16,1.14,N,0
38.1296,23.52397,312.61,0.35,0.57,2020-07-19,2334,N,VIIRS,n,2,292.53,0.73,N,2
38.56272,23.29276,303.28,0.36,0.58,2020-07-19,2334,N,VIIRS,n,2,292.21,0.71,N,2
38.37452,24.06117,305.21,0.33,0.55,2020-07-19,2334,N,VIIRS,n,2,291.65,0.5,N,2
38.03653,23.5912,304.3,0.35,0.56,2020-07-19,2334,N,VIIRS,n,2,292.72,0.57,N,0
38.04981,23.56989,339.31,0.49,0.65,2020-07-20,0114,N,VIIRS,n,2,291.65,3.7,N,0
40.28214,23.445,302.08,0.42,0.61,2020-07-20,0114,N,VIIRS,n,2,288.9,0.67,N,2
39.35524,22.98246,301.65,0.42,0.61,2020-07-20,0114,N,VIIRS,n,2,290.68,0.85,N,2
38.56487,23.29183,308.36,0.46,0.64,2020-07-20,0114,N,VIIRS,n,2,291.86,1.82,N,2
38.56464,23.29606,302.67,0.46,0.64,2020-07-20,0114,N,VIIRS,n,2,291.17,1.92,N,2
38.05169,23.57143,328.77,0.49,0.65,2020-07-20,0114,N,VIIRS,n,2,291.47,2.6,N,0
38.05328,23.56601,311.62,0.49,0.65,2020-07-20,0114,N,VIIRS,n,2,290.83,2.6,N,0
38.05137,23.56446,301.64,0.49,0.65,2020-07-20,0114,N,VIIRS,n,2,291,2.92,N,0
37.76726,24.89372,337.91,0.54,0.42,2020-07-20,1055,N,VIIRS,n,2,306.13,38.11,D,0
37.76865,24.90046,337.21,0.54,0.42,2020-07-20,1055,N,VIIRS,l,2,310.25,38.11,D,0
37.77254,24.89964,337.08,0.54,0.42,2020-07-20,1055,N,VIIRS,n,2,303.88,7.19,D,0
37.75953,24.89574,333.29,0.54,0.42,2020-07-20,1055,N,VIIRS,l,2,304.19,91.34,D,0
37.76338,24.89467,335.13,0.54,0.42,2020-07-20,1055,N,VIIRS,l,2,306.31,38.11,D,0
37.58678,21.5729,367,0.68,0.74,2020-07-20,1236,N,VIIRS,h,2,302.11,24.71,D,0
37.58783,21.57442,367,0.68,0.74,2020-07-20,1236,N,VIIRS,h,2,302.23,30.84,D,0
36.95781,27.01704,306.81,0.4,0.6,2020-07-20,2315,N,VIIRS,n,2,295.66,1.41,N,0
38.56636,23.29214,306.21,0.53,0.5,2020-07-21,0055,N,VIIRS,n,2,294.76,1.49,N,2
39.35548,22.98495,305.92,0.49,0.48,2020-07-21,0055,N,VIIRS,n,2,293.22,0.82,N,2
34.96241,24.90537,353.47,0.37,0.58,2020-07-21,1036,N,VIIRS,n,2,308.76,4.41,D,0
39.46448,22.72817,335.31,0.36,0.58,2020-07-21,1037,N,VIIRS,n,2,303.77,7.27,D,0
39.16399,26.47428,334.42,0.48,0.48,2020-07-21,1037,N,VIIRS,n,2,301.69,5.34,D,0
39.16511,26.47918,334.68,0.48,0.48,2020-07-21,1037,N,VIIRS,n,2,301.3,5.34,D,0
39.1608,26.48079,340.89,0.48,0.48,2020-07-21,1037,N,VIIRS,n,2,304.1,38.25,D,0
39.16293,26.47777,339.07,0.48,0.48,2020-07-21,1037,N,VIIRS,n,2,306.97,59.04,D,0
39.4674,22.73313,367,0.36,0.58,2020-07-21,1037,N,VIIRS,h,2,305.98,8.51,D,0
39.46632,22.72902,367,0.36,0.58,2020-07-21,1037,N,VIIRS,h,2,304.91,8.51,D,0
39.46558,22.73224,367,0.36,0.58,2020-07-21,1037,N,VIIRS,h,2,306.79,15.44,D,0
34.9611,24.90646,352.71,0.55,0.68,2020-07-21,1216,N,VIIRS,n,2,308.81,8.71,D,0
34.96296,24.90757,367,0.55,0.68,2020-07-21,1216,N,VIIRS,h,2,308.49,5.51,D,0
40.68601,21.71103,335.99,0.4,0.6,2020-07-21,1218,N,VIIRS,n,2,301.39,5.93,D,0
40.68351,21.70824,346.97,0.4,0.6,2020-07-21,1218,N,VIIRS,n,2,301.59,4.42,D,0
39.15315,26.47307,303.25,0.8,0.78,2020-07-21,2256,N,VIIRS,n,2,292.37,0.98,N,0
39.15792,26.47083,332.31,0.43,0.46,2020-07-22,0036,N,VIIRS,n,2,294.86,3.32,N,0
38.37299,24.06027,305.19,0.51,0.41,2020-07-22,0037,N,VIIRS,n,2,294.68,1.39,N,2
38.56458,23.29364,307.37,0.48,0.4,2020-07-22,0037,N,VIIRS,n,2,294.89,1.55,N,2
35.17295,24.40005,351.7,0.68,0.74,2020-07-22,1017,N,VIIRS,n,2,304.12,34.48,D,0
35.17524,24.40754,367,0.68,0.74,2020-07-22,1017,N,VIIRS,h,2,310.38,60.64,D,0
37.8647,22.99087,339.05,0.67,0.74,2020-07-22,1018,N,VIIRS,n,2,297.23,110.88,D,0
37.85846,22.97124,330.04,0.67,0.74,2020-07-22,1018,N,VIIRS,n,2,297.61,83.54,D,0
37.86267,22.98451,367,0.67,0.74,2020-07-22,1018,N,VIIRS,h,2,312.81,110.88,D,0
37.87774,22.9849,353.54,0.67,0.74,2020-07-22,1018,N,VIIRS,n,2,299.67,26.65,D,0
37.8537,22.97978,339.81,0.67,0.74,2020-07-22,1018,N,VIIRS,n,2,295.96,83.54,D,0
37.85592,22.98672,332.54,0.67,0.74,2020-07-22,1018,N,VIIRS,n,2,296.42,110.88,D,0
37.85458,22.98397,343.07,0.67,0.74,2020-07-22,1018,N,VIIRS,n,2,295.85,9.1,D,0
37.8716,22.98907,367,0.67,0.74,2020-07-22,1018,N,VIIRS,h,2,300.77,26.65,D,0
37.86054,22.97779,208,0.67,0.74,2020-07-22,1018,N,VIIRS,l,2,306.91,83.54,D,0
37.86967,22.98302,367,0.67,0.74,2020-07-22,1018,N,VIIRS,h,2,308.14,26.65,D,0
37.86765,22.97663,353.7,0.67,0.74,2020-07-22,1018,N,VIIRS,n,2,297.41,24.18,D,0
41.04602,25.03548,334.81,0.44,0.62,2020-07-22,1019,N,VIIRS,n,2,294.72,2.21,D,0
35.17588,24.39763,339.02,0.55,0.51,2020-07-22,1157,N,VIIRS,n,2,307.6,4.73,D,0
35.17635,24.40344,343.62,0.55,0.51,2020-07-22,1157,N,VIIRS,n,2,311.01,9.86,D,0
35.17689,24.40994,333.83,0.55,0.51,2020-07-22,1157,N,VIIRS,l,2,306.63,9.86,D,0
35.17163,24.40426,343.23,0.55,0.51,2020-07-22,1157,N,VIIRS,n,2,305.99,3.65,D,0
37.86681,22.96722,367,0.49,0.49,2020-07-22,1158,N,VIIRS,h,2,345.21,122.63,D,0
36.92175,21.8847,353.42,0.42,0.45,2020-07-22,1158,N,VIIRS,n,2,318.92,59.1,D,0
36.92593,21.88393,348.9,0.42,0.45,2020-07-22,1158,N,VIIRS,n,2,311.03,9.34,D,0
36.92541,21.87847,341,0.42,0.45,2020-07-22,1158,N,VIIRS,n,2,305.64,5.34,D,0
36.93011,21.88318,342.23,0.42,0.45,2020-07-22,1158,N,VIIRS,n,2,301.34,9.34,D,0
36.92957,21.87747,351.1,0.42,0.45,2020-07-22,1158,N,VIIRS,n,2,306.22,5.34,D,0
37.85886,22.98163,351.8,0.49,0.49,2020-07-22,1158,N,VIIRS,n,2,309.15,13.36,D,0
37.85837,22.97559,355.79,0.49,0.49,2020-07-22,1158,N,VIIRS,n,2,304.29,8.08,D,0
37.85786,22.96933,337.58,0.49,0.49,2020-07-22,1158,N,VIIRS,n,2,301.11,8.08,D,0
37.86284,22.97451,367,0.49,0.49,2020-07-22,1158,N,VIIRS,h,2,317.34,122.63,D,0
37.86385,22.9869,337.9,0.49,0.49,2020-07-22,1158,N,VIIRS,n,2,308.28,19.06,D,0
37.86333,22.98054,354.9,0.49,0.49,2020-07-22,1158,N,VIIRS,n,2,315.36,19.06,D,0
37.86234,22.96836,367,0.49,0.49,2020-07-22,1158,N,VIIRS,l,2,328.03,122.63,D,0
37.86781,22.97941,367,0.49,0.49,2020-07-22,1158,N,VIIRS,h,2,321.29,19.06,D,0
37.86882,22.99184,341.49,0.49,0.49,2020-07-22,1158,N,VIIRS,n,2,306.49,4.75,D,0
37.86831,22.98562,341.08,0.49,0.49,2020-07-22,1158,N,VIIRS,n,2,312.06,19.06,D,0
37.86632,22.96124,338.72,0.49,0.49,2020-07-22,1158,N,VIIRS,n,2,304.71,155.75,D,0
37.86729,22.97318,351.83,0.49,0.49,2020-07-22,1158,N,VIIRS,l,2,332.83,122.63,D,0
37.8713,22.96638,367,0.49,0.49,2020-07-22,1158,N,VIIRS,h,2,304.22,42.35,D,0
37.87284,22.98518,345.71,0.49,0.49,2020-07-22,1158,N,VIIRS,n,2,310.26,17.91,D,0
37.87232,22.97877,354.4,0.49,0.49,2020-07-22,1158,N,VIIRS,n,2,308.54,17.91,D,0
37.8718,22.97246,352.52,0.49,0.49,2020-07-22,1158,N,VIIRS,n,2,315.45,42.35,D,0
37.88645,21.63706,367,0.42,0.45,2020-07-22,1158,N,VIIRS,h,2,309.58,13.4,D,0
40.706,22.81425,307.2,0.39,0.37,2020-07-23,0017,N,VIIRS,n,2,293.65,1.33,N,2
37.87162,22.9586,320.95,0.39,0.36,2020-07-23,0018,N,VIIRS,n,2,295.89,3.71,N,0
37.87096,22.96295,322.61,0.39,0.36,2020-07-23,0018,N,VIIRS,n,2,296.75,2.47,N,0
37.87031,22.94485,344.2,0.39,0.36,2020-07-23,0018,N,VIIRS,n,2,299.3,7.67,N,0
37.86964,22.94919,344.88,0.39,0.36,2020-07-23,0018,N,VIIRS,n,2,300.77,7.67,N,0
37.86899,22.95351,339.7,0.39,0.36,2020-07-23,0018,N,VIIRS,n,2,297.98,3.71,N,0
37.85979,22.92424,311.39,0.39,0.36,2020-07-23,0018,N,VIIRS,n,2,296.12,2.05,N,0
37.79787,22.93335,307.92,0.39,0.36,2020-07-23,0018,N,VIIRS,n,2,293.23,3.15,N,0
37.79592,22.92381,333.13,0.39,0.36,2020-07-23,0018,N,VIIRS,n,2,294.72,2.88,N,0
37.86045,22.91988,345.99,0.39,0.36,2020-07-23,0018,N,VIIRS,n,2,300.46,6.14,N,0
37.79458,22.93257,340.13,0.39,0.36,2020-07-23,0018,N,VIIRS,n,2,297.04,7.63,N,0
37.79391,22.93692,346.29,0.39,0.36,2020-07-23,0018,N,VIIRS,n,2,320.77,28.92,N,0
37.86308,22.92506,325.64,0.39,0.36,2020-07-23,0018,N,VIIRS,n,2,295.18,2.05,N,0
37.86374,22.92069,328.84,0.39,0.36,2020-07-23,0018,N,VIIRS,n,2,294.63,6.14,N,0
37.86505,22.93456,317.35,0.39,0.36,2020-07-23,0018,N,VIIRS,n,2,293.72,5.23,N,0
37.81041,22.94075,320.82,0.39,0.36,2020-07-23,0018,N,VIIRS,n,2,294.67,1.3,N,0
37.79525,22.92821,305.32,0.39,0.36,2020-07-23,0018,N,VIIRS,n,2,292.53,7.63,N,0
37.86834,22.93536,334.3,0.39,0.36,2020-07-23,0018,N,VIIRS,n,2,296.4,5.23,N,0
37.78799,22.93097,347.95,0.39,0.36,2020-07-23,0018,N,VIIRS,n,2,295.85,8.2,N,0
37.78996,22.94044,302.6,0.39,0.36,2020-07-23,0018,N,VIIRS,n,2,292.01,28.92,N,0
37.79062,22.93611,346.68,0.39,0.36,2020-07-23,0018,N,VIIRS,n,2,310.21,28.92,N,0
37.79128,22.93177,343.89,0.39,0.36,2020-07-23,0018,N,VIIRS,n,2,297.48,7.63,N,0
37.86768,22.93971,367,0.39,0.36,2020-07-23,0018,N,VIIRS,h,2,306.91,5.23,N,0
37.86701,22.94406,351.71,0.39,0.36,2020-07-23,0018,N,VIIRS,n,2,301.17,8.84,N,0
37.86439,22.93891,323.36,0.39,0.36,2020-07-23,0018,N,VIIRS,n,2,297.04,5.23,N,0
37.86571,22.93023,306.84,0.39,0.36,2020-07-23,0018,N,VIIRS,n,2,293.63,1.14,N,0
37.79263,22.92302,330.2,0.39,0.36,2020-07-23,0018,N,VIIRS,n,2,295.13,2.88,N,0
37.81175,22.93203,331.2,0.39,0.36,2020-07-23,0018,N,VIIRS,n,2,296.25,1.45,N,0
37.81438,22.93718,304.41,0.39,0.36,2020-07-23,0018,N,VIIRS,n,2,293.89,1.45,N,0
37.81505,22.93281,306.84,0.39,0.36,2020-07-23,0018,N,VIIRS,n,2,293.47,1.45,N,0
37.82286,22.94228,315.22,0.39,0.36,2020-07-23,0018,N,VIIRS,n,2,294.89,1.51,N,0
37.82681,22.93872,311.31,0.39,0.36,2020-07-23,0018,N,VIIRS,n,2,294.28,1.88,N,0
37.83144,22.93078,314.49,0.39,0.36,2020-07-23,0018,N,VIIRS,n,2,293.79,3.49,N,0
39.38572,22.80822,304.21,0.39,0.36,2020-07-23,0018,N,VIIRS,n,2,293.03,0.38,N,2
39.3559,22.98693,306.78,0.39,0.36,2020-07-23,0018,N,VIIRS,n,2,295.92,1.02,N,2
39.16729,22.84233,307.13,0.39,0.36,2020-07-23,0018,N,VIIRS,n,2,292.86,1.59,N,2
38.5666,23.29664,329.47,0.38,0.36,2020-07-23,0018,N,VIIRS,n,2,295.41,1.41,N,2
37.79922,22.9246,332.11,0.39,0.36,2020-07-23,0018,N,VIIRS,n,2,294.66,1.65,N,0
37.80118,22.93411,306.05,0.39,0.36,2020-07-23,0018,N,VIIRS,n,2,293.15,3.15,N,0
38.56728,23.29225,312.75,0.38,0.36,2020-07-23,0018,N,VIIRS,n,2,295.85,1.41,N,3
38.56398,23.29143,306.26,0.38,0.36,2020-07-23,0018,N,VIIRS,n,2,295.67,1.41,N,3
37.83078,22.93515,320.21,0.39,0.36,2020-07-23,0018,N,VIIRS,n,2,294.5,1.57,N,0
37.83407,22.93595,319.21,0.39,0.36,2020-07-23,0018,N,VIIRS,n,2,294.49,1.57,N,0
38.3745,24.06334,310.94,0.39,0.36,2020-07-23,0018,N,VIIRS,n,2,297.33,0.99,N,2
38.13034,23.52616,314.67,0.38,0.36,2020-07-23,0018,N,VIIRS,n,2,297.67,1.85,N,2
38.03454,23.59435,307.51,0.38,0.36,2020-07-23,0018,N,VIIRS,n,2,297.45,1.06,N,0
37.91867,23.07163,309.66,0.38,0.36,2020-07-23,0018,N,VIIRS,n,2,298.84,2.01,N,2
37.87426,22.9637,315.28,0.39,0.36,2020-07-23,0018,N,VIIRS,n,2,295.71,1.06,N,0
37.87359,22.96806,307.8,0.39,0.36,2020-07-23,0018,N,VIIRS,n,2,296.37,1.06,N,0
37.87228,22.95427,343.31,0.39,0.36,2020-07-23,0018,N,VIIRS,n,2,298.19,3.71,N,0
37.83474,22.93158,340.26,0.39,0.36,2020-07-23,0018,N,VIIRS,n,2,295.75,3.49,N,0
37.83405,22.9585,332.58,0.39,0.36,2020-07-23,0018,N,VIIRS,n,2,297.56,4.03,N,0
37.84199,22.92882,309.4,0.39,0.36,2020-07-23,0018,N,VIIRS,n,2,294.37,1.37,N,0
37.80252,22.92537,303.25,0.39,0.36,2020-07-23,0018,N,VIIRS,n,2,292.89,1.65,N,0
37.79721,22.9377,339.28,0.39,0.36,2020-07-23,0018,N,VIIRS,n,2,316.54,28.23,N,0
37.80051,22.93846,340.98,0.39,0.36,2020-07-23,0018,N,VIIRS,n,2,298.3,28.23,N,0
37.80582,22.92614,333.4,0.39,0.36,2020-07-23,0018,N,VIIRS,n,2,299.28,8.03,N,0
37.80912,22.9269,328.16,0.39,0.36,2020-07-23,0018,N,VIIRS,n,2,295.55,8.03,N,0
37.81108,22.9364,311.88,0.39,0.36,2020-07-23,0018,N,VIIRS,n,2,295.81,1.45,N,0
37.84265,22.92447,304.58,0.39,0.36,2020-07-23,0018,N,VIIRS,n,2,291.95,1.38,N,0
37.85057,22.91739,304.57,0.39,0.36,2020-07-23,0018,N,VIIRS,n,2,292.64,0.72,N,0
37.84262,22.96949,330.74,0.39,0.36,2020-07-23,0018,N,VIIRS,n,2,296.42,4.01,N,0
37.84525,22.97461,304.44,0.39,0.36,2020-07-23,0018,N,VIIRS,n,2,293.89,0.65,N,0
37.85716,22.91904,344.87,0.39,0.36,2020-07-23,0018,N,VIIRS,n,2,296.6,5.78,N,0
37.84591,22.97028,310.67,0.39,0.36,2020-07-23,0018,N,VIIRS,n,2,295.42,1.89,N,0
37.79118,22.92343,342.47,0.44,0.39,2020-07-23,1139,N,VIIRS,n,2,306.93,7.23,D,0
37.79531,22.92753,345.24,0.44,0.39,2020-07-23,1139,N,VIIRS,n,2,313.84,15.59,D,0
37.79715,22.94265,349.65,0.44,0.39,2020-07-23,1139,N,VIIRS,n,2,301.02,56.18,D,0
37.79005,22.94392,336.82,0.44,0.39,2020-07-23,1139,N,VIIRS,n,2,300.27,2.76,D,0
37.79473,22.92282,335.16,0.44,0.39,2020-07-23,1139,N,VIIRS,l,2,306.63,15.59,D,0
37.80135,22.94734,344.32,0.44,0.39,2020-07-23,1139,N,VIIRS,n,2,301.45,56.18,D,0
37.87298,22.93942,351.61,0.44,0.39,2020-07-23,1139,N,VIIRS,n,2,309.42,23.75,D,0
37.87234,22.93427,336.99,0.44,0.39,2020-07-23,1139,N,VIIRS,n,2,307.48,15.52,D,0
38.56542,23.29717,338,0.46,0.39,2020-07-23,1139,N,VIIRS,n,2,310.99,3.02,D,2
37.80009,22.93704,335.37,0.44,0.39,2020-07-23,1139,N,VIIRS,n,2,309.91,27.09,D,0
37.80849,22.94646,345.26,0.44,0.39,2020-07-23,1139,N,VIIRS,n,2,308.41,172.26,D,0
37.81207,22.94601,337.95,0.44,0.39,2020-07-23,1139,N,VIIRS,n,2,303.39,26.98,D,0
37.81144,22.94091,367,0.44,0.39,2020-07-23,1139,N,VIIRS,l,2,329.42,26.98,D,0
37.81501,22.94038,349.59,0.44,0.39,2020-07-23,1139,N,VIIRS,n,2,310.81,26.98,D,0
37.80787,22.94136,367,0.44,0.39,2020-07-23,1139,N,VIIRS,h,2,341.98,172.26,D,0
37.80492,22.94689,367,0.44,0.39,2020-07-23,1139,N,VIIRS,l,2,332.79,172.26,D,0
37.80367,22.93666,342.21,0.44,0.39,2020-07-23,1139,N,VIIRS,n,2,306.26,13.33,D,0
37.81917,22.94474,367,0.44,0.39,2020-07-23,1139,N,VIIRS,l,2,329.08,41.6,D,0
37.82272,22.94406,347.25,0.44,0.39,2020-07-23,1139,N,VIIRS,n,2,320.23,41.6,D,0
37.83656,22.96808,346.37,0.44,0.39,2020-07-23,1139,N,VIIRS,n,2,317.67,80.93,D,0
37.84013,22.96748,367,0.44,0.39,2020-07-23,1139,N,VIIRS,h,2,346.45,80.93,D,0
37.8528,22.92305,347.7,0.44,0.39,2020-07-23,1139,N,VIIRS,n,2,317.56,16.34,D,0
37.85218,22.91808,348.66,0.44,0.39,2020-07-23,1139,N,VIIRS,n,2,315.69,24.09,D,0
37.85571,22.91728,350.25,0.44,0.39,2020-07-23,1139,N,VIIRS,n,2,316.18,24.09,D,0
37.85923,22.9164,367,0.44,0.39,2020-07-23,1139,N,VIIRS,l,2,331.63,90.67,D,0
37.86275,22.91558,367,0.44,0.39,2020-07-23,1139,N,VIIRS,h,2,331.97,90.67,D,0
37.86396,22.92533,348.78,0.44,0.39,2020-07-23,1139,N,VIIRS,n,2,315.84,33.36,D,0
37.86813,22.92964,348.17,0.44,0.39,2020-07-23,1139,N,VIIRS,n,2,308.27,15.52,D,0
37.79888,22.92707,345.44,0.44,0.39,2020-07-23,1139,N,VIIRS,n,2,307.65,15.59,D,0
37.7983,22.92235,346.79,0.44,0.39,2020-07-23,1139,N,VIIRS,n,2,305.37,15.59,D,0
37.80072,22.94221,367,0.44,0.39,2020-07-23,1139,N,VIIRS,l,2,332.38,56.18,D,0
37.80429,22.94179,367,0.44,0.39,2020-07-23,1139,N,VIIRS,h,2,337.01,172.26,D,0
37.86336,22.92047,349.47,0.44,0.39,2020-07-23,1139,N,VIIRS,n,2,320.23,33.36,D,0
37.86876,22.93473,354.62,0.44,0.39,2020-07-23,1139,N,VIIRS,n,2,317.37,15.52,D,0
37.8694,22.93985,352.28,0.44,0.39,2020-07-23,1139,N,VIIRS,n,2,319.28,23.75,D,0
37.87003,22.94489,349.85,0.44,0.39,2020-07-23,1139,N,VIIRS,n,2,318.57,23.75,D,0
37.86458,22.93029,367,0.44,0.39,2020-07-23,1139,N,VIIRS,l,2,331.56,83.2,D,0
37.87201,22.96075,339.5,0.44,0.39,2020-07-23,1139,N,VIIRS,l,2,309.79,4.58,D,0
37.87135,22.9555,346,0.44,0.39,2020-07-23,1139,N,VIIRS,n,2,308.5,5.75,D,0
37.87068,22.9501,347.5,0.44,0.39,2020-07-23,1139,N,VIIRS,n,2,309.66,5.75,D,0
37.79359,22.94324,332.28,0.44,0.39,2020-07-23,1139,N,VIIRS,n,2,297.58,2.76,D,0
37.87688,22.93521,308.09,0.52,0.42,2020-07-23,2359,N,VIIRS,n,2,295.63,1.36,N,0
37.87553,22.94718,321.69,0.52,0.42,2020-07-23,2359,N,VIIRS,n,2,295.43,2.67,N,0
38.12169,20.74112,331.78,0.45,0.47,2020-07-23,2359,N,VIIRS,n,2,294.41,6.4,N,0
38.1221,20.73668,338.49,0.45,0.47,2020-07-23,2359,N,VIIRS,n,2,296.71,11.39,N,0
37.81218,22.95479,341.37,0.52,0.42,2020-07-23,2359,N,VIIRS,n,2,309.21,77.94,N,0
37.8154,22.96099,318.84,0.52,0.42,2020-07-23,2359,N,VIIRS,n,2,303.09,23.2,N,0
37.81603,22.95523,351.7,0.52,0.42,2020-07-23,2359,N,VIIRS,n,2,303.03,23.2,N,0
37.81667,22.94944,333.26,0.52,0.42,2020-07-23,2359,N,VIIRS,n,2,295.27,4.04,N,0
37.82051,22.95008,315.62,0.52,0.42,2020-07-23,2359,N,VIIRS,n,2,293.66,4.04,N,0
37.86661,22.92222,312.26,0.52,0.42,2020-07-23,2359,N,VIIRS,n,2,293.64,2.86,N,0
37.86975,22.92912,331.41,0.52,0.42,2020-07-23,2359,N,VIIRS,n,2,296.75,5.05,N,0
38.11895,20.73788,327.86,0.45,0.47,2020-07-23,2359,N,VIIRS,n,2,293.63,7.75,N,0
37.87046,22.92274,323,0.52,0.42,2020-07-23,2359,N,VIIRS,n,2,295.21,2.86,N,0
37.87296,22.9353,305.22,0.52,0.42,2020-07-23,2359,N,VIIRS,n,2,294.43,1.36,N,0
38.12332,20.73794,343.02,0.45,0.47,2020-07-23,2359,N,VIIRS,n,2,297.58,7.75,N,0
38.13079,23.52404,311.22,0.5,0.41,2020-07-23,2359,N,VIIRS,n,2,295.64,1.57,N,2
38.37388,24.06176,307.27,0.47,0.4,2020-07-23,2359,N,VIIRS,n,2,295.82,1.09,N,2
37.87486,22.95305,307.85,0.52,0.42,2020-07-23,2359,N,VIIRS,n,2,295.75,2.15,N,0
37.87621,22.94118,312.34,0.52,0.42,2020-07-23,2359,N,VIIRS,n,2,294.99,2.67,N,0
38.5672,23.29433,331.19,0.51,0.41,2020-07-23,2359,N,VIIRS,n,2,294.57,6.84,N,3
39.38618,22.80614,301.5,0.55,0.43,2020-07-23,2359,N,VIIRS,n,2,290.43,0.72,N,2
37.78736,22.9201,308.15,0.52,0.42,2020-07-23,2359,N,VIIRS,n,2,290.68,1.34,N,0
37.79121,22.92066,317.9,0.52,0.42,2020-07-23,2359,N,VIIRS,n,2,293.07,2.22,N,0
37.78849,22.92156,320.62,0.52,0.42,2020-07-23,2359,N,VIIRS,n,2,292.17,3.74,N,0
37.80005,22.92309,326.35,0.52,0.42,2020-07-23,2359,N,VIIRS,n,2,294.19,4.83,N,0
37.80055,22.95419,311.5,0.52,0.42,2020-07-23,2359,N,VIIRS,n,2,290.82,56.18,N,0
37.80392,22.92337,305.93,0.52,0.42,2020-07-23,2359,N,VIIRS,n,2,291.91,1.01,N,0
37.79987,22.96035,335.13,0.52,0.42,2020-07-23,2359,N,VIIRS,n,2,293.44,56.18,N,0
37.80375,22.96054,367,0.52,0.42,2020-07-23,2359,N,VIIRS,h,2,328.67,56.18,N,0
37.80442,22.95444,335.77,0.52,0.42,2020-07-23,2359,N,VIIRS,n,2,297.9,56.18,N,0
37.80764,22.96058,328.19,0.52,0.42,2020-07-23,2359,N,VIIRS,n,2,313.38,77.94,N,0
37.8083,22.95459,346.11,0.52,0.42,2020-07-23,2359,N,VIIRS,n,2,308.25,77.94,N,0
37.81283,22.94887,307.54,0.52,0.42,2020-07-23,2359,N,VIIRS,n,2,294.18,3.72,N,0
37.81153,22.96065,367,0.52,0.42,2020-07-23,2359,N,VIIRS,h,2,331.36,77.94,N,0
39.16805,22.84349,307.83,0.55,0.42,2020-07-23,2359,N,VIIRS,n,2,290.65,1.8,N,2
37.70791,21.58061,355.57,0.42,0.38,2020-07-24,1120,N,VIIRS,n,2,316.54,132.54,D,0
37.71217,21.58447,355.17,0.42,0.38,2020-07-24,1120,N,VIIRS,n,2,312.5,21.44,D,0
37.71301,21.58928,348.06,0.42,0.38,2020-07-24,1120,N,VIIRS,n,2,307.37,12.74,D,0
37.70876,21.58541,367,0.42,0.38,2020-07-24,1120,N,VIIRS,l,2,326.91,132.54,D,0
37.71128,21.59975,343.52,0.42,0.38,2020-07-24,1120,N,VIIRS,n,2,306,112.27,D,0
37.70959,21.59018,367,0.42,0.38,2020-07-24,1120,N,VIIRS,h,2,340.77,0,D,0
37.71045,21.59501,367,0.42,0.38,2020-07-24,1120,N,VIIRS,h,2,340.72,0,D,0
37.70535,21.58636,367,0.42,0.38,2020-07-24,1120,N,VIIRS,l,2,371.5,132.54,D,0
37.70618,21.59109,367,0.42,0.38,2020-07-24,1120,N,VIIRS,l,2,381.67,0,D,0
37.70701,21.59583,367,0.42,0.38,2020-07-24,1120,N,VIIRS,l,2,378.85,0,D,0
37.70786,21.6006,367,0.42,0.38,2020-07-24,1120,N,VIIRS,l,2,332.88,112.27,D,0
37.70367,21.57688,343.42,0.42,0.38,2020-07-24,1120,N,VIIRS,l,2,315.14,25.31,D,0
37.70451,21.58164,355.67,0.42,0.38,2020-07-24,1120,N,VIIRS,n,2,319.26,132.54,D,0
37.7011,21.58255,367,0.42,0.38,2020-07-24,1120,N,VIIRS,l,2,347.7,132.66,D,0
37.70025,21.57779,333.4,0.42,0.38,2020-07-24,1120,N,VIIRS,l,2,308.4,10.18,D,0
37.70275,21.59195,355.09,0.42,0.38,2020-07-24,1120,N,VIIRS,n,2,309.3,22.89,D,0
37.70446,21.60161,338.33,0.42,0.38,2020-07-24,1120,N,VIIRS,n,2,300.02,4.01,D,0
37.70192,21.58722,367,0.42,0.38,2020-07-24,1120,N,VIIRS,h,2,362.11,132.66,D,0
37.70359,21.59669,367,0.42,0.38,2020-07-24,1120,N,VIIRS,h,2,303.6,22.89,D,0
37.69849,21.58808,343.84,0.42,0.38,2020-07-24,1120,N,VIIRS,n,2,305.76,132.66,D,0
37.69933,21.59286,353.21,0.42,0.38,2020-07-24,1120,N,VIIRS,n,2,303.84,22.89,D,0
37.70018,21.59761,341.12,0.42,0.38,2020-07-24,1120,N,VIIRS,n,2,300.72,22.89,D,0
37.69593,21.59383,330.48,0.42,0.38,2020-07-24,1120,N,VIIRS,n,2,300.19,4.42,D,0
40.70536,22.81575,340.7,0.38,0.36,2020-07-24,1121,N,VIIRS,n,2,308,3.1,D,2
40.62062,22.18059,330.09,0.39,0.36,2020-07-24,1121,N,VIIRS,l,2,301.63,0.87,D,0
40.70574,22.81274,315.81,0.33,0.55,2020-07-24,2339,N,VIIRS,n,2,290.51,1.14,N,2
37.70662,21.58688,301.83,0.36,0.57,2020-07-24,2340,N,VIIRS,n,2,291.76,1.03,N,0
37.7106,21.61025,317.86,0.36,0.57,2020-07-24,2340,N,VIIRS,n,2,291.79,1.63,N,0
37.71114,21.60131,306.4,0.36,0.57,2020-07-24,2340,N,VIIRS,n,2,292.56,1.27,N,0
37.70582,21.60019,304.8,0.36,0.57,2020-07-24,2340,N,VIIRS,n,2,292.35,1.27,N,0
37.70554,21.60493,304.64,0.36,0.57,2020-07-24,2340,N,VIIRS,n,2,291.61,1.63,N,0
37.71141,21.5969,303.87,0.36,0.57,2020-07-24,2340,N,VIIRS,n,2,292.2,1.27,N,0
37.81194,22.96188,308.32,0.61,0.53,2020-07-24,2340,N,VIIRS,n,2,291.74,1.78,N,0
37.72246,21.59226,307.28,0.36,0.57,2020-07-24,2340,N,VIIRS,n,2,291.28,0.97,N,0
37.7222,21.59667,308.14,0.36,0.57,2020-07-24,2340,N,VIIRS,n,2,291.43,1.41,N,0
37.70636,21.59115,303.36,0.36,0.57,2020-07-24,2340,N,VIIRS,n,2,292.2,1.03,N,0
37.70153,21.5818,303.75,0.36,0.57,2020-07-24,2340,N,VIIRS,n,2,292.46,1.16,N,0
37.69998,21.60783,307.13,0.36,0.57,2020-07-24,2340,N,VIIRS,n,2,291.83,0.84,N,0
37.71706,21.59243,304.48,0.36,0.57,2020-07-24,2340,N,VIIRS,n,2,292.02,0.97,N,0
37.71087,21.60577,324.92,0.36,0.57,2020-07-24,2340,N,VIIRS,n,2,293.12,1.63,N,0
37.70352,21.60123,302.83,0.48,0.65,2020-07-25,0121,N,VIIRS,n,2,291.67,1.87,N,0
37.81347,22.96216,308.83,0.56,0.69,2020-07-25,0121,N,VIIRS,n,2,289.08,1.46,N,0
37.87078,22.93102,302.53,0.55,0.68,2020-07-25,0121,N,VIIRS,n,2,288.87,1.53,N,0
37.70945,21.60297,305.94,0.48,0.65,2020-07-25,0121,N,VIIRS,n,2,291.78,2.41,N,0
37.70801,21.60799,304.91,0.48,0.65,2020-07-25,0121,N,VIIRS,n,2,291.04,1.4,N,0
37.81549,22.96268,314.79,0.56,0.69,2020-07-25,0121,N,VIIRS,n,2,289.21,0.86,N,0
37.87291,22.9322,302.27,0.55,0.68,2020-07-25,0121,N,VIIRS,n,2,289.26,0.82,N,0
38.31941,23.61965,339.18,0.51,0.41,2020-07-25,1102,N,VIIRS,n,2,307.22,3.08,D,0
40.2844,23.4428,302.73,0.59,0.53,2020-07-26,0101,N,VIIRS,n,2,290.47,0.76,N,2
38.56477,23.2916,312.61,0.32,0.54,2020-07-26,0102,N,VIIRS,n,2,291.75,3.82,N,3
38.37207,24.06119,304.74,0.35,0.57,2020-07-26,0102,N,VIIRS,n,2,291.92,0.86,N,2
37.9191,23.07243,306.07,0.32,0.55,2020-07-26,0102,N,VIIRS,n,2,294.74,1.5,N,2
38.56394,23.29487,312.38,0.32,0.54,2020-07-26,0102,N,VIIRS,n,2,291.66,1.55,N,2
37.79552,21.6782,338.43,0.38,0.59,2020-07-26,1043,N,VIIRS,n,2,300.61,2.79,D,0
38.12621,20.54952,355.31,0.42,0.61,2020-07-26,1043,N,VIIRS,n,2,303.62,13.6,D,0
38.12752,20.55424,367,0.42,0.61,2020-07-26,1043,N,VIIRS,h,2,302.26,17.61,D,0
37.79607,21.68936,367,0.47,0.64,2020-07-26,1223,N,VIIRS,h,2,303.84,97.61,D,0
37.78991,21.68489,351.09,0.46,0.64,2020-07-26,1223,N,VIIRS,n,2,301.82,97.61,D,0
37.7954,21.67332,339.54,0.46,0.64,2020-07-26,1223,N,VIIRS,n,2,300.59,68.47,D,0
37.79584,21.68386,367,0.46,0.64,2020-07-26,1223,N,VIIRS,l,2,329.69,97.61,D,0
37.7897,21.67982,347.56,0.46,0.64,2020-07-26,1223,N,VIIRS,n,2,303.29,68.47,D,0
38.1227,20.55499,337.82,0.41,0.6,2020-07-26,1224,N,VIIRS,n,2,305.49,6.95,D,0
38.12832,20.55423,367,0.41,0.6,2020-07-26,1224,N,VIIRS,h,2,304.07,6.95,D,0
41.09307,25.09462,342.42,0.73,0.76,2020-07-26,1224,N,VIIRS,n,2,291.74,6.1,D,0
41.09101,25.09582,342.52,0.73,0.76,2020-07-26,1224,N,VIIRS,n,2,291.51,8.31,D,0
38.12317,20.56477,367,0.41,0.6,2020-07-26,1224,N,VIIRS,h,2,303.8,15.48,D,0
38.12294,20.55985,347.63,0.41,0.6,2020-07-26,1224,N,VIIRS,n,2,307.31,15.48,D,0
38.12855,20.55899,342.18,0.41,0.6,2020-07-26,1224,N,VIIRS,n,2,301.73,15.48,D,0
40.28426,23.44579,305.14,0.52,0.42,2020-07-27,0042,N,VIIRS,n,2,291.41,0.99,N,2
38.56519,23.29688,306.93,0.56,0.43,2020-07-27,0043,N,VIIRS,n,2,292.83,1.18,N,2
38.37379,24.06005,306.64,0.4,0.45,2020-07-27,0043,N,VIIRS,n,2,294.13,1.16,N,2
38.12761,23.52351,303.1,0.39,0.44,2020-07-27,0043,N,VIIRS,n,2,291.53,0.97,N,2
39.35294,22.986,305.94,0.52,0.42,2020-07-27,0043,N,VIIRS,n,2,292.99,1.33,N,2
35.31271,25.68092,349.69,0.4,0.6,2020-07-27,1204,N,VIIRS,n,2,304.38,10.88,D,0
35.31245,25.67607,367,0.4,0.6,2020-07-27,1204,N,VIIRS,h,2,305.22,7.86,D,0
35.30702,25.67991,367,0.4,0.6,2020-07-27,1204,N,VIIRS,h,2,328.39,125.94,D,0
35.30332,25.67812,341.34,0.4,0.6,2020-07-27,1204,N,VIIRS,n,2,305.44,3.62,D,0
35.3093,25.68383,348.99,0.4,0.6,2020-07-27,1204,N,VIIRS,n,2,304.74,72.04,D,0
35.30872,25.6742,354.63,0.4,0.6,2020-07-27,1204,N,VIIRS,n,2,304.83,34.39,D,0
35.30901,25.67885,367,0.4,0.6,2020-07-27,1204,N,VIIRS,l,2,332.97,72.04,D,0
38.11487,23.77296,333.37,0.33,0.56,2020-07-27,1205,N,VIIRS,n,2,300.92,2.12,D,0
39.48761,22.47343,353.31,0.59,0.53,2020-07-27,1205,N,VIIRS,n,2,307.56,14.69,D,0
41.58591,26.56165,301.58,0.44,0.38,2020-07-28,0023,N,VIIRS,n,2,288.25,0.67,N,0
40.28647,23.44343,306.24,0.39,0.36,2020-07-28,0024,N,VIIRS,n,2,293.76,0.81,N,2
37.91799,23.07167,309.92,0.39,0.36,2020-07-28,0024,N,VIIRS,n,2,298.42,1.85,N,2
38.12997,23.52602,314.64,0.4,0.37,2020-07-28,0024,N,VIIRS,n,2,295.64,1.39,N,2
39.16752,22.84486,305.49,0.39,0.36,2020-07-28,0024,N,VIIRS,n,2,293.28,1.09,N,2
36.9452,27.01364,346.19,0.65,0.73,2020-07-28,1005,N,VIIRS,n,2,297.14,2.51,D,3
38.12983,23.52506,320.32,0.43,0.38,2020-07-29,0005,N,VIIRS,n,2,296.97,2.05,N,2
38.37462,24.06242,306.55,0.42,0.38,2020-07-29,0005,N,VIIRS,n,2,295.94,0.89,N,2
40.70475,22.88091,354.14,0.39,0.36,2020-07-29,1127,N,VIIRS,n,2,321.61,19.51,D,0
38.0889,23.78339,337.96,0.39,0.36,2020-07-29,1127,N,VIIRS,l,2,311.15,1.15,D,0
40.54081,22.21733,335.65,0.39,0.36,2020-07-29,1127,N,VIIRS,l,2,308.07,1.9,D,0
39.82557,22.51749,339.88,0.39,0.36,2020-07-29,1127,N,VIIRS,n,2,309.05,2.72,D,0
38.44921,23.55289,337.91,0.39,0.36,2020-07-29,1127,N,VIIRS,l,2,311.26,3.28,D,0
38.44986,23.55736,340.13,0.39,0.36,2020-07-29,1127,N,VIIRS,l,2,312.18,3.28,D,0
40.70807,22.88009,348.74,0.39,0.36,2020-07-29,1127,N,VIIRS,n,2,310.06,19.51,D,0
40.56323,22.38243,337.07,0.46,0.39,2020-07-30,1109,N,VIIRS,n,2,306.33,3.19,D,0
38.13167,23.52594,309.14,0.43,0.62,2020-07-30,2328,N,VIIRS,n,2,296.71,1.59,N,2
40.28299,23.44513,307.98,0.35,0.57,2020-07-31,0107,N,VIIRS,n,2,291.92,0.98,N,2
39.35548,22.98637,310.11,0.35,0.57,2020-07-31,0108,N,VIIRS,n,2,294.04,1.65,N,2
38.56198,23.29174,304.71,0.38,0.59,2020-07-31,0108,N,VIIRS,n,2,294.56,1.64,N,2
39.35492,22.986,309.58,0.35,0.57,2020-07-31,0108,N,VIIRS,n,2,294.18,1.86,N,2
38.03604,23.31907,340.72,0.51,0.49,2020-07-31,1049,N,VIIRS,n,2,308.84,2.74,D,0
39.78507,20.29523,346.24,0.33,0.55,2020-07-31,1050,N,VIIRS,n,2,301.24,4.51,D,0
39.78216,20.29323,332.8,0.49,0.65,2020-07-31,1230,N,VIIRS,l,2,303.3,6.11,D,0
37.27073,21.98449,340.92,0.58,0.7,2020-07-31,1230,N,VIIRS,n,2,299.31,4.8,D,0
39.78844,20.29853,339.86,0.49,0.65,2020-07-31,1230,N,VIIRS,n,2,304.51,10.73,D,0
39.78204,20.28936,347.9,0.49,0.65,2020-07-31,1230,N,VIIRS,n,2,305.21,6.11,D,0
39.78861,20.30376,344.66,0.49,0.65,2020-07-31,1230,N,VIIRS,n,2,303.78,8.99,D,0
35.22011,25.68292,321.94,0.56,0.69,2020-07-31,2309,N,VIIRS,n,2,297.48,3.7,N,0
39.35381,22.98479,310.23,0.41,0.45,2020-08-01,0049,N,VIIRS,n,2,296.16,2.02,N,2
38.37215,24.06218,305.78,0.49,0.48,2020-08-01,0049,N,VIIRS,n,2,294.43,1.45,N,2
39.76562,20.28582,348.75,0.39,0.36,2020-08-02,0030,N,VIIRS,n,2,295.75,10,N,0
39.38743,22.80656,325.41,0.4,0.37,2020-08-02,0030,N,VIIRS,n,2,291.17,2.32,N,2
39.77548,20.28857,326.05,0.39,0.36,2020-08-02,0030,N,VIIRS,n,2,293.48,3.31,N,0
39.7748,20.29307,325.87,0.39,0.36,2020-08-02,0030,N,VIIRS,n,2,293.75,4.61,N,0
38.56621,23.29177,307.4,0.42,0.38,2020-08-02,0030,N,VIIRS,n,2,293.88,0.98,N,2
39.76495,20.29029,367,0.39,0.36,2020-08-02,0030,N,VIIRS,h,2,301.08,13.9,N,0
39.76756,20.29569,308.33,0.39,0.36,2020-08-02,0030,N,VIIRS,n,2,294.61,2.97,N,0
39.76687,20.30018,348.37,0.39,0.36,2020-08-02,0030,N,VIIRS,n,2,296.82,5.33,N,0
39.76823,20.29121,335.09,0.39,0.36,2020-08-02,0030,N,VIIRS,n,2,296.38,2.97,N,0
39.76891,20.28674,344.03,0.39,0.36,2020-08-02,0030,N,VIIRS,n,2,298.48,2.87,N,0
39.77015,20.30116,337,0.39,0.36,2020-08-02,0030,N,VIIRS,n,2,296.44,5.33,N,0
39.7722,20.28765,318.06,0.39,0.36,2020-08-02,0030,N,VIIRS,n,2,294.75,2.87,N,0
39.76959,20.28226,323.9,0.39,0.36,2020-08-02,0030,N,VIIRS,n,2,294.59,2.87,N,0
38.56536,23.29646,306.78,0.42,0.38,2020-08-02,0030,N,VIIRS,n,2,293.15,0.98,N,2
39.77411,20.29759,349.23,0.39,0.36,2020-08-02,0030,N,VIIRS,n,2,295.53,4.61,N,0
39.77343,20.30213,335.26,0.39,0.36,2020-08-02,0030,N,VIIRS,n,2,293.48,3.4,N,0
38.12986,23.52578,310.31,0.43,0.38,2020-08-02,0031,N,VIIRS,n,2,294.43,1.71,N,2
39.45123,21.73969,339.59,0.56,0.43,2020-08-02,1152,N,VIIRS,n,2,301.68,6.5,D,0
39.35531,22.98751,305.73,0.41,0.37,2020-08-03,0011,N,VIIRS,n,2,293.11,0.79,N,2
38.03584,23.59157,307.56,0.39,0.37,2020-08-03,0012,N,VIIRS,n,2,295.96,1.38,N,0
38.37302,24.06319,308.12,0.39,0.36,2020-08-03,0012,N,VIIRS,n,2,295.25,1,N,2
38.12947,23.52366,317.31,0.4,0.37,2020-08-03,0012,N,VIIRS,n,2,294.86,1.28,N,2
36.95538,27.01689,323.53,0.41,0.37,2020-08-03,0012,N,VIIRS,n,2,295.75,3.34,N,0
39.16959,22.84245,310.21,0.42,0.37,2020-08-03,0012,N,VIIRS,n,2,292.69,1.72,N,2
39.16857,22.84013,304.51,0.42,0.37,2020-08-03,0012,N,VIIRS,n,2,291.81,0.96,N,0
39.16793,22.84492,306.7,0.42,0.37,2020-08-03,0012,N,VIIRS,n,2,291.12,0.96,N,2
39.70823,20.74269,338.26,0.38,0.36,2020-08-03,1134,N,VIIRS,n,2,307.88,6.02,D,0
40.86859,24.69545,306.06,0.55,0.43,2020-08-03,2352,N,VIIRS,n,2,291.44,1.28,N,0
39.38694,22.80929,303.93,0.44,0.46,2020-08-03,2353,N,VIIRS,n,2,290.76,0.97,N,2
38.13085,23.52325,310.7,0.39,0.44,2020-08-03,2353,N,VIIRS,n,2,292.9,1.52,N,2
37.03211,22.29228,315.69,0.44,0.46,2020-08-03,2353,N,VIIRS,n,2,287.33,2.19,N,0
37.03375,22.29415,346.64,0.45,0.39,2020-08-04,1114,N,VIIRS,n,2,304.07,11.3,D,0
37.03546,22.29145,336.06,0.45,0.39,2020-08-04,1114,N,VIIRS,n,2,301.44,12.51,D,0
38.12825,23.52431,331.64,0.41,0.37,2020-08-04,1114,N,VIIRS,l,2,306.32,3.2,D,2
38.12914,23.52731,333.07,0.41,0.37,2020-08-04,1114,N,VIIRS,l,2,307.83,2.37,D,2
41.18754,22.88449,334,0.4,0.37,2020-08-04,1115,N,VIIRS,n,2,303.84,10.67,D,0
41.18597,22.88218,341.59,0.4,0.37,2020-08-04,1115,N,VIIRS,n,2,308.31,10.41,D,0
41.61326,26.30242,334.56,0.4,0.37,2020-08-04,1115,N,VIIRS,l,2,308.39,0.73,D,0
40.70332,22.81937,331.91,0.4,0.37,2020-08-04,1115,N,VIIRS,l,2,304.88,1.94,D,0
40.77359,23.9209,301.73,0.35,0.57,2020-08-04,2333,N,VIIRS,n,2,290.53,0.9,N,0
40.77497,23.91907,310.93,0.35,0.57,2020-08-04,2333,N,VIIRS,n,2,290.59,0.78,N,0
40.28471,23.4434,302.95,0.37,0.58,2020-08-04,2333,N,VIIRS,n,2,291.37,0.49,N,2
38.3748,24.0611,306.63,0.33,0.55,2020-08-04,2334,N,VIIRS,n,2,294,0.77,N,2
38.13036,23.52536,309.75,0.35,0.57,2020-08-04,2334,N,VIIRS,n,2,291.92,1.1,N,2
40.28558,23.44419,303.26,0.42,0.61,2020-08-05,0114,N,VIIRS,n,2,289.45,0.43,N,2
38.56288,23.29362,306.77,0.46,0.64,2020-08-05,0114,N,VIIRS,n,2,291.19,1.06,N,2
38.56649,23.29633,311.29,0.46,0.64,2020-08-05,0114,N,VIIRS,n,2,290.84,2.21,N,2
38.37491,24.06134,302.35,0.51,0.66,2020-08-05,0114,N,VIIRS,n,2,292.22,1.03,N,2
38.56353,23.29225,305.44,0.53,0.5,2020-08-06,0056,N,VIIRS,n,2,292.25,1.52,N,2
38.56694,23.2942,303.72,0.53,0.5,2020-08-06,0056,N,VIIRS,n,2,292.26,1.83,N,3
37.03076,22.29389,367,0.45,0.63,2020-08-06,1037,N,VIIRS,h,2,300.99,10.11,D,0
38.64769,22.98936,355.31,0.37,0.58,2020-08-06,1037,N,VIIRS,n,2,296.93,16.97,D,0
38.64861,22.9928,367,0.37,0.58,2020-08-06,1037,N,VIIRS,h,2,302.72,16.97,D,0
38.65021,22.98687,347.29,0.37,0.58,2020-08-06,1037,N,VIIRS,n,2,296.79,16.77,D,0
38.6511,22.99028,367,0.37,0.58,2020-08-06,1037,N,VIIRS,h,2,303.53,16.77,D,0
38.64931,22.98586,330.01,0.46,0.63,2020-08-06,1217,N,VIIRS,n,2,295.44,4.64,D,0
38.64622,22.98822,352.79,0.46,0.63,2020-08-06,1217,N,VIIRS,n,2,298.23,11.22,D,0
38.6437,22.99448,347.28,0.46,0.63,2020-08-06,1217,N,VIIRS,n,2,297.16,11.41,D,0
38.6435,22.98904,346.28,0.46,0.63,2020-08-06,1217,N,VIIRS,n,2,297.77,4.64,D,0
38.64954,22.99191,332.5,0.46,0.63,2020-08-06,1217,N,VIIRS,n,2,295.67,4.64,D,0
38.64647,22.99389,347.59,0.46,0.63,2020-08-06,1217,N,VIIRS,n,2,296.52,11.14,D,0
38.12957,23.52558,310.65,0.49,0.41,2020-08-07,0037,N,VIIRS,n,2,292.45,1.43,N,2
38.56369,23.29214,304.1,0.48,0.4,2020-08-07,0037,N,VIIRS,n,2,291.31,1.88,N,2
38.56596,23.29485,307.4,0.48,0.4,2020-08-07,0037,N,VIIRS,n,2,291.83,1.5,N,2
36.67741,22.45954,367,0.77,0.77,2020-08-07,1018,N,VIIRS,h,2,295.35,25.59,D,0
36.68056,22.45368,338.47,0.77,0.78,2020-08-07,1018,N,VIIRS,n,2,293.45,7.48,D,0
36.6741,22.45801,356.54,0.77,0.78,2020-08-07,1018,N,VIIRS,n,2,296.08,14.28,D,0
36.67718,22.4578,367,0.45,0.47,2020-08-07,1158,N,VIIRS,h,2,306.97,10.04,D,0
38.37407,24.06289,305.87,0.39,0.36,2020-08-08,0018,N,VIIRS,n,2,292.31,0.57,N,2
36.95309,27.01575,321.11,0.46,0.39,2020-08-08,0018,N,VIIRS,n,2,294.16,2.07,N,0
37.91805,23.07075,305.98,0.38,0.36,2020-08-08,0018,N,VIIRS,n,2,293.96,1.64,N,2
38.12955,23.52529,319.42,0.38,0.36,2020-08-08,0018,N,VIIRS,n,2,292.46,1.68,N,2
39.38785,22.80669,298.4,0.55,0.43,2020-08-08,2359,N,VIIRS,n,2,282.64,1.57,N,2
39.38526,22.80641,301.33,0.55,0.43,2020-08-08,2359,N,VIIRS,n,2,283.91,0.76,N,2
41.01386,25.63217,313.57,0.47,0.48,2020-08-09,2339,N,VIIRS,n,2,291.96,1.5,N,0
38.12853,23.52296,307.57,0.57,0.52,2020-08-09,2340,N,VIIRS,n,2,291.36,1.68,N,2
39.35396,22.98364,305.14,0.51,0.66,2020-08-10,0120,N,VIIRS,n,2,289.55,1.75,N,2
38.31768,23.62187,340.12,0.51,0.41,2020-08-10,1102,N,VIIRS,n,2,304.33,5.49,D,0
39.08931,26.06652,336.87,0.41,0.37,2020-08-10,1102,N,VIIRS,l,2,307.98,4.28,D,0
38.29289,23.3003,344.52,0.53,0.42,2020-08-10,1102,N,VIIRS,n,2,303.06,18.54,D,0
38.12944,23.52284,301.68,0.52,0.67,2020-08-10,2321,N,VIIRS,n,2,289.38,0.87,N,2
38.13122,23.52272,301.54,0.52,0.67,2020-08-10,2321,N,VIIRS,n,2,290.14,0.52,N,2
38.1278,23.52582,301,0.34,0.56,2020-08-11,0102,N,VIIRS,n,2,290.41,0.42,N,2
39.35539,22.9867,305.04,0.59,0.53,2020-08-11,0102,N,VIIRS,n,2,291.35,1.08,N,2
38.5654,23.2926,312.33,0.32,0.54,2020-08-11,0102,N,VIIRS,n,2,292.87,1.69,N,2
38.56527,23.29341,316.96,0.32,0.54,2020-08-11,0102,N,VIIRS,n,2,293.09,1.42,N,2
38.1299,23.52568,309.37,0.39,0.44,2020-08-12,0043,N,VIIRS,n,2,293.47,1.07,N,2
38.47277,26.132,346.93,0.38,0.58,2020-08-12,1024,N,VIIRS,n,2,305.29,5.03,D,0
38.47301,26.14022,367,0.38,0.58,2020-08-12,1024,N,VIIRS,h,2,305.38,11.49,D,0
38.47098,26.13254,343.98,0.38,0.58,2020-08-12,1024,N,VIIRS,n,2,306.36,6.17,D,0
38.47204,26.13655,355.19,0.38,0.58,2020-08-12,1024,N,VIIRS,n,2,307.57,11.49,D,0
38.47375,26.13567,356.07,0.38,0.58,2020-08-12,1024,N,VIIRS,n,2,306.82,11.66,D,0
38.47483,26.13963,367,0.38,0.58,2020-08-12,1024,N,VIIRS,h,2,305.02,11.66,D,0
40.97513,24.86711,340.17,0.37,0.58,2020-08-12,1025,N,VIIRS,n,2,298.07,3.33,D,0
35.31912,23.62424,340.74,0.62,0.54,2020-08-12,1204,N,VIIRS,n,2,302.4,40.96,D,0
35.31928,23.62562,337.56,0.62,0.54,2020-08-12,1204,N,VIIRS,n,2,301.76,11.88,D,0
35.31846,23.6147,340.82,0.62,0.54,2020-08-12,1204,N,VIIRS,n,2,302.35,42.36,D,0
35.31856,23.61629,344.11,0.62,0.54,2020-08-12,1204,N,VIIRS,n,2,303.36,11.88,D,0
35.31346,23.61508,351.57,0.62,0.54,2020-08-12,1204,N,VIIRS,n,2,313.58,42.36,D,0
35.31355,23.61656,343.33,0.62,0.54,2020-08-12,1204,N,VIIRS,n,2,309.69,93.63,D,0
39.35434,22.98658,313.19,0.39,0.36,2020-08-13,0024,N,VIIRS,n,2,294.02,1.68,N,2
37.62784,25.1745,306.76,0.44,0.38,2020-08-13,0024,N,VIIRS,n,2,293.12,0.38,N,0
38.12972,23.52707,311.4,0.4,0.37,2020-08-13,0024,N,VIIRS,n,2,295.32,0.99,N,2
37.63728,26.27694,324.57,0.48,0.4,2020-08-13,0024,N,VIIRS,n,2,297.56,41.15,N,0
37.63828,26.27186,334.49,0.48,0.4,2020-08-13,0024,N,VIIRS,n,2,297.69,56.7,N,0
37.64088,26.2782,318.56,0.48,0.4,2020-08-13,0024,N,VIIRS,n,2,307.97,29.49,N,0
37.64281,26.26838,305.43,0.48,0.4,2020-08-13,0024,N,VIIRS,n,2,292.55,46.73,N,0
37.64186,26.27323,367,0.48,0.4,2020-08-13,0024,N,VIIRS,h,2,339.81,46.73,N,0
37.64542,26.27467,340.38,0.48,0.4,2020-08-13,0024,N,VIIRS,n,2,315.95,46.73,N,0
37.64639,26.26974,331.69,0.48,0.4,2020-08-13,0024,N,VIIRS,n,2,307.92,46.73,N,0
38.37498,24.06315,304.99,0.4,0.37,2020-08-13,0024,N,VIIRS,n,2,294.17,0.66,N,2
38.56437,23.29256,309.37,0.39,0.36,2020-08-13,0024,N,VIIRS,n,2,295.08,1.8,N,2
35.29822,23.61015,336.42,0.52,0.41,2020-08-13,1145,N,VIIRS,n,2,306.63,10.92,D,0
35.29007,23.60669,341.91,0.52,0.41,2020-08-13,1145,N,VIIRS,n,2,310.3,167.26,D,0
35.28946,23.60128,367,0.52,0.41,2020-08-13,1145,N,VIIRS,h,2,336.6,167.26,D,0
35.30196,23.60891,367,0.52,0.41,2020-08-13,1145,N,VIIRS,h,2,310.06,10.92,D,0
35.30136,23.60359,334.01,0.52,0.41,2020-08-13,1145,N,VIIRS,n,2,306.11,8.47,D,0
35.30259,23.61455,337.78,0.52,0.41,2020-08-13,1145,N,VIIRS,n,2,305.94,10.92,D,0
35.29761,23.60476,351.91,0.52,0.41,2020-08-13,1145,N,VIIRS,n,2,308.6,8.47,D,0
35.29385,23.60579,367,0.52,0.41,2020-08-13,1145,N,VIIRS,l,2,328.29,167.26,D,0
35.30952,23.60717,337.73,0.52,0.41,2020-08-13,1145,N,VIIRS,n,2,302.03,25.8,D,0
35.30573,23.60793,346.98,0.52,0.41,2020-08-13,1145,N,VIIRS,n,2,314.78,25.8,D,0
35.30635,23.61345,351.56,0.52,0.41,2020-08-13,1145,N,VIIRS,n,2,314.39,25.8,D,0
38.47744,23.01885,334.23,0.53,0.42,2020-08-13,1146,N,VIIRS,n,2,299.11,5.7,D,0
38.47992,23.01903,339.79,0.53,0.42,2020-08-13,1146,N,VIIRS,n,2,300.17,5.31,D,0
38.16725,24.01429,330.62,0.39,0.44,2020-08-13,1146,N,VIIRS,l,2,303.69,1.96,D,0
38.3746,24.06099,306.95,0.42,0.38,2020-08-14,0005,N,VIIRS,n,2,294.38,0.79,N,2
35.30798,23.59342,345.58,0.41,0.37,2020-08-14,0006,N,VIIRS,n,2,297.06,5.08,N,0
38.12877,23.52369,313.25,0.43,0.38,2020-08-14,0006,N,VIIRS,n,2,294.95,1.86,N,2
35.31288,23.60869,321.44,0.41,0.37,2020-08-14,0006,N,VIIRS,n,2,291.84,1.17,N,0
35.31012,23.60333,329.55,0.41,0.37,2020-08-14,0006,N,VIIRS,n,2,294.05,7.49,N,0
35.30949,23.60794,345.38,0.41,0.37,2020-08-14,0006,N,VIIRS,n,2,293.67,4.99,N,0
35.30826,23.61678,328.98,0.41,0.37,2020-08-14,0006,N,VIIRS,n,2,292.69,1.4,N,0
35.30886,23.61246,310.52,0.41,0.37,2020-08-14,0006,N,VIIRS,n,2,291.35,4.99,N,0
35.30547,23.61171,334.29,0.41,0.37,2020-08-14,0006,N,VIIRS,n,2,292.49,4.99,N,0
35.30861,23.58887,309.27,0.41,0.37,2020-08-14,0006,N,VIIRS,n,2,292.75,5.08,N,0
35.30487,23.61606,314.43,0.41,0.37,2020-08-14,0006,N,VIIRS,n,2,291.88,1.4,N,0
35.30519,23.58818,348,0.41,0.37,2020-08-14,0006,N,VIIRS,n,2,301.01,8.42,N,0
35.30458,23.5927,329.56,0.41,0.37,2020-08-14,0006,N,VIIRS,n,2,294.59,8.42,N,0
35.30209,23.61084,330.9,0.41,0.37,2020-08-14,0006,N,VIIRS,n,2,294.39,5.29,N,0
35.30582,23.58362,314.88,0.41,0.37,2020-08-14,0006,N,VIIRS,n,2,293.45,17.02,N,0
35.30243,23.58282,343.4,0.41,0.37,2020-08-14,0006,N,VIIRS,n,2,302.97,17.02,N,0
35.3018,23.58738,309.81,0.41,0.37,2020-08-14,0006,N,VIIRS,n,2,295.26,8.42,N,0
35.29781,23.59096,318.81,0.41,0.37,2020-08-14,0006,N,VIIRS,n,2,294.89,2.39,N,0
37.1231,25.52863,339.77,0.42,0.38,2020-08-14,1127,N,VIIRS,l,2,310.75,4.24,D,0
38.45369,21.29391,347.13,0.39,0.36,2020-08-14,1127,N,VIIRS,n,2,309.72,7.93,D,0
38.25395,23.25846,333.61,0.39,0.36,2020-08-14,1127,N,VIIRS,l,2,308.44,1.47,D,0
37.13475,25.53643,352.25,0.42,0.38,2020-08-14,1127,N,VIIRS,n,2,313.94,40.18,D,0
37.13063,25.53209,342.19,0.42,0.38,2020-08-14,1127,N,VIIRS,l,2,312.47,11.64,D,0
37.13129,25.5371,341.37,0.42,0.38,2020-08-14,1127,N,VIIRS,l,2,315.55,11.64,D,0
37.13196,25.54217,347.17,0.42,0.38,2020-08-14,1127,N,VIIRS,n,2,313.22,12.42,D,0
37.12653,25.52781,348.89,0.42,0.38,2020-08-14,1127,N,VIIRS,n,2,320.97,28.94,D,0
37.12719,25.53282,347.62,0.42,0.38,2020-08-14,1127,N,VIIRS,n,2,317.14,11.64,D,0
37.12785,25.53787,351.34,0.42,0.38,2020-08-14,1127,N,VIIRS,n,2,314.79,11.64,D,0
37.12376,25.53369,337.41,0.42,0.38,2020-08-14,1127,N,VIIRS,n,2,304.68,3.86,D,0
38.37331,24.06111,304.62,0.44,0.46,2020-08-14,2347,N,VIIRS,n,2,293.81,1.11,N,2
38.56538,23.29229,315.89,0.49,0.48,2020-08-14,2347,N,VIIRS,n,2,294.68,2.21,N,2
36.95521,27.01301,329.78,0.47,0.4,2020-08-14,2347,N,VIIRS,n,2,297.7,2.53,N,0
38.12976,23.52508,309.71,0.47,0.48,2020-08-14,2347,N,VIIRS,n,2,294.13,0.95,N,2
36.95456,27.0184,311.46,0.47,0.39,2020-08-14,2347,N,VIIRS,n,2,295.83,2.53,N,0
39.35418,22.98294,305.29,0.61,0.71,2020-08-15,0127,N,VIIRS,n,2,290.63,1.24,N,2
35.02821,25.28475,346.95,0.43,0.38,2020-08-15,1107,N,VIIRS,n,2,312.22,7.06,D,0
35.03161,25.28358,332.82,0.43,0.38,2020-08-15,1107,N,VIIRS,l,2,307.76,2.56,D,0
38.07519,23.76977,340.91,0.44,0.39,2020-08-15,1108,N,VIIRS,n,2,309.81,5.58,D,0
38.3642,23.37175,334.73,0.45,0.39,2020-08-15,1108,N,VIIRS,l,2,308.83,1.46,D,0
38.5629,23.29287,305.51,0.44,0.62,2020-08-15,2328,N,VIIRS,n,2,290.7,1.66,N,2
38.56422,23.29325,314.04,0.44,0.62,2020-08-15,2328,N,VIIRS,n,2,290.79,1.89,N,2
38.12981,23.52176,305.05,0.42,0.61,2020-08-15,2328,N,VIIRS,n,2,291.74,0.63,N,2
38.56383,23.29325,306.06,0.38,0.59,2020-08-16,0108,N,VIIRS,n,2,290.84,1.4,N,2
38.0386,23.51193,306.62,0.41,0.6,2020-08-16,0108,N,VIIRS,n,2,293.06,1.41,N,0
39.35567,22.98356,305.89,0.35,0.57,2020-08-16,0108,N,VIIRS,n,2,290.21,1.35,N,2
38.61324,21.40815,337.52,0.56,0.68,2020-08-16,1230,N,VIIRS,n,2,300.85,4.1,D,0
38.3741,24.06188,305.53,0.49,0.48,2020-08-17,0049,N,VIIRS,n,2,291.13,0.86,N,2
39.35357,22.98285,309.19,0.41,0.45,2020-08-17,0049,N,VIIRS,n,2,290.68,1.04,N,2
38.56535,23.29335,313.52,0.44,0.46,2020-08-17,0049,N,VIIRS,n,2,289.25,1.76,N,2
38.56603,23.29584,312.78,0.44,0.46,2020-08-17,0049,N,VIIRS,n,2,287.55,2.45,N,2
38.12868,23.52288,302.68,0.46,0.47,2020-08-17,0049,N,VIIRS,n,2,291.04,1,N,2
41.46256,26.49918,341.63,0.5,0.49,2020-08-17,1031,N,VIIRS,n,2,300.4,7.78,D,0
39.33741,26.18661,344.78,0.59,0.53,2020-08-17,1031,N,VIIRS,n,2,316.29,66.06,D,0
39.34217,26.18499,349.04,0.59,0.53,2020-08-17,1031,N,VIIRS,n,2,302.71,66.06,D,0
38.91976,21.174,334.58,0.6,0.53,2020-08-17,1211,N,VIIRS,n,2,300.39,3.79,D,0
39.34433,26.18132,354.64,0.56,0.69,2020-08-17,1211,N,VIIRS,n,2,298.12,22.58,D,0
39.34447,26.18814,367,0.56,0.69,2020-08-17,1211,N,VIIRS,h,2,301.5,44.09,D,0
39.33818,26.19555,356.53,0.56,0.69,2020-08-17,1211,N,VIIRS,n,2,299.73,14.84,D,0
39.33804,26.18899,367,0.56,0.69,2020-08-17,1211,N,VIIRS,h,2,304.18,14.84,D,0
39.34407,26.18287,351.74,0.56,0.69,2020-08-17,1211,N,VIIRS,n,2,299.78,25.79,D,0
39.34426,26.18974,367,0.56,0.69,2020-08-17,1211,N,VIIRS,h,2,301.07,25.79,D,0
39.33765,26.18421,331.78,0.56,0.69,2020-08-17,1211,N,VIIRS,n,2,300.83,10.59,D,0
39.33799,26.19674,342.46,0.56,0.69,2020-08-17,1211,N,VIIRS,n,2,298.92,15.48,D,0
39.33782,26.19047,367,0.56,0.69,2020-08-17,1211,N,VIIRS,h,2,303.37,10.59,D,0
40.28529,23.44485,304.69,0.41,0.37,2020-08-18,0030,N,VIIRS,n,2,291.85,0.65,N,2
39.35395,22.98254,305.47,0.41,0.37,2020-08-18,0030,N,VIIRS,n,2,292.2,1.01,N,2
38.56362,23.29102,307.68,0.42,0.38,2020-08-18,0031,N,VIIRS,n,2,293.6,2.31,N,3
38.56617,23.29674,324.55,0.42,0.38,2020-08-18,0031,N,VIIRS,n,2,292.76,2.31,N,2
38.56703,23.29205,329.98,0.42,0.38,2020-08-18,0031,N,VIIRS,n,2,294.78,2.31,N,3
38.12984,23.52429,311.56,0.43,0.38,2020-08-18,0031,N,VIIRS,n,2,292.11,1.33,N,2
38.37389,24.06047,307.95,0.45,0.39,2020-08-18,0031,N,VIIRS,n,2,292.42,1.18,N,2
38.27517,23.21968,328.24,0.76,0.77,2020-08-18,1012,N,VIIRS,n,2,296.72,2.67,D,0
38.53679,22.99576,331.21,0.42,0.45,2020-08-18,1152,N,VIIRS,l,2,304.79,2.02,D,0
38.27618,23.21754,345.29,0.42,0.46,2020-08-18,1152,N,VIIRS,n,2,310.21,4.23,D,0
38.27594,23.2159,341.63,0.43,0.46,2020-08-18,1152,N,VIIRS,n,2,310.45,4.67,D,0
38.56482,23.29642,334.76,0.43,0.46,2020-08-18,1152,N,VIIRS,n,2,305.51,2.02,D,2
39.3529,22.98611,308.72,0.41,0.37,2020-08-19,0012,N,VIIRS,n,2,293.81,1.34,N,2
38.13009,23.52495,316.53,0.4,0.37,2020-08-19,0012,N,VIIRS,n,2,293.97,1.75,N,2
38.37339,24.0596,305.52,0.39,0.36,2020-08-19,0012,N,VIIRS,n,2,292.83,0.88,N,2
38.56439,23.29572,318.45,0.4,0.37,2020-08-19,0012,N,VIIRS,n,2,293.79,2.76,N,2
35.22532,24.75276,297.1,0.39,0.36,2020-08-19,0013,N,VIIRS,n,2,286.95,0.43,N,0
35.22861,24.7535,301.59,0.39,0.36,2020-08-19,0013,N,VIIRS,n,2,286.94,0.43,N,0
39.52947,21.92107,333.97,0.39,0.36,2020-08-19,1134,N,VIIRS,n,2,300.48,4.41,D,0
39.52883,21.91651,339.35,0.39,0.36,2020-08-19,1134,N,VIIRS,n,2,302.18,4.41,D,0
40.6977,22.5357,335.43,0.41,0.37,2020-08-19,1134,N,VIIRS,n,2,303.31,7.43,D,0
40.69821,22.53342,342.69,0.41,0.37,2020-08-19,1134,N,VIIRS,n,2,301.75,4.43,D,0
38.12983,23.52329,314.18,0.39,0.44,2020-08-19,2353,N,VIIRS,n,2,291.76,1.71,N,2
38.56333,23.2948,313.27,0.4,0.45,2020-08-19,2353,N,VIIRS,n,2,291.2,2.57,N,2
38.56748,23.29509,339.12,0.4,0.45,2020-08-19,2353,N,VIIRS,n,2,292.31,2.57,N,3
38.36379,23.37525,335.01,0.41,0.37,2020-08-20,1114,N,VIIRS,l,2,307.6,0.98,D,0
40.64034,22.92116,336.73,0.4,0.37,2020-08-20,1115,N,VIIRS,l,2,306.86,3.28,D,0
40.70458,22.82034,344.98,0.4,0.37,2020-08-20,1115,N,VIIRS,n,2,304.68,4.25,D,0
38.51493,21.17084,341.22,0.48,0.4,2020-08-20,1115,N,VIIRS,n,2,310.51,19.1,D,0
38.51856,21.16986,343.81,0.48,0.4,2020-08-20,1115,N,VIIRS,n,2,310.25,19.1,D,0
38.52682,21.1732,335.33,0.48,0.4,2020-08-20,1115,N,VIIRS,l,2,309.09,6.06,D,0
40.86287,22.67675,345.86,0.4,0.37,2020-08-20,1115,N,VIIRS,n,2,303.23,3.62,D,0
40.85872,22.67302,337.5,0.4,0.37,2020-08-20,1115,N,VIIRS,n,2,303.46,2.53,D,0
40.72556,22.79936,334.77,0.4,0.37,2020-08-20,1115,N,VIIRS,n,2,306.91,2.22,D,0
38.53038,21.17183,336.69,0.48,0.4,2020-08-20,1115,N,VIIRS,l,2,309.22,2.6,D,0
38.85678,22.50827,331.19,0.42,0.38,2020-08-20,1115,N,VIIRS,l,2,304.43,1.47,D,0
39.08707,22.24394,335.72,0.43,0.38,2020-08-20,1115,N,VIIRS,l,2,307.06,2.94,D,0
40.69647,22.8809,324.33,0.4,0.6,2020-08-20,2333,N,VIIRS,n,2,290.81,2.18,N,0
40.6909,22.8801,308.55,0.4,0.6,2020-08-20,2333,N,VIIRS,n,2,290.08,1.09,N,0
38.56898,23.29353,325.29,0.36,0.57,2020-08-20,2334,N,VIIRS,n,2,291.86,2.18,N,3
38.5636,23.29336,319.1,0.36,0.57,2020-08-20,2334,N,VIIRS,n,2,291.97,1.79,N,2
38.13038,23.52271,308.83,0.35,0.57,2020-08-20,2334,N,VIIRS,n,2,292.13,0.82,N,2
38.56657,23.29391,311.19,0.46,0.64,2020-08-21,0114,N,VIIRS,n,2,291.85,1.98,N,2
39.3564,22.98322,306.57,0.42,0.61,2020-08-21,0114,N,VIIRS,n,2,292.37,1.14,N,2
37.82433,21.72432,342.81,0.7,0.75,2020-08-21,1236,N,VIIRS,n,2,304.6,89.96,D,0
37.82444,21.73186,367,0.7,0.75,2020-08-21,1236,N,VIIRS,h,2,295.77,79.75,D,0
39.35675,22.983,304.49,0.49,0.49,2020-08-22,0055,N,VIIRS,n,2,293.46,0.69,N,2
36.68742,22.4648,346.17,0.44,0.63,2020-08-22,1037,N,VIIRS,n,2,306.05,33.22,D,0
37.66611,21.44521,330.28,0.47,0.64,2020-08-22,1037,N,VIIRS,l,2,302.37,2.34,D,0
36.70511,22.43931,308.95,0.44,0.63,2020-08-22,1037,N,VIIRS,l,2,314.06,97.46,D,0
36.70712,22.44657,367,0.44,0.63,2020-08-22,1037,N,VIIRS,h,2,304.29,62.11,D,0
36.69919,22.44034,352.31,0.44,0.63,2020-08-22,1037,N,VIIRS,n,2,307.04,24.15,D,0
36.70095,22.44669,367,0.44,0.63,2020-08-22,1037,N,VIIRS,h,2,319.7,36.51,D,0
36.70229,22.45153,367,0.44,0.63,2020-08-22,1037,N,VIIRS,h,2,307.12,36.51,D,0
36.6947,22.44651,354.04,0.44,0.63,2020-08-22,1037,N,VIIRS,n,2,310.93,36.51,D,0
36.69997,22.4655,337.87,0.44,0.63,2020-08-22,1037,N,VIIRS,n,2,305.05,14.9,D,0
36.69333,22.44156,367,0.44,0.63,2020-08-22,1037,N,VIIRS,h,2,303.95,24.15,D,0
36.69609,22.45149,367,0.44,0.63,2020-08-22,1037,N,VIIRS,h,2,312.99,36.51,D,0
36.69731,22.45592,367,0.44,0.63,2020-08-22,1037,N,VIIRS,h,2,315.52,26.77,D,0
36.69858,22.46049,367,0.44,0.63,2020-08-22,1037,N,VIIRS,h,2,314.2,26.77,D,0
36.68789,22.44429,367,0.44,0.63,2020-08-22,1037,N,VIIRS,l,2,325.03,100,D,0
36.68648,22.43924,343.29,0.44,0.63,2020-08-22,1037,N,VIIRS,n,2,301.71,100,D,0
36.6893,22.44936,367,0.44,0.63,2020-08-22,1037,N,VIIRS,h,2,329.64,96.44,D,0
36.6906,22.45407,367,0.44,0.63,2020-08-22,1037,N,VIIRS,h,2,324.08,96.44,D,0
36.69179,22.45836,367,0.44,0.63,2020-08-22,1037,N,VIIRS,h,2,317.67,37.68,D,0
36.69299,22.46268,367,0.44,0.63,2020-08-22,1037,N,VIIRS,h,2,312.17,37.68,D,0
36.68263,22.44769,367,0.44,0.63,2020-08-22,1037,N,VIIRS,l,2,327.34,100,D,0
36.68404,22.45276,367,0.44,0.63,2020-08-22,1037,N,VIIRS,l,2,340.86,96.44,D,0
36.6853,22.45728,353.48,0.44,0.63,2020-08-22,1037,N,VIIRS,l,2,328.76,96.44,D,0
36.68649,22.46159,367,0.44,0.63,2020-08-22,1037,N,VIIRS,h,2,310.84,37.68,D,0
36.67869,22.45581,367,0.44,0.63,2020-08-22,1037,N,VIIRS,h,2,310.13,14,D,0
36.68899,22.44779,350.66,0.44,0.63,2020-08-22,1037,N,VIIRS,l,2,333.85,103.29,D,0
36.68761,22.44268,348.37,0.45,0.63,2020-08-22,1037,N,VIIRS,n,2,311.3,72.11,D,0
36.694,22.46624,342.68,0.44,0.63,2020-08-22,1037,N,VIIRS,n,2,304.82,15.25,D,0
36.69032,22.45266,367,0.44,0.63,2020-08-22,1037,N,VIIRS,h,2,325.19,103.29,D,0
36.69152,22.45708,367,0.44,0.63,2020-08-22,1037,N,VIIRS,h,2,320.33,33.22,D,0
36.69265,22.46126,367,0.44,0.63,2020-08-22,1037,N,VIIRS,h,2,315.35,33.22,D,0
36.68235,22.44611,300.48,0.45,0.63,2020-08-22,1037,N,VIIRS,l,2,324.22,72.11,D,0
36.68501,22.45594,350.68,0.44,0.63,2020-08-22,1037,N,VIIRS,l,2,332.86,103.29,D,0
36.68102,22.44122,355.65,0.45,0.63,2020-08-22,1037,N,VIIRS,n,2,301.39,72.11,D,0
36.68373,22.45121,367,0.44,0.63,2020-08-22,1037,N,VIIRS,h,2,343.4,103.29,D,0
36.6862,22.46028,367,0.44,0.63,2020-08-22,1037,N,VIIRS,h,2,315.93,33.22,D,0
36.6796,22.45881,345.73,0.44,0.63,2020-08-22,1037,N,VIIRS,n,2,305.58,10.35,D,0
36.67842,22.45445,367,0.44,0.63,2020-08-22,1037,N,VIIRS,h,2,307.62,10.35,D,0
36.70522,22.44691,356.12,0.41,0.61,2020-08-22,1217,N,VIIRS,n,2,308.39,22.56,D,0
36.66913,22.44365,367,0.41,0.61,2020-08-22,1217,N,VIIRS,h,2,304.43,14.83,D,0
36.67517,22.45035,367,0.41,0.61,2020-08-22,1217,N,VIIRS,h,2,312.55,56.62,D,0
36.67491,22.44535,367,0.41,0.61,2020-08-22,1217,N,VIIRS,h,2,334.35,56.62,D,0
36.67543,22.45527,337.05,0.41,0.61,2020-08-22,1217,N,VIIRS,n,2,302.37,22.13,D,0
36.67461,22.43986,346.82,0.41,0.61,2020-08-22,1217,N,VIIRS,n,2,305.16,29.06,D,0
36.68114,22.45565,367,0.41,0.61,2020-08-22,1217,N,VIIRS,h,2,306.24,22.13,D,0
36.7061,22.46507,337.21,0.41,0.61,2020-08-22,1217,N,VIIRS,n,2,299.15,33.88,D,0
36.70503,22.44316,367,0.41,0.61,2020-08-22,1217,N,VIIRS,h,2,309.32,22.56,D,0
36.70023,22.46144,367,0.41,0.61,2020-08-22,1217,N,VIIRS,h,2,318.82,73.34,D,0
36.70886,22.44225,341.53,0.41,0.61,2020-08-22,1217,N,VIIRS,n,2,300.57,7.3,D,0
36.70581,22.45914,367,0.41,0.61,2020-08-22,1217,N,VIIRS,h,2,310.89,73.34,D,0
36.69926,22.44132,335.25,0.41,0.61,2020-08-22,1217,N,VIIRS,n,2,301.11,5.96,D,0
36.6997,22.45041,332.09,0.41,0.61,2020-08-22,1217,N,VIIRS,n,2,305.61,22.56,D,0
36.69997,22.45589,339.8,0.41,0.61,2020-08-22,1217,N,VIIRS,n,2,312,73.34,D,0
36.6809,22.45098,367,0.41,0.61,2020-08-22,1217,N,VIIRS,h,2,308.23,56.62,D,0
36.70047,22.46634,332.82,0.41,0.61,2020-08-22,1217,N,VIIRS,n,2,300.33,33.88,D,0
36.69946,22.4455,367,0.41,0.61,2020-08-22,1217,N,VIIRS,h,2,308.6,22.56,D,0
36.68066,22.44659,367,0.41,0.61,2020-08-22,1217,N,VIIRS,h,2,308.61,56.62,D,0
36.68042,22.44206,367,0.41,0.61,2020-08-22,1217,N,VIIRS,h,2,310.44,29.06,D,0
36.68016,22.43731,333.75,0.41,0.61,2020-08-22,1217,N,VIIRS,n,2,300.21,29.06,D,0
36.68714,22.46128,367,0.41,0.61,2020-08-22,1217,N,VIIRS,h,2,306.26,5.92,D,0
36.68638,22.44705,367,0.41,0.61,2020-08-22,1217,N,VIIRS,h,2,307.35,9.38,D,0
36.68614,22.44266,367,0.41,0.61,2020-08-22,1217,N,VIIRS,h,2,304.32,13.23,D,0
36.68687,22.45618,340.07,0.41,0.61,2020-08-22,1217,N,VIIRS,n,2,304.02,5.92,D,0
36.68661,22.45143,350.44,0.41,0.61,2020-08-22,1217,N,VIIRS,n,2,305.39,9.38,D,0
36.69289,22.46221,338.62,0.41,0.61,2020-08-22,1217,N,VIIRS,n,2,303.18,5.92,D,0
36.6926,22.457,340.09,0.41,0.61,2020-08-22,1217,N,VIIRS,n,2,303.71,5.92,D,0
36.69233,22.45194,335.98,0.41,0.61,2020-08-22,1217,N,VIIRS,n,2,303.87,9.38,D,0
36.69208,22.44722,338.17,0.41,0.61,2020-08-22,1217,N,VIIRS,n,2,303.32,9.38,D,0
36.69183,22.44265,340.77,0.41,0.61,2020-08-22,1217,N,VIIRS,n,2,301.61,13.23,D,0
36.69855,22.46174,367,0.41,0.61,2020-08-22,1217,N,VIIRS,h,2,319.89,64.41,D,0
36.6977,22.44607,367,0.41,0.61,2020-08-22,1217,N,VIIRS,h,2,306.92,12.81,D,0
36.6988,22.46632,331.12,0.41,0.61,2020-08-22,1217,N,VIIRS,n,2,300.76,52.31,D,0
36.69826,22.4564,355.11,0.41,0.61,2020-08-22,1217,N,VIIRS,n,2,306.34,64.41,D,0
36.69797,22.45107,331.24,0.41,0.61,2020-08-22,1217,N,VIIRS,n,2,304.68,12.81,D,0
36.70324,22.4434,367,0.41,0.61,2020-08-22,1217,N,VIIRS,h,2,311.01,12.81,D,0
36.70443,22.46507,350.38,0.41,0.61,2020-08-22,1217,N,VIIRS,n,2,300.24,52.31,D,0
36.70411,22.45932,351.64,0.41,0.61,2020-08-22,1217,N,VIIRS,n,2,318.77,64.41,D,0
36.70346,22.44744,347.15,0.41,0.61,2020-08-22,1217,N,VIIRS,n,2,307.84,12.81,D,0
36.70304,22.43983,349.17,0.41,0.61,2020-08-22,1217,N,VIIRS,n,2,303.46,10.78,D,0
36.70378,22.45328,367,0.41,0.61,2020-08-22,1217,N,VIIRS,l,2,326.21,64.41,D,0
36.70934,22.45108,367,0.41,0.61,2020-08-22,1217,N,VIIRS,h,2,300.39,17.72,D,0
36.70907,22.44605,353.21,0.41,0.61,2020-08-22,1217,N,VIIRS,n,2,302.87,7.3,D,0
36.70486,22.43971,350.31,0.41,0.61,2020-08-22,1217,N,VIIRS,n,2,303.61,5.96,D,0
36.70551,22.45286,316.95,0.41,0.61,2020-08-22,1217,N,VIIRS,l,2,321.43,73.34,D,0
36.97417,22.7413,303.8,0.48,0.4,2020-08-23,0037,N,VIIRS,n,2,292.81,0.8,N,0
38.56453,23.29602,318.16,0.48,0.4,2020-08-23,0037,N,VIIRS,n,2,295.7,2.31,N,2
36.98142,22.74338,303.98,0.48,0.4,2020-08-23,0037,N,VIIRS,n,2,292.05,1.28,N,0
36.97318,22.74639,304.43,0.48,0.4,2020-08-23,0037,N,VIIRS,n,2,293.53,0.8,N,0
36.71944,22.49525,312.68,0.47,0.4,2020-08-23,0037,N,VIIRS,n,2,296.62,1.58,N,0
36.71841,22.50059,314.19,0.47,0.4,2020-08-23,0037,N,VIIRS,n,2,294,1.15,N,0
36.71787,22.48378,303.61,0.47,0.4,2020-08-23,0037,N,VIIRS,n,2,293.33,1.36,N,0
36.71583,22.49427,303.13,0.47,0.4,2020-08-23,0037,N,VIIRS,n,2,293.04,1.58,N,0
36.71427,22.48275,304.7,0.47,0.4,2020-08-23,0037,N,VIIRS,n,2,294,0.98,N,0
36.71143,22.45828,314.24,0.47,0.4,2020-08-23,0037,N,VIIRS,n,2,293.5,1.84,N,0
36.71093,22.44135,331.42,0.47,0.4,2020-08-23,0037,N,VIIRS,n,2,295.54,3.16,N,0
36.69745,22.47155,312.33,0.47,0.4,2020-08-23,0037,N,VIIRS,n,2,295.83,1.64,N,0
36.69641,22.4769,311.37,0.47,0.4,2020-08-23,0037,N,VIIRS,n,2,296.56,1.64,N,0
36.69484,22.46547,322.93,0.47,0.4,2020-08-23,0037,N,VIIRS,n,2,294.76,2.43,N,0
36.69388,22.47041,308.23,0.47,0.4,2020-08-23,0037,N,VIIRS,n,2,295.49,1.37,N,0
36.69285,22.47568,307.15,0.47,0.4,2020-08-23,0037,N,VIIRS,n,2,295.09,1.37,N,0
36.68108,22.47758,331.02,0.47,0.4,2020-08-23,0037,N,VIIRS,n,2,297.05,3.38,N,0
36.69189,22.44206,341.69,0.77,0.77,2020-08-23,1018,N,VIIRS,n,2,299.07,18.3,D,0
36.68911,22.43349,357.62,0.77,0.78,2020-08-23,1018,N,VIIRS,n,2,297.1,15.13,D,0
36.70953,22.43905,338.83,0.77,0.77,2020-08-23,1018,N,VIIRS,n,2,301.69,109.8,D,0
36.71328,22.45049,339.99,0.77,0.77,2020-08-23,1018,N,VIIRS,n,2,312.71,109.28,D,0
36.71516,22.45621,355.76,0.77,0.77,2020-08-23,1018,N,VIIRS,n,2,297.14,109.28,D,0
36.70584,22.4518,334.63,0.77,0.77,2020-08-23,1018,N,VIIRS,n,2,302.32,109.28,D,0
36.7138,22.43691,342.73,0.77,0.77,2020-08-23,1018,N,VIIRS,n,2,296.04,19.62,D,0
36.71737,22.44803,367,0.77,0.77,2020-08-23,1018,N,VIIRS,h,2,295.98,19.62,D,0
36.70661,22.43899,352.16,0.77,0.77,2020-08-23,1018,N,VIIRS,n,2,302.22,245.65,D,0
36.71249,22.45721,367,0.77,0.77,2020-08-23,1018,N,VIIRS,h,2,299.66,118.6,D,0
36.68279,22.43827,367,0.77,0.78,2020-08-23,1018,N,VIIRS,h,2,299.51,15.13,D,0
36.68555,22.44678,332.43,0.77,0.77,2020-08-23,1018,N,VIIRS,n,2,300.4,18.3,D,0
36.68888,22.43707,367,0.45,0.47,2020-08-23,1158,N,VIIRS,h,2,306.23,22.03,D,0
36.68934,22.44203,337.24,0.45,0.47,2020-08-23,1158,N,VIIRS,n,2,305.29,14.76,D,0
36.69705,22.47771,344.81,0.45,0.47,2020-08-23,1158,N,VIIRS,n,2,309.71,13.57,D,0
36.69654,22.47223,346.38,0.45,0.47,2020-08-23,1158,N,VIIRS,n,2,310.69,13.57,D,0
36.69606,22.46717,348.76,0.45,0.47,2020-08-23,1158,N,VIIRS,n,2,311.41,19.56,D,0
36.69841,22.44533,337.41,0.45,0.47,2020-08-23,1158,N,VIIRS,l,2,309.33,8.26,D,0
36.70039,22.46642,337.62,0.45,0.47,2020-08-23,1158,N,VIIRS,l,2,308.48,9.63,D,0
36.70223,22.43935,341.93,0.45,0.47,2020-08-23,1158,N,VIIRS,n,2,307.47,8.26,D,0
36.71164,22.44637,367,0.45,0.47,2020-08-23,1158,N,VIIRS,h,2,320.41,34.43,D,0
36.71272,22.45772,347.92,0.45,0.47,2020-08-23,1158,N,VIIRS,n,2,312.29,28.38,D,0
36.71214,22.45163,351.75,0.45,0.47,2020-08-23,1158,N,VIIRS,n,2,326.24,34.43,D,0
36.7165,22.45136,355.13,0.45,0.47,2020-08-23,1158,N,VIIRS,n,2,303.58,151.42,D,0
36.71397,22.45994,332.8,0.45,0.47,2020-08-23,1158,N,VIIRS,l,2,305.44,16.3,D,0
36.71251,22.44325,342.85,0.45,0.47,2020-08-23,1158,N,VIIRS,n,2,309.75,20.9,D,0
36.71344,22.4538,367,0.45,0.47,2020-08-23,1158,N,VIIRS,l,2,326.05,86.72,D,0
36.71294,22.4481,367,0.45,0.47,2020-08-23,1158,N,VIIRS,l,2,330.86,86.72,D,0
36.68452,22.43732,356.07,0.45,0.47,2020-08-23,1158,N,VIIRS,n,2,313.4,24.41,D,0
36.68498,22.44227,347.48,0.45,0.47,2020-08-23,1158,N,VIIRS,n,2,308.31,19.3,D,0
40.51757,21.13844,337.26,0.43,0.46,2020-08-23,1159,N,VIIRS,n,2,303.38,1.52,D,0
39.82166,22.50642,340.9,0.49,0.49,2020-08-23,1159,N,VIIRS,n,2,304.17,4.04,D,0
39.82212,22.51217,340,0.49,0.49,2020-08-23,1159,N,VIIRS,n,2,304.97,8.35,D,0
39.81715,22.50693,342.49,0.49,0.49,2020-08-23,1159,N,VIIRS,n,2,305.73,4.04,D,0
38.03793,23.51257,307.92,0.38,0.36,2020-08-24,0018,N,VIIRS,n,2,296.76,1.37,N,0
39.35369,22.98524,313.26,0.39,0.36,2020-08-24,0018,N,VIIRS,n,2,295.46,1.41,N,2
39.22137,22.43161,307.71,0.39,0.36,2020-08-24,0018,N,VIIRS,n,2,291.29,0.74,N,0
38.13113,23.52574,305.91,0.38,0.36,2020-08-24,0018,N,VIIRS,n,2,294.87,0.72,N,2
38.12785,23.52491,309.17,0.38,0.36,2020-08-24,0018,N,VIIRS,n,2,292.82,0.65,N,2
38.13155,23.52389,306.84,0.49,0.41,2020-08-24,2359,N,VIIRS,n,2,294.38,1.28,N,2
38.4559,22.89273,332.47,0.39,0.36,2020-08-25,1121,N,VIIRS,l,2,302.59,0.92,D,0
38.15897,21.75616,347.3,0.41,0.37,2020-08-25,1121,N,VIIRS,n,2,292.72,8.41,D,0
38.15561,21.75719,350.47,0.41,0.37,2020-08-25,1121,N,VIIRS,n,2,314.42,74.1,D,0
38.44941,23.55267,335.48,0.38,0.36,2020-08-25,1121,N,VIIRS,n,2,305.3,2.17,D,0
37.90522,22.8966,339.32,0.39,0.36,2020-08-25,1121,N,VIIRS,n,2,309.27,2.1,D,0
38.03698,23.7828,336.89,0.38,0.36,2020-08-25,1121,N,VIIRS,l,2,309.46,2.95,D,0
38.12894,23.52522,334.47,0.39,0.36,2020-08-25,1121,N,VIIRS,l,2,309.38,2.19,D,2
38.45009,23.55704,341.48,0.38,0.36,2020-08-25,1121,N,VIIRS,n,2,306.95,4.14,D,0
38.36662,23.37138,336.54,0.39,0.36,2020-08-25,1121,N,VIIRS,l,2,311.49,2.41,D,0
38.56562,23.29437,302.85,0.59,0.53,2020-08-25,2340,N,VIIRS,n,2,289.61,1.41,N,2
39.35508,22.9845,304.79,0.51,0.66,2020-08-26,0120,N,VIIRS,n,2,288.73,1.27,N,2
40.28418,23.44448,301.33,0.5,0.66,2020-08-26,0120,N,VIIRS,n,2,287.57,0.72,N,2
40.28347,23.44369,301.21,0.5,0.66,2020-08-26,0120,N,VIIRS,n,2,287.81,0.56,N,2
38.56333,23.29438,305.13,0.55,0.68,2020-08-26,0121,N,VIIRS,n,2,287,1.02,N,2
38.31092,23.64669,341.04,0.51,0.41,2020-08-26,1102,N,VIIRS,n,2,304.18,3.71,D,0
40.94966,24.69883,346.69,0.43,0.38,2020-08-26,1103,N,VIIRS,n,2,299.09,4.07,D,0
37.91878,23.07279,306.87,0.32,0.55,2020-08-27,0102,N,VIIRS,n,2,295.72,1.35,N,2
39.35499,22.98696,306.7,0.59,0.53,2020-08-27,0102,N,VIIRS,n,2,293.27,1.38,N,2
37.91611,22.68061,301.53,0.62,0.54,2020-08-27,0102,N,VIIRS,n,2,289.6,1.39,N,0
37.93181,21.26574,367,0.39,0.6,2020-08-27,1043,N,VIIRS,h,2,302.5,6.85,D,0
41.34117,26.3292,336.52,0.55,0.43,2020-08-27,1044,N,VIIRS,n,2,304.14,7.59,D,0
41.33734,26.33063,336.78,0.55,0.43,2020-08-27,1044,N,VIIRS,n,2,304.25,7.59,D,0
41.34249,26.33545,340.1,0.55,0.43,2020-08-27,1044,N,VIIRS,n,2,303.67,7.59,D,0
35.40361,25.02372,367,0.69,0.74,2020-08-27,1223,N,VIIRS,h,2,295.48,20.36,D,3
35.39843,25.02489,367,0.69,0.74,2020-08-27,1223,N,VIIRS,h,2,298.83,23.88,D,0
40.70601,22.81518,306.07,0.49,0.4,2020-08-28,0043,N,VIIRS,n,2,292.93,1.4,N,2
39.35577,22.98751,305.22,0.52,0.42,2020-08-28,0043,N,VIIRS,n,2,293.99,1.63,N,2
38.12804,23.52268,303.02,0.39,0.44,2020-08-28,0043,N,VIIRS,n,2,291.78,1.3,N,2
41.62238,26.23223,346.2,0.61,0.54,2020-08-28,1025,N,VIIRS,n,2,307.82,9.85,D,0
38.56569,23.29428,355.65,0.32,0.54,2020-08-28,1205,N,VIIRS,n,2,305.81,0.99,D,2
38.94775,22.40041,341.66,0.58,0.52,2020-08-28,1205,N,VIIRS,n,2,307.27,4.4,D,0
38.37477,24.0603,307.47,0.4,0.37,2020-08-29,0024,N,VIIRS,n,2,295.81,0.83,N,2
40.28344,23.44362,303.56,0.39,0.36,2020-08-29,0024,N,VIIRS,n,2,292.81,0.53,N,2
39.35407,22.98312,314.21,0.39,0.36,2020-08-29,0024,N,VIIRS,n,2,296.63,1.66,N,2
38.12912,23.52373,316.8,0.4,0.37,2020-08-29,0025,N,VIIRS,n,2,295.76,1.14,N,2
39.2807,21.89396,345.69,0.48,0.4,2020-08-29,1146,N,VIIRS,n,2,309.28,8.98,D,0
41.45353,26.56692,342.78,0.57,0.52,2020-08-29,1147,N,VIIRS,n,2,312.05,10.45,D,0
41.4572,26.56548,341.46,0.57,0.52,2020-08-29,1147,N,VIIRS,n,2,308.95,10.95,D,0
41.45403,26.57383,343.13,0.57,0.52,2020-08-29,1147,N,VIIRS,n,2,312.09,9.57,D,0
41.45766,26.5724,342.98,0.57,0.52,2020-08-29,1147,N,VIIRS,n,2,311.79,10.95,D,0
39.16965,22.84153,306.25,0.47,0.39,2020-08-30,0005,N,VIIRS,n,2,293.27,1.71,N,2
39.38516,22.80484,302.28,0.47,0.4,2020-08-30,0005,N,VIIRS,n,2,290.2,0.69,N,2
39.38881,22.80554,304.22,0.47,0.4,2020-08-30,0005,N,VIIRS,n,2,290.7,0.69,N,0
39.16537,22.84622,304.16,0.47,0.39,2020-08-30,0005,N,VIIRS,n,2,290.05,2.42,N,0
38.13089,23.52489,312.36,0.43,0.38,2020-08-30,0006,N,VIIRS,n,2,294.87,0.89,N,2
38.1274,23.52413,301.57,0.43,0.38,2020-08-30,0006,N,VIIRS,n,2,290.61,0.89,N,2
38.07449,23.62692,308.42,0.43,0.38,2020-08-30,0006,N,VIIRS,n,2,293.49,0.83,N,0
38.56585,23.2924,316.45,0.44,0.39,2020-08-30,0006,N,VIIRS,n,2,297.09,2.57,N,2
38.37363,24.06177,307.9,0.42,0.38,2020-08-30,0006,N,VIIRS,n,2,295.36,0.96,N,2
37.72917,22.76239,356.61,0.38,0.36,2020-08-30,1127,N,VIIRS,n,2,324.14,32.67,D,0
37.72588,22.76318,356.6,0.38,0.36,2020-08-30,1127,N,VIIRS,n,2,316.26,22.19,D,0
37.72522,22.75886,353.64,0.38,0.36,2020-08-30,1127,N,VIIRS,n,2,317.11,10.73,D,0
37.72851,22.75807,367,0.38,0.36,2020-08-30,1127,N,VIIRS,h,2,320.08,25.4,D,0
37.73311,22.76591,348.03,0.38,0.36,2020-08-30,1127,N,VIIRS,n,2,312.59,32.67,D,0
37.73246,22.7616,367,0.38,0.36,2020-08-30,1127,N,VIIRS,l,2,333.03,32.67,D,0
37.7364,22.76512,367,0.38,0.36,2020-08-30,1127,N,VIIRS,l,2,325.85,68.33,D,0
40.88111,25.96484,345.03,0.47,0.4,2020-08-30,1128,N,VIIRS,n,2,310.46,5.25,D,0
40.48709,21.77296,335.67,0.38,0.36,2020-08-30,1128,N,VIIRS,l,2,309.6,4.64,D,0
40.86069,26.06915,349.96,0.47,0.4,2020-08-30,1128,N,VIIRS,l,2,321.23,46.85,D,0
40.85938,26.05785,346.06,0.47,0.4,2020-08-30,1128,N,VIIRS,n,2,311.38,21.24,D,0
40.48778,21.77745,337.39,0.38,0.36,2020-08-30,1128,N,VIIRS,l,2,309.27,7.1,D,0
40.85704,26.07,356.36,0.47,0.4,2020-08-30,1128,N,VIIRS,n,2,314.22,46.85,D,0
40.33977,21.3051,336.91,0.39,0.36,2020-08-30,1128,N,VIIRS,n,2,309.39,3.63,D,0
40.87945,25.97353,348.38,0.47,0.4,2020-08-30,1128,N,VIIRS,n,2,318.96,17.31,D,0
40.87879,25.96793,353.43,0.47,0.4,2020-08-30,1128,N,VIIRS,n,2,316.55,17.31,D,0
40.87811,25.9713,354.25,0.47,0.4,2020-08-30,1128,N,VIIRS,n,2,321.25,16.35,D,0
40.88174,25.97046,335.29,0.47,0.4,2020-08-30,1128,N,VIIRS,l,2,310.19,16.35,D,0
40.3372,21.31049,351.44,0.39,0.36,2020-08-30,1128,N,VIIRS,n,2,312.44,21.29,D,0
40.85639,26.06435,350.3,0.47,0.4,2020-08-30,1128,N,VIIRS,n,2,313.18,46.85,D,0
40.86133,26.07469,336.63,0.47,0.4,2020-08-30,1128,N,VIIRS,n,2,310.71,20.84,D,0
38.12968,23.52682,308.87,0.47,0.48,2020-08-30,2347,N,VIIRS,n,2,295.83,1.08,N,2
39.35284,22.98449,305.28,0.61,0.71,2020-08-31,0127,N,VIIRS,n,2,294.56,1.76,N,2
37.76999,20.78774,356.04,0.4,0.44,2020-08-31,1108,N,VIIRS,n,2,315.71,19.98,D,0
37.77079,20.79148,341.92,0.4,0.44,2020-08-31,1108,N,VIIRS,n,2,310.09,9.98,D,0
38.31221,23.64887,340.67,0.44,0.39,2020-08-31,1108,N,VIIRS,n,2,310.41,8.01,D,0
37.76605,20.78927,367,0.4,0.44,2020-08-31,1108,N,VIIRS,h,2,318.97,19.98,D,0
38.31129,23.64386,338.3,0.44,0.39,2020-08-31,1108,N,VIIRS,l,2,312.49,3.52,D,0
37.76524,20.78546,337.92,0.4,0.44,2020-08-31,1108,N,VIIRS,n,2,312.46,19.98,D,0
38.12861,23.52228,306.69,0.42,0.61,2020-08-31,2328,N,VIIRS,n,2,295.12,1.99,N,2
38.12761,23.52346,309.77,0.42,0.61,2020-08-31,2328,N,VIIRS,n,2,294.79,1.66,N,2
38.5653,23.29234,309.51,0.38,0.59,2020-09-01,0108,N,VIIRS,n,2,296.37,1.41,N,2
40.28225,23.44507,307.59,0.35,0.57,2020-09-01,0108,N,VIIRS,n,2,293.41,0.74,N,2
40.28341,23.44332,308.66,0.35,0.57,2020-09-01,0108,N,VIIRS,n,2,293.56,0.89,N,2
39.35595,22.98349,306.69,0.35,0.57,2020-09-01,0108,N,VIIRS,n,2,296.04,1.31,N,2
39.21129,22.24858,332.26,0.54,0.51,2020-09-01,1050,N,VIIRS,n,2,306.51,1.85,D,0
39.21134,22.417,349.47,0.39,0.44,2020-09-02,0049,N,VIIRS,n,2,297.84,7.37,N,0
38.56403,23.29249,306.55,0.44,0.46,2020-09-02,0049,N,VIIRS,n,2,295.58,1.12,N,2
40.28257,23.4457,304.72,0.41,0.45,2020-09-02,0049,N,VIIRS,n,2,292.8,0.31,N,2
39.16994,22.84164,309.73,0.41,0.45,2020-09-02,0049,N,VIIRS,n,2,294.35,1.85,N,2
35.2876,24.66356,334.2,0.45,0.63,2020-09-02,1030,N,VIIRS,l,2,305.6,5.26,D,0
35.29406,24.66456,353.93,0.45,0.63,2020-09-02,1030,N,VIIRS,n,2,304.96,5.26,D,0
35.29266,24.6594,343.35,0.45,0.63,2020-09-02,1030,N,VIIRS,n,2,304.05,5.26,D,0
39.21567,22.41282,356.25,0.46,0.64,2020-09-02,1031,N,VIIRS,n,2,303.1,25.39,D,0
39.21442,22.40852,346.91,0.46,0.64,2020-09-02,1031,N,VIIRS,n,2,308.88,25.39,D,0
38.06209,21.91741,334.64,0.52,0.67,2020-09-02,1031,N,VIIRS,n,2,301.47,12.81,D,0
38.06921,21.91893,332.19,0.52,0.67,2020-09-02,1031,N,VIIRS,n,2,297.44,11.7,D,0
38.06216,21.92122,355.54,0.52,0.67,2020-09-02,1031,N,VIIRS,n,2,303.28,8.56,D,0
38.0679,21.918,367,0.52,0.67,2020-09-02,1031,N,VIIRS,h,2,299.01,13.32,D,0
39.211,22.41255,367,0.46,0.64,2020-09-02,1031,N,VIIRS,h,2,310.99,10.36,D,0
39.20963,22.40772,331.88,0.46,0.64,2020-09-02,1031,N,VIIRS,n,2,302.58,10.36,D,0
39.21675,22.41053,367,0.46,0.64,2020-09-02,1031,N,VIIRS,h,2,302.3,13.21,D,0
39.21551,22.40614,356.52,0.46,0.64,2020-09-02,1031,N,VIIRS,n,2,302.03,13.21,D,0
38.06359,21.92256,367,0.52,0.67,2020-09-02,1031,N,VIIRS,h,2,303.13,11.7,D,0
35.2917,24.66559,351.53,0.44,0.62,2020-09-02,1210,N,VIIRS,n,2,306.48,4.22,D,0
39.21268,22.40659,355.69,0.35,0.57,2020-09-02,1211,N,VIIRS,n,2,304.42,15.71,D,0
39.21124,22.41122,367,0.35,0.57,2020-09-02,1211,N,VIIRS,h,2,311.69,14.76,D,0
39.21153,22.41653,334.36,0.35,0.57,2020-09-02,1211,N,VIIRS,n,2,306.79,10.54,D,0
39.21099,22.40659,356.92,0.35,0.57,2020-09-02,1211,N,VIIRS,n,2,303.07,14.76,D,0
39.21653,22.41047,333.78,0.35,0.57,2020-09-02,1211,N,VIIRS,n,2,302.57,1.93,D,0
39.21331,22.41684,340.4,0.35,0.57,2020-09-02,1211,N,VIIRS,n,2,306.13,12.06,D,0
37.23205,22.00637,367,0.32,0.55,2020-09-02,1211,N,VIIRS,h,2,309.59,17.76,D,0
37.17347,22.01901,335.41,0.32,0.55,2020-09-02,1211,N,VIIRS,n,2,305.55,6.76,D,0
37.1737,22.02244,367,0.32,0.55,2020-09-02,1211,N,VIIRS,h,2,309.51,6.76,D,0
39.21298,22.41142,367,0.35,0.57,2020-09-02,1211,N,VIIRS,h,2,311.89,15.71,D,0
38.06911,21.92363,337.21,0.32,0.55,2020-09-02,1211,N,VIIRS,n,2,299.71,5.26,D,0
38.06941,21.92821,367,0.32,0.55,2020-09-02,1211,N,VIIRS,h,2,305.62,9.73,D,0
38.06393,21.92307,345.99,0.32,0.55,2020-09-02,1211,N,VIIRS,n,2,303.42,5.26,D,0
38.06424,21.92771,341.44,0.32,0.55,2020-09-02,1211,N,VIIRS,n,2,302.74,9.73,D,0
39.46143,22.76235,339.45,0.37,0.58,2020-09-02,1212,N,VIIRS,n,2,306.6,2.18,D,0
39.46165,22.76676,338.28,0.37,0.58,2020-09-02,1212,N,VIIRS,n,2,306.26,2.18,D,0
40.70541,22.81571,311.75,0.4,0.37,2020-09-03,0030,N,VIIRS,n,2,292.81,1.2,N,2
40.28464,23.44357,305.93,0.41,0.37,2020-09-03,0030,N,VIIRS,n,2,292.27,0.71,N,2
39.16579,22.84277,304.21,0.41,0.37,2020-09-03,0031,N,VIIRS,n,2,291.43,1.55,N,2
38.5659,23.29485,330.4,0.42,0.38,2020-09-03,0031,N,VIIRS,n,2,294.66,3.37,N,2
38.12921,23.52436,311.39,0.43,0.38,2020-09-03,0031,N,VIIRS,n,2,294.21,1.33,N,2
38.12949,23.52271,306.97,0.43,0.38,2020-09-03,0031,N,VIIRS,n,2,293.29,1.43,N,2
37.79776,22.61827,301.12,0.41,0.37,2020-09-03,0031,N,VIIRS,n,2,290.69,0.59,N,0
39.42062,22.14525,339.7,0.79,0.78,2020-09-03,1013,N,VIIRS,n,2,294.6,9.46,D,0
38.12052,20.52965,342.92,0.48,0.4,2020-09-03,1152,N,VIIRS,n,2,303.47,10.06,D,0
38.11385,20.53677,334.45,0.48,0.4,2020-09-03,1152,N,VIIRS,n,2,302.57,7.43,D,0
38.11686,20.53047,352.29,0.48,0.4,2020-09-03,1152,N,VIIRS,n,2,305.01,10.06,D,0
39.42216,22.15157,333.5,0.39,0.44,2020-09-03,1153,N,VIIRS,l,2,307.28,2.98,D,0
39.34756,22.14709,344.61,0.39,0.44,2020-09-03,1153,N,VIIRS,n,2,309.09,5.46,D,0
39.42171,22.14703,341.08,0.39,0.44,2020-09-03,1153,N,VIIRS,n,2,306.6,2.98,D,0
40.70553,22.81314,306.83,0.43,0.38,2020-09-04,0011,N,VIIRS,n,2,292.76,0.74,N,2
40.70549,22.81451,306.51,0.43,0.38,2020-09-04,0011,N,VIIRS,n,2,292.79,0.79,N,2
38.12944,23.52336,317.54,0.4,0.37,2020-09-04,0012,N,VIIRS,n,2,295.03,1.37,N,2
37.78902,23.09168,345.37,0.4,0.37,2020-09-04,0012,N,VIIRS,n,2,293.15,11.83,N,0
37.79239,23.09245,353.03,0.4,0.37,2020-09-04,0012,N,VIIRS,n,2,305.66,33.14,N,0
38.56642,23.29235,306.53,0.4,0.37,2020-09-04,0012,N,VIIRS,n,2,294.44,1.53,N,2
39.16567,22.84293,302.07,0.42,0.37,2020-09-04,0012,N,VIIRS,n,2,290.3,1.57,N,2
36.757,22.3427,349.91,0.39,0.36,2020-09-04,1133,N,VIIRS,n,2,313.34,17.82,D,0
36.76032,22.342,354.37,0.39,0.36,2020-09-04,1133,N,VIIRS,n,2,311.53,17.82,D,0
38.14412,20.49899,339.25,0.38,0.36,2020-09-04,1133,N,VIIRS,n,2,307.63,26.94,D,0
38.14014,20.49545,342.92,0.38,0.36,2020-09-04,1133,N,VIIRS,n,2,310.28,26.94,D,0
38.14082,20.49982,348.13,0.38,0.36,2020-09-04,1133,N,VIIRS,n,2,317.36,26.94,D,0
38.13685,20.49626,333.76,0.38,0.36,2020-09-04,1133,N,VIIRS,n,2,304.07,2.34,D,0
38.13753,20.50064,338.5,0.38,0.36,2020-09-04,1133,N,VIIRS,n,2,304.58,2.34,D,0
38.13822,20.50502,333.84,0.38,0.36,2020-09-04,1133,N,VIIRS,l,2,305.63,3.55,D,0
36.75971,22.33778,352.95,0.39,0.36,2020-09-04,1133,N,VIIRS,n,2,314.21,17.82,D,0
36.75639,22.33852,349.79,0.39,0.36,2020-09-04,1133,N,VIIRS,n,2,324.24,17.82,D,0
38.64941,21.32339,338.45,0.39,0.36,2020-09-04,1134,N,VIIRS,n,2,313.19,4.71,D,0
40.76699,22.20269,339.17,0.4,0.37,2020-09-04,1134,N,VIIRS,n,2,304.24,4.91,D,0
38.3748,24.06204,304.48,0.55,0.43,2020-09-04,2353,N,VIIRS,n,2,293,1.32,N,2
40.28576,23.4464,303.94,0.42,0.45,2020-09-04,2353,N,VIIRS,n,2,291.09,0.34,N,2
38.12362,20.76776,301.58,0.54,0.51,2020-09-04,2353,N,VIIRS,n,2,291.13,0.68,N,0
39.16681,22.8436,308.13,0.43,0.46,2020-09-04,2353,N,VIIRS,n,2,291.12,1.79,N,2
40.86349,22.67702,335.79,0.4,0.37,2020-09-05,1115,N,VIIRS,n,2,309.57,11.68,D,0
40.86015,22.67801,337.81,0.4,0.37,2020-09-05,1115,N,VIIRS,n,2,309.25,27.19,D,0
38.30968,20.43891,311.36,0.51,0.66,2020-09-05,2334,N,VIIRS,n,2,291.89,2.55,N,0
38.56451,23.2937,303.32,0.36,0.57,2020-09-05,2334,N,VIIRS,n,2,293.24,1.06,N,2
38.1299,23.52614,302.24,0.35,0.56,2020-09-05,2334,N,VIIRS,n,2,291.67,0.93,N,2
38.31106,20.44439,310.4,0.51,0.66,2020-09-05,2334,N,VIIRS,n,2,290.98,1.56,N,0
38.31125,20.43907,308.26,0.51,0.66,2020-09-05,2334,N,VIIRS,n,2,290.88,1.56,N,0
38.30951,20.44435,307.93,0.51,0.66,2020-09-05,2334,N,VIIRS,n,2,290.88,1.47,N,0
38.56526,23.29318,317.81,0.46,0.64,2020-09-06,0114,N,VIIRS,n,2,292.13,2.21,N,2
38.30696,20.44033,312.98,0.34,0.56,2020-09-06,0115,N,VIIRS,n,2,290.03,1.51,N,0
38.31192,20.44236,319.01,0.34,0.56,2020-09-06,0115,N,VIIRS,n,2,292.05,1.51,N,0
37.93862,21.30241,355.87,0.54,0.51,2020-09-06,1056,N,VIIRS,n,2,308.9,16.57,D,0
37.93645,21.3026,354.06,0.54,0.51,2020-09-06,1056,N,VIIRS,n,2,311.97,20.63,D,0
39.50606,21.82533,332.23,0.46,0.47,2020-09-06,1056,N,VIIRS,n,2,303.22,2.91,D,0
39.50578,21.82644,344.66,0.46,0.47,2020-09-06,1056,N,VIIRS,n,2,303.72,6.65,D,0
40.28285,23.44424,301.23,0.49,0.49,2020-09-07,0055,N,VIIRS,n,2,291.11,0.81,N,2
40.66476,22.8636,307.05,0.45,0.47,2020-09-07,0055,N,VIIRS,n,2,289.2,0.71,N,0
40.28478,23.44542,302.83,0.49,0.49,2020-09-07,0055,N,VIIRS,n,2,292.24,0.93,N,2
39.38782,22.80968,314.93,0.48,0.48,2020-09-07,0056,N,VIIRS,n,2,289.04,1.28,N,2
38.56717,23.2943,319.36,0.53,0.5,2020-09-07,0056,N,VIIRS,n,2,293.97,3.46,N,3
38.37309,24.06214,304.28,0.59,0.53,2020-09-07,0056,N,VIIRS,n,2,291.86,0.69,N,2
38.31065,20.44069,302.84,0.39,0.44,2020-09-07,0056,N,VIIRS,n,2,290.95,0.98,N,0
39.38355,22.8079,300.92,0.48,0.48,2020-09-07,0056,N,VIIRS,n,2,288.33,1.28,N,0
39.67062,22.49424,332.16,0.44,0.62,2020-09-07,1218,N,VIIRS,n,2,301.71,2.3,D,0
39.67031,22.49677,331.93,0.44,0.62,2020-09-07,1218,N,VIIRS,l,2,303.46,3.36,D,0
39.61274,20.28132,367,0.33,0.55,2020-09-07,1218,N,VIIRS,h,2,298.25,7.89,D,0
38.56661,23.29709,306.63,0.48,0.4,2020-09-08,0037,N,VIIRS,n,2,293.22,2.53,N,2
40.28423,23.44345,302.87,0.46,0.39,2020-09-08,0037,N,VIIRS,n,2,291.71,0.72,N,2
39.16982,22.84323,306.42,0.45,0.39,2020-09-08,0037,N,VIIRS,n,2,291.2,1.51,N,2
38.30924,20.44379,305.84,0.4,0.37,2020-09-08,0037,N,VIIRS,n,2,293.17,0.58,N,0
38.31036,20.44234,304.75,0.4,0.37,2020-09-08,0037,N,VIIRS,n,2,293.06,0.55,N,0
38.37356,24.05931,306.84,0.52,0.41,2020-09-08,0037,N,VIIRS,n,2,292.79,0.92,N,2
41.51196,26.45258,333.6,0.36,0.57,2020-09-08,1019,N,VIIRS,n,2,300.35,1.81,D,0
40.99529,25.42467,337.28,0.36,0.57,2020-09-08,1159,N,VIIRS,n,2,302.09,2.18,D,0
40.9924,25.42453,342.16,0.36,0.57,2020-09-08,1159,N,VIIRS,n,2,302.91,3.86,D,0
40.98991,25.42452,330.78,0.36,0.57,2020-09-08,1159,N,VIIRS,n,2,302.14,2.2,D,0
41.70055,26.2289,331.76,0.4,0.6,2020-09-08,1200,N,VIIRS,n,2,301.13,1.23,D,0
39.1416,26.50754,312.02,0.42,0.37,2020-09-09,0018,N,VIIRS,n,2,294.04,0.61,N,0
39.14017,26.50529,335.52,0.42,0.37,2020-09-09,0018,N,VIIRS,n,2,295.31,3.15,N,0
38.13089,23.52508,313.35,0.38,0.36,2020-09-09,0018,N,VIIRS,n,2,295.42,1.7,N,2
39.13677,26.50427,340.56,0.42,0.37,2020-09-09,0018,N,VIIRS,n,2,308.11,23.4,N,0
39.13764,26.49943,311.93,0.42,0.37,2020-09-09,0018,N,VIIRS,n,2,293.72,23.4,N,0
39.13424,26.49843,322.18,0.42,0.37,2020-09-09,0018,N,VIIRS,n,2,293.88,23.4,N,0
37.90937,23.89338,310.34,0.39,0.36,2020-09-09,0018,N,VIIRS,n,2,294.61,1.04,N,0
38.19917,20.50455,330.46,0.43,0.38,2020-09-09,0018,N,VIIRS,n,2,293.41,4.51,N,0
38.1957,20.50373,320.6,0.43,0.38,2020-09-09,0018,N,VIIRS,n,2,293.31,3.1,N,0
36.95613,27.01811,327.22,0.46,0.39,2020-09-09,0018,N,VIIRS,n,2,297.45,2.12,N,0
36.95254,27.01729,319.54,0.46,0.39,2020-09-09,0018,N,VIIRS,n,2,296.85,2.16,N,0
39.13337,26.50324,340,0.42,0.37,2020-09-09,0018,N,VIIRS,n,2,308.89,23.4,N,0
39.65149,20.30161,312.32,0.45,0.39,2020-09-09,0018,N,VIIRS,n,2,292.96,2.29,N,0
39.64854,20.29603,326.14,0.45,0.39,2020-09-09,0018,N,VIIRS,n,2,293.14,2.29,N,0
38.56512,23.29286,311.77,0.38,0.36,2020-09-09,0018,N,VIIRS,n,2,294.14,1.62,N,2
37.78468,23.98065,335.79,0.49,0.4,2020-09-09,1140,N,VIIRS,n,2,306.81,8.11,D,0
37.78598,24.85729,355.06,0.53,0.42,2020-09-09,1140,N,VIIRS,n,2,317.14,34.6,D,0
37.79043,24.86206,337.69,0.53,0.42,2020-09-09,1140,N,VIIRS,n,2,305.91,12.26,D,0
37.78983,24.85639,346.07,0.53,0.42,2020-09-09,1140,N,VIIRS,n,2,307.93,34.6,D,0
37.73942,23.95916,342.18,0.48,0.4,2020-09-09,1140,N,VIIRS,n,2,305.16,22.39,D,0
37.74376,23.96395,337.35,0.48,0.4,2020-09-09,1140,N,VIIRS,n,2,305.89,18.57,D,0
37.74311,23.95846,346.59,0.48,0.4,2020-09-09,1140,N,VIIRS,n,2,303.76,22.39,D,0
37.74746,23.96326,367,0.48,0.4,2020-09-09,1140,N,VIIRS,h,2,308.46,14.46,D,0
37.74681,23.95777,367,0.48,0.4,2020-09-09,1140,N,VIIRS,h,2,305.36,16.77,D,0
37.7481,23.96877,333.92,0.49,0.4,2020-09-09,1140,N,VIIRS,n,2,305.49,14.46,D,0
37.74615,23.95215,349.44,0.48,0.4,2020-09-09,1140,N,VIIRS,n,2,305.39,16.77,D,0
37.75051,23.95705,367,0.48,0.4,2020-09-09,1140,N,VIIRS,h,2,308.34,16.77,D,0
37.7518,23.96807,334.36,0.49,0.4,2020-09-09,1140,N,VIIRS,n,2,304.07,14.46,D,0
37.75115,23.96254,354,0.48,0.4,2020-09-09,1140,N,VIIRS,n,2,305.81,14.46,D,0
37.74982,23.95124,343.11,0.48,0.4,2020-09-09,1140,N,VIIRS,n,2,305.94,16.77,D,0
37.74099,23.96201,342.21,0.49,0.4,2020-09-09,1140,N,VIIRS,n,2,308.52,26.22,D,0
37.74469,23.96132,350.61,0.49,0.4,2020-09-09,1140,N,VIIRS,n,2,310.25,26.22,D,0
37.74407,23.95579,334.2,0.48,0.4,2020-09-09,1140,N,VIIRS,n,2,299.73,26.22,D,0
37.74839,23.96061,367,0.49,0.4,2020-09-09,1140,N,VIIRS,h,2,306.88,24.98,D,0
37.74901,23.96612,350.53,0.49,0.4,2020-09-09,1140,N,VIIRS,n,2,305.69,21.62,D,0
37.74776,23.95504,355.16,0.48,0.4,2020-09-09,1140,N,VIIRS,n,2,311.38,24.98,D,0
37.74711,23.94922,334.38,0.48,0.4,2020-09-09,1140,N,VIIRS,n,2,303.56,5.13,D,0
37.7527,23.9654,349.18,0.49,0.4,2020-09-09,1140,N,VIIRS,n,2,307.82,21.62,D,0
37.75208,23.95987,351.07,0.49,0.4,2020-09-09,1140,N,VIIRS,n,2,308.9,24.98,D,0
37.75146,23.95434,353.1,0.48,0.4,2020-09-09,1140,N,VIIRS,n,2,305.91,24.98,D,0
37.7564,23.96467,367,0.49,0.4,2020-09-09,1140,N,VIIRS,h,2,317.78,45.63,D,0
37.75702,23.97019,338.63,0.49,0.4,2020-09-09,1140,N,VIIRS,n,2,307.72,45.63,D,0
37.75578,23.95914,352.75,0.49,0.4,2020-09-09,1140,N,VIIRS,n,2,323.82,53.62,D,0
37.75515,23.95361,354.58,0.48,0.4,2020-09-09,1140,N,VIIRS,n,2,304.71,53.62,D,0
37.7601,23.96391,367,0.49,0.4,2020-09-09,1140,N,VIIRS,h,2,359.78,45.63,D,0
37.75948,23.95841,367,0.49,0.4,2020-09-09,1140,N,VIIRS,h,2,347.42,53.62,D,0
37.76072,23.96946,351.45,0.49,0.4,2020-09-09,1140,N,VIIRS,n,2,311.07,45.63,D,0
37.75884,23.95278,335.08,0.48,0.4,2020-09-09,1140,N,VIIRS,n,2,303.9,53.62,D,0
37.76441,23.96866,367,0.49,0.4,2020-09-09,1140,N,VIIRS,h,2,314.02,27.47,D,0
37.76504,23.97421,349.61,0.49,0.4,2020-09-09,1140,N,VIIRS,n,2,312.14,47.03,D,0
37.76379,23.96317,356.97,0.49,0.4,2020-09-09,1140,N,VIIRS,n,2,310.52,27.47,D,0
37.76317,23.95768,351.91,0.49,0.4,2020-09-09,1140,N,VIIRS,n,2,304.07,15.94,D,0
37.7681,23.96787,353.1,0.49,0.4,2020-09-09,1140,N,VIIRS,n,2,313.45,27.47,D,0
37.76749,23.96245,354.26,0.49,0.4,2020-09-09,1140,N,VIIRS,n,2,311.41,27.47,D,0
37.76873,23.97341,367,0.49,0.4,2020-09-09,1140,N,VIIRS,l,2,331.6,47.03,D,0
37.77179,23.96706,367,0.49,0.4,2020-09-09,1140,N,VIIRS,h,2,313.06,9.86,D,0
37.77304,23.9781,336.79,0.49,0.4,2020-09-09,1140,N,VIIRS,n,2,305.84,33.66,D,0
37.77119,23.96175,342.7,0.49,0.4,2020-09-09,1140,N,VIIRS,n,2,304.16,9.86,D,0
37.77057,23.95624,350.39,0.49,0.4,2020-09-09,1140,N,VIIRS,n,2,308.18,12.5,D,0
37.77242,23.97256,367,0.49,0.4,2020-09-09,1140,N,VIIRS,l,2,332.83,33.66,D,0
37.77673,23.97724,342.08,0.49,0.4,2020-09-09,1140,N,VIIRS,n,2,310.79,33.66,D,0
37.77609,23.97165,347.88,0.49,0.4,2020-09-09,1140,N,VIIRS,n,2,317.67,33.66,D,0
37.77547,23.96616,349.62,0.49,0.4,2020-09-09,1140,N,VIIRS,n,2,310.49,9.86,D,0
37.77486,23.96082,335.27,0.49,0.4,2020-09-09,1140,N,VIIRS,n,2,306.76,9.86,D,0
37.77425,23.9554,330.18,0.49,0.4,2020-09-09,1140,N,VIIRS,l,2,304.76,12.5,D,0
37.78039,23.97621,367,0.49,0.4,2020-09-09,1140,N,VIIRS,h,2,309.65,8.2,D,0
37.77854,23.9599,351.77,0.49,0.4,2020-09-09,1140,N,VIIRS,n,2,315.4,123.77,D,0
37.78403,23.9749,332.5,0.49,0.4,2020-09-09,1140,N,VIIRS,n,2,306.52,8.2,D,0
37.78641,23.96262,338.25,0.49,0.4,2020-09-09,1140,N,VIIRS,n,2,308.31,51.44,D,0
37.78582,23.95753,355.49,0.49,0.4,2020-09-09,1140,N,VIIRS,n,2,314.84,51.44,D,0
37.78526,23.95253,335.33,0.49,0.4,2020-09-09,1140,N,VIIRS,n,2,306.25,6.51,D,0
37.78949,23.95653,367,0.49,0.4,2020-09-09,1140,N,VIIRS,h,2,330.13,51.44,D,0
37.79008,23.96165,367,0.49,0.4,2020-09-09,1140,N,VIIRS,l,2,330.99,51.44,D,0
37.79378,23.96096,355.89,0.49,0.4,2020-09-09,1140,N,VIIRS,n,2,309,36.24,D,0
38.09004,23.9354,344.95,0.49,0.4,2020-09-09,1140,N,VIIRS,n,2,303.46,7.16,D,0
38.34013,21.53316,354.11,0.41,0.37,2020-09-09,1140,N,VIIRS,n,2,315.79,30.58,D,0
39.07925,21.01937,339.81,0.4,0.37,2020-09-09,1140,N,VIIRS,n,2,307.82,19,D,0
39.07862,21.01473,339.97,0.4,0.37,2020-09-09,1140,N,VIIRS,n,2,313.91,19,D,0
39.65856,20.29646,338.55,0.49,0.49,2020-09-09,2359,N,VIIRS,n,2,294.98,13.68,N,0
38.1298,23.52699,312.59,0.49,0.41,2020-09-09,2359,N,VIIRS,n,2,295.84,1.35,N,2
38.56566,23.29258,305.45,0.51,0.41,2020-09-09,2359,N,VIIRS,n,2,295.22,0.96,N,2
39.65818,20.30099,335.02,0.49,0.49,2020-09-09,2359,N,VIIRS,n,2,298.74,15.3,N,0
39.13567,26.50379,337.81,0.42,0.38,2020-09-10,1121,N,VIIRS,l,2,309.98,25.16,D,0
39.4153,22.37452,330.22,0.39,0.36,2020-09-10,1121,N,VIIRS,l,2,304.73,2.56,D,0
39.41381,22.36552,335.52,0.39,0.36,2020-09-10,1121,N,VIIRS,l,2,306.95,4.09,D,0
39.6557,20.30408,339.01,0.43,0.38,2020-09-10,1121,N,VIIRS,n,2,307.03,3.11,D,0
39.65921,20.30338,337.22,0.43,0.38,2020-09-10,1121,N,VIIRS,n,2,309.16,3.11,D,0
39.65751,20.30678,306.79,0.44,0.62,2020-09-10,2340,N,VIIRS,n,2,293.49,1.87,N,0
38.56741,23.29732,313.36,0.59,0.53,2020-09-10,2340,N,VIIRS,n,2,293.3,2.69,N,3
38.12915,23.52134,303.35,0.57,0.52,2020-09-10,2341,N,VIIRS,n,2,291.6,1.74,N,0
40.28514,23.44516,303.44,0.5,0.66,2020-09-11,0120,N,VIIRS,n,2,289.23,0.84,N,2
38.54825,21.42217,334.5,0.43,0.46,2020-09-11,1102,N,VIIRS,n,2,308.17,4.2,D,0
38.52648,23.01517,331.82,0.54,0.42,2020-09-11,1102,N,VIIRS,n,2,301.38,1.53,D,0
38.02932,23.60159,319,0.51,0.66,2020-09-11,2322,N,VIIRS,n,2,291.54,2.43,N,0
38.03575,23.5958,302.98,0.51,0.66,2020-09-11,2322,N,VIIRS,n,2,291.29,0.8,N,0
38.03553,23.60196,303.5,0.51,0.66,2020-09-11,2322,N,VIIRS,n,2,292.15,0.8,N,0
38.02954,23.59534,319.79,0.51,0.66,2020-09-11,2322,N,VIIRS,n,2,291.74,2.43,N,0
37.91829,23.07293,306.02,0.32,0.55,2020-09-12,0102,N,VIIRS,n,2,295.33,1.21,N,2
38.0317,23.6051,307.47,0.34,0.56,2020-09-12,0102,N,VIIRS,n,2,293.18,0.91,N,2
38.56487,23.2919,303.38,0.32,0.54,2020-09-12,0102,N,VIIRS,n,2,292.3,1.04,N,2
39.35299,22.98295,303.84,0.59,0.53,2020-09-12,0102,N,VIIRS,n,2,293.53,2.61,N,2
36.78427,24.57344,335.52,0.56,0.52,2020-09-12,1043,N,VIIRS,n,2,299.81,5.61,D,0
36.78337,24.56911,335.44,0.57,0.52,2020-09-12,1043,N,VIIRS,n,2,300.79,4.82,D,0
39.68189,22.60075,338.75,0.61,0.53,2020-09-12,1044,N,VIIRS,n,2,301.17,6.43,D,0
40.78721,22.22924,330.96,0.52,0.67,2020-09-12,1225,N,VIIRS,n,2,299.47,6.24,D,0
38.56353,23.29529,304.47,0.56,0.43,2020-09-13,0043,N,VIIRS,n,2,292.1,0.81,N,2
38.56732,23.29687,307.89,0.56,0.43,2020-09-13,0043,N,VIIRS,n,2,292.15,0.81,N,3
38.56438,23.29532,312.44,0.56,0.43,2020-09-13,0043,N,VIIRS,n,2,292.54,2.31,N,2
38.03317,23.60348,326.49,0.39,0.44,2020-09-13,0043,N,VIIRS,n,2,293.61,1.28,N,0
38.02921,23.60217,310.46,0.39,0.44,2020-09-13,0043,N,VIIRS,n,2,291.92,1.28,N,0
41.01122,25.95773,348.85,0.33,0.55,2020-09-13,1025,N,VIIRS,n,2,289.72,9.33,D,0
41.01025,25.95408,352.33,0.33,0.55,2020-09-13,1025,N,VIIRS,n,2,287.6,6.96,D,0
41.0044,25.9526,338.22,0.33,0.55,2020-09-13,1025,N,VIIRS,n,2,281.81,14.84,D,0
41.00533,25.95609,356.53,0.33,0.55,2020-09-13,1025,N,VIIRS,n,2,304.15,14.84,D,0
41.00628,25.95968,344.49,0.33,0.55,2020-09-13,1025,N,VIIRS,n,2,289.56,19.3,D,0
41.00419,25.94469,367,0.46,0.64,2020-09-13,1206,N,VIIRS,h,2,290.88,10.29,D,0
40.99249,25.95174,349.35,0.46,0.64,2020-09-13,1206,N,VIIRS,n,2,293.48,8.82,D,0
40.99865,25.95762,367,0.46,0.64,2020-09-13,1206,N,VIIRS,h,2,292.1,21.72,D,0
40.99844,25.95131,367,0.46,0.64,2020-09-13,1206,N,VIIRS,h,2,295.87,21.72,D,0
40.99824,25.94526,355.44,0.46,0.64,2020-09-13,1206,N,VIIRS,n,2,299.17,10.29,D,0
40.99807,25.93999,330.68,0.46,0.64,2020-09-13,1206,N,VIIRS,n,2,292.38,10.29,D,0
40.52763,21.62527,328.1,0.39,0.36,2020-09-14,0024,N,VIIRS,n,2,287.77,4.95,N,0
39.35464,22.98645,312.13,0.39,0.36,2020-09-14,0024,N,VIIRS,n,2,292.06,1.22,N,2
38.374,24.06146,310.89,0.4,0.37,2020-09-14,0025,N,VIIRS,n,2,293.73,1.14,N,2
38.12901,23.52531,316.15,0.4,0.37,2020-09-14,0025,N,VIIRS,n,2,294.87,1.37,N,2
38.11924,21.46326,348.33,0.45,0.39,2020-09-14,1146,N,VIIRS,n,2,308.32,5.34,D,0
38.12282,21.46257,354.93,0.45,0.39,2020-09-14,1146,N,VIIRS,n,2,314.06,20.72,D,0
41.49057,26.18349,346.77,0.54,0.51,2020-09-14,1147,N,VIIRS,n,2,302.39,10.31,D,0
41.49176,26.18383,342.76,0.54,0.51,2020-09-14,1147,N,VIIRS,n,2,302.5,7.64,D,0
38.11782,21.45852,307.19,0.52,0.41,2020-09-15,0006,N,VIIRS,n,2,289.52,1.3,N,0
38.25467,20.45936,353.5,0.39,0.44,2020-09-15,0006,N,VIIRS,n,2,298.11,11.95,N,3
38.25865,20.46042,321.06,0.39,0.44,2020-09-15,0006,N,VIIRS,n,2,294.31,2.47,N,0
38.12844,23.52518,313.58,0.43,0.38,2020-09-15,0006,N,VIIRS,n,2,294.73,1.42,N,2
38.3735,24.0598,307.79,0.42,0.38,2020-09-15,0006,N,VIIRS,n,2,293.08,0.86,N,2
38.37448,24.06258,305.53,0.42,0.38,2020-09-15,0006,N,VIIRS,n,2,293.02,0.93,N,2
38.11715,21.46447,311.77,0.52,0.41,2020-09-15,0006,N,VIIRS,n,2,290.26,1.03,N,0
38.06483,23.58417,330.76,0.39,0.36,2020-09-15,1127,N,VIIRS,n,2,303.91,56.85,D,0
38.07012,23.5847,339.35,0.39,0.36,2020-09-15,1127,N,VIIRS,n,2,306.03,78.75,D,0
38.56795,23.29618,340.76,0.39,0.36,2020-09-15,1127,N,VIIRS,n,2,299.7,5.4,D,3
38.06879,23.5878,349.33,0.39,0.36,2020-09-15,1127,N,VIIRS,n,2,313.06,109.82,D,0
38.06815,23.58339,367,0.39,0.36,2020-09-15,1127,N,VIIRS,h,2,330.05,56.85,D,0
39.24896,20.63032,353.07,0.39,0.37,2020-09-15,1128,N,VIIRS,l,2,328.45,32.35,D,0
41.13226,24.9189,335.38,0.44,0.38,2020-09-15,1128,N,VIIRS,n,2,305.19,3.57,D,0
41.1329,24.9241,336.35,0.44,0.38,2020-09-15,1128,N,VIIRS,n,2,306.14,5.5,D,0
41.03855,25.17727,354.5,0.44,0.39,2020-09-15,1128,N,VIIRS,n,2,306.38,112.51,D,0
41.00787,25.95313,336,0.47,0.4,2020-09-15,1128,N,VIIRS,n,2,305.3,4.53,D,0
39.2556,20.62853,367,0.39,0.37,2020-09-15,1128,N,VIIRS,l,2,325.4,60.04,D,0
39.25227,20.62939,351.79,0.39,0.37,2020-09-15,1128,N,VIIRS,n,2,312.32,32.35,D,0
39.24563,20.63118,367,0.39,0.37,2020-09-15,1128,N,VIIRS,h,2,315.19,17.08,D,0
39.41195,22.22815,340.96,0.38,0.36,2020-09-15,1128,N,VIIRS,n,2,307.22,5.06,D,0
40.93851,26.05475,305.37,0.57,0.43,2020-09-15,2346,N,VIIRS,n,2,290.69,1.09,N,0
40.95304,26.07186,335.95,0.57,0.43,2020-09-15,2346,N,VIIRS,n,2,292.57,20.44,N,0
40.9544,26.05832,300.98,0.57,0.43,2020-09-15,2346,N,VIIRS,n,2,290.43,1.19,N,0
40.94973,26.06433,331.75,0.57,0.43,2020-09-15,2346,N,VIIRS,n,2,291.81,2.68,N,0
40.95043,26.05737,306.71,0.57,0.43,2020-09-15,2346,N,VIIRS,n,2,290.94,1.69,N,0
40.94907,26.07089,300.44,0.57,0.43,2020-09-15,2346,N,VIIRS,n,2,290.38,2.68,N,0
40.96359,26.0878,306.26,0.56,0.43,2020-09-15,2346,N,VIIRS,n,2,290.06,2.1,N,0
40.96497,26.07425,307.62,0.57,0.43,2020-09-15,2346,N,VIIRS,n,2,290.17,2.43,N,0
40.94579,26.06326,322.97,0.57,0.43,2020-09-15,2346,N,VIIRS,n,2,291.2,2.68,N,0
40.94647,26.05641,306.07,0.57,0.43,2020-09-15,2346,N,VIIRS,n,2,290.39,1.69,N,0
40.94318,26.04871,308.35,0.57,0.43,2020-09-15,2346,N,VIIRS,n,2,290.49,1.09,N,0
40.94249,26.05556,302.89,0.57,0.43,2020-09-15,2346,N,VIIRS,n,2,290.72,1.09,N,0
40.9537,26.06524,347.16,0.57,0.43,2020-09-15,2346,N,VIIRS,n,2,295.15,20.44,N,0
40.70428,22.81483,300.51,0.54,0.51,2020-09-15,2346,N,VIIRS,n,2,287.66,1.05,N,2
40.96429,26.08089,321.81,0.57,0.43,2020-09-15,2346,N,VIIRS,n,2,291.36,2.1,N,0
40.96633,26.06074,339.92,0.57,0.43,2020-09-15,2346,N,VIIRS,n,2,292.07,3.69,N,0
40.96827,26.08163,306.26,0.57,0.43,2020-09-15,2346,N,VIIRS,n,2,289.75,1.38,N,0
40.97032,26.06149,302.44,0.57,0.43,2020-09-15,2346,N,VIIRS,n,2,290.03,1.02,N,0
40.96962,26.06839,322.02,0.57,0.43,2020-09-15,2346,N,VIIRS,n,2,291.08,2.7,N,0
40.97292,26.07573,314.18,0.57,0.43,2020-09-15,2346,N,VIIRS,n,2,290.57,2.7,N,0
40.97692,26.07641,299.84,0.57,0.43,2020-09-15,2346,N,VIIRS,n,2,289.71,0.6,N,0
40.96235,26.05997,322.11,0.57,0.43,2020-09-15,2346,N,VIIRS,n,2,290.47,3.69,N,0
40.96099,26.07347,327.31,0.57,0.43,2020-09-15,2346,N,VIIRS,n,2,291.94,2.43,N,0
40.96307,26.05289,313.25,0.57,0.43,2020-09-15,2346,N,VIIRS,n,2,290.25,3.69,N,0
40.96166,26.06682,301.59,0.57,0.43,2020-09-15,2346,N,VIIRS,n,2,289.76,2.43,N,0
40.96031,26.08018,317.24,0.57,0.43,2020-09-15,2346,N,VIIRS,n,2,290.55,2.1,N,0
40.95701,26.07269,337.76,0.57,0.43,2020-09-15,2346,N,VIIRS,n,2,301.4,20.44,N,0
40.95837,26.05919,301.95,0.57,0.43,2020-09-15,2346,N,VIIRS,n,2,290.21,1.19,N,0
40.95768,26.06603,308.31,0.57,0.43,2020-09-15,2346,N,VIIRS,n,2,290.55,20.44,N,0
38.06914,23.58578,309.08,0.46,0.47,2020-09-15,2347,N,VIIRS,n,2,291.83,0.95,N,0
38.41602,21.63443,309.34,0.59,0.53,2020-09-15,2347,N,VIIRS,n,2,293.66,1.64,N,0
38.41696,21.63515,308.82,0.6,0.53,2020-09-15,2347,N,VIIRS,n,2,293.73,1.46,N,0
38.56367,23.29301,302.64,0.49,0.48,2020-09-15,2347,N,VIIRS,n,2,291.18,0.74,N,2
38.56818,23.29343,315.81,0.49,0.48,2020-09-15,2347,N,VIIRS,n,2,291.18,1.38,N,3
38.12798,23.52505,307.1,0.47,0.48,2020-09-15,2347,N,VIIRS,n,2,292.64,0.98,N,2
39.40076,22.45684,309.46,0.55,0.51,2020-09-15,2347,N,VIIRS,n,2,286.95,0.93,N,0
39.26365,20.62394,310.97,0.34,0.56,2020-09-15,2347,N,VIIRS,n,2,290.25,0.99,N,0
39.25865,20.619,304.28,0.34,0.56,2020-09-15,2347,N,VIIRS,n,2,290.73,0.99,N,0
38.07004,23.58515,303.37,0.46,0.47,2020-09-15,2347,N,VIIRS,n,2,291.35,0.7,N,0
40.95449,26.07044,303.45,0.76,0.77,2020-09-16,0126,N,VIIRS,n,2,287.37,1.42,N,0
40.96437,26.06489,297.49,0.75,0.77,2020-09-16,0126,N,VIIRS,n,2,286.43,1.44,N,0
40.96122,26.07398,297.93,0.76,0.77,2020-09-16,0126,N,VIIRS,n,2,286.76,1.44,N,0
40.96029,26.05372,305.52,0.75,0.77,2020-09-16,0126,N,VIIRS,n,2,287.48,2.32,N,0
40.95066,26.05852,297.6,0.75,0.77,2020-09-16,0126,N,VIIRS,n,2,286.6,1.42,N,0
39.23848,20.626,327.76,0.47,0.64,2020-09-16,0127,N,VIIRS,n,2,292.55,2.86,N,0
39.23407,20.63141,315.08,0.47,0.64,2020-09-16,0127,N,VIIRS,n,2,292.7,1.67,N,0
39.23693,20.6314,328.61,0.47,0.64,2020-09-16,0127,N,VIIRS,n,2,292.82,2.86,N,0
39.2357,20.62586,319.91,0.47,0.64,2020-09-16,0127,N,VIIRS,n,2,292.02,2.59,N,0
39.24036,20.63182,307.31,0.47,0.64,2020-09-16,0127,N,VIIRS,n,2,291.02,1.67,N,0
39.24189,20.62658,311.87,0.47,0.64,2020-09-16,0127,N,VIIRS,n,2,290.91,2.59,N,0
40.96058,26.07972,351.79,0.38,0.36,2020-09-16,1109,N,VIIRS,n,2,307.46,6.61,D,0
40.97442,26.08069,340.55,0.38,0.36,2020-09-16,1109,N,VIIRS,n,2,300.03,6.74,D,0
40.96832,26.06348,331.78,0.38,0.36,2020-09-16,1109,N,VIIRS,n,2,298.5,2.19,D,0
40.96386,26.07883,332.69,0.38,0.36,2020-09-16,1109,N,VIIRS,l,2,307.59,4.68,D,0
40.95988,26.0752,345.12,0.38,0.36,2020-09-16,1109,N,VIIRS,n,2,306.26,6.61,D,0
39.23714,20.62943,334.37,0.57,0.43,2020-09-16,1109,N,VIIRS,l,2,304.43,8.39,D,0
40.95659,26.07608,341.01,0.38,0.36,2020-09-16,1109,N,VIIRS,n,2,302.48,6.61,D,0
40.97688,26.07598,301.2,0.33,0.55,2020-09-16,2327,N,VIIRS,n,2,289.34,0.45,N,0
40.96267,26.05371,304.3,0.33,0.55,2020-09-16,2327,N,VIIRS,n,2,289.92,0.56,N,0
40.70576,22.81256,298.71,0.48,0.65,2020-09-16,2327,N,VIIRS,n,2,287.79,0.57,N,2
40.97709,26.07243,301.03,0.33,0.55,2020-09-16,2327,N,VIIRS,n,2,289.36,0.68,N,0
38.27168,21.77618,303.2,0.53,0.67,2020-09-16,2328,N,VIIRS,n,2,289.33,4.18,N,0
38.27144,21.78351,307.25,0.53,0.67,2020-09-16,2328,N,VIIRS,n,2,289.19,2.96,N,0
36.57174,22.39304,358.13,0.48,0.64,2020-09-16,2328,N,VIIRS,n,2,295.57,20.58,N,0
36.56627,22.37984,367,0.48,0.64,2020-09-16,2328,N,VIIRS,h,2,293.87,25.96,N,3
36.56598,22.38655,367,0.48,0.64,2020-09-16,2328,N,VIIRS,h,2,294.35,12.26,N,0
36.5657,22.39288,329.44,0.48,0.64,2020-09-16,2328,N,VIIRS,n,2,290.98,12.26,N,0
38.26536,21.7766,323.95,0.53,0.67,2020-09-16,2328,N,VIIRS,n,2,289.54,30.48,N,0
38.26511,21.78423,367,0.53,0.67,2020-09-16,2328,N,VIIRS,h,2,297.6,57.95,N,0
38.26486,21.79206,339.47,0.53,0.67,2020-09-16,2328,N,VIIRS,n,2,298.68,57.95,N,0
38.26463,21.79902,307.7,0.53,0.67,2020-09-16,2328,N,VIIRS,n,2,289.59,18.51,N,0
38.2588,21.78458,322.6,0.53,0.67,2020-09-16,2328,N,VIIRS,n,2,288.98,57.95,N,0
38.13173,23.52388,302.1,0.42,0.61,2020-09-16,2328,N,VIIRS,n,2,288.97,0.75,N,2
38.13123,23.52362,303.2,0.42,0.61,2020-09-16,2328,N,VIIRS,n,2,288.87,0.85,N,2
36.59006,22.38907,326.32,0.48,0.64,2020-09-16,2328,N,VIIRS,n,2,291.35,4.17,N,0
36.58977,22.3956,320.21,0.48,0.64,2020-09-16,2328,N,VIIRS,n,2,291.42,4.17,N,0
36.57227,22.38081,351.37,0.48,0.64,2020-09-16,2328,N,VIIRS,n,2,292.76,17.63,N,3
36.57202,22.38663,367,0.48,0.64,2020-09-16,2328,N,VIIRS,h,2,295.7,20.58,N,3
38.2712,21.79083,321.46,0.53,0.67,2020-09-16,2328,N,VIIRS,n,2,290.02,2.96,N,0
38.26789,21.79142,311.77,0.33,0.55,2020-09-17,0108,N,VIIRS,n,2,290.72,4.53,N,0
38.26941,21.79324,317.77,0.33,0.55,2020-09-17,0108,N,VIIRS,n,2,291.15,2.6,N,0
38.26772,21.7999,310.56,0.33,0.55,2020-09-17,0108,N,VIIRS,n,2,290.28,2.54,N,0
38.26386,21.79375,324.95,0.33,0.55,2020-09-17,0108,N,VIIRS,n,2,289.88,2.6,N,0
38.26625,21.78436,317.28,0.33,0.55,2020-09-17,0108,N,VIIRS,n,2,290.05,2.96,N,0
38.26465,21.79065,311.18,0.33,0.55,2020-09-17,0108,N,VIIRS,n,2,290.2,2.6,N,0
38.26301,21.79708,316.17,0.33,0.55,2020-09-17,0108,N,VIIRS,n,2,288.39,2.54,N,0
38.26058,21.78535,328.29,0.33,0.55,2020-09-17,0108,N,VIIRS,n,2,288.64,2.71,N,0
38.25977,21.78853,301.37,0.33,0.55,2020-09-17,0108,N,VIIRS,n,2,285.59,1.55,N,0
38.26857,21.79651,341.82,0.33,0.55,2020-09-17,0108,N,VIIRS,n,2,293.3,2.6,N,0
38.25901,21.78382,312.9,0.33,0.55,2020-09-17,0108,N,VIIRS,n,2,287.15,1.63,N,0
38.26308,21.78905,316.46,0.33,0.55,2020-09-17,0108,N,VIIRS,n,2,290.78,3.03,N,0
38.26471,21.78275,312.43,0.33,0.55,2020-09-17,0108,N,VIIRS,n,2,289.54,1.63,N,0
39.35199,22.98483,303.27,0.35,0.57,2020-09-17,0108,N,VIIRS,n,2,288.77,1.09,N,0
38.26706,21.79462,345.76,0.33,0.55,2020-09-17,0108,N,VIIRS,n,2,293.18,4.53,N,0
38.26618,21.79797,337.96,0.33,0.55,2020-09-17,0108,N,VIIRS,n,2,290.99,5.34,N,0
38.2639,21.7859,323.44,0.33,0.55,2020-09-17,0108,N,VIIRS,n,2,291.01,1.63,N,0
37.5004,23.03366,305.15,0.4,0.6,2020-09-17,0109,N,VIIRS,n,2,287.86,0.35,N,0
36.56778,22.38365,326.94,0.39,0.59,2020-09-17,0109,N,VIIRS,n,2,294.54,6.56,N,0
36.571,22.39341,350.07,0.39,0.59,2020-09-17,0109,N,VIIRS,n,2,295.3,9.69,N,0
36.57203,22.38958,367,0.39,0.59,2020-09-17,0109,N,VIIRS,h,2,295.89,9.69,N,0
36.57307,22.38567,342.18,0.39,0.59,2020-09-17,0109,N,VIIRS,n,2,293.45,6.56,N,3
36.57747,22.39108,340.9,0.39,0.59,2020-09-17,0109,N,VIIRS,n,2,293.94,8.35,N,0
36.57854,22.38706,367,0.39,0.59,2020-09-17,0109,N,VIIRS,h,2,294.28,7.24,N,0
36.58384,22.3891,355.27,0.39,0.59,2020-09-17,0109,N,VIIRS,n,2,292.11,7.24,N,0
36.58488,22.38518,327.29,0.39,0.59,2020-09-17,0109,N,VIIRS,n,2,291.58,7.24,N,0
36.58814,22.39485,324.43,0.39,0.59,2020-09-17,0109,N,VIIRS,n,2,292.11,7.16,N,0
36.58912,22.39117,357.45,0.39,0.59,2020-09-17,0109,N,VIIRS,n,2,300.55,12.93,N,0
36.59011,22.38746,367,0.39,0.59,2020-09-17,0109,N,VIIRS,h,2,300.46,12.93,N,3
36.59113,22.38363,331.36,0.39,0.59,2020-09-17,0109,N,VIIRS,n,2,291.93,18.65,N,3
36.59436,22.3934,305.79,0.39,0.59,2020-09-17,0109,N,VIIRS,n,2,292.08,12.93,N,0
36.59535,22.38969,315.26,0.39,0.59,2020-09-17,0109,N,VIIRS,n,2,292.05,12.93,N,0
40.98151,23.34609,329.1,0.43,0.46,2020-09-17,1050,N,VIIRS,n,2,299.91,2.25,D,0
40.94922,24.78374,303.93,0.44,0.38,2020-09-19,0030,N,VIIRS,n,2,288.32,0.62,N,0
38.12915,23.52547,310.38,0.43,0.38,2020-09-19,0031,N,VIIRS,n,2,288.96,1.37,N,2
40.93494,26.19306,350.19,0.32,0.55,2020-09-19,1153,N,VIIRS,n,2,297.87,4.11,D,0
40.46793,22.46537,300.96,0.44,0.38,2020-09-20,0011,N,VIIRS,n,2,285.65,0.87,N,0
38.13055,23.52565,306.95,0.4,0.37,2020-09-20,0012,N,VIIRS,n,2,289.75,0.8,N,2
38.12721,23.52486,301.33,0.4,0.37,2020-09-20,0012,N,VIIRS,n,2,288.81,0.8,N,2
38.37467,24.06073,302.95,0.39,0.36,2020-09-20,0012,N,VIIRS,n,2,289.55,0.7,N,2
40.88424,24.62956,332.65,0.48,0.4,2020-09-20,1134,N,VIIRS,n,2,297.92,2.55,D,0
39.1559,20.89516,328.87,0.38,0.36,2020-09-20,1134,N,VIIRS,l,2,300.8,2.78,D,0
40.68294,23.67333,337.98,0.44,0.39,2020-09-20,1134,N,VIIRS,n,2,304.55,10.59,D,0
40.95197,25.23054,336.04,0.51,0.41,2020-09-20,1134,N,VIIRS,l,2,308.88,28.74,D,0
40.88256,24.6336,332.99,0.48,0.4,2020-09-20,1134,N,VIIRS,n,2,301.65,3.43,D,0
40.95576,25.22985,335.41,0.51,0.41,2020-09-20,1134,N,VIIRS,l,2,305.78,44.13,D,0
38.12871,23.52301,311.72,0.39,0.44,2020-09-20,2353,N,VIIRS,n,2,289.72,1.53,N,2
39.16816,22.84307,302.74,0.43,0.46,2020-09-20,2353,N,VIIRS,n,2,286.91,1.28,N,2
38.12848,23.52501,312.25,0.39,0.44,2020-09-20,2353,N,VIIRS,n,2,290.06,1.59,N,2
39.35542,22.98215,296.57,0.72,0.76,2020-09-21,0133,N,VIIRS,n,2,285.78,1.13,N,2
38.12798,23.52465,309.91,0.35,0.56,2020-09-21,2334,N,VIIRS,n,2,288.92,1.1,N,2
38.37309,24.06017,299.93,0.33,0.55,2020-09-21,2334,N,VIIRS,n,2,288.18,0.78,N,2
39.38435,22.80821,296.24,0.39,0.59,2020-09-21,2334,N,VIIRS,n,2,285.94,0.5,N,0
39.35388,22.9848,305.18,0.42,0.61,2020-09-22,0114,N,VIIRS,n,2,288.77,1.11,N,2
38.37379,24.05898,298.7,0.51,0.66,2020-09-22,0115,N,VIIRS,n,2,287.02,1.23,N,2
37.91405,22.68273,299.3,0.45,0.63,2020-09-22,0115,N,VIIRS,n,2,284.82,0.48,N,0
35.48738,27.18203,341.32,0.47,0.4,2020-09-22,1055,N,VIIRS,n,2,303.23,7.32,D,0
40.93618,24.87025,336.12,0.48,0.4,2020-09-22,1056,N,VIIRS,n,2,308.93,36.91,D,0
40.9351,24.86466,331,0.48,0.4,2020-09-22,1056,N,VIIRS,l,2,303.6,3.18,D,0
38.27578,23.25671,330.11,0.42,0.45,2020-09-22,1056,N,VIIRS,l,2,302.02,4,D,0
38.27681,23.26144,341.85,0.42,0.45,2020-09-22,1056,N,VIIRS,n,2,302.61,4,D,0
40.65467,22.46187,295.12,0.43,0.46,2020-09-23,0055,N,VIIRS,n,2,284.8,0.2,N,0
40.65405,22.46446,296.29,0.42,0.38,2020-09-24,0037,N,VIIRS,n,2,286.29,0.15,N,0
40.70423,22.81352,303.95,0.39,0.36,2020-09-25,0018,N,VIIRS,n,2,290.29,1.07,N,2
40.33139,23.30757,298.53,0.39,0.36,2020-09-25,0018,N,VIIRS,n,2,287.75,0.38,N,0
39.38786,22.80744,303.4,0.39,0.36,2020-09-25,0018,N,VIIRS,n,2,288.87,0.88,N,2
39.35328,22.98272,304.85,0.39,0.36,2020-09-25,0018,N,VIIRS,n,2,291.23,0.86,N,2
38.37353,24.0627,308.16,0.39,0.36,2020-09-25,0018,N,VIIRS,n,2,292.38,0.61,N,2
37.91821,23.07243,307.08,0.38,0.36,2020-09-25,0018,N,VIIRS,n,2,295.43,1.05,N,2
38.12944,23.52583,303.64,0.38,0.36,2020-09-25,0018,N,VIIRS,n,2,291.32,0.62,N,2
38.05408,21.4109,301.7,0.4,0.37,2020-09-25,0019,N,VIIRS,n,2,289.97,0.36,N,0
40.97797,23.60816,332.75,0.51,0.41,2020-09-25,1140,N,VIIRS,n,2,297.09,3.66,D,0
38.91602,22.3652,335.43,0.43,0.38,2020-09-25,1140,N,VIIRS,n,2,299.67,2.31,D,0
40.97714,23.60681,333.15,0.51,0.41,2020-09-25,1140,N,VIIRS,n,2,297.6,4.84,D,0
35.24675,25.02268,334.55,0.38,0.36,2020-09-26,1120,N,VIIRS,n,2,303.82,3.78,D,0
37.08068,25.18655,341.29,0.39,0.36,2020-09-26,1120,N,VIIRS,n,2,301.67,7.83,D,0
37.07673,25.18295,341.16,0.39,0.36,2020-09-26,1120,N,VIIRS,l,2,312.74,26.91,D,0
37.07737,25.18727,340.19,0.39,0.36,2020-09-26,1120,N,VIIRS,n,2,304.29,26.91,D,0
37.07011,25.1844,334.46,0.39,0.36,2020-09-26,1120,N,VIIRS,n,2,300.06,7.62,D,0
37.07074,25.18874,349.11,0.39,0.36,2020-09-26,1120,N,VIIRS,n,2,306.98,7.62,D,0
37.07342,25.18367,354.7,0.39,0.36,2020-09-26,1120,N,VIIRS,n,2,307.95,26.91,D,0
38.56493,23.29169,302.15,0.59,0.53,2020-09-26,2340,N,VIIRS,n,2,291.24,1.66,N,2
38.07299,23.65115,305.88,0.56,0.51,2020-09-26,2341,N,VIIRS,n,2,288.93,1.27,N,0
38.07381,23.65189,304.89,0.56,0.51,2020-09-26,2341,N,VIIRS,n,2,289.28,1.22,N,0
38.56218,23.29136,297.25,0.55,0.68,2020-09-27,0121,N,VIIRS,n,2,286.84,0.75,N,0
38.5659,23.29423,311.51,0.56,0.68,2020-09-27,0121,N,VIIRS,n,2,288.16,2.28,N,2
39.35542,22.98517,303.14,0.51,0.66,2020-09-27,0121,N,VIIRS,n,2,287.48,1.18,N,2
37.46811,25.40028,354.58,0.45,0.39,2020-09-27,1102,N,VIIRS,n,2,315.21,92.6,D,0
37.47163,25.39928,367,0.45,0.39,2020-09-27,1102,N,VIIRS,h,2,330.25,92.6,D,0
37.4672,25.39538,349.86,0.45,0.39,2020-09-27,1102,N,VIIRS,n,2,314.92,45.21,D,0
37.46457,25.40119,334.75,0.45,0.39,2020-09-27,1102,N,VIIRS,n,2,303.07,3.88,D,0
37.46368,25.39641,337.77,0.45,0.39,2020-09-27,1102,N,VIIRS,n,2,305.03,3.3,D,0
40.98617,24.60024,341.07,0.43,0.38,2020-09-27,1103,N,VIIRS,n,2,300.68,3.76,D,0
40.98609,24.6018,348.35,0.43,0.38,2020-09-27,1103,N,VIIRS,n,2,301.72,4.12,D,0
38.56696,23.29276,307.21,0.32,0.55,2020-09-28,0102,N,VIIRS,n,2,283.73,1.5,N,3
37.86958,21.3423,336.55,0.39,0.59,2020-09-28,1043,N,VIIRS,n,2,288.33,3.62,D,0
37.86841,21.33793,330.25,0.39,0.59,2020-09-28,1043,N,VIIRS,n,2,288.21,3.62,D,0
38.56694,23.29625,316.13,0.56,0.43,2020-09-29,0043,N,VIIRS,n,2,290.65,3.47,N,3
39.35475,22.98802,300.68,0.52,0.42,2020-09-29,0043,N,VIIRS,n,2,288.9,1.33,N,2
37.99395,21.3253,328.02,0.49,0.49,2020-09-29,1205,N,VIIRS,n,2,295.26,2.3,D,0
39.35525,22.98548,305.71,0.39,0.36,2020-09-30,0024,N,VIIRS,n,2,289.62,0.74,N,2
40.70638,22.81643,300.04,0.38,0.36,2020-09-30,0024,N,VIIRS,n,2,286.69,0.47,N,2
39.16756,22.84244,300.74,0.39,0.36,2020-09-30,0024,N,VIIRS,n,2,287.08,1.36,N,2
37.91842,23.07318,304.6,0.39,0.36,2020-09-30,0025,N,VIIRS,n,2,293.82,1.22,N,2
38.13114,23.52391,299.3,0.4,0.37,2020-09-30,0025,N,VIIRS,n,2,288.52,0.51,N,2
38.56507,23.29295,310.01,0.39,0.36,2020-09-30,0025,N,VIIRS,n,2,292.09,1.18,N,2
37.59966,24.30212,308.88,0.42,0.37,2020-09-30,0025,N,VIIRS,n,2,289.41,0.61,N,0
37.5977,24.29951,317.63,0.42,0.37,2020-09-30,0025,N,VIIRS,n,2,291.25,1.87,N,0
37.87108,21.306,340.88,0.44,0.39,2020-09-30,1146,N,VIIRS,n,2,299.07,5.14,D,0
39.35555,22.98571,301.4,0.46,0.39,2020-10-01,0005,N,VIIRS,n,2,288.15,0.85,N,2
38.56451,23.29579,299.74,0.44,0.39,2020-10-01,0006,N,VIIRS,n,2,288.24,1.77,N,2
38.52724,23.02623,331.5,0.39,0.36,2020-10-01,1127,N,VIIRS,n,2,303.4,1.97,D,0
38.56644,23.29576,340.48,0.39,0.36,2020-10-01,1127,N,VIIRS,n,2,301.57,4.98,D,2
37.90384,21.40835,332.06,0.39,0.36,2020-10-01,1127,N,VIIRS,n,2,298.58,1.97,D,0
40.18735,21.8172,328.25,0.38,0.36,2020-10-01,1128,N,VIIRS,n,2,302.95,1.29,D,0
40.128,21.69193,339.53,0.38,0.36,2020-10-01,1128,N,VIIRS,n,2,300.69,3.41,D,0
41.04644,26.19938,327.58,0.56,0.43,2020-10-01,2346,N,VIIRS,n,2,288.24,15.31,N,0
41.04713,26.19261,342.44,0.56,0.43,2020-10-01,2346,N,VIIRS,n,2,296.37,15.31,N,0
41.04256,26.1578,297.76,0.56,0.43,2020-10-01,2346,N,VIIRS,n,2,283.23,0.88,N,0
41.04247,26.19884,308.94,0.56,0.43,2020-10-01,2346,N,VIIRS,n,2,285.4,15.31,N,0
41.04914,26.17264,315.97,0.56,0.43,2020-10-01,2346,N,VIIRS,n,2,286.67,3.02,N,0
41.05439,26.20045,305.77,0.56,0.43,2020-10-01,2346,N,VIIRS,n,2,287.58,8.19,N,0
41.05371,26.20713,302.29,0.56,0.43,2020-10-01,2346,N,VIIRS,n,2,287.43,1.7,N,0
41.04316,26.19201,342.75,0.56,0.43,2020-10-01,2346,N,VIIRS,n,2,289.2,15.31,N,0
41.05111,26.19306,345.83,0.56,0.43,2020-10-01,2346,N,VIIRS,n,2,294.53,8.19,N,0
41.05042,26.19988,331.16,0.56,0.43,2020-10-01,2346,N,VIIRS,n,2,289.98,8.19,N,0
41.04188,26.16458,296.73,0.56,0.43,2020-10-01,2346,N,VIIRS,n,2,284.45,1.59,N,0
39.17063,22.84291,297.41,0.52,0.5,2020-10-01,2347,N,VIIRS,n,2,286.66,0.79,N,2
39.166,22.84231,296.66,0.52,0.5,2020-10-01,2347,N,VIIRS,n,2,283.88,0.79,N,2
39.38534,22.80614,297.2,0.52,0.5,2020-10-01,2347,N,VIIRS,n,2,284.76,0.67,N,2
41.05035,26.19536,313.49,0.76,0.77,2020-10-02,0126,N,VIIRS,n,2,285.06,5.48,N,0
41.04402,26.19057,337.72,0.76,0.77,2020-10-02,0126,N,VIIRS,n,2,284.2,5.48,N,0
41.04131,26.1984,333.04,0.76,0.77,2020-10-02,0126,N,VIIRS,n,2,283.64,5.48,N,0
41.04752,26.20354,304.44,0.76,0.77,2020-10-02,0126,N,VIIRS,n,2,284.26,5.48,N,0
39.35265,22.98182,301.36,0.61,0.71,2020-10-02,0127,N,VIIRS,n,2,287.4,2.45,N,0
37.83368,21.30205,345.04,0.56,0.43,2020-10-02,1108,N,VIIRS,n,2,296.28,17.44,D,0
41.04318,26.19943,331.91,0.38,0.36,2020-10-02,1109,N,VIIRS,n,2,297.8,8.51,D,0
41.36124,26.4406,330.06,0.38,0.36,2020-10-02,1109,N,VIIRS,n,2,298.67,1.43,D,0
41.04905,26.19313,337.11,0.38,0.36,2020-10-02,1109,N,VIIRS,n,2,302.75,6.8,D,0
38.6235,21.34989,325.08,0.54,0.42,2020-10-02,1109,N,VIIRS,n,2,290.53,2.5,D,0
39.41431,22.49139,334.96,0.47,0.4,2020-10-02,1109,N,VIIRS,n,2,298.21,2.01,D,0
39.67086,22.58382,328.23,0.46,0.39,2020-10-02,1109,N,VIIRS,n,2,296.35,2.06,D,0
41.03989,26.20032,331.27,0.38,0.36,2020-10-02,1109,N,VIIRS,n,2,298.52,6.21,D,0
41.03919,26.19579,346.24,0.38,0.36,2020-10-02,1109,N,VIIRS,n,2,309.16,29.48,D,0
41.43204,26.32451,347.84,0.38,0.36,2020-10-02,1109,N,VIIRS,n,2,301.75,10.25,D,0
41.04039,26.18129,343.52,0.38,0.36,2020-10-02,1109,N,VIIRS,n,2,302.49,5.88,D,0
41.04248,26.1949,354.61,0.38,0.36,2020-10-02,1109,N,VIIRS,n,2,303.75,26.78,D,0
40.69936,22.95119,295.68,0.33,0.55,2020-10-03,0108,N,VIIRS,n,2,283.2,0.37,N,0
39.38739,22.8063,297.54,0.35,0.56,2020-10-03,0108,N,VIIRS,n,2,285.77,0.34,N,2
37.93372,21.3049,331.01,0.32,0.55,2020-10-03,1050,N,VIIRS,n,2,297.75,1.56,D,0
39.63031,22.63088,339.78,0.51,0.49,2020-10-03,1050,N,VIIRS,n,2,296.36,5.43,D,0
39.62848,22.62736,341.08,0.51,0.49,2020-10-03,1050,N,VIIRS,n,2,298.73,7.02,D,0
39.47505,22.50603,329.21,0.52,0.5,2020-10-03,1050,N,VIIRS,l,2,299.72,2.94,D,0
39.4304,22.42,327.77,0.52,0.5,2020-10-03,1050,N,VIIRS,l,2,300.67,2.87,D,0
39.40872,22.39049,330.17,0.53,0.5,2020-10-03,1050,N,VIIRS,n,2,299.43,2.28,D,0
38.03213,21.31638,367,0.32,0.55,2020-10-03,1050,N,VIIRS,h,2,299.66,13.6,D,0
38.03303,21.31994,367,0.32,0.55,2020-10-03,1050,N,VIIRS,h,2,297.28,13.6,D,0
37.94456,21.2407,330.68,0.33,0.55,2020-10-03,1050,N,VIIRS,n,2,296.96,1.78,D,0
37.93281,21.30129,327.32,0.32,0.55,2020-10-03,1050,N,VIIRS,n,2,297.2,1.56,D,0
37.92882,21.30685,340.6,0.32,0.55,2020-10-03,1050,N,VIIRS,n,2,298.55,2.95,D,0
37.92973,21.31045,331.45,0.32,0.55,2020-10-03,1050,N,VIIRS,n,2,298.38,3.77,D,0
37.91904,21.31076,328.94,0.32,0.55,2020-10-03,1050,N,VIIRS,l,2,299.19,3.36,D,0
38.02372,21.31493,367,0.54,0.68,2020-10-03,1230,N,VIIRS,h,2,293.86,17.85,D,0
38.02393,21.32136,367,0.54,0.68,2020-10-03,1230,N,VIIRS,h,2,294.68,17.85,D,0
38.02517,21.31521,367,0.54,0.68,2020-10-03,1230,N,VIIRS,h,2,294.79,22.62,D,0
38.02534,21.32162,367,0.54,0.68,2020-10-03,1230,N,VIIRS,h,2,294.98,36.61,D,0
38.03029,21.3211,342.59,0.54,0.68,2020-10-03,1230,N,VIIRS,n,2,293.41,6.63,D,0
39.3548,22.98269,303.55,0.41,0.45,2020-10-04,0049,N,VIIRS,n,2,290.46,1.13,N,2
37.86779,20.63673,335.46,0.55,0.51,2020-10-04,1211,N,VIIRS,n,2,291.84,20.41,D,0
37.86821,20.6424,348.24,0.55,0.51,2020-10-04,1211,N,VIIRS,n,2,316.27,84.68,D,0
36.91084,21.70818,334.85,0.61,0.54,2020-10-04,1211,N,VIIRS,n,2,300.34,5.63,D,0
37.87012,20.63105,316.3,0.38,0.36,2020-10-05,0031,N,VIIRS,n,2,289.51,1.28,N,0
37.86945,20.63533,305.86,0.38,0.36,2020-10-05,0031,N,VIIRS,n,2,288.49,1.28,N,0
37.86876,20.63964,304.08,0.38,0.36,2020-10-05,0031,N,VIIRS,n,2,287.7,1.17,N,0
37.86354,20.62937,346.04,0.38,0.36,2020-10-05,0031,N,VIIRS,n,2,302.61,11.06,N,0
37.86683,20.63021,331.81,0.38,0.36,2020-10-05,0031,N,VIIRS,n,2,291.73,11.06,N,0
37.86615,20.6345,339.97,0.38,0.36,2020-10-05,0031,N,VIIRS,n,2,290.74,11.06,N,0
37.86422,20.62508,342.3,0.38,0.36,2020-10-05,0031,N,VIIRS,n,2,314.59,44.04,N,0
37.86286,20.63367,343.8,0.38,0.36,2020-10-05,0031,N,VIIRS,n,2,289.7,11.06,N,0
37.86119,20.62625,324.11,0.38,0.36,2020-10-05,0031,N,VIIRS,n,2,290.86,2.03,N,0
37.86189,20.62195,306.54,0.38,0.36,2020-10-05,0031,N,VIIRS,n,2,289.26,2.03,N,3
37.8605,20.63055,308.04,0.38,0.36,2020-10-05,0031,N,VIIRS,n,2,290.44,1.81,N,0
37.86752,20.62591,356.45,0.38,0.36,2020-10-05,0031,N,VIIRS,n,2,299.3,44.04,N,0
39.35418,22.98673,307.67,0.41,0.37,2020-10-05,0031,N,VIIRS,n,2,289.02,0.73,N,2
37.87081,20.62675,307.55,0.38,0.36,2020-10-05,0031,N,VIIRS,n,2,287.79,1.37,N,0
38.08046,23.62854,310.02,0.39,0.36,2020-10-06,0012,N,VIIRS,n,2,290.1,0.77,N,0
36.79296,21.86645,305.48,0.42,0.38,2020-10-06,0012,N,VIIRS,n,2,287.66,1.48,N,0
36.79641,21.86723,306.72,0.42,0.38,2020-10-06,0012,N,VIIRS,n,2,290.12,1.48,N,0
36.79705,21.86237,328.2,0.42,0.38,2020-10-06,0012,N,VIIRS,n,2,291.48,1.48,N,0
36.80052,21.86303,310.56,0.42,0.38,2020-10-06,0012,N,VIIRS,n,2,291.84,1.32,N,0
37.91805,23.07219,305.32,0.4,0.37,2020-10-06,0012,N,VIIRS,n,2,295.01,1.07,N,2
38.12996,23.52438,312.58,0.4,0.37,2020-10-06,0012,N,VIIRS,n,2,291.9,1.07,N,2
39.18663,25.94218,335.27,0.52,0.42,2020-10-06,1134,N,VIIRS,n,2,303.87,6.88,D,0
39.19044,25.94132,337.38,0.52,0.42,2020-10-06,1134,N,VIIRS,l,2,307.39,3.68,D,0
39.38647,22.58582,333.1,0.4,0.37,2020-10-06,1134,N,VIIRS,n,2,284.28,3.29,D,0
38.56724,23.29314,310.41,0.4,0.44,2020-10-06,2353,N,VIIRS,n,2,292.18,1.27,N,3
38.26372,23.43383,343.1,0.41,0.37,2020-10-07,1115,N,VIIRS,n,2,300.53,3.36,D,0
38.26292,23.42923,333,0.41,0.37,2020-10-07,1115,N,VIIRS,n,2,300.57,3.36,D,0
37.94791,21.31531,331.79,0.48,0.4,2020-10-07,1115,N,VIIRS,n,2,289.73,3.77,D,0
38.39353,23.4523,350.28,0.41,0.37,2020-10-07,1115,N,VIIRS,n,2,302.13,4.79,D,0
38.3969,23.45145,339.34,0.41,0.37,2020-10-07,1115,N,VIIRS,n,2,301.52,3.2,D,0
41.0717,26.32064,345.76,0.4,0.37,2020-10-07,1115,N,VIIRS,n,2,299.28,8.22,D,0
41.1147,26.32257,336.6,0.4,0.37,2020-10-07,1115,N,VIIRS,n,2,297.74,2.88,D,0
41.12139,26.32095,330.85,0.4,0.37,2020-10-07,1115,N,VIIRS,n,2,298.49,1.88,D,0
41.56614,26.56452,335.26,0.4,0.37,2020-10-07,1115,N,VIIRS,n,2,304.03,2.47,D,0
41.56952,26.56371,341.39,0.4,0.37,2020-10-07,1115,N,VIIRS,n,2,305.4,3.76,D,0
38.2651,23.4507,367,0.41,0.45,2020-10-08,1056,N,VIIRS,h,2,304.46,21.44,D,0
38.57778,22.773,330.64,0.44,0.46,2020-10-08,1056,N,VIIRS,n,2,300.11,4.95,D,0
38.58043,22.76914,337.35,0.44,0.46,2020-10-08,1056,N,VIIRS,n,2,299.87,3.13,D,0
38.13122,23.52347,296.01,0.63,0.72,2020-10-08,2315,N,VIIRS,n,2,285.29,0.76,N,2
39.35558,22.98591,300.76,0.49,0.49,2020-10-09,0056,N,VIIRS,n,2,286.09,1.62,N,2
39.40973,22.38047,326.37,0.38,0.59,2020-10-09,1037,N,VIIRS,n,2,296.04,1.06,D,0
37.8215,21.2549,367,0.48,0.64,2020-10-09,1037,N,VIIRS,h,2,300.01,14.56,D,0
39.41439,22.38006,326,0.38,0.59,2020-10-09,1037,N,VIIRS,n,2,296.16,1.88,D,0
39.36803,22.42393,326.49,0.38,0.59,2020-10-09,1037,N,VIIRS,n,2,295.03,2.71,D,0
39.39347,22.58318,342.77,0.37,0.58,2020-10-09,1037,N,VIIRS,n,2,296.04,3.46,D,0
39.47893,22.48602,337.87,0.37,0.58,2020-10-09,1037,N,VIIRS,n,2,296.63,3.6,D,0
40.57685,22.37383,327.18,0.35,0.57,2020-10-09,1038,N,VIIRS,n,2,291.71,1.63,D,0
40.37927,22.97989,330.63,0.33,0.56,2020-10-09,1038,N,VIIRS,n,2,292.99,1.79,D,0
39.89244,21.59831,345.94,0.4,0.6,2020-10-09,1038,N,VIIRS,n,2,293.09,7.21,D,0
39.89368,21.60278,356.72,0.4,0.6,2020-10-09,1038,N,VIIRS,l,2,291.54,7.21,D,0
40.7035,22.76808,338.22,0.34,0.56,2020-10-09,1038,N,VIIRS,n,2,291.1,2.23,D,0
40.58189,22.37153,333.5,0.35,0.57,2020-10-09,1038,N,VIIRS,n,2,291.61,3.05,D,0
40.14004,21.44106,332.04,0.41,0.6,2020-10-09,1038,N,VIIRS,n,2,295.55,3.45,D,0
37.8598,21.29306,329.53,0.36,0.58,2020-10-09,1217,N,VIIRS,n,2,297.75,2.96,D,0
37.84269,21.27766,328.82,0.36,0.58,2020-10-09,1217,N,VIIRS,n,2,297.28,1.15,D,0
37.87574,21.33477,326.17,0.36,0.58,2020-10-09,1217,N,VIIRS,n,2,296.78,4.78,D,0
37.8755,21.33054,367,0.36,0.58,2020-10-09,1217,N,VIIRS,h,2,300.06,4.78,D,0
37.86242,21.28929,330.09,0.36,0.58,2020-10-09,1217,N,VIIRS,n,2,297.88,3.25,D,0
39.46607,22.53251,335.72,0.44,0.62,2020-10-09,1218,N,VIIRS,n,2,295.85,1.93,D,0
39.13758,20.88784,334.55,0.35,0.57,2020-10-09,1218,N,VIIRS,n,2,293.09,1.48,D,0
39.42312,22.45371,353.15,0.43,0.62,2020-10-09,1218,N,VIIRS,n,2,297.74,4.44,D,0
39.37259,22.49749,338.18,0.43,0.62,2020-10-09,1218,N,VIIRS,n,2,295.36,3.9,D,0
39.37278,22.50246,339.26,0.43,0.62,2020-10-09,1218,N,VIIRS,n,2,295.79,3.9,D,0
39.37302,22.50028,348.94,0.43,0.62,2020-10-09,1218,N,VIIRS,n,2,296.14,5.45,D,0
39.36722,22.50083,342.93,0.43,0.62,2020-10-09,1218,N,VIIRS,n,2,296.62,3.32,D,0
39.42333,22.45883,333.32,0.43,0.62,2020-10-09,1218,N,VIIRS,n,2,296.85,4.44,D,0
40.0585,21.64454,350.93,0.4,0.6,2020-10-09,1218,N,VIIRS,n,2,299.23,4.4,D,0
39.51532,22.45267,335.99,0.43,0.62,2020-10-09,1218,N,VIIRS,n,2,297.5,3.96,D,0
39.50541,22.49512,355.22,0.43,0.62,2020-10-09,1218,N,VIIRS,n,2,297.62,9.49,D,0
40.51959,22.50273,329.2,0.44,0.63,2020-10-09,1218,N,VIIRS,n,2,294.85,3.1,D,0
41.05357,23.40202,325.21,0.5,0.66,2020-10-09,1218,N,VIIRS,n,2,286.98,3.12,D,0
39.48397,22.54314,341.75,0.44,0.62,2020-10-09,1218,N,VIIRS,n,2,296.39,2.52,D,0
39.16785,22.8432,301.85,0.45,0.39,2020-10-10,0037,N,VIIRS,n,2,286.36,1,N,2
38.13003,23.52809,299.69,0.5,0.41,2020-10-10,0037,N,VIIRS,n,2,286.73,0.54,N,2
38.56553,23.29506,327.46,0.48,0.4,2020-10-10,0037,N,VIIRS,n,2,289.39,4.59,N,2
38.07707,23.63684,318.42,0.5,0.41,2020-10-10,0037,N,VIIRS,n,2,285.99,2.53,N,0
39.35279,22.98771,301.23,0.45,0.39,2020-10-10,0037,N,VIIRS,n,2,288.39,0.83,N,2
39.38689,22.80697,296.12,0.45,0.39,2020-10-10,0037,N,VIIRS,n,2,285.31,0.4,N,2
39.95748,21.58754,327.89,0.68,0.74,2020-10-10,1019,N,VIIRS,n,2,291.31,4.35,D,0
39.90434,21.63433,337.11,0.68,0.74,2020-10-10,1019,N,VIIRS,n,2,294.28,7.14,D,0
40.0564,21.63186,346.46,0.67,0.74,2020-10-10,1019,N,VIIRS,n,2,295.92,15.15,D,0
39.9043,21.63306,338.7,0.68,0.74,2020-10-10,1019,N,VIIRS,n,2,293.66,7.5,D,0
39.98568,21.6918,328.5,0.67,0.74,2020-10-10,1019,N,VIIRS,n,2,292.87,4.35,D,0
40.05156,21.66312,331.91,0.67,0.74,2020-10-10,1019,N,VIIRS,n,2,293.33,5.02,D,0
39.98015,21.72666,327.25,0.67,0.74,2020-10-10,1019,N,VIIRS,n,2,293.39,6.05,D,0
39.31634,22.47445,332.17,0.65,0.73,2020-10-10,1019,N,VIIRS,n,2,293.8,4.12,D,0
37.13081,22.03223,340.72,0.43,0.46,2020-10-10,1158,N,VIIRS,n,2,300.17,13.33,D,0
37.88422,21.35284,327.97,0.41,0.45,2020-10-10,1158,N,VIIRS,n,2,299.31,2.65,D,0
39.29572,22.45028,337.44,0.48,0.48,2020-10-10,1159,N,VIIRS,n,2,299,4.41,D,0
39.36924,22.5523,343.2,0.49,0.48,2020-10-10,1159,N,VIIRS,n,2,298.22,8.02,D,0
39.38643,22.61505,353.51,0.49,0.49,2020-10-10,1159,N,VIIRS,n,2,302.81,9.69,D,0
39.36803,22.45151,329.79,0.48,0.48,2020-10-10,1159,N,VIIRS,l,2,302.7,2.9,D,0
39.37468,22.52981,349.63,0.49,0.48,2020-10-10,1159,N,VIIRS,n,2,300.54,11.3,D,0
39.37206,22.55249,340.18,0.49,0.48,2020-10-10,1159,N,VIIRS,n,2,298.44,10.22,D,0
39.34247,22.41605,328.94,0.48,0.48,2020-10-10,1159,N,VIIRS,n,2,299.49,1.54,D,0
40.05494,21.6427,327.09,0.45,0.47,2020-10-10,1159,N,VIIRS,l,2,300.65,3.58,D,0
40.05451,21.63759,340.64,0.44,0.46,2020-10-10,1159,N,VIIRS,n,2,301.89,3.58,D,0
40.05884,21.63719,328.06,0.44,0.46,2020-10-10,1159,N,VIIRS,l,2,302.18,4.74,D,0
40.05585,21.65346,341.83,0.45,0.47,2020-10-10,1159,N,VIIRS,n,2,302.53,13.56,D,0
40.06316,21.63676,345.66,0.44,0.46,2020-10-10,1159,N,VIIRS,n,2,302.37,4.74,D,0
40.06271,21.63154,329.23,0.44,0.46,2020-10-10,1159,N,VIIRS,l,2,300.81,4.51,D,0
39.37025,22.45034,328.83,0.48,0.48,2020-10-10,1159,N,VIIRS,l,2,303.05,1.25,D,0
39.38771,22.61427,353.51,0.49,0.49,2020-10-10,1159,N,VIIRS,n,2,302.03,11.72,D,0
39.38638,22.48255,349.32,0.48,0.48,2020-10-10,1159,N,VIIRS,n,2,303.03,12.49,D,0
39.40297,22.52013,336.24,0.49,0.48,2020-10-10,1159,N,VIIRS,n,2,299.79,5.09,D,0
39.42883,22.23481,348.45,0.47,0.48,2020-10-10,1159,N,VIIRS,n,2,297.95,6.9,D,0
39.47628,22.529,329.95,0.49,0.48,2020-10-10,1159,N,VIIRS,n,2,298.83,2.87,D,0
39.33826,22.47342,328.66,0.48,0.48,2020-10-10,1159,N,VIIRS,n,2,298.78,3.19,D,0
39.47782,22.53208,328.2,0.49,0.48,2020-10-10,1159,N,VIIRS,l,2,298.5,4.43,D,0
39.49803,22.50076,348.24,0.49,0.48,2020-10-10,1159,N,VIIRS,n,2,302.98,5.79,D,0
39.53469,22.45023,328.8,0.48,0.48,2020-10-10,1159,N,VIIRS,l,2,303.47,2.62,D,0
39.70792,22.14353,338.15,0.47,0.48,2020-10-10,1159,N,VIIRS,n,2,298.15,2.35,D,0
39.3338,22.47411,339.03,0.48,0.48,2020-10-10,1159,N,VIIRS,n,2,300.95,3.19,D,0
39.37197,22.52943,344.38,0.49,0.48,2020-10-10,1159,N,VIIRS,n,2,300.43,6.78,D,0
39.90827,21.6455,327.43,0.44,0.46,2020-10-10,1159,N,VIIRS,l,2,298.47,2.06,D,0
39.98376,21.69041,336.55,0.45,0.47,2020-10-10,1159,N,VIIRS,n,2,300.18,2.22,D,0
40.01278,21.72265,341.83,0.45,0.47,2020-10-10,1159,N,VIIRS,n,2,299.22,6.14,D,0
40.01234,21.7176,344.8,0.45,0.47,2020-10-10,1159,N,VIIRS,n,2,299.98,6.14,D,0
40.03633,21.64318,336.89,0.44,0.46,2020-10-10,1159,N,VIIRS,n,2,301.67,2.98,D,0
40.0377,21.645,347.11,0.45,0.47,2020-10-10,1159,N,VIIRS,n,2,301.71,5.65,D,0
40.43899,22.58767,331.22,0.5,0.49,2020-10-10,1159,N,VIIRS,n,2,297.68,3.38,D,0
40.43893,22.58964,335.25,0.5,0.49,2020-10-10,1159,N,VIIRS,n,2,298.6,2.94,D,0
40.23103,21.32292,340.05,0.43,0.46,2020-10-10,1159,N,VIIRS,n,2,298.66,8.71,D,0
40.2096,21.35445,340.61,0.43,0.46,2020-10-10,1159,N,VIIRS,n,2,299.57,11.25,D,0
40.12417,21.686,341.66,0.45,0.47,2020-10-10,1159,N,VIIRS,n,2,299.59,4.86,D,0
38.92532,21.18146,331.4,0.41,0.45,2020-10-10,1159,N,VIIRS,n,2,295.58,2.72,D,0
37.88597,21.35498,328.92,0.41,0.45,2020-10-10,1159,N,VIIRS,n,2,299.55,2.27,D,0
40.11985,21.68662,338.05,0.45,0.47,2020-10-10,1159,N,VIIRS,n,2,299.63,2.93,D,0
40.06703,21.6311,325.33,0.44,0.46,2020-10-10,1159,N,VIIRS,n,2,300,1.65,D,0
40.06748,21.63628,340.17,0.44,0.46,2020-10-10,1159,N,VIIRS,n,2,299.67,5.37,D,0
41.18164,24.00531,295.89,0.38,0.36,2020-10-11,0017,N,VIIRS,n,2,284.77,0.51,N,0
39.16811,22.8434,301.76,0.39,0.36,2020-10-11,0018,N,VIIRS,n,2,287.89,0.69,N,2
38.56416,23.29624,300.67,0.38,0.36,2020-10-11,0018,N,VIIRS,n,2,288.26,0.92,N,2
39.16877,22.83894,301.18,0.39,0.36,2020-10-11,0018,N,VIIRS,n,2,287.66,0.69,N,0
39.38663,22.80883,298.89,0.39,0.36,2020-10-11,0018,N,VIIRS,n,2,288.02,0.52,N,2
39.35348,22.98652,309.67,0.39,0.36,2020-10-11,0018,N,VIIRS,n,2,289.92,1.42,N,2
38.12809,23.52555,309.57,0.38,0.36,2020-10-11,0018,N,VIIRS,n,2,288.26,1.51,N,2
39.38427,22.43889,332.15,0.44,0.38,2020-10-11,1140,N,VIIRS,l,2,304.65,2.93,D,0
40.67029,22.29176,329.1,0.45,0.39,2020-10-11,1140,N,VIIRS,n,2,293.53,2.98,D,0
40.58599,22.45912,328.41,0.45,0.39,2020-10-11,1140,N,VIIRS,n,2,296.15,2.86,D,0
40.242,21.40744,337.42,0.42,0.38,2020-10-11,1140,N,VIIRS,n,2,300.23,4.54,D,0
40.13263,21.44926,345.98,0.42,0.38,2020-10-11,1140,N,VIIRS,n,2,305.34,13.29,D,0
40.12699,21.46055,335.08,0.42,0.38,2020-10-11,1140,N,VIIRS,n,2,301.04,2.44,D,0
40.12119,21.67743,333.53,0.42,0.38,2020-10-11,1140,N,VIIRS,n,2,302.74,2.55,D,0
40.07895,21.6813,332.34,0.42,0.38,2020-10-11,1140,N,VIIRS,n,2,300.61,3.04,D,0
40.06767,21.64837,332.5,0.42,0.38,2020-10-11,1140,N,VIIRS,n,2,302.07,3.23,D,0
40.06667,21.66861,336.33,0.42,0.38,2020-10-11,1140,N,VIIRS,n,2,300.7,4.65,D,0
40.06728,21.67345,329.23,0.42,0.38,2020-10-11,1140,N,VIIRS,n,2,299.8,3.67,D,0
40.05727,21.6505,326.12,0.42,0.38,2020-10-11,1140,N,VIIRS,l,2,300.59,2.44,D,0
40.05194,21.63635,327.13,0.42,0.38,2020-10-11,1140,N,VIIRS,n,2,302.09,1.97,D,0
40.0538,21.6512,338.01,0.42,0.38,2020-10-11,1140,N,VIIRS,n,2,305.18,7.04,D,0
40.05034,21.6519,325.84,0.42,0.38,2020-10-11,1140,N,VIIRS,l,2,300.07,7.04,D,0
40.05219,21.66664,329.8,0.42,0.38,2020-10-11,1140,N,VIIRS,l,2,301.15,2.27,D,0
40.04118,21.66386,331.4,0.42,0.38,2020-10-11,1140,N,VIIRS,n,2,301.15,2.14,D,0
40.01106,21.65728,334.11,0.42,0.38,2020-10-11,1140,N,VIIRS,n,2,298.28,4.25,D,0
39.99197,21.70281,334.27,0.42,0.38,2020-10-11,1140,N,VIIRS,n,2,301.39,4.54,D,0
39.9929,21.73829,343.91,0.43,0.38,2020-10-11,1140,N,VIIRS,n,2,299.62,4.27,D,0
39.98189,21.73579,335.15,0.43,0.38,2020-10-11,1140,N,VIIRS,n,2,301.29,4.66,D,0
39.9464,21.65194,334.75,0.42,0.38,2020-10-11,1140,N,VIIRS,n,2,302.66,2.77,D,0
39.91204,21.61628,326.88,0.42,0.38,2020-10-11,1140,N,VIIRS,n,2,299.3,1.95,D,0
39.90203,21.64894,329.11,0.42,0.38,2020-10-11,1140,N,VIIRS,n,2,301.52,2.38,D,0
39.90267,21.65389,329.97,0.42,0.38,2020-10-11,1140,N,VIIRS,n,2,301.41,3.1,D,0
39.69828,22.28713,340.24,0.44,0.38,2020-10-11,1140,N,VIIRS,n,2,301.5,3.17,D,0
39.50863,22.5897,336.07,0.45,0.39,2020-10-11,1140,N,VIIRS,n,2,303.99,3.31,D,0
39.51104,22.592,331.28,0.45,0.39,2020-10-11,1140,N,VIIRS,l,2,303.83,4.37,D,0
39.44346,22.3092,327.66,0.44,0.38,2020-10-11,1140,N,VIIRS,l,2,301.07,1.89,D,0
39.44852,22.35004,337.12,0.44,0.38,2020-10-11,1140,N,VIIRS,n,2,302.21,2.88,D,0
39.47028,22.55692,329.02,0.45,0.39,2020-10-11,1140,N,VIIRS,n,2,300.72,1.79,D,0
39.46988,22.58354,328.53,0.45,0.39,2020-10-11,1140,N,VIIRS,l,2,299.4,2.73,D,0
39.43149,22.35858,336.79,0.44,0.38,2020-10-11,1140,N,VIIRS,n,2,304.05,4.45,D,0
39.45308,22.56527,326.07,0.45,0.39,2020-10-11,1140,N,VIIRS,n,2,299.47,1.97,D,0
39.42971,22.43275,329.41,0.44,0.38,2020-10-11,1140,N,VIIRS,n,2,303.18,0.77,D,0
39.41345,22.38851,336.33,0.44,0.38,2020-10-11,1140,N,VIIRS,n,2,304.37,5.24,D,0
39.42117,22.4819,333.67,0.44,0.39,2020-10-11,1140,N,VIIRS,n,2,304.03,2.99,D,0
39.38934,22.39852,341,0.44,0.38,2020-10-11,1140,N,VIIRS,n,2,305.91,4.8,D,0
39.17334,20.77316,326.1,0.4,0.37,2020-10-11,1140,N,VIIRS,l,2,298.3,1.07,D,0
39.38944,22.56902,330.56,0.45,0.39,2020-10-11,1140,N,VIIRS,l,2,302.9,2.34,D,0
39.3704,22.47331,334.72,0.44,0.39,2020-10-11,1140,N,VIIRS,l,2,305.22,5.63,D,0
39.38171,22.56533,340.91,0.45,0.39,2020-10-11,1140,N,VIIRS,n,2,300.1,6.06,D,0
39.37271,22.55133,340.31,0.45,0.39,2020-10-11,1140,N,VIIRS,n,2,302.38,6.14,D,0
39.3673,22.53681,331.33,0.44,0.39,2020-10-11,1140,N,VIIRS,n,2,300.81,7.52,D,0
39.36314,22.53249,335.14,0.44,0.39,2020-10-11,1140,N,VIIRS,n,2,301.43,4.79,D,0
39.36607,22.61628,345.67,0.45,0.39,2020-10-11,1140,N,VIIRS,n,2,308.23,20.28,D,0
39.35189,22.52967,343.52,0.44,0.39,2020-10-11,1140,N,VIIRS,n,2,303.55,5.81,D,0
39.36003,22.59658,332.84,0.45,0.39,2020-10-11,1140,N,VIIRS,n,2,299.43,3.78,D,0
39.28666,22.50072,349.2,0.44,0.39,2020-10-11,1140,N,VIIRS,n,2,301.73,8.73,D,0
39.28311,22.50138,329.37,0.44,0.39,2020-10-11,1140,N,VIIRS,n,2,300.89,1.65,D,0
39.28427,22.49874,331.05,0.44,0.39,2020-10-11,1140,N,VIIRS,n,2,301.78,2.93,D,0
39.28491,22.50387,331.49,0.44,0.39,2020-10-11,1140,N,VIIRS,n,2,298.76,2.93,D,0
39.24804,25.92235,340.97,0.41,0.45,2020-10-11,1140,N,VIIRS,n,2,299.04,4.3,D,0
39.18308,25.91116,340.63,0.41,0.45,2020-10-11,1140,N,VIIRS,n,2,297.32,2.14,D,0
38.57841,23.0304,332.94,0.45,0.39,2020-10-11,1140,N,VIIRS,n,2,300.78,3.95,D,0
37.90234,21.19394,329.43,0.4,0.37,2020-10-11,1140,N,VIIRS,n,2,300.28,1.9,D,0
37.84463,21.35614,331.53,0.4,0.37,2020-10-11,1140,N,VIIRS,n,2,300.68,2.31,D,0
39.17026,22.84117,298.7,0.54,0.42,2020-10-11,2359,N,VIIRS,n,2,288.64,1.13,N,2
39.38739,22.80955,298.03,0.55,0.42,2020-10-11,2359,N,VIIRS,n,2,287.44,0.42,N,2
38.13039,23.52738,301.94,0.49,0.4,2020-10-11,2359,N,VIIRS,n,2,289.05,1.26,N,2
38.5663,23.29378,341.49,0.51,0.41,2020-10-11,2359,N,VIIRS,n,2,291.61,6.5,N,2
36.87132,22.63774,335.34,0.4,0.37,2020-10-12,1120,N,VIIRS,n,2,298.38,1.53,D,0
36.90889,22.5909,336.84,0.4,0.37,2020-10-12,1120,N,VIIRS,n,2,298.35,2.62,D,0
39.27998,22.61941,340.67,0.39,0.36,2020-10-12,1121,N,VIIRS,n,2,301.09,3.75,D,0
39.28071,22.6239,333.35,0.39,0.36,2020-10-12,1121,N,VIIRS,n,2,299.71,3.75,D,0
39.26311,22.60055,339.54,0.39,0.36,2020-10-12,1121,N,VIIRS,n,2,300.73,4.43,D,0
39.25479,25.93015,335.44,0.41,0.37,2020-10-12,1121,N,VIIRS,n,2,301.63,2.95,D,0
39.24891,25.91227,332.94,0.41,0.37,2020-10-12,1121,N,VIIRS,n,2,298.77,7.07,D,0
39.26211,26.0113,336.94,0.41,0.37,2020-10-12,1121,N,VIIRS,n,2,298.71,6.26,D,0
39.20878,25.97834,338.8,0.41,0.37,2020-10-12,1121,N,VIIRS,n,2,299.08,4.81,D,0
37.04694,22.05913,340.87,0.41,0.37,2020-10-12,1121,N,VIIRS,n,2,297.86,4.13,D,0
39.20784,25.94483,335.35,0.41,0.37,2020-10-12,1121,N,VIIRS,n,2,299.89,2.38,D,0
39.21682,25.9863,342.45,0.41,0.37,2020-10-12,1121,N,VIIRS,n,2,295.92,5.94,D,0
39.24677,25.9224,334.68,0.41,0.37,2020-10-12,1121,N,VIIRS,n,2,301.4,3.07,D,0
39.24552,25.91307,329.47,0.41,0.37,2020-10-12,1121,N,VIIRS,n,2,299.45,7.07,D,0
39.88833,22.69668,327.19,0.39,0.36,2020-10-12,1121,N,VIIRS,n,2,295.71,1.84,D,0
39.55309,22.64195,329.53,0.39,0.36,2020-10-12,1121,N,VIIRS,n,2,302.33,2.03,D,0
39.48024,22.42717,346.5,0.39,0.36,2020-10-12,1121,N,VIIRS,n,2,300.03,9.94,D,0
39.48097,22.43168,347.62,0.39,0.36,2020-10-12,1121,N,VIIRS,n,2,299.95,9.94,D,0
39.47692,22.42808,328.38,0.39,0.36,2020-10-12,1121,N,VIIRS,n,2,297.97,3.3,D,0
39.47766,22.43259,346.03,0.39,0.36,2020-10-12,1121,N,VIIRS,n,2,301.61,3.3,D,0
39.45053,22.52005,330.14,0.39,0.36,2020-10-12,1121,N,VIIRS,n,2,297.99,2.05,D,0
39.43615,22.50826,341.67,0.39,0.36,2020-10-12,1121,N,VIIRS,n,2,302.78,2.78,D,0
39.42625,22.46857,334.05,0.39,0.36,2020-10-12,1121,N,VIIRS,n,2,301.23,2.34,D,0
39.42404,22.49745,337.29,0.39,0.36,2020-10-12,1121,N,VIIRS,n,2,300.22,2.5,D,0
39.41008,22.45421,332.73,0.39,0.36,2020-10-12,1121,N,VIIRS,n,2,303.14,1.7,D,0
39.41816,22.50377,333.38,0.39,0.36,2020-10-12,1121,N,VIIRS,n,2,302.72,2.03,D,0
39.42654,22.72583,336.75,0.39,0.36,2020-10-12,1121,N,VIIRS,n,2,302.11,2.5,D,0
37.7162,24.93341,340.62,0.39,0.36,2020-10-12,1121,N,VIIRS,n,2,299.15,4.47,D,0
37.90588,22.94003,331.46,0.39,0.36,2020-10-12,1121,N,VIIRS,n,2,302.23,1.56,D,0
39.25015,25.92159,337.67,0.41,0.37,2020-10-12,1121,N,VIIRS,n,2,300.95,3.07,D,0
39.17466,25.8503,328.43,0.4,0.37,2020-10-12,1121,N,VIIRS,l,2,299.25,1.5,D,0
39.17741,25.84488,341.29,0.4,0.37,2020-10-12,1121,N,VIIRS,n,2,300.11,3.08,D,0
39.38982,22.60537,330.07,0.39,0.36,2020-10-12,1121,N,VIIRS,n,2,301.04,1.22,D,0
39.34566,22.62038,341.5,0.39,0.36,2020-10-12,1121,N,VIIRS,n,2,303.09,9.3,D,0
39.32634,22.5224,335.26,0.39,0.36,2020-10-12,1121,N,VIIRS,n,2,299.85,2.2,D,0
39.34236,22.62124,341.27,0.39,0.36,2020-10-12,1121,N,VIIRS,n,2,303.26,9.3,D,0
39.27232,22.50899,332.94,0.39,0.36,2020-10-12,1121,N,VIIRS,n,2,299.89,2.06,D,0
37.39828,24.47709,334.13,0.55,0.51,2020-10-14,1043,N,VIIRS,n,2,300.24,4.98,D,0
39.6969,22.57515,326.52,0.61,0.53,2020-10-14,1044,N,VIIRS,n,2,295.06,2.32,D,0
40.92409,24.79353,327.83,0.44,0.46,2020-10-14,1044,N,VIIRS,n,2,294.35,2.77,D,0
39.34937,22.56598,343.4,0.53,0.67,2020-10-14,1224,N,VIIRS,n,2,295.04,10.45,D,0
39.35222,22.56355,367,0.53,0.67,2020-10-14,1224,N,VIIRS,h,2,295.46,9.39,D,0
39.17,22.84056,298.07,0.52,0.42,2020-10-15,0043,N,VIIRS,n,2,285.71,1.95,N,2
39.35262,22.98646,301.56,0.52,0.42,2020-10-15,0043,N,VIIRS,n,2,289.58,1.74,N,2
39.38724,22.64046,326.75,0.53,0.67,2020-10-15,1025,N,VIIRS,n,2,284.37,3.89,D,0
39.23421,22.71318,334.5,0.53,0.67,2020-10-15,1025,N,VIIRS,n,2,294.88,3.79,D,0
39.23585,22.71221,335,0.53,0.67,2020-10-15,1025,N,VIIRS,n,2,295.16,3.75,D,0
40.82962,26.11377,328.32,0.33,0.55,2020-10-15,1025,N,VIIRS,n,2,292.64,1.62,D,0
39.20568,22.74675,333.64,0.6,0.53,2020-10-15,1205,N,VIIRS,n,2,297.13,8.15,D,0
38.5647,23.29602,329.26,0.32,0.54,2020-10-15,1205,N,VIIRS,n,2,296.89,1.47,D,2
39.20662,22.74591,337.96,0.6,0.53,2020-10-15,1205,N,VIIRS,n,2,297.2,5.39,D,0
39.20615,22.73865,335.57,0.6,0.53,2020-10-15,1205,N,VIIRS,n,2,296.92,5.39,D,0
39.20121,22.73919,331.21,0.6,0.53,2020-10-15,1205,N,VIIRS,n,2,298.33,5.39,D,0
38.06888,23.51297,338.89,0.32,0.55,2020-10-15,1205,N,VIIRS,n,2,298.46,1.47,D,0
39.20517,22.7395,340.64,0.6,0.53,2020-10-15,1205,N,VIIRS,n,2,298.62,7.55,D,0
38.56498,23.2956,314.64,0.39,0.36,2020-10-16,0024,N,VIIRS,n,2,288.72,2.39,N,2
39.38783,22.80714,300.24,0.39,0.36,2020-10-16,0024,N,VIIRS,n,2,283.18,0.46,N,2
38.12965,23.52398,296.77,0.4,0.37,2020-10-16,0025,N,VIIRS,n,2,286.44,0.65,N,2
41.43422,26.5322,333.9,0.51,0.66,2020-10-16,1006,N,VIIRS,n,2,290.62,3.58,D,0
41.43242,26.52932,329.98,0.51,0.66,2020-10-16,1006,N,VIIRS,n,2,290.79,6.3,D,0
39.45699,22.38537,332.98,0.51,0.41,2020-10-16,1146,N,VIIRS,n,2,300.3,3.26,D,0
39.57712,22.26426,335.98,0.5,0.41,2020-10-16,1146,N,VIIRS,n,2,303.2,30.67,D,0
39.45623,22.38375,327.35,0.51,0.41,2020-10-16,1146,N,VIIRS,l,2,298.87,4.16,D,0
39.29457,22.47636,329.8,0.51,0.41,2020-10-16,1146,N,VIIRS,n,2,300.02,3.45,D,0
39.29521,22.48232,333.39,0.51,0.41,2020-10-16,1146,N,VIIRS,n,2,299.25,3.45,D,0
39.2592,22.50675,332.2,0.51,0.41,2020-10-16,1146,N,VIIRS,n,2,300.03,4.72,D,0
39.26025,22.50739,329.69,0.51,0.41,2020-10-16,1146,N,VIIRS,l,2,300,3.14,D,0
41.54302,26.5544,327.01,0.57,0.52,2020-10-16,1147,N,VIIRS,n,2,293.44,3.12,D,0
39.16869,22.84273,296.84,0.46,0.39,2020-10-17,0005,N,VIIRS,n,2,267.25,0.81,N,2
35.81218,27.2044,336.14,0.47,0.39,2020-10-17,1126,N,VIIRS,n,2,301.22,4.81,D,0
35.81646,27.20921,342.09,0.47,0.39,2020-10-17,1126,N,VIIRS,n,2,300.25,23.4,D,0
35.8128,27.2096,334.47,0.47,0.39,2020-10-17,1126,N,VIIRS,n,2,299.92,4.81,D,0
35.80911,27.20981,334.56,0.47,0.39,2020-10-17,1126,N,VIIRS,n,2,298.64,4.81,D,0
39.46038,22.30905,343.02,0.38,0.36,2020-10-17,1127,N,VIIRS,n,2,304,9.34,D,0
39.47869,22.24919,336.26,0.38,0.36,2020-10-17,1127,N,VIIRS,n,2,300.52,2.73,D,0
39.65464,22.70119,326.59,0.39,0.36,2020-10-17,1127,N,VIIRS,n,2,299.98,1.74,D,0
39.25366,22.48497,334.49,0.38,0.36,2020-10-17,1127,N,VIIRS,n,2,299.46,1.52,D,0
39.58794,22.61433,367,0.39,0.36,2020-10-17,1127,N,VIIRS,h,2,306.63,10.53,D,0
39.33699,22.18716,329.09,0.38,0.36,2020-10-17,1127,N,VIIRS,n,2,302.56,1.7,D,0
39.42586,22.45934,344.62,0.38,0.36,2020-10-17,1127,N,VIIRS,n,2,304.92,6.29,D,0
39.47075,22.53116,330.24,0.38,0.36,2020-10-17,1127,N,VIIRS,n,2,303.14,1.5,D,0
39.25239,22.59089,329.37,0.38,0.36,2020-10-17,1127,N,VIIRS,n,2,298.2,1.98,D,0
39.18384,22.54353,329.36,0.38,0.36,2020-10-17,1127,N,VIIRS,n,2,297.83,1.98,D,0
38.26639,23.30346,334.11,0.39,0.36,2020-10-17,1127,N,VIIRS,n,2,283.46,3,D,0
38.72063,22.73249,344.93,0.38,0.36,2020-10-17,1127,N,VIIRS,n,2,299.46,6.87,D,0
38.72393,22.73169,344.65,0.38,0.36,2020-10-17,1127,N,VIIRS,n,2,299.06,6.87,D,0
39.06715,22.26419,328.09,0.38,0.36,2020-10-17,1127,N,VIIRS,n,2,300.18,1.51,D,0
39.31281,22.65999,338.07,0.39,0.36,2020-10-17,1127,N,VIIRS,n,2,301.1,4.86,D,0
39.32999,22.54539,332.02,0.38,0.36,2020-10-17,1127,N,VIIRS,n,2,300.72,2.99,D,0
39.32933,22.54095,331.5,0.38,0.36,2020-10-17,1127,N,VIIRS,n,2,302.5,2.38,D,0
39.36623,22.55935,334.65,0.38,0.36,2020-10-17,1127,N,VIIRS,n,2,301.86,3.92,D,0
39.37908,22.48934,339.74,0.38,0.36,2020-10-17,1127,N,VIIRS,n,2,310.8,12.45,D,0
39.38237,22.48853,337.9,0.38,0.36,2020-10-17,1127,N,VIIRS,n,2,310.05,24.62,D,0
41.0739,24.13907,327.85,0.41,0.37,2020-10-17,1128,N,VIIRS,n,2,298.47,21.89,D,0
40.38105,22.38689,335.5,0.39,0.36,2020-10-17,1128,N,VIIRS,n,2,298.77,3.68,D,0
40.71999,23.31781,367,0.4,0.37,2020-10-17,1128,N,VIIRS,h,2,339.56,55.29,D,0
40.72063,23.32249,331.93,0.4,0.37,2020-10-17,1128,N,VIIRS,n,2,299.18,55.29,D,0
40.72333,23.31699,349.04,0.4,0.37,2020-10-17,1128,N,VIIRS,n,2,298.8,55.29,D,0
40.98735,23.56573,329.23,0.4,0.37,2020-10-17,1128,N,VIIRS,n,2,299.49,1.73,D,0
41.07112,24.14476,351.82,0.41,0.37,2020-10-17,1128,N,VIIRS,n,2,304.74,13.07,D,0
41.07454,24.144,347.08,0.41,0.37,2020-10-17,1128,N,VIIRS,n,2,311.15,21.89,D,0
40.63736,22.8262,335.3,0.39,0.36,2020-10-17,1128,N,VIIRS,n,2,296.58,3.68,D,0
38.12995,23.52546,298.52,0.47,0.47,2020-10-17,2347,N,VIIRS,n,2,288.38,0.53,N,2
35.23875,24.54713,302.83,0.38,0.43,2020-10-17,2348,N,VIIRS,n,2,287.36,0.5,N,0
35.23468,24.54706,304.8,0.38,0.43,2020-10-17,2348,N,VIIRS,n,2,286.74,0.74,N,0
39.35392,22.98527,301.26,0.61,0.71,2020-10-18,0127,N,VIIRS,n,2,286.56,1.8,N,2
39.35294,22.98235,298.66,0.61,0.71,2020-10-18,0127,N,VIIRS,n,2,286.95,1.83,N,2
39.2415,22.75044,331.94,0.46,0.39,2020-10-18,1108,N,VIIRS,n,2,302.08,3.14,D,0
37.84269,21.32298,326.33,0.56,0.43,2020-10-18,1108,N,VIIRS,l,2,296.83,3.49,D,0
40.80606,23.04593,328.81,0.43,0.38,2020-10-18,1109,N,VIIRS,n,2,297.26,1.58,D,0
39.43622,22.71898,326.2,0.46,0.39,2020-10-18,1109,N,VIIRS,l,2,299,1.47,D,0
39.41742,22.34657,331.94,0.48,0.4,2020-10-18,1109,N,VIIRS,n,2,302.52,1.49,D,0
39.45361,22.51379,331.35,0.47,0.4,2020-10-18,1109,N,VIIRS,l,2,301.42,3.32,D,0
39.44608,22.43527,333.21,0.47,0.4,2020-10-18,1109,N,VIIRS,n,2,302.88,3.12,D,0
39.43609,22.36381,327.22,0.48,0.4,2020-10-18,1109,N,VIIRS,n,2,301.9,1.17,D,0
39.42474,22.28551,331.01,0.48,0.4,2020-10-18,1109,N,VIIRS,l,2,304.37,2.83,D,0
39.49797,22.60676,333.1,0.47,0.39,2020-10-18,1109,N,VIIRS,n,2,303.22,2.03,D,0
39.27334,22.54061,333.34,0.47,0.4,2020-10-18,1109,N,VIIRS,n,2,300.6,5.2,D,0
39.41389,22.72056,333.35,0.46,0.39,2020-10-18,1109,N,VIIRS,n,2,301.18,2.68,D,0
39.51079,22.49473,331.41,0.47,0.4,2020-10-18,1109,N,VIIRS,l,2,303,3.41,D,0
39.36753,22.4575,330.71,0.47,0.4,2020-10-18,1109,N,VIIRS,n,2,300.47,2.27,D,0
39.29282,22.68251,330.05,0.47,0.39,2020-10-18,1109,N,VIIRS,n,2,299.47,3.75,D,0
39.37634,22.48358,338.71,0.47,0.4,2020-10-18,1109,N,VIIRS,n,2,304.01,6.69,D,0
39.51383,22.43065,340,0.47,0.4,2020-10-18,1109,N,VIIRS,n,2,304.78,4.17,D,0
39.51398,22.43417,336,0.47,0.4,2020-10-18,1109,N,VIIRS,n,2,302.86,8.32,D,0
40.01664,21.65858,331.51,0.5,0.41,2020-10-18,1109,N,VIIRS,n,2,292.36,4.03,D,0
40.01723,21.65638,330.69,0.5,0.41,2020-10-18,1109,N,VIIRS,n,2,292.24,2.86,D,0
40.23022,22.56997,329.68,0.46,0.39,2020-10-18,1109,N,VIIRS,n,2,288.87,3.71,D,0
40.14774,21.52389,339.96,0.5,0.41,2020-10-18,1109,N,VIIRS,n,2,285.9,5.52,D,0
39.24106,22.74799,333.37,0.46,0.39,2020-10-18,1109,N,VIIRS,n,2,302.76,2.79,D,0
39.32025,22.2919,326.64,0.48,0.4,2020-10-18,1109,N,VIIRS,n,2,300.26,2.12,D,0
39.35613,22.98629,303.19,0.36,0.57,2020-10-19,0108,N,VIIRS,n,2,286.51,1.26,N,0
37.91806,23.07347,301.1,0.39,0.59,2020-10-19,0108,N,VIIRS,n,2,288.86,1.08,N,2
40.49829,22.61225,343.21,0.48,0.48,2020-10-19,1050,N,VIIRS,n,2,293.1,20.3,D,0
41.0568,25.40685,328.16,0.53,0.42,2020-10-19,1050,N,VIIRS,n,2,296.11,2.5,D,0
40.49463,22.62842,352.02,0.48,0.48,2020-10-19,1050,N,VIIRS,n,2,294.61,19.52,D,0
40.49335,22.62286,353.89,0.48,0.48,2020-10-19,1050,N,VIIRS,n,2,296.83,24.32,D,0
40.49207,22.61729,352.01,0.48,0.48,2020-10-19,1050,N,VIIRS,n,2,299.27,24.32,D,0
40.49078,22.61173,334.76,0.48,0.48,2020-10-19,1050,N,VIIRS,n,2,292.52,5.95,D,0
40.49638,22.61557,353.71,0.48,0.48,2020-10-19,1050,N,VIIRS,n,2,292.99,12.55,D,0
40.49509,22.61001,353,0.48,0.48,2020-10-19,1050,N,VIIRS,n,2,298.02,12.52,D,0
40.50068,22.61386,338.86,0.48,0.48,2020-10-19,1050,N,VIIRS,n,2,291.3,12.55,D,0
40.4994,22.60829,339.16,0.48,0.48,2020-10-19,1050,N,VIIRS,n,2,292.52,12.52,D,0
40.50499,22.61213,339.19,0.48,0.48,2020-10-19,1050,N,VIIRS,n,2,291.78,5.19,D,0
40.49661,22.62506,345.96,0.48,0.48,2020-10-19,1050,N,VIIRS,n,2,292.71,11.44,D,0
40.4953,22.61951,351.94,0.48,0.48,2020-10-19,1050,N,VIIRS,n,2,292.92,11.44,D,0
40.49398,22.61396,353.76,0.48,0.48,2020-10-19,1050,N,VIIRS,n,2,302.22,20.3,D,0
40.49267,22.60841,337.26,0.48,0.48,2020-10-19,1050,N,VIIRS,n,2,294.29,20.3,D,0
40.5026,22.61054,346.97,0.48,0.48,2020-10-19,1050,N,VIIRS,n,2,293.39,11.07,D,0
41.56866,26.37057,329.34,0.47,0.4,2020-10-19,1050,N,VIIRS,n,2,293.99,3.08,D,0
40.96019,22.04533,326.57,0.5,0.49,2020-10-19,1050,N,VIIRS,n,2,292.8,2.43,D,0
38.60255,21.30273,326.32,0.55,0.68,2020-10-19,1230,N,VIIRS,n,2,292.52,3.45,D,0
38.60236,21.29621,330.1,0.55,0.68,2020-10-19,1230,N,VIIRS,n,2,293.32,3.45,D,0
41.25792,26.35069,295.47,0.56,0.69,2020-10-19,2308,N,VIIRS,n,2,277.9,0.84,N,0
37.1215,26.87501,296.73,0.37,0.58,2020-10-20,0050,N,VIIRS,n,2,282.84,0.44,N,0
37.94886,21.3666,339.51,0.56,0.69,2020-10-20,1031,N,VIIRS,n,2,289.17,4.62,D,0
40.89586,22.69191,327.94,0.4,0.6,2020-10-20,1031,N,VIIRS,n,2,293.53,7.68,D,0
40.89455,22.68724,367,0.4,0.6,2020-10-20,1031,N,VIIRS,h,2,296.29,8.94,D,0
40.42024,22.47879,338.17,0.42,0.61,2020-10-20,1031,N,VIIRS,n,2,288.55,3.99,D,0
40.8672,21.56031,334.04,0.46,0.63,2020-10-20,1032,N,VIIRS,n,2,290.15,3.08,D,0
40.55319,21.61967,326.42,0.33,0.55,2020-10-20,1212,N,VIIRS,n,2,290.79,1.71,D,0
40.582,22.3356,338.09,0.36,0.57,2020-10-20,1212,N,VIIRS,n,2,291.82,3.47,D,0
41.02201,23.55277,333.12,0.42,0.61,2020-10-20,1212,N,VIIRS,n,2,293.7,1.85,D,0
41.02076,23.55151,328.78,0.42,0.61,2020-10-20,1212,N,VIIRS,n,2,293.49,1.61,D,0
40.93876,22.70858,326.13,0.67,0.73,2020-10-21,1013,N,VIIRS,n,2,292.46,2.16,D,0
39.34254,22.40995,332.34,0.4,0.44,2020-10-21,1152,N,VIIRS,n,2,289.71,2.29,D,0
37.91014,21.35494,332.58,0.51,0.41,2020-10-21,1152,N,VIIRS,n,2,296.1,2.6,D,0
40.94354,22.70928,334.37,0.43,0.46,2020-10-21,1153,N,VIIRS,n,2,294.47,2.46,D,0
40.72826,22.15839,325.06,0.4,0.44,2020-10-21,1153,N,VIIRS,n,2,290.57,2.14,D,0
40.43752,22.55901,344.19,0.42,0.45,2020-10-21,1153,N,VIIRS,n,2,297.88,4.15,D,0
40.14572,21.55848,330.36,0.56,0.43,2020-10-21,1153,N,VIIRS,n,2,290.51,3.97,D,0
40.18515,21.3584,325.04,0.54,0.42,2020-10-21,1153,N,VIIRS,n,2,287.94,2.41,D,0
40.16728,21.4551,327.34,0.55,0.43,2020-10-21,1153,N,VIIRS,n,2,292,0.49,D,0
40.94035,22.70772,341.98,0.43,0.46,2020-10-21,1153,N,VIIRS,n,2,297.11,8.12,D,0
40.93613,22.70848,340.8,0.43,0.46,2020-10-21,1153,N,VIIRS,n,2,299.87,10.18,D,0
40.93052,22.69396,347.63,0.43,0.46,2020-10-21,1153,N,VIIRS,n,2,296.07,5.94,D,0
40.70362,22.81475,296.24,0.43,0.38,2020-10-22,0011,N,VIIRS,n,2,282.71,1.04,N,2
36.41793,28.23336,324.18,0.45,0.39,2020-10-22,0012,N,VIIRS,n,2,288.61,2.5,N,3
36.41973,28.23018,316.6,0.45,0.39,2020-10-22,0012,N,VIIRS,n,2,287.14,2.85,N,3
38.12872,23.52612,298.37,0.4,0.37,2020-10-22,0012,N,VIIRS,n,2,285.66,0.36,N,2
39.35477,22.98515,304.3,0.41,0.37,2020-10-22,0012,N,VIIRS,n,2,286.47,1.29,N,2
37.04287,22.04115,345.2,0.39,0.36,2020-10-22,1133,N,VIIRS,n,2,296.9,5.18,D,0
41.17045,23.95977,346.31,0.46,0.39,2020-10-22,1134,N,VIIRS,n,2,300.03,6.5,D,0
41.49628,26.28988,328.27,0.57,0.43,2020-10-22,1134,N,VIIRS,n,2,296.87,2.72,D,0
41.59557,26.25833,326.93,0.57,0.43,2020-10-22,1134,N,VIIRS,n,2,295.76,2.87,D,0
40.78831,21.53179,336.44,0.39,0.36,2020-10-22,1134,N,VIIRS,n,2,298.25,3.19,D,0
40.9123,22.65994,339.29,0.42,0.37,2020-10-22,1134,N,VIIRS,n,2,301.86,4.43,D,0
40.42023,22.36227,334.57,0.41,0.37,2020-10-22,1134,N,VIIRS,n,2,297.87,2.87,D,0
40.39946,22.41611,335.08,0.41,0.37,2020-10-22,1134,N,VIIRS,n,2,300.83,4.42,D,0
40.18587,21.37723,325.19,0.39,0.36,2020-10-22,1134,N,VIIRS,n,2,295.03,1.67,D,0
40.14945,21.55637,332.24,0.39,0.36,2020-10-22,1134,N,VIIRS,n,2,298.07,3.08,D,0
40.12944,21.66837,329.55,0.39,0.36,2020-10-22,1134,N,VIIRS,l,2,301.52,4.06,D,0
40.3396,23.23571,329.07,0.43,0.38,2020-10-22,1134,N,VIIRS,n,2,298.86,1.88,D,0
40.37683,23.88649,342.77,0.45,0.39,2020-10-22,1134,N,VIIRS,n,2,296.77,3.55,D,0
40.35179,23.70925,332.52,0.44,0.38,2020-10-22,1134,N,VIIRS,n,2,298.13,2.67,D,0
40.06627,21.65981,331.51,0.39,0.36,2020-10-22,1134,N,VIIRS,n,2,299.16,2.1,D,0
39.77839,22.07468,340.39,0.4,0.37,2020-10-22,1134,N,VIIRS,n,2,301,10.75,D,0
39.77824,22.07806,331.26,0.4,0.37,2020-10-22,1134,N,VIIRS,n,2,296.07,2.11,D,0
39.72772,22.55006,326,0.4,0.37,2020-10-22,1134,N,VIIRS,l,2,299.09,2.66,D,0
39.56758,22.6808,328.8,0.41,0.37,2020-10-22,1134,N,VIIRS,l,2,302.92,2.87,D,0
39.49846,22.29591,333.59,0.4,0.37,2020-10-22,1134,N,VIIRS,n,2,299.32,2.26,D,0
39.50995,22.43221,334.99,0.4,0.37,2020-10-22,1134,N,VIIRS,n,2,300.4,2.56,D,0
39.4977,22.44753,331.75,0.4,0.37,2020-10-22,1134,N,VIIRS,n,2,301.26,0.64,D,0
39.49961,22.46155,345.86,0.4,0.37,2020-10-22,1134,N,VIIRS,n,2,301.7,4.96,D,0
39.23778,20.805,329.22,0.38,0.36,2020-10-22,1134,N,VIIRS,n,2,295.59,2.03,D,0
39.45587,22.52396,333.92,0.4,0.37,2020-10-22,1134,N,VIIRS,n,2,300.32,3.36,D,0
39.38073,22.82045,332.87,0.41,0.37,2020-10-22,1134,N,VIIRS,n,2,297.33,1.61,D,0
39.34188,22.58157,337.18,0.4,0.37,2020-10-22,1134,N,VIIRS,n,2,302.11,4.46,D,0
39.33851,22.58238,325.49,0.4,0.37,2020-10-22,1134,N,VIIRS,l,2,299.85,0.87,D,0
39.29837,22.77803,327.97,0.41,0.37,2020-10-22,1134,N,VIIRS,n,2,298.86,2.41,D,0
39.96495,21.39533,325.37,0.39,0.36,2020-10-22,1134,N,VIIRS,n,2,294.86,1.78,D,0
39.96559,21.39985,327.13,0.39,0.36,2020-10-22,1134,N,VIIRS,n,2,295.44,1.78,D,0
39.78654,22.05841,345.43,0.4,0.37,2020-10-22,1134,N,VIIRS,n,2,299.39,10.04,D,0
40.8989,21.49808,330.95,0.39,0.36,2020-10-22,1134,N,VIIRS,n,2,296.73,1.44,D,0
40.84787,21.46455,339.74,0.39,0.36,2020-10-22,1134,N,VIIRS,n,2,299.6,3.23,D,0
41.16685,23.9605,347,0.46,0.39,2020-10-22,1134,N,VIIRS,n,2,303.04,6.5,D,0
38.56815,23.29478,338.42,0.4,0.44,2020-10-22,2353,N,VIIRS,n,2,288.76,5.26,N,3
39.16595,22.84427,295.54,0.43,0.46,2020-10-22,2353,N,VIIRS,n,2,281.83,0.74,N,2
39.17067,22.83991,297.03,0.43,0.46,2020-10-22,2353,N,VIIRS,n,2,284.62,1.75,N,2
38.56401,23.29442,301.45,0.4,0.44,2020-10-22,2353,N,VIIRS,n,2,287.27,1.21,N,2
39.35154,22.98574,297.31,0.72,0.76,2020-10-23,0133,N,VIIRS,n,2,286.45,2.34,N,2
38.10271,23.25112,343.66,0.41,0.37,2020-10-23,1114,N,VIIRS,n,2,298.54,5.17,D,0
38.36984,23.47286,326.92,0.41,0.37,2020-10-23,1114,N,VIIRS,n,2,297.99,1.65,D,0
37.71256,24.92105,335.15,0.39,0.36,2020-10-23,1114,N,VIIRS,n,2,305.36,3.91,D,0
37.60809,21.57718,325.11,0.47,0.4,2020-10-23,1114,N,VIIRS,l,2,297.37,2.6,D,0
38.10191,23.24644,337.87,0.41,0.37,2020-10-23,1114,N,VIIRS,n,2,298.26,2.84,D,0
40.91504,26.29402,330.24,0.39,0.36,2020-10-23,1115,N,VIIRS,n,2,295.06,3.77,D,0
40.31415,22.4482,329.14,0.41,0.37,2020-10-23,1115,N,VIIRS,n,2,301.14,2.17,D,0
40.47836,23.36746,339.31,0.39,0.37,2020-10-23,1115,N,VIIRS,n,2,301.77,2.59,D,0
40.96085,22.04616,326.46,0.42,0.37,2020-10-23,1115,N,VIIRS,l,2,298.15,1.67,D,0
40.65098,22.19074,339.83,0.42,0.37,2020-10-23,1115,N,VIIRS,n,2,300.72,3.16,D,0
40.66,22.19004,351.91,0.42,0.37,2020-10-23,1115,N,VIIRS,n,2,301.95,2.64,D,0
40.76978,22.77635,337.32,0.4,0.37,2020-10-23,1115,N,VIIRS,n,2,305.91,1.23,D,0
40.84683,23.06429,340.72,0.4,0.37,2020-10-23,1115,N,VIIRS,n,2,298.6,1.99,D,0
40.7991,22.76287,337.14,0.4,0.37,2020-10-23,1115,N,VIIRS,n,2,303.35,2.32,D,0
40.71418,22.11222,335.49,0.42,0.37,2020-10-23,1115,N,VIIRS,n,2,299.79,1.47,D,0
40.85294,22.68673,336.03,0.4,0.37,2020-10-23,1115,N,VIIRS,n,2,301.85,1.7,D,0
41.49061,26.36873,334.95,0.4,0.37,2020-10-23,1115,N,VIIRS,n,2,300.59,2.5,D,0
41.52118,26.28448,331.93,0.4,0.37,2020-10-23,1115,N,VIIRS,n,2,300.69,3.49,D,0
40.57965,22.17175,335.57,0.42,0.37,2020-10-23,1115,N,VIIRS,n,2,300.98,2.21,D,0
40.16022,21.49177,328.94,0.44,0.38,2020-10-23,1115,N,VIIRS,n,2,299.69,1.89,D,0
40.36164,22.39399,335.16,0.41,0.37,2020-10-23,1115,N,VIIRS,n,2,302.36,3.09,D,0
40.2131,21.52097,332.01,0.44,0.38,2020-10-23,1115,N,VIIRS,n,2,295.89,3.03,D,0
41.04597,26.33192,332.51,0.4,0.37,2020-10-23,1115,N,VIIRS,n,2,294.89,2.32,D,0
41.08278,26.32304,332.26,0.4,0.37,2020-10-23,1115,N,VIIRS,n,2,298.08,3.53,D,0
40.91293,24.85892,335.34,0.38,0.36,2020-10-23,1115,N,VIIRS,n,2,301.25,4.12,D,0
39.11192,26.06319,339.48,0.39,0.36,2020-10-23,1115,N,VIIRS,n,2,303.29,8.66,D,0
39.10797,26.05956,336.51,0.39,0.36,2020-10-23,1115,N,VIIRS,n,2,303.04,4.9,D,0
39.10862,26.064,367,0.39,0.36,2020-10-23,1115,N,VIIRS,h,2,308.45,14.18,D,0
38.45966,23.13812,331.94,0.41,0.37,2020-10-23,1115,N,VIIRS,n,2,296.6,1.3,D,0
40.79958,21.54885,341.72,0.43,0.38,2020-10-23,1115,N,VIIRS,n,2,299.95,3.54,D,0
40.63237,22.26782,331.16,0.41,0.37,2020-10-23,1115,N,VIIRS,n,2,301.43,3.03,D,0
40.37357,23.05648,335.22,0.4,0.37,2020-10-23,1115,N,VIIRS,n,2,303.51,2.81,D,0
40.94621,24.71813,332.33,0.38,0.36,2020-10-23,1115,N,VIIRS,n,2,300.46,2.25,D,0
40.91622,24.85805,326.7,0.38,0.36,2020-10-23,1115,N,VIIRS,n,2,299.29,4.12,D,0
41.1977,23.32794,346.13,0.39,0.36,2020-10-23,1115,N,VIIRS,n,2,300.75,4.79,D,0
39.18082,25.92687,332.85,0.39,0.36,2020-10-23,1115,N,VIIRS,n,2,301.35,1.49,D,0
38.58211,22.77502,338.23,0.42,0.38,2020-10-23,1115,N,VIIRS,n,2,300.77,9.61,D,0
40.68094,22.89443,349.23,0.4,0.37,2020-10-23,1115,N,VIIRS,n,2,302.15,5.42,D,0
40.90901,26.30031,330.78,0.39,0.37,2020-10-23,1115,N,VIIRS,n,2,295.3,1.77,D,0
40.91235,26.2995,347.38,0.39,0.37,2020-10-23,1115,N,VIIRS,n,2,296.31,3.77,D,0
40.06437,21.60553,327.98,0.44,0.38,2020-10-23,1115,N,VIIRS,n,2,299.39,2.6,D,0
40.75426,22.78897,344.57,0.4,0.37,2020-10-23,1115,N,VIIRS,n,2,305.98,2.27,D,0
40.65777,22.2703,345.98,0.41,0.37,2020-10-23,1115,N,VIIRS,n,2,299.97,4.97,D,0
40.69458,22.48195,325.95,0.41,0.37,2020-10-23,1115,N,VIIRS,l,2,300.36,1.18,D,0
40.62222,22.29127,330.61,0.41,0.37,2020-10-23,1115,N,VIIRS,n,2,299.71,2.23,D,0
39.40243,22.67847,332.5,0.42,0.37,2020-10-23,1115,N,VIIRS,n,2,299.11,2.99,D,0
39.34811,22.41111,337,0.42,0.38,2020-10-23,1115,N,VIIRS,n,2,300.81,1.8,D,0
39.39878,22.73908,333.78,0.41,0.37,2020-10-23,1115,N,VIIRS,n,2,300.72,4.49,D,0
39.31703,22.77601,346.32,0.41,0.37,2020-10-23,1115,N,VIIRS,n,2,302.01,4.77,D,0
39.40223,22.28433,332.3,0.43,0.38,2020-10-23,1115,N,VIIRS,n,2,300.65,14.27,D,0
39.45189,22.23866,336.51,0.43,0.38,2020-10-23,1115,N,VIIRS,n,2,301.25,3.11,D,0
39.26582,20.58203,346.36,0.49,0.4,2020-10-23,1115,N,VIIRS,n,2,302.23,9.63,D,0
40.95653,24.8757,334.17,0.38,0.36,2020-10-23,1115,N,VIIRS,n,2,303.61,2.74,D,0
40.94691,24.72266,331.67,0.38,0.36,2020-10-23,1115,N,VIIRS,n,2,298.46,3.37,D,0
39.26785,20.58588,329.9,0.49,0.4,2020-10-23,1115,N,VIIRS,n,2,300.29,6.76,D,0
39.26675,20.58033,332.51,0.49,0.4,2020-10-23,1115,N,VIIRS,n,2,301.56,7.66,D,0
40.38998,23.9051,338.63,0.39,0.36,2020-10-23,1115,N,VIIRS,n,2,297.8,4.06,D,0
40.41627,23.67143,341.49,0.39,0.36,2020-10-23,1115,N,VIIRS,n,2,298.35,2.77,D,0
40.23024,22.53144,336.07,0.41,0.37,2020-10-23,1115,N,VIIRS,n,2,297.16,1.37,D,0
40.80242,23.40959,297.87,0.37,0.58,2020-10-23,2333,N,VIIRS,n,2,281.92,0.55,N,0
38.13103,23.52401,297.43,0.35,0.56,2020-10-23,2334,N,VIIRS,n,2,286.82,0.55,N,2
38.56474,23.29218,298.99,0.36,0.57,2020-10-23,2334,N,VIIRS,n,2,288.51,1.06,N,2
40.2854,23.44492,299.84,0.42,0.61,2020-10-24,0114,N,VIIRS,n,2,285.83,0.57,N,2
39.35592,22.98519,307.24,0.43,0.62,2020-10-24,0114,N,VIIRS,n,2,288.35,0.8,N,2
41.02606,26.36785,346.09,0.43,0.38,2020-10-24,1056,N,VIIRS,n,2,298.29,7.52,D,0
37.6077,21.74348,349.04,0.52,0.5,2020-10-24,1056,N,VIIRS,n,2,299.37,5.91,D,0
37.6121,21.74158,329.08,0.52,0.5,2020-10-24,1056,N,VIIRS,n,2,297.34,3.51,D,0
37.70824,21.53468,326.72,0.53,0.5,2020-10-24,1056,N,VIIRS,n,2,299.71,2.35,D,0
37.84461,21.35746,330.26,0.54,0.51,2020-10-24,1056,N,VIIRS,n,2,296.8,3.1,D,0
38.42604,23.07647,326.97,0.43,0.46,2020-10-24,1056,N,VIIRS,l,2,298.01,3.58,D,0
38.52205,23.17271,329.6,0.42,0.45,2020-10-24,1056,N,VIIRS,n,2,302.05,2.54,D,0
39.07927,22.18998,338.67,0.46,0.47,2020-10-24,1056,N,VIIRS,n,2,300.3,4.16,D,0
39.31516,22.73398,340.68,0.42,0.46,2020-10-24,1056,N,VIIRS,n,2,300.15,7.46,D,0
39.31923,22.7324,340.87,0.42,0.46,2020-10-24,1056,N,VIIRS,n,2,304.71,7.46,D,0
39.31818,22.72765,340.02,0.42,0.46,2020-10-24,1056,N,VIIRS,n,2,302.67,7.46,D,0
39.31773,22.54333,346.76,0.43,0.46,2020-10-24,1056,N,VIIRS,n,2,302.96,5.74,D,0
39.318,22.54564,340.32,0.43,0.46,2020-10-24,1056,N,VIIRS,n,2,302.08,8.09,D,0
39.35497,22.37057,351.26,0.44,0.46,2020-10-24,1056,N,VIIRS,n,2,305.36,8.07,D,0
39.39658,22.51833,329.94,0.43,0.46,2020-10-24,1056,N,VIIRS,l,2,302.75,1.57,D,0
39.43964,22.65423,329.53,0.43,0.46,2020-10-24,1056,N,VIIRS,n,2,302.63,2.81,D,0
39.53582,22.56884,341.61,0.43,0.46,2020-10-24,1056,N,VIIRS,n,2,306.83,5.53,D,0
39.73043,22.52827,341.84,0.43,0.46,2020-10-24,1056,N,VIIRS,n,2,305.46,7.05,D,0
40.36817,23.99524,342.02,0.53,0.42,2020-10-24,1056,N,VIIRS,n,2,300.23,7.11,D,0
40.01641,22.21733,340.57,0.43,0.46,2020-10-24,1056,N,VIIRS,n,2,300.54,3.67,D,0
40.01497,22.21472,339.98,0.43,0.46,2020-10-24,1056,N,VIIRS,n,2,301.27,3.68,D,0
40.97667,26.33578,330.7,0.43,0.38,2020-10-24,1056,N,VIIRS,n,2,297.2,2.47,D,0
41.02696,26.37285,331.56,0.43,0.38,2020-10-24,1056,N,VIIRS,n,2,297.41,7.52,D,0
41.03544,26.35959,339.17,0.43,0.38,2020-10-24,1056,N,VIIRS,n,2,297.72,3,D,0
41.05585,26.33193,332.27,0.43,0.38,2020-10-24,1056,N,VIIRS,n,2,299.26,4.97,D,0
41.07652,26.32235,330.09,0.43,0.38,2020-10-24,1056,N,VIIRS,n,2,296.84,2.37,D,0
41.11609,26.32045,343.22,0.43,0.38,2020-10-24,1056,N,VIIRS,n,2,297.45,5.6,D,0
40.33778,22.42712,326.72,0.42,0.45,2020-10-24,1056,N,VIIRS,n,2,298.73,2.64,D,0
40.15345,21.54667,331.31,0.46,0.47,2020-10-24,1056,N,VIIRS,n,2,289.55,3.88,D,0
40.12597,21.3662,339.55,0.47,0.48,2020-10-24,1056,N,VIIRS,n,2,292.82,4.15,D,0
40.13028,21.36465,329.74,0.47,0.48,2020-10-24,1056,N,VIIRS,n,2,289.39,4.15,D,0
40.39187,22.45432,325.46,0.42,0.45,2020-10-24,1056,N,VIIRS,n,2,293.57,2.73,D,0
40.47149,22.50916,337.96,0.41,0.45,2020-10-24,1056,N,VIIRS,n,2,295.13,2.74,D,0
41.46706,26.46058,339.93,0.42,0.38,2020-10-24,1056,N,VIIRS,n,2,300.94,2.02,D,0
41.56886,26.49843,332.29,0.42,0.38,2020-10-24,1056,N,VIIRS,l,2,305.06,6.28,D,0
41.57272,26.4397,336.05,0.42,0.38,2020-10-24,1056,N,VIIRS,n,2,303.4,3.74,D,0
41.52954,26.20025,338.24,0.43,0.38,2020-10-24,1056,N,VIIRS,n,2,303.85,8.94,D,0
41.57612,26.43865,336.71,0.42,0.38,2020-10-24,1056,N,VIIRS,n,2,301.19,3.74,D,0
41.53747,26.22402,334.9,0.43,0.38,2020-10-24,1056,N,VIIRS,n,2,302.21,3.44,D,0
41.5409,26.22292,329.92,0.43,0.38,2020-10-24,1056,N,VIIRS,n,2,300.93,2.72,D,0
41.61549,26.33658,335.35,0.42,0.38,2020-10-24,1056,N,VIIRS,n,2,303.28,2.33,D,0
40.91348,22.67896,339.7,0.4,0.44,2020-10-24,1056,N,VIIRS,n,2,298.6,4.6,D,0
36.41555,28.23122,302.12,0.34,0.56,2020-10-24,2316,N,VIIRS,n,2,290.64,0.75,N,0
39.35545,22.98506,302.85,0.49,0.49,2020-10-25,0055,N,VIIRS,n,2,287.11,1.59,N,2
35.30091,24.64683,367,0.37,0.58,2020-10-25,1036,N,VIIRS,h,2,300.31,6.62,D,0
35.29978,24.64236,344.05,0.37,0.58,2020-10-25,1036,N,VIIRS,n,2,298.49,7.91,D,0
35.306,24.6445,333.03,0.37,0.58,2020-10-25,1036,N,VIIRS,n,2,295.87,6.62,D,0
38.36576,23.27592,346.34,0.36,0.58,2020-10-25,1037,N,VIIRS,n,2,298.35,3.43,D,0
38.37089,23.27376,333.34,0.36,0.58,2020-10-25,1037,N,VIIRS,n,2,297.03,3.43,D,0
39.31872,22.37455,356.59,0.38,0.59,2020-10-25,1037,N,VIIRS,n,2,290.56,5.97,D,0
39.31658,22.3748,351.93,0.38,0.59,2020-10-25,1037,N,VIIRS,n,2,291.99,5.11,D,0
38.24873,22.96621,332.14,0.38,0.59,2020-10-25,1037,N,VIIRS,n,2,295.94,10.47,D,0
38.24757,22.9619,325.57,0.38,0.59,2020-10-25,1037,N,VIIRS,n,2,296.49,8.27,D,0
38.25403,22.96432,367,0.38,0.59,2020-10-25,1037,N,VIIRS,h,2,296.62,10.47,D,0
38.25287,22.96,367,0.38,0.59,2020-10-25,1037,N,VIIRS,h,2,296.47,8.27,D,0
38.34316,21.17953,325.36,0.36,0.57,2020-10-25,1217,N,VIIRS,n,2,292.61,2.6,D,0
35.30361,24.64658,333.28,0.53,0.67,2020-10-25,1217,N,VIIRS,n,2,297.72,3.91,D,0
35.30076,24.65064,329.23,0.53,0.67,2020-10-25,1217,N,VIIRS,n,2,295.31,5.06,D,0
38.34292,21.17535,336.37,0.36,0.57,2020-10-25,1217,N,VIIRS,n,2,293.25,2.6,D,0
39.30194,22.70504,367,0.44,0.63,2020-10-25,1218,N,VIIRS,h,2,293.66,7.57,D,0
39.30944,22.74248,347.93,0.45,0.63,2020-10-25,1218,N,VIIRS,n,2,292.13,10.83,D,0
39.31509,22.73707,351.52,0.45,0.63,2020-10-25,1218,N,VIIRS,n,2,292.53,7.92,D,0
39.30783,22.74446,330.02,0.45,0.63,2020-10-25,1218,N,VIIRS,n,2,290.68,6.67,D,0
39.30762,22.73885,342.96,0.45,0.63,2020-10-25,1218,N,VIIRS,n,2,291.49,6.56,D,0
39.30641,22.70685,353.65,0.44,0.63,2020-10-25,1218,N,VIIRS,n,2,291.7,7,D,0
39.30621,22.70139,340.52,0.44,0.63,2020-10-25,1218,N,VIIRS,n,2,291.78,7,D,0
39.31981,22.7498,367,0.45,0.63,2020-10-25,1218,N,VIIRS,h,2,292.18,7.1,D,0
39.31961,22.74439,327.92,0.45,0.63,2020-10-25,1218,N,VIIRS,n,2,290.81,7.1,D,0
39.3194,22.73899,334.15,0.45,0.63,2020-10-25,1218,N,VIIRS,n,2,290.97,5.37,D,0
39.34306,22.74161,335.45,0.45,0.63,2020-10-25,1218,N,VIIRS,n,2,290.6,9.39,D,0
39.34284,22.73609,347.9,0.45,0.63,2020-10-25,1218,N,VIIRS,n,2,291.76,7.82,D,0
39.50048,22.73376,367,0.45,0.63,2020-10-25,1218,N,VIIRS,h,2,293.71,8.32,D,0
39.50026,22.72838,341.47,0.45,0.63,2020-10-25,1218,N,VIIRS,n,2,291.75,8.32,D,0
39.49827,22.7327,329.95,0.45,0.63,2020-10-25,1218,N,VIIRS,n,2,291.42,2.39,D,0
39.50415,22.73237,367,0.45,0.63,2020-10-25,1218,N,VIIRS,h,2,293.21,15.59,D,0
39.48568,22.25059,335.96,0.42,0.61,2020-10-25,1218,N,VIIRS,n,2,293.62,2.52,D,0
39.55458,22.24778,347.96,0.42,0.61,2020-10-25,1218,N,VIIRS,n,2,294.2,5.62,D,0
39.57202,22.25189,338.28,0.42,0.61,2020-10-25,1218,N,VIIRS,n,2,296,3.06,D,0
39.6259,22.28073,367,0.42,0.61,2020-10-25,1218,N,VIIRS,h,2,295.05,6.13,D,0
40.16802,21.60034,327.95,0.39,0.6,2020-10-25,1218,N,VIIRS,n,2,291.82,1.82,D,0
39.35542,22.98396,308.23,0.45,0.39,2020-10-26,0037,N,VIIRS,n,2,286.48,1.31,N,2
39.38551,22.80785,303.57,0.45,0.39,2020-10-26,0037,N,VIIRS,n,2,282.78,0.8,N,2
38.56649,23.29485,329.56,0.48,0.4,2020-10-26,0037,N,VIIRS,n,2,290.86,15.39,N,2
38.1274,23.52675,299.85,0.5,0.41,2020-10-26,0037,N,VIIRS,n,2,286.35,0.44,N,2
41.02946,26.37153,327.31,0.37,0.58,2020-10-26,1019,N,VIIRS,n,2,290.61,1.27,D,0
40.3776,23.90413,325.8,0.51,0.66,2020-10-26,1019,N,VIIRS,n,2,292.67,3.9,D,0
39.56516,22.6644,327.99,0.62,0.72,2020-10-26,1019,N,VIIRS,n,2,295.76,2.76,D,0
40.39184,21.91194,326.76,0.64,0.72,2020-10-26,1019,N,VIIRS,n,2,293.23,9.67,D,0
40.37632,23.90154,326.57,0.51,0.66,2020-10-26,1019,N,VIIRS,n,2,293.34,2.47,D,0
39.56475,22.66736,326.18,0.5,0.49,2020-10-26,1159,N,VIIRS,n,2,300.61,1.2,D,0
39.30444,22.74602,341,0.5,0.49,2020-10-26,1159,N,VIIRS,n,2,298.34,4.57,D,0
39.30899,22.74556,331.63,0.5,0.49,2020-10-26,1159,N,VIIRS,n,2,299.78,4.57,D,0
39.68115,22.73926,341.23,0.5,0.49,2020-10-26,1159,N,VIIRS,n,2,300.29,29.95,D,0
39.6766,22.73986,339.39,0.5,0.49,2020-10-26,1159,N,VIIRS,n,2,298.4,9.12,D,0
39.30445,22.58228,331.22,0.49,0.48,2020-10-26,1159,N,VIIRS,n,2,301.08,4.47,D,0
39.30476,22.74943,336.86,0.5,0.49,2020-10-26,1159,N,VIIRS,n,2,299.34,3.39,D,0
39.30527,22.5795,341.28,0.49,0.48,2020-10-26,1159,N,VIIRS,n,2,302.47,4.93,D,0
39.31496,22.41783,340.03,0.48,0.48,2020-10-26,1159,N,VIIRS,n,2,300.61,10.52,D,0
39.31942,22.41732,341.08,0.48,0.48,2020-10-26,1159,N,VIIRS,n,2,298.9,16.62,D,0
39.28622,20.58106,339.84,0.39,0.44,2020-10-26,1159,N,VIIRS,n,2,295.47,4.48,D,0
40.50033,22.49373,332.94,0.5,0.49,2020-10-26,1159,N,VIIRS,n,2,298.77,2.93,D,0
39.5579,22.25203,340.43,0.47,0.48,2020-10-26,1159,N,VIIRS,n,2,301.47,2.72,D,0
39.17072,22.68929,331.3,0.49,0.49,2020-10-26,1159,N,VIIRS,n,2,299.97,4.35,D,0
40.37837,22.46604,329.89,0.49,0.49,2020-10-26,1159,N,VIIRS,n,2,295.08,2.99,D,0
40.34898,22.62343,336.07,0.5,0.49,2020-10-26,1159,N,VIIRS,n,2,298.59,3.45,D,0
39.68068,22.73337,327.85,0.5,0.49,2020-10-26,1159,N,VIIRS,n,2,295.06,11.89,D,0
39.35624,22.98367,300.61,0.39,0.36,2020-10-27,0018,N,VIIRS,n,2,286.86,1.29,N,0
38.56667,23.29312,322.16,0.38,0.36,2020-10-27,0018,N,VIIRS,n,2,291.05,2.53,N,3
40.28468,23.44442,299.5,0.39,0.36,2020-10-27,0018,N,VIIRS,n,2,285.37,0.58,N,2
40.70631,22.81284,302,0.39,0.36,2020-10-27,0018,N,VIIRS,n,2,283.11,0.52,N,2
37.91816,23.07225,303.2,0.38,0.36,2020-10-27,0018,N,VIIRS,n,2,290.16,0.99,N,2
38.33329,21.8487,300.06,0.4,0.37,2020-10-27,0018,N,VIIRS,n,2,287.17,1.02,N,0
38.12909,23.52518,298.19,0.38,0.36,2020-10-27,0018,N,VIIRS,n,2,284.89,0.7,N,2
37.83481,22.62749,333,0.43,0.38,2020-10-27,1139,N,VIIRS,n,2,299.63,3.23,D,0
35.23734,25.09599,330.34,0.51,0.41,2020-10-27,1139,N,VIIRS,n,2,293.99,6.7,D,0
38.00432,21.58676,341.13,0.41,0.37,2020-10-27,1139,N,VIIRS,n,2,296.75,5.94,D,0
38.34727,21.13633,329.19,0.4,0.37,2020-10-27,1140,N,VIIRS,n,2,295.01,2.39,D,0
39.07452,22.44154,333.76,0.44,0.38,2020-10-27,1140,N,VIIRS,n,2,304.23,40.33,D,0
39.06593,22.40161,335.76,0.44,0.38,2020-10-27,1140,N,VIIRS,n,2,298.16,10.45,D,0
39.0624,22.40227,330.54,0.44,0.38,2020-10-27,1140,N,VIIRS,n,2,295.64,1.71,D,0
39.06518,22.45374,344.82,0.44,0.38,2020-10-27,1140,N,VIIRS,n,2,302.54,12.61,D,0
39.10979,22.84875,332.4,0.45,0.39,2020-10-27,1140,N,VIIRS,n,2,297.05,2.8,D,0
39.24695,26.00731,341.53,0.42,0.45,2020-10-27,1140,N,VIIRS,n,2,298.37,12.48,D,0
38.57985,21.38831,327.61,0.41,0.37,2020-10-27,1140,N,VIIRS,n,2,295.35,1.82,D,0
38.73967,23.00302,328.09,0.46,0.39,2020-10-27,1140,N,VIIRS,n,2,295.93,4.16,D,0
38.5858,22.93022,327.25,0.45,0.39,2020-10-27,1140,N,VIIRS,n,2,300.01,2.69,D,0
38.37734,21.8642,325.01,0.42,0.37,2020-10-27,1140,N,VIIRS,n,2,294.63,1.29,D,0
38.40489,23.36855,336.71,0.47,0.39,2020-10-27,1140,N,VIIRS,n,2,300.51,4.4,D,0
38.36127,23.18681,343.39,0.46,0.39,2020-10-27,1140,N,VIIRS,n,2,300.96,13.34,D,0
38.27629,23.15672,337.36,0.46,0.39,2020-10-27,1140,N,VIIRS,n,2,299.24,5.57,D,0
38.27612,23.24798,336.26,0.46,0.39,2020-10-27,1140,N,VIIRS,n,2,297.97,3.06,D,0
38.25747,23.24632,331.32,0.46,0.39,2020-10-27,1140,N,VIIRS,n,2,297.6,4.85,D,0
41.40519,26.52131,331.65,0.47,0.47,2020-10-27,1140,N,VIIRS,n,2,295.57,2.36,D,0
40.61657,21.20619,332.83,0.42,0.37,2020-10-27,1140,N,VIIRS,n,2,293.97,4.27,D,0
40.45872,21.20322,336.43,0.42,0.37,2020-10-27,1140,N,VIIRS,n,2,291.52,1.51,D,0
40.96613,26.35091,351.16,0.45,0.47,2020-10-27,1140,N,VIIRS,n,2,284.76,7.19,D,0
40.9666,26.3564,339.12,0.45,0.47,2020-10-27,1140,N,VIIRS,n,2,288.84,7.19,D,0
40.06337,22.1453,331,0.44,0.38,2020-10-27,1140,N,VIIRS,n,2,295.53,10.8,D,0
39.89794,22.68046,337.29,0.45,0.39,2020-10-27,1140,N,VIIRS,n,2,297,3.91,D,0
39.5296,22.35871,332.09,0.44,0.38,2020-10-27,1140,N,VIIRS,n,2,299.06,2.36,D,0
39.46626,22.63402,332.34,0.45,0.39,2020-10-27,1140,N,VIIRS,n,2,298.16,3.19,D,0
39.46603,22.69366,328.94,0.45,0.39,2020-10-27,1140,N,VIIRS,n,2,298.82,2.06,D,0
39.381,22.76118,346.4,0.45,0.39,2020-10-27,1140,N,VIIRS,n,2,300.69,13.16,D,0
39.37741,22.76182,336.08,0.45,0.39,2020-10-27,1140,N,VIIRS,n,2,297.94,4.6,D,0
39.32949,22.76739,340.62,0.45,0.39,2020-10-27,1140,N,VIIRS,n,2,304.74,24.27,D,0
39.20008,22.61901,326.42,0.45,0.39,2020-10-27,1140,N,VIIRS,n,2,299.92,1.55,D,0
39.07741,22.43579,337.47,0.44,0.38,2020-10-27,1140,N,VIIRS,n,2,298.17,8.07,D,0
39.07388,22.43646,301.92,0.44,0.38,2020-10-27,1140,N,VIIRS,l,2,314.37,40.33,D,0
36.8589,22.58688,311.84,0.52,0.42,2020-10-28,0000,N,VIIRS,n,2,281.53,1.55,N,0
36.85791,22.58632,323.09,0.52,0.42,2020-10-28,0000,N,VIIRS,n,2,281.55,3.1,N,0
41.03189,25.34353,326.27,0.41,0.37,2020-10-28,1121,N,VIIRS,n,2,291.84,2.93,D,0
40.87247,22.74495,337.74,0.38,0.36,2020-10-28,1121,N,VIIRS,n,2,288.09,2.89,D,0
40.89397,22.66342,332.08,0.39,0.36,2020-10-28,1121,N,VIIRS,n,2,292.71,2.06,D,0
40.96553,22.71156,327.13,0.38,0.36,2020-10-28,1121,N,VIIRS,n,2,290.27,2.33,D,0
41.06779,23.57152,336.99,0.47,0.39,2020-10-29,1103,N,VIIRS,n,2,296.36,4.93,D,0
40.93008,22.68759,347.71,0.51,0.41,2020-10-29,1103,N,VIIRS,n,2,296.28,7,D,0
40.9309,22.69178,331,0.51,0.41,2020-10-29,1103,N,VIIRS,n,2,294.83,4.86,D,0
40.92968,22.6858,337.68,0.51,0.41,2020-10-29,1103,N,VIIRS,n,2,295.27,4.86,D,0
38.45982,21.15765,344.72,0.79,0.78,2020-10-29,1243,N,VIIRS,n,2,288.39,13.28,D,0
38.45926,21.14931,350.1,0.79,0.78,2020-10-29,1243,N,VIIRS,n,2,287.93,14.16,D,0
38.56516,23.29488,319.78,0.32,0.55,2020-10-30,0102,N,VIIRS,n,2,285.06,1.82,N,2
38.56432,23.2932,320.26,0.32,0.55,2020-10-30,0102,N,VIIRS,n,2,285.92,1.01,N,2
37.91994,23.07278,299.69,0.32,0.55,2020-10-30,0102,N,VIIRS,n,2,288.25,0.9,N,2
38.43344,23.04097,331.16,0.62,0.54,2020-10-30,1043,N,VIIRS,n,2,281.81,5.41,D,0
37.3952,24.44005,325.71,0.56,0.51,2020-10-30,1043,N,VIIRS,n,2,292.67,3.73,D,0
40.67454,23.29286,325.34,0.53,0.5,2020-10-30,1044,N,VIIRS,n,2,289.83,4.84,D,0
40.67215,23.29183,330.24,0.53,0.5,2020-10-30,1044,N,VIIRS,n,2,289.99,3.26,D,0
40.80461,22.6782,330.53,0.56,0.52,2020-10-30,1044,N,VIIRS,n,2,290.62,4.57,D,0
39.35389,22.98286,303.48,0.52,0.42,2020-10-31,0043,N,VIIRS,n,2,287.38,1.29,N,2
39.19259,25.89475,340.37,0.37,0.58,2020-10-31,1024,N,VIIRS,n,2,291.62,6.94,D,0
37.40428,24.41363,367,0.49,0.65,2020-10-31,1024,N,VIIRS,h,2,290.76,10.09,D,0
39.19152,25.8907,347.45,0.37,0.58,2020-10-31,1024,N,VIIRS,n,2,290.14,5.1,D,0
40.51918,22.60334,326.13,0.49,0.65,2020-10-31,1025,N,VIIRS,n,2,289.04,3.31,D,0
40.23129,22.55524,326.01,0.51,0.66,2020-10-31,1025,N,VIIRS,n,2,288.76,2.25,D,0
40.47816,22.59819,333.15,0.5,0.65,2020-10-31,1025,N,VIIRS,n,2,288.06,1.41,D,0
40.50274,22.59225,334.63,0.49,0.65,2020-10-31,1025,N,VIIRS,n,2,289.82,3.12,D,0
39.1894,25.89179,367,0.37,0.58,2020-10-31,1025,N,VIIRS,h,2,292.6,6.26,D,0
39.24525,25.92871,333.21,0.37,0.58,2020-10-31,1025,N,VIIRS,n,2,290.76,5.03,D,0
40.37621,23.91473,326.06,0.43,0.62,2020-10-31,1025,N,VIIRS,n,2,292.21,3.72,D,0
40.97725,23.48939,346.28,0.43,0.62,2020-10-31,1025,N,VIIRS,n,2,290.45,6.04,D,0
40.97867,23.49434,348.37,0.43,0.62,2020-10-31,1025,N,VIIRS,n,2,290.41,6.04,D,0
40.9609,23.49742,343.61,0.43,0.62,2020-10-31,1025,N,VIIRS,n,2,293.23,9.15,D,0
41.09689,24.14645,337.96,0.4,0.6,2020-10-31,1025,N,VIIRS,n,2,293.63,2.37,D,0
41.09799,24.14474,331.58,0.4,0.6,2020-10-31,1025,N,VIIRS,n,2,293.5,1.98,D,0
40.51278,22.59732,332.17,0.49,0.65,2020-10-31,1025,N,VIIRS,n,2,289.61,5.37,D,0
40.50366,22.58899,326.42,0.49,0.65,2020-10-31,1025,N,VIIRS,n,2,290.01,2.5,D,0
40.51752,22.59771,325.42,0.49,0.65,2020-10-31,1025,N,VIIRS,n,2,288.64,3.31,D,0
38.09416,21.45354,330.12,0.5,0.49,2020-10-31,1205,N,VIIRS,n,2,296.17,3.07,D,0
39.7066,22.59523,346.92,0.6,0.53,2020-10-31,1205,N,VIIRS,n,2,295.64,16.9,D,0
40.17176,21.30507,325.32,0.52,0.5,2020-10-31,1205,N,VIIRS,n,2,291.38,2.99,D,0
38.09392,21.45421,330.95,0.5,0.49,2020-10-31,1205,N,VIIRS,n,2,296.38,2.69,D,0
40.96049,23.50314,339.21,0.34,0.56,2020-10-31,1205,N,VIIRS,n,2,293.42,4.3,D,0
41.00067,24.04853,367,0.37,0.58,2020-10-31,1205,N,VIIRS,h,2,295.74,8.49,D,0
40.46784,22.57577,328.45,0.61,0.53,2020-10-31,1205,N,VIIRS,n,2,292.97,4.72,D,0
40.51405,22.59347,335.59,0.61,0.53,2020-10-31,1205,N,VIIRS,n,2,292.28,4.97,D,0
39.34549,22.67413,327.36,0.6,0.53,2020-10-31,1205,N,VIIRS,n,2,291.27,5.68,D,0
39.34508,22.67574,334.43,0.6,0.53,2020-10-31,1205,N,VIIRS,n,2,291.74,4.93,D,0
38.56832,23.29586,296.09,0.39,0.36,2020-11-01,0024,N,VIIRS,n,2,285.99,1.85,N,3
40.28547,23.44432,299.12,0.39,0.36,2020-11-01,0024,N,VIIRS,n,2,286.5,0.56,N,2
39.16717,22.84457,306.61,0.39,0.36,2020-11-01,0024,N,VIIRS,n,2,281.87,0.64,N,2
39.16789,22.84014,296.31,0.39,0.36,2020-11-01,0024,N,VIIRS,n,2,281.78,0.64,N,2
39.17118,22.84102,302.47,0.39,0.36,2020-11-01,0024,N,VIIRS,n,2,283.48,1.44,N,2
39.35553,22.9838,310.04,0.39,0.36,2020-11-01,0024,N,VIIRS,n,2,286.14,1.03,N,2
38.03564,23.59397,295.99,0.4,0.37,2020-11-01,0024,N,VIIRS,n,2,284.05,0.39,N,0
38.33327,21.8469,298.84,0.38,0.36,2020-11-01,0024,N,VIIRS,n,2,285.67,0.55,N,0
38.56502,23.29493,324.68,0.39,0.36,2020-11-01,0024,N,VIIRS,n,2,285.99,1.85,N,2
41.47837,26.18014,330.28,0.53,0.67,2020-11-01,1006,N,VIIRS,n,2,288.83,4.39,D,0
39.26769,25.90199,325.01,0.63,0.72,2020-11-01,1006,N,VIIRS,n,2,286.46,3.27,D,0
41.41004,26.309,325.86,0.52,0.67,2020-11-01,1006,N,VIIRS,n,2,289.35,2.31,D,0
41.00903,23.44915,336.16,0.73,0.76,2020-11-01,1006,N,VIIRS,n,2,293.28,5.46,D,0
39.26513,25.90328,327.3,0.63,0.72,2020-11-01,1006,N,VIIRS,n,2,286.3,3.34,D,0
41.04078,25.48547,331.44,0.58,0.7,2020-11-01,1006,N,VIIRS,n,2,292.47,3.61,D,0
41.04144,25.4868,326.45,0.58,0.7,2020-11-01,1006,N,VIIRS,n,2,292.02,3.67,D,0
36.96071,22.46836,334.28,0.48,0.4,2020-11-01,1145,N,VIIRS,n,2,291.57,4.65,D,0
36.95703,22.46904,330.77,0.48,0.4,2020-11-01,1145,N,VIIRS,n,2,291.13,3.06,D,0
39.7103,22.59056,336.99,0.52,0.41,2020-11-01,1146,N,VIIRS,n,2,299.35,16.77,D,0
38.27678,23.26276,330.84,0.54,0.42,2020-11-01,1146,N,VIIRS,n,2,292.01,4.72,D,0
39.16468,25.91968,335.16,0.5,0.49,2020-11-01,1146,N,VIIRS,n,2,295.39,3.16,D,0
38.85823,22.55432,330.57,0.51,0.41,2020-11-01,1146,N,VIIRS,n,2,289.84,4.14,D,0
39.21607,25.87666,335.45,0.49,0.49,2020-11-01,1146,N,VIIRS,n,2,293,3.03,D,0
40.80938,22.80109,330.53,0.55,0.42,2020-11-01,1146,N,VIIRS,n,2,298.77,5.13,D,0
40.81005,22.80774,330.19,0.55,0.42,2020-11-01,1146,N,VIIRS,n,2,297.71,5.13,D,0
40.51838,22.58834,349.43,0.53,0.42,2020-11-01,1146,N,VIIRS,n,2,295.19,6.47,D,0
40.51902,22.59464,339.12,0.53,0.42,2020-11-01,1146,N,VIIRS,n,2,292.99,4.96,D,0
40.51816,22.5903,342.13,0.53,0.42,2020-11-01,1146,N,VIIRS,n,2,294.9,5.48,D,0
40.51883,22.59659,335.83,0.53,0.42,2020-11-01,1146,N,VIIRS,n,2,292.9,5.48,D,0
40.03731,20.7187,339.42,0.44,0.39,2020-11-01,1146,N,VIIRS,n,2,295.89,4.57,D,0
40.18627,22.51182,328.72,0.52,0.42,2020-11-01,1146,N,VIIRS,n,2,295.08,3.58,D,0
40.18865,22.51295,334.65,0.52,0.42,2020-11-01,1146,N,VIIRS,n,2,294.72,3.52,D,0
40.07491,22.21383,332.48,0.5,0.41,2020-11-01,1146,N,VIIRS,n,2,295.02,10.37,D,0
40.07114,22.21459,345.22,0.5,0.41,2020-11-01,1146,N,VIIRS,n,2,301.23,10.37,D,0
39.80273,21.52349,346.19,0.47,0.4,2020-11-01,1146,N,VIIRS,n,2,295.92,19.38,D,0
39.80336,21.52901,339.82,0.47,0.4,2020-11-01,1146,N,VIIRS,n,2,301.51,19.38,D,0
39.83784,22.07271,331.05,0.5,0.41,2020-11-01,1146,N,VIIRS,n,2,294.31,3.27,D,0
39.63284,21.68518,325.16,0.48,0.4,2020-11-01,1146,N,VIIRS,n,2,294.57,2.45,D,0
39.70648,22.59134,345.31,0.52,0.41,2020-11-01,1146,N,VIIRS,n,2,297.94,16.77,D,0
39.21708,25.8761,337.97,0.49,0.49,2020-11-01,1146,N,VIIRS,n,2,293.58,4.45,D,0
39.63838,22.27987,335.93,0.5,0.41,2020-11-01,1146,N,VIIRS,n,2,295.4,3.68,D,0
39.67775,22.68995,335.98,0.52,0.42,2020-11-01,1146,N,VIIRS,n,2,293.79,3.6,D,0
39.67622,22.68591,335.05,0.52,0.42,2020-11-01,1146,N,VIIRS,n,2,294.01,5.46,D,0
39.5982,22.22364,328.15,0.5,0.41,2020-11-01,1146,N,VIIRS,n,2,294.37,31.13,D,0
39.59885,22.22948,352.49,0.5,0.41,2020-11-01,1146,N,VIIRS,n,2,313.01,31.13,D,0
39.44065,22.4332,332.87,0.51,0.41,2020-11-01,1146,N,VIIRS,n,2,296.88,2.84,D,0
39.41855,22.33446,328.69,0.5,0.41,2020-11-01,1146,N,VIIRS,n,2,295.98,2.53,D,0
39.40097,22.27409,334.47,0.5,0.41,2020-11-01,1146,N,VIIRS,n,2,295.32,3.49,D,0
40.9847,23.58205,340.41,0.4,0.44,2020-11-01,1147,N,VIIRS,n,2,290.87,4.38,D,0
41.00557,23.54006,326.71,0.39,0.44,2020-11-01,1147,N,VIIRS,l,2,298.34,2.37,D,0
41.11702,24.00353,341.19,0.42,0.45,2020-11-01,1147,N,VIIRS,n,2,301.18,8.28,D,0
40.8764,21.43112,344.52,0.48,0.4,2020-11-01,1147,N,VIIRS,n,2,294.15,15.08,D,0
40.87272,21.43183,340.06,0.48,0.4,2020-11-01,1147,N,VIIRS,n,2,300.53,15.08,D,0
41.18102,24.00771,341.41,0.42,0.45,2020-11-01,1147,N,VIIRS,n,2,297.18,11.53,D,0
40.84419,21.51331,335.8,0.48,0.4,2020-11-01,1147,N,VIIRS,n,2,296.97,5.79,D,0
41.18119,24.00496,345.94,0.42,0.45,2020-11-01,1147,N,VIIRS,n,2,298.52,15.16,D,0
40.98564,23.54812,350.28,0.39,0.44,2020-11-01,1147,N,VIIRS,n,2,296.03,9.23,D,0
41.18659,24.11443,341.71,0.42,0.45,2020-11-01,1147,N,VIIRS,n,2,297.63,5.3,D,0
41.02629,22.67595,328.93,0.54,0.42,2020-11-01,1147,N,VIIRS,n,2,296.73,2.51,D,0
41.1212,24.00282,335.03,0.42,0.45,2020-11-01,1147,N,VIIRS,n,2,298.77,8.28,D,0
40.84113,21.51974,330.89,0.48,0.4,2020-11-01,1147,N,VIIRS,n,2,296.1,3.16,D,0
39.16896,22.84114,305.59,0.47,0.39,2020-11-02,0005,N,VIIRS,n,2,284.25,0.9,N,2
39.35502,22.98676,300.03,0.46,0.39,2020-11-02,0005,N,VIIRS,n,2,285.11,0.63,N,2
37.98026,23.88894,306.15,0.42,0.38,2020-11-02,0006,N,VIIRS,n,2,281.39,0.98,N,0
35.38074,24.16705,332.19,0.39,0.36,2020-11-02,1126,N,VIIRS,n,2,293.1,2.85,D,0
35.20847,24.63158,325.58,0.39,0.36,2020-11-02,1126,N,VIIRS,n,2,290.69,2.03,D,0
35.50597,23.63939,335.14,0.38,0.36,2020-11-02,1126,N,VIIRS,n,2,294.11,2.91,D,0
39.94588,21.39608,350.84,0.39,0.36,2020-11-02,1127,N,VIIRS,n,2,300.52,26.76,D,0
37.17022,24.48901,329.16,0.4,0.37,2020-11-02,1127,N,VIIRS,n,2,294.26,2.56,D,0
37.4228,24.37775,346.42,0.4,0.37,2020-11-02,1127,N,VIIRS,n,2,290.23,6.46,D,0
37.4349,24.43996,332.94,0.4,0.37,2020-11-02,1127,N,VIIRS,n,2,291.18,4.15,D,0
38.26438,23.6138,327.07,0.39,0.36,2020-11-02,1127,N,VIIRS,n,2,288.7,3.87,D,0
38.26374,23.60935,331.22,0.39,0.36,2020-11-02,1127,N,VIIRS,n,2,290.5,3.02,D,0
38.26836,23.37943,334.56,0.39,0.36,2020-11-02,1127,N,VIIRS,n,2,283.7,3.43,D,0
39.15538,25.9833,336.6,0.45,0.39,2020-11-02,1127,N,VIIRS,n,2,292.24,5.77,D,0
39.62437,21.6833,330.33,0.38,0.36,2020-11-02,1127,N,VIIRS,n,2,296.78,1.7,D,0
39.94916,21.39519,334.38,0.39,0.36,2020-11-02,1127,N,VIIRS,n,2,291.03,3.2,D,0
39.62368,21.67886,326.75,0.38,0.36,2020-11-02,1127,N,VIIRS,n,2,296.01,1.7,D,0
39.62628,21.67355,335.13,0.38,0.36,2020-11-02,1127,N,VIIRS,n,2,297.12,2.4,D,0
39.62957,21.67269,332.03,0.38,0.36,2020-11-02,1127,N,VIIRS,n,2,294.88,2.4,D,0
39.80782,21.5313,339.94,0.38,0.36,2020-11-02,1127,N,VIIRS,n,2,301.55,9.93,D,0
39.80712,21.52683,330.02,0.38,0.36,2020-11-02,1127,N,VIIRS,n,2,296.84,4.31,D,0
39.90213,21.39704,330.76,0.39,0.36,2020-11-02,1127,N,VIIRS,n,2,292.27,2.48,D,0
40.20887,21.38004,331.58,0.38,0.36,2020-11-02,1128,N,VIIRS,n,2,295.41,3.32,D,0
40.83228,26.1383,340.63,0.48,0.4,2020-11-02,1128,N,VIIRS,n,2,293.83,4.09,D,0
40.94468,23.59515,333.01,0.4,0.37,2020-11-02,1128,N,VIIRS,n,2,292.71,6.94,D,0
40.33721,21.3096,331.14,0.39,0.36,2020-11-02,1128,N,VIIRS,n,2,297.08,2.68,D,0
40.47603,21.26649,327.35,0.39,0.36,2020-11-02,1128,N,VIIRS,n,2,296.81,4.89,D,0
40.20817,21.37556,331.7,0.39,0.36,2020-11-02,1128,N,VIIRS,n,2,296.36,3.32,D,0
41.47437,26.16017,331.47,0.48,0.4,2020-11-02,1128,N,VIIRS,n,2,294.37,5.7,D,0
41.45845,26.18753,330.97,0.49,0.4,2020-11-02,1128,N,VIIRS,n,2,296.21,3.31,D,0
40.94211,23.57608,332.63,0.4,0.37,2020-11-02,1128,N,VIIRS,n,2,285.66,2.23,D,0
36.74271,26.94568,330.93,0.39,0.36,2020-11-03,1107,N,VIIRS,n,2,295.97,4.39,D,0
35.19689,24.21476,339.17,0.53,0.5,2020-11-04,1048,N,VIIRS,n,2,291.23,6.98,D,0
35.19279,24.21037,338.77,0.53,0.5,2020-11-04,1048,N,VIIRS,n,2,290.89,6.77,D,0
35.19411,24.21621,335.48,0.53,0.5,2020-11-04,1048,N,VIIRS,n,2,291.51,6.77,D,0
37.94629,24.73929,343.67,0.43,0.46,2020-11-04,1049,N,VIIRS,n,2,290.78,12.68,D,0
37.34233,24.39941,332.59,0.46,0.47,2020-11-04,1049,N,VIIRS,n,2,284.6,2.4,D,0
39.26106,25.91475,338.83,0.54,0.42,2020-11-04,1049,N,VIIRS,n,2,291.14,5.99,D,0
39.25213,25.89107,332.94,0.54,0.42,2020-11-04,1049,N,VIIRS,n,2,292.97,4.91,D,0
39.15446,26.0328,339.88,0.53,0.42,2020-11-04,1049,N,VIIRS,n,2,294.48,5.65,D,0
39.14153,26.08788,332.66,0.53,0.42,2020-11-04,1049,N,VIIRS,n,2,299.06,8.12,D,0
39.14363,26.08275,332.19,0.53,0.42,2020-11-04,1049,N,VIIRS,n,2,297.66,2.16,D,0
39.13978,26.08364,331.67,0.53,0.42,2020-11-04,1049,N,VIIRS,n,2,297.72,2.16,D,0
38.27589,23.26396,329.95,0.51,0.49,2020-11-04,1049,N,VIIRS,n,2,288.61,3,D,0
38.27143,23.2654,338.25,0.51,0.49,2020-11-04,1049,N,VIIRS,n,2,290.78,3.34,D,0
38.22652,25.97467,330.06,0.56,0.43,2020-11-04,1049,N,VIIRS,n,2,293.21,2.91,D,0
38.22709,25.96947,330.47,0.56,0.43,2020-11-04,1049,N,VIIRS,n,2,293.32,4.56,D,0
37.3437,24.40183,326.36,0.46,0.47,2020-11-04,1049,N,VIIRS,n,2,286.34,3.85,D,0
40.86189,26.02069,337.84,0.5,0.41,2020-11-04,1050,N,VIIRS,n,2,292.68,4.59,D,0
41.64458,26.23879,326.32,0.48,0.4,2020-11-04,1050,N,VIIRS,n,2,290.55,4.68,D,0
41.60472,26.27027,339.37,0.48,0.4,2020-11-04,1050,N,VIIRS,n,2,298.24,24.68,D,0
41.52268,26.21731,325.76,0.48,0.4,2020-11-04,1050,N,VIIRS,n,2,292.95,2,D,0
41.53487,26.47488,325.38,0.47,0.4,2020-11-04,1050,N,VIIRS,n,2,292.46,2.43,D,0
41.46473,26.19027,327.32,0.48,0.4,2020-11-04,1050,N,VIIRS,n,2,291.47,2.57,D,0
37.39774,24.46396,327.06,0.8,0.78,2020-11-04,1230,N,VIIRS,n,2,285.42,6.61,D,0
37.39889,24.46419,328.21,0.79,0.78,2020-11-04,1230,N,VIIRS,n,2,285.56,6.73,D,0
39.22672,20.55194,326.67,0.5,0.66,2020-11-04,1230,N,VIIRS,n,2,288.2,5.13,D,0
39.22808,20.54938,337.53,0.5,0.66,2020-11-04,1230,N,VIIRS,n,2,288.36,4.45,D,0
38.8142,22.50207,343.55,0.63,0.72,2020-11-04,1230,N,VIIRS,n,2,287.41,7.78,D,0
40.90602,25.89873,330.66,0.56,0.51,2020-11-05,1031,N,VIIRS,n,2,287.9,3.04,D,0
38.27065,23.68435,356.53,0.42,0.61,2020-11-05,1031,N,VIIRS,n,2,289.26,21.86,D,0
39.2473,26.03808,332.73,0.55,0.68,2020-11-05,1211,N,VIIRS,n,2,285.19,1.99,D,0
38.35495,21.48405,334.16,0.61,0.54,2020-11-05,1211,N,VIIRS,n,2,288.59,5.16,D,0
38.28787,23.57575,326.07,0.4,0.6,2020-11-05,1211,N,VIIRS,n,2,290.83,2.16,D,0
36.81087,22.75009,336.93,0.35,0.57,2020-11-05,1211,N,VIIRS,n,2,285.74,5.01,D,0
40.46027,23.80846,295.58,0.42,0.38,2020-11-06,0030,N,VIIRS,n,2,280.75,0.23,N,0
41.48007,26.23721,333.19,0.44,0.62,2020-11-06,1013,N,VIIRS,n,2,286.09,2.08,D,0
40.52831,22.61275,346.17,0.69,0.75,2020-11-06,1013,N,VIIRS,n,2,287.27,7.54,D,0
40.51924,22.60852,332.44,0.7,0.75,2020-11-06,1013,N,VIIRS,n,2,285.35,7.54,D,0
41.48048,26.2394,331.66,0.44,0.62,2020-11-06,1013,N,VIIRS,n,2,286.75,5.87,D,0
41.47456,26.23983,330.01,0.44,0.62,2020-11-06,1013,N,VIIRS,n,2,287.62,2.08,D,0
39.14177,26.05297,327.15,0.61,0.54,2020-11-06,1152,N,VIIRS,n,2,286.32,2.54,D,0
38.62931,21.32164,331.2,0.52,0.42,2020-11-06,1152,N,VIIRS,n,2,293.88,3.33,D,0
38.45085,21.18564,331.07,0.51,0.41,2020-11-06,1152,N,VIIRS,n,2,293.91,3.95,D,0
39.65323,20.92624,329.34,0.51,0.41,2020-11-06,1152,N,VIIRS,n,2,289.71,4.25,D,0
39.70004,22.57921,341.46,0.41,0.45,2020-11-06,1152,N,VIIRS,n,2,290.46,6.47,D,0
39.67025,22.68004,337.49,0.41,0.45,2020-11-06,1152,N,VIIRS,n,2,289.12,2.27,D,0
39.57935,22.21363,325.42,0.39,0.44,2020-11-06,1152,N,VIIRS,n,2,291.83,1.6,D,0
40.22203,22.55926,327.85,0.41,0.45,2020-11-06,1153,N,VIIRS,n,2,292.56,8.21,D,0
40.99556,24.89777,338.86,0.55,0.51,2020-11-06,1153,N,VIIRS,n,2,289.53,6.49,D,0
40.99589,26.23558,353.8,0.33,0.55,2020-11-06,1153,N,VIIRS,n,2,286.8,4.54,D,0
40.99367,26.23593,353.76,0.32,0.55,2020-11-06,1153,N,VIIRS,n,2,286.72,4.96,D,0
40.67062,22.3989,336.77,0.41,0.45,2020-11-06,1153,N,VIIRS,n,2,296.03,2.97,D,0
40.56012,22.67692,341.84,0.42,0.45,2020-11-06,1153,N,VIIRS,n,2,292.21,14.01,D,0
40.38528,21.22132,328.41,0.54,0.42,2020-11-06,1153,N,VIIRS,n,2,288.19,4.17,D,0
40.51607,22.61222,329.31,0.42,0.45,2020-11-06,1153,N,VIIRS,n,2,289.95,2.59,D,0
40.38538,21.22159,329.22,0.54,0.42,2020-11-06,1153,N,VIIRS,n,2,287.91,4.83,D,0
40.51598,22.61378,330.98,0.42,0.45,2020-11-06,1153,N,VIIRS,n,2,290.47,3.17,D,0
40.22158,22.55434,355.05,0.41,0.45,2020-11-06,1153,N,VIIRS,n,2,294.84,8.21,D,0
40.21742,22.55499,335.78,0.41,0.45,2020-11-06,1153,N,VIIRS,n,2,291.7,8.21,D,0
40.28442,23.44437,297.19,0.41,0.37,2020-11-07,0011,N,VIIRS,n,2,282.84,0.5,N,2
38.03167,23.60441,302.26,0.39,0.36,2020-11-07,0012,N,VIIRS,n,2,276.72,0.56,N,2
39.1188,25.96356,328.28,0.52,0.42,2020-11-07,1133,N,VIIRS,n,2,295.7,2.71,D,0
37.94513,21.30984,328.93,0.38,0.36,2020-11-07,1133,N,VIIRS,n,2,295.07,3.26,D,0
38.26308,23.25363,329.7,0.41,0.37,2020-11-07,1133,N,VIIRS,n,2,293.83,7.58,D,0
38.37138,23.07379,329.24,0.41,0.37,2020-11-07,1133,N,VIIRS,n,2,291.33,1.27,D,0
39.2895,26.08237,329.56,0.53,0.42,2020-11-07,1133,N,VIIRS,n,2,294.1,10.04,D,0
37.94118,21.30627,331.57,0.38,0.36,2020-11-07,1133,N,VIIRS,n,2,294.85,2.75,D,0
40.50757,22.59369,330.48,0.41,0.37,2020-11-07,1134,N,VIIRS,n,2,290.53,2.45,D,0
40.50694,22.58884,339.05,0.41,0.37,2020-11-07,1134,N,VIIRS,n,2,292.74,4.16,D,0
41.03419,23.41596,326.39,0.44,0.38,2020-11-07,1134,N,VIIRS,n,2,288.58,3.53,D,0
40.51287,22.60747,326.06,0.41,0.37,2020-11-07,1134,N,VIIRS,n,2,291.44,1.6,D,0
40.534,22.60771,338.16,0.41,0.37,2020-11-07,1134,N,VIIRS,n,2,293.01,4.42,D,0
40.53917,22.56663,333.11,0.41,0.37,2020-11-07,1134,N,VIIRS,n,2,294.1,8.21,D,0
40.53853,22.56178,332.51,0.41,0.37,2020-11-07,1134,N,VIIRS,n,2,291.2,3.28,D,0
40.59557,22.81016,330.57,0.42,0.37,2020-11-07,1134,N,VIIRS,n,2,293.57,4.44,D,0
40.59494,22.80525,330.91,0.42,0.37,2020-11-07,1134,N,VIIRS,n,2,295.37,4.44,D,0
40.58917,22.44091,332.69,0.41,0.37,2020-11-07,1134,N,VIIRS,n,2,292.45,1.69,D,0
41.1033,23.39051,346.5,0.44,0.38,2020-11-07,1134,N,VIIRS,n,2,291.15,16.33,D,0
41.53896,26.21736,325.5,0.57,0.43,2020-11-07,1134,N,VIIRS,n,2,290.53,1.75,D,0
40.58853,22.44287,326.35,0.41,0.37,2020-11-07,1134,N,VIIRS,n,2,292.1,2.47,D,0
39.23803,20.50839,329.12,0.38,0.36,2020-11-07,1134,N,VIIRS,n,2,295.92,2.19,D,0
41.05229,25.55763,339.13,0.53,0.42,2020-11-07,1134,N,VIIRS,n,2,295.52,15.5,D,0
41.05614,25.55694,346.11,0.53,0.42,2020-11-07,1134,N,VIIRS,n,2,290.88,15.5,D,0
41.14261,26.31642,333.03,0.57,0.43,2020-11-07,1134,N,VIIRS,n,2,289.65,7.22,D,0
41.14367,26.31647,342.88,0.57,0.43,2020-11-07,1134,N,VIIRS,n,2,289.21,15.48,D,0
40.9616,23.93524,326.09,0.45,0.39,2020-11-07,1134,N,VIIRS,n,2,291.2,3.83,D,0
40.73943,21.85157,331,0.4,0.37,2020-11-07,1134,N,VIIRS,n,2,289.06,2.98,D,0
39.24412,20.54819,328.25,0.38,0.36,2020-11-07,1134,N,VIIRS,n,2,296.01,2.2,D,0
39.24015,20.5446,326.62,0.38,0.36,2020-11-07,1134,N,VIIRS,n,2,295.11,2.14,D,0
40.97557,24.9923,329.15,0.5,0.41,2020-11-07,1134,N,VIIRS,n,2,292.96,3.26,D,0
39.48101,21.71472,328.64,0.39,0.36,2020-11-07,1134,N,VIIRS,n,2,291.61,1.66,D,0
39.61998,22.56744,339.49,0.4,0.37,2020-11-07,1134,N,VIIRS,n,2,312.45,50.95,D,0
40.15186,21.34396,327.61,0.39,0.36,2020-11-07,1134,N,VIIRS,n,2,286.22,1.91,D,0
40.37237,22.54015,330.62,0.41,0.37,2020-11-07,1134,N,VIIRS,n,2,292.22,2.64,D,0
40.27159,21.40146,328.11,0.39,0.36,2020-11-07,1134,N,VIIRS,n,2,290.26,2.49,D,0
40.57179,23.27358,345.26,0.43,0.38,2020-11-07,1134,N,VIIRS,n,2,294.2,5.9,D,0
40.57528,23.27286,334.64,0.43,0.38,2020-11-07,1134,N,VIIRS,n,2,290.31,5.9,D,0
40.28389,23.44477,295.72,0.41,0.45,2020-11-07,2352,N,VIIRS,n,2,282.81,0.5,N,2
38.87802,20.8589,304.74,0.54,0.51,2020-11-07,2353,N,VIIRS,n,2,284.08,1.37,N,0
38.87665,20.85781,343.7,0.59,0.7,2020-11-08,0133,N,VIIRS,n,2,284.24,6.61,N,3
35.15492,25.36132,329.12,0.39,0.36,2020-11-08,1113,N,VIIRS,n,2,289.91,3.26,D,0
39.1736,26.04379,334.43,0.39,0.36,2020-11-08,1114,N,VIIRS,n,2,293.51,3.22,D,0
39.23551,25.91506,329.64,0.39,0.36,2020-11-08,1114,N,VIIRS,n,2,292.09,0.75,D,0
39.13953,25.90527,349.54,0.39,0.36,2020-11-08,1114,N,VIIRS,n,2,300.95,7.45,D,0
39.12888,25.97219,337.3,0.39,0.36,2020-11-08,1114,N,VIIRS,n,2,299.81,9.09,D,0
39.14834,26.12863,329.55,0.39,0.36,2020-11-08,1114,N,VIIRS,n,2,298.3,2.06,D,0
39.11633,25.97985,327.98,0.39,0.36,2020-11-08,1114,N,VIIRS,n,2,297.26,1.56,D,0
39.12472,26.06047,332.86,0.39,0.36,2020-11-08,1114,N,VIIRS,n,2,296.76,2.37,D,0
38.1532,21.47204,330.28,0.47,0.4,2020-11-08,1114,N,VIIRS,n,2,296.54,1.88,D,0
37.87132,21.54243,330.82,0.47,0.4,2020-11-08,1114,N,VIIRS,n,2,295.39,3.17,D,0
36.89405,27.26893,330.8,0.39,0.36,2020-11-08,1114,N,VIIRS,n,2,296.27,2.39,D,0
36.85803,27.13736,325.64,0.39,0.36,2020-11-08,1114,N,VIIRS,n,2,297.42,1.46,D,0
40.30844,23.2659,326.91,0.4,0.37,2020-11-08,1115,N,VIIRS,n,2,289.17,1.57,D,0
40.9817,22.11122,330.66,0.41,0.37,2020-11-08,1115,N,VIIRS,n,2,291.09,3.33,D,0
40.87558,24.68533,330.46,0.38,0.36,2020-11-08,1115,N,VIIRS,n,2,291.1,1.72,D,0
40.04218,22.09692,333.43,0.42,0.38,2020-11-08,1115,N,VIIRS,n,2,293.51,2.24,D,0
40.3094,23.26717,329.38,0.4,0.37,2020-11-08,1115,N,VIIRS,n,2,289.05,2.43,D,0
39.39885,21.85143,329.3,0.44,0.38,2020-11-08,1115,N,VIIRS,n,2,291.32,3.04,D,0
39.34615,22.37017,345.79,0.42,0.38,2020-11-08,1115,N,VIIRS,n,2,294.12,7.7,D,0
41.02611,22.65356,342.03,0.4,0.37,2020-11-08,1115,N,VIIRS,n,2,293.98,9.53,D,0
40.80937,21.4916,332.36,0.43,0.38,2020-11-08,1115,N,VIIRS,n,2,291.69,4.72,D,0
41.10437,23.36676,334.76,0.39,0.36,2020-11-08,1115,N,VIIRS,n,2,291.4,2.57,D,0
41.1059,23.376,329.3,0.39,0.36,2020-11-08,1115,N,VIIRS,n,2,291.7,2.03,D,0
41.10259,23.37695,333.65,0.39,0.36,2020-11-08,1115,N,VIIRS,n,2,292.24,2.52,D,0
41.10564,23.39542,347.27,0.39,0.36,2020-11-08,1115,N,VIIRS,n,2,297.62,8.1,D,0
40.79513,22.33706,329.74,0.41,0.37,2020-11-08,1115,N,VIIRS,n,2,292.04,4.62,D,0
41.00557,23.65198,337.34,0.39,0.36,2020-11-08,1115,N,VIIRS,n,2,296.39,4.09,D,0
41.03223,23.86016,335.03,0.39,0.36,2020-11-08,1115,N,VIIRS,n,2,295.84,3.03,D,0
40.8258,22.71963,332.25,0.4,0.37,2020-11-08,1115,N,VIIRS,n,2,291.77,2.39,D,0
41.03424,24.04512,330.55,0.39,0.36,2020-11-08,1115,N,VIIRS,n,2,294.5,1.96,D,0
41.03167,24.05059,329.93,0.39,0.36,2020-11-08,1115,N,VIIRS,n,2,295.67,1.96,D,0
40.94918,23.58152,332.91,0.39,0.36,2020-11-08,1115,N,VIIRS,n,2,294.02,1.82,D,0
40.5483,21.56544,335.23,0.43,0.38,2020-11-08,1115,N,VIIRS,n,2,294.4,3.84,D,0
40.9269,24.59617,340.68,0.38,0.36,2020-11-08,1115,N,VIIRS,n,2,292.07,3.8,D,0
40.64534,23.19103,327.68,0.4,0.37,2020-11-08,1115,N,VIIRS,n,2,289.67,2.34,D,0
41.07679,22.70321,325.08,0.4,0.37,2020-11-08,1115,N,VIIRS,n,2,293.31,1.27,D,0
40.61075,22.84294,337.36,0.4,0.37,2020-11-08,1115,N,VIIRS,n,2,292.94,2.73,D,0
40.60913,22.83352,330.31,0.4,0.37,2020-11-08,1115,N,VIIRS,n,2,292.18,2.19,D,0
36.86466,27.15731,340.35,0.45,0.39,2020-11-09,1055,N,VIIRS,n,2,295.82,4.92,D,0
36.8669,27.15934,331.91,0.45,0.39,2020-11-09,1055,N,VIIRS,n,2,296.48,3.88,D,0
40.83342,21.4059,328.19,0.46,0.47,2020-11-09,1056,N,VIIRS,n,2,290.84,3.13,D,0
39.58874,22.33351,345.11,0.44,0.46,2020-11-09,1056,N,VIIRS,n,2,294.1,6.55,D,0
40.80559,22.75056,339.05,0.39,0.44,2020-11-09,1056,N,VIIRS,n,2,295.33,3.26,D,0
41.03617,23.43618,334.28,0.55,0.42,2020-11-09,1056,N,VIIRS,n,2,294.01,7.34,D,0
41.05347,23.36118,326.51,0.55,0.43,2020-11-09,1056,N,VIIRS,n,2,293.06,3.04,D,0
40.86504,21.44474,325.61,0.45,0.47,2020-11-09,1056,N,VIIRS,n,2,292.75,1.69,D,0
40.86563,21.44179,333.73,0.45,0.47,2020-11-09,1056,N,VIIRS,n,2,292.77,2.72,D,0
40.80659,22.75524,328.44,0.39,0.44,2020-11-09,1056,N,VIIRS,n,2,294.4,3.26,D,0
40.96299,23.53908,328.36,0.54,0.42,2020-11-09,1056,N,VIIRS,n,2,292.61,3.22,D,0
40.70299,22.47533,340.77,0.41,0.45,2020-11-09,1056,N,VIIRS,n,2,295.78,5.44,D,0
40.69795,22.47211,341.2,0.41,0.45,2020-11-09,1056,N,VIIRS,n,2,294.18,3.8,D,0
40.92915,23.61213,335.12,0.54,0.42,2020-11-09,1056,N,VIIRS,n,2,295.47,11.74,D,0
40.51004,22.58871,328.91,0.41,0.45,2020-11-09,1056,N,VIIRS,n,2,291.18,2.34,D,0
40.92315,24.86529,325.89,0.48,0.4,2020-11-09,1056,N,VIIRS,n,2,294.26,2.08,D,0
40.32327,22.62909,335.42,0.41,0.45,2020-11-09,1056,N,VIIRS,n,2,290.6,5.51,D,0
40.32429,22.6338,337.81,0.41,0.45,2020-11-09,1056,N,VIIRS,n,2,290.27,5.51,D,3
40.49337,23.80177,325.5,0.54,0.42,2020-11-09,1056,N,VIIRS,n,2,291.24,4.08,D,0
40.16234,22.53808,329.23,0.42,0.45,2020-11-09,1056,N,VIIRS,n,2,292.16,1.92,D,0
39.2799,20.57645,332.53,0.54,0.51,2020-11-09,1056,N,VIIRS,n,2,291.74,4.18,D,0
38.85989,22.51985,340.21,0.44,0.46,2020-11-09,1056,N,VIIRS,n,2,292.29,6.6,D,0
39.16159,26.09202,328.29,0.46,0.39,2020-11-09,1056,N,VIIRS,n,2,295.29,1.8,D,0
39.10426,25.96792,325.03,0.47,0.39,2020-11-09,1056,N,VIIRS,n,2,293.98,0.67,D,0
38.03483,22.09745,339.11,0.49,0.48,2020-11-09,1056,N,VIIRS,n,2,289.91,11.44,D,0
37.81316,21.26243,337.95,0.54,0.51,2020-11-09,1056,N,VIIRS,n,2,293.41,5.3,D,0
37.81577,21.2618,330.71,0.54,0.51,2020-11-09,1056,N,VIIRS,n,2,292.39,6.35,D,0
39.74836,21.53065,328.93,0.69,0.74,2020-11-09,1237,N,VIIRS,n,2,286.9,4.09,D,0
38.03125,23.59509,301.36,0.62,0.71,2020-11-09,2315,N,VIIRS,n,2,282.69,2.02,N,0
38.03298,23.60394,298.82,0.57,0.52,2020-11-10,0056,N,VIIRS,n,2,285.22,1.47,N,0
38.41266,21.53182,340.2,0.45,0.63,2020-11-10,1037,N,VIIRS,n,2,290.83,4.76,D,0
37.91584,21.27211,329.25,0.47,0.64,2020-11-10,1037,N,VIIRS,n,2,290.72,2.25,D,0
38.08741,21.42207,326.06,0.46,0.64,2020-11-10,1037,N,VIIRS,n,2,291.24,3.17,D,0
38.83574,21.10509,350.91,0.46,0.63,2020-11-10,1037,N,VIIRS,n,2,293.55,6.17,D,0
40.58066,22.10566,330.53,0.37,0.58,2020-11-10,1037,N,VIIRS,n,2,286.29,2.49,D,0
40.48539,21.21904,330.72,0.41,0.6,2020-11-10,1038,N,VIIRS,n,2,288.59,2.17,D,0
38.83674,21.10678,340.71,0.36,0.57,2020-11-10,1217,N,VIIRS,n,2,291.39,8.5,D,0
38.83652,21.1025,355.37,0.36,0.57,2020-11-10,1217,N,VIIRS,n,2,291.89,6.64,D,0
37.59595,21.53425,334.01,0.37,0.58,2020-11-10,1217,N,VIIRS,n,2,293.02,2.6,D,0
38.8337,21.10163,335.01,0.36,0.57,2020-11-10,1217,N,VIIRS,n,2,291.37,5.35,D,0
38.83397,21.10621,367,0.36,0.57,2020-11-10,1217,N,VIIRS,h,2,293,9.76,D,0
40.1601,21.33688,344.74,0.38,0.59,2020-11-10,1218,N,VIIRS,n,2,289.13,5.8,D,0
39.20209,25.90447,346.88,0.66,0.73,2020-11-10,1218,N,VIIRS,n,2,291.78,9.24,D,0
41.03791,23.42875,335.25,0.5,0.66,2020-11-10,1218,N,VIIRS,n,2,290.58,4.84,D,0
39.20171,25.90506,345.88,0.66,0.73,2020-11-10,1218,N,VIIRS,n,2,291.57,5.94,D,0
38.2009,23.90405,298.94,0.51,0.41,2020-11-11,0037,N,VIIRS,n,2,283.02,0.64,N,0
35.03238,25.58224,298.96,0.47,0.48,2020-11-11,0038,N,VIIRS,n,2,283.33,0.54,N,0
39.14126,25.95497,355.28,0.44,0.63,2020-11-11,1018,N,VIIRS,n,2,292.96,5.73,D,0
39.14251,26.09284,336.51,0.44,0.62,2020-11-11,1018,N,VIIRS,n,2,291.08,4.91,D,0
41.53325,26.44233,337,0.36,0.57,2020-11-11,1019,N,VIIRS,n,2,285.26,4.13,D,0
40.92579,24.58483,338.93,0.46,0.64,2020-11-11,1019,N,VIIRS,n,2,284.69,5.27,D,0
38.47958,23.05042,331.59,0.51,0.49,2020-11-11,1158,N,VIIRS,n,2,290.03,3.96,D,0
38.32965,21.56885,326.77,0.42,0.45,2020-11-11,1158,N,VIIRS,n,2,292.62,2.52,D,0
39.11042,26.1133,347.14,0.37,0.58,2020-11-11,1158,N,VIIRS,n,2,291.92,3.45,D,3
41.08523,23.3811,326.89,0.56,0.51,2020-11-11,1159,N,VIIRS,n,2,290.88,4.03,D,0
41.08998,23.37461,340.52,0.56,0.51,2020-11-11,1159,N,VIIRS,n,2,291.24,3.99,D,0
41.08568,23.38194,332.14,0.56,0.51,2020-11-11,1159,N,VIIRS,n,2,291.45,3.99,D,0
41.08616,23.38872,340.87,0.56,0.51,2020-11-11,1159,N,VIIRS,n,2,293.19,8.16,D,0
41.04595,23.36607,344.51,0.56,0.51,2020-11-11,1159,N,VIIRS,n,2,293.73,19.94,D,0
41.08957,23.37376,341.34,0.56,0.51,2020-11-11,1159,N,VIIRS,n,2,291.88,6.53,D,0
40.90197,24.73839,326.16,0.33,0.55,2020-11-11,1159,N,VIIRS,n,2,288.04,1.27,D,0
41.08568,23.38789,341.65,0.56,0.51,2020-11-11,1159,N,VIIRS,n,2,293.21,4.03,D,0
38.12831,23.52607,305.04,0.38,0.36,2020-11-12,0018,N,VIIRS,n,2,285.33,0.84,N,2
37.84232,21.12218,331.82,0.4,0.37,2020-11-12,1139,N,VIIRS,n,2,294.64,2.72,D,0
38.09007,20.71955,326.82,0.39,0.36,2020-11-12,1139,N,VIIRS,n,2,291.45,2.29,D,0
39.51429,21.90247,326.66,0.43,0.38,2020-11-12,1140,N,VIIRS,n,2,290.4,2.03,D,0
40.85354,21.51025,330.98,0.43,0.38,2020-11-12,1140,N,VIIRS,n,2,292.07,11.04,D,0
40.79291,21.12329,337.01,0.42,0.37,2020-11-12,1140,N,VIIRS,n,2,292.02,5.24,D,0
41.32883,26.2618,340.27,0.45,0.47,2020-11-12,1140,N,VIIRS,n,2,289.94,4.2,D,0
40.85172,21.49207,329.73,0.43,0.38,2020-11-12,1140,N,VIIRS,n,2,293.4,2.73,D,0
40.8536,21.5072,333.83,0.43,0.38,2020-11-12,1140,N,VIIRS,n,2,291.63,5.61,D,0
40.85007,21.511,331.02,0.43,0.38,2020-11-12,1140,N,VIIRS,n,2,294.47,8.67,D,0
37.84096,24.87259,328.07,0.39,0.36,2020-11-13,1120,N,VIIRS,n,2,288.69,2.88,D,0
37.84161,24.87697,330.81,0.39,0.36,2020-11-13,1120,N,VIIRS,n,2,290.39,2.88,D,0
37.83832,24.87779,329.12,0.39,0.36,2020-11-13,1120,N,VIIRS,n,2,288.9,2.88,D,0
35.3088,23.54011,331.71,0.39,0.37,2020-11-13,1120,N,VIIRS,n,2,293.4,3.2,D,0
40.06327,22.19526,339.52,0.39,0.36,2020-11-13,1121,N,VIIRS,n,2,308.85,56.36,D,0
41.0024,23.53901,326.54,0.38,0.36,2020-11-13,1121,N,VIIRS,n,2,292.76,2.03,D,0
40.99448,23.448,334.59,0.38,0.36,2020-11-13,1121,N,VIIRS,n,2,293.52,3.9,D,0
41.00368,23.44087,326.04,0.38,0.36,2020-11-13,1121,N,VIIRS,n,2,290.38,2.8,D,0
41.03683,23.47941,330.3,0.38,0.36,2020-11-13,1121,N,VIIRS,n,2,293.61,2.08,D,0
41.02592,23.40672,335.99,0.38,0.36,2020-11-13,1121,N,VIIRS,n,2,291.16,8.44,D,0
41.02318,23.38855,339.9,0.38,0.36,2020-11-13,1121,N,VIIRS,n,2,291.54,5.04,D,0
41.04988,23.45238,329.11,0.38,0.36,2020-11-13,1121,N,VIIRS,n,2,289.85,1.5,D,0
41.04417,23.36887,330.3,0.38,0.36,2020-11-13,1121,N,VIIRS,n,2,293.07,4.42,D,0
41.04745,23.368,329.64,0.38,0.36,2020-11-13,1121,N,VIIRS,n,2,292.22,4.42,D,0
41.06062,23.36454,327.05,0.38,0.36,2020-11-13,1121,N,VIIRS,n,2,292,2.07,D,0
40.05996,22.19617,354.09,0.39,0.36,2020-11-13,1121,N,VIIRS,n,2,301.03,10.66,D,0
39.77211,20.7414,333.1,0.42,0.38,2020-11-13,1121,N,VIIRS,n,2,295.34,6.93,D,0
39.76439,20.7181,330.42,0.42,0.38,2020-11-13,1121,N,VIIRS,n,2,290.86,2.47,D,0
39.81361,22.08889,336.68,0.39,0.36,2020-11-13,1121,N,VIIRS,n,2,293.27,2.79,D,0
39.78838,22.51545,338.52,0.39,0.36,2020-11-13,1121,N,VIIRS,n,2,297.58,8.89,D,0
39.56602,22.65728,331.16,0.39,0.36,2020-11-13,1121,N,VIIRS,n,2,294.45,1.75,D,0
39.37041,22.30728,331.64,0.39,0.36,2020-11-13,1121,N,VIIRS,n,2,293.23,2.58,D,0
38.88846,22.5117,329.54,0.39,0.36,2020-11-13,1121,N,VIIRS,n,2,291.24,2.85,D,0
39.24138,25.91805,333.42,0.41,0.37,2020-11-13,1121,N,VIIRS,n,2,293.03,2.96,D,0
39.19134,25.85704,325.59,0.4,0.37,2020-11-13,1121,N,VIIRS,n,2,289.63,2.04,D,0
38.46793,23.01559,333.74,0.39,0.36,2020-11-13,1121,N,VIIRS,n,2,298.56,2.27,D,0
38.45782,23.05964,331.14,0.39,0.36,2020-11-13,1121,N,VIIRS,n,2,297.27,1.62,D,0
38.45854,23.06405,325.76,0.39,0.36,2020-11-13,1121,N,VIIRS,n,2,296.44,1.62,D,0
38.26598,23.1349,327.52,0.39,0.36,2020-11-13,1121,N,VIIRS,n,2,294.94,2.26,D,0
41.6111,26.38242,330.64,0.44,0.38,2020-11-13,1121,N,VIIRS,n,2,287.62,4.55,D,0
41.60804,26.3805,333.76,0.44,0.38,2020-11-13,1121,N,VIIRS,n,2,288.23,5.59,D,0
41.1238,23.28881,327.67,0.38,0.36,2020-11-13,1121,N,VIIRS,n,2,291.23,2.42,D,0
41.12463,23.31695,331.76,0.38,0.36,2020-11-13,1121,N,VIIRS,n,2,293.71,12.04,D,0
41.12532,23.3215,329.06,0.38,0.36,2020-11-13,1121,N,VIIRS,n,2,291.76,3.43,D,0
41.12601,23.32604,328.91,0.38,0.36,2020-11-13,1121,N,VIIRS,n,2,290.45,3.43,D,0
41.12066,23.31327,333.59,0.38,0.36,2020-11-13,1121,N,VIIRS,n,2,291.64,2.26,D,0
41.12135,23.31782,330.8,0.38,0.36,2020-11-13,1121,N,VIIRS,n,2,293.35,2.26,D,0
41.11325,23.28688,330.66,0.38,0.36,2020-11-13,1121,N,VIIRS,n,2,291.77,2.75,D,0
41.11422,23.33861,342.92,0.38,0.36,2020-11-13,1121,N,VIIRS,n,2,292.13,5.34,D,0
41.10229,23.32758,332.34,0.38,0.36,2020-11-13,1121,N,VIIRS,n,2,291.49,3.06,D,0
41.10174,23.34662,333.71,0.38,0.36,2020-11-13,1121,N,VIIRS,n,2,289.2,2.7,D,0
41.09365,23.31568,339.17,0.38,0.36,2020-11-13,1121,N,VIIRS,n,2,291.79,2.98,D,0
41.09433,23.32022,330.94,0.38,0.36,2020-11-13,1121,N,VIIRS,n,2,291.3,4.92,D,0
41.08967,23.31201,326.94,0.38,0.36,2020-11-13,1121,N,VIIRS,n,2,291.31,2.98,D,0
41.09036,23.31655,334.65,0.38,0.36,2020-11-13,1121,N,VIIRS,n,2,291.14,2.98,D,0
41.08297,23.35393,328.08,0.38,0.36,2020-11-13,1121,N,VIIRS,n,2,289.03,2.69,D,0
40.06599,22.12773,355.23,0.39,0.36,2020-11-13,1121,N,VIIRS,n,2,301.75,18.39,D,0
40.06524,22.12316,327.23,0.39,0.36,2020-11-13,1121,N,VIIRS,n,2,297.17,18.39,D,0
40.0681,22.09857,325.4,0.39,0.36,2020-11-13,1121,N,VIIRS,n,2,293.83,1.36,D,0
40.16679,22.5349,331.06,0.39,0.36,2020-11-13,1121,N,VIIRS,n,2,293.35,3.2,D,0
40.30104,23.3468,330.93,0.38,0.36,2020-11-13,1121,N,VIIRS,n,2,294.24,4.45,D,0
40.17926,22.52678,329.53,0.39,0.36,2020-11-13,1121,N,VIIRS,n,2,292.89,2.17,D,0
40.00157,21.43179,329.36,0.4,0.37,2020-11-13,1121,N,VIIRS,n,2,288.32,2.58,D,0
40.45263,23.23032,338.82,0.38,0.36,2020-11-13,1121,N,VIIRS,n,2,295.58,3.94,D,0
40.53004,23.37848,330.97,0.38,0.36,2020-11-13,1121,N,VIIRS,n,2,294.21,2.42,D,0
40.59738,23.22145,327.18,0.38,0.36,2020-11-13,1121,N,VIIRS,n,2,293.25,2.09,D,0
40.38947,21.91712,326.39,0.39,0.36,2020-11-13,1121,N,VIIRS,n,2,293.8,3.42,D,0
40.5867,22.80388,331.4,0.39,0.36,2020-11-13,1121,N,VIIRS,n,2,294.44,4.78,D,0
40.99665,25.63437,326.69,0.41,0.37,2020-11-13,1121,N,VIIRS,n,2,292.07,1.9,D,0
40.97906,25.39373,334.59,0.41,0.37,2020-11-13,1121,N,VIIRS,n,2,292.6,4.36,D,0
40.59105,22.72263,328.94,0.39,0.36,2020-11-13,1121,N,VIIRS,n,2,292.22,3.39,D,0
40.63231,22.81038,345.25,0.39,0.36,2020-11-13,1121,N,VIIRS,n,2,293.35,4.11,D,0
40.67809,22.62947,329.23,0.39,0.36,2020-11-13,1121,N,VIIRS,n,2,292.94,1.58,D,0
40.95124,23.60895,325.3,0.38,0.36,2020-11-13,1121,N,VIIRS,n,2,292.61,1.15,D,0
40.94921,23.59531,336.74,0.38,0.36,2020-11-13,1121,N,VIIRS,n,2,293.58,2.76,D,0
41.01818,24.04152,329.08,0.39,0.36,2020-11-13,1121,N,VIIRS,n,2,294.92,1.21,D,0
40.95512,23.58906,326.47,0.38,0.36,2020-11-13,1121,N,VIIRS,n,2,295.71,2.46,D,0
40.95778,23.44684,330.68,0.38,0.36,2020-11-13,1121,N,VIIRS,n,2,292.8,1.92,D,0
36.8186,22.72469,334.66,0.4,0.44,2020-11-14,1101,N,VIIRS,n,2,294.37,3.33,D,0
36.81764,22.72607,326.31,0.4,0.44,2020-11-14,1101,N,VIIRS,n,2,293.98,2.53,D,0
41.00668,23.41746,334.47,0.47,0.4,2020-11-14,1102,N,VIIRS,n,2,293.16,4.53,D,0
41.21052,23.21408,333.34,0.48,0.4,2020-11-14,1102,N,VIIRS,n,2,291.98,2.72,D,0
41.21449,23.25452,330.03,0.48,0.4,2020-11-14,1102,N,VIIRS,n,2,292.37,3.44,D,0
40.81392,21.43488,334.78,0.38,0.43,2020-11-14,1102,N,VIIRS,n,2,291.2,3.13,D,0
41.11268,23.28315,336.11,0.48,0.4,2020-11-14,1102,N,VIIRS,n,2,291.01,3.43,D,0
41.11708,23.30544,330.72,0.48,0.4,2020-11-14,1102,N,VIIRS,n,2,291.7,5.07,D,0
41.11817,23.31101,340.77,0.48,0.4,2020-11-14,1102,N,VIIRS,n,2,293.35,7.82,D,0
41.1187,23.30731,346.39,0.48,0.4,2020-11-14,1102,N,VIIRS,n,2,293.15,12.7,D,0
41.10972,23.28061,325.96,0.48,0.4,2020-11-14,1102,N,VIIRS,n,2,289.96,1.5,D,0
41.1108,23.2862,327.62,0.48,0.4,2020-11-14,1102,N,VIIRS,n,2,292.24,3.56,D,0
41.11296,23.29737,329.63,0.48,0.4,2020-11-14,1102,N,VIIRS,n,2,291.52,3.37,D,0
41.11404,23.30295,336.66,0.48,0.4,2020-11-14,1102,N,VIIRS,n,2,291.5,3.37,D,0
41.10792,23.31097,337.1,0.48,0.4,2020-11-14,1102,N,VIIRS,n,2,291.6,12.2,D,0
41.10899,23.31654,347.56,0.48,0.4,2020-11-14,1102,N,VIIRS,n,2,298.05,12.2,D,0
41.1054,23.31777,333.01,0.48,0.4,2020-11-14,1102,N,VIIRS,n,2,294.17,4.14,D,0
41.09462,23.32142,332.21,0.48,0.4,2020-11-14,1102,N,VIIRS,n,2,294.03,5.13,D,0
41.07129,23.41795,331.83,0.47,0.4,2020-11-14,1102,N,VIIRS,n,2,292.66,3.44,D,0
41.04222,23.38649,344.57,0.47,0.4,2020-11-14,1102,N,VIIRS,n,2,295.75,11.5,D,0
41.03938,23.41103,329.66,0.47,0.4,2020-11-14,1102,N,VIIRS,n,2,290.66,3.69,D,0
41.03471,23.40671,334.96,0.47,0.4,2020-11-14,1102,N,VIIRS,n,2,291.43,3.69,D,0
41.03537,23.40776,335.08,0.47,0.4,2020-11-14,1102,N,VIIRS,n,2,291.51,4.57,D,0
41.03643,23.4133,327.18,0.47,0.4,2020-11-14,1102,N,VIIRS,n,2,291.58,2.88,D,0
41.01664,23.44941,327.46,0.47,0.4,2020-11-14,1102,N,VIIRS,n,2,291.26,2.72,D,0
41.00454,23.40638,331.03,0.47,0.4,2020-11-14,1102,N,VIIRS,n,2,293.35,2.43,D,0
41.00561,23.41192,329.92,0.47,0.4,2020-11-14,1102,N,VIIRS,n,2,291.23,4.53,D,0
40.9812,23.44373,334.3,0.47,0.4,2020-11-14,1102,N,VIIRS,n,2,293.36,7.46,D,0
40.97762,23.44494,333.29,0.47,0.4,2020-11-14,1102,N,VIIRS,n,2,294.13,7.46,D,0
40.92328,23.59425,330.09,0.47,0.4,2020-11-14,1102,N,VIIRS,n,2,293.79,2.79,D,0
40.40915,21.21403,339.65,0.4,0.44,2020-11-14,1102,N,VIIRS,n,2,289.83,4.53,D,0
40.41008,21.21835,325.32,0.4,0.44,2020-11-14,1102,N,VIIRS,n,2,286.05,4.01,D,0
40.70115,22.76234,346.02,0.51,0.41,2020-11-14,1102,N,VIIRS,n,2,297.06,17.19,D,0
40.69744,22.76361,346.58,0.51,0.41,2020-11-14,1102,N,VIIRS,n,2,294.11,7.86,D,0
41.03699,24.75716,340.41,0.43,0.38,2020-11-14,1102,N,VIIRS,n,2,293.95,4.79,D,0
41.23458,26.21601,327.2,0.4,0.37,2020-11-14,1102,N,VIIRS,n,2,286.44,2.41,D,0
40.58326,22.80484,336.37,0.51,0.41,2020-11-14,1102,N,VIIRS,n,2,293.74,7.32,D,0
40.79464,23.89236,328.96,0.46,0.39,2020-11-14,1102,N,VIIRS,n,2,291.33,1.95,D,0
40.58429,22.80663,335.85,0.51,0.41,2020-11-14,1102,N,VIIRS,n,2,293.57,7.74,D,0
40.89737,24.67108,340.36,0.43,0.38,2020-11-14,1102,N,VIIRS,n,2,292.24,5.36,D,0
40.38127,22.5843,327.74,0.52,0.42,2020-11-14,1102,N,VIIRS,n,2,295.05,4.23,D,0
40.43451,22.96616,325.02,0.5,0.41,2020-11-14,1102,N,VIIRS,n,2,294.47,2.35,D,0
40.22477,21.98582,334.24,0.56,0.43,2020-11-14,1102,N,VIIRS,n,2,290.72,4.65,D,0
40.97975,26.33792,333.24,0.4,0.37,2020-11-14,1102,N,VIIRS,n,2,287.59,3.79,D,0
40.38188,23.11655,331.35,0.5,0.41,2020-11-14,1102,N,VIIRS,n,2,293.57,2.01,D,0
40.84359,26.01281,327.08,0.4,0.37,2020-11-14,1102,N,VIIRS,n,2,286.68,2.5,D,0
40.19095,22.53627,326.29,0.53,0.42,2020-11-14,1102,N,VIIRS,n,2,292.7,2.91,D,0
40.15958,22.52095,340.92,0.53,0.42,2020-11-14,1102,N,VIIRS,n,2,293.96,5.83,D,0
39.85823,22.18929,346.19,0.56,0.43,2020-11-14,1102,N,VIIRS,n,2,294.92,10.11,D,0
39.82624,22.07589,331.91,0.56,0.43,2020-11-14,1102,N,VIIRS,n,2,293.98,7.68,D,0
38.35087,23.38099,336.57,0.53,0.42,2020-11-14,1102,N,VIIRS,n,2,295.91,8.06,D,0
38.35205,23.3869,329,0.52,0.42,2020-11-14,1102,N,VIIRS,n,2,292.14,5.65,D,0
38.34712,23.38227,336.75,0.53,0.42,2020-11-14,1102,N,VIIRS,n,2,295.27,8.06,D,0
38.3483,23.38819,330.65,0.52,0.42,2020-11-14,1102,N,VIIRS,n,2,293.26,5.65,D,0
37.51912,21.86411,344.52,0.43,0.46,2020-11-14,1102,N,VIIRS,n,2,291.86,5.9,D,0
37.51892,21.86235,338.86,0.43,0.46,2020-11-14,1102,N,VIIRS,n,2,292.44,7.04,D,0
37.5406,22.40959,328.6,0.4,0.44,2020-11-14,1102,N,VIIRS,n,2,293.11,1.63,D,0
41.21393,23.21684,329.13,0.48,0.4,2020-11-14,1103,N,VIIRS,n,2,291.07,4.71,D,0
41.08661,22.23157,329.67,0.53,0.42,2020-11-14,1103,N,VIIRS,n,2,291.42,8.51,D,0
39.35437,22.98336,300.21,0.59,0.53,2020-11-15,0101,N,VIIRS,n,2,282.54,2.02,N,2
37.91985,23.07432,298.8,0.32,0.55,2020-11-15,0102,N,VIIRS,n,2,286.42,1.11,N,2
38.56539,23.29278,315.12,0.32,0.55,2020-11-15,0102,N,VIIRS,n,2,285.38,1.38,N,2
38.4826,22.49239,307.36,0.59,0.53,2020-11-15,0102,N,VIIRS,n,2,279.43,0.4,N,0
38.03364,23.60626,303.25,0.34,0.56,2020-11-15,0102,N,VIIRS,n,2,283.61,0.74,N,2
38.02866,23.60415,311.95,0.34,0.56,2020-11-15,0102,N,VIIRS,n,2,281.28,1.07,N,0
35.4604,23.56345,326.09,0.34,0.56,2020-11-15,1042,N,VIIRS,n,2,288.97,1.78,D,0
35.46453,23.56377,328.52,0.34,0.56,2020-11-15,1042,N,VIIRS,n,2,289.59,2.19,D,0
39.16592,25.9762,333.88,0.42,0.46,2020-11-15,1043,N,VIIRS,n,2,291.56,4.36,D,0
39.15179,25.91233,326.36,0.43,0.46,2020-11-15,1043,N,VIIRS,n,2,290.37,1.48,D,0
39.21228,25.88545,348.36,0.43,0.46,2020-11-15,1043,N,VIIRS,n,2,294.21,5.38,D,0
39.11493,26.06967,343.42,0.42,0.45,2020-11-15,1043,N,VIIRS,n,2,297.5,19.84,D,0
39.27406,26.0842,337.14,0.42,0.45,2020-11-15,1043,N,VIIRS,n,2,286.69,4.98,D,0
38.29884,23.6051,336.98,0.58,0.52,2020-11-15,1043,N,VIIRS,n,2,294.62,5.07,D,0
39.1047,26.06305,342.62,0.42,0.45,2020-11-15,1043,N,VIIRS,n,2,289.62,3.27,D,0
38.30199,23.55497,329.56,0.59,0.53,2020-11-15,1043,N,VIIRS,n,2,291.5,3.44,D,0
41.05322,23.62717,327.86,0.5,0.49,2020-11-15,1044,N,VIIRS,n,2,292.41,1.49,D,0
41.01058,23.71692,336.6,0.5,0.49,2020-11-15,1044,N,VIIRS,n,2,290.74,4.49,D,0
40.84663,22.80224,327.77,0.55,0.51,2020-11-15,1044,N,VIIRS,n,2,291.23,3.22,D,0
40.98307,23.43678,332.76,0.51,0.5,2020-11-15,1044,N,VIIRS,n,2,290.33,2.33,D,0
40.98322,23.43874,328.77,0.51,0.5,2020-11-15,1044,N,VIIRS,n,2,289.46,3.59,D,0
40.99873,24.10015,339.79,0.48,0.48,2020-11-15,1044,N,VIIRS,n,2,291.4,9.24,D,0
40.54117,22.55896,335.62,0.58,0.52,2020-11-15,1044,N,VIIRS,n,2,289.5,4.71,D,0
41.04783,23.40339,350.21,0.51,0.5,2020-11-15,1044,N,VIIRS,n,2,289.09,10.96,D,0
41.05492,23.43303,334.52,0.51,0.49,2020-11-15,1044,N,VIIRS,n,2,288.3,3.63,D,0
40.06563,22.1161,348.52,0.51,0.66,2020-11-15,1224,N,VIIRS,n,2,289.85,5.87,D,0
38.53198,22.99696,334.36,0.55,0.68,2020-11-15,1224,N,VIIRS,n,2,288.08,4.92,D,0
40.06759,22.11892,345.41,0.51,0.66,2020-11-15,1224,N,VIIRS,n,2,289.94,6.9,D,0
38.4183,23.07376,325.49,0.56,0.69,2020-11-15,1224,N,VIIRS,n,2,289.02,4.75,D,0
40.1365,21.45943,332.49,0.47,0.64,2020-11-15,1224,N,VIIRS,n,2,284.34,5.71,D,0
40.1425,21.45912,356.82,0.47,0.64,2020-11-15,1224,N,VIIRS,l,2,288.35,5.71,D,0
38.41816,23.0797,344.27,0.56,0.69,2020-11-15,1224,N,VIIRS,n,2,290.31,7.44,D,0
38.41846,23.08038,338.14,0.56,0.69,2020-11-15,1224,N,VIIRS,n,2,289.33,6.71,D,0
38.03962,23.51161,296.3,0.39,0.44,2020-11-16,0043,N,VIIRS,n,2,285.66,1.24,N,0
39.38689,22.80863,295.3,0.51,0.41,2020-11-16,0043,N,VIIRS,n,2,279.17,0.73,N,2
39.35399,22.98693,303.79,0.52,0.42,2020-11-16,0043,N,VIIRS,n,2,283.32,1.35,N,2
39.16636,22.84601,305.46,0.52,0.41,2020-11-16,0043,N,VIIRS,n,2,279.07,1.5,N,2
38.56522,23.29455,327.96,0.56,0.43,2020-11-16,0043,N,VIIRS,n,2,284.8,4.72,N,2
38.27022,23.6181,336.39,0.51,0.66,2020-11-16,1024,N,VIIRS,n,2,290.2,3.78,D,0
39.15786,25.91706,330.44,0.37,0.58,2020-11-16,1024,N,VIIRS,n,2,290.46,2.93,D,0
39.24792,25.9401,332.84,0.37,0.58,2020-11-16,1024,N,VIIRS,n,2,290.13,2.26,D,0
38.87153,22.50681,332.29,0.56,0.69,2020-11-16,1024,N,VIIRS,n,2,288.9,4.19,D,0
40.84362,21.47048,327.45,0.55,0.68,2020-11-16,1025,N,VIIRS,n,2,289.3,2.73,D,0
40.78603,21.52983,342.04,0.55,0.68,2020-11-16,1025,N,VIIRS,n,2,287.29,3.75,D,0
40.78016,21.53311,335.95,0.55,0.68,2020-11-16,1025,N,VIIRS,n,2,288.01,3.75,D,0
40.48804,21.23484,331.85,0.58,0.69,2020-11-16,1025,N,VIIRS,n,2,285.63,3.06,D,0
41.09926,23.33582,326.02,0.44,0.62,2020-11-16,1025,N,VIIRS,n,2,285.29,2.28,D,0
41.10943,23.37102,331.83,0.44,0.62,2020-11-16,1025,N,VIIRS,n,2,287.25,3.15,D,0
41.07846,23.32884,328.23,0.44,0.62,2020-11-16,1025,N,VIIRS,n,2,285.34,1.78,D,0
40.57099,22.73604,345.44,0.49,0.65,2020-11-16,1025,N,VIIRS,n,2,288.46,5.29,D,0
40.24257,21.91306,367,0.54,0.68,2020-11-16,1025,N,VIIRS,h,2,291.86,12.5,D,0
37.2343,22.48272,328.11,0.56,0.51,2020-11-16,1204,N,VIIRS,n,2,291.5,5.81,D,0
37.22955,22.48359,338.68,0.56,0.51,2020-11-16,1204,N,VIIRS,n,2,292.44,5.81,D,0
37.41391,24.46914,367,0.36,0.57,2020-11-16,1204,N,VIIRS,h,2,293,6.71,D,0
37.40859,24.47009,338.74,0.36,0.57,2020-11-16,1204,N,VIIRS,n,2,291.14,3.07,D,0
40.59975,23.55796,328.58,0.34,0.56,2020-11-16,1205,N,VIIRS,n,2,287.77,2.14,D,0
40.05828,22.10471,345.35,0.57,0.52,2020-11-16,1205,N,VIIRS,n,2,293.63,11.78,D,0
39.80161,22.07388,339.4,0.56,0.52,2020-11-16,1205,N,VIIRS,n,2,292.27,8.78,D,0
39.81801,22.09153,337.96,0.56,0.52,2020-11-16,1205,N,VIIRS,n,2,291.11,7.13,D,0
39.80215,22.07323,338.86,0.56,0.52,2020-11-16,1205,N,VIIRS,n,2,291.28,13.37,D,0
39.25986,26.03994,340.69,0.45,0.63,2020-11-16,1205,N,VIIRS,n,2,293.95,5.53,D,0
39.24406,25.94034,330.65,0.45,0.63,2020-11-16,1205,N,VIIRS,n,2,290.23,3.17,D,0
41.06967,23.32734,337.2,0.34,0.56,2020-11-16,1205,N,VIIRS,n,2,285.97,5.75,D,0
41.07442,23.31866,336.51,0.34,0.56,2020-11-16,1205,N,VIIRS,n,2,287.89,5.61,D,0
41.12142,23.3184,336.57,0.34,0.56,2020-11-16,1205,N,VIIRS,n,2,289.6,2.35,D,0
41.03802,23.41764,352.78,0.34,0.56,2020-11-16,1205,N,VIIRS,n,2,290.78,3.9,D,0
41.03092,23.3851,326.26,0.34,0.56,2020-11-16,1205,N,VIIRS,n,2,287.16,1.43,D,0
40.98013,23.41442,335.58,0.34,0.56,2020-11-16,1205,N,VIIRS,n,2,288.79,4.25,D,0
38.56804,23.29617,297.25,0.39,0.36,2020-11-17,0024,N,VIIRS,n,2,284.38,1.18,N,3
37.85545,22.45776,345.13,0.39,0.36,2020-11-17,0024,N,VIIRS,n,2,279.35,8.9,N,0
38.37284,24.0602,296.99,0.4,0.37,2020-11-17,0024,N,VIIRS,n,2,281.98,0.7,N,2
38.56474,23.29524,308.2,0.39,0.36,2020-11-17,0024,N,VIIRS,n,2,283.99,1.18,N,2
39.35538,22.98383,309.4,0.39,0.36,2020-11-17,0024,N,VIIRS,n,2,284.83,0.97,N,2
39.3875,22.80734,295.16,0.39,0.36,2020-11-17,0024,N,VIIRS,n,2,280.29,0.37,N,2
37.8286,24.85903,351.02,0.78,0.78,2020-11-17,1005,N,VIIRS,n,2,282.89,20.26,D,0
37.83114,24.86671,357.97,0.78,0.78,2020-11-17,1005,N,VIIRS,l,2,286.12,26.66,D,0
37.82918,24.86728,327.63,0.42,0.45,2020-11-17,1145,N,VIIRS,n,2,287.07,3.09,D,0
37.23246,22.48519,332.47,0.48,0.4,2020-11-17,1145,N,VIIRS,n,2,292.58,5.12,D,0
37.3313,23.15266,331.19,0.52,0.41,2020-11-17,1145,N,VIIRS,n,2,289.56,5.26,D,0
39.80345,25.18875,353.61,0.46,0.47,2020-11-17,1146,N,VIIRS,n,2,296.93,19.78,D,0
41.07562,23.35118,352.96,0.39,0.44,2020-11-17,1146,N,VIIRS,n,2,292.64,10.72,D,0
41.12638,24.07022,328.84,0.42,0.45,2020-11-17,1146,N,VIIRS,n,2,290.73,3.03,D,0
40.99432,23.43922,335.44,0.39,0.44,2020-11-17,1146,N,VIIRS,n,2,291.03,5.49,D,0
41.07694,23.32266,326.14,0.39,0.44,2020-11-17,1146,N,VIIRS,n,2,285.69,2.09,D,0
40.99608,23.4152,339.37,0.39,0.44,2020-11-17,1146,N,VIIRS,n,2,290.8,4.75,D,0
39.24832,25.85692,328.04,0.49,0.49,2020-11-17,1146,N,VIIRS,n,2,289.41,4.16,D,3
39.25328,25.8619,345.05,0.49,0.49,2020-11-17,1146,N,VIIRS,n,2,293.51,11.81,D,0
39.18247,25.95908,342.71,0.5,0.49,2020-11-17,1146,N,VIIRS,n,2,292.43,5.37,D,0
38.88025,22.50879,329.59,0.5,0.41,2020-11-17,1146,N,VIIRS,n,2,289.22,3.14,D,0
39.24921,25.86799,330.73,0.49,0.49,2020-11-17,1146,N,VIIRS,n,2,294.4,3.2,D,0
39.24876,25.86241,337.83,0.49,0.49,2020-11-17,1146,N,VIIRS,n,2,294.59,4.16,D,0
38.56526,23.29587,307.38,0.44,0.39,2020-11-18,0005,N,VIIRS,n,2,267.47,1.66,N,2
36.8155,22.74395,335.48,0.38,0.36,2020-11-18,1126,N,VIIRS,n,2,277.6,3.7,D,0
41.0214,22.72325,329.53,0.39,0.36,2020-11-18,1128,N,VIIRS,n,2,288.95,2.65,D,0
41.15067,23.28788,331.64,0.42,0.38,2020-11-19,1109,N,VIIRS,n,2,291.3,3.79,D,0
40.87043,24.75005,326.03,0.4,0.37,2020-11-19,1109,N,VIIRS,n,2,288.29,2.18,D,0
40.90302,24.62501,327.69,0.4,0.37,2020-11-19,1109,N,VIIRS,n,2,287.4,2.8,D,0
41.00272,24.30131,330.98,0.4,0.37,2020-11-19,1109,N,VIIRS,n,2,293.04,4.53,D,0
40.95642,23.9292,328.47,0.41,0.37,2020-11-19,1109,N,VIIRS,n,2,292.04,2.31,D,0
40.68217,22.34169,330.9,0.46,0.39,2020-11-19,1109,N,VIIRS,n,2,291.4,2.78,D,0
40.94593,23.73109,331.21,0.41,0.37,2020-11-19,1109,N,VIIRS,n,2,294.4,2.15,D,0
40.72514,22.50808,339.76,0.45,0.39,2020-11-19,1109,N,VIIRS,n,2,291.92,5.02,D,0
40.95856,23.70155,329.8,0.42,0.37,2020-11-19,1109,N,VIIRS,n,2,292.35,2.28,D,0
41.00429,23.67722,328.78,0.42,0.37,2020-11-19,1109,N,VIIRS,n,2,294.29,2.87,D,0
40.96865,23.45536,342.3,0.42,0.38,2020-11-19,1109,N,VIIRS,n,2,298.1,13.5,D,0
41.03733,23.38912,334.31,0.42,0.38,2020-11-19,1109,N,VIIRS,n,2,290.92,3.12,D,0
41.03986,23.3831,325.75,0.42,0.38,2020-11-19,1109,N,VIIRS,n,2,291.18,1.76,D,0
41.04504,23.39194,343.05,0.42,0.38,2020-11-19,1109,N,VIIRS,n,2,293.3,4.23,D,0
41.0535,23.37883,330.11,0.42,0.38,2020-11-19,1109,N,VIIRS,n,2,294.42,3.45,D,0
41.08092,23.39117,331.22,0.42,0.38,2020-11-19,1109,N,VIIRS,n,2,293.43,1.8,D,0
41.08302,23.39299,339.07,0.42,0.38,2020-11-19,1109,N,VIIRS,n,2,293.63,5.19,D,0
41.03976,23.07603,326.66,0.43,0.38,2020-11-19,1109,N,VIIRS,n,2,288.22,2.71,D,0
41.12661,23.39504,330.74,0.42,0.38,2020-11-19,1109,N,VIIRS,n,2,293.84,2.97,D,0
41.12632,23.35329,328.69,0.42,0.38,2020-11-19,1109,N,VIIRS,n,2,292.48,2.33,D,0
41.12454,23.34336,328.65,0.42,0.38,2020-11-19,1109,N,VIIRS,n,2,292,2.89,D,0
41.01277,22.73156,336.79,0.44,0.38,2020-11-19,1109,N,VIIRS,n,2,292.82,3.83,D,0
40.8365,21.44396,333.97,0.49,0.4,2020-11-19,1109,N,VIIRS,n,2,289.69,3.01,D,0
39.78301,22.47672,297.53,0.5,0.65,2020-11-19,2327,N,VIIRS,n,2,278.03,1.11,N,0
39.35251,22.98307,296.58,0.35,0.57,2020-11-20,0108,N,VIIRS,n,2,283.16,1.64,N,2
39.38763,22.80866,305.55,0.35,0.56,2020-11-20,0108,N,VIIRS,n,2,277.8,1.16,N,2
37.92983,23.10755,340.73,0.53,0.5,2020-11-20,1049,N,VIIRS,n,2,290.83,13.31,D,0
37.92867,23.10581,367,0.52,0.5,2020-11-20,1049,N,VIIRS,h,2,291.18,12.86,D,0
37.81202,21.31861,325.15,0.33,0.55,2020-11-20,1049,N,VIIRS,n,2,290.82,1.26,D,0
39.18319,26.03931,335.22,0.53,0.42,2020-11-20,1049,N,VIIRS,n,2,292.89,26.75,D,0
37.85604,21.26824,330.1,0.33,0.55,2020-11-20,1049,N,VIIRS,n,2,291.01,3.59,D,0
39.19076,25.95713,329.14,0.54,0.42,2020-11-20,1049,N,VIIRS,n,2,288.79,3.33,D,0
40.52205,23.28346,334.08,0.45,0.47,2020-11-20,1050,N,VIIRS,n,2,286.07,5.37,D,0
41.1391,23.26677,341.79,0.44,0.46,2020-11-20,1050,N,VIIRS,n,2,290.75,5.63,D,0
40.97759,23.41793,329.77,0.43,0.46,2020-11-20,1050,N,VIIRS,n,2,291.11,2.45,D,0
40.98475,24.36945,325.79,0.39,0.44,2020-11-20,1050,N,VIIRS,n,2,288.33,2.04,D,0
40.98453,24.36817,333.95,0.39,0.44,2020-11-20,1050,N,VIIRS,n,2,288.75,3.67,D,0
40.85746,23.83818,333.46,0.42,0.45,2020-11-20,1050,N,VIIRS,n,2,290.09,2.48,D,0
40.93179,24.86121,327.78,0.56,0.43,2020-11-20,1050,N,VIIRS,n,2,289.75,1.77,D,0
40.91254,24.86822,328.43,0.56,0.43,2020-11-20,1050,N,VIIRS,n,2,288.87,5.48,D,0
40.52629,23.42339,346.59,0.44,0.46,2020-11-20,1050,N,VIIRS,n,2,288.77,5.94,D,0
40.53039,23.42157,348.47,0.44,0.46,2020-11-20,1050,N,VIIRS,n,2,287.65,7.03,D,0
40.52004,23.28683,337.31,0.45,0.47,2020-11-20,1050,N,VIIRS,n,2,285.59,4.83,D,0
37.87125,21.24085,325.18,0.54,0.68,2020-11-20,1230,N,VIIRS,n,2,289.62,1.66,D,0
37.91145,21.30271,332.43,0.54,0.68,2020-11-20,1230,N,VIIRS,n,2,289.63,2.48,D,0
37.91381,21.30096,327.96,0.54,0.68,2020-11-20,1230,N,VIIRS,n,2,289.13,6.67,D,0
41.07256,23.31519,336.55,0.37,0.58,2020-11-21,1031,N,VIIRS,n,2,287.7,4.33,D,0
41.07651,23.30852,332.51,0.37,0.58,2020-11-21,1031,N,VIIRS,n,2,287.54,4.33,D,0
41.0714,23.31096,350.35,0.37,0.58,2020-11-21,1031,N,VIIRS,n,2,288.23,4.33,D,0
41.06232,23.32003,325.01,0.37,0.58,2020-11-21,1031,N,VIIRS,n,2,282.26,2.53,D,0
37.17092,22.02075,327.63,0.32,0.55,2020-11-21,1211,N,VIIRS,n,2,283.43,1.73,D,0
41.01175,23.40661,304.72,0.4,0.37,2020-11-22,0030,N,VIIRS,n,2,274.46,0.86,N,0
39.20115,25.88559,342.38,0.53,0.67,2020-11-22,1012,N,VIIRS,n,2,286.63,7.96,D,0
40.99948,24.17637,350.73,0.57,0.69,2020-11-22,1012,N,VIIRS,n,2,289.12,8.71,D,0
40.9427,22.9685,355.48,0.65,0.73,2020-11-22,1012,N,VIIRS,n,2,285.91,8.59,D,0
41.45132,26.59106,349.89,0.43,0.62,2020-11-22,1012,N,VIIRS,n,2,285.65,5.05,D,0
40.99799,24.17917,326.64,0.57,0.69,2020-11-22,1012,N,VIIRS,n,2,287.06,7.31,D,0
40.99598,24.17269,326.14,0.57,0.69,2020-11-22,1012,N,VIIRS,n,2,287.82,5.59,D,0
40.93801,22.96957,353.12,0.65,0.73,2020-11-22,1013,N,VIIRS,n,2,286.41,12.98,D,0
37.40369,24.47362,326.74,0.48,0.48,2020-11-22,1152,N,VIIRS,n,2,281.2,3.19,D,0
40.47483,23.29423,329.56,0.45,0.47,2020-11-22,1152,N,VIIRS,n,2,281.67,3.03,D,0
40.39926,21.91618,343,0.39,0.44,2020-11-22,1152,N,VIIRS,n,2,289.62,4.72,D,0
40.5357,23.38663,333.03,0.46,0.47,2020-11-22,1152,N,VIIRS,n,2,285.11,3.41,D,0
40.76744,23.04916,338.8,0.44,0.46,2020-11-22,1153,N,VIIRS,n,2,289.75,4.84,D,0
40.58607,22.7848,342.71,0.43,0.46,2020-11-22,1153,N,VIIRS,n,2,289.5,6.13,D,0
40.55625,21.58582,339.59,0.56,0.43,2020-11-22,1153,N,VIIRS,n,2,288.67,18.2,D,0
40.90122,24.632,339.48,0.53,0.5,2020-11-22,1153,N,VIIRS,n,2,288.81,5.59,D,0
40.89851,24.63258,338.69,0.53,0.5,2020-11-22,1153,N,VIIRS,n,2,288.89,8.44,D,0
40.7395,22.35578,335.06,0.41,0.45,2020-11-22,1153,N,VIIRS,n,2,290.74,3.5,D,0
40.69741,21.77133,329.19,0.38,0.43,2020-11-22,1153,N,VIIRS,n,2,286.73,2.2,D,0
40.99098,24.1865,343.72,0.51,0.49,2020-11-22,1153,N,VIIRS,n,2,296.09,12.5,D,0
40.99556,24.18591,343.65,0.51,0.49,2020-11-22,1153,N,VIIRS,n,2,301.24,62.37,D,0
40.84372,21.51614,333.81,0.56,0.43,2020-11-22,1153,N,VIIRS,n,2,288.06,3.9,D,0
40.84158,21.51555,329.68,0.56,0.43,2020-11-22,1153,N,VIIRS,n,2,289.09,5.45,D,0
41.07563,23.38617,337.14,0.46,0.47,2020-11-22,1153,N,VIIRS,n,2,289.41,3.25,D,0
41.18138,23.89966,332.28,0.49,0.49,2020-11-22,1153,N,VIIRS,n,2,286.38,3.35,D,0
41.03212,25.49633,300.34,0.39,0.36,2020-11-23,0011,N,VIIRS,n,2,271.36,0.56,N,0
38.12811,23.52559,298.29,0.4,0.37,2020-11-23,0012,N,VIIRS,n,2,281.42,0.7,N,2
38.03572,23.59196,296.88,0.39,0.37,2020-11-23,0012,N,VIIRS,n,2,282.46,0.83,N,0
38.37479,24.06111,298.16,0.39,0.36,2020-11-23,0012,N,VIIRS,n,2,282.75,0.77,N,2
36.15922,23.02182,329.08,0.39,0.37,2020-11-23,1132,N,VIIRS,n,2,290.35,1.39,D,0
36.80886,22.70973,352.59,0.39,0.36,2020-11-23,1133,N,VIIRS,n,2,300.11,38.99,D,0
38.86245,20.93185,325.85,0.38,0.36,2020-11-23,1133,N,VIIRS,n,2,275.39,2.27,D,0
37.4004,24.45576,345.65,0.44,0.38,2020-11-23,1133,N,VIIRS,n,2,298.21,9.77,D,0
39.19076,25.92849,331.2,0.52,0.41,2020-11-23,1133,N,VIIRS,n,2,288.33,2.79,D,0
38.34267,21.49755,325.5,0.39,0.36,2020-11-23,1133,N,VIIRS,n,2,283.39,1.21,D,0
37.37608,21.69571,335.29,0.39,0.36,2020-11-23,1133,N,VIIRS,n,2,291.07,4.63,D,0
37.4039,24.45492,349.23,0.44,0.38,2020-11-23,1133,N,VIIRS,n,2,293.25,9.77,D,0
41.0579,23.08667,331.29,0.43,0.38,2020-11-23,1134,N,VIIRS,n,2,289.75,3.17,D,0
41.09153,23.32903,329.31,0.43,0.38,2020-11-23,1134,N,VIIRS,n,2,288.45,1.98,D,0
41.27007,22.94746,329.42,0.42,0.38,2020-11-23,1134,N,VIIRS,n,2,291.06,1.82,D,0
40.91707,23.63279,332.26,0.44,0.39,2020-11-23,1134,N,VIIRS,n,2,290.92,3.01,D,0
41.01593,24.18577,329.07,0.46,0.39,2020-11-23,1134,N,VIIRS,n,2,290.93,2.89,D,0
41.00594,24.06968,330.64,0.46,0.39,2020-11-23,1134,N,VIIRS,n,2,290.53,1.59,D,0
40.96629,23.59016,325.85,0.44,0.38,2020-11-23,1134,N,VIIRS,n,2,290.76,1.62,D,0
40.97377,23.48384,330.4,0.44,0.38,2020-11-23,1134,N,VIIRS,n,2,292.34,2.91,D,0
40.89299,22.83224,328.78,0.42,0.38,2020-11-23,1134,N,VIIRS,n,2,292.36,2.31,D,0
40.94969,22.72281,341.63,0.42,0.37,2020-11-23,1134,N,VIIRS,n,2,294.39,12.93,D,0
40.75211,21.15414,327.51,0.39,0.36,2020-11-23,1134,N,VIIRS,n,2,288.67,1.51,D,0
40.75676,21.13881,326.13,0.39,0.36,2020-11-23,1134,N,VIIRS,n,2,288.73,2.07,D,0
40.81344,21.47569,327.78,0.39,0.36,2020-11-23,1134,N,VIIRS,n,2,290.29,1.65,D,0
41.06663,23.36096,330.11,0.43,0.38,2020-11-23,1134,N,VIIRS,n,2,290.18,3.22,D,0
41.06635,23.32915,325.67,0.43,0.38,2020-11-23,1134,N,VIIRS,n,2,289.99,2.34,D,0
40.41117,23.08431,325.58,0.42,0.38,2020-11-23,1134,N,VIIRS,n,2,292.66,2.21,D,0
40.57695,22.80504,341.18,0.42,0.37,2020-11-23,1134,N,VIIRS,n,2,292.4,5.79,D,0
40.55484,22.6341,326,0.41,0.37,2020-11-23,1134,N,VIIRS,n,2,288.89,1.92,D,0
41.0051,25.58161,329.72,0.53,0.42,2020-11-23,1134,N,VIIRS,n,2,290.13,2.74,D,0
40.93683,24.72848,344.09,0.48,0.4,2020-11-23,1134,N,VIIRS,n,2,292.04,10.06,D,0
40.99424,22.67118,305.74,0.46,0.47,2020-11-23,2352,N,VIIRS,n,2,273.73,1.75,N,0
40.98986,22.67052,317.72,0.46,0.47,2020-11-23,2352,N,VIIRS,n,2,275.34,1.75,N,0
37.54163,24.28755,330.65,0.4,0.37,2020-11-24,1114,N,VIIRS,n,2,287.81,2.91,D,0
37.86398,21.57891,330.38,0.47,0.4,2020-11-24,1114,N,VIIRS,n,2,290.95,2.45,D,0
37.30255,22.55538,338.7,0.44,0.38,2020-11-24,1114,N,VIIRS,n,2,294.87,23.59,D,0
40.57668,22.78773,332.43,0.4,0.37,2020-11-24,1115,N,VIIRS,n,2,288.37,4.91,D,0
40.56451,22.65485,332.12,0.41,0.37,2020-11-24,1115,N,VIIRS,n,2,284.79,5.17,D,0
40.59406,22.82508,343.88,0.4,0.37,2020-11-24,1115,N,VIIRS,n,2,287.35,5.92,D,0
41.54488,26.28241,327.09,0.4,0.37,2020-11-24,1115,N,VIIRS,n,2,284.76,1.73,D,0
40.51927,21.59182,325.75,0.43,0.38,2020-11-24,1115,N,VIIRS,n,2,286.54,2.37,D,0
41.07302,23.35135,331.96,0.39,0.36,2020-11-24,1115,N,VIIRS,n,2,283.12,7.15,D,0
41.5322,26.59619,327.59,0.4,0.37,2020-11-24,1115,N,VIIRS,n,2,286.48,3.87,D,0
40.54132,22.66385,335.03,0.41,0.37,2020-11-24,1115,N,VIIRS,n,2,283.83,4.78,D,0
40.54213,22.66859,339.78,0.41,0.37,2020-11-24,1115,N,VIIRS,n,2,284.48,4.78,D,0
40.75512,22.13087,329.04,0.42,0.37,2020-11-24,1115,N,VIIRS,n,2,289.38,3.51,D,0
40.41753,22.57904,326.1,0.41,0.37,2020-11-24,1115,N,VIIRS,n,2,282.77,2.2,D,0
40.55608,23.31219,328.72,0.4,0.37,2020-11-24,1115,N,VIIRS,n,2,285.68,3.39,D,0
40.46033,22.44291,333.5,0.41,0.37,2020-11-24,1115,N,VIIRS,n,2,285.89,6.98,D,0
40.95171,25.33445,348.03,0.39,0.36,2020-11-24,1115,N,VIIRS,n,2,298.34,21.69,D,0
40.95501,25.3336,335.51,0.39,0.36,2020-11-24,1115,N,VIIRS,n,2,285.94,7.67,D,0
40.53877,22.66959,339.58,0.41,0.37,2020-11-24,1115,N,VIIRS,n,2,285.9,8.78,D,0
40.53796,22.66484,353.5,0.41,0.37,2020-11-24,1115,N,VIIRS,n,2,288.49,8.78,D,0
40.56403,22.65208,348.11,0.41,0.37,2020-11-24,1115,N,VIIRS,n,2,288.83,8.43,D,0
40.59397,22.82722,340.34,0.4,0.37,2020-11-24,1115,N,VIIRS,n,2,289.99,8.42,D,0
41.10346,25.48735,328.86,0.39,0.36,2020-11-24,1115,N,VIIRS,n,2,285.07,3.76,D,0
40.53714,22.6601,330.93,0.41,0.37,2020-11-24,1115,N,VIIRS,n,2,284.3,5.36,D,0
40.54895,22.64659,350.91,0.41,0.37,2020-11-24,1115,N,VIIRS,n,2,285.5,6.41,D,0
40.8783,24.6891,327.87,0.38,0.36,2020-11-24,1115,N,VIIRS,n,2,284.66,2.32,D,0
40.59741,22.82409,327.38,0.4,0.37,2020-11-24,1115,N,VIIRS,n,2,285.08,5.92,D,0
40.59415,22.80524,328.3,0.4,0.37,2020-11-24,1115,N,VIIRS,n,2,288.11,1.49,D,0
40.56705,22.6491,329.17,0.41,0.37,2020-11-24,1115,N,VIIRS,n,2,284.48,5.17,D,0
40.9328,24.78061,327.94,0.38,0.36,2020-11-24,1115,N,VIIRS,n,2,288.38,1.42,D,0
40.56368,22.6501,345.05,0.41,0.37,2020-11-24,1115,N,VIIRS,n,2,288.69,5.17,D,0
41.05664,25.5658,328.17,0.39,0.36,2020-11-24,1115,N,VIIRS,n,2,286.64,2.44,D,0
40.61829,22.63885,333.74,0.41,0.37,2020-11-24,1115,N,VIIRS,n,2,283.9,4.77,D,0
41.10016,25.4882,327.52,0.39,0.36,2020-11-24,1115,N,VIIRS,n,2,286.63,3.76,D,0
41.10413,25.49193,336.12,0.39,0.36,2020-11-24,1115,N,VIIRS,n,2,287.07,3.76,D,0
40.28497,23.44283,295.48,0.37,0.58,2020-11-24,2333,N,VIIRS,n,2,278.9,0.52,N,2
40.28245,23.44518,300.18,0.42,0.61,2020-11-25,0114,N,VIIRS,n,2,279.25,0.82,N,2
40.56689,22.75197,340.6,0.4,0.44,2020-11-25,1056,N,VIIRS,n,2,289.41,3.44,D,0
39.83242,22.07309,335.92,0.45,0.47,2020-11-25,1056,N,VIIRS,n,2,289.45,3.44,D,0
39.83449,22.07097,338.05,0.45,0.47,2020-11-25,1056,N,VIIRS,n,2,289.98,5.45,D,0
40.93416,26.27158,329.79,0.43,0.38,2020-11-25,1056,N,VIIRS,n,2,286.37,1.51,D,0
40.28847,22.33453,328.87,0.42,0.45,2020-11-25,1056,N,VIIRS,n,2,286.77,1.76,D,0
40.87349,24.81798,335,0.48,0.4,2020-11-25,1056,N,VIIRS,n,2,290.07,20.89,D,0
40.87238,24.81234,337.92,0.48,0.4,2020-11-25,1056,N,VIIRS,n,2,296.12,20.89,D,0
40.89134,24.75158,328.99,0.49,0.4,2020-11-25,1056,N,VIIRS,n,2,288.17,2.69,D,0
40.89548,24.63449,335.84,0.49,0.4,2020-11-25,1056,N,VIIRS,n,2,290.21,3.97,D,0
40.94087,24.62287,338.47,0.49,0.4,2020-11-25,1056,N,VIIRS,n,2,290.61,4.2,D,0
40.94451,24.62161,329.16,0.49,0.4,2020-11-25,1056,N,VIIRS,n,2,288.67,3.72,D,0
40.64363,23.14653,326.63,0.57,0.43,2020-11-25,1056,N,VIIRS,n,2,286.46,3.6,D,0
40.55989,22.73958,340.3,0.4,0.44,2020-11-25,1056,N,VIIRS,n,2,288,3.95,D,0
40.55875,22.6949,336.07,0.4,0.44,2020-11-25,1056,N,VIIRS,n,2,287.24,6.18,D,0
40.57383,22.7444,348.34,0.4,0.44,2020-11-25,1056,N,VIIRS,n,2,291.37,8.73,D,0
40.56564,22.66716,339.68,0.4,0.44,2020-11-25,1056,N,VIIRS,n,2,289.43,3.45,D,0
40.56462,22.6625,325.01,0.4,0.44,2020-11-25,1056,N,VIIRS,n,2,287.47,3.45,D,0
40.58946,22.61784,345.06,0.41,0.45,2020-11-25,1056,N,VIIRS,n,2,290.31,7.45,D,0
40.88694,23.85272,341.84,0.53,0.42,2020-11-25,1056,N,VIIRS,n,2,292.04,4.75,D,0
40.74847,22.7814,339.39,0.4,0.44,2020-11-25,1056,N,VIIRS,n,2,296.5,12.24,D,0
41.10268,23.35448,326.14,0.55,0.43,2020-11-25,1056,N,VIIRS,n,2,285.83,4.2,D,0
41.11539,23.34153,328.47,0.55,0.43,2020-11-25,1056,N,VIIRS,n,2,285.59,4.26,D,0
41.7305,26.17038,330.09,0.43,0.38,2020-11-25,1056,N,VIIRS,n,2,288.06,4.03,D,0
41.06412,22.31278,330.48,0.41,0.45,2020-11-25,1056,N,VIIRS,n,2,285.45,3.88,D,0
41.08137,22.23229,325.05,0.41,0.45,2020-11-25,1056,N,VIIRS,n,2,286.75,3.39,D,0
37.23155,22.48183,345.14,0.43,0.62,2020-11-26,1036,N,VIIRS,n,2,289.15,6.8,D,0
40.64479,22.47645,325.94,0.35,0.57,2020-11-26,1037,N,VIIRS,n,2,287.87,3.06,D,0
40.37629,21.91004,334.46,0.38,0.59,2020-11-26,1037,N,VIIRS,n,2,288.2,3.04,D,0
40.64541,22.47653,326.86,0.35,0.57,2020-11-26,1037,N,VIIRS,n,2,287.36,3.01,D,0
40.95309,23.41909,327.61,0.62,0.54,2020-11-26,1037,N,VIIRS,n,2,287.72,5.74,D,0
40.64434,22.47253,327.84,0.35,0.57,2020-11-26,1037,N,VIIRS,n,2,289.38,2.43,D,0
40.64373,22.47243,326.89,0.35,0.57,2020-11-26,1037,N,VIIRS,n,2,289.4,2.32,D,0
40.85925,21.56518,329.56,0.38,0.59,2020-11-26,1037,N,VIIRS,n,2,285.07,3.12,D,0
37.57658,21.92769,329.03,0.45,0.63,2020-11-26,1037,N,VIIRS,n,2,290,3.78,D,0
40.53543,23.38982,333.38,0.64,0.54,2020-11-26,1037,N,VIIRS,n,2,289.99,3.67,D,0
40.53428,23.38984,332.08,0.63,0.54,2020-11-26,1037,N,VIIRS,n,2,289.69,5.33,D,0
40.59416,23.24726,325.28,0.32,0.55,2020-11-26,1037,N,VIIRS,n,2,288.37,3.59,D,0
40.53463,22.67303,334.8,0.34,0.56,2020-11-26,1037,N,VIIRS,n,2,287.17,4.08,D,0
40.5381,22.62281,332.85,0.35,0.56,2020-11-26,1037,N,VIIRS,n,2,286.92,2.31,D,0
41.11075,22.54953,344.61,0.34,0.56,2020-11-26,1037,N,VIIRS,n,2,289.62,3.56,D,0
41.10852,22.55063,329.31,0.34,0.56,2020-11-26,1037,N,VIIRS,n,2,288.31,3.52,D,0
41.02992,23.34424,331.53,0.62,0.54,2020-11-26,1037,N,VIIRS,n,2,286.65,8.22,D,0
37.22915,22.48011,332.88,0.42,0.61,2020-11-26,1217,N,VIIRS,n,2,288.9,3.39,D,0
37.99995,21.31728,331.21,0.36,0.58,2020-11-26,1217,N,VIIRS,n,2,292.16,2.34,D,0
39.11855,20.9581,348.17,0.36,0.57,2020-11-26,1217,N,VIIRS,n,2,290.96,2.83,D,0
40.53945,22.62385,346.34,0.45,0.63,2020-11-26,1218,N,VIIRS,n,2,288.94,5.46,D,0
41.04842,23.43965,367,0.5,0.66,2020-11-26,1218,N,VIIRS,h,2,290.57,7.79,D,0
41.04885,23.44177,351.67,0.5,0.66,2020-11-26,1218,N,VIIRS,n,2,288.41,8.32,D,0
40.99457,23.99851,352.9,0.53,0.67,2020-11-26,1218,N,VIIRS,n,2,288.56,7.69,D,0
40.97037,23.50039,339.17,0.5,0.66,2020-11-26,1218,N,VIIRS,n,2,288.39,3.18,D,0
40.97115,23.53132,345.9,0.5,0.66,2020-11-26,1218,N,VIIRS,n,2,288.59,5.17,D,0
40.99849,23.99812,349.32,0.53,0.67,2020-11-26,1218,N,VIIRS,n,2,287.52,4.97,D,0
40.97158,23.50013,337.78,0.5,0.66,2020-11-26,1218,N,VIIRS,n,2,287.85,4.21,D,0
40.97253,23.53101,344.25,0.5,0.66,2020-11-26,1218,N,VIIRS,n,2,287.65,4.09,D,0
40.52253,21.15668,344.87,0.38,0.58,2020-11-26,1218,N,VIIRS,n,2,291.72,5.89,D,0
40.58353,23.23557,336.49,0.48,0.65,2020-11-26,1218,N,VIIRS,n,2,288.8,3.83,D,0
40.38848,21.84713,337.06,0.41,0.6,2020-11-26,1218,N,VIIRS,n,2,289.18,3.88,D,0
40.23993,23.5902,330.88,0.5,0.66,2020-11-26,1218,N,VIIRS,n,2,287.52,4.39,D,0
40.24109,23.59241,337.24,0.5,0.66,2020-11-26,1218,N,VIIRS,n,2,288.36,3.02,D,0
38.36642,21.49341,327.17,0.42,0.38,2020-11-27,0037,N,VIIRS,n,2,283.24,4.05,N,0
38.36557,21.49813,301.7,0.42,0.38,2020-11-27,0037,N,VIIRS,n,2,281.75,2.05,N,0
37.91772,23.07202,299.11,0.48,0.4,2020-11-27,0037,N,VIIRS,n,2,286.15,0.94,N,2
37.49678,22.72669,310.71,0.47,0.4,2020-11-27,0037,N,VIIRS,n,2,283.44,2.43,N,0
37.62837,26.29534,328.99,0.47,0.64,2020-11-27,1018,N,VIIRS,n,2,289.39,3.96,D,0
39.10834,26.07455,348.03,0.44,0.62,2020-11-27,1018,N,VIIRS,n,2,293.44,4.26,D,0
39.17231,25.97051,341.23,0.44,0.63,2020-11-27,1018,N,VIIRS,n,2,292.39,4.81,D,0
39.17089,25.96569,336.6,0.44,0.63,2020-11-27,1018,N,VIIRS,n,2,291.3,5.15,D,0
38.46655,23.10916,332.46,0.64,0.72,2020-11-27,1018,N,VIIRS,n,2,288.18,3.89,D,0
38.46274,21.15928,331.98,0.79,0.78,2020-11-27,1018,N,VIIRS,n,2,288.72,4.7,D,0
40.32974,23.30201,330.08,0.55,0.68,2020-11-27,1018,N,VIIRS,n,2,290.66,4.12,D,0
40.94986,24.92713,343.22,0.44,0.63,2020-11-27,1019,N,VIIRS,n,2,291.52,3.01,D,0
40.99161,24.85395,335.37,0.45,0.63,2020-11-27,1019,N,VIIRS,n,2,292.42,4.39,D,0
40.99112,24.85102,349.47,0.45,0.63,2020-11-27,1019,N,VIIRS,n,2,294.16,4.09,D,0
40.90799,23.90513,335.46,0.5,0.66,2020-11-27,1019,N,VIIRS,n,2,290.65,4.55,D,0
40.91374,23.90224,357.28,0.5,0.66,2020-11-27,1019,N,VIIRS,l,2,289.75,10.29,D,0
40.99745,23.99894,327.5,0.49,0.65,2020-11-27,1019,N,VIIRS,n,2,288,5.27,D,0
40.39993,21.9002,332.8,0.64,0.72,2020-11-27,1019,N,VIIRS,n,2,289.38,3.58,D,0
40.97701,23.46931,332.68,0.52,0.67,2020-11-27,1019,N,VIIRS,n,2,288.36,3.09,D,0
37.82572,21.25582,342.95,0.4,0.44,2020-11-27,1158,N,VIIRS,n,2,295.43,12.48,D,0
39.67628,22.3809,325.09,0.48,0.48,2020-11-27,1158,N,VIIRS,n,2,290.99,2.97,D,0
39.27824,25.97536,346.01,0.37,0.58,2020-11-27,1158,N,VIIRS,n,2,289.8,4.15,D,0
39.22417,25.87702,348.28,0.36,0.58,2020-11-27,1158,N,VIIRS,n,2,291.91,5.09,D,0
38.08775,20.71522,332.06,0.57,0.43,2020-11-27,1158,N,VIIRS,n,2,296.71,4.04,D,0
37.98893,21.3259,330.27,0.41,0.45,2020-11-27,1158,N,VIIRS,n,2,292.07,4.15,D,0
37.9848,21.32649,343.34,0.41,0.45,2020-11-27,1158,N,VIIRS,n,2,294.31,4.15,D,0
37.89599,21.37646,335.99,0.41,0.45,2020-11-27,1158,N,VIIRS,n,2,293.61,3.35,D,0
36.80594,22.69038,325.44,0.46,0.47,2020-11-27,1158,N,VIIRS,n,2,291.93,4.9,D,0
40.98834,24.85529,367,0.33,0.55,2020-11-27,1159,N,VIIRS,h,2,295.39,5.22,D,0
40.66496,22.64816,339.04,0.51,0.49,2020-11-27,1159,N,VIIRS,n,2,293.25,9.6,D,0
40.67039,22.65539,333.86,0.51,0.49,2020-11-27,1159,N,VIIRS,n,2,291.2,3.05,D,0
40.66533,22.64988,340.38,0.51,0.49,2020-11-27,1159,N,VIIRS,n,2,292.45,4.31,D,0
40.48027,23.30341,334.9,0.55,0.51,2020-11-27,1159,N,VIIRS,n,2,292.2,2.86,D,0
40.95537,23.58325,337.89,0.57,0.52,2020-11-27,1159,N,VIIRS,n,2,289.78,3.03,D,0
40.98403,24.11829,330.01,0.61,0.53,2020-11-27,1159,N,VIIRS,n,2,290.68,6.45,D,0
40.95669,23.58429,338.79,0.57,0.52,2020-11-27,1159,N,VIIRS,n,2,290.2,7.16,D,0
40.98356,24.11904,329.52,0.61,0.53,2020-11-27,1159,N,VIIRS,n,2,290.25,3.61,D,0
40.49105,22.01055,301.11,0.41,0.37,2020-11-28,0017,N,VIIRS,n,2,265.33,0.8,N,0
38.37351,24.06185,299.52,0.39,0.36,2020-11-28,0018,N,VIIRS,n,2,281.26,0.52,N,2
39.16682,22.84308,302.02,0.39,0.36,2020-11-28,0018,N,VIIRS,n,2,275.62,1.13,N,2
36.88675,21.68642,307.65,0.39,0.36,2020-11-28,0018,N,VIIRS,n,2,285.89,0.95,N,0
39.14247,25.9095,353.06,0.76,0.77,2020-11-28,0959,N,VIIRS,n,2,291.79,9.04,D,0
39.14483,25.90842,350.88,0.76,0.77,2020-11-28,0959,N,VIIRS,n,2,290.7,10.35,D,0
39.94007,25.31404,331.32,0.76,0.77,2020-11-28,1000,N,VIIRS,n,2,288.83,5.28,D,0
39.24575,26.06526,344.09,0.42,0.45,2020-11-28,1139,N,VIIRS,n,2,290.74,3.57,D,0
39.22448,26.06454,335.94,0.42,0.45,2020-11-28,1139,N,VIIRS,n,2,293.15,3.33,D,0
39.19492,25.92841,335.12,0.41,0.45,2020-11-28,1139,N,VIIRS,n,2,293.13,1.66,D,0
39.1092,26.0616,330.8,0.42,0.45,2020-11-28,1139,N,VIIRS,n,2,293.11,3.64,D,0
39.24535,26.06096,328.89,0.42,0.45,2020-11-28,1139,N,VIIRS,n,2,294.6,3.57,D,0
40.87811,22.54053,345.91,0.46,0.39,2020-11-28,1140,N,VIIRS,n,2,292.23,5.63,D,0
40.91806,22.72429,332.29,0.47,0.39,2020-11-28,1140,N,VIIRS,n,2,292,4.07,D,0
40.9727,22.97073,330.4,0.48,0.4,2020-11-28,1140,N,VIIRS,n,2,292.48,6.82,D,0
40.98229,22.7032,325.13,0.47,0.39,2020-11-28,1140,N,VIIRS,n,2,289.95,2.05,D,0
41.13226,23.32834,329.46,0.49,0.41,2020-11-28,1140,N,VIIRS,n,2,291.06,3.02,D,0
41.13174,23.32455,326.36,0.49,0.41,2020-11-28,1140,N,VIIRS,n,2,291.2,1.61,D,0
41.09261,23.35012,335.43,0.49,0.41,2020-11-28,1140,N,VIIRS,n,2,288.7,7.02,D,0
41.04734,23.04579,331.96,0.48,0.4,2020-11-28,1140,N,VIIRS,n,2,292.38,9.3,D,0
41.04931,23.0633,336.39,0.48,0.4,2020-11-28,1140,N,VIIRS,n,2,290,4.17,D,0
41.04563,23.06409,350.83,0.48,0.4,2020-11-28,1140,N,VIIRS,n,2,295.57,7.65,D,0
41.04692,23.07561,329.46,0.48,0.4,2020-11-28,1140,N,VIIRS,n,2,291.79,9.46,D,0
41.04195,23.06488,345.11,0.48,0.4,2020-11-28,1140,N,VIIRS,n,2,294.56,7.65,D,0
40.84551,21.53217,340.13,0.43,0.38,2020-11-28,1140,N,VIIRS,n,2,289.34,2.79,D,0
40.33485,21.13016,351.52,0.41,0.37,2020-11-28,1140,N,VIIRS,n,2,286.01,8.57,D,0
40.33421,21.12521,339.97,0.41,0.37,2020-11-28,1140,N,VIIRS,n,2,285.23,5.99,D,0
40.53638,22.56124,327.55,0.46,0.39,2020-11-28,1140,N,VIIRS,n,2,288.3,2.14,D,0
40.54061,22.56592,349.04,0.46,0.39,2020-11-28,1140,N,VIIRS,n,2,290.69,6.43,D,0
40.5442,22.56518,348.78,0.46,0.39,2020-11-28,1140,N,VIIRS,n,2,288.13,6.43,D,0
40.44242,21.25349,326.81,0.42,0.37,2020-11-28,1140,N,VIIRS,n,2,286.97,1.31,D,0
40.46103,21.11049,329.52,0.41,0.37,2020-11-28,1140,N,VIIRS,n,2,291.03,3.28,D,0
40.69387,22.64375,339.93,0.46,0.39,2020-11-28,1140,N,VIIRS,n,2,291.01,4.78,D,0
40.75912,22.62926,342.78,0.46,0.39,2020-11-28,1140,N,VIIRS,n,2,288.38,6.3,D,0
41.00003,24.34318,330.19,0.54,0.42,2020-11-28,1140,N,VIIRS,n,2,292.42,2.06,D,0
40.84437,22.88406,330.13,0.47,0.4,2020-11-28,1140,N,VIIRS,n,2,293.3,5.21,D,0
40.86524,22.90289,342.59,0.47,0.4,2020-11-28,1140,N,VIIRS,n,2,291.96,5.1,D,0
40.86791,22.90561,329.27,0.47,0.4,2020-11-28,1140,N,VIIRS,n,2,290.44,3.69,D,0
40.94294,23.03931,333.5,0.48,0.4,2020-11-28,1140,N,VIIRS,n,2,293.79,13.52,D,0
39.93974,25.31432,329.8,0.39,0.44,2020-11-28,1140,N,VIIRS,n,2,291.25,5.82,D,0
39.86497,22.18986,343.25,0.44,0.38,2020-11-28,1140,N,VIIRS,n,2,301.95,35.67,D,0
40.38962,21.85086,330.48,0.43,0.38,2020-11-28,1140,N,VIIRS,n,2,293.89,9.39,D,0
40.33016,21.12101,328.28,0.41,0.37,2020-11-28,1140,N,VIIRS,n,2,283.17,4.32,D,0
39.16703,22.84189,295.45,0.54,0.42,2020-11-28,2359,N,VIIRS,n,2,275,0.61,N,2
39.16786,22.84222,298.07,0.54,0.42,2020-11-28,2359,N,VIIRS,n,2,275.58,1.67,N,2
37.35042,26.57518,325.43,0.41,0.37,2020-11-29,1120,N,VIIRS,n,2,291.79,0.93,D,0
41.04095,23.43245,339.2,0.38,0.36,2020-11-29,1121,N,VIIRS,n,2,280.84,4.22,D,0
40.97371,24.77418,326.61,0.39,0.37,2020-11-29,1121,N,VIIRS,n,2,284.56,3.4,D,0
41.0097,23.38404,326.73,0.38,0.36,2020-11-29,1121,N,VIIRS,n,2,272.84,1.95,D,0
35.48736,23.58952,311.48,0.49,0.65,2020-11-30,2322,N,VIIRS,n,2,280.19,2.2,N,0
35.4871,23.58862,317.61,0.49,0.65,2020-11-30,2322,N,VIIRS,n,2,280.52,1.76,N,0
37.9404,24.7017,328.16,0.46,0.64,2020-12-02,1024,N,VIIRS,n,2,284.45,2.95,D,0
39.18274,26.15092,348.17,0.36,0.57,2020-12-02,1024,N,VIIRS,n,2,291.79,4.26,D,0
39.21594,25.91869,340.21,0.37,0.58,2020-12-02,1024,N,VIIRS,n,2,286.78,3.59,D,0
38.37363,24.0623,297.34,0.4,0.37,2020-12-03,0024,N,VIIRS,n,2,282.22,0.62,N,2
38.09488,21.49453,330.65,0.45,0.39,2020-12-03,1145,N,VIIRS,n,2,292.84,2.62,D,0
38.56644,23.29521,295.12,0.66,0.73,2020-12-05,0126,N,VIIRS,n,2,281.56,1.4,N,2
40.85518,25.93185,346.03,0.39,0.36,2020-12-05,1108,N,VIIRS,n,2,293.85,16.59,D,0
40.87419,25.88542,337.15,0.39,0.36,2020-12-05,1108,N,VIIRS,n,2,290.68,3.03,D,0
39.96511,25.3745,326.73,0.39,0.36,2020-12-05,1108,N,VIIRS,n,2,290.42,1.9,D,0
39.13725,26.10227,330.58,0.39,0.36,2020-12-05,1108,N,VIIRS,n,2,293.11,1.74,D,0
37.88939,21.49182,367,0.32,0.55,2020-12-06,1049,N,VIIRS,h,2,293.05,6.86,D,0
37.89024,21.49233,367,0.32,0.55,2020-12-06,1049,N,VIIRS,h,2,292.88,7.2,D,0
38.56454,23.29401,295.43,0.42,0.38,2020-12-08,0030,N,VIIRS,n,2,282.7,1.13,N,2
38.12929,23.52347,298.81,0.43,0.38,2020-12-08,0030,N,VIIRS,n,2,280.54,0.8,N,2
38.03992,23.51121,295.25,0.43,0.38,2020-12-08,0030,N,VIIRS,n,2,284.59,1.15,N,0
37.91915,23.07204,298.97,0.42,0.38,2020-12-08,0030,N,VIIRS,n,2,285.59,1.01,N,2
40.70659,22.81564,299.38,0.4,0.37,2020-12-08,0030,N,VIIRS,n,2,279.07,0.59,N,2
37.37238,24.42016,329.51,0.48,0.48,2020-12-08,1151,N,VIIRS,n,2,290.65,2.52,D,0
38.56574,23.29614,327.05,0.4,0.37,2020-12-09,0011,N,VIIRS,n,2,282.39,1.78,N,2
38.37268,24.06328,298.22,0.39,0.36,2020-12-09,0011,N,VIIRS,n,2,281.76,0.36,N,2
35.99745,27.90849,340.89,0.4,0.37,2020-12-10,1113,N,VIIRS,n,2,292.25,3.24,D,0
35.99862,27.90992,341.3,0.4,0.37,2020-12-10,1113,N,VIIRS,n,2,294.65,10.1,D,0
35.99801,27.90553,329.56,0.4,0.37,2020-12-10,1113,N,VIIRS,n,2,292.05,1.95,D,0
38.3741,24.06187,299.68,0.33,0.55,2020-12-10,2333,N,VIIRS,n,2,282.37,0.58,N,2
40.28494,23.44461,298.8,0.37,0.58,2020-12-10,2333,N,VIIRS,n,2,280.28,0.37,N,2
38.56483,23.29478,300.68,0.36,0.58,2020-12-10,2333,N,VIIRS,n,2,280.47,0.96,N,2
38.12954,23.5245,296.42,0.35,0.57,2020-12-10,2334,N,VIIRS,n,2,279.83,0.31,N,2
40.4679,21.12724,341.2,0.4,0.45,2020-12-16,1102,N,VIIRS,n,2,282.21,2.22,D,0
37.91999,23.07376,297.37,0.32,0.55,2020-12-17,0102,N,VIIRS,n,2,283.68,0.65,N,2
38.63531,23.03531,337.76,0.61,0.54,2020-12-18,1204,N,VIIRS,n,2,284.91,4.08,D,0
35.10025,24.71168,325.49,0.39,0.44,2020-12-19,1144,N,VIIRS,n,2,289.49,1.94,D,0
39.3868,22.80899,298.29,0.47,0.4,2020-12-20,0005,N,VIIRS,n,2,280.15,0.49,N,2
37.8493,24.81668,340.4,0.42,0.37,2020-12-21,1107,N,VIIRS,n,2,283.1,3.43,D,0
39.81776,25.16275,327.74,0.4,0.37,2020-12-21,1108,N,VIIRS,n,2,282.75,4.78,D,0
37.91782,23.07391,296.53,0.39,0.59,2020-12-22,0108,N,VIIRS,n,2,282.57,1.12,N,2
39.15762,25.94481,338.62,0.54,0.42,2020-12-22,1049,N,VIIRS,n,2,288.14,7.32,D,0
39.38756,22.80954,314.28,0.4,0.44,2020-12-23,0049,N,VIIRS,n,2,277.85,1.78,N,2
40.64789,21.65272,357.03,0.33,0.55,2020-12-23,1211,N,VIIRS,l,2,285.85,8.33,D,0
40.6481,21.65659,336.58,0.33,0.55,2020-12-23,1211,N,VIIRS,n,2,283.35,8.8,D,0
38.56584,23.29334,328.16,0.42,0.38,2020-12-24,0030,N,VIIRS,n,2,285.73,3.54,N,2
37.91739,23.07416,295.95,0.4,0.37,2020-12-25,0012,N,VIIRS,n,2,285.15,0.7,N,2
37.85398,22.47077,355.96,0.44,0.46,2020-12-25,2353,N,VIIRS,n,2,282.34,6.19,N,3
37.85778,22.47632,318.09,0.44,0.46,2020-12-25,2353,N,VIIRS,n,2,279.34,6.19,N,0
37.85348,22.47605,305.18,0.44,0.46,2020-12-25,2353,N,VIIRS,n,2,277.4,6.19,N,0
37.85447,22.46557,315.76,0.44,0.46,2020-12-25,2353,N,VIIRS,n,2,279.25,6.8,N,0
35.29234,24.40109,328.27,0.41,0.37,2020-12-26,1113,N,VIIRS,n,2,287.9,2.63,D,0
35.3867,25.02174,325.78,0.4,0.37,2020-12-26,1113,N,VIIRS,n,2,289.3,2.07,D,0
40.92207,23.74998,325.95,0.52,0.67,2020-12-28,1218,N,VIIRS,n,2,286.82,3.58,D,0
40.91797,23.7516,339.35,0.52,0.67,2020-12-28,1218,N,VIIRS,n,2,288.05,4.68,D,0
38.83858,23.46721,302.19,0.48,0.4,2020-12-29,0036,N,VIIRS,n,2,281.64,1.92,N,3
39.9774,25.06017,331.92,0.47,0.64,2020-12-29,1018,N,VIIRS,n,2,286.26,3.96,D,0
38.5209,22.99491,334.96,0.64,0.72,2020-12-29,1018,N,VIIRS,n,2,281.31,4.69,D,0
40.86587,23.80883,331.96,0.59,0.53,2020-12-29,1159,N,VIIRS,n,2,288.38,4.73,D,0
38.46092,23.05196,330.81,0.45,0.39,2020-12-30,1139,N,VIIRS,n,2,290.37,3.4,D,0
40.58346,23.35341,331.93,0.49,0.4,2020-12-30,1140,N,VIIRS,n,2,289.1,4.48,D,0
40.85258,22.59938,327.63,0.46,0.39,2020-12-30,1140,N,VIIRS,n,2,286.03,1.58,D,0
40.84362,21.55505,328.06,0.43,0.38,2020-12-30,1140,N,VIIRS,n,2,285.47,4.51,D,0
40.35327,22.38308,329.06,0.45,0.39,2020-12-30,1140,N,VIIRS,n,2,286.84,2.24,D,0
40.84709,21.55427,326.03,0.43,0.38,2020-12-30,1140,N,VIIRS,n,2,283.85,4.51,D,0
40.33395,22.34336,326.22,0.45,0.39,2020-12-30,1140,N,VIIRS,n,2,289.32,1.55,D,0
38.83353,22.66667,325.91,0.39,0.36,2020-12-31,1120,N,VIIRS,n,2,289.38,1.76,D,0
40.34352,22.61739,328.38,0.39,0.36,2020-12-31,1121,N,VIIRS,n,2,290.69,2.09,D,0
