relative_path,aoi_id,source_ids,product_version,observation_or_scenario_period,data_kind,bands_or_fields,units,scale_and_offset,dtype,shape_rows_cols_bands,crs,pixel_size_native_units,nodata,processing,original_urls_or_inputs,license_source_ids,retrieved_or_created_date,size_bytes,sha256
RU_MORDOVIA_03/CCI_Biomass_2015.tif,RU_MORDOVIA_03,CCI_V7,7.0,2015,внешняя модельная оценка,"[""AGB"", ""AGB_SD""]",каналы 1 и 2: т сухого вещества/га,1; offset=0,"uint16,uint16",46x73x2,EPSG:4326,"[0.0008888888888888889, 0.0008888888888888889]",None,Прямоугольная вырезка по исходной сетке; объединение двух переменных без интерполяции.,"[""https://dap.ceda.ac.uk/neodc/esacci/biomass/data/agb/maps/v7.0/geotiff/2015/N60E040_ESACCI-BIOMASS-L4-AGB-MERGED-100m-2015-fv7.0.tif"", ""https://dap.ceda.ac.uk/neodc/esacci/biomass/data/agb/maps/v7.0/geotiff/2015/N60E040_ESACCI-BIOMASS-L4-AGB_SD-MERGED-100m-2015-fv7.0.tif""]",CCI_V7,2026-09-16,10274,8cdabb17972a18afa66ee6a0807ca5cd0b1fb6e8d19e5fb680dbee6947e351c4
RU_MORDOVIA_03/CCI_Biomass_2016.tif,RU_MORDOVIA_03,CCI_V7,7.0,2016,внешняя модельная оценка,"[""AGB"", ""AGB_SD""]",каналы 1 и 2: т сухого вещества/га,1; offset=0,"uint16,uint16",46x73x2,EPSG:4326,"[0.0008888888888888889, 0.0008888888888888889]",None,Прямоугольная вырезка по исходной сетке; объединение двух переменных без интерполяции.,"[""https://dap.ceda.ac.uk/neodc/esacci/biomass/data/agb/maps/v7.0/geotiff/2016/N60E040_ESACCI-BIOMASS-L4-AGB-MERGED-100m-2016-fv7.0.tif"", ""https://dap.ceda.ac.uk/neodc/esacci/biomass/data/agb/maps/v7.0/geotiff/2016/N60E040_ESACCI-BIOMASS-L4-AGB_SD-MERGED-100m-2016-fv7.0.tif""]",CCI_V7,2026-09-16,10254,78a1c5439b2a459ef79a1c72c63ba7c536640bcb6793d085787b01ee366be952
RU_MORDOVIA_03/CCI_Biomass_2017.tif,RU_MORDOVIA_03,CCI_V7,7.0,2017,внешняя модельная оценка,"[""AGB"", ""AGB_SD""]",каналы 1 и 2: т сухого вещества/га,1; offset=0,"uint16,uint16",46x73x2,EPSG:4326,"[0.0008888888888888889, 0.0008888888888888889]",None,Прямоугольная вырезка по исходной сетке; объединение двух переменных без интерполяции.,"[""https://dap.ceda.ac.uk/neodc/esacci/biomass/data/agb/maps/v7.0/geotiff/2017/N60E040_ESACCI-BIOMASS-L4-AGB-MERGED-100m-2017-fv7.0.tif"", ""https://dap.ceda.ac.uk/neodc/esacci/biomass/data/agb/maps/v7.0/geotiff/2017/N60E040_ESACCI-BIOMASS-L4-AGB_SD-MERGED-100m-2017-fv7.0.tif""]",CCI_V7,2026-09-16,9922,b472323dcbe5ad19f3987a08f26bc1b43349eee993bbe90f92a1a2f17239bab7
RU_MORDOVIA_03/CCI_Biomass_2018.tif,RU_MORDOVIA_03,CCI_V7,7.0,2018,внешняя модельная оценка,"[""AGB"", ""AGB_SD""]",каналы 1 и 2: т сухого вещества/га,1; offset=0,"uint16,uint16",46x73x2,EPSG:4326,"[0.0008888888888888889, 0.0008888888888888889]",None,Прямоугольная вырезка по исходной сетке; объединение двух переменных без интерполяции.,"[""https://dap.ceda.ac.uk/neodc/esacci/biomass/data/agb/maps/v7.0/geotiff/2018/N60E040_ESACCI-BIOMASS-L4-AGB-MERGED-100m-2018-fv7.0.tif"", ""https://dap.ceda.ac.uk/neodc/esacci/biomass/data/agb/maps/v7.0/geotiff/2018/N60E040_ESACCI-BIOMASS-L4-AGB_SD-MERGED-100m-2018-fv7.0.tif""]",CCI_V7,2026-09-16,9658,6eaa0605edd9c427958c8ea9d7b23a32b0d4285f8a562442fe1955f895d42e1a
RU_MORDOVIA_03/CCI_Biomass_2019.tif,RU_MORDOVIA_03,CCI_V7,7.0,2019,внешняя модельная оценка,"[""AGB"", ""AGB_SD""]",каналы 1 и 2: т сухого вещества/га,1; offset=0,"uint16,uint16",46x73x2,EPSG:4326,"[0.0008888888888888889, 0.0008888888888888889]",None,Прямоугольная вырезка по исходной сетке; объединение двух переменных без интерполяции.,"[""https://dap.ceda.ac.uk/neodc/esacci/biomass/data/agb/maps/v7.0/geotiff/2019/N60E040_ESACCI-BIOMASS-L4-AGB-MERGED-100m-2019-fv7.0.tif"", ""https://dap.ceda.ac.uk/neodc/esacci/biomass/data/agb/maps/v7.0/geotiff/2019/N60E040_ESACCI-BIOMASS-L4-AGB_SD-MERGED-100m-2019-fv7.0.tif""]",CCI_V7,2026-09-16,9852,61d03f30da91630366ee821049be14832ca9a472ce2df04ba844cb68ab1be9f8
RU_MORDOVIA_03/CCI_Biomass_2020.tif,RU_MORDOVIA_03,CCI_V7,7.0,2020,внешняя модельная оценка,"[""AGB"", ""AGB_SD""]",каналы 1 и 2: т сухого вещества/га,1; offset=0,"uint16,uint16",46x73x2,EPSG:4326,"[0.0008888888888888889, 0.0008888888888888889]",None,Прямоугольная вырезка по исходной сетке; объединение двух переменных без интерполяции.,"[""https://dap.ceda.ac.uk/neodc/esacci/biomass/data/agb/maps/v7.0/geotiff/2020/N60E040_ESACCI-BIOMASS-L4-AGB-MERGED-100m-2020-fv7.0.tif"", ""https://dap.ceda.ac.uk/neodc/esacci/biomass/data/agb/maps/v7.0/geotiff/2020/N60E040_ESACCI-BIOMASS-L4-AGB_SD-MERGED-100m-2020-fv7.0.tif""]",CCI_V7,2026-09-16,9790,988d2f9aa64a4902d9cb4b68894ed8531864b14bce563b8355355b02be6a30b2
RU_MORDOVIA_03/CCI_Biomass_2021.tif,RU_MORDOVIA_03,CCI_V7,7.0,2021,внешняя модельная оценка,"[""AGB"", ""AGB_SD""]",каналы 1 и 2: т сухого вещества/га,1; offset=0,"uint16,uint16",46x73x2,EPSG:4326,"[0.0008888888888888889, 0.0008888888888888889]",None,Прямоугольная вырезка по исходной сетке; объединение двух переменных без интерполяции.,"[""https://dap.ceda.ac.uk/neodc/esacci/biomass/data/agb/maps/v7.0/geotiff/2021/N60E040_ESACCI-BIOMASS-L4-AGB-MERGED-100m-2021-fv7.0.tif"", ""https://dap.ceda.ac.uk/neodc/esacci/biomass/data/agb/maps/v7.0/geotiff/2021/N60E040_ESACCI-BIOMASS-L4-AGB_SD-MERGED-100m-2021-fv7.0.tif""]",CCI_V7,2026-09-16,9806,3336f365c2023dafa5a97511f3f0e5befa6c4a83f824c5b36ed80283ee6c8737
RU_MORDOVIA_03/CCI_Biomass_2022.tif,RU_MORDOVIA_03,CCI_V7,7.0,2022,внешняя модельная оценка,"[""AGB"", ""AGB_SD""]",каналы 1 и 2: т сухого вещества/га,1; offset=0,"uint16,uint16",46x73x2,EPSG:4326,"[0.0008888888888888889, 0.0008888888888888889]",None,Прямоугольная вырезка по исходной сетке; объединение двух переменных без интерполяции.,"[""https://dap.ceda.ac.uk/neodc/esacci/biomass/data/agb/maps/v7.0/geotiff/2022/N60E040_ESACCI-BIOMASS-L4-AGB-MERGED-100m-2022-fv7.0.tif"", ""https://dap.ceda.ac.uk/neodc/esacci/biomass/data/agb/maps/v7.0/geotiff/2022/N60E040_ESACCI-BIOMASS-L4-AGB_SD-MERGED-100m-2022-fv7.0.tif""]",CCI_V7,2026-09-16,8978,4e302dc7aa590f32441f731ba183102f55eb46a5ad10947c1effd9048f5e410e
RU_MORDOVIA_03/CCI_Biomass_2023.tif,RU_MORDOVIA_03,CCI_V7,7.0,2023,внешняя модельная оценка,"[""AGB"", ""AGB_SD""]",каналы 1 и 2: т сухого вещества/га,1; offset=0,"uint16,uint16",46x73x2,EPSG:4326,"[0.0008888888888888889, 0.0008888888888888889]",None,Прямоугольная вырезка по исходной сетке; объединение двух переменных без интерполяции.,"[""https://dap.ceda.ac.uk/neodc/esacci/biomass/data/agb/maps/v7.0/geotiff/2023/N60E040_ESACCI-BIOMASS-L4-AGB-MERGED-100m-2023-fv7.0.tif"", ""https://dap.ceda.ac.uk/neodc/esacci/biomass/data/agb/maps/v7.0/geotiff/2023/N60E040_ESACCI-BIOMASS-L4-AGB_SD-MERGED-100m-2023-fv7.0.tif""]",CCI_V7,2026-09-16,8936,867a8cdd06d2b4ebaa5debe95102b471639a10558c53bdac2c21b8ed5583ef7b
RU_MORDOVIA_03/CCI_Biomass_2024.tif,RU_MORDOVIA_03,CCI_V7,7.0,2024,внешняя модельная оценка,"[""AGB"", ""AGB_SD""]",каналы 1 и 2: т сухого вещества/га,1; offset=0,"uint16,uint16",46x73x2,EPSG:4326,"[0.0008888888888888889, 0.0008888888888888889]",None,Прямоугольная вырезка по исходной сетке; объединение двух переменных без интерполяции.,"[""https://dap.ceda.ac.uk/neodc/esacci/biomass/data/agb/maps/v7.0/geotiff/2024/N60E040_ESACCI-BIOMASS-L4-AGB-MERGED-100m-2024-fv7.0.tif"", ""https://dap.ceda.ac.uk/neodc/esacci/biomass/data/agb/maps/v7.0/geotiff/2024/N60E040_ESACCI-BIOMASS-L4-AGB_SD-MERGED-100m-2024-fv7.0.tif""]",CCI_V7,2026-09-16,8930,b0586e41969c1516c613600542a9980239a456539619dc61b559b3af8a714358
RU_MORDOVIA_03/CCI_Change_2019_2020.tif,RU_MORDOVIA_03,CCI_V7,7.0,2019/2020,внешний продукт изменений,"[""AGB_difference"", ""AGB_difference_SD"", ""AGB_difference_quality_flag""]",каналы 1 и 2: т сухого вещества/га; канал 3: код 0…5,1; offset=0,"int16,int16,int16",46x73x3,EPSG:4326,"[0.0008888888888888889, 0.0008888888888888889]",None,"Вырезка по исходной сетке. Значения сохранены; снят тег NoData = 0, конфликтующий с допустимыми нулевой разностью и кодом качества. Интерпретация по парным AGB и флагу качества.","[""https://dap.ceda.ac.uk/neodc/esacci/biomass/data/agb/maps/v7.0/geotiff/2019_2020/N60E040_ESACCI-BIOMASS-L4-DIFF-100m-2019_2020-fv7.0.tif""]",CCI_V7,2026-09-16,11780,e0de5c1ed3a7ce8b7b97e301348c6b8b4da6184ae183a1745b16784fd09da378
RU_MORDOVIA_03/GFC_2025_v1_13.tif,RU_MORDOVIA_03,GFC_2025_V113,2025 v1.13,2000/2025,внешний продукт изменений,"[""treecover2000"", ""lossyear"", ""datamask""]",канал 1: проценты; канал 2: код года потери; канал 3: код маски,1; offset=0,"uint8,uint8,uint8",160x256x3,EPSG:4326,"[0.00025, 0.00025]",None,Вырезка по исходной сетке и объединение трёх слоёв; сохранены все годы потерь.,"[""https://storage.googleapis.com/earthenginepartners-hansen/GFC-2025-v1.13/Hansen_GFC-2025-v1.13_treecover2000_60N_040E.tif"", ""https://storage.googleapis.com/earthenginepartners-hansen/GFC-2025-v1.13/Hansen_GFC-2025-v1.13_lossyear_60N_040E.tif"", ""https://storage.googleapis.com/earthenginepartners-hansen/GFC-2025-v1.13/Hansen_GFC-2025-v1.13_datamask_60N_040E.tif""]",GFC_2025_V113,2026-09-16,24749,a13dd26f1e69a6fd4986b6e93e09d76d8973dcdba11319f766d670c8b4c14eaa
RU_MORDOVIA_03/MODIS/MCD64A1.A2021213.h20v03.061.2021309115600_Burn_Date.tif,RU_MORDOVIA_03,MODIS_MCD64A1_061,6.1,2021-08,внешний продукт гарей,Burn_Date,порядковый день года; специальные значения указаны в описании,1; offset=0,int16,10x16x1,"PROJCS[""unnamed"",GEOGCS[""Unknown datum based upon the custom spheroid"",DATUM[""Not specified (based on custom spheroid)"",SPHEROID[""Custom spheroid"",6371007.181,0]],PRIMEM[""Greenwich"",0],UNIT[""degree"",0.0174532925199433,AUTHORITY[""EPSG"",""9122""]]],PROJECTION[""Sinusoidal""],PARAMETER[""longitude_of_center"",0],PARAMETER[""false_easting"",0],PARAMETER[""false_northing"",0],UNIT[""metre"",1,AUTHORITY[""EPSG"",""9001""]],AXIS[""Easting"",EAST],AXIS[""Northing"",NORTH]]","[463.3127165279167, 463.3127165279169]",-1.0,Вырезка по исходной синусоидальной сетке без интерполяции.,"[""https://modiseuwest.blob.core.windows.net/modis-061-cogs/MCD64A1/20/03/2021213/MCD64A1.A2021213.h20v03.061.2021309115600_Burn_Date.tif""]",MODIS_MCD64A1_061,2026-09-16,1944,bfaeb2ade287d62e3c41a3743d0291951273810fdf4c3be90de17a76547867fd
RU_MORDOVIA_03/MODIS/MCD64A1.A2021213.h20v03.061.2021309115600_Burn_Date_Uncertainty.tif,RU_MORDOVIA_03,MODIS_MCD64A1_061,6.1,2021-08,внешний продукт гарей,Burn_Date_Uncertainty,дни,1; offset=0,uint8,10x16x1,"PROJCS[""unnamed"",GEOGCS[""Unknown datum based upon the custom spheroid"",DATUM[""Not specified (based on custom spheroid)"",SPHEROID[""Custom spheroid"",6371007.181,0]],PRIMEM[""Greenwich"",0],UNIT[""degree"",0.0174532925199433,AUTHORITY[""EPSG"",""9122""]]],PROJECTION[""Sinusoidal""],PARAMETER[""longitude_of_center"",0],PARAMETER[""false_easting"",0],PARAMETER[""false_northing"",0],UNIT[""metre"",1,AUTHORITY[""EPSG"",""9001""]],AXIS[""Easting"",EAST],AXIS[""Northing"",NORTH]]","[463.3127165279167, 463.3127165279169]",None,Вырезка по исходной синусоидальной сетке без интерполяции.,"[""https://modiseuwest.blob.core.windows.net/modis-061-cogs/MCD64A1/20/03/2021213/MCD64A1.A2021213.h20v03.061.2021309115600_Burn_Date_Uncertainty.tif""]",MODIS_MCD64A1_061,2026-09-16,1906,8d4b3b7b4aa305ba4ab880a99cc6d67222c103571b5cd9a9a93e1b6b3ca1a821
RU_MORDOVIA_03/MODIS/MCD64A1.A2021213.h20v03.061.2021309115600_First_Day.tif,RU_MORDOVIA_03,MODIS_MCD64A1_061,6.1,2021-08,внешний продукт гарей,First_Day,порядковый день года; специальные значения указаны в описании,1; offset=0,int16,10x16x1,"PROJCS[""unnamed"",GEOGCS[""Unknown datum based upon the custom spheroid"",DATUM[""Not specified (based on custom spheroid)"",SPHEROID[""Custom spheroid"",6371007.181,0]],PRIMEM[""Greenwich"",0],UNIT[""degree"",0.0174532925199433,AUTHORITY[""EPSG"",""9122""]]],PROJECTION[""Sinusoidal""],PARAMETER[""longitude_of_center"",0],PARAMETER[""false_easting"",0],PARAMETER[""false_northing"",0],UNIT[""metre"",1,AUTHORITY[""EPSG"",""9001""]],AXIS[""Easting"",EAST],AXIS[""Northing"",NORTH]]","[463.3127165279167, 463.3127165279169]",-1.0,Вырезка по исходной синусоидальной сетке без интерполяции.,"[""https://modiseuwest.blob.core.windows.net/modis-061-cogs/MCD64A1/20/03/2021213/MCD64A1.A2021213.h20v03.061.2021309115600_First_Day.tif""]",MODIS_MCD64A1_061,2026-09-16,1920,8528e37f751b3bc819211f27068882ae0bee88e4f273c29a22ea1e19f6cc9982
RU_MORDOVIA_03/MODIS/MCD64A1.A2021213.h20v03.061.2021309115600_Last_Day.tif,RU_MORDOVIA_03,MODIS_MCD64A1_061,6.1,2021-08,внешний продукт гарей,Last_Day,порядковый день года; специальные значения указаны в описании,1; offset=0,int16,10x16x1,"PROJCS[""unnamed"",GEOGCS[""Unknown datum based upon the custom spheroid"",DATUM[""Not specified (based on custom spheroid)"",SPHEROID[""Custom spheroid"",6371007.181,0]],PRIMEM[""Greenwich"",0],UNIT[""degree"",0.0174532925199433,AUTHORITY[""EPSG"",""9122""]]],PROJECTION[""Sinusoidal""],PARAMETER[""longitude_of_center"",0],PARAMETER[""false_easting"",0],PARAMETER[""false_northing"",0],UNIT[""metre"",1,AUTHORITY[""EPSG"",""9001""]],AXIS[""Easting"",EAST],AXIS[""Northing"",NORTH]]","[463.3127165279167, 463.3127165279169]",-1.0,Вырезка по исходной синусоидальной сетке без интерполяции.,"[""https://modiseuwest.blob.core.windows.net/modis-061-cogs/MCD64A1/20/03/2021213/MCD64A1.A2021213.h20v03.061.2021309115600_Last_Day.tif""]",MODIS_MCD64A1_061,2026-09-16,2008,6e659425624ee03323308ca3368151bd2c54c094882466abf9d017f8c66a5342
RU_MORDOVIA_03/MODIS/MCD64A1.A2021213.h20v03.061.2021309115600_QA.tif,RU_MORDOVIA_03,MODIS_MCD64A1_061,6.1,2021-08,внешний продукт гарей,QA,битовая маска,1; offset=0,uint8,10x16x1,"PROJCS[""unnamed"",GEOGCS[""Unknown datum based upon the custom spheroid"",DATUM[""Not specified (based on custom spheroid)"",SPHEROID[""Custom spheroid"",6371007.181,0]],PRIMEM[""Greenwich"",0],UNIT[""degree"",0.0174532925199433,AUTHORITY[""EPSG"",""9122""]]],PROJECTION[""Sinusoidal""],PARAMETER[""longitude_of_center"",0],PARAMETER[""false_easting"",0],PARAMETER[""false_northing"",0],UNIT[""metre"",1,AUTHORITY[""EPSG"",""9001""]],AXIS[""Easting"",EAST],AXIS[""Northing"",NORTH]]","[463.3127165279167, 463.3127165279169]",None,Вырезка по исходной синусоидальной сетке без интерполяции.,"[""https://modiseuwest.blob.core.windows.net/modis-061-cogs/MCD64A1/20/03/2021213/MCD64A1.A2021213.h20v03.061.2021309115600_QA.tif""]",MODIS_MCD64A1_061,2026-09-16,1814,a00912b78c58246c8af26777f24eb4ac960a37929832a0cec75acd0b072eea13
RU_MORDOVIA_03/MODIS/MCD64A1.A2021244.h20v03.061.2021316194413_Burn_Date.tif,RU_MORDOVIA_03,MODIS_MCD64A1_061,6.1,2021-09,внешний продукт гарей,Burn_Date,порядковый день года; специальные значения указаны в описании,1; offset=0,int16,10x16x1,"PROJCS[""unnamed"",GEOGCS[""Unknown datum based upon the custom spheroid"",DATUM[""Not specified (based on custom spheroid)"",SPHEROID[""Custom spheroid"",6371007.181,0]],PRIMEM[""Greenwich"",0],UNIT[""degree"",0.0174532925199433,AUTHORITY[""EPSG"",""9122""]]],PROJECTION[""Sinusoidal""],PARAMETER[""longitude_of_center"",0],PARAMETER[""false_easting"",0],PARAMETER[""false_northing"",0],UNIT[""metre"",1,AUTHORITY[""EPSG"",""9001""]],AXIS[""Easting"",EAST],AXIS[""Northing"",NORTH]]","[463.3127165279167, 463.3127165279169]",-1.0,Вырезка по исходной синусоидальной сетке без интерполяции.,"[""https://modiseuwest.blob.core.windows.net/modis-061-cogs/MCD64A1/20/03/2021244/MCD64A1.A2021244.h20v03.061.2021316194413_Burn_Date.tif""]",MODIS_MCD64A1_061,2026-09-16,1854,64fa7d6a701980479188d61231ede50495197f528f06ff0e6ef3b4db3101a2ec
RU_MORDOVIA_03/MODIS/MCD64A1.A2021244.h20v03.061.2021316194413_Burn_Date_Uncertainty.tif,RU_MORDOVIA_03,MODIS_MCD64A1_061,6.1,2021-09,внешний продукт гарей,Burn_Date_Uncertainty,дни,1; offset=0,uint8,10x16x1,"PROJCS[""unnamed"",GEOGCS[""Unknown datum based upon the custom spheroid"",DATUM[""Not specified (based on custom spheroid)"",SPHEROID[""Custom spheroid"",6371007.181,0]],PRIMEM[""Greenwich"",0],UNIT[""degree"",0.0174532925199433,AUTHORITY[""EPSG"",""9122""]]],PROJECTION[""Sinusoidal""],PARAMETER[""longitude_of_center"",0],PARAMETER[""false_easting"",0],PARAMETER[""false_northing"",0],UNIT[""metre"",1,AUTHORITY[""EPSG"",""9001""]],AXIS[""Easting"",EAST],AXIS[""Northing"",NORTH]]","[463.3127165279167, 463.3127165279169]",None,Вырезка по исходной синусоидальной сетке без интерполяции.,"[""https://modiseuwest.blob.core.windows.net/modis-061-cogs/MCD64A1/20/03/2021244/MCD64A1.A2021244.h20v03.061.2021316194413_Burn_Date_Uncertainty.tif""]",MODIS_MCD64A1_061,2026-09-16,1840,7e6a9c3728291a567aa347990479820873a2308166386ebdf18f0cba7e4a8299
RU_MORDOVIA_03/MODIS/MCD64A1.A2021244.h20v03.061.2021316194413_First_Day.tif,RU_MORDOVIA_03,MODIS_MCD64A1_061,6.1,2021-09,внешний продукт гарей,First_Day,порядковый день года; специальные значения указаны в описании,1; offset=0,int16,10x16x1,"PROJCS[""unnamed"",GEOGCS[""Unknown datum based upon the custom spheroid"",DATUM[""Not specified (based on custom spheroid)"",SPHEROID[""Custom spheroid"",6371007.181,0]],PRIMEM[""Greenwich"",0],UNIT[""degree"",0.0174532925199433,AUTHORITY[""EPSG"",""9122""]]],PROJECTION[""Sinusoidal""],PARAMETER[""longitude_of_center"",0],PARAMETER[""false_easting"",0],PARAMETER[""false_northing"",0],UNIT[""metre"",1,AUTHORITY[""EPSG"",""9001""]],AXIS[""Easting"",EAST],AXIS[""Northing"",NORTH]]","[463.3127165279167, 463.3127165279169]",-1.0,Вырезка по исходной синусоидальной сетке без интерполяции.,"[""https://modiseuwest.blob.core.windows.net/modis-061-cogs/MCD64A1/20/03/2021244/MCD64A1.A2021244.h20v03.061.2021316194413_First_Day.tif""]",MODIS_MCD64A1_061,2026-09-16,1972,9ed479d2a1a7315c5f6b6756a149b044718041ba4ce8ce4c80788deb683ffcff
RU_MORDOVIA_03/MODIS/MCD64A1.A2021244.h20v03.061.2021316194413_Last_Day.tif,RU_MORDOVIA_03,MODIS_MCD64A1_061,6.1,2021-09,внешний продукт гарей,Last_Day,порядковый день года; специальные значения указаны в описании,1; offset=0,int16,10x16x1,"PROJCS[""unnamed"",GEOGCS[""Unknown datum based upon the custom spheroid"",DATUM[""Not specified (based on custom spheroid)"",SPHEROID[""Custom spheroid"",6371007.181,0]],PRIMEM[""Greenwich"",0],UNIT[""degree"",0.0174532925199433,AUTHORITY[""EPSG"",""9122""]]],PROJECTION[""Sinusoidal""],PARAMETER[""longitude_of_center"",0],PARAMETER[""false_easting"",0],PARAMETER[""false_northing"",0],UNIT[""metre"",1,AUTHORITY[""EPSG"",""9001""]],AXIS[""Easting"",EAST],AXIS[""Northing"",NORTH]]","[463.3127165279167, 463.3127165279169]",-1.0,Вырезка по исходной синусоидальной сетке без интерполяции.,"[""https://modiseuwest.blob.core.windows.net/modis-061-cogs/MCD64A1/20/03/2021244/MCD64A1.A2021244.h20v03.061.2021316194413_Last_Day.tif""]",MODIS_MCD64A1_061,2026-09-16,1968,8b37791d025f42fe786b12d1c9f1741453520d86defe42813d76ec8af0dc2c50
RU_MORDOVIA_03/MODIS/MCD64A1.A2021244.h20v03.061.2021316194413_QA.tif,RU_MORDOVIA_03,MODIS_MCD64A1_061,6.1,2021-09,внешний продукт гарей,QA,битовая маска,1; offset=0,uint8,10x16x1,"PROJCS[""unnamed"",GEOGCS[""Unknown datum based upon the custom spheroid"",DATUM[""Not specified (based on custom spheroid)"",SPHEROID[""Custom spheroid"",6371007.181,0]],PRIMEM[""Greenwich"",0],UNIT[""degree"",0.0174532925199433,AUTHORITY[""EPSG"",""9122""]]],PROJECTION[""Sinusoidal""],PARAMETER[""longitude_of_center"",0],PARAMETER[""false_easting"",0],PARAMETER[""false_northing"",0],UNIT[""metre"",1,AUTHORITY[""EPSG"",""9001""]],AXIS[""Easting"",EAST],AXIS[""Northing"",NORTH]]","[463.3127165279167, 463.3127165279169]",None,Вырезка по исходной синусоидальной сетке без интерполяции.,"[""https://modiseuwest.blob.core.windows.net/modis-061-cogs/MCD64A1/20/03/2021244/MCD64A1.A2021244.h20v03.061.2021316194413_QA.tif""]",MODIS_MCD64A1_061,2026-09-16,1814,06301a364bfe4b4bdcb3295aa57553524b008ea78922049d6806c7f583c5a319
RU_MORDOVIA_03/Sentinel2/S2A_38ULF_20210619_1_L2A_SCL.tif,RU_MORDOVIA_03,S2_L2A,05.00,2021-06-19T08:24:52.764000Z,автоматическая классификация качества,"[""SCL""]",код класса SCL,1; offset=0,uint8,229x212x1,EPSG:32638,"[20.0, 20.0]",0.0,Прямоугольная вырезка по исходной сетке 20 м; коды классов сохранены.,"[""https://sentinel-cogs.s3.us-west-2.amazonaws.com/sentinel-s2-l2a-cogs/38/U/LF/2021/6/S2A_38ULF_20210619_1_L2A/SCL.tif""]",S2_L2A,2026-09-16,1827,9867279770ec2bd8de89ea01070860822085525c81b5b55eb19d3676c6820003
RU_MORDOVIA_03/Sentinel2/S2A_38ULF_20210619_1_L2A_reflectance.tif,RU_MORDOVIA_03,S2_L2A,05.00,2021-06-19T08:24:52.764000Z,спутниковое наблюдение отражения поверхности,"[""B02"", ""B03"", ""B04"", ""B8A"", ""B11"", ""B12""]",безразмерный коэффициент отражения поверхности,1; offset=0,"float32,float32,float32,float32,float32,float32",229x212x6,EPSG:32638,"[20.0, 20.0]",NaN,"Исходные пропуски исключены; применены масштаб и смещение из STAC. B02, B03 и B04 усреднены с 10 до 20 м; B8A, B11 и B12 сохранены на сетке 20 м. Облачная маска не применена.","[""https://sentinel-cogs.s3.us-west-2.amazonaws.com/sentinel-s2-l2a-cogs/38/U/LF/2021/6/S2A_38ULF_20210619_1_L2A/B02.tif"", ""https://sentinel-cogs.s3.us-west-2.amazonaws.com/sentinel-s2-l2a-cogs/38/U/LF/2021/6/S2A_38ULF_20210619_1_L2A/B03.tif"", ""https://sentinel-cogs.s3.us-west-2.amazonaws.com/sentinel-s2-l2a-cogs/38/U/LF/2021/6/S2A_38ULF_20210619_1_L2A/B04.tif"", ""https://sentinel-cogs.s3.us-west-2.amazonaws.com/sentinel-s2-l2a-cogs/38/U/LF/2021/6/S2A_38ULF_20210619_1_L2A/B8A.tif"", ""https://sentinel-cogs.s3.us-west-2.amazonaws.com/sentinel-s2-l2a-cogs/38/U/LF/2021/6/S2A_38ULF_20210619_1_L2A/B11.tif"", ""https://sentinel-cogs.s3.us-west-2.amazonaws.com/sentinel-s2-l2a-cogs/38/U/LF/2021/6/S2A_38ULF_20210619_1_L2A/B12.tif""]",S2_L2A,2026-09-16,884092,99e938c0918b8c703c0e0ccc31e430d24cee297627fbad864761e2b86aa602b1
RU_MORDOVIA_03/Sentinel2/S2A_38ULF_20210712_1_L2A_SCL.tif,RU_MORDOVIA_03,S2_L2A,05.00,2021-07-12T08:34:51.753000Z,автоматическая классификация качества,"[""SCL""]",код класса SCL,1; offset=0,uint8,229x212x1,EPSG:32638,"[20.0, 20.0]",0.0,Прямоугольная вырезка по исходной сетке 20 м; коды классов сохранены.,"[""https://sentinel-cogs.s3.us-west-2.amazonaws.com/sentinel-s2-l2a-cogs/38/U/LF/2021/7/S2A_38ULF_20210712_1_L2A/SCL.tif""]",S2_L2A,2026-09-16,1939,7ad588306a0d509de818df3936bbb7db20127e5df6c6dd1723fe6d014ae1a826
RU_MORDOVIA_03/Sentinel2/S2A_38ULF_20210712_1_L2A_reflectance.tif,RU_MORDOVIA_03,S2_L2A,05.00,2021-07-12T08:34:51.753000Z,спутниковое наблюдение отражения поверхности,"[""B02"", ""B03"", ""B04"", ""B8A"", ""B11"", ""B12""]",безразмерный коэффициент отражения поверхности,1; offset=0,"float32,float32,float32,float32,float32,float32",229x212x6,EPSG:32638,"[20.0, 20.0]",NaN,"Исходные пропуски исключены; применены масштаб и смещение из STAC. B02, B03 и B04 усреднены с 10 до 20 м; B8A, B11 и B12 сохранены на сетке 20 м. Облачная маска не применена.","[""https://sentinel-cogs.s3.us-west-2.amazonaws.com/sentinel-s2-l2a-cogs/38/U/LF/2021/7/S2A_38ULF_20210712_1_L2A/B02.tif"", ""https://sentinel-cogs.s3.us-west-2.amazonaws.com/sentinel-s2-l2a-cogs/38/U/LF/2021/7/S2A_38ULF_20210712_1_L2A/B03.tif"", ""https://sentinel-cogs.s3.us-west-2.amazonaws.com/sentinel-s2-l2a-cogs/38/U/LF/2021/7/S2A_38ULF_20210712_1_L2A/B04.tif"", ""https://sentinel-cogs.s3.us-west-2.amazonaws.com/sentinel-s2-l2a-cogs/38/U/LF/2021/7/S2A_38ULF_20210712_1_L2A/B8A.tif"", ""https://sentinel-cogs.s3.us-west-2.amazonaws.com/sentinel-s2-l2a-cogs/38/U/LF/2021/7/S2A_38ULF_20210712_1_L2A/B11.tif"", ""https://sentinel-cogs.s3.us-west-2.amazonaws.com/sentinel-s2-l2a-cogs/38/U/LF/2021/7/S2A_38ULF_20210712_1_L2A/B12.tif""]",S2_L2A,2026-09-16,883006,fc5e95ee2e5fb143b4e9f667296e5f20eb8bf819d1487c09d69051686935df5a
RU_MORDOVIA_03/Sentinel2/S2A_38ULF_20220627_0_L2A_SCL.tif,RU_MORDOVIA_03,S2_L2A,04.00,2022-06-27T08:35:01.444000Z,автоматическая классификация качества,"[""SCL""]",код класса SCL,1; offset=0,uint8,229x212x1,EPSG:32638,"[20.0, 20.0]",0.0,Прямоугольная вырезка по исходной сетке 20 м; коды классов сохранены.,"[""https://sentinel-cogs.s3.us-west-2.amazonaws.com/sentinel-s2-l2a-cogs/38/U/LF/2022/6/S2A_38ULF_20220627_0_L2A/SCL.tif""]",S2_L2A,2026-09-16,5919,ee2b4659dd4b27e1c40ef65afb306198a66f461f6ddd563417e06e4e9767eaff
RU_MORDOVIA_03/Sentinel2/S2A_38ULF_20220627_0_L2A_reflectance.tif,RU_MORDOVIA_03,S2_L2A,04.00,2022-06-27T08:35:01.444000Z,спутниковое наблюдение отражения поверхности,"[""B02"", ""B03"", ""B04"", ""B8A"", ""B11"", ""B12""]",безразмерный коэффициент отражения поверхности,1; offset=0,"float32,float32,float32,float32,float32,float32",229x212x6,EPSG:32638,"[20.0, 20.0]",NaN,"Исходные пропуски исключены; применены масштаб и смещение из STAC. B02, B03 и B04 усреднены с 10 до 20 м; B8A, B11 и B12 сохранены на сетке 20 м. Облачная маска не применена.","[""https://sentinel-cogs.s3.us-west-2.amazonaws.com/sentinel-s2-l2a-cogs/38/U/LF/2022/6/S2A_38ULF_20220627_0_L2A/B02.tif"", ""https://sentinel-cogs.s3.us-west-2.amazonaws.com/sentinel-s2-l2a-cogs/38/U/LF/2022/6/S2A_38ULF_20220627_0_L2A/B03.tif"", ""https://sentinel-cogs.s3.us-west-2.amazonaws.com/sentinel-s2-l2a-cogs/38/U/LF/2022/6/S2A_38ULF_20220627_0_L2A/B04.tif"", ""https://sentinel-cogs.s3.us-west-2.amazonaws.com/sentinel-s2-l2a-cogs/38/U/LF/2022/6/S2A_38ULF_20220627_0_L2A/B8A.tif"", ""https://sentinel-cogs.s3.us-west-2.amazonaws.com/sentinel-s2-l2a-cogs/38/U/LF/2022/6/S2A_38ULF_20220627_0_L2A/B11.tif"", ""https://sentinel-cogs.s3.us-west-2.amazonaws.com/sentinel-s2-l2a-cogs/38/U/LF/2022/6/S2A_38ULF_20220627_0_L2A/B12.tif""]",S2_L2A,2026-09-16,934752,3e9e797c160d6737b967dfa228700e8f922bb1a1bf38f410135ff60d91fc1cc1
RU_MORDOVIA_03/Sentinel2/S2A_38ULF_20220823_0_L2A_SCL.tif,RU_MORDOVIA_03,S2_L2A,04.00,2022-08-23T08:25:05.010000Z,автоматическая классификация качества,"[""SCL""]",код класса SCL,1; offset=0,uint8,229x212x1,EPSG:32638,"[20.0, 20.0]",0.0,Прямоугольная вырезка по исходной сетке 20 м; коды классов сохранены.,"[""https://sentinel-cogs.s3.us-west-2.amazonaws.com/sentinel-s2-l2a-cogs/38/U/LF/2022/8/S2A_38ULF_20220823_0_L2A/SCL.tif""]",S2_L2A,2026-09-16,4785,31a3c2d084b6b91cab74a2038223a03eea4e48e5d2f15a5cfd72e6686b769112
RU_MORDOVIA_03/Sentinel2/S2A_38ULF_20220823_0_L2A_reflectance.tif,RU_MORDOVIA_03,S2_L2A,04.00,2022-08-23T08:25:05.010000Z,спутниковое наблюдение отражения поверхности,"[""B02"", ""B03"", ""B04"", ""B8A"", ""B11"", ""B12""]",безразмерный коэффициент отражения поверхности,1; offset=0,"float32,float32,float32,float32,float32,float32",229x212x6,EPSG:32638,"[20.0, 20.0]",NaN,"Исходные пропуски исключены; применены масштаб и смещение из STAC. B02, B03 и B04 усреднены с 10 до 20 м; B8A, B11 и B12 сохранены на сетке 20 м. Облачная маска не применена.","[""https://sentinel-cogs.s3.us-west-2.amazonaws.com/sentinel-s2-l2a-cogs/38/U/LF/2022/8/S2A_38ULF_20220823_0_L2A/B02.tif"", ""https://sentinel-cogs.s3.us-west-2.amazonaws.com/sentinel-s2-l2a-cogs/38/U/LF/2022/8/S2A_38ULF_20220823_0_L2A/B03.tif"", ""https://sentinel-cogs.s3.us-west-2.amazonaws.com/sentinel-s2-l2a-cogs/38/U/LF/2022/8/S2A_38ULF_20220823_0_L2A/B04.tif"", ""https://sentinel-cogs.s3.us-west-2.amazonaws.com/sentinel-s2-l2a-cogs/38/U/LF/2022/8/S2A_38ULF_20220823_0_L2A/B8A.tif"", ""https://sentinel-cogs.s3.us-west-2.amazonaws.com/sentinel-s2-l2a-cogs/38/U/LF/2022/8/S2A_38ULF_20220823_0_L2A/B11.tif"", ""https://sentinel-cogs.s3.us-west-2.amazonaws.com/sentinel-s2-l2a-cogs/38/U/LF/2022/8/S2A_38ULF_20220823_0_L2A/B12.tif""]",S2_L2A,2026-09-16,937352,bc3a4c1b4591eabde61e3fa3fc2de40ee67329de03aa7d9fb8fd11b8101afe94
RU_MORDOVIA_03/Sentinel2/S2A_38ULF_20230818_0_L2A_SCL.tif,RU_MORDOVIA_03,S2_L2A,05.09,2023-08-18T08:24:58.343000Z,автоматическая классификация качества,"[""SCL""]",код класса SCL,1; offset=0,uint8,229x212x1,EPSG:32638,"[20.0, 20.0]",0.0,Прямоугольная вырезка по исходной сетке 20 м; коды классов сохранены.,"[""https://sentinel-cogs.s3.us-west-2.amazonaws.com/sentinel-s2-l2a-cogs/38/U/LF/2023/8/S2A_38ULF_20230818_0_L2A/SCL.tif""]",S2_L2A,2026-09-16,3363,a16ec4b29d7c409f041edf344b6827509041d8a6eb6570cfff48e6b95c666c95
RU_MORDOVIA_03/Sentinel2/S2A_38ULF_20230818_0_L2A_reflectance.tif,RU_MORDOVIA_03,S2_L2A,05.09,2023-08-18T08:24:58.343000Z,спутниковое наблюдение отражения поверхности,"[""B02"", ""B03"", ""B04"", ""B8A"", ""B11"", ""B12""]",безразмерный коэффициент отражения поверхности,1; offset=0,"float32,float32,float32,float32,float32,float32",229x212x6,EPSG:32638,"[20.0, 20.0]",NaN,"Исходные пропуски исключены; применены масштаб и смещение из STAC. B02, B03 и B04 усреднены с 10 до 20 м; B8A, B11 и B12 сохранены на сетке 20 м. Облачная маска не применена.","[""https://sentinel-cogs.s3.us-west-2.amazonaws.com/sentinel-s2-l2a-cogs/38/U/LF/2023/8/S2A_38ULF_20230818_0_L2A/B02.tif"", ""https://sentinel-cogs.s3.us-west-2.amazonaws.com/sentinel-s2-l2a-cogs/38/U/LF/2023/8/S2A_38ULF_20230818_0_L2A/B03.tif"", ""https://sentinel-cogs.s3.us-west-2.amazonaws.com/sentinel-s2-l2a-cogs/38/U/LF/2023/8/S2A_38ULF_20230818_0_L2A/B04.tif"", ""https://sentinel-cogs.s3.us-west-2.amazonaws.com/sentinel-s2-l2a-cogs/38/U/LF/2023/8/S2A_38ULF_20230818_0_L2A/B8A.tif"", ""https://sentinel-cogs.s3.us-west-2.amazonaws.com/sentinel-s2-l2a-cogs/38/U/LF/2023/8/S2A_38ULF_20230818_0_L2A/B11.tif"", ""https://sentinel-cogs.s3.us-west-2.amazonaws.com/sentinel-s2-l2a-cogs/38/U/LF/2023/8/S2A_38ULF_20230818_0_L2A/B12.tif""]",S2_L2A,2026-09-16,921536,3104927380e0a4976843d412b848e9e5e7246ee0869d53f885e9cfcff102a1d6
RU_MORDOVIA_03/Sentinel2/S2B_38ULF_20190625_1_L2A_SCL.tif,RU_MORDOVIA_03,S2_L2A,05.00,2019-06-25T08:25:00.614000Z,автоматическая классификация качества,"[""SCL""]",код класса SCL,1; offset=0,uint8,229x212x1,EPSG:32638,"[20.0, 20.0]",0.0,Прямоугольная вырезка по исходной сетке 20 м; коды классов сохранены.,"[""https://sentinel-cogs.s3.us-west-2.amazonaws.com/sentinel-s2-l2a-cogs/38/U/LF/2019/6/S2B_38ULF_20190625_1_L2A/SCL.tif""]",S2_L2A,2026-09-16,3501,ab2e26ce8675d165405d397f705720124178c02cff0300ef07e260c73709f91c
RU_MORDOVIA_03/Sentinel2/S2B_38ULF_20190625_1_L2A_reflectance.tif,RU_MORDOVIA_03,S2_L2A,05.00,2019-06-25T08:25:00.614000Z,спутниковое наблюдение отражения поверхности,"[""B02"", ""B03"", ""B04"", ""B8A"", ""B11"", ""B12""]",безразмерный коэффициент отражения поверхности,1; offset=0,"float32,float32,float32,float32,float32,float32",229x212x6,EPSG:32638,"[20.0, 20.0]",NaN,"Исходные пропуски исключены; применены масштаб и смещение из STAC. B02, B03 и B04 усреднены с 10 до 20 м; B8A, B11 и B12 сохранены на сетке 20 м. Облачная маска не применена.","[""https://sentinel-cogs.s3.us-west-2.amazonaws.com/sentinel-s2-l2a-cogs/38/U/LF/2019/6/S2B_38ULF_20190625_1_L2A/B02.tif"", ""https://sentinel-cogs.s3.us-west-2.amazonaws.com/sentinel-s2-l2a-cogs/38/U/LF/2019/6/S2B_38ULF_20190625_1_L2A/B03.tif"", ""https://sentinel-cogs.s3.us-west-2.amazonaws.com/sentinel-s2-l2a-cogs/38/U/LF/2019/6/S2B_38ULF_20190625_1_L2A/B04.tif"", ""https://sentinel-cogs.s3.us-west-2.amazonaws.com/sentinel-s2-l2a-cogs/38/U/LF/2019/6/S2B_38ULF_20190625_1_L2A/B8A.tif"", ""https://sentinel-cogs.s3.us-west-2.amazonaws.com/sentinel-s2-l2a-cogs/38/U/LF/2019/6/S2B_38ULF_20190625_1_L2A/B11.tif"", ""https://sentinel-cogs.s3.us-west-2.amazonaws.com/sentinel-s2-l2a-cogs/38/U/LF/2019/6/S2B_38ULF_20190625_1_L2A/B12.tif""]",S2_L2A,2026-09-16,934222,d41776c3e93d9cd6472c8e2c190e747b19d31fba91f2e4b40e34193bed98f5b5
RU_MORDOVIA_03/Sentinel2/S2B_38ULF_20190814_1_L2A_SCL.tif,RU_MORDOVIA_03,S2_L2A,05.00,2019-08-14T08:24:58.812000Z,автоматическая классификация качества,"[""SCL""]",код класса SCL,1; offset=0,uint8,229x212x1,EPSG:32638,"[20.0, 20.0]",0.0,Прямоугольная вырезка по исходной сетке 20 м; коды классов сохранены.,"[""https://sentinel-cogs.s3.us-west-2.amazonaws.com/sentinel-s2-l2a-cogs/38/U/LF/2019/8/S2B_38ULF_20190814_1_L2A/SCL.tif""]",S2_L2A,2026-09-16,2267,01c0302466589d7a77fb087784352e979cf335b56bf320ab227fb99b7d6abd21
RU_MORDOVIA_03/Sentinel2/S2B_38ULF_20190814_1_L2A_reflectance.tif,RU_MORDOVIA_03,S2_L2A,05.00,2019-08-14T08:24:58.812000Z,спутниковое наблюдение отражения поверхности,"[""B02"", ""B03"", ""B04"", ""B8A"", ""B11"", ""B12""]",безразмерный коэффициент отражения поверхности,1; offset=0,"float32,float32,float32,float32,float32,float32",229x212x6,EPSG:32638,"[20.0, 20.0]",NaN,"Исходные пропуски исключены; применены масштаб и смещение из STAC. B02, B03 и B04 усреднены с 10 до 20 м; B8A, B11 и B12 сохранены на сетке 20 м. Облачная маска не применена.","[""https://sentinel-cogs.s3.us-west-2.amazonaws.com/sentinel-s2-l2a-cogs/38/U/LF/2019/8/S2B_38ULF_20190814_1_L2A/B02.tif"", ""https://sentinel-cogs.s3.us-west-2.amazonaws.com/sentinel-s2-l2a-cogs/38/U/LF/2019/8/S2B_38ULF_20190814_1_L2A/B03.tif"", ""https://sentinel-cogs.s3.us-west-2.amazonaws.com/sentinel-s2-l2a-cogs/38/U/LF/2019/8/S2B_38ULF_20190814_1_L2A/B04.tif"", ""https://sentinel-cogs.s3.us-west-2.amazonaws.com/sentinel-s2-l2a-cogs/38/U/LF/2019/8/S2B_38ULF_20190814_1_L2A/B8A.tif"", ""https://sentinel-cogs.s3.us-west-2.amazonaws.com/sentinel-s2-l2a-cogs/38/U/LF/2019/8/S2B_38ULF_20190814_1_L2A/B11.tif"", ""https://sentinel-cogs.s3.us-west-2.amazonaws.com/sentinel-s2-l2a-cogs/38/U/LF/2019/8/S2B_38ULF_20190814_1_L2A/B12.tif""]",S2_L2A,2026-09-16,906162,3709f7582993f92d9505970512177aa2ac609f684926280c0ae1dfff232a0ab3
RU_MORDOVIA_03/Sentinel2/S2B_38ULF_20200712_1_L2A_SCL.tif,RU_MORDOVIA_03,S2_L2A,05.00,2020-07-12T08:34:50.332000Z,автоматическая классификация качества,"[""SCL""]",код класса SCL,1; offset=0,uint8,229x212x1,EPSG:32638,"[20.0, 20.0]",0.0,Прямоугольная вырезка по исходной сетке 20 м; коды классов сохранены.,"[""https://sentinel-cogs.s3.us-west-2.amazonaws.com/sentinel-s2-l2a-cogs/38/U/LF/2020/7/S2B_38ULF_20200712_1_L2A/SCL.tif""]",S2_L2A,2026-09-16,1867,1e1a22ab5ff3bf76f633479a3d713a7c9198c832eba8880b64d7516f706284bb
RU_MORDOVIA_03/Sentinel2/S2B_38ULF_20200712_1_L2A_reflectance.tif,RU_MORDOVIA_03,S2_L2A,05.00,2020-07-12T08:34:50.332000Z,спутниковое наблюдение отражения поверхности,"[""B02"", ""B03"", ""B04"", ""B8A"", ""B11"", ""B12""]",безразмерный коэффициент отражения поверхности,1; offset=0,"float32,float32,float32,float32,float32,float32",229x212x6,EPSG:32638,"[20.0, 20.0]",NaN,"Исходные пропуски исключены; применены масштаб и смещение из STAC. B02, B03 и B04 усреднены с 10 до 20 м; B8A, B11 и B12 сохранены на сетке 20 м. Облачная маска не применена.","[""https://sentinel-cogs.s3.us-west-2.amazonaws.com/sentinel-s2-l2a-cogs/38/U/LF/2020/7/S2B_38ULF_20200712_1_L2A/B02.tif"", ""https://sentinel-cogs.s3.us-west-2.amazonaws.com/sentinel-s2-l2a-cogs/38/U/LF/2020/7/S2B_38ULF_20200712_1_L2A/B03.tif"", ""https://sentinel-cogs.s3.us-west-2.amazonaws.com/sentinel-s2-l2a-cogs/38/U/LF/2020/7/S2B_38ULF_20200712_1_L2A/B04.tif"", ""https://sentinel-cogs.s3.us-west-2.amazonaws.com/sentinel-s2-l2a-cogs/38/U/LF/2020/7/S2B_38ULF_20200712_1_L2A/B8A.tif"", ""https://sentinel-cogs.s3.us-west-2.amazonaws.com/sentinel-s2-l2a-cogs/38/U/LF/2020/7/S2B_38ULF_20200712_1_L2A/B11.tif"", ""https://sentinel-cogs.s3.us-west-2.amazonaws.com/sentinel-s2-l2a-cogs/38/U/LF/2020/7/S2B_38ULF_20200712_1_L2A/B12.tif""]",S2_L2A,2026-09-16,883928,4adf2eb077586dcb93d7d6b62ca8833b1732b27284ee77e3936412eb0e0a6007
RU_MORDOVIA_03/Sentinel2/S2B_38ULF_20200818_2_L2A_SCL.tif,RU_MORDOVIA_03,S2_L2A,05.00,2020-08-18T08:24:53.973000Z,автоматическая классификация качества,"[""SCL""]",код класса SCL,1; offset=0,uint8,229x212x1,EPSG:32638,"[20.0, 20.0]",0.0,Прямоугольная вырезка по исходной сетке 20 м; коды классов сохранены.,"[""https://sentinel-cogs.s3.us-west-2.amazonaws.com/sentinel-s2-l2a-cogs/38/U/LF/2020/8/S2B_38ULF_20200818_2_L2A/SCL.tif""]",S2_L2A,2026-09-16,2095,d3c486ed9c882906d8e0fff8761cbb082ca68e92a1489b507215800db4e79523
RU_MORDOVIA_03/Sentinel2/S2B_38ULF_20200818_2_L2A_reflectance.tif,RU_MORDOVIA_03,S2_L2A,05.00,2020-08-18T08:24:53.973000Z,спутниковое наблюдение отражения поверхности,"[""B02"", ""B03"", ""B04"", ""B8A"", ""B11"", ""B12""]",безразмерный коэффициент отражения поверхности,1; offset=0,"float32,float32,float32,float32,float32,float32",229x212x6,EPSG:32638,"[20.0, 20.0]",NaN,"Исходные пропуски исключены; применены масштаб и смещение из STAC. B02, B03 и B04 усреднены с 10 до 20 м; B8A, B11 и B12 сохранены на сетке 20 м. Облачная маска не применена.","[""https://sentinel-cogs.s3.us-west-2.amazonaws.com/sentinel-s2-l2a-cogs/38/U/LF/2020/8/S2B_38ULF_20200818_2_L2A/B02.tif"", ""https://sentinel-cogs.s3.us-west-2.amazonaws.com/sentinel-s2-l2a-cogs/38/U/LF/2020/8/S2B_38ULF_20200818_2_L2A/B03.tif"", ""https://sentinel-cogs.s3.us-west-2.amazonaws.com/sentinel-s2-l2a-cogs/38/U/LF/2020/8/S2B_38ULF_20200818_2_L2A/B04.tif"", ""https://sentinel-cogs.s3.us-west-2.amazonaws.com/sentinel-s2-l2a-cogs/38/U/LF/2020/8/S2B_38ULF_20200818_2_L2A/B8A.tif"", ""https://sentinel-cogs.s3.us-west-2.amazonaws.com/sentinel-s2-l2a-cogs/38/U/LF/2020/8/S2B_38ULF_20200818_2_L2A/B11.tif"", ""https://sentinel-cogs.s3.us-west-2.amazonaws.com/sentinel-s2-l2a-cogs/38/U/LF/2020/8/S2B_38ULF_20200818_2_L2A/B12.tif""]",S2_L2A,2026-09-16,895646,626c8585ad49aaf0089c66f8d4aaf502a53d94ca02239e2bc1914d34d52de876
RU_MORDOVIA_03/Sentinel2/S2B_38ULF_20210912_0_L2A_SCL.tif,RU_MORDOVIA_03,S2_L2A,03.01,2021-09-12T08:24:48.583000Z,автоматическая классификация качества,"[""SCL""]",код класса SCL,1; offset=0,uint8,229x212x1,EPSG:32638,"[20.0, 20.0]",0.0,Прямоугольная вырезка по исходной сетке 20 м; коды классов сохранены.,"[""https://sentinel-cogs.s3.us-west-2.amazonaws.com/sentinel-s2-l2a-cogs/38/U/LF/2021/9/S2B_38ULF_20210912_0_L2A/SCL.tif""]",S2_L2A,2026-09-16,4101,bc1c1d77d006c1bb3b3fa3ff1474822de2fa4e8d64c505cedf653488407e1a33
RU_MORDOVIA_03/Sentinel2/S2B_38ULF_20210912_0_L2A_reflectance.tif,RU_MORDOVIA_03,S2_L2A,03.01,2021-09-12T08:24:48.583000Z,спутниковое наблюдение отражения поверхности,"[""B02"", ""B03"", ""B04"", ""B8A"", ""B11"", ""B12""]",безразмерный коэффициент отражения поверхности,1; offset=0,"float32,float32,float32,float32,float32,float32",229x212x6,EPSG:32638,"[20.0, 20.0]",NaN,"Исходные пропуски исключены; применены масштаб и смещение из STAC. B02, B03 и B04 усреднены с 10 до 20 м; B8A, B11 и B12 сохранены на сетке 20 м. Облачная маска не применена.","[""https://sentinel-cogs.s3.us-west-2.amazonaws.com/sentinel-s2-l2a-cogs/38/U/LF/2021/9/S2B_38ULF_20210912_0_L2A/B02.tif"", ""https://sentinel-cogs.s3.us-west-2.amazonaws.com/sentinel-s2-l2a-cogs/38/U/LF/2021/9/S2B_38ULF_20210912_0_L2A/B03.tif"", ""https://sentinel-cogs.s3.us-west-2.amazonaws.com/sentinel-s2-l2a-cogs/38/U/LF/2021/9/S2B_38ULF_20210912_0_L2A/B04.tif"", ""https://sentinel-cogs.s3.us-west-2.amazonaws.com/sentinel-s2-l2a-cogs/38/U/LF/2021/9/S2B_38ULF_20210912_0_L2A/B8A.tif"", ""https://sentinel-cogs.s3.us-west-2.amazonaws.com/sentinel-s2-l2a-cogs/38/U/LF/2021/9/S2B_38ULF_20210912_0_L2A/B11.tif"", ""https://sentinel-cogs.s3.us-west-2.amazonaws.com/sentinel-s2-l2a-cogs/38/U/LF/2021/9/S2B_38ULF_20210912_0_L2A/B12.tif""]",S2_L2A,2026-09-16,905088,f1e28663b2657bef9357a008dbd97906c99679c447e16dc75b6e10c5ca32c62a
RU_MORDOVIA_03/Sentinel2/S2B_38ULF_20230617_0_L2A_SCL.tif,RU_MORDOVIA_03,S2_L2A,05.09,2023-06-17T08:34:53.476000Z,автоматическая классификация качества,"[""SCL""]",код класса SCL,1; offset=0,uint8,229x212x1,EPSG:32638,"[20.0, 20.0]",0.0,Прямоугольная вырезка по исходной сетке 20 м; коды классов сохранены.,"[""https://sentinel-cogs.s3.us-west-2.amazonaws.com/sentinel-s2-l2a-cogs/38/U/LF/2023/6/S2B_38ULF_20230617_0_L2A/SCL.tif""]",S2_L2A,2026-09-16,3541,e3dfdfe178046b91cce03d44fd92991213b8942d40e0532092faf33b84d79465
RU_MORDOVIA_03/Sentinel2/S2B_38ULF_20230617_0_L2A_reflectance.tif,RU_MORDOVIA_03,S2_L2A,05.09,2023-06-17T08:34:53.476000Z,спутниковое наблюдение отражения поверхности,"[""B02"", ""B03"", ""B04"", ""B8A"", ""B11"", ""B12""]",безразмерный коэффициент отражения поверхности,1; offset=0,"float32,float32,float32,float32,float32,float32",229x212x6,EPSG:32638,"[20.0, 20.0]",NaN,"Исходные пропуски исключены; применены масштаб и смещение из STAC. B02, B03 и B04 усреднены с 10 до 20 м; B8A, B11 и B12 сохранены на сетке 20 м. Облачная маска не применена.","[""https://sentinel-cogs.s3.us-west-2.amazonaws.com/sentinel-s2-l2a-cogs/38/U/LF/2023/6/S2B_38ULF_20230617_0_L2A/B02.tif"", ""https://sentinel-cogs.s3.us-west-2.amazonaws.com/sentinel-s2-l2a-cogs/38/U/LF/2023/6/S2B_38ULF_20230617_0_L2A/B03.tif"", ""https://sentinel-cogs.s3.us-west-2.amazonaws.com/sentinel-s2-l2a-cogs/38/U/LF/2023/6/S2B_38ULF_20230617_0_L2A/B04.tif"", ""https://sentinel-cogs.s3.us-west-2.amazonaws.com/sentinel-s2-l2a-cogs/38/U/LF/2023/6/S2B_38ULF_20230617_0_L2A/B8A.tif"", ""https://sentinel-cogs.s3.us-west-2.amazonaws.com/sentinel-s2-l2a-cogs/38/U/LF/2023/6/S2B_38ULF_20230617_0_L2A/B11.tif"", ""https://sentinel-cogs.s3.us-west-2.amazonaws.com/sentinel-s2-l2a-cogs/38/U/LF/2023/6/S2B_38ULF_20230617_0_L2A/B12.tif""]",S2_L2A,2026-09-16,928038,b8822c66f10f74172002367b1a6f8cbf79fadd98aab339a5d4abec36b7b386b5
RU_MORDOVIA_03/Sentinel2/S2B_38ULF_20240708_0_L2A_SCL.tif,RU_MORDOVIA_03,S2_L2A,05.10,2024-07-08T08:24:55.154000Z,автоматическая классификация качества,"[""SCL""]",код класса SCL,1; offset=0,uint8,229x212x1,EPSG:32638,"[20.0, 20.0]",0.0,Прямоугольная вырезка по исходной сетке 20 м; коды классов сохранены.,"[""https://sentinel-cogs.s3.us-west-2.amazonaws.com/sentinel-s2-l2a-cogs/38/U/LF/2024/7/S2B_38ULF_20240708_0_L2A/SCL.tif""]",S2_L2A,2026-09-16,3019,5f86ffff84da1fa978e81b57198777066ed63062ea720a238c03c964081ba5da
RU_MORDOVIA_03/Sentinel2/S2B_38ULF_20240708_0_L2A_reflectance.tif,RU_MORDOVIA_03,S2_L2A,05.10,2024-07-08T08:24:55.154000Z,спутниковое наблюдение отражения поверхности,"[""B02"", ""B03"", ""B04"", ""B8A"", ""B11"", ""B12""]",безразмерный коэффициент отражения поверхности,1; offset=0,"float32,float32,float32,float32,float32,float32",229x212x6,EPSG:32638,"[20.0, 20.0]",NaN,"Исходные пропуски исключены; применены масштаб и смещение из STAC. B02, B03 и B04 усреднены с 10 до 20 м; B8A, B11 и B12 сохранены на сетке 20 м. Облачная маска не применена.","[""https://sentinel-cogs.s3.us-west-2.amazonaws.com/sentinel-s2-l2a-cogs/38/U/LF/2024/7/S2B_38ULF_20240708_0_L2A/B02.tif"", ""https://sentinel-cogs.s3.us-west-2.amazonaws.com/sentinel-s2-l2a-cogs/38/U/LF/2024/7/S2B_38ULF_20240708_0_L2A/B03.tif"", ""https://sentinel-cogs.s3.us-west-2.amazonaws.com/sentinel-s2-l2a-cogs/38/U/LF/2024/7/S2B_38ULF_20240708_0_L2A/B04.tif"", ""https://sentinel-cogs.s3.us-west-2.amazonaws.com/sentinel-s2-l2a-cogs/38/U/LF/2024/7/S2B_38ULF_20240708_0_L2A/B8A.tif"", ""https://sentinel-cogs.s3.us-west-2.amazonaws.com/sentinel-s2-l2a-cogs/38/U/LF/2024/7/S2B_38ULF_20240708_0_L2A/B11.tif"", ""https://sentinel-cogs.s3.us-west-2.amazonaws.com/sentinel-s2-l2a-cogs/38/U/LF/2024/7/S2B_38ULF_20240708_0_L2A/B12.tif""]",S2_L2A,2026-09-16,928510,b0c7228ecc62bfdf250773a2828a3fecde3c6f594efc0a3e93c5ef3e188d8678
RU_MORDOVIA_03/Sentinel2/S2B_38ULF_20240830_0_L2A_SCL.tif,RU_MORDOVIA_03,S2_L2A,05.11,2024-08-30T08:34:51.231000Z,автоматическая классификация качества,"[""SCL""]",код класса SCL,1; offset=0,uint8,229x212x1,EPSG:32638,"[20.0, 20.0]",0.0,Прямоугольная вырезка по исходной сетке 20 м; коды классов сохранены.,"[""https://sentinel-cogs.s3.us-west-2.amazonaws.com/sentinel-s2-l2a-cogs/38/U/LF/2024/8/S2B_38ULF_20240830_0_L2A/SCL.tif""]",S2_L2A,2026-09-16,3779,6efcb77fde1e45ed195fbab287209fd86b736b2d957f892eec988d08f12b8534
RU_MORDOVIA_03/Sentinel2/S2B_38ULF_20240830_0_L2A_reflectance.tif,RU_MORDOVIA_03,S2_L2A,05.11,2024-08-30T08:34:51.231000Z,спутниковое наблюдение отражения поверхности,"[""B02"", ""B03"", ""B04"", ""B8A"", ""B11"", ""B12""]",безразмерный коэффициент отражения поверхности,1; offset=0,"float32,float32,float32,float32,float32,float32",229x212x6,EPSG:32638,"[20.0, 20.0]",NaN,"Исходные пропуски исключены; применены масштаб и смещение из STAC. B02, B03 и B04 усреднены с 10 до 20 м; B8A, B11 и B12 сохранены на сетке 20 м. Облачная маска не применена.","[""https://sentinel-cogs.s3.us-west-2.amazonaws.com/sentinel-s2-l2a-cogs/38/U/LF/2024/8/S2B_38ULF_20240830_0_L2A/B02.tif"", ""https://sentinel-cogs.s3.us-west-2.amazonaws.com/sentinel-s2-l2a-cogs/38/U/LF/2024/8/S2B_38ULF_20240830_0_L2A/B03.tif"", ""https://sentinel-cogs.s3.us-west-2.amazonaws.com/sentinel-s2-l2a-cogs/38/U/LF/2024/8/S2B_38ULF_20240830_0_L2A/B04.tif"", ""https://sentinel-cogs.s3.us-west-2.amazonaws.com/sentinel-s2-l2a-cogs/38/U/LF/2024/8/S2B_38ULF_20240830_0_L2A/B8A.tif"", ""https://sentinel-cogs.s3.us-west-2.amazonaws.com/sentinel-s2-l2a-cogs/38/U/LF/2024/8/S2B_38ULF_20240830_0_L2A/B11.tif"", ""https://sentinel-cogs.s3.us-west-2.amazonaws.com/sentinel-s2-l2a-cogs/38/U/LF/2024/8/S2B_38ULF_20240830_0_L2A/B12.tif""]",S2_L2A,2026-09-16,921336,67f86040854a5e7184eb437748b059a2b9f4c794331091842a32d2aa4ab23d26
RU_MORDOVIA_04/CCI_Biomass_2015.tif,RU_MORDOVIA_04,CCI_V7,7.0,2015,внешняя модельная оценка,"[""AGB"", ""AGB_SD""]",каналы 1 и 2: т сухого вещества/га,1; offset=0,"uint16,uint16",46x73x2,EPSG:4326,"[0.0008888888888888889, 0.0008888888888888889]",None,Прямоугольная вырезка по исходной сетке; объединение двух переменных без интерполяции.,"[""https://dap.ceda.ac.uk/neodc/esacci/biomass/data/agb/maps/v7.0/geotiff/2015/N60E040_ESACCI-BIOMASS-L4-AGB-MERGED-100m-2015-fv7.0.tif"", ""https://dap.ceda.ac.uk/neodc/esacci/biomass/data/agb/maps/v7.0/geotiff/2015/N60E040_ESACCI-BIOMASS-L4-AGB_SD-MERGED-100m-2015-fv7.0.tif""]",CCI_V7,2026-09-16,8262,70bf3e9effe35a2dc396dd809ba3781b864c95c78a35c131f7418a3cfdeb2e9d
RU_MORDOVIA_04/CCI_Biomass_2016.tif,RU_MORDOVIA_04,CCI_V7,7.0,2016,внешняя модельная оценка,"[""AGB"", ""AGB_SD""]",каналы 1 и 2: т сухого вещества/га,1; offset=0,"uint16,uint16",46x73x2,EPSG:4326,"[0.0008888888888888889, 0.0008888888888888889]",None,Прямоугольная вырезка по исходной сетке; объединение двух переменных без интерполяции.,"[""https://dap.ceda.ac.uk/neodc/esacci/biomass/data/agb/maps/v7.0/geotiff/2016/N60E040_ESACCI-BIOMASS-L4-AGB-MERGED-100m-2016-fv7.0.tif"", ""https://dap.ceda.ac.uk/neodc/esacci/biomass/data/agb/maps/v7.0/geotiff/2016/N60E040_ESACCI-BIOMASS-L4-AGB_SD-MERGED-100m-2016-fv7.0.tif""]",CCI_V7,2026-09-16,8984,c2ebad10eecbe0ac5cb0e4ab2b88177bfc37941dd6065d80ef7ce857b4a811d9
RU_MORDOVIA_04/CCI_Biomass_2017.tif,RU_MORDOVIA_04,CCI_V7,7.0,2017,внешняя модельная оценка,"[""AGB"", ""AGB_SD""]",каналы 1 и 2: т сухого вещества/га,1; offset=0,"uint16,uint16",46x73x2,EPSG:4326,"[0.0008888888888888889, 0.0008888888888888889]",None,Прямоугольная вырезка по исходной сетке; объединение двух переменных без интерполяции.,"[""https://dap.ceda.ac.uk/neodc/esacci/biomass/data/agb/maps/v7.0/geotiff/2017/N60E040_ESACCI-BIOMASS-L4-AGB-MERGED-100m-2017-fv7.0.tif"", ""https://dap.ceda.ac.uk/neodc/esacci/biomass/data/agb/maps/v7.0/geotiff/2017/N60E040_ESACCI-BIOMASS-L4-AGB_SD-MERGED-100m-2017-fv7.0.tif""]",CCI_V7,2026-09-16,8548,43c5e7dbd92006ff7184ecfffa5acb8cf12794c6ee5452c430131f2c1fb80586
RU_MORDOVIA_04/CCI_Biomass_2018.tif,RU_MORDOVIA_04,CCI_V7,7.0,2018,внешняя модельная оценка,"[""AGB"", ""AGB_SD""]",каналы 1 и 2: т сухого вещества/га,1; offset=0,"uint16,uint16",46x73x2,EPSG:4326,"[0.0008888888888888889, 0.0008888888888888889]",None,Прямоугольная вырезка по исходной сетке; объединение двух переменных без интерполяции.,"[""https://dap.ceda.ac.uk/neodc/esacci/biomass/data/agb/maps/v7.0/geotiff/2018/N60E040_ESACCI-BIOMASS-L4-AGB-MERGED-100m-2018-fv7.0.tif"", ""https://dap.ceda.ac.uk/neodc/esacci/biomass/data/agb/maps/v7.0/geotiff/2018/N60E040_ESACCI-BIOMASS-L4-AGB_SD-MERGED-100m-2018-fv7.0.tif""]",CCI_V7,2026-09-16,6746,d308d95c6c4aa467c0d30bf735036e6c35fda9dc7ffa32b74c9ff98bf99a8ddc
RU_MORDOVIA_04/CCI_Biomass_2019.tif,RU_MORDOVIA_04,CCI_V7,7.0,2019,внешняя модельная оценка,"[""AGB"", ""AGB_SD""]",каналы 1 и 2: т сухого вещества/га,1; offset=0,"uint16,uint16",46x73x2,EPSG:4326,"[0.0008888888888888889, 0.0008888888888888889]",None,Прямоугольная вырезка по исходной сетке; объединение двух переменных без интерполяции.,"[""https://dap.ceda.ac.uk/neodc/esacci/biomass/data/agb/maps/v7.0/geotiff/2019/N60E040_ESACCI-BIOMASS-L4-AGB-MERGED-100m-2019-fv7.0.tif"", ""https://dap.ceda.ac.uk/neodc/esacci/biomass/data/agb/maps/v7.0/geotiff/2019/N60E040_ESACCI-BIOMASS-L4-AGB_SD-MERGED-100m-2019-fv7.0.tif""]",CCI_V7,2026-09-16,8318,3aa2837870547b5331e196462f8cb22fa98b48c1852db8ad75620767bf9be9f1
RU_MORDOVIA_04/CCI_Biomass_2020.tif,RU_MORDOVIA_04,CCI_V7,7.0,2020,внешняя модельная оценка,"[""AGB"", ""AGB_SD""]",каналы 1 и 2: т сухого вещества/га,1; offset=0,"uint16,uint16",46x73x2,EPSG:4326,"[0.0008888888888888889, 0.0008888888888888889]",None,Прямоугольная вырезка по исходной сетке; объединение двух переменных без интерполяции.,"[""https://dap.ceda.ac.uk/neodc/esacci/biomass/data/agb/maps/v7.0/geotiff/2020/N60E040_ESACCI-BIOMASS-L4-AGB-MERGED-100m-2020-fv7.0.tif"", ""https://dap.ceda.ac.uk/neodc/esacci/biomass/data/agb/maps/v7.0/geotiff/2020/N60E040_ESACCI-BIOMASS-L4-AGB_SD-MERGED-100m-2020-fv7.0.tif""]",CCI_V7,2026-09-16,7732,41d55c76016cf24057daaf0b84d6bc683a49c7afaf5cec12c4411b7d1dc4dbf8
RU_MORDOVIA_04/CCI_Biomass_2021.tif,RU_MORDOVIA_04,CCI_V7,7.0,2021,внешняя модельная оценка,"[""AGB"", ""AGB_SD""]",каналы 1 и 2: т сухого вещества/га,1; offset=0,"uint16,uint16",46x73x2,EPSG:4326,"[0.0008888888888888889, 0.0008888888888888889]",None,Прямоугольная вырезка по исходной сетке; объединение двух переменных без интерполяции.,"[""https://dap.ceda.ac.uk/neodc/esacci/biomass/data/agb/maps/v7.0/geotiff/2021/N60E040_ESACCI-BIOMASS-L4-AGB-MERGED-100m-2021-fv7.0.tif"", ""https://dap.ceda.ac.uk/neodc/esacci/biomass/data/agb/maps/v7.0/geotiff/2021/N60E040_ESACCI-BIOMASS-L4-AGB_SD-MERGED-100m-2021-fv7.0.tif""]",CCI_V7,2026-09-16,6226,85a6830f736f842caf6cb6a650f8e378259374eb064bb756629cf3d656703aea
RU_MORDOVIA_04/CCI_Biomass_2022.tif,RU_MORDOVIA_04,CCI_V7,7.0,2022,внешняя модельная оценка,"[""AGB"", ""AGB_SD""]",каналы 1 и 2: т сухого вещества/га,1; offset=0,"uint16,uint16",46x73x2,EPSG:4326,"[0.0008888888888888889, 0.0008888888888888889]",None,Прямоугольная вырезка по исходной сетке; объединение двух переменных без интерполяции.,"[""https://dap.ceda.ac.uk/neodc/esacci/biomass/data/agb/maps/v7.0/geotiff/2022/N60E040_ESACCI-BIOMASS-L4-AGB-MERGED-100m-2022-fv7.0.tif"", ""https://dap.ceda.ac.uk/neodc/esacci/biomass/data/agb/maps/v7.0/geotiff/2022/N60E040_ESACCI-BIOMASS-L4-AGB_SD-MERGED-100m-2022-fv7.0.tif""]",CCI_V7,2026-09-16,4290,c3b3b2cb03fafb5553dbb2cfbd74cde6b21f16dc7437cd256e1a4a3ed20ee171
RU_MORDOVIA_04/CCI_Biomass_2023.tif,RU_MORDOVIA_04,CCI_V7,7.0,2023,внешняя модельная оценка,"[""AGB"", ""AGB_SD""]",каналы 1 и 2: т сухого вещества/га,1; offset=0,"uint16,uint16",46x73x2,EPSG:4326,"[0.0008888888888888889, 0.0008888888888888889]",None,Прямоугольная вырезка по исходной сетке; объединение двух переменных без интерполяции.,"[""https://dap.ceda.ac.uk/neodc/esacci/biomass/data/agb/maps/v7.0/geotiff/2023/N60E040_ESACCI-BIOMASS-L4-AGB-MERGED-100m-2023-fv7.0.tif"", ""https://dap.ceda.ac.uk/neodc/esacci/biomass/data/agb/maps/v7.0/geotiff/2023/N60E040_ESACCI-BIOMASS-L4-AGB_SD-MERGED-100m-2023-fv7.0.tif""]",CCI_V7,2026-09-16,4310,230e52141cdbfd15d6e68ab60012620ee1653f68e1325e539de3eb9d85ee4989
RU_MORDOVIA_04/CCI_Biomass_2024.tif,RU_MORDOVIA_04,CCI_V7,7.0,2024,внешняя модельная оценка,"[""AGB"", ""AGB_SD""]",каналы 1 и 2: т сухого вещества/га,1; offset=0,"uint16,uint16",46x73x2,EPSG:4326,"[0.0008888888888888889, 0.0008888888888888889]",None,Прямоугольная вырезка по исходной сетке; объединение двух переменных без интерполяции.,"[""https://dap.ceda.ac.uk/neodc/esacci/biomass/data/agb/maps/v7.0/geotiff/2024/N60E040_ESACCI-BIOMASS-L4-AGB-MERGED-100m-2024-fv7.0.tif"", ""https://dap.ceda.ac.uk/neodc/esacci/biomass/data/agb/maps/v7.0/geotiff/2024/N60E040_ESACCI-BIOMASS-L4-AGB_SD-MERGED-100m-2024-fv7.0.tif""]",CCI_V7,2026-09-16,4524,9bbb7317569146adebc9d5648164ea9057079fa53cb6e88920ad4d610eee1de5
RU_MORDOVIA_04/CCI_Change_2019_2020.tif,RU_MORDOVIA_04,CCI_V7,7.0,2019/2020,внешний продукт изменений,"[""AGB_difference"", ""AGB_difference_SD"", ""AGB_difference_quality_flag""]",каналы 1 и 2: т сухого вещества/га; канал 3: код 0…5,1; offset=0,"int16,int16,int16",46x73x3,EPSG:4326,"[0.0008888888888888889, 0.0008888888888888889]",None,"Вырезка по исходной сетке. Значения сохранены; снят тег NoData = 0, конфликтующий с допустимыми нулевой разностью и кодом качества. Интерпретация по парным AGB и флагу качества.","[""https://dap.ceda.ac.uk/neodc/esacci/biomass/data/agb/maps/v7.0/geotiff/2019_2020/N60E040_ESACCI-BIOMASS-L4-DIFF-100m-2019_2020-fv7.0.tif""]",CCI_V7,2026-09-16,9948,e824a9dec1d2fc894a840b2b5255c0143d9230bdc1b6656a147eda3c1bf990a2
RU_MORDOVIA_04/GFC_2025_v1_13.tif,RU_MORDOVIA_04,GFC_2025_V113,2025 v1.13,2000/2025,внешний продукт изменений,"[""treecover2000"", ""lossyear"", ""datamask""]",канал 1: проценты; канал 2: код года потери; канал 3: код маски,1; offset=0,"uint8,uint8,uint8",160x256x3,EPSG:4326,"[0.00025, 0.00025]",None,Вырезка по исходной сетке и объединение трёх слоёв; сохранены все годы потерь.,"[""https://storage.googleapis.com/earthenginepartners-hansen/GFC-2025-v1.13/Hansen_GFC-2025-v1.13_treecover2000_60N_040E.tif"", ""https://storage.googleapis.com/earthenginepartners-hansen/GFC-2025-v1.13/Hansen_GFC-2025-v1.13_lossyear_60N_040E.tif"", ""https://storage.googleapis.com/earthenginepartners-hansen/GFC-2025-v1.13/Hansen_GFC-2025-v1.13_datamask_60N_040E.tif""]",GFC_2025_V113,2026-09-16,20091,2429903bf7ff507c99167e7564dd68e3845c151cbb374d55f343304c064ea66f
RU_MORDOVIA_04/MODIS/MCD64A1.A2021213.h20v03.061.2021309115600_Burn_Date.tif,RU_MORDOVIA_04,MODIS_MCD64A1_061,6.1,2021-08,внешний продукт гарей,Burn_Date,порядковый день года; специальные значения указаны в описании,1; offset=0,int16,10x16x1,"PROJCS[""unnamed"",GEOGCS[""Unknown datum based upon the custom spheroid"",DATUM[""Not specified (based on custom spheroid)"",SPHEROID[""Custom spheroid"",6371007.181,0]],PRIMEM[""Greenwich"",0],UNIT[""degree"",0.0174532925199433,AUTHORITY[""EPSG"",""9122""]]],PROJECTION[""Sinusoidal""],PARAMETER[""longitude_of_center"",0],PARAMETER[""false_easting"",0],PARAMETER[""false_northing"",0],UNIT[""metre"",1,AUTHORITY[""EPSG"",""9001""]],AXIS[""Easting"",EAST],AXIS[""Northing"",NORTH]]","[463.3127165279167, 463.3127165279169]",-1.0,Вырезка по исходной синусоидальной сетке без интерполяции.,"[""https://modiseuwest.blob.core.windows.net/modis-061-cogs/MCD64A1/20/03/2021213/MCD64A1.A2021213.h20v03.061.2021309115600_Burn_Date.tif""]",MODIS_MCD64A1_061,2026-09-16,1952,ff0a45c93d7d8b8494cd6c9a0d8d20f2649832dc197b375351e6d565dc921dae
RU_MORDOVIA_04/MODIS/MCD64A1.A2021213.h20v03.061.2021309115600_Burn_Date_Uncertainty.tif,RU_MORDOVIA_04,MODIS_MCD64A1_061,6.1,2021-08,внешний продукт гарей,Burn_Date_Uncertainty,дни,1; offset=0,uint8,10x16x1,"PROJCS[""unnamed"",GEOGCS[""Unknown datum based upon the custom spheroid"",DATUM[""Not specified (based on custom spheroid)"",SPHEROID[""Custom spheroid"",6371007.181,0]],PRIMEM[""Greenwich"",0],UNIT[""degree"",0.0174532925199433,AUTHORITY[""EPSG"",""9122""]]],PROJECTION[""Sinusoidal""],PARAMETER[""longitude_of_center"",0],PARAMETER[""false_easting"",0],PARAMETER[""false_northing"",0],UNIT[""metre"",1,AUTHORITY[""EPSG"",""9001""]],AXIS[""Easting"",EAST],AXIS[""Northing"",NORTH]]","[463.3127165279167, 463.3127165279169]",None,Вырезка по исходной синусоидальной сетке без интерполяции.,"[""https://modiseuwest.blob.core.windows.net/modis-061-cogs/MCD64A1/20/03/2021213/MCD64A1.A2021213.h20v03.061.2021309115600_Burn_Date_Uncertainty.tif""]",MODIS_MCD64A1_061,2026-09-16,1920,ce6a210683c5b335267afabf053de73e32c15cb98e92b517a0fc736be070355a
RU_MORDOVIA_04/MODIS/MCD64A1.A2021213.h20v03.061.2021309115600_First_Day.tif,RU_MORDOVIA_04,MODIS_MCD64A1_061,6.1,2021-08,внешний продукт гарей,First_Day,порядковый день года; специальные значения указаны в описании,1; offset=0,int16,10x16x1,"PROJCS[""unnamed"",GEOGCS[""Unknown datum based upon the custom spheroid"",DATUM[""Not specified (based on custom spheroid)"",SPHEROID[""Custom spheroid"",6371007.181,0]],PRIMEM[""Greenwich"",0],UNIT[""degree"",0.0174532925199433,AUTHORITY[""EPSG"",""9122""]]],PROJECTION[""Sinusoidal""],PARAMETER[""longitude_of_center"",0],PARAMETER[""false_easting"",0],PARAMETER[""false_northing"",0],UNIT[""metre"",1,AUTHORITY[""EPSG"",""9001""]],AXIS[""Easting"",EAST],AXIS[""Northing"",NORTH]]","[463.3127165279167, 463.3127165279169]",-1.0,Вырезка по исходной синусоидальной сетке без интерполяции.,"[""https://modiseuwest.blob.core.windows.net/modis-061-cogs/MCD64A1/20/03/2021213/MCD64A1.A2021213.h20v03.061.2021309115600_First_Day.tif""]",MODIS_MCD64A1_061,2026-09-16,1950,244ab1b21415777fc59feb7a8e65302a73e7da50080035e53d2563517e5752d7
RU_MORDOVIA_04/MODIS/MCD64A1.A2021213.h20v03.061.2021309115600_Last_Day.tif,RU_MORDOVIA_04,MODIS_MCD64A1_061,6.1,2021-08,внешний продукт гарей,Last_Day,порядковый день года; специальные значения указаны в описании,1; offset=0,int16,10x16x1,"PROJCS[""unnamed"",GEOGCS[""Unknown datum based upon the custom spheroid"",DATUM[""Not specified (based on custom spheroid)"",SPHEROID[""Custom spheroid"",6371007.181,0]],PRIMEM[""Greenwich"",0],UNIT[""degree"",0.0174532925199433,AUTHORITY[""EPSG"",""9122""]]],PROJECTION[""Sinusoidal""],PARAMETER[""longitude_of_center"",0],PARAMETER[""false_easting"",0],PARAMETER[""false_northing"",0],UNIT[""metre"",1,AUTHORITY[""EPSG"",""9001""]],AXIS[""Easting"",EAST],AXIS[""Northing"",NORTH]]","[463.3127165279167, 463.3127165279169]",-1.0,Вырезка по исходной синусоидальной сетке без интерполяции.,"[""https://modiseuwest.blob.core.windows.net/modis-061-cogs/MCD64A1/20/03/2021213/MCD64A1.A2021213.h20v03.061.2021309115600_Last_Day.tif""]",MODIS_MCD64A1_061,2026-09-16,1998,54bf99965e7884910791f9a06169dfd8a3d588ad9539e11bc2d9ddbdde67b8f0
RU_MORDOVIA_04/MODIS/MCD64A1.A2021213.h20v03.061.2021309115600_QA.tif,RU_MORDOVIA_04,MODIS_MCD64A1_061,6.1,2021-08,внешний продукт гарей,QA,битовая маска,1; offset=0,uint8,10x16x1,"PROJCS[""unnamed"",GEOGCS[""Unknown datum based upon the custom spheroid"",DATUM[""Not specified (based on custom spheroid)"",SPHEROID[""Custom spheroid"",6371007.181,0]],PRIMEM[""Greenwich"",0],UNIT[""degree"",0.0174532925199433,AUTHORITY[""EPSG"",""9122""]]],PROJECTION[""Sinusoidal""],PARAMETER[""longitude_of_center"",0],PARAMETER[""false_easting"",0],PARAMETER[""false_northing"",0],UNIT[""metre"",1,AUTHORITY[""EPSG"",""9001""]],AXIS[""Easting"",EAST],AXIS[""Northing"",NORTH]]","[463.3127165279167, 463.3127165279169]",None,Вырезка по исходной синусоидальной сетке без интерполяции.,"[""https://modiseuwest.blob.core.windows.net/modis-061-cogs/MCD64A1/20/03/2021213/MCD64A1.A2021213.h20v03.061.2021309115600_QA.tif""]",MODIS_MCD64A1_061,2026-09-16,1814,e72b6136dcd8c8d3b298ea96dbedefb3f16cc84e2bbce3db1d8ee893dbb1133f
RU_MORDOVIA_04/MODIS/MCD64A1.A2021244.h20v03.061.2021316194413_Burn_Date.tif,RU_MORDOVIA_04,MODIS_MCD64A1_061,6.1,2021-09,внешний продукт гарей,Burn_Date,порядковый день года; специальные значения указаны в описании,1; offset=0,int16,10x16x1,"PROJCS[""unnamed"",GEOGCS[""Unknown datum based upon the custom spheroid"",DATUM[""Not specified (based on custom spheroid)"",SPHEROID[""Custom spheroid"",6371007.181,0]],PRIMEM[""Greenwich"",0],UNIT[""degree"",0.0174532925199433,AUTHORITY[""EPSG"",""9122""]]],PROJECTION[""Sinusoidal""],PARAMETER[""longitude_of_center"",0],PARAMETER[""false_easting"",0],PARAMETER[""false_northing"",0],UNIT[""metre"",1,AUTHORITY[""EPSG"",""9001""]],AXIS[""Easting"",EAST],AXIS[""Northing"",NORTH]]","[463.3127165279167, 463.3127165279169]",-1.0,Вырезка по исходной синусоидальной сетке без интерполяции.,"[""https://modiseuwest.blob.core.windows.net/modis-061-cogs/MCD64A1/20/03/2021244/MCD64A1.A2021244.h20v03.061.2021316194413_Burn_Date.tif""]",MODIS_MCD64A1_061,2026-09-16,1854,c3dd9b48178803fce4fba184130e661e89e1290b2ff8b173ec1342bb4813f112
RU_MORDOVIA_04/MODIS/MCD64A1.A2021244.h20v03.061.2021316194413_Burn_Date_Uncertainty.tif,RU_MORDOVIA_04,MODIS_MCD64A1_061,6.1,2021-09,внешний продукт гарей,Burn_Date_Uncertainty,дни,1; offset=0,uint8,10x16x1,"PROJCS[""unnamed"",GEOGCS[""Unknown datum based upon the custom spheroid"",DATUM[""Not specified (based on custom spheroid)"",SPHEROID[""Custom spheroid"",6371007.181,0]],PRIMEM[""Greenwich"",0],UNIT[""degree"",0.0174532925199433,AUTHORITY[""EPSG"",""9122""]]],PROJECTION[""Sinusoidal""],PARAMETER[""longitude_of_center"",0],PARAMETER[""false_easting"",0],PARAMETER[""false_northing"",0],UNIT[""metre"",1,AUTHORITY[""EPSG"",""9001""]],AXIS[""Easting"",EAST],AXIS[""Northing"",NORTH]]","[463.3127165279167, 463.3127165279169]",None,Вырезка по исходной синусоидальной сетке без интерполяции.,"[""https://modiseuwest.blob.core.windows.net/modis-061-cogs/MCD64A1/20/03/2021244/MCD64A1.A2021244.h20v03.061.2021316194413_Burn_Date_Uncertainty.tif""]",MODIS_MCD64A1_061,2026-09-16,1840,36a8d1a7d99eefef8d826c8ea50ad6713be22ecdc1f3e7b6c24560560a252294
RU_MORDOVIA_04/MODIS/MCD64A1.A2021244.h20v03.061.2021316194413_First_Day.tif,RU_MORDOVIA_04,MODIS_MCD64A1_061,6.1,2021-09,внешний продукт гарей,First_Day,порядковый день года; специальные значения указаны в описании,1; offset=0,int16,10x16x1,"PROJCS[""unnamed"",GEOGCS[""Unknown datum based upon the custom spheroid"",DATUM[""Not specified (based on custom spheroid)"",SPHEROID[""Custom spheroid"",6371007.181,0]],PRIMEM[""Greenwich"",0],UNIT[""degree"",0.0174532925199433,AUTHORITY[""EPSG"",""9122""]]],PROJECTION[""Sinusoidal""],PARAMETER[""longitude_of_center"",0],PARAMETER[""false_easting"",0],PARAMETER[""false_northing"",0],UNIT[""metre"",1,AUTHORITY[""EPSG"",""9001""]],AXIS[""Easting"",EAST],AXIS[""Northing"",NORTH]]","[463.3127165279167, 463.3127165279169]",-1.0,Вырезка по исходной синусоидальной сетке без интерполяции.,"[""https://modiseuwest.blob.core.windows.net/modis-061-cogs/MCD64A1/20/03/2021244/MCD64A1.A2021244.h20v03.061.2021316194413_First_Day.tif""]",MODIS_MCD64A1_061,2026-09-16,1968,e7b3d05b716aecbc9b858583da5b3c20a9457ea5dbb738064dae2ebe1ab861bc
RU_MORDOVIA_04/MODIS/MCD64A1.A2021244.h20v03.061.2021316194413_Last_Day.tif,RU_MORDOVIA_04,MODIS_MCD64A1_061,6.1,2021-09,внешний продукт гарей,Last_Day,порядковый день года; специальные значения указаны в описании,1; offset=0,int16,10x16x1,"PROJCS[""unnamed"",GEOGCS[""Unknown datum based upon the custom spheroid"",DATUM[""Not specified (based on custom spheroid)"",SPHEROID[""Custom spheroid"",6371007.181,0]],PRIMEM[""Greenwich"",0],UNIT[""degree"",0.0174532925199433,AUTHORITY[""EPSG"",""9122""]]],PROJECTION[""Sinusoidal""],PARAMETER[""longitude_of_center"",0],PARAMETER[""false_easting"",0],PARAMETER[""false_northing"",0],UNIT[""metre"",1,AUTHORITY[""EPSG"",""9001""]],AXIS[""Easting"",EAST],AXIS[""Northing"",NORTH]]","[463.3127165279167, 463.3127165279169]",-1.0,Вырезка по исходной синусоидальной сетке без интерполяции.,"[""https://modiseuwest.blob.core.windows.net/modis-061-cogs/MCD64A1/20/03/2021244/MCD64A1.A2021244.h20v03.061.2021316194413_Last_Day.tif""]",MODIS_MCD64A1_061,2026-09-16,1962,1c0608891e988772d931779c868a6300e76075b78c6bd4d8b3e4178d3febc5f8
RU_MORDOVIA_04/MODIS/MCD64A1.A2021244.h20v03.061.2021316194413_QA.tif,RU_MORDOVIA_04,MODIS_MCD64A1_061,6.1,2021-09,внешний продукт гарей,QA,битовая маска,1; offset=0,uint8,10x16x1,"PROJCS[""unnamed"",GEOGCS[""Unknown datum based upon the custom spheroid"",DATUM[""Not specified (based on custom spheroid)"",SPHEROID[""Custom spheroid"",6371007.181,0]],PRIMEM[""Greenwich"",0],UNIT[""degree"",0.0174532925199433,AUTHORITY[""EPSG"",""9122""]]],PROJECTION[""Sinusoidal""],PARAMETER[""longitude_of_center"",0],PARAMETER[""false_easting"",0],PARAMETER[""false_northing"",0],UNIT[""metre"",1,AUTHORITY[""EPSG"",""9001""]],AXIS[""Easting"",EAST],AXIS[""Northing"",NORTH]]","[463.3127165279167, 463.3127165279169]",None,Вырезка по исходной синусоидальной сетке без интерполяции.,"[""https://modiseuwest.blob.core.windows.net/modis-061-cogs/MCD64A1/20/03/2021244/MCD64A1.A2021244.h20v03.061.2021316194413_QA.tif""]",MODIS_MCD64A1_061,2026-09-16,1814,277024905694b2a2a847d13b4b94b4a72d79199decf4db245ba94d807c591291
RU_MORDOVIA_04/Sentinel2/S2A_38ULF_20190623_1_L2A_SCL.tif,RU_MORDOVIA_04,S2_L2A,05.00,2019-06-23T08:34:52.858000Z,автоматическая классификация качества,"[""SCL""]",код класса SCL,1; offset=0,uint8,229x212x1,EPSG:32638,"[20.0, 20.0]",0.0,Прямоугольная вырезка по исходной сетке 20 м; коды классов сохранены.,"[""https://sentinel-cogs.s3.us-west-2.amazonaws.com/sentinel-s2-l2a-cogs/38/U/LF/2019/6/S2A_38ULF_20190623_1_L2A/SCL.tif""]",S2_L2A,2026-09-16,4799,e80bc51a2f0c267a1a8811c196d75667deb3dee4270908c76fb99b6ca44a5af9
RU_MORDOVIA_04/Sentinel2/S2A_38ULF_20190623_1_L2A_reflectance.tif,RU_MORDOVIA_04,S2_L2A,05.00,2019-06-23T08:34:52.858000Z,спутниковое наблюдение отражения поверхности,"[""B02"", ""B03"", ""B04"", ""B8A"", ""B11"", ""B12""]",безразмерный коэффициент отражения поверхности,1; offset=0,"float32,float32,float32,float32,float32,float32",229x212x6,EPSG:32638,"[20.0, 20.0]",NaN,"Исходные пропуски исключены; применены масштаб и смещение из STAC. B02, B03 и B04 усреднены с 10 до 20 м; B8A, B11 и B12 сохранены на сетке 20 м. Облачная маска не применена.","[""https://sentinel-cogs.s3.us-west-2.amazonaws.com/sentinel-s2-l2a-cogs/38/U/LF/2019/6/S2A_38ULF_20190623_1_L2A/B02.tif"", ""https://sentinel-cogs.s3.us-west-2.amazonaws.com/sentinel-s2-l2a-cogs/38/U/LF/2019/6/S2A_38ULF_20190623_1_L2A/B03.tif"", ""https://sentinel-cogs.s3.us-west-2.amazonaws.com/sentinel-s2-l2a-cogs/38/U/LF/2019/6/S2A_38ULF_20190623_1_L2A/B04.tif"", ""https://sentinel-cogs.s3.us-west-2.amazonaws.com/sentinel-s2-l2a-cogs/38/U/LF/2019/6/S2A_38ULF_20190623_1_L2A/B8A.tif"", ""https://sentinel-cogs.s3.us-west-2.amazonaws.com/sentinel-s2-l2a-cogs/38/U/LF/2019/6/S2A_38ULF_20190623_1_L2A/B11.tif"", ""https://sentinel-cogs.s3.us-west-2.amazonaws.com/sentinel-s2-l2a-cogs/38/U/LF/2019/6/S2A_38ULF_20190623_1_L2A/B12.tif""]",S2_L2A,2026-09-16,929370,c8ead5987598f0871d0e6a245f5092dce2120ead56ee7d48648846801ebb5c2e
RU_MORDOVIA_04/Sentinel2/S2A_38ULF_20210619_1_L2A_SCL.tif,RU_MORDOVIA_04,S2_L2A,05.00,2021-06-19T08:24:52.764000Z,автоматическая классификация качества,"[""SCL""]",код класса SCL,1; offset=0,uint8,229x212x1,EPSG:32638,"[20.0, 20.0]",0.0,Прямоугольная вырезка по исходной сетке 20 м; коды классов сохранены.,"[""https://sentinel-cogs.s3.us-west-2.amazonaws.com/sentinel-s2-l2a-cogs/38/U/LF/2021/6/S2A_38ULF_20210619_1_L2A/SCL.tif""]",S2_L2A,2026-09-16,3259,436957ade2eda0a705161771da3afac48d2451129ec50045ab13d711086aa717
RU_MORDOVIA_04/Sentinel2/S2A_38ULF_20210619_1_L2A_reflectance.tif,RU_MORDOVIA_04,S2_L2A,05.00,2021-06-19T08:24:52.764000Z,спутниковое наблюдение отражения поверхности,"[""B02"", ""B03"", ""B04"", ""B8A"", ""B11"", ""B12""]",безразмерный коэффициент отражения поверхности,1; offset=0,"float32,float32,float32,float32,float32,float32",229x212x6,EPSG:32638,"[20.0, 20.0]",NaN,"Исходные пропуски исключены; применены масштаб и смещение из STAC. B02, B03 и B04 усреднены с 10 до 20 м; B8A, B11 и B12 сохранены на сетке 20 м. Облачная маска не применена.","[""https://sentinel-cogs.s3.us-west-2.amazonaws.com/sentinel-s2-l2a-cogs/38/U/LF/2021/6/S2A_38ULF_20210619_1_L2A/B02.tif"", ""https://sentinel-cogs.s3.us-west-2.amazonaws.com/sentinel-s2-l2a-cogs/38/U/LF/2021/6/S2A_38ULF_20210619_1_L2A/B03.tif"", ""https://sentinel-cogs.s3.us-west-2.amazonaws.com/sentinel-s2-l2a-cogs/38/U/LF/2021/6/S2A_38ULF_20210619_1_L2A/B04.tif"", ""https://sentinel-cogs.s3.us-west-2.amazonaws.com/sentinel-s2-l2a-cogs/38/U/LF/2021/6/S2A_38ULF_20210619_1_L2A/B8A.tif"", ""https://sentinel-cogs.s3.us-west-2.amazonaws.com/sentinel-s2-l2a-cogs/38/U/LF/2021/6/S2A_38ULF_20210619_1_L2A/B11.tif"", ""https://sentinel-cogs.s3.us-west-2.amazonaws.com/sentinel-s2-l2a-cogs/38/U/LF/2021/6/S2A_38ULF_20210619_1_L2A/B12.tif""]",S2_L2A,2026-09-16,913620,c061383a141f27a651d76d6ecfd89bf04ac247bd3e17ec284c0031e29aec5ccc
RU_MORDOVIA_04/Sentinel2/S2A_38ULF_20210712_1_L2A_SCL.tif,RU_MORDOVIA_04,S2_L2A,05.00,2021-07-12T08:34:51.753000Z,автоматическая классификация качества,"[""SCL""]",код класса SCL,1; offset=0,uint8,229x212x1,EPSG:32638,"[20.0, 20.0]",0.0,Прямоугольная вырезка по исходной сетке 20 м; коды классов сохранены.,"[""https://sentinel-cogs.s3.us-west-2.amazonaws.com/sentinel-s2-l2a-cogs/38/U/LF/2021/7/S2A_38ULF_20210712_1_L2A/SCL.tif""]",S2_L2A,2026-09-16,4583,eb60cbcabe3165f6f4aa034263b1a77965530480c74f9bf76c274d88a5fbd87f
RU_MORDOVIA_04/Sentinel2/S2A_38ULF_20210712_1_L2A_reflectance.tif,RU_MORDOVIA_04,S2_L2A,05.00,2021-07-12T08:34:51.753000Z,спутниковое наблюдение отражения поверхности,"[""B02"", ""B03"", ""B04"", ""B8A"", ""B11"", ""B12""]",безразмерный коэффициент отражения поверхности,1; offset=0,"float32,float32,float32,float32,float32,float32",229x212x6,EPSG:32638,"[20.0, 20.0]",NaN,"Исходные пропуски исключены; применены масштаб и смещение из STAC. B02, B03 и B04 усреднены с 10 до 20 м; B8A, B11 и B12 сохранены на сетке 20 м. Облачная маска не применена.","[""https://sentinel-cogs.s3.us-west-2.amazonaws.com/sentinel-s2-l2a-cogs/38/U/LF/2021/7/S2A_38ULF_20210712_1_L2A/B02.tif"", ""https://sentinel-cogs.s3.us-west-2.amazonaws.com/sentinel-s2-l2a-cogs/38/U/LF/2021/7/S2A_38ULF_20210712_1_L2A/B03.tif"", ""https://sentinel-cogs.s3.us-west-2.amazonaws.com/sentinel-s2-l2a-cogs/38/U/LF/2021/7/S2A_38ULF_20210712_1_L2A/B04.tif"", ""https://sentinel-cogs.s3.us-west-2.amazonaws.com/sentinel-s2-l2a-cogs/38/U/LF/2021/7/S2A_38ULF_20210712_1_L2A/B8A.tif"", ""https://sentinel-cogs.s3.us-west-2.amazonaws.com/sentinel-s2-l2a-cogs/38/U/LF/2021/7/S2A_38ULF_20210712_1_L2A/B11.tif"", ""https://sentinel-cogs.s3.us-west-2.amazonaws.com/sentinel-s2-l2a-cogs/38/U/LF/2021/7/S2A_38ULF_20210712_1_L2A/B12.tif""]",S2_L2A,2026-09-16,916120,56ab7317ec81213a351b328975b020c63fbbbe2c6487afcee8d9f72ad07eb414
RU_MORDOVIA_04/Sentinel2/S2A_38ULF_20220627_0_L2A_SCL.tif,RU_MORDOVIA_04,S2_L2A,04.00,2022-06-27T08:35:01.444000Z,автоматическая классификация качества,"[""SCL""]",код класса SCL,1; offset=0,uint8,229x212x1,EPSG:32638,"[20.0, 20.0]",0.0,Прямоугольная вырезка по исходной сетке 20 м; коды классов сохранены.,"[""https://sentinel-cogs.s3.us-west-2.amazonaws.com/sentinel-s2-l2a-cogs/38/U/LF/2022/6/S2A_38ULF_20220627_0_L2A/SCL.tif""]",S2_L2A,2026-09-16,5591,5236c7753f0a28e6417236cb09faa45f45233ea73ea0dd381b7a8bc851fb583d
RU_MORDOVIA_04/Sentinel2/S2A_38ULF_20220627_0_L2A_reflectance.tif,RU_MORDOVIA_04,S2_L2A,04.00,2022-06-27T08:35:01.444000Z,спутниковое наблюдение отражения поверхности,"[""B02"", ""B03"", ""B04"", ""B8A"", ""B11"", ""B12""]",безразмерный коэффициент отражения поверхности,1; offset=0,"float32,float32,float32,float32,float32,float32",229x212x6,EPSG:32638,"[20.0, 20.0]",NaN,"Исходные пропуски исключены; применены масштаб и смещение из STAC. B02, B03 и B04 усреднены с 10 до 20 м; B8A, B11 и B12 сохранены на сетке 20 м. Облачная маска не применена.","[""https://sentinel-cogs.s3.us-west-2.amazonaws.com/sentinel-s2-l2a-cogs/38/U/LF/2022/6/S2A_38ULF_20220627_0_L2A/B02.tif"", ""https://sentinel-cogs.s3.us-west-2.amazonaws.com/sentinel-s2-l2a-cogs/38/U/LF/2022/6/S2A_38ULF_20220627_0_L2A/B03.tif"", ""https://sentinel-cogs.s3.us-west-2.amazonaws.com/sentinel-s2-l2a-cogs/38/U/LF/2022/6/S2A_38ULF_20220627_0_L2A/B04.tif"", ""https://sentinel-cogs.s3.us-west-2.amazonaws.com/sentinel-s2-l2a-cogs/38/U/LF/2022/6/S2A_38ULF_20220627_0_L2A/B8A.tif"", ""https://sentinel-cogs.s3.us-west-2.amazonaws.com/sentinel-s2-l2a-cogs/38/U/LF/2022/6/S2A_38ULF_20220627_0_L2A/B11.tif"", ""https://sentinel-cogs.s3.us-west-2.amazonaws.com/sentinel-s2-l2a-cogs/38/U/LF/2022/6/S2A_38ULF_20220627_0_L2A/B12.tif""]",S2_L2A,2026-09-16,961858,f2ae433a2349bc1ff1a4a1f0d62cd74255c9811f0879a4d9a1cdf5610f2e5a24
RU_MORDOVIA_04/Sentinel2/S2A_38ULF_20220823_0_L2A_SCL.tif,RU_MORDOVIA_04,S2_L2A,04.00,2022-08-23T08:25:05.010000Z,автоматическая классификация качества,"[""SCL""]",код класса SCL,1; offset=0,uint8,229x212x1,EPSG:32638,"[20.0, 20.0]",0.0,Прямоугольная вырезка по исходной сетке 20 м; коды классов сохранены.,"[""https://sentinel-cogs.s3.us-west-2.amazonaws.com/sentinel-s2-l2a-cogs/38/U/LF/2022/8/S2A_38ULF_20220823_0_L2A/SCL.tif""]",S2_L2A,2026-09-16,5301,214c00b9f90a496cdd69433c10c14bea8a46d441732a6470551560725b623fc5
RU_MORDOVIA_04/Sentinel2/S2A_38ULF_20220823_0_L2A_reflectance.tif,RU_MORDOVIA_04,S2_L2A,04.00,2022-08-23T08:25:05.010000Z,спутниковое наблюдение отражения поверхности,"[""B02"", ""B03"", ""B04"", ""B8A"", ""B11"", ""B12""]",безразмерный коэффициент отражения поверхности,1; offset=0,"float32,float32,float32,float32,float32,float32",229x212x6,EPSG:32638,"[20.0, 20.0]",NaN,"Исходные пропуски исключены; применены масштаб и смещение из STAC. B02, B03 и B04 усреднены с 10 до 20 м; B8A, B11 и B12 сохранены на сетке 20 м. Облачная маска не применена.","[""https://sentinel-cogs.s3.us-west-2.amazonaws.com/sentinel-s2-l2a-cogs/38/U/LF/2022/8/S2A_38ULF_20220823_0_L2A/B02.tif"", ""https://sentinel-cogs.s3.us-west-2.amazonaws.com/sentinel-s2-l2a-cogs/38/U/LF/2022/8/S2A_38ULF_20220823_0_L2A/B03.tif"", ""https://sentinel-cogs.s3.us-west-2.amazonaws.com/sentinel-s2-l2a-cogs/38/U/LF/2022/8/S2A_38ULF_20220823_0_L2A/B04.tif"", ""https://sentinel-cogs.s3.us-west-2.amazonaws.com/sentinel-s2-l2a-cogs/38/U/LF/2022/8/S2A_38ULF_20220823_0_L2A/B8A.tif"", ""https://sentinel-cogs.s3.us-west-2.amazonaws.com/sentinel-s2-l2a-cogs/38/U/LF/2022/8/S2A_38ULF_20220823_0_L2A/B11.tif"", ""https://sentinel-cogs.s3.us-west-2.amazonaws.com/sentinel-s2-l2a-cogs/38/U/LF/2022/8/S2A_38ULF_20220823_0_L2A/B12.tif""]",S2_L2A,2026-09-16,959248,a09f07ec4d7f1bc43feda7892f49bd9bc0f51b3e16afeb3da454d146dc6593f6
RU_MORDOVIA_04/Sentinel2/S2A_38ULF_20230818_0_L2A_SCL.tif,RU_MORDOVIA_04,S2_L2A,05.09,2023-08-18T08:24:58.343000Z,автоматическая классификация качества,"[""SCL""]",код класса SCL,1; offset=0,uint8,229x212x1,EPSG:32638,"[20.0, 20.0]",0.0,Прямоугольная вырезка по исходной сетке 20 м; коды классов сохранены.,"[""https://sentinel-cogs.s3.us-west-2.amazonaws.com/sentinel-s2-l2a-cogs/38/U/LF/2023/8/S2A_38ULF_20230818_0_L2A/SCL.tif""]",S2_L2A,2026-09-16,5149,4aacac82b1c6c759bef9e5d29d8e8971956e2d39a21d0ae9da502e10ca7b520b
RU_MORDOVIA_04/Sentinel2/S2A_38ULF_20230818_0_L2A_reflectance.tif,RU_MORDOVIA_04,S2_L2A,05.09,2023-08-18T08:24:58.343000Z,спутниковое наблюдение отражения поверхности,"[""B02"", ""B03"", ""B04"", ""B8A"", ""B11"", ""B12""]",безразмерный коэффициент отражения поверхности,1; offset=0,"float32,float32,float32,float32,float32,float32",229x212x6,EPSG:32638,"[20.0, 20.0]",NaN,"Исходные пропуски исключены; применены масштаб и смещение из STAC. B02, B03 и B04 усреднены с 10 до 20 м; B8A, B11 и B12 сохранены на сетке 20 м. Облачная маска не применена.","[""https://sentinel-cogs.s3.us-west-2.amazonaws.com/sentinel-s2-l2a-cogs/38/U/LF/2023/8/S2A_38ULF_20230818_0_L2A/B02.tif"", ""https://sentinel-cogs.s3.us-west-2.amazonaws.com/sentinel-s2-l2a-cogs/38/U/LF/2023/8/S2A_38ULF_20230818_0_L2A/B03.tif"", ""https://sentinel-cogs.s3.us-west-2.amazonaws.com/sentinel-s2-l2a-cogs/38/U/LF/2023/8/S2A_38ULF_20230818_0_L2A/B04.tif"", ""https://sentinel-cogs.s3.us-west-2.amazonaws.com/sentinel-s2-l2a-cogs/38/U/LF/2023/8/S2A_38ULF_20230818_0_L2A/B8A.tif"", ""https://sentinel-cogs.s3.us-west-2.amazonaws.com/sentinel-s2-l2a-cogs/38/U/LF/2023/8/S2A_38ULF_20230818_0_L2A/B11.tif"", ""https://sentinel-cogs.s3.us-west-2.amazonaws.com/sentinel-s2-l2a-cogs/38/U/LF/2023/8/S2A_38ULF_20230818_0_L2A/B12.tif""]",S2_L2A,2026-09-16,945606,b23a490ca65226d3550c72d67ad7193540732188354b2e4d70c56130db34f800
RU_MORDOVIA_04/Sentinel2/S2B_38ULF_20190814_1_L2A_SCL.tif,RU_MORDOVIA_04,S2_L2A,05.00,2019-08-14T08:24:58.812000Z,автоматическая классификация качества,"[""SCL""]",код класса SCL,1; offset=0,uint8,229x212x1,EPSG:32638,"[20.0, 20.0]",0.0,Прямоугольная вырезка по исходной сетке 20 м; коды классов сохранены.,"[""https://sentinel-cogs.s3.us-west-2.amazonaws.com/sentinel-s2-l2a-cogs/38/U/LF/2019/8/S2B_38ULF_20190814_1_L2A/SCL.tif""]",S2_L2A,2026-09-16,4601,d6baba05c8200340e904e5bf232d0cdf5cc942d040ead89b00e2472868158848
RU_MORDOVIA_04/Sentinel2/S2B_38ULF_20190814_1_L2A_reflectance.tif,RU_MORDOVIA_04,S2_L2A,05.00,2019-08-14T08:24:58.812000Z,спутниковое наблюдение отражения поверхности,"[""B02"", ""B03"", ""B04"", ""B8A"", ""B11"", ""B12""]",безразмерный коэффициент отражения поверхности,1; offset=0,"float32,float32,float32,float32,float32,float32",229x212x6,EPSG:32638,"[20.0, 20.0]",NaN,"Исходные пропуски исключены; применены масштаб и смещение из STAC. B02, B03 и B04 усреднены с 10 до 20 м; B8A, B11 и B12 сохранены на сетке 20 м. Облачная маска не применена.","[""https://sentinel-cogs.s3.us-west-2.amazonaws.com/sentinel-s2-l2a-cogs/38/U/LF/2019/8/S2B_38ULF_20190814_1_L2A/B02.tif"", ""https://sentinel-cogs.s3.us-west-2.amazonaws.com/sentinel-s2-l2a-cogs/38/U/LF/2019/8/S2B_38ULF_20190814_1_L2A/B03.tif"", ""https://sentinel-cogs.s3.us-west-2.amazonaws.com/sentinel-s2-l2a-cogs/38/U/LF/2019/8/S2B_38ULF_20190814_1_L2A/B04.tif"", ""https://sentinel-cogs.s3.us-west-2.amazonaws.com/sentinel-s2-l2a-cogs/38/U/LF/2019/8/S2B_38ULF_20190814_1_L2A/B8A.tif"", ""https://sentinel-cogs.s3.us-west-2.amazonaws.com/sentinel-s2-l2a-cogs/38/U/LF/2019/8/S2B_38ULF_20190814_1_L2A/B11.tif"", ""https://sentinel-cogs.s3.us-west-2.amazonaws.com/sentinel-s2-l2a-cogs/38/U/LF/2019/8/S2B_38ULF_20190814_1_L2A/B12.tif""]",S2_L2A,2026-09-16,921226,c9a7a0094b79da79dfb82298e93b02b0708827709f181003ace43cd8ed262a53
RU_MORDOVIA_04/Sentinel2/S2B_38ULF_20200712_1_L2A_SCL.tif,RU_MORDOVIA_04,S2_L2A,05.00,2020-07-12T08:34:50.332000Z,автоматическая классификация качества,"[""SCL""]",код класса SCL,1; offset=0,uint8,229x212x1,EPSG:32638,"[20.0, 20.0]",0.0,Прямоугольная вырезка по исходной сетке 20 м; коды классов сохранены.,"[""https://sentinel-cogs.s3.us-west-2.amazonaws.com/sentinel-s2-l2a-cogs/38/U/LF/2020/7/S2B_38ULF_20200712_1_L2A/SCL.tif""]",S2_L2A,2026-09-16,2955,15580b1c307b1e20f62c0ec89e7964a1f6178c93a879681c505055ad6548b054
RU_MORDOVIA_04/Sentinel2/S2B_38ULF_20200712_1_L2A_reflectance.tif,RU_MORDOVIA_04,S2_L2A,05.00,2020-07-12T08:34:50.332000Z,спутниковое наблюдение отражения поверхности,"[""B02"", ""B03"", ""B04"", ""B8A"", ""B11"", ""B12""]",безразмерный коэффициент отражения поверхности,1; offset=0,"float32,float32,float32,float32,float32,float32",229x212x6,EPSG:32638,"[20.0, 20.0]",NaN,"Исходные пропуски исключены; применены масштаб и смещение из STAC. B02, B03 и B04 усреднены с 10 до 20 м; B8A, B11 и B12 сохранены на сетке 20 м. Облачная маска не применена.","[""https://sentinel-cogs.s3.us-west-2.amazonaws.com/sentinel-s2-l2a-cogs/38/U/LF/2020/7/S2B_38ULF_20200712_1_L2A/B02.tif"", ""https://sentinel-cogs.s3.us-west-2.amazonaws.com/sentinel-s2-l2a-cogs/38/U/LF/2020/7/S2B_38ULF_20200712_1_L2A/B03.tif"", ""https://sentinel-cogs.s3.us-west-2.amazonaws.com/sentinel-s2-l2a-cogs/38/U/LF/2020/7/S2B_38ULF_20200712_1_L2A/B04.tif"", ""https://sentinel-cogs.s3.us-west-2.amazonaws.com/sentinel-s2-l2a-cogs/38/U/LF/2020/7/S2B_38ULF_20200712_1_L2A/B8A.tif"", ""https://sentinel-cogs.s3.us-west-2.amazonaws.com/sentinel-s2-l2a-cogs/38/U/LF/2020/7/S2B_38ULF_20200712_1_L2A/B11.tif"", ""https://sentinel-cogs.s3.us-west-2.amazonaws.com/sentinel-s2-l2a-cogs/38/U/LF/2020/7/S2B_38ULF_20200712_1_L2A/B12.tif""]",S2_L2A,2026-09-16,902466,a451f0bb4b3fe99a07f5f7d8454e0dc2c7eca405acd775d5a86d115e633a8c2f
RU_MORDOVIA_04/Sentinel2/S2B_38ULF_20200818_2_L2A_SCL.tif,RU_MORDOVIA_04,S2_L2A,05.00,2020-08-18T08:24:53.973000Z,автоматическая классификация качества,"[""SCL""]",код класса SCL,1; offset=0,uint8,229x212x1,EPSG:32638,"[20.0, 20.0]",0.0,Прямоугольная вырезка по исходной сетке 20 м; коды классов сохранены.,"[""https://sentinel-cogs.s3.us-west-2.amazonaws.com/sentinel-s2-l2a-cogs/38/U/LF/2020/8/S2B_38ULF_20200818_2_L2A/SCL.tif""]",S2_L2A,2026-09-16,3521,912b5931da2567ab7fed931a2342bff7b10f09ecdc6d5266472217c4c5b259cf
RU_MORDOVIA_04/Sentinel2/S2B_38ULF_20200818_2_L2A_reflectance.tif,RU_MORDOVIA_04,S2_L2A,05.00,2020-08-18T08:24:53.973000Z,спутниковое наблюдение отражения поверхности,"[""B02"", ""B03"", ""B04"", ""B8A"", ""B11"", ""B12""]",безразмерный коэффициент отражения поверхности,1; offset=0,"float32,float32,float32,float32,float32,float32",229x212x6,EPSG:32638,"[20.0, 20.0]",NaN,"Исходные пропуски исключены; применены масштаб и смещение из STAC. B02, B03 и B04 усреднены с 10 до 20 м; B8A, B11 и B12 сохранены на сетке 20 м. Облачная маска не применена.","[""https://sentinel-cogs.s3.us-west-2.amazonaws.com/sentinel-s2-l2a-cogs/38/U/LF/2020/8/S2B_38ULF_20200818_2_L2A/B02.tif"", ""https://sentinel-cogs.s3.us-west-2.amazonaws.com/sentinel-s2-l2a-cogs/38/U/LF/2020/8/S2B_38ULF_20200818_2_L2A/B03.tif"", ""https://sentinel-cogs.s3.us-west-2.amazonaws.com/sentinel-s2-l2a-cogs/38/U/LF/2020/8/S2B_38ULF_20200818_2_L2A/B04.tif"", ""https://sentinel-cogs.s3.us-west-2.amazonaws.com/sentinel-s2-l2a-cogs/38/U/LF/2020/8/S2B_38ULF_20200818_2_L2A/B8A.tif"", ""https://sentinel-cogs.s3.us-west-2.amazonaws.com/sentinel-s2-l2a-cogs/38/U/LF/2020/8/S2B_38ULF_20200818_2_L2A/B11.tif"", ""https://sentinel-cogs.s3.us-west-2.amazonaws.com/sentinel-s2-l2a-cogs/38/U/LF/2020/8/S2B_38ULF_20200818_2_L2A/B12.tif""]",S2_L2A,2026-09-16,909830,31e50ddd01b39771b416132203e3e1ce5adb5b1b93864a7737e904b603382a54
RU_MORDOVIA_04/Sentinel2/S2B_38ULF_20210912_0_L2A_SCL.tif,RU_MORDOVIA_04,S2_L2A,03.01,2021-09-12T08:24:48.583000Z,автоматическая классификация качества,"[""SCL""]",код класса SCL,1; offset=0,uint8,229x212x1,EPSG:32638,"[20.0, 20.0]",0.0,Прямоугольная вырезка по исходной сетке 20 м; коды классов сохранены.,"[""https://sentinel-cogs.s3.us-west-2.amazonaws.com/sentinel-s2-l2a-cogs/38/U/LF/2021/9/S2B_38ULF_20210912_0_L2A/SCL.tif""]",S2_L2A,2026-09-16,4577,fd567e97664c298a7b08ab27dc4a5c95f854537199f63a2da0cf907a12a72cdd
RU_MORDOVIA_04/Sentinel2/S2B_38ULF_20210912_0_L2A_reflectance.tif,RU_MORDOVIA_04,S2_L2A,03.01,2021-09-12T08:24:48.583000Z,спутниковое наблюдение отражения поверхности,"[""B02"", ""B03"", ""B04"", ""B8A"", ""B11"", ""B12""]",безразмерный коэффициент отражения поверхности,1; offset=0,"float32,float32,float32,float32,float32,float32",229x212x6,EPSG:32638,"[20.0, 20.0]",NaN,"Исходные пропуски исключены; применены масштаб и смещение из STAC. B02, B03 и B04 усреднены с 10 до 20 м; B8A, B11 и B12 сохранены на сетке 20 м. Облачная маска не применена.","[""https://sentinel-cogs.s3.us-west-2.amazonaws.com/sentinel-s2-l2a-cogs/38/U/LF/2021/9/S2B_38ULF_20210912_0_L2A/B02.tif"", ""https://sentinel-cogs.s3.us-west-2.amazonaws.com/sentinel-s2-l2a-cogs/38/U/LF/2021/9/S2B_38ULF_20210912_0_L2A/B03.tif"", ""https://sentinel-cogs.s3.us-west-2.amazonaws.com/sentinel-s2-l2a-cogs/38/U/LF/2021/9/S2B_38ULF_20210912_0_L2A/B04.tif"", ""https://sentinel-cogs.s3.us-west-2.amazonaws.com/sentinel-s2-l2a-cogs/38/U/LF/2021/9/S2B_38ULF_20210912_0_L2A/B8A.tif"", ""https://sentinel-cogs.s3.us-west-2.amazonaws.com/sentinel-s2-l2a-cogs/38/U/LF/2021/9/S2B_38ULF_20210912_0_L2A/B11.tif"", ""https://sentinel-cogs.s3.us-west-2.amazonaws.com/sentinel-s2-l2a-cogs/38/U/LF/2021/9/S2B_38ULF_20210912_0_L2A/B12.tif""]",S2_L2A,2026-09-16,892652,8fa82189188b3ce7b650676d240ad326f2f878aacd92a90ffdb0379237be35cd
RU_MORDOVIA_04/Sentinel2/S2B_38ULF_20230617_0_L2A_SCL.tif,RU_MORDOVIA_04,S2_L2A,05.09,2023-06-17T08:34:53.476000Z,автоматическая классификация качества,"[""SCL""]",код класса SCL,1; offset=0,uint8,229x212x1,EPSG:32638,"[20.0, 20.0]",0.0,Прямоугольная вырезка по исходной сетке 20 м; коды классов сохранены.,"[""https://sentinel-cogs.s3.us-west-2.amazonaws.com/sentinel-s2-l2a-cogs/38/U/LF/2023/6/S2B_38ULF_20230617_0_L2A/SCL.tif""]",S2_L2A,2026-09-16,5055,0543df6b394755732e76a9c70f6cef7c333d819cc1c747ae2e802764bb974d64
RU_MORDOVIA_04/Sentinel2/S2B_38ULF_20230617_0_L2A_reflectance.tif,RU_MORDOVIA_04,S2_L2A,05.09,2023-06-17T08:34:53.476000Z,спутниковое наблюдение отражения поверхности,"[""B02"", ""B03"", ""B04"", ""B8A"", ""B11"", ""B12""]",безразмерный коэффициент отражения поверхности,1; offset=0,"float32,float32,float32,float32,float32,float32",229x212x6,EPSG:32638,"[20.0, 20.0]",NaN,"Исходные пропуски исключены; применены масштаб и смещение из STAC. B02, B03 и B04 усреднены с 10 до 20 м; B8A, B11 и B12 сохранены на сетке 20 м. Облачная маска не применена.","[""https://sentinel-cogs.s3.us-west-2.amazonaws.com/sentinel-s2-l2a-cogs/38/U/LF/2023/6/S2B_38ULF_20230617_0_L2A/B02.tif"", ""https://sentinel-cogs.s3.us-west-2.amazonaws.com/sentinel-s2-l2a-cogs/38/U/LF/2023/6/S2B_38ULF_20230617_0_L2A/B03.tif"", ""https://sentinel-cogs.s3.us-west-2.amazonaws.com/sentinel-s2-l2a-cogs/38/U/LF/2023/6/S2B_38ULF_20230617_0_L2A/B04.tif"", ""https://sentinel-cogs.s3.us-west-2.amazonaws.com/sentinel-s2-l2a-cogs/38/U/LF/2023/6/S2B_38ULF_20230617_0_L2A/B8A.tif"", ""https://sentinel-cogs.s3.us-west-2.amazonaws.com/sentinel-s2-l2a-cogs/38/U/LF/2023/6/S2B_38ULF_20230617_0_L2A/B11.tif"", ""https://sentinel-cogs.s3.us-west-2.amazonaws.com/sentinel-s2-l2a-cogs/38/U/LF/2023/6/S2B_38ULF_20230617_0_L2A/B12.tif""]",S2_L2A,2026-09-16,956194,661f0e052ed8bdb6c0076eeefa0ea55a444831f6775558943926465e1cdbfdc5
RU_MORDOVIA_04/Sentinel2/S2B_38ULF_20240708_0_L2A_SCL.tif,RU_MORDOVIA_04,S2_L2A,05.10,2024-07-08T08:24:55.154000Z,автоматическая классификация качества,"[""SCL""]",код класса SCL,1; offset=0,uint8,229x212x1,EPSG:32638,"[20.0, 20.0]",0.0,Прямоугольная вырезка по исходной сетке 20 м; коды классов сохранены.,"[""https://sentinel-cogs.s3.us-west-2.amazonaws.com/sentinel-s2-l2a-cogs/38/U/LF/2024/7/S2B_38ULF_20240708_0_L2A/SCL.tif""]",S2_L2A,2026-09-16,5189,22dbfb6732c46201c33b3c36c3148495164775be9bc482248c89e847f8a634eb
RU_MORDOVIA_04/Sentinel2/S2B_38ULF_20240708_0_L2A_reflectance.tif,RU_MORDOVIA_04,S2_L2A,05.10,2024-07-08T08:24:55.154000Z,спутниковое наблюдение отражения поверхности,"[""B02"", ""B03"", ""B04"", ""B8A"", ""B11"", ""B12""]",безразмерный коэффициент отражения поверхности,1; offset=0,"float32,float32,float32,float32,float32,float32",229x212x6,EPSG:32638,"[20.0, 20.0]",NaN,"Исходные пропуски исключены; применены масштаб и смещение из STAC. B02, B03 и B04 усреднены с 10 до 20 м; B8A, B11 и B12 сохранены на сетке 20 м. Облачная маска не применена.","[""https://sentinel-cogs.s3.us-west-2.amazonaws.com/sentinel-s2-l2a-cogs/38/U/LF/2024/7/S2B_38ULF_20240708_0_L2A/B02.tif"", ""https://sentinel-cogs.s3.us-west-2.amazonaws.com/sentinel-s2-l2a-cogs/38/U/LF/2024/7/S2B_38ULF_20240708_0_L2A/B03.tif"", ""https://sentinel-cogs.s3.us-west-2.amazonaws.com/sentinel-s2-l2a-cogs/38/U/LF/2024/7/S2B_38ULF_20240708_0_L2A/B04.tif"", ""https://sentinel-cogs.s3.us-west-2.amazonaws.com/sentinel-s2-l2a-cogs/38/U/LF/2024/7/S2B_38ULF_20240708_0_L2A/B8A.tif"", ""https://sentinel-cogs.s3.us-west-2.amazonaws.com/sentinel-s2-l2a-cogs/38/U/LF/2024/7/S2B_38ULF_20240708_0_L2A/B11.tif"", ""https://sentinel-cogs.s3.us-west-2.amazonaws.com/sentinel-s2-l2a-cogs/38/U/LF/2024/7/S2B_38ULF_20240708_0_L2A/B12.tif""]",S2_L2A,2026-09-16,951080,529b5e66af3f9c4371edc278b458693c5beb78c71f780dd05f8e8b7eff5d79d5
RU_MORDOVIA_04/Sentinel2/S2B_38ULF_20240830_0_L2A_SCL.tif,RU_MORDOVIA_04,S2_L2A,05.11,2024-08-30T08:34:51.231000Z,автоматическая классификация качества,"[""SCL""]",код класса SCL,1; offset=0,uint8,229x212x1,EPSG:32638,"[20.0, 20.0]",0.0,Прямоугольная вырезка по исходной сетке 20 м; коды классов сохранены.,"[""https://sentinel-cogs.s3.us-west-2.amazonaws.com/sentinel-s2-l2a-cogs/38/U/LF/2024/8/S2B_38ULF_20240830_0_L2A/SCL.tif""]",S2_L2A,2026-09-16,5269,4e1bd7f8dad7dd03a3d362a5360fe5b2be31cfce89621c26c477f2b86a1a24f4
RU_MORDOVIA_04/Sentinel2/S2B_38ULF_20240830_0_L2A_reflectance.tif,RU_MORDOVIA_04,S2_L2A,05.11,2024-08-30T08:34:51.231000Z,спутниковое наблюдение отражения поверхности,"[""B02"", ""B03"", ""B04"", ""B8A"", ""B11"", ""B12""]",безразмерный коэффициент отражения поверхности,1; offset=0,"float32,float32,float32,float32,float32,float32",229x212x6,EPSG:32638,"[20.0, 20.0]",NaN,"Исходные пропуски исключены; применены масштаб и смещение из STAC. B02, B03 и B04 усреднены с 10 до 20 м; B8A, B11 и B12 сохранены на сетке 20 м. Облачная маска не применена.","[""https://sentinel-cogs.s3.us-west-2.amazonaws.com/sentinel-s2-l2a-cogs/38/U/LF/2024/8/S2B_38ULF_20240830_0_L2A/B02.tif"", ""https://sentinel-cogs.s3.us-west-2.amazonaws.com/sentinel-s2-l2a-cogs/38/U/LF/2024/8/S2B_38ULF_20240830_0_L2A/B03.tif"", ""https://sentinel-cogs.s3.us-west-2.amazonaws.com/sentinel-s2-l2a-cogs/38/U/LF/2024/8/S2B_38ULF_20240830_0_L2A/B04.tif"", ""https://sentinel-cogs.s3.us-west-2.amazonaws.com/sentinel-s2-l2a-cogs/38/U/LF/2024/8/S2B_38ULF_20240830_0_L2A/B8A.tif"", ""https://sentinel-cogs.s3.us-west-2.amazonaws.com/sentinel-s2-l2a-cogs/38/U/LF/2024/8/S2B_38ULF_20240830_0_L2A/B11.tif"", ""https://sentinel-cogs.s3.us-west-2.amazonaws.com/sentinel-s2-l2a-cogs/38/U/LF/2024/8/S2B_38ULF_20240830_0_L2A/B12.tif""]",S2_L2A,2026-09-16,932158,8d5bf6de96512d8444d0794f796ef5bfd6a5b91abe8c97a7f1947d73b73e5554
RU_TVER_01/CCI_Biomass_2015.tif,RU_TVER_01,CCI_V7,7.0,2015,внешняя модельная оценка,"[""AGB"", ""AGB_SD""]",каналы 1 и 2: т сухого вещества/га,1; offset=0,"uint16,uint16",46x73x2,EPSG:4326,"[0.0008888888888888889, 0.0008888888888888889]",None,Прямоугольная вырезка по исходной сетке; объединение двух переменных без интерполяции.,"[""https://dap.ceda.ac.uk/neodc/esacci/biomass/data/agb/maps/v7.0/geotiff/2015/N60E030_ESACCI-BIOMASS-L4-AGB-MERGED-100m-2015-fv7.0.tif"", ""https://dap.ceda.ac.uk/neodc/esacci/biomass/data/agb/maps/v7.0/geotiff/2015/N60E030_ESACCI-BIOMASS-L4-AGB_SD-MERGED-100m-2015-fv7.0.tif""]",CCI_V7,2026-09-16,10682,40cfee6a2d911cadbaf9294c6cb8b8ce79919b3679fbf513d57078d5b9cdd5e5
RU_TVER_01/CCI_Biomass_2016.tif,RU_TVER_01,CCI_V7,7.0,2016,внешняя модельная оценка,"[""AGB"", ""AGB_SD""]",каналы 1 и 2: т сухого вещества/га,1; offset=0,"uint16,uint16",46x73x2,EPSG:4326,"[0.0008888888888888889, 0.0008888888888888889]",None,Прямоугольная вырезка по исходной сетке; объединение двух переменных без интерполяции.,"[""https://dap.ceda.ac.uk/neodc/esacci/biomass/data/agb/maps/v7.0/geotiff/2016/N60E030_ESACCI-BIOMASS-L4-AGB-MERGED-100m-2016-fv7.0.tif"", ""https://dap.ceda.ac.uk/neodc/esacci/biomass/data/agb/maps/v7.0/geotiff/2016/N60E030_ESACCI-BIOMASS-L4-AGB_SD-MERGED-100m-2016-fv7.0.tif""]",CCI_V7,2026-09-16,10594,96848f0b8a1dfc6a36ef118e72aaacb0a5234a1b02d8ee48e5d319bea25a4eff
RU_TVER_01/CCI_Biomass_2017.tif,RU_TVER_01,CCI_V7,7.0,2017,внешняя модельная оценка,"[""AGB"", ""AGB_SD""]",каналы 1 и 2: т сухого вещества/га,1; offset=0,"uint16,uint16",46x73x2,EPSG:4326,"[0.0008888888888888889, 0.0008888888888888889]",None,Прямоугольная вырезка по исходной сетке; объединение двух переменных без интерполяции.,"[""https://dap.ceda.ac.uk/neodc/esacci/biomass/data/agb/maps/v7.0/geotiff/2017/N60E030_ESACCI-BIOMASS-L4-AGB-MERGED-100m-2017-fv7.0.tif"", ""https://dap.ceda.ac.uk/neodc/esacci/biomass/data/agb/maps/v7.0/geotiff/2017/N60E030_ESACCI-BIOMASS-L4-AGB_SD-MERGED-100m-2017-fv7.0.tif""]",CCI_V7,2026-09-16,10372,8fe9c933386dd4f1c3eec6cf608339df75b3e449d25995a756d7d5ba3dadfe07
RU_TVER_01/CCI_Biomass_2018.tif,RU_TVER_01,CCI_V7,7.0,2018,внешняя модельная оценка,"[""AGB"", ""AGB_SD""]",каналы 1 и 2: т сухого вещества/га,1; offset=0,"uint16,uint16",46x73x2,EPSG:4326,"[0.0008888888888888889, 0.0008888888888888889]",None,Прямоугольная вырезка по исходной сетке; объединение двух переменных без интерполяции.,"[""https://dap.ceda.ac.uk/neodc/esacci/biomass/data/agb/maps/v7.0/geotiff/2018/N60E030_ESACCI-BIOMASS-L4-AGB-MERGED-100m-2018-fv7.0.tif"", ""https://dap.ceda.ac.uk/neodc/esacci/biomass/data/agb/maps/v7.0/geotiff/2018/N60E030_ESACCI-BIOMASS-L4-AGB_SD-MERGED-100m-2018-fv7.0.tif""]",CCI_V7,2026-09-16,10486,00ca02d8237a0bdf6b26634569043fa3707a1b1cedfecb6496f9cf55037bbcc4
RU_TVER_01/CCI_Biomass_2019.tif,RU_TVER_01,CCI_V7,7.0,2019,внешняя модельная оценка,"[""AGB"", ""AGB_SD""]",каналы 1 и 2: т сухого вещества/га,1; offset=0,"uint16,uint16",46x73x2,EPSG:4326,"[0.0008888888888888889, 0.0008888888888888889]",None,Прямоугольная вырезка по исходной сетке; объединение двух переменных без интерполяции.,"[""https://dap.ceda.ac.uk/neodc/esacci/biomass/data/agb/maps/v7.0/geotiff/2019/N60E030_ESACCI-BIOMASS-L4-AGB-MERGED-100m-2019-fv7.0.tif"", ""https://dap.ceda.ac.uk/neodc/esacci/biomass/data/agb/maps/v7.0/geotiff/2019/N60E030_ESACCI-BIOMASS-L4-AGB_SD-MERGED-100m-2019-fv7.0.tif""]",CCI_V7,2026-09-16,10150,2226de3d3e138074e782fa02b7c56ee5ec9008d6bd3def9bad929ef9fdabf33d
RU_TVER_01/CCI_Biomass_2020.tif,RU_TVER_01,CCI_V7,7.0,2020,внешняя модельная оценка,"[""AGB"", ""AGB_SD""]",каналы 1 и 2: т сухого вещества/га,1; offset=0,"uint16,uint16",46x73x2,EPSG:4326,"[0.0008888888888888889, 0.0008888888888888889]",None,Прямоугольная вырезка по исходной сетке; объединение двух переменных без интерполяции.,"[""https://dap.ceda.ac.uk/neodc/esacci/biomass/data/agb/maps/v7.0/geotiff/2020/N60E030_ESACCI-BIOMASS-L4-AGB-MERGED-100m-2020-fv7.0.tif"", ""https://dap.ceda.ac.uk/neodc/esacci/biomass/data/agb/maps/v7.0/geotiff/2020/N60E030_ESACCI-BIOMASS-L4-AGB_SD-MERGED-100m-2020-fv7.0.tif""]",CCI_V7,2026-09-16,10402,d387372ca2358e532665f9a5049d36e5c309d174f6fd2bf732ca581d5be26df6
RU_TVER_01/CCI_Biomass_2021.tif,RU_TVER_01,CCI_V7,7.0,2021,внешняя модельная оценка,"[""AGB"", ""AGB_SD""]",каналы 1 и 2: т сухого вещества/га,1; offset=0,"uint16,uint16",46x73x2,EPSG:4326,"[0.0008888888888888889, 0.0008888888888888889]",None,Прямоугольная вырезка по исходной сетке; объединение двух переменных без интерполяции.,"[""https://dap.ceda.ac.uk/neodc/esacci/biomass/data/agb/maps/v7.0/geotiff/2021/N60E030_ESACCI-BIOMASS-L4-AGB-MERGED-100m-2021-fv7.0.tif"", ""https://dap.ceda.ac.uk/neodc/esacci/biomass/data/agb/maps/v7.0/geotiff/2021/N60E030_ESACCI-BIOMASS-L4-AGB_SD-MERGED-100m-2021-fv7.0.tif""]",CCI_V7,2026-09-16,10126,a5fb6e8b750d7fd4fd391a743fdd89bba9160b9c4ad4676ae4b70556e67794e0
RU_TVER_01/CCI_Biomass_2022.tif,RU_TVER_01,CCI_V7,7.0,2022,внешняя модельная оценка,"[""AGB"", ""AGB_SD""]",каналы 1 и 2: т сухого вещества/га,1; offset=0,"uint16,uint16",46x73x2,EPSG:4326,"[0.0008888888888888889, 0.0008888888888888889]",None,Прямоугольная вырезка по исходной сетке; объединение двух переменных без интерполяции.,"[""https://dap.ceda.ac.uk/neodc/esacci/biomass/data/agb/maps/v7.0/geotiff/2022/N60E030_ESACCI-BIOMASS-L4-AGB-MERGED-100m-2022-fv7.0.tif"", ""https://dap.ceda.ac.uk/neodc/esacci/biomass/data/agb/maps/v7.0/geotiff/2022/N60E030_ESACCI-BIOMASS-L4-AGB_SD-MERGED-100m-2022-fv7.0.tif""]",CCI_V7,2026-09-16,10312,96ebfa4682b7dd4c9321a7fedc7387458d22977bdf65a0dc3c2c0a1c7db13776
RU_TVER_01/CCI_Biomass_2023.tif,RU_TVER_01,CCI_V7,7.0,2023,внешняя модельная оценка,"[""AGB"", ""AGB_SD""]",каналы 1 и 2: т сухого вещества/га,1; offset=0,"uint16,uint16",46x73x2,EPSG:4326,"[0.0008888888888888889, 0.0008888888888888889]",None,Прямоугольная вырезка по исходной сетке; объединение двух переменных без интерполяции.,"[""https://dap.ceda.ac.uk/neodc/esacci/biomass/data/agb/maps/v7.0/geotiff/2023/N60E030_ESACCI-BIOMASS-L4-AGB-MERGED-100m-2023-fv7.0.tif"", ""https://dap.ceda.ac.uk/neodc/esacci/biomass/data/agb/maps/v7.0/geotiff/2023/N60E030_ESACCI-BIOMASS-L4-AGB_SD-MERGED-100m-2023-fv7.0.tif""]",CCI_V7,2026-09-16,10280,804615f21add3e8eed99a91b44969b2562cef40f962ea0ae4df65b22f029db0b
RU_TVER_01/CCI_Biomass_2024.tif,RU_TVER_01,CCI_V7,7.0,2024,внешняя модельная оценка,"[""AGB"", ""AGB_SD""]",каналы 1 и 2: т сухого вещества/га,1; offset=0,"uint16,uint16",46x73x2,EPSG:4326,"[0.0008888888888888889, 0.0008888888888888889]",None,Прямоугольная вырезка по исходной сетке; объединение двух переменных без интерполяции.,"[""https://dap.ceda.ac.uk/neodc/esacci/biomass/data/agb/maps/v7.0/geotiff/2024/N60E030_ESACCI-BIOMASS-L4-AGB-MERGED-100m-2024-fv7.0.tif"", ""https://dap.ceda.ac.uk/neodc/esacci/biomass/data/agb/maps/v7.0/geotiff/2024/N60E030_ESACCI-BIOMASS-L4-AGB_SD-MERGED-100m-2024-fv7.0.tif""]",CCI_V7,2026-09-16,10058,ae14905cdc2a22e0f3b0bb84a3f79c127cf551c47a361b695218759e53998224
RU_TVER_01/CCI_Change_2019_2020.tif,RU_TVER_01,CCI_V7,7.0,2019/2020,внешний продукт изменений,"[""AGB_difference"", ""AGB_difference_SD"", ""AGB_difference_quality_flag""]",каналы 1 и 2: т сухого вещества/га; канал 3: код 0…5,1; offset=0,"int16,int16,int16",46x73x3,EPSG:4326,"[0.0008888888888888889, 0.0008888888888888889]",None,"Вырезка по исходной сетке. Значения сохранены; снят тег NoData = 0, конфликтующий с допустимыми нулевой разностью и кодом качества. Интерпретация по парным AGB и флагу качества.","[""https://dap.ceda.ac.uk/neodc/esacci/biomass/data/agb/maps/v7.0/geotiff/2019_2020/N60E030_ESACCI-BIOMASS-L4-DIFF-100m-2019_2020-fv7.0.tif""]",CCI_V7,2026-09-16,12428,dcbf346bc57004a1b9e0ebf11088b53b65bc32f5f6792aa529b454631b5ce141
RU_TVER_01/GFC_2025_v1_13.tif,RU_TVER_01,GFC_2025_V113,2025 v1.13,2000/2025,внешний продукт изменений,"[""treecover2000"", ""lossyear"", ""datamask""]",канал 1: проценты; канал 2: код года потери; канал 3: код маски,1; offset=0,"uint8,uint8,uint8",160x256x3,EPSG:4326,"[0.00025, 0.00025]",None,Вырезка по исходной сетке и объединение трёх слоёв; сохранены все годы потерь.,"[""https://storage.googleapis.com/earthenginepartners-hansen/GFC-2025-v1.13/Hansen_GFC-2025-v1.13_treecover2000_60N_030E.tif"", ""https://storage.googleapis.com/earthenginepartners-hansen/GFC-2025-v1.13/Hansen_GFC-2025-v1.13_lossyear_60N_030E.tif"", ""https://storage.googleapis.com/earthenginepartners-hansen/GFC-2025-v1.13/Hansen_GFC-2025-v1.13_datamask_60N_030E.tif""]",GFC_2025_V113,2026-09-16,14717,074de595618628c6d94cdffeb9b03a2ad23fd5bc3a97a16d40c59f9c4869c46e
RU_TVER_01/Sentinel2/S2A_36VVH_20190702_0_L2A_SCL.tif,RU_TVER_01,S2_L2A,02.12,2019-07-02T09:04:45.946000Z,автоматическая классификация качества,"[""SCL""]",код класса SCL,1; offset=0,uint8,224x198x1,EPSG:32636,"[20.0, 20.0]",0.0,Прямоугольная вырезка по исходной сетке 20 м; коды классов сохранены.,"[""https://sentinel-cogs.s3.us-west-2.amazonaws.com/sentinel-s2-l2a-cogs/36/V/VH/2019/7/S2A_36VVH_20190702_0_L2A/SCL.tif""]",S2_L2A,2026-09-16,1645,3b8aaceff7c7dae9bbcbb24fe2bf762a1a395ab4c02495c67204ec8d0345bf6c
RU_TVER_01/Sentinel2/S2A_36VVH_20190702_0_L2A_reflectance.tif,RU_TVER_01,S2_L2A,02.12,2019-07-02T09:04:45.946000Z,спутниковое наблюдение отражения поверхности,"[""B02"", ""B03"", ""B04"", ""B8A"", ""B11"", ""B12""]",безразмерный коэффициент отражения поверхности,1; offset=0,"float32,float32,float32,float32,float32,float32",224x198x6,EPSG:32636,"[20.0, 20.0]",NaN,"Исходные пропуски исключены; применены масштаб и смещение из STAC. B02, B03 и B04 усреднены с 10 до 20 м; B8A, B11 и B12 сохранены на сетке 20 м. Облачная маска не применена.","[""https://sentinel-cogs.s3.us-west-2.amazonaws.com/sentinel-s2-l2a-cogs/36/V/VH/2019/7/S2A_36VVH_20190702_0_L2A/B02.tif"", ""https://sentinel-cogs.s3.us-west-2.amazonaws.com/sentinel-s2-l2a-cogs/36/V/VH/2019/7/S2A_36VVH_20190702_0_L2A/B03.tif"", ""https://sentinel-cogs.s3.us-west-2.amazonaws.com/sentinel-s2-l2a-cogs/36/V/VH/2019/7/S2A_36VVH_20190702_0_L2A/B04.tif"", ""https://sentinel-cogs.s3.us-west-2.amazonaws.com/sentinel-s2-l2a-cogs/36/V/VH/2019/7/S2A_36VVH_20190702_0_L2A/B8A.tif"", ""https://sentinel-cogs.s3.us-west-2.amazonaws.com/sentinel-s2-l2a-cogs/36/V/VH/2019/7/S2A_36VVH_20190702_0_L2A/B11.tif"", ""https://sentinel-cogs.s3.us-west-2.amazonaws.com/sentinel-s2-l2a-cogs/36/V/VH/2019/7/S2A_36VVH_20190702_0_L2A/B12.tif""]",S2_L2A,2026-09-16,815020,2c6d16d049a3a3351931ddd8ca59075fec050cbc306b21e9c7349537ec91b8c5
RU_TVER_01/Sentinel2/S2A_36VVH_20220805_0_L2A_SCL.tif,RU_TVER_01,S2_L2A,04.00,2022-08-05T09:04:52.196000Z,автоматическая классификация качества,"[""SCL""]",код класса SCL,1; offset=0,uint8,224x198x1,EPSG:32636,"[20.0, 20.0]",0.0,Прямоугольная вырезка по исходной сетке 20 м; коды классов сохранены.,"[""https://sentinel-cogs.s3.us-west-2.amazonaws.com/sentinel-s2-l2a-cogs/36/V/VH/2022/8/S2A_36VVH_20220805_0_L2A/SCL.tif""]",S2_L2A,2026-09-16,2839,d2439e21e5fe2dbd5a3876bf6f539401c4ff8c3c050ce98c984c4c2fdf6c8dfc
RU_TVER_01/Sentinel2/S2A_36VVH_20220805_0_L2A_reflectance.tif,RU_TVER_01,S2_L2A,04.00,2022-08-05T09:04:52.196000Z,спутниковое наблюдение отражения поверхности,"[""B02"", ""B03"", ""B04"", ""B8A"", ""B11"", ""B12""]",безразмерный коэффициент отражения поверхности,1; offset=0,"float32,float32,float32,float32,float32,float32",224x198x6,EPSG:32636,"[20.0, 20.0]",NaN,"Исходные пропуски исключены; применены масштаб и смещение из STAC. B02, B03 и B04 усреднены с 10 до 20 м; B8A, B11 и B12 сохранены на сетке 20 м. Облачная маска не применена.","[""https://sentinel-cogs.s3.us-west-2.amazonaws.com/sentinel-s2-l2a-cogs/36/V/VH/2022/8/S2A_36VVH_20220805_0_L2A/B02.tif"", ""https://sentinel-cogs.s3.us-west-2.amazonaws.com/sentinel-s2-l2a-cogs/36/V/VH/2022/8/S2A_36VVH_20220805_0_L2A/B03.tif"", ""https://sentinel-cogs.s3.us-west-2.amazonaws.com/sentinel-s2-l2a-cogs/36/V/VH/2022/8/S2A_36VVH_20220805_0_L2A/B04.tif"", ""https://sentinel-cogs.s3.us-west-2.amazonaws.com/sentinel-s2-l2a-cogs/36/V/VH/2022/8/S2A_36VVH_20220805_0_L2A/B8A.tif"", ""https://sentinel-cogs.s3.us-west-2.amazonaws.com/sentinel-s2-l2a-cogs/36/V/VH/2022/8/S2A_36VVH_20220805_0_L2A/B11.tif"", ""https://sentinel-cogs.s3.us-west-2.amazonaws.com/sentinel-s2-l2a-cogs/36/V/VH/2022/8/S2A_36VVH_20220805_0_L2A/B12.tif""]",S2_L2A,2026-09-16,819804,275b0475a757a0b8f401dc1738731749cd393ee337a48f4cece01a0f34557962
RU_TVER_01/Sentinel2/S2A_36VVH_20220825_0_L2A_SCL.tif,RU_TVER_01,S2_L2A,04.00,2022-08-25T09:04:53.769000Z,автоматическая классификация качества,"[""SCL""]",код класса SCL,1; offset=0,uint8,224x198x1,EPSG:32636,"[20.0, 20.0]",0.0,Прямоугольная вырезка по исходной сетке 20 м; коды классов сохранены.,"[""https://sentinel-cogs.s3.us-west-2.amazonaws.com/sentinel-s2-l2a-cogs/36/V/VH/2022/8/S2A_36VVH_20220825_0_L2A/SCL.tif""]",S2_L2A,2026-09-16,1413,76d7de16e609387447b7f343f5779ac9847c8c973315d97af697d1f21c390f23
RU_TVER_01/Sentinel2/S2A_36VVH_20220825_0_L2A_reflectance.tif,RU_TVER_01,S2_L2A,04.00,2022-08-25T09:04:53.769000Z,спутниковое наблюдение отражения поверхности,"[""B02"", ""B03"", ""B04"", ""B8A"", ""B11"", ""B12""]",безразмерный коэффициент отражения поверхности,1; offset=0,"float32,float32,float32,float32,float32,float32",224x198x6,EPSG:32636,"[20.0, 20.0]",NaN,"Исходные пропуски исключены; применены масштаб и смещение из STAC. B02, B03 и B04 усреднены с 10 до 20 м; B8A, B11 и B12 сохранены на сетке 20 м. Облачная маска не применена.","[""https://sentinel-cogs.s3.us-west-2.amazonaws.com/sentinel-s2-l2a-cogs/36/V/VH/2022/8/S2A_36VVH_20220825_0_L2A/B02.tif"", ""https://sentinel-cogs.s3.us-west-2.amazonaws.com/sentinel-s2-l2a-cogs/36/V/VH/2022/8/S2A_36VVH_20220825_0_L2A/B03.tif"", ""https://sentinel-cogs.s3.us-west-2.amazonaws.com/sentinel-s2-l2a-cogs/36/V/VH/2022/8/S2A_36VVH_20220825_0_L2A/B04.tif"", ""https://sentinel-cogs.s3.us-west-2.amazonaws.com/sentinel-s2-l2a-cogs/36/V/VH/2022/8/S2A_36VVH_20220825_0_L2A/B8A.tif"", ""https://sentinel-cogs.s3.us-west-2.amazonaws.com/sentinel-s2-l2a-cogs/36/V/VH/2022/8/S2A_36VVH_20220825_0_L2A/B11.tif"", ""https://sentinel-cogs.s3.us-west-2.amazonaws.com/sentinel-s2-l2a-cogs/36/V/VH/2022/8/S2A_36VVH_20220825_0_L2A/B12.tif""]",S2_L2A,2026-09-16,803308,b65bb54727fac3dd960b5ec57d660c7dca3eaf1a555bb0e967e4f412ef18d43f
RU_TVER_01/Sentinel2/S2A_36VVH_20240708_0_L2A_SCL.tif,RU_TVER_01,S2_L2A,05.10,2024-07-08T09:14:42.054000Z,автоматическая классификация качества,"[""SCL""]",код класса SCL,1; offset=0,uint8,224x198x1,EPSG:32636,"[20.0, 20.0]",0.0,Прямоугольная вырезка по исходной сетке 20 м; коды классов сохранены.,"[""https://sentinel-cogs.s3.us-west-2.amazonaws.com/sentinel-s2-l2a-cogs/36/V/VH/2024/7/S2A_36VVH_20240708_0_L2A/SCL.tif""]",S2_L2A,2026-09-16,1413,695e6c7c632f133a250f7ba13e766c948c1bf49fdf1fc945022f9eecdcc60140
RU_TVER_01/Sentinel2/S2A_36VVH_20240708_0_L2A_reflectance.tif,RU_TVER_01,S2_L2A,05.10,2024-07-08T09:14:42.054000Z,спутниковое наблюдение отражения поверхности,"[""B02"", ""B03"", ""B04"", ""B8A"", ""B11"", ""B12""]",безразмерный коэффициент отражения поверхности,1; offset=0,"float32,float32,float32,float32,float32,float32",224x198x6,EPSG:32636,"[20.0, 20.0]",NaN,"Исходные пропуски исключены; применены масштаб и смещение из STAC. B02, B03 и B04 усреднены с 10 до 20 м; B8A, B11 и B12 сохранены на сетке 20 м. Облачная маска не применена.","[""https://sentinel-cogs.s3.us-west-2.amazonaws.com/sentinel-s2-l2a-cogs/36/V/VH/2024/7/S2A_36VVH_20240708_0_L2A/B02.tif"", ""https://sentinel-cogs.s3.us-west-2.amazonaws.com/sentinel-s2-l2a-cogs/36/V/VH/2024/7/S2A_36VVH_20240708_0_L2A/B03.tif"", ""https://sentinel-cogs.s3.us-west-2.amazonaws.com/sentinel-s2-l2a-cogs/36/V/VH/2024/7/S2A_36VVH_20240708_0_L2A/B04.tif"", ""https://sentinel-cogs.s3.us-west-2.amazonaws.com/sentinel-s2-l2a-cogs/36/V/VH/2024/7/S2A_36VVH_20240708_0_L2A/B8A.tif"", ""https://sentinel-cogs.s3.us-west-2.amazonaws.com/sentinel-s2-l2a-cogs/36/V/VH/2024/7/S2A_36VVH_20240708_0_L2A/B11.tif"", ""https://sentinel-cogs.s3.us-west-2.amazonaws.com/sentinel-s2-l2a-cogs/36/V/VH/2024/7/S2A_36VVH_20240708_0_L2A/B12.tif""]",S2_L2A,2026-09-16,791014,886a0e96e3893e495149db610e32661aaaef107c2aa5fa182bdd9c914e4eb816
RU_TVER_01/Sentinel2/S2A_36VVH_20240824_0_L2A_SCL.tif,RU_TVER_01,S2_L2A,05.11,2024-08-24T09:04:38.721000Z,автоматическая классификация качества,"[""SCL""]",код класса SCL,1; offset=0,uint8,224x198x1,EPSG:32636,"[20.0, 20.0]",0.0,Прямоугольная вырезка по исходной сетке 20 м; коды классов сохранены.,"[""https://sentinel-cogs.s3.us-west-2.amazonaws.com/sentinel-s2-l2a-cogs/36/V/VH/2024/8/S2A_36VVH_20240824_0_L2A/SCL.tif""]",S2_L2A,2026-09-16,1413,59c70a64d72f7dbf278a577fe8eaa965d6fb33426b9b022d4925ad43d19a61e7
RU_TVER_01/Sentinel2/S2A_36VVH_20240824_0_L2A_reflectance.tif,RU_TVER_01,S2_L2A,05.11,2024-08-24T09:04:38.721000Z,спутниковое наблюдение отражения поверхности,"[""B02"", ""B03"", ""B04"", ""B8A"", ""B11"", ""B12""]",безразмерный коэффициент отражения поверхности,1; offset=0,"float32,float32,float32,float32,float32,float32",224x198x6,EPSG:32636,"[20.0, 20.0]",NaN,"Исходные пропуски исключены; применены масштаб и смещение из STAC. B02, B03 и B04 усреднены с 10 до 20 м; B8A, B11 и B12 сохранены на сетке 20 м. Облачная маска не применена.","[""https://sentinel-cogs.s3.us-west-2.amazonaws.com/sentinel-s2-l2a-cogs/36/V/VH/2024/8/S2A_36VVH_20240824_0_L2A/B02.tif"", ""https://sentinel-cogs.s3.us-west-2.amazonaws.com/sentinel-s2-l2a-cogs/36/V/VH/2024/8/S2A_36VVH_20240824_0_L2A/B03.tif"", ""https://sentinel-cogs.s3.us-west-2.amazonaws.com/sentinel-s2-l2a-cogs/36/V/VH/2024/8/S2A_36VVH_20240824_0_L2A/B04.tif"", ""https://sentinel-cogs.s3.us-west-2.amazonaws.com/sentinel-s2-l2a-cogs/36/V/VH/2024/8/S2A_36VVH_20240824_0_L2A/B8A.tif"", ""https://sentinel-cogs.s3.us-west-2.amazonaws.com/sentinel-s2-l2a-cogs/36/V/VH/2024/8/S2A_36VVH_20240824_0_L2A/B11.tif"", ""https://sentinel-cogs.s3.us-west-2.amazonaws.com/sentinel-s2-l2a-cogs/36/V/VH/2024/8/S2A_36VVH_20240824_0_L2A/B12.tif""]",S2_L2A,2026-09-16,805158,f32e2c6d807ac48d8573ecadf5270113737d666cccd35afc612433958405142a
RU_TVER_01/Sentinel2/S2B_36VVH_20190727_1_L2A_SCL.tif,RU_TVER_01,S2_L2A,05.00,2019-07-27T09:04:49.421000Z,автоматическая классификация качества,"[""SCL""]",код класса SCL,1; offset=0,uint8,224x198x1,EPSG:32636,"[20.0, 20.0]",0.0,Прямоугольная вырезка по исходной сетке 20 м; коды классов сохранены.,"[""https://sentinel-cogs.s3.us-west-2.amazonaws.com/sentinel-s2-l2a-cogs/36/V/VH/2019/7/S2B_36VVH_20190727_1_L2A/SCL.tif""]",S2_L2A,2026-09-16,2887,4432e813601b08e9ac0ea940f72c7d1bdb083098aa60bc8407fb5e9de0d15a66
RU_TVER_01/Sentinel2/S2B_36VVH_20190727_1_L2A_reflectance.tif,RU_TVER_01,S2_L2A,05.00,2019-07-27T09:04:49.421000Z,спутниковое наблюдение отражения поверхности,"[""B02"", ""B03"", ""B04"", ""B8A"", ""B11"", ""B12""]",безразмерный коэффициент отражения поверхности,1; offset=0,"float32,float32,float32,float32,float32,float32",224x198x6,EPSG:32636,"[20.0, 20.0]",NaN,"Исходные пропуски исключены; применены масштаб и смещение из STAC. B02, B03 и B04 усреднены с 10 до 20 м; B8A, B11 и B12 сохранены на сетке 20 м. Облачная маска не применена.","[""https://sentinel-cogs.s3.us-west-2.amazonaws.com/sentinel-s2-l2a-cogs/36/V/VH/2019/7/S2B_36VVH_20190727_1_L2A/B02.tif"", ""https://sentinel-cogs.s3.us-west-2.amazonaws.com/sentinel-s2-l2a-cogs/36/V/VH/2019/7/S2B_36VVH_20190727_1_L2A/B03.tif"", ""https://sentinel-cogs.s3.us-west-2.amazonaws.com/sentinel-s2-l2a-cogs/36/V/VH/2019/7/S2B_36VVH_20190727_1_L2A/B04.tif"", ""https://sentinel-cogs.s3.us-west-2.amazonaws.com/sentinel-s2-l2a-cogs/36/V/VH/2019/7/S2B_36VVH_20190727_1_L2A/B8A.tif"", ""https://sentinel-cogs.s3.us-west-2.amazonaws.com/sentinel-s2-l2a-cogs/36/V/VH/2019/7/S2B_36VVH_20190727_1_L2A/B11.tif"", ""https://sentinel-cogs.s3.us-west-2.amazonaws.com/sentinel-s2-l2a-cogs/36/V/VH/2019/7/S2B_36VVH_20190727_1_L2A/B12.tif""]",S2_L2A,2026-09-16,823156,02d4b85f6b505c2c913ee326ac55c269a1ec73ec8fac6e2b01c859bac59f4f01
RU_TVER_01/Sentinel2/S2B_36VVH_20200624_1_L2A_SCL.tif,RU_TVER_01,S2_L2A,05.00,2020-06-24T09:14:41.217000Z,автоматическая классификация качества,"[""SCL""]",код класса SCL,1; offset=0,uint8,224x198x1,EPSG:32636,"[20.0, 20.0]",0.0,Прямоугольная вырезка по исходной сетке 20 м; коды классов сохранены.,"[""https://sentinel-cogs.s3.us-west-2.amazonaws.com/sentinel-s2-l2a-cogs/36/V/VH/2020/6/S2B_36VVH_20200624_1_L2A/SCL.tif""]",S2_L2A,2026-09-16,1413,ecd181f423619b70d5233758a4d7dcb9e87829b0bfe654c111f46445d8f3c270
RU_TVER_01/Sentinel2/S2B_36VVH_20200624_1_L2A_reflectance.tif,RU_TVER_01,S2_L2A,05.00,2020-06-24T09:14:41.217000Z,спутниковое наблюдение отражения поверхности,"[""B02"", ""B03"", ""B04"", ""B8A"", ""B11"", ""B12""]",безразмерный коэффициент отражения поверхности,1; offset=0,"float32,float32,float32,float32,float32,float32",224x198x6,EPSG:32636,"[20.0, 20.0]",NaN,"Исходные пропуски исключены; применены масштаб и смещение из STAC. B02, B03 и B04 усреднены с 10 до 20 м; B8A, B11 и B12 сохранены на сетке 20 м. Облачная маска не применена.","[""https://sentinel-cogs.s3.us-west-2.amazonaws.com/sentinel-s2-l2a-cogs/36/V/VH/2020/6/S2B_36VVH_20200624_1_L2A/B02.tif"", ""https://sentinel-cogs.s3.us-west-2.amazonaws.com/sentinel-s2-l2a-cogs/36/V/VH/2020/6/S2B_36VVH_20200624_1_L2A/B03.tif"", ""https://sentinel-cogs.s3.us-west-2.amazonaws.com/sentinel-s2-l2a-cogs/36/V/VH/2020/6/S2B_36VVH_20200624_1_L2A/B04.tif"", ""https://sentinel-cogs.s3.us-west-2.amazonaws.com/sentinel-s2-l2a-cogs/36/V/VH/2020/6/S2B_36VVH_20200624_1_L2A/B8A.tif"", ""https://sentinel-cogs.s3.us-west-2.amazonaws.com/sentinel-s2-l2a-cogs/36/V/VH/2020/6/S2B_36VVH_20200624_1_L2A/B11.tif"", ""https://sentinel-cogs.s3.us-west-2.amazonaws.com/sentinel-s2-l2a-cogs/36/V/VH/2020/6/S2B_36VVH_20200624_1_L2A/B12.tif""]",S2_L2A,2026-09-16,793178,f2d4b4db984e9ec139617d62ce693ec7a84ed6169ff90dcb01a1a8388f595622
RU_TVER_01/Sentinel2/S2B_36VVH_20200721_1_L2A_SCL.tif,RU_TVER_01,S2_L2A,05.00,2020-07-21T09:04:42.939000Z,автоматическая классификация качества,"[""SCL""]",код класса SCL,1; offset=0,uint8,224x198x1,EPSG:32636,"[20.0, 20.0]",0.0,Прямоугольная вырезка по исходной сетке 20 м; коды классов сохранены.,"[""https://sentinel-cogs.s3.us-west-2.amazonaws.com/sentinel-s2-l2a-cogs/36/V/VH/2020/7/S2B_36VVH_20200721_1_L2A/SCL.tif""]",S2_L2A,2026-09-16,3091,c33d5369b6306739f20fe33b0be1ebb1a949f85cc94441c20551f10eed168fde
RU_TVER_01/Sentinel2/S2B_36VVH_20200721_1_L2A_reflectance.tif,RU_TVER_01,S2_L2A,05.00,2020-07-21T09:04:42.939000Z,спутниковое наблюдение отражения поверхности,"[""B02"", ""B03"", ""B04"", ""B8A"", ""B11"", ""B12""]",безразмерный коэффициент отражения поверхности,1; offset=0,"float32,float32,float32,float32,float32,float32",224x198x6,EPSG:32636,"[20.0, 20.0]",NaN,"Исходные пропуски исключены; применены масштаб и смещение из STAC. B02, B03 и B04 усреднены с 10 до 20 м; B8A, B11 и B12 сохранены на сетке 20 м. Облачная маска не применена.","[""https://sentinel-cogs.s3.us-west-2.amazonaws.com/sentinel-s2-l2a-cogs/36/V/VH/2020/7/S2B_36VVH_20200721_1_L2A/B02.tif"", ""https://sentinel-cogs.s3.us-west-2.amazonaws.com/sentinel-s2-l2a-cogs/36/V/VH/2020/7/S2B_36VVH_20200721_1_L2A/B03.tif"", ""https://sentinel-cogs.s3.us-west-2.amazonaws.com/sentinel-s2-l2a-cogs/36/V/VH/2020/7/S2B_36VVH_20200721_1_L2A/B04.tif"", ""https://sentinel-cogs.s3.us-west-2.amazonaws.com/sentinel-s2-l2a-cogs/36/V/VH/2020/7/S2B_36VVH_20200721_1_L2A/B8A.tif"", ""https://sentinel-cogs.s3.us-west-2.amazonaws.com/sentinel-s2-l2a-cogs/36/V/VH/2020/7/S2B_36VVH_20200721_1_L2A/B11.tif"", ""https://sentinel-cogs.s3.us-west-2.amazonaws.com/sentinel-s2-l2a-cogs/36/V/VH/2020/7/S2B_36VVH_20200721_1_L2A/B12.tif""]",S2_L2A,2026-09-16,831230,1faec16a9a68c4f1682c48ed6fd64d4ef147ec56819008b6d660fc3074071bd6
RU_TVER_01/Sentinel2/S2B_36VVH_20210619_1_L2A_SCL.tif,RU_TVER_01,S2_L2A,05.00,2021-06-19T09:14:39.488000Z,автоматическая классификация качества,"[""SCL""]",код класса SCL,1; offset=0,uint8,224x198x1,EPSG:32636,"[20.0, 20.0]",0.0,Прямоугольная вырезка по исходной сетке 20 м; коды классов сохранены.,"[""https://sentinel-cogs.s3.us-west-2.amazonaws.com/sentinel-s2-l2a-cogs/36/V/VH/2021/6/S2B_36VVH_20210619_1_L2A/SCL.tif""]",S2_L2A,2026-09-16,1413,05ad22c8d5931281d2a554bcbb5f4a412c774773e01338b6bca8c6c78b0518e3
RU_TVER_01/Sentinel2/S2B_36VVH_20210619_1_L2A_reflectance.tif,RU_TVER_01,S2_L2A,05.00,2021-06-19T09:14:39.488000Z,спутниковое наблюдение отражения поверхности,"[""B02"", ""B03"", ""B04"", ""B8A"", ""B11"", ""B12""]",безразмерный коэффициент отражения поверхности,1; offset=0,"float32,float32,float32,float32,float32,float32",224x198x6,EPSG:32636,"[20.0, 20.0]",NaN,"Исходные пропуски исключены; применены масштаб и смещение из STAC. B02, B03 и B04 усреднены с 10 до 20 м; B8A, B11 и B12 сохранены на сетке 20 м. Облачная маска не применена.","[""https://sentinel-cogs.s3.us-west-2.amazonaws.com/sentinel-s2-l2a-cogs/36/V/VH/2021/6/S2B_36VVH_20210619_1_L2A/B02.tif"", ""https://sentinel-cogs.s3.us-west-2.amazonaws.com/sentinel-s2-l2a-cogs/36/V/VH/2021/6/S2B_36VVH_20210619_1_L2A/B03.tif"", ""https://sentinel-cogs.s3.us-west-2.amazonaws.com/sentinel-s2-l2a-cogs/36/V/VH/2021/6/S2B_36VVH_20210619_1_L2A/B04.tif"", ""https://sentinel-cogs.s3.us-west-2.amazonaws.com/sentinel-s2-l2a-cogs/36/V/VH/2021/6/S2B_36VVH_20210619_1_L2A/B8A.tif"", ""https://sentinel-cogs.s3.us-west-2.amazonaws.com/sentinel-s2-l2a-cogs/36/V/VH/2021/6/S2B_36VVH_20210619_1_L2A/B11.tif"", ""https://sentinel-cogs.s3.us-west-2.amazonaws.com/sentinel-s2-l2a-cogs/36/V/VH/2021/6/S2B_36VVH_20210619_1_L2A/B12.tif""]",S2_L2A,2026-09-16,792478,20a77ec19763e863fa4e0c9ffbecdf6ea506f1bb897c7f9e2e362eaf0ef54f60
RU_TVER_01/Sentinel2/S2B_36VVH_20210709_1_L2A_SCL.tif,RU_TVER_01,S2_L2A,05.00,2021-07-09T09:14:40.502000Z,автоматическая классификация качества,"[""SCL""]",код класса SCL,1; offset=0,uint8,224x198x1,EPSG:32636,"[20.0, 20.0]",0.0,Прямоугольная вырезка по исходной сетке 20 м; коды классов сохранены.,"[""https://sentinel-cogs.s3.us-west-2.amazonaws.com/sentinel-s2-l2a-cogs/36/V/VH/2021/7/S2B_36VVH_20210709_1_L2A/SCL.tif""]",S2_L2A,2026-09-16,1867,2659c83121bbb55fa845250d5f8eda0218bd9b3fa99ea2f8b056d67ee8a6e55d
RU_TVER_01/Sentinel2/S2B_36VVH_20210709_1_L2A_reflectance.tif,RU_TVER_01,S2_L2A,05.00,2021-07-09T09:14:40.502000Z,спутниковое наблюдение отражения поверхности,"[""B02"", ""B03"", ""B04"", ""B8A"", ""B11"", ""B12""]",безразмерный коэффициент отражения поверхности,1; offset=0,"float32,float32,float32,float32,float32,float32",224x198x6,EPSG:32636,"[20.0, 20.0]",NaN,"Исходные пропуски исключены; применены масштаб и смещение из STAC. B02, B03 и B04 усреднены с 10 до 20 м; B8A, B11 и B12 сохранены на сетке 20 м. Облачная маска не применена.","[""https://sentinel-cogs.s3.us-west-2.amazonaws.com/sentinel-s2-l2a-cogs/36/V/VH/2021/7/S2B_36VVH_20210709_1_L2A/B02.tif"", ""https://sentinel-cogs.s3.us-west-2.amazonaws.com/sentinel-s2-l2a-cogs/36/V/VH/2021/7/S2B_36VVH_20210709_1_L2A/B03.tif"", ""https://sentinel-cogs.s3.us-west-2.amazonaws.com/sentinel-s2-l2a-cogs/36/V/VH/2021/7/S2B_36VVH_20210709_1_L2A/B04.tif"", ""https://sentinel-cogs.s3.us-west-2.amazonaws.com/sentinel-s2-l2a-cogs/36/V/VH/2021/7/S2B_36VVH_20210709_1_L2A/B8A.tif"", ""https://sentinel-cogs.s3.us-west-2.amazonaws.com/sentinel-s2-l2a-cogs/36/V/VH/2021/7/S2B_36VVH_20210709_1_L2A/B11.tif"", ""https://sentinel-cogs.s3.us-west-2.amazonaws.com/sentinel-s2-l2a-cogs/36/V/VH/2021/7/S2B_36VVH_20210709_1_L2A/B12.tif""]",S2_L2A,2026-09-16,800486,65576449961b201309939d0eb15b91b5dbbd6c75d19ef35f015a96db27c6bf86
RU_TVER_01/Sentinel2/S2B_36VVH_20230619_0_L2A_SCL.tif,RU_TVER_01,S2_L2A,05.09,2023-06-19T09:14:43.142000Z,автоматическая классификация качества,"[""SCL""]",код класса SCL,1; offset=0,uint8,224x198x1,EPSG:32636,"[20.0, 20.0]",0.0,Прямоугольная вырезка по исходной сетке 20 м; коды классов сохранены.,"[""https://sentinel-cogs.s3.us-west-2.amazonaws.com/sentinel-s2-l2a-cogs/36/V/VH/2023/6/S2B_36VVH_20230619_0_L2A/SCL.tif""]",S2_L2A,2026-09-16,1413,bad28bca720bbaf42be5ea309517d2b2edc102bcede63771dc80b8823e1e3254
RU_TVER_01/Sentinel2/S2B_36VVH_20230619_0_L2A_reflectance.tif,RU_TVER_01,S2_L2A,05.09,2023-06-19T09:14:43.142000Z,спутниковое наблюдение отражения поверхности,"[""B02"", ""B03"", ""B04"", ""B8A"", ""B11"", ""B12""]",безразмерный коэффициент отражения поверхности,1; offset=0,"float32,float32,float32,float32,float32,float32",224x198x6,EPSG:32636,"[20.0, 20.0]",NaN,"Исходные пропуски исключены; применены масштаб и смещение из STAC. B02, B03 и B04 усреднены с 10 до 20 м; B8A, B11 и B12 сохранены на сетке 20 м. Облачная маска не применена.","[""https://sentinel-cogs.s3.us-west-2.amazonaws.com/sentinel-s2-l2a-cogs/36/V/VH/2023/6/S2B_36VVH_20230619_0_L2A/B02.tif"", ""https://sentinel-cogs.s3.us-west-2.amazonaws.com/sentinel-s2-l2a-cogs/36/V/VH/2023/6/S2B_36VVH_20230619_0_L2A/B03.tif"", ""https://sentinel-cogs.s3.us-west-2.amazonaws.com/sentinel-s2-l2a-cogs/36/V/VH/2023/6/S2B_36VVH_20230619_0_L2A/B04.tif"", ""https://sentinel-cogs.s3.us-west-2.amazonaws.com/sentinel-s2-l2a-cogs/36/V/VH/2023/6/S2B_36VVH_20230619_0_L2A/B8A.tif"", ""https://sentinel-cogs.s3.us-west-2.amazonaws.com/sentinel-s2-l2a-cogs/36/V/VH/2023/6/S2B_36VVH_20230619_0_L2A/B11.tif"", ""https://sentinel-cogs.s3.us-west-2.amazonaws.com/sentinel-s2-l2a-cogs/36/V/VH/2023/6/S2B_36VVH_20230619_0_L2A/B12.tif""]",S2_L2A,2026-09-16,795456,687eee150b098a31fd0ed683dd1c95abdafb90928e83bdd530c813649122b3a7
RU_TVER_01/Sentinel2/S2B_36VVH_20230805_0_L2A_SCL.tif,RU_TVER_01,S2_L2A,05.09,2023-08-05T09:04:46.002000Z,автоматическая классификация качества,"[""SCL""]",код класса SCL,1; offset=0,uint8,224x198x1,EPSG:32636,"[20.0, 20.0]",0.0,Прямоугольная вырезка по исходной сетке 20 м; коды классов сохранены.,"[""https://sentinel-cogs.s3.us-west-2.amazonaws.com/sentinel-s2-l2a-cogs/36/V/VH/2023/8/S2B_36VVH_20230805_0_L2A/SCL.tif""]",S2_L2A,2026-09-16,1617,aa96a2de1d3c03a5206454f3948afb9c2bc73a7b33c03b1f7563254ce4d3e511
RU_TVER_01/Sentinel2/S2B_36VVH_20230805_0_L2A_reflectance.tif,RU_TVER_01,S2_L2A,05.09,2023-08-05T09:04:46.002000Z,спутниковое наблюдение отражения поверхности,"[""B02"", ""B03"", ""B04"", ""B8A"", ""B11"", ""B12""]",безразмерный коэффициент отражения поверхности,1; offset=0,"float32,float32,float32,float32,float32,float32",224x198x6,EPSG:32636,"[20.0, 20.0]",NaN,"Исходные пропуски исключены; применены масштаб и смещение из STAC. B02, B03 и B04 усреднены с 10 до 20 м; B8A, B11 и B12 сохранены на сетке 20 м. Облачная маска не применена.","[""https://sentinel-cogs.s3.us-west-2.amazonaws.com/sentinel-s2-l2a-cogs/36/V/VH/2023/8/S2B_36VVH_20230805_0_L2A/B02.tif"", ""https://sentinel-cogs.s3.us-west-2.amazonaws.com/sentinel-s2-l2a-cogs/36/V/VH/2023/8/S2B_36VVH_20230805_0_L2A/B03.tif"", ""https://sentinel-cogs.s3.us-west-2.amazonaws.com/sentinel-s2-l2a-cogs/36/V/VH/2023/8/S2B_36VVH_20230805_0_L2A/B04.tif"", ""https://sentinel-cogs.s3.us-west-2.amazonaws.com/sentinel-s2-l2a-cogs/36/V/VH/2023/8/S2B_36VVH_20230805_0_L2A/B8A.tif"", ""https://sentinel-cogs.s3.us-west-2.amazonaws.com/sentinel-s2-l2a-cogs/36/V/VH/2023/8/S2B_36VVH_20230805_0_L2A/B11.tif"", ""https://sentinel-cogs.s3.us-west-2.amazonaws.com/sentinel-s2-l2a-cogs/36/V/VH/2023/8/S2B_36VVH_20230805_0_L2A/B12.tif""]",S2_L2A,2026-09-16,803246,296338545de41023a230a9632a41a299ad02356b54b5401bd835fb19f75dffb1
RU_VOLOGDA_02/CCI_Biomass_2015.tif,RU_VOLOGDA_02,CCI_V7,7.0,2015,внешняя модельная оценка,"[""AGB"", ""AGB_SD""]",каналы 1 и 2: т сухого вещества/га,1; offset=0,"uint16,uint16",46x73x2,EPSG:4326,"[0.0008888888888888889, 0.0008888888888888889]",None,Прямоугольная вырезка по исходной сетке; объединение двух переменных без интерполяции.,"[""https://dap.ceda.ac.uk/neodc/esacci/biomass/data/agb/maps/v7.0/geotiff/2015/N60E040_ESACCI-BIOMASS-L4-AGB-MERGED-100m-2015-fv7.0.tif"", ""https://dap.ceda.ac.uk/neodc/esacci/biomass/data/agb/maps/v7.0/geotiff/2015/N60E040_ESACCI-BIOMASS-L4-AGB_SD-MERGED-100m-2015-fv7.0.tif""]",CCI_V7,2026-09-16,10125,7eb78dffb112ee4fa6bb73e67c7de53f770dfdc1ff581600fc6afe5b628bf0d6
RU_VOLOGDA_02/CCI_Biomass_2016.tif,RU_VOLOGDA_02,CCI_V7,7.0,2016,внешняя модельная оценка,"[""AGB"", ""AGB_SD""]",каналы 1 и 2: т сухого вещества/га,1; offset=0,"uint16,uint16",46x73x2,EPSG:4326,"[0.0008888888888888889, 0.0008888888888888889]",None,Прямоугольная вырезка по исходной сетке; объединение двух переменных без интерполяции.,"[""https://dap.ceda.ac.uk/neodc/esacci/biomass/data/agb/maps/v7.0/geotiff/2016/N60E040_ESACCI-BIOMASS-L4-AGB-MERGED-100m-2016-fv7.0.tif"", ""https://dap.ceda.ac.uk/neodc/esacci/biomass/data/agb/maps/v7.0/geotiff/2016/N60E040_ESACCI-BIOMASS-L4-AGB_SD-MERGED-100m-2016-fv7.0.tif""]",CCI_V7,2026-09-16,9765,43a5020cef6fc03cc856a4776de9c930fabe9e132a7b4e16b09086d2b9e36377
RU_VOLOGDA_02/CCI_Biomass_2017.tif,RU_VOLOGDA_02,CCI_V7,7.0,2017,внешняя модельная оценка,"[""AGB"", ""AGB_SD""]",каналы 1 и 2: т сухого вещества/га,1; offset=0,"uint16,uint16",46x73x2,EPSG:4326,"[0.0008888888888888889, 0.0008888888888888889]",None,Прямоугольная вырезка по исходной сетке; объединение двух переменных без интерполяции.,"[""https://dap.ceda.ac.uk/neodc/esacci/biomass/data/agb/maps/v7.0/geotiff/2017/N60E040_ESACCI-BIOMASS-L4-AGB-MERGED-100m-2017-fv7.0.tif"", ""https://dap.ceda.ac.uk/neodc/esacci/biomass/data/agb/maps/v7.0/geotiff/2017/N60E040_ESACCI-BIOMASS-L4-AGB_SD-MERGED-100m-2017-fv7.0.tif""]",CCI_V7,2026-09-16,9873,4e8150ac87850e3a653b7ae918d5d08cf584c0466b4b914381e23cf2238be676
RU_VOLOGDA_02/CCI_Biomass_2018.tif,RU_VOLOGDA_02,CCI_V7,7.0,2018,внешняя модельная оценка,"[""AGB"", ""AGB_SD""]",каналы 1 и 2: т сухого вещества/га,1; offset=0,"uint16,uint16",46x73x2,EPSG:4326,"[0.0008888888888888889, 0.0008888888888888889]",None,Прямоугольная вырезка по исходной сетке; объединение двух переменных без интерполяции.,"[""https://dap.ceda.ac.uk/neodc/esacci/biomass/data/agb/maps/v7.0/geotiff/2018/N60E040_ESACCI-BIOMASS-L4-AGB-MERGED-100m-2018-fv7.0.tif"", ""https://dap.ceda.ac.uk/neodc/esacci/biomass/data/agb/maps/v7.0/geotiff/2018/N60E040_ESACCI-BIOMASS-L4-AGB_SD-MERGED-100m-2018-fv7.0.tif""]",CCI_V7,2026-09-16,10279,027bf18926393eb8a2cee12496a7acf0536b6a2ceeceb428a45a4074e5d7c190
RU_VOLOGDA_02/CCI_Biomass_2019.tif,RU_VOLOGDA_02,CCI_V7,7.0,2019,внешняя модельная оценка,"[""AGB"", ""AGB_SD""]",каналы 1 и 2: т сухого вещества/га,1; offset=0,"uint16,uint16",46x73x2,EPSG:4326,"[0.0008888888888888889, 0.0008888888888888889]",None,Прямоугольная вырезка по исходной сетке; объединение двух переменных без интерполяции.,"[""https://dap.ceda.ac.uk/neodc/esacci/biomass/data/agb/maps/v7.0/geotiff/2019/N60E040_ESACCI-BIOMASS-L4-AGB-MERGED-100m-2019-fv7.0.tif"", ""https://dap.ceda.ac.uk/neodc/esacci/biomass/data/agb/maps/v7.0/geotiff/2019/N60E040_ESACCI-BIOMASS-L4-AGB_SD-MERGED-100m-2019-fv7.0.tif""]",CCI_V7,2026-09-16,10051,aa16516767002cdaaeb4151466f871a0ac0239b01f870e7a30dc368a94f35acd
RU_VOLOGDA_02/CCI_Biomass_2020.tif,RU_VOLOGDA_02,CCI_V7,7.0,2020,внешняя модельная оценка,"[""AGB"", ""AGB_SD""]",каналы 1 и 2: т сухого вещества/га,1; offset=0,"uint16,uint16",46x73x2,EPSG:4326,"[0.0008888888888888889, 0.0008888888888888889]",None,Прямоугольная вырезка по исходной сетке; объединение двух переменных без интерполяции.,"[""https://dap.ceda.ac.uk/neodc/esacci/biomass/data/agb/maps/v7.0/geotiff/2020/N60E040_ESACCI-BIOMASS-L4-AGB-MERGED-100m-2020-fv7.0.tif"", ""https://dap.ceda.ac.uk/neodc/esacci/biomass/data/agb/maps/v7.0/geotiff/2020/N60E040_ESACCI-BIOMASS-L4-AGB_SD-MERGED-100m-2020-fv7.0.tif""]",CCI_V7,2026-09-16,10155,df0229a5f0b1fee682c966207f1e7ac4e7d71775cdbfe0d6ea0dc13f34924a36
RU_VOLOGDA_02/CCI_Biomass_2021.tif,RU_VOLOGDA_02,CCI_V7,7.0,2021,внешняя модельная оценка,"[""AGB"", ""AGB_SD""]",каналы 1 и 2: т сухого вещества/га,1; offset=0,"uint16,uint16",46x73x2,EPSG:4326,"[0.0008888888888888889, 0.0008888888888888889]",None,Прямоугольная вырезка по исходной сетке; объединение двух переменных без интерполяции.,"[""https://dap.ceda.ac.uk/neodc/esacci/biomass/data/agb/maps/v7.0/geotiff/2021/N60E040_ESACCI-BIOMASS-L4-AGB-MERGED-100m-2021-fv7.0.tif"", ""https://dap.ceda.ac.uk/neodc/esacci/biomass/data/agb/maps/v7.0/geotiff/2021/N60E040_ESACCI-BIOMASS-L4-AGB_SD-MERGED-100m-2021-fv7.0.tif""]",CCI_V7,2026-09-16,10231,224a86ee229806c6b05caa1aaf93f560ef12652575249af991e384f941fb4084
RU_VOLOGDA_02/CCI_Biomass_2022.tif,RU_VOLOGDA_02,CCI_V7,7.0,2022,внешняя модельная оценка,"[""AGB"", ""AGB_SD""]",каналы 1 и 2: т сухого вещества/га,1; offset=0,"uint16,uint16",46x73x2,EPSG:4326,"[0.0008888888888888889, 0.0008888888888888889]",None,Прямоугольная вырезка по исходной сетке; объединение двух переменных без интерполяции.,"[""https://dap.ceda.ac.uk/neodc/esacci/biomass/data/agb/maps/v7.0/geotiff/2022/N60E040_ESACCI-BIOMASS-L4-AGB-MERGED-100m-2022-fv7.0.tif"", ""https://dap.ceda.ac.uk/neodc/esacci/biomass/data/agb/maps/v7.0/geotiff/2022/N60E040_ESACCI-BIOMASS-L4-AGB_SD-MERGED-100m-2022-fv7.0.tif""]",CCI_V7,2026-09-16,10249,e4f2718e8f9327331356870dc461be330c85538c2288a49b3ce25bbf3a8ea757
RU_VOLOGDA_02/CCI_Biomass_2023.tif,RU_VOLOGDA_02,CCI_V7,7.0,2023,внешняя модельная оценка,"[""AGB"", ""AGB_SD""]",каналы 1 и 2: т сухого вещества/га,1; offset=0,"uint16,uint16",46x73x2,EPSG:4326,"[0.0008888888888888889, 0.0008888888888888889]",None,Прямоугольная вырезка по исходной сетке; объединение двух переменных без интерполяции.,"[""https://dap.ceda.ac.uk/neodc/esacci/biomass/data/agb/maps/v7.0/geotiff/2023/N60E040_ESACCI-BIOMASS-L4-AGB-MERGED-100m-2023-fv7.0.tif"", ""https://dap.ceda.ac.uk/neodc/esacci/biomass/data/agb/maps/v7.0/geotiff/2023/N60E040_ESACCI-BIOMASS-L4-AGB_SD-MERGED-100m-2023-fv7.0.tif""]",CCI_V7,2026-09-16,10315,864a48d9973e935c58fc08466cf56a696362602fac5e45c40f1efa81c08d4b29
RU_VOLOGDA_02/CCI_Biomass_2024.tif,RU_VOLOGDA_02,CCI_V7,7.0,2024,внешняя модельная оценка,"[""AGB"", ""AGB_SD""]",каналы 1 и 2: т сухого вещества/га,1; offset=0,"uint16,uint16",46x73x2,EPSG:4326,"[0.0008888888888888889, 0.0008888888888888889]",None,Прямоугольная вырезка по исходной сетке; объединение двух переменных без интерполяции.,"[""https://dap.ceda.ac.uk/neodc/esacci/biomass/data/agb/maps/v7.0/geotiff/2024/N60E040_ESACCI-BIOMASS-L4-AGB-MERGED-100m-2024-fv7.0.tif"", ""https://dap.ceda.ac.uk/neodc/esacci/biomass/data/agb/maps/v7.0/geotiff/2024/N60E040_ESACCI-BIOMASS-L4-AGB_SD-MERGED-100m-2024-fv7.0.tif""]",CCI_V7,2026-09-16,10345,69181c0951aa58375d9d07e187ef24dc94417b8d4ba3e9ef19b8b019cef817da
RU_VOLOGDA_02/CCI_Change_2019_2020.tif,RU_VOLOGDA_02,CCI_V7,7.0,2019/2020,внешний продукт изменений,"[""AGB_difference"", ""AGB_difference_SD"", ""AGB_difference_quality_flag""]",каналы 1 и 2: т сухого вещества/га; канал 3: код 0…5,1; offset=0,"int16,int16,int16",46x73x3,EPSG:4326,"[0.0008888888888888889, 0.0008888888888888889]",None,"Вырезка по исходной сетке. Значения сохранены; снят тег NoData = 0, конфликтующий с допустимыми нулевой разностью и кодом качества. Интерпретация по парным AGB и флагу качества.","[""https://dap.ceda.ac.uk/neodc/esacci/biomass/data/agb/maps/v7.0/geotiff/2019_2020/N60E040_ESACCI-BIOMASS-L4-DIFF-100m-2019_2020-fv7.0.tif""]",CCI_V7,2026-09-16,12205,69558e8a9489c68367968f0ca42b2a0567ec4c1ed9378a4c9d18290d0b3a399c
RU_VOLOGDA_02/GFC_2025_v1_13.tif,RU_VOLOGDA_02,GFC_2025_V113,2025 v1.13,2000/2025,внешний продукт изменений,"[""treecover2000"", ""lossyear"", ""datamask""]",канал 1: проценты; канал 2: код года потери; канал 3: код маски,1; offset=0,"uint8,uint8,uint8",160x256x3,EPSG:4326,"[0.00025, 0.00025]",None,Вырезка по исходной сетке и объединение трёх слоёв; сохранены все годы потерь.,"[""https://storage.googleapis.com/earthenginepartners-hansen/GFC-2025-v1.13/Hansen_GFC-2025-v1.13_treecover2000_60N_040E.tif"", ""https://storage.googleapis.com/earthenginepartners-hansen/GFC-2025-v1.13/Hansen_GFC-2025-v1.13_lossyear_60N_040E.tif"", ""https://storage.googleapis.com/earthenginepartners-hansen/GFC-2025-v1.13/Hansen_GFC-2025-v1.13_datamask_60N_040E.tif""]",GFC_2025_V113,2026-09-16,14358,8cd11122a4b87aea62932b260dd4eb1587bddd28249360aee6d7a61f88f2b32a
RU_VOLOGDA_02/Sentinel2/S2A_37VEF_20190828_1_L2A_SCL.tif,RU_VOLOGDA_02,S2_L2A,05.00,2019-08-28T08:53:41.430000Z,автоматическая классификация качества,"[""SCL""]",код класса SCL,1; offset=0,uint8,228x188x1,EPSG:32637,"[20.0, 20.0]",0.0,Прямоугольная вырезка по исходной сетке 20 м; коды классов сохранены.,"[""https://sentinel-cogs.s3.us-west-2.amazonaws.com/sentinel-s2-l2a-cogs/37/V/EF/2019/8/S2A_37VEF_20190828_1_L2A/SCL.tif""]",S2_L2A,2026-09-16,1539,8e17794ccec7b82818fbe13a4ceaf51dd5c66e80ba97b3f2f0d26f7e1e014ec5
RU_VOLOGDA_02/Sentinel2/S2A_37VEF_20190828_1_L2A_reflectance.tif,RU_VOLOGDA_02,S2_L2A,05.00,2019-08-28T08:53:41.430000Z,спутниковое наблюдение отражения поверхности,"[""B02"", ""B03"", ""B04"", ""B8A"", ""B11"", ""B12""]",безразмерный коэффициент отражения поверхности,1; offset=0,"float32,float32,float32,float32,float32,float32",228x188x6,EPSG:32637,"[20.0, 20.0]",NaN,"Исходные пропуски исключены; применены масштаб и смещение из STAC. B02, B03 и B04 усреднены с 10 до 20 м; B8A, B11 и B12 сохранены на сетке 20 м. Облачная маска не применена.","[""https://sentinel-cogs.s3.us-west-2.amazonaws.com/sentinel-s2-l2a-cogs/37/V/EF/2019/8/S2A_37VEF_20190828_1_L2A/B02.tif"", ""https://sentinel-cogs.s3.us-west-2.amazonaws.com/sentinel-s2-l2a-cogs/37/V/EF/2019/8/S2A_37VEF_20190828_1_L2A/B03.tif"", ""https://sentinel-cogs.s3.us-west-2.amazonaws.com/sentinel-s2-l2a-cogs/37/V/EF/2019/8/S2A_37VEF_20190828_1_L2A/B04.tif"", ""https://sentinel-cogs.s3.us-west-2.amazonaws.com/sentinel-s2-l2a-cogs/37/V/EF/2019/8/S2A_37VEF_20190828_1_L2A/B8A.tif"", ""https://sentinel-cogs.s3.us-west-2.amazonaws.com/sentinel-s2-l2a-cogs/37/V/EF/2019/8/S2A_37VEF_20190828_1_L2A/B11.tif"", ""https://sentinel-cogs.s3.us-west-2.amazonaws.com/sentinel-s2-l2a-cogs/37/V/EF/2019/8/S2A_37VEF_20190828_1_L2A/B12.tif""]",S2_L2A,2026-09-16,766257,c072ad7e177d0243be5216c1b93252aab27efc35adcd29725864d32dcded8016
RU_VOLOGDA_02/Sentinel2/S2A_37VEF_20200822_1_L2A_SCL.tif,RU_VOLOGDA_02,S2_L2A,05.00,2020-08-22T08:53:45.811000Z,автоматическая классификация качества,"[""SCL""]",код класса SCL,1; offset=0,uint8,228x188x1,EPSG:32637,"[20.0, 20.0]",0.0,Прямоугольная вырезка по исходной сетке 20 м; коды классов сохранены.,"[""https://sentinel-cogs.s3.us-west-2.amazonaws.com/sentinel-s2-l2a-cogs/37/V/EF/2020/8/S2A_37VEF_20200822_1_L2A/SCL.tif""]",S2_L2A,2026-09-16,1533,26f3a9b7a4c90788f322d3b2faa96992f80cbea5c4c38cfa0580b37e5c0a989e
RU_VOLOGDA_02/Sentinel2/S2A_37VEF_20200822_1_L2A_reflectance.tif,RU_VOLOGDA_02,S2_L2A,05.00,2020-08-22T08:53:45.811000Z,спутниковое наблюдение отражения поверхности,"[""B02"", ""B03"", ""B04"", ""B8A"", ""B11"", ""B12""]",безразмерный коэффициент отражения поверхности,1; offset=0,"float32,float32,float32,float32,float32,float32",228x188x6,EPSG:32637,"[20.0, 20.0]",NaN,"Исходные пропуски исключены; применены масштаб и смещение из STAC. B02, B03 и B04 усреднены с 10 до 20 м; B8A, B11 и B12 сохранены на сетке 20 м. Облачная маска не применена.","[""https://sentinel-cogs.s3.us-west-2.amazonaws.com/sentinel-s2-l2a-cogs/37/V/EF/2020/8/S2A_37VEF_20200822_1_L2A/B02.tif"", ""https://sentinel-cogs.s3.us-west-2.amazonaws.com/sentinel-s2-l2a-cogs/37/V/EF/2020/8/S2A_37VEF_20200822_1_L2A/B03.tif"", ""https://sentinel-cogs.s3.us-west-2.amazonaws.com/sentinel-s2-l2a-cogs/37/V/EF/2020/8/S2A_37VEF_20200822_1_L2A/B04.tif"", ""https://sentinel-cogs.s3.us-west-2.amazonaws.com/sentinel-s2-l2a-cogs/37/V/EF/2020/8/S2A_37VEF_20200822_1_L2A/B8A.tif"", ""https://sentinel-cogs.s3.us-west-2.amazonaws.com/sentinel-s2-l2a-cogs/37/V/EF/2020/8/S2A_37VEF_20200822_1_L2A/B11.tif"", ""https://sentinel-cogs.s3.us-west-2.amazonaws.com/sentinel-s2-l2a-cogs/37/V/EF/2020/8/S2A_37VEF_20200822_1_L2A/B12.tif""]",S2_L2A,2026-09-16,778823,482ea2154b2ec836b69c710b3d0c60db447be2dce606beb960e023c089866b11
RU_VOLOGDA_02/Sentinel2/S2A_37VEF_20210618_1_L2A_SCL.tif,RU_VOLOGDA_02,S2_L2A,05.00,2021-06-18T08:53:40.478000Z,автоматическая классификация качества,"[""SCL""]",код класса SCL,1; offset=0,uint8,228x188x1,EPSG:32637,"[20.0, 20.0]",0.0,Прямоугольная вырезка по исходной сетке 20 м; коды классов сохранены.,"[""https://sentinel-cogs.s3.us-west-2.amazonaws.com/sentinel-s2-l2a-cogs/37/V/EF/2021/6/S2A_37VEF_20210618_1_L2A/SCL.tif""]",S2_L2A,2026-09-16,1965,6cbb66c21af7feeac807b6bfcac1eeb800ca2d1c319f7cf28923c2de3c5c070c
RU_VOLOGDA_02/Sentinel2/S2A_37VEF_20210618_1_L2A_reflectance.tif,RU_VOLOGDA_02,S2_L2A,05.00,2021-06-18T08:53:40.478000Z,спутниковое наблюдение отражения поверхности,"[""B02"", ""B03"", ""B04"", ""B8A"", ""B11"", ""B12""]",безразмерный коэффициент отражения поверхности,1; offset=0,"float32,float32,float32,float32,float32,float32",228x188x6,EPSG:32637,"[20.0, 20.0]",NaN,"Исходные пропуски исключены; применены масштаб и смещение из STAC. B02, B03 и B04 усреднены с 10 до 20 м; B8A, B11 и B12 сохранены на сетке 20 м. Облачная маска не применена.","[""https://sentinel-cogs.s3.us-west-2.amazonaws.com/sentinel-s2-l2a-cogs/37/V/EF/2021/6/S2A_37VEF_20210618_1_L2A/B02.tif"", ""https://sentinel-cogs.s3.us-west-2.amazonaws.com/sentinel-s2-l2a-cogs/37/V/EF/2021/6/S2A_37VEF_20210618_1_L2A/B03.tif"", ""https://sentinel-cogs.s3.us-west-2.amazonaws.com/sentinel-s2-l2a-cogs/37/V/EF/2021/6/S2A_37VEF_20210618_1_L2A/B04.tif"", ""https://sentinel-cogs.s3.us-west-2.amazonaws.com/sentinel-s2-l2a-cogs/37/V/EF/2021/6/S2A_37VEF_20210618_1_L2A/B8A.tif"", ""https://sentinel-cogs.s3.us-west-2.amazonaws.com/sentinel-s2-l2a-cogs/37/V/EF/2021/6/S2A_37VEF_20210618_1_L2A/B11.tif"", ""https://sentinel-cogs.s3.us-west-2.amazonaws.com/sentinel-s2-l2a-cogs/37/V/EF/2021/6/S2A_37VEF_20210618_1_L2A/B12.tif""]",S2_L2A,2026-09-16,777449,55c35a7a89bb1e031a5db857ae2906aa780f0de4220da763ea7da07e7f21e401
RU_VOLOGDA_02/Sentinel2/S2A_37VEF_20210705_1_L2A_SCL.tif,RU_VOLOGDA_02,S2_L2A,05.00,2021-07-05T08:43:45.464000Z,автоматическая классификация качества,"[""SCL""]",код класса SCL,1; offset=0,uint8,228x188x1,EPSG:32637,"[20.0, 20.0]",0.0,Прямоугольная вырезка по исходной сетке 20 м; коды классов сохранены.,"[""https://sentinel-cogs.s3.us-west-2.amazonaws.com/sentinel-s2-l2a-cogs/37/V/EF/2021/7/S2A_37VEF_20210705_1_L2A/SCL.tif""]",S2_L2A,2026-09-16,1765,70380f06c8d1eff5888d0fa0473f73b8ed50bb42df396958054c600d9fda6aa4
RU_VOLOGDA_02/Sentinel2/S2A_37VEF_20210705_1_L2A_reflectance.tif,RU_VOLOGDA_02,S2_L2A,05.00,2021-07-05T08:43:45.464000Z,спутниковое наблюдение отражения поверхности,"[""B02"", ""B03"", ""B04"", ""B8A"", ""B11"", ""B12""]",безразмерный коэффициент отражения поверхности,1; offset=0,"float32,float32,float32,float32,float32,float32",228x188x6,EPSG:32637,"[20.0, 20.0]",NaN,"Исходные пропуски исключены; применены масштаб и смещение из STAC. B02, B03 и B04 усреднены с 10 до 20 м; B8A, B11 и B12 сохранены на сетке 20 м. Облачная маска не применена.","[""https://sentinel-cogs.s3.us-west-2.amazonaws.com/sentinel-s2-l2a-cogs/37/V/EF/2021/7/S2A_37VEF_20210705_1_L2A/B02.tif"", ""https://sentinel-cogs.s3.us-west-2.amazonaws.com/sentinel-s2-l2a-cogs/37/V/EF/2021/7/S2A_37VEF_20210705_1_L2A/B03.tif"", ""https://sentinel-cogs.s3.us-west-2.amazonaws.com/sentinel-s2-l2a-cogs/37/V/EF/2021/7/S2A_37VEF_20210705_1_L2A/B04.tif"", ""https://sentinel-cogs.s3.us-west-2.amazonaws.com/sentinel-s2-l2a-cogs/37/V/EF/2021/7/S2A_37VEF_20210705_1_L2A/B8A.tif"", ""https://sentinel-cogs.s3.us-west-2.amazonaws.com/sentinel-s2-l2a-cogs/37/V/EF/2021/7/S2A_37VEF_20210705_1_L2A/B11.tif"", ""https://sentinel-cogs.s3.us-west-2.amazonaws.com/sentinel-s2-l2a-cogs/37/V/EF/2021/7/S2A_37VEF_20210705_1_L2A/B12.tif""]",S2_L2A,2026-09-16,774751,1a9f96045e48ea6037849ef2bff313910818b62aae3999c2f45457e13e4caebd
RU_VOLOGDA_02/Sentinel2/S2A_37VEF_20230618_0_L2A_SCL.tif,RU_VOLOGDA_02,S2_L2A,05.09,2023-06-18T08:53:44.363000Z,автоматическая классификация качества,"[""SCL""]",код класса SCL,1; offset=0,uint8,228x188x1,EPSG:32637,"[20.0, 20.0]",0.0,Прямоугольная вырезка по исходной сетке 20 м; коды классов сохранены.,"[""https://sentinel-cogs.s3.us-west-2.amazonaws.com/sentinel-s2-l2a-cogs/37/V/EF/2023/6/S2A_37VEF_20230618_0_L2A/SCL.tif""]",S2_L2A,2026-09-16,3255,d873abf78cafec0f945292ed80e6eda5b7d0e4f2eb2a4df67ea59ec4c6cab8e0
RU_VOLOGDA_02/Sentinel2/S2A_37VEF_20230618_0_L2A_reflectance.tif,RU_VOLOGDA_02,S2_L2A,05.09,2023-06-18T08:53:44.363000Z,спутниковое наблюдение отражения поверхности,"[""B02"", ""B03"", ""B04"", ""B8A"", ""B11"", ""B12""]",безразмерный коэффициент отражения поверхности,1; offset=0,"float32,float32,float32,float32,float32,float32",228x188x6,EPSG:32637,"[20.0, 20.0]",NaN,"Исходные пропуски исключены; применены масштаб и смещение из STAC. B02, B03 и B04 усреднены с 10 до 20 м; B8A, B11 и B12 сохранены на сетке 20 м. Облачная маска не применена.","[""https://sentinel-cogs.s3.us-west-2.amazonaws.com/sentinel-s2-l2a-cogs/37/V/EF/2023/6/S2A_37VEF_20230618_0_L2A/B02.tif"", ""https://sentinel-cogs.s3.us-west-2.amazonaws.com/sentinel-s2-l2a-cogs/37/V/EF/2023/6/S2A_37VEF_20230618_0_L2A/B03.tif"", ""https://sentinel-cogs.s3.us-west-2.amazonaws.com/sentinel-s2-l2a-cogs/37/V/EF/2023/6/S2A_37VEF_20230618_0_L2A/B04.tif"", ""https://sentinel-cogs.s3.us-west-2.amazonaws.com/sentinel-s2-l2a-cogs/37/V/EF/2023/6/S2A_37VEF_20230618_0_L2A/B8A.tif"", ""https://sentinel-cogs.s3.us-west-2.amazonaws.com/sentinel-s2-l2a-cogs/37/V/EF/2023/6/S2A_37VEF_20230618_0_L2A/B11.tif"", ""https://sentinel-cogs.s3.us-west-2.amazonaws.com/sentinel-s2-l2a-cogs/37/V/EF/2023/6/S2A_37VEF_20230618_0_L2A/B12.tif""]",S2_L2A,2026-09-16,804361,701f79f399e3937e5b8e1e174543d70041ff43e4fbdf003209067ccd85f03630
RU_VOLOGDA_02/Sentinel2/S2B_37VEF_20190621_1_L2A_SCL.tif,RU_VOLOGDA_02,S2_L2A,05.00,2019-06-21T08:43:50.981000Z,автоматическая классификация качества,"[""SCL""]",код класса SCL,1; offset=0,uint8,228x188x1,EPSG:32637,"[20.0, 20.0]",0.0,Прямоугольная вырезка по исходной сетке 20 м; коды классов сохранены.,"[""https://sentinel-cogs.s3.us-west-2.amazonaws.com/sentinel-s2-l2a-cogs/37/V/EF/2019/6/S2B_37VEF_20190621_1_L2A/SCL.tif""]",S2_L2A,2026-09-16,2237,7dcb94dcd5f2419e1d233ec3ea8d484a9ab5d25213fff0ee246a1ff09fc16ef0
RU_VOLOGDA_02/Sentinel2/S2B_37VEF_20190621_1_L2A_reflectance.tif,RU_VOLOGDA_02,S2_L2A,05.00,2019-06-21T08:43:50.981000Z,спутниковое наблюдение отражения поверхности,"[""B02"", ""B03"", ""B04"", ""B8A"", ""B11"", ""B12""]",безразмерный коэффициент отражения поверхности,1; offset=0,"float32,float32,float32,float32,float32,float32",228x188x6,EPSG:32637,"[20.0, 20.0]",NaN,"Исходные пропуски исключены; применены масштаб и смещение из STAC. B02, B03 и B04 усреднены с 10 до 20 м; B8A, B11 и B12 сохранены на сетке 20 м. Облачная маска не применена.","[""https://sentinel-cogs.s3.us-west-2.amazonaws.com/sentinel-s2-l2a-cogs/37/V/EF/2019/6/S2B_37VEF_20190621_1_L2A/B02.tif"", ""https://sentinel-cogs.s3.us-west-2.amazonaws.com/sentinel-s2-l2a-cogs/37/V/EF/2019/6/S2B_37VEF_20190621_1_L2A/B03.tif"", ""https://sentinel-cogs.s3.us-west-2.amazonaws.com/sentinel-s2-l2a-cogs/37/V/EF/2019/6/S2B_37VEF_20190621_1_L2A/B04.tif"", ""https://sentinel-cogs.s3.us-west-2.amazonaws.com/sentinel-s2-l2a-cogs/37/V/EF/2019/6/S2B_37VEF_20190621_1_L2A/B8A.tif"", ""https://sentinel-cogs.s3.us-west-2.amazonaws.com/sentinel-s2-l2a-cogs/37/V/EF/2019/6/S2B_37VEF_20190621_1_L2A/B11.tif"", ""https://sentinel-cogs.s3.us-west-2.amazonaws.com/sentinel-s2-l2a-cogs/37/V/EF/2019/6/S2B_37VEF_20190621_1_L2A/B12.tif""]",S2_L2A,2026-09-16,762223,8fdaf952c9373700a06217e35dcfc90607f5fd40215ce90549b3a0adb704486e
RU_VOLOGDA_02/Sentinel2/S2B_37VEF_20200618_1_L2A_SCL.tif,RU_VOLOGDA_02,S2_L2A,05.00,2020-06-18T08:53:42.734000Z,автоматическая классификация качества,"[""SCL""]",код класса SCL,1; offset=0,uint8,228x188x1,EPSG:32637,"[20.0, 20.0]",0.0,Прямоугольная вырезка по исходной сетке 20 м; коды классов сохранены.,"[""https://sentinel-cogs.s3.us-west-2.amazonaws.com/sentinel-s2-l2a-cogs/37/V/EF/2020/6/S2B_37VEF_20200618_1_L2A/SCL.tif""]",S2_L2A,2026-09-16,1621,8d3e7469f8161a0e5e7beed8071c995887b3211ad99b81bc307e46eb205c221b
RU_VOLOGDA_02/Sentinel2/S2B_37VEF_20200618_1_L2A_reflectance.tif,RU_VOLOGDA_02,S2_L2A,05.00,2020-06-18T08:53:42.734000Z,спутниковое наблюдение отражения поверхности,"[""B02"", ""B03"", ""B04"", ""B8A"", ""B11"", ""B12""]",безразмерный коэффициент отражения поверхности,1; offset=0,"float32,float32,float32,float32,float32,float32",228x188x6,EPSG:32637,"[20.0, 20.0]",NaN,"Исходные пропуски исключены; применены масштаб и смещение из STAC. B02, B03 и B04 усреднены с 10 до 20 м; B8A, B11 и B12 сохранены на сетке 20 м. Облачная маска не применена.","[""https://sentinel-cogs.s3.us-west-2.amazonaws.com/sentinel-s2-l2a-cogs/37/V/EF/2020/6/S2B_37VEF_20200618_1_L2A/B02.tif"", ""https://sentinel-cogs.s3.us-west-2.amazonaws.com/sentinel-s2-l2a-cogs/37/V/EF/2020/6/S2B_37VEF_20200618_1_L2A/B03.tif"", ""https://sentinel-cogs.s3.us-west-2.amazonaws.com/sentinel-s2-l2a-cogs/37/V/EF/2020/6/S2B_37VEF_20200618_1_L2A/B04.tif"", ""https://sentinel-cogs.s3.us-west-2.amazonaws.com/sentinel-s2-l2a-cogs/37/V/EF/2020/6/S2B_37VEF_20200618_1_L2A/B8A.tif"", ""https://sentinel-cogs.s3.us-west-2.amazonaws.com/sentinel-s2-l2a-cogs/37/V/EF/2020/6/S2B_37VEF_20200618_1_L2A/B11.tif"", ""https://sentinel-cogs.s3.us-west-2.amazonaws.com/sentinel-s2-l2a-cogs/37/V/EF/2020/6/S2B_37VEF_20200618_1_L2A/B12.tif""]",S2_L2A,2026-09-16,753777,b7102f4440b8aeefd39f7bf672bad4641342494cec39717cde588db74f23bff7
RU_VOLOGDA_02/Sentinel2/S2B_37VEF_20220705_0_L2A_SCL.tif,RU_VOLOGDA_02,S2_L2A,04.00,2022-07-05T08:43:48.098000Z,автоматическая классификация качества,"[""SCL""]",код класса SCL,1; offset=0,uint8,228x188x1,EPSG:32637,"[20.0, 20.0]",0.0,Прямоугольная вырезка по исходной сетке 20 м; коды классов сохранены.,"[""https://sentinel-cogs.s3.us-west-2.amazonaws.com/sentinel-s2-l2a-cogs/37/V/EF/2022/7/S2B_37VEF_20220705_0_L2A/SCL.tif""]",S2_L2A,2026-09-16,1571,89d9d4a9a97971865f75a82a5d78a14e3036b79ddff7182314f99dbf3676fddc
RU_VOLOGDA_02/Sentinel2/S2B_37VEF_20220705_0_L2A_reflectance.tif,RU_VOLOGDA_02,S2_L2A,04.00,2022-07-05T08:43:48.098000Z,спутниковое наблюдение отражения поверхности,"[""B02"", ""B03"", ""B04"", ""B8A"", ""B11"", ""B12""]",безразмерный коэффициент отражения поверхности,1; offset=0,"float32,float32,float32,float32,float32,float32",228x188x6,EPSG:32637,"[20.0, 20.0]",NaN,"Исходные пропуски исключены; применены масштаб и смещение из STAC. B02, B03 и B04 усреднены с 10 до 20 м; B8A, B11 и B12 сохранены на сетке 20 м. Облачная маска не применена.","[""https://sentinel-cogs.s3.us-west-2.amazonaws.com/sentinel-s2-l2a-cogs/37/V/EF/2022/7/S2B_37VEF_20220705_0_L2A/B02.tif"", ""https://sentinel-cogs.s3.us-west-2.amazonaws.com/sentinel-s2-l2a-cogs/37/V/EF/2022/7/S2B_37VEF_20220705_0_L2A/B03.tif"", ""https://sentinel-cogs.s3.us-west-2.amazonaws.com/sentinel-s2-l2a-cogs/37/V/EF/2022/7/S2B_37VEF_20220705_0_L2A/B04.tif"", ""https://sentinel-cogs.s3.us-west-2.amazonaws.com/sentinel-s2-l2a-cogs/37/V/EF/2022/7/S2B_37VEF_20220705_0_L2A/B8A.tif"", ""https://sentinel-cogs.s3.us-west-2.amazonaws.com/sentinel-s2-l2a-cogs/37/V/EF/2022/7/S2B_37VEF_20220705_0_L2A/B11.tif"", ""https://sentinel-cogs.s3.us-west-2.amazonaws.com/sentinel-s2-l2a-cogs/37/V/EF/2022/7/S2B_37VEF_20220705_0_L2A/B12.tif""]",S2_L2A,2026-09-16,774943,54687404fe250d7c071f54f9cbf536eec3d19f93cc6d9ad0bbefdd121d5d115f
RU_VOLOGDA_02/Sentinel2/S2B_37VEF_20220827_0_L2A_SCL.tif,RU_VOLOGDA_02,S2_L2A,04.00,2022-08-27T08:53:40.399000Z,автоматическая классификация качества,"[""SCL""]",код класса SCL,1; offset=0,uint8,228x188x1,EPSG:32637,"[20.0, 20.0]",0.0,Прямоугольная вырезка по исходной сетке 20 м; коды классов сохранены.,"[""https://sentinel-cogs.s3.us-west-2.amazonaws.com/sentinel-s2-l2a-cogs/37/V/EF/2022/8/S2B_37VEF_20220827_0_L2A/SCL.tif""]",S2_L2A,2026-09-16,4127,9959a85d865b0cc292c3080c16ed41c7b5ad01e123b96cbbaa17d55f0184cadf
RU_VOLOGDA_02/Sentinel2/S2B_37VEF_20220827_0_L2A_reflectance.tif,RU_VOLOGDA_02,S2_L2A,04.00,2022-08-27T08:53:40.399000Z,спутниковое наблюдение отражения поверхности,"[""B02"", ""B03"", ""B04"", ""B8A"", ""B11"", ""B12""]",безразмерный коэффициент отражения поверхности,1; offset=0,"float32,float32,float32,float32,float32,float32",228x188x6,EPSG:32637,"[20.0, 20.0]",NaN,"Исходные пропуски исключены; применены масштаб и смещение из STAC. B02, B03 и B04 усреднены с 10 до 20 м; B8A, B11 и B12 сохранены на сетке 20 м. Облачная маска не применена.","[""https://sentinel-cogs.s3.us-west-2.amazonaws.com/sentinel-s2-l2a-cogs/37/V/EF/2022/8/S2B_37VEF_20220827_0_L2A/B02.tif"", ""https://sentinel-cogs.s3.us-west-2.amazonaws.com/sentinel-s2-l2a-cogs/37/V/EF/2022/8/S2B_37VEF_20220827_0_L2A/B03.tif"", ""https://sentinel-cogs.s3.us-west-2.amazonaws.com/sentinel-s2-l2a-cogs/37/V/EF/2022/8/S2B_37VEF_20220827_0_L2A/B04.tif"", ""https://sentinel-cogs.s3.us-west-2.amazonaws.com/sentinel-s2-l2a-cogs/37/V/EF/2022/8/S2B_37VEF_20220827_0_L2A/B8A.tif"", ""https://sentinel-cogs.s3.us-west-2.amazonaws.com/sentinel-s2-l2a-cogs/37/V/EF/2022/8/S2B_37VEF_20220827_0_L2A/B11.tif"", ""https://sentinel-cogs.s3.us-west-2.amazonaws.com/sentinel-s2-l2a-cogs/37/V/EF/2022/8/S2B_37VEF_20220827_0_L2A/B12.tif""]",S2_L2A,2026-09-16,830279,fd59394bbedcbaf9592670d5a936c1c4f68fb6b06357ff8990752a1e55a48648
RU_VOLOGDA_02/Sentinel2/S2B_37VEF_20230812_0_L2A_SCL.tif,RU_VOLOGDA_02,S2_L2A,05.09,2023-08-12T08:53:45.796000Z,автоматическая классификация качества,"[""SCL""]",код класса SCL,1; offset=0,uint8,228x188x1,EPSG:32637,"[20.0, 20.0]",0.0,Прямоугольная вырезка по исходной сетке 20 м; коды классов сохранены.,"[""https://sentinel-cogs.s3.us-west-2.amazonaws.com/sentinel-s2-l2a-cogs/37/V/EF/2023/8/S2B_37VEF_20230812_0_L2A/SCL.tif""]",S2_L2A,2026-09-16,1659,9529fb58f77d5b3b0c0e0c7c6412e77ecafca3e5e0afade9f360222bdab5153f
RU_VOLOGDA_02/Sentinel2/S2B_37VEF_20230812_0_L2A_reflectance.tif,RU_VOLOGDA_02,S2_L2A,05.09,2023-08-12T08:53:45.796000Z,спутниковое наблюдение отражения поверхности,"[""B02"", ""B03"", ""B04"", ""B8A"", ""B11"", ""B12""]",безразмерный коэффициент отражения поверхности,1; offset=0,"float32,float32,float32,float32,float32,float32",228x188x6,EPSG:32637,"[20.0, 20.0]",NaN,"Исходные пропуски исключены; применены масштаб и смещение из STAC. B02, B03 и B04 усреднены с 10 до 20 м; B8A, B11 и B12 сохранены на сетке 20 м. Облачная маска не применена.","[""https://sentinel-cogs.s3.us-west-2.amazonaws.com/sentinel-s2-l2a-cogs/37/V/EF/2023/8/S2B_37VEF_20230812_0_L2A/B02.tif"", ""https://sentinel-cogs.s3.us-west-2.amazonaws.com/sentinel-s2-l2a-cogs/37/V/EF/2023/8/S2B_37VEF_20230812_0_L2A/B03.tif"", ""https://sentinel-cogs.s3.us-west-2.amazonaws.com/sentinel-s2-l2a-cogs/37/V/EF/2023/8/S2B_37VEF_20230812_0_L2A/B04.tif"", ""https://sentinel-cogs.s3.us-west-2.amazonaws.com/sentinel-s2-l2a-cogs/37/V/EF/2023/8/S2B_37VEF_20230812_0_L2A/B8A.tif"", ""https://sentinel-cogs.s3.us-west-2.amazonaws.com/sentinel-s2-l2a-cogs/37/V/EF/2023/8/S2B_37VEF_20230812_0_L2A/B11.tif"", ""https://sentinel-cogs.s3.us-west-2.amazonaws.com/sentinel-s2-l2a-cogs/37/V/EF/2023/8/S2B_37VEF_20230812_0_L2A/B12.tif""]",S2_L2A,2026-09-16,773015,aab944e5fcdfb6b04710dc6f5323c0890150dc63e73cc50c9e5548f56b5d8c83
RU_VOLOGDA_02/Sentinel2/S2B_37VEF_20240627_0_L2A_SCL.tif,RU_VOLOGDA_02,S2_L2A,05.10,2024-06-27T08:53:43.889000Z,автоматическая классификация качества,"[""SCL""]",код класса SCL,1; offset=0,uint8,228x188x1,EPSG:32637,"[20.0, 20.0]",0.0,Прямоугольная вырезка по исходной сетке 20 м; коды классов сохранены.,"[""https://sentinel-cogs.s3.us-west-2.amazonaws.com/sentinel-s2-l2a-cogs/37/V/EF/2024/6/S2B_37VEF_20240627_0_L2A/SCL.tif""]",S2_L2A,2026-09-16,1543,06775a1958f47a8c66eadc1b72fceb1d0b0c4cc2a1f666a1747f14679136c951
RU_VOLOGDA_02/Sentinel2/S2B_37VEF_20240627_0_L2A_reflectance.tif,RU_VOLOGDA_02,S2_L2A,05.10,2024-06-27T08:53:43.889000Z,спутниковое наблюдение отражения поверхности,"[""B02"", ""B03"", ""B04"", ""B8A"", ""B11"", ""B12""]",безразмерный коэффициент отражения поверхности,1; offset=0,"float32,float32,float32,float32,float32,float32",228x188x6,EPSG:32637,"[20.0, 20.0]",NaN,"Исходные пропуски исключены; применены масштаб и смещение из STAC. B02, B03 и B04 усреднены с 10 до 20 м; B8A, B11 и B12 сохранены на сетке 20 м. Облачная маска не применена.","[""https://sentinel-cogs.s3.us-west-2.amazonaws.com/sentinel-s2-l2a-cogs/37/V/EF/2024/6/S2B_37VEF_20240627_0_L2A/B02.tif"", ""https://sentinel-cogs.s3.us-west-2.amazonaws.com/sentinel-s2-l2a-cogs/37/V/EF/2024/6/S2B_37VEF_20240627_0_L2A/B03.tif"", ""https://sentinel-cogs.s3.us-west-2.amazonaws.com/sentinel-s2-l2a-cogs/37/V/EF/2024/6/S2B_37VEF_20240627_0_L2A/B04.tif"", ""https://sentinel-cogs.s3.us-west-2.amazonaws.com/sentinel-s2-l2a-cogs/37/V/EF/2024/6/S2B_37VEF_20240627_0_L2A/B8A.tif"", ""https://sentinel-cogs.s3.us-west-2.amazonaws.com/sentinel-s2-l2a-cogs/37/V/EF/2024/6/S2B_37VEF_20240627_0_L2A/B11.tif"", ""https://sentinel-cogs.s3.us-west-2.amazonaws.com/sentinel-s2-l2a-cogs/37/V/EF/2024/6/S2B_37VEF_20240627_0_L2A/B12.tif""]",S2_L2A,2026-09-16,774187,83615c027dc1be0184ea809812bb6f01e783d95e8666d6b5e9273af5c1a213e0
RU_VOLOGDA_02/Sentinel2/S2B_37VEF_20240816_0_L2A_SCL.tif,RU_VOLOGDA_02,S2_L2A,05.11,2024-08-16T08:53:43.414000Z,автоматическая классификация качества,"[""SCL""]",код класса SCL,1; offset=0,uint8,228x188x1,EPSG:32637,"[20.0, 20.0]",0.0,Прямоугольная вырезка по исходной сетке 20 м; коды классов сохранены.,"[""https://sentinel-cogs.s3.us-west-2.amazonaws.com/sentinel-s2-l2a-cogs/37/V/EF/2024/8/S2B_37VEF_20240816_0_L2A/SCL.tif""]",S2_L2A,2026-09-16,1547,480c106805e8dab13c523b52e42c64565541845ced2c41bc4e60cc5c11fda636
RU_VOLOGDA_02/Sentinel2/S2B_37VEF_20240816_0_L2A_reflectance.tif,RU_VOLOGDA_02,S2_L2A,05.11,2024-08-16T08:53:43.414000Z,спутниковое наблюдение отражения поверхности,"[""B02"", ""B03"", ""B04"", ""B8A"", ""B11"", ""B12""]",безразмерный коэффициент отражения поверхности,1; offset=0,"float32,float32,float32,float32,float32,float32",228x188x6,EPSG:32637,"[20.0, 20.0]",NaN,"Исходные пропуски исключены; применены масштаб и смещение из STAC. B02, B03 и B04 усреднены с 10 до 20 м; B8A, B11 и B12 сохранены на сетке 20 м. Облачная маска не применена.","[""https://sentinel-cogs.s3.us-west-2.amazonaws.com/sentinel-s2-l2a-cogs/37/V/EF/2024/8/S2B_37VEF_20240816_0_L2A/B02.tif"", ""https://sentinel-cogs.s3.us-west-2.amazonaws.com/sentinel-s2-l2a-cogs/37/V/EF/2024/8/S2B_37VEF_20240816_0_L2A/B03.tif"", ""https://sentinel-cogs.s3.us-west-2.amazonaws.com/sentinel-s2-l2a-cogs/37/V/EF/2024/8/S2B_37VEF_20240816_0_L2A/B04.tif"", ""https://sentinel-cogs.s3.us-west-2.amazonaws.com/sentinel-s2-l2a-cogs/37/V/EF/2024/8/S2B_37VEF_20240816_0_L2A/B8A.tif"", ""https://sentinel-cogs.s3.us-west-2.amazonaws.com/sentinel-s2-l2a-cogs/37/V/EF/2024/8/S2B_37VEF_20240816_0_L2A/B11.tif"", ""https://sentinel-cogs.s3.us-west-2.amazonaws.com/sentinel-s2-l2a-cogs/37/V/EF/2024/8/S2B_37VEF_20240816_0_L2A/B12.tif""]",S2_L2A,2026-09-16,780339,2e68d6f3a90d541d7a74a216f75b26f7b06f3adf151cd6997c3193e9bbc0884d
sources.csv,,CASE_RULES_V1,1.0,2026-09-16,метаданные набора,,,,,,,,,Геометрия и описание набора; назначение полей приведено в data_guide.pdf.,[],CASE_RULES_V1,2026-09-16,6614,d14b21505c304454c1ecd9f9a363ddd19bd7a3be66a216523d2cfed7800336d6
scene_metadata.json,,S2_L2A,1.0,2019/2024,метаданные источников,,,,,,,,,Исходные записи STAC дополнены параметрами радиометрии и связями с файлами вырезок.,[],S2_L2A,2026-09-16,2249626,924b786cb11f20863890377fc34f9403af4cfc6674da92be6711f66f3bb7e400
methodology/baseline.csv,,CCI_V7;IPCC_FOREST_2006;CASE_RULES_V1,1.0,history 2015/2019; scenario 2019/2029,сценарное допущение,,т C/га; т C/га/год,,,,,,,"Средние запасы рассчитаны с площадями пересечения пикселей и CF = 0,47. Тренд 2015–2019 продолжен от состояния 2019 года; запас ограничен снизу нулём. Значения являются сценарными.","[""methodology/parameters.csv""]",CASE_RULES_V1,2026-09-16,10717,403c58581b7c246c0833d66a8d743bd6c2ec148caa81cbdd3b560525f264307d
methodology/parameters.csv,,IPCC_FOREST_2006;IPCC_GENERIC_2006;CASE_RULES_V1,1.0,2026-09-16,коэффициенты и сценарные параметры,,,,,,,,,Опубликованный коэффициент и параметры сценарного расчёта с указанием их статуса.,[],CASE_RULES_V1,2026-09-16,3010,2bca8c22e73231f4b7ae256657fba5e8e8ec4916cd934a0c4e6b92000da37ec6
sample_requests.geojson,,CASE_RULES_V1,1.0,2026-09-16,метаданные набора,,,,,,,,,Геометрия и описание набора; назначение полей приведено в data_guide.pdf.,[],CASE_RULES_V1,2026-09-16,1102,9c77dac7597c0d237d1c3d6ad5b92137bc5de2375da7818f24acb09bdcd34f00
events.csv,,MODIS_MCD64A1_061;MCHS_20210820,1.0,2021-08,сводка по внешнему продукту,,,,,,,,,Подсчёт центров пикселей внутри участка и диапазона дат горения при установленных битах QA 0 и 1; ссылка на региональное сообщение.,[],MODIS_MCD64A1_061,2026-09-16,1510,dc91d2ffeb26cb8333bbcc240f843808ea873801567227afe9afc4194f34c8c2
scenes.csv,,S2_L2A,1.0,2019/2024,метаданные источников,,,,,,,,,Исходные записи STAC дополнены параметрами радиометрии и связями с файлами вырезок.,[],S2_L2A,2026-09-16,16460,9604ceeab3f1f4e48db7908952cd68b107c2310f00456fa150c01e2666ed63ae
areas.csv,,CASE_RULES_V1,1.0,2026-09-16,метаданные набора,,,,,,,,,Геометрия и описание набора; назначение полей приведено в data_guide.pdf.,[],CASE_RULES_V1,2026-09-16,1463,82a6bc1fc434a6283f4f243ddbd274aad5e75a147f66484b39655f6de52094d1
areas.geojson,,CASE_RULES_V1,1.0,2026-09-16,метаданные набора,,,,,,,,,Геометрия и описание набора; назначение полей приведено в data_guide.pdf.,[],CASE_RULES_V1,2026-09-16,5295,b361dee46b1ecae50a70562f7cf56455b6ab886829702cd27cd1b4bb8b2fb684
