latitude,longitude,bright_ti4,scan,track,acq_date,acq_time,satellite,instrument,confidence,version,bright_ti5,frp,daynight,type
37.91757,23.07494,296.11,0.48,0.4,2022-01-01,0038,N,VIIRS,n,2,284.36,1.11,N,2
39.35532,22.98687,298.13,0.46,0.39,2022-01-01,0038,N,VIIRS,n,2,280.02,1.27,N,2
38.1293,23.52622,297.14,0.38,0.36,2022-01-02,0019,N,VIIRS,n,2,283.3,0.39,N,2
37.91838,23.07353,301.25,0.38,0.36,2022-01-02,0019,N,VIIRS,n,2,286.23,1.04,N,2
38.03137,23.60731,295.02,0.38,0.36,2022-01-02,0019,N,VIIRS,n,2,284.24,0.65,N,0
38.03535,23.6038,296.2,0.38,0.36,2022-01-02,0019,N,VIIRS,n,2,284.87,0.57,N,0
39.25905,25.89058,344.85,0.74,0.76,2022-01-02,1001,N,VIIRS,n,2,283.33,14.13,D,0
37.39694,24.45135,335.43,0.51,0.41,2022-01-02,1140,N,VIIRS,n,2,289,3.6,D,0
37.39601,24.45039,328.95,0.51,0.41,2022-01-02,1140,N,VIIRS,n,2,289.95,4.69,D,0
40.55625,21.40961,326.26,0.42,0.38,2022-01-02,1141,N,VIIRS,n,2,288.02,2.23,D,0
41.10604,23.36292,338.62,0.5,0.41,2022-01-02,1141,N,VIIRS,n,2,294.14,17.44,D,0
41.11158,23.34352,336.14,0.5,0.41,2022-01-02,1141,N,VIIRS,n,2,291.48,14.54,D,0
38.56483,23.29496,295.55,0.5,0.41,2022-01-03,0000,N,VIIRS,n,2,281.84,0.95,N,2
35.23008,25.13366,326.09,0.38,0.36,2022-01-03,1121,N,VIIRS,n,2,291.11,1.92,D,0
36.80048,25.86531,329.77,0.39,0.37,2022-01-03,1121,N,VIIRS,n,2,291.13,2.2,D,0
35.15386,24.67822,325.62,0.38,0.36,2022-01-03,1121,N,VIIRS,n,2,292.38,1.92,D,0
37.36651,24.39945,329.57,0.38,0.36,2022-01-03,1121,N,VIIRS,n,2,292.48,2,D,3
41.10103,23.36271,331.75,0.38,0.36,2022-01-03,1122,N,VIIRS,n,2,288.29,3.59,D,0
40.60041,22.22347,329.13,0.39,0.36,2022-01-03,1122,N,VIIRS,n,2,290.14,4.09,D,0
41.04423,23.39021,329,0.38,0.36,2022-01-03,1122,N,VIIRS,n,2,288.15,4.69,D,0
39.62338,21.70339,336.76,0.4,0.37,2022-01-03,1122,N,VIIRS,n,2,290.25,1.5,D,0
39.63854,21.68612,341.92,0.4,0.37,2022-01-03,1122,N,VIIRS,n,2,292.24,6.91,D,0
41.10171,23.36726,330.15,0.38,0.36,2022-01-03,1122,N,VIIRS,n,2,288.56,2.84,D,0
38.56501,23.29541,302.63,0.58,0.52,2022-01-03,2341,N,VIIRS,n,2,282.32,2.01,N,2
38.45181,26.14546,299.01,0.41,0.45,2022-01-03,2341,N,VIIRS,n,2,283.13,0.55,N,0
38.56258,23.29511,297.27,0.56,0.69,2022-01-04,0121,N,VIIRS,n,2,280.53,1.68,N,2
38.56595,23.29797,296.14,0.56,0.69,2022-01-04,0121,N,VIIRS,n,2,280.71,1.2,N,2
38.0836,24.53658,337.59,0.45,0.63,2022-01-04,2322,N,VIIRS,n,2,278.98,3.51,N,0
38.08551,24.53583,335.25,0.45,0.63,2022-01-04,2322,N,VIIRS,n,2,279.83,3.88,N,0
39.35598,22.98359,297.51,0.6,0.53,2022-01-05,0102,N,VIIRS,n,2,281.37,1,N,2
38.08361,24.53861,297.41,0.39,0.59,2022-01-05,0103,N,VIIRS,n,2,278.24,1.25,N,0
38.08239,24.54324,323.66,0.39,0.59,2022-01-05,0103,N,VIIRS,n,2,279.01,1.25,N,0
38.03936,23.51265,296.04,0.34,0.56,2022-01-05,0103,N,VIIRS,n,2,284.39,0.82,N,0
38.03833,23.51656,296.6,0.34,0.56,2022-01-05,0103,N,VIIRS,n,2,284.07,0.82,N,0
37.9192,23.07184,295.48,0.33,0.55,2022-01-05,0103,N,VIIRS,n,2,285.13,0.51,N,2
37.91825,23.07554,295.88,0.33,0.55,2022-01-05,0103,N,VIIRS,n,2,285.06,0.51,N,2
38.37581,24.06348,300.38,0.36,0.57,2022-01-05,0103,N,VIIRS,n,2,283.94,0.55,N,2
38.56498,23.29387,304,0.32,0.55,2022-01-05,0103,N,VIIRS,n,2,281.94,0.83,N,2
38.08365,24.54418,320.94,0.39,0.59,2022-01-05,0103,N,VIIRS,n,2,279.01,1.18,N,0
38.08488,24.53965,300.45,0.39,0.59,2022-01-05,0103,N,VIIRS,n,2,279.07,1.18,N,0
40.05996,22.2012,328.29,0.52,0.67,2022-01-05,1225,N,VIIRS,n,2,290.44,2.9,D,0
39.35397,22.98186,295.07,0.53,0.42,2022-01-06,0044,N,VIIRS,n,2,284.63,0.86,N,0
38.37439,24.06233,299.49,0.41,0.45,2022-01-06,0044,N,VIIRS,n,2,284.8,0.52,N,2
38.03822,23.51457,300.04,0.39,0.44,2022-01-06,0044,N,VIIRS,n,2,284.19,1.63,N,0
38.33374,21.8456,299.63,0.49,0.4,2022-01-06,0044,N,VIIRS,n,2,284.16,0.86,N,0
37.86152,22.47023,329.04,0.53,0.42,2022-01-06,0044,N,VIIRS,n,2,280.39,2.98,N,0
37.85282,22.47334,314.07,0.53,0.42,2022-01-06,0044,N,VIIRS,n,2,280.34,1.94,N,0
37.84885,22.45331,353.65,0.53,0.42,2022-01-06,0044,N,VIIRS,n,2,289.2,35.7,N,0
37.84511,22.45193,312.25,0.53,0.42,2022-01-06,0044,N,VIIRS,n,2,276.7,1.7,N,0
35.21639,24.61794,327.34,0.35,0.57,2022-01-06,1205,N,VIIRS,n,2,286.47,2.08,D,0
38.28111,23.44702,347.89,0.33,0.55,2022-01-06,1206,N,VIIRS,n,2,289.12,3.53,D,0
39.27445,25.89514,326.76,0.45,0.63,2022-01-06,1206,N,VIIRS,n,2,288.22,1.81,D,0
36.36855,28.21043,330.06,0.48,0.4,2022-01-10,1049,N,VIIRS,n,2,285.04,4.25,D,0
34.99284,25.5117,328.35,0.52,0.5,2022-01-12,1152,N,VIIRS,n,2,284.06,6.86,D,0
40.70755,22.81326,295.99,0.43,0.38,2022-01-13,0012,N,VIIRS,n,2,271.1,0.52,N,2
40.70408,22.81246,298.35,0.43,0.38,2022-01-13,0012,N,VIIRS,n,2,270.51,0.52,N,0
38.56497,23.29294,296.07,0.36,0.57,2022-01-14,2335,N,VIIRS,n,2,279.47,0.74,N,2
37.88417,21.17938,329.38,0.54,0.51,2022-01-15,1056,N,VIIRS,n,2,285.54,3.2,D,0
39.98881,25.2004,330.12,0.53,0.5,2022-01-16,1038,N,VIIRS,n,2,281.49,3.39,D,0
39.95298,25.07131,336.79,0.54,0.51,2022-01-16,1038,N,VIIRS,n,2,281.56,4.18,D,0
38.56539,23.29306,315.88,0.48,0.4,2022-01-17,0037,N,VIIRS,n,2,282.37,1.97,N,2
39.35274,22.98759,302.96,0.45,0.39,2022-01-17,0037,N,VIIRS,n,2,277.61,1.19,N,2
37.66523,24.36378,338.76,0.58,0.7,2022-01-17,1019,N,VIIRS,n,2,282,6.88,D,0
37.66727,24.37049,340.42,0.58,0.7,2022-01-17,1019,N,VIIRS,n,2,281.62,6.88,D,0
35.09734,25.89771,341.84,0.34,0.56,2022-01-17,1158,N,VIIRS,n,2,290.25,3.98,D,0
41.09023,23.36296,335.65,0.56,0.52,2022-01-17,1200,N,VIIRS,n,2,283.77,5.68,D,0
39.35378,22.98672,304.67,0.39,0.36,2022-01-18,0018,N,VIIRS,n,2,277.66,0.5,N,2
38.56721,23.29607,308.28,0.38,0.36,2022-01-18,0019,N,VIIRS,n,2,279.16,1.97,N,3
38.03493,23.59133,295.72,0.38,0.36,2022-01-18,0019,N,VIIRS,n,2,280.43,0.71,N,0
37.91883,23.07486,295.27,0.38,0.36,2022-01-18,0019,N,VIIRS,n,2,282.48,1.11,N,2
38.51896,23.01233,331.23,0.45,0.39,2022-01-18,1140,N,VIIRS,n,2,287.66,2.82,D,0
41.14985,23.31814,334.72,0.5,0.41,2022-01-18,1141,N,VIIRS,n,2,285.02,7.43,D,0
41.11608,23.28824,328.9,0.5,0.41,2022-01-18,1141,N,VIIRS,n,2,284.19,2.72,D,0
41.11862,23.31196,341.38,0.5,0.41,2022-01-18,1141,N,VIIRS,n,2,284.47,5.32,D,0
41.12209,23.3121,331.93,0.5,0.41,2022-01-18,1141,N,VIIRS,n,2,284.21,4.14,D,0
41.1157,23.28912,328.12,0.49,0.41,2022-01-18,1141,N,VIIRS,n,2,283.91,1.92,D,0
41.11835,23.31281,333.88,0.5,0.41,2022-01-18,1141,N,VIIRS,n,2,283.76,3.24,D,0
41.11615,23.36178,328.85,0.5,0.41,2022-01-18,1141,N,VIIRS,n,2,283.88,2.23,D,0
41.10338,23.31565,333.24,0.5,0.41,2022-01-18,1141,N,VIIRS,n,2,284.3,3.02,D,0
41.0749,23.36959,329.91,0.5,0.41,2022-01-18,1141,N,VIIRS,n,2,284.53,4.67,D,0
40.68489,22.75917,328.61,0.47,0.4,2022-01-18,1141,N,VIIRS,n,2,282.4,2.11,D,0
40.50269,21.32337,327.39,0.42,0.38,2022-01-18,1141,N,VIIRS,n,2,281.95,0.97,D,0
40.6305,22.80046,325.47,0.47,0.4,2022-01-18,1141,N,VIIRS,n,2,282.85,3.42,D,0
40.62621,22.79563,328.13,0.47,0.4,2022-01-18,1141,N,VIIRS,n,2,283.8,4.51,D,0
40.62686,22.80117,328.24,0.47,0.4,2022-01-18,1141,N,VIIRS,n,2,283.58,3.42,D,0
40.57016,22.76138,333.81,0.47,0.39,2022-01-18,1141,N,VIIRS,n,2,281.93,5.02,D,0
38.37275,24.06314,295.13,0.47,0.4,2022-01-19,0000,N,VIIRS,n,2,277.34,0.98,N,2
38.03814,23.50866,302,0.49,0.4,2022-01-19,0000,N,VIIRS,n,2,279.68,1.23,N,0
38.37358,24.06165,298.35,0.47,0.4,2022-01-19,0000,N,VIIRS,n,2,277.82,0.78,N,2
39.19815,22.78529,330.48,0.39,0.36,2022-01-19,1121,N,VIIRS,n,2,286.37,2.58,D,0
41.04272,23.34397,337.2,0.38,0.36,2022-01-19,1122,N,VIIRS,n,2,285.33,5.09,D,0
41.04503,23.40471,340.8,0.38,0.36,2022-01-19,1122,N,VIIRS,n,2,283.54,4.25,D,0
41.04174,23.40557,335.71,0.38,0.36,2022-01-19,1122,N,VIIRS,n,2,282.73,4.3,D,0
40.79145,22.25276,328.16,0.39,0.36,2022-01-19,1122,N,VIIRS,n,2,284.36,2.11,D,0
41.00615,24.10921,328.36,0.39,0.36,2022-01-19,1122,N,VIIRS,n,2,284.3,2.07,D,0
40.72558,23.0486,331.74,0.38,0.36,2022-01-19,1122,N,VIIRS,n,2,285.34,3.93,D,0
41.07177,23.35521,326.86,0.38,0.36,2022-01-19,1122,N,VIIRS,n,2,283.35,1.77,D,0
39.79433,20.59598,336.94,0.42,0.38,2022-01-19,1122,N,VIIRS,n,2,285.1,3.14,D,0
41.07506,23.35434,328.15,0.38,0.36,2022-01-19,1122,N,VIIRS,n,2,282.6,1.77,D,0
41.07438,23.3498,326.3,0.38,0.36,2022-01-19,1122,N,VIIRS,n,2,283.43,3.44,D,0
41.09324,23.36533,333.54,0.38,0.36,2022-01-19,1122,N,VIIRS,n,2,283,1.92,D,0
41.07369,23.34526,332.22,0.38,0.36,2022-01-19,1122,N,VIIRS,n,2,283.63,3.44,D,0
39.3532,22.98444,297.91,0.51,0.66,2022-01-20,0121,N,VIIRS,n,2,276.69,1.43,N,2
38.03905,23.5131,300.18,0.59,0.7,2022-01-20,0121,N,VIIRS,n,2,278.21,2.86,N,0
39.35371,22.98476,297.95,0.51,0.66,2022-01-20,0121,N,VIIRS,n,2,275.93,1.11,N,2
39.08437,22.23138,329.84,0.57,0.43,2022-01-20,1103,N,VIIRS,n,2,288.99,4.15,D,0
41.07978,23.37862,329.32,0.47,0.4,2022-01-20,1103,N,VIIRS,n,2,280.54,2.86,D,0
41.07436,23.35099,326.19,0.47,0.4,2022-01-20,1103,N,VIIRS,n,2,283.56,2.26,D,0
38.00961,23.8379,299.91,0.35,0.57,2022-01-21,0102,N,VIIRS,n,2,276.61,0.53,N,0
37.91824,23.07323,297.75,0.32,0.55,2022-01-21,0102,N,VIIRS,n,2,281.55,0.73,N,2
38.03847,23.51413,306.92,0.34,0.56,2022-01-21,0102,N,VIIRS,n,2,281.39,1.38,N,0
37.00808,25.55894,325.51,0.5,0.49,2022-01-21,1043,N,VIIRS,n,2,286.56,2.9,D,0
40.65581,22.69674,330.65,0.57,0.52,2022-01-21,1044,N,VIIRS,n,2,280.09,4.97,D,0
40.5838,22.82518,348.27,0.48,0.65,2022-01-22,1025,N,VIIRS,n,2,279.67,5.75,D,0
40.50782,22.58946,325.4,0.5,0.65,2022-01-22,1025,N,VIIRS,n,2,278.05,2.44,D,0
40.58542,22.82101,334.38,0.48,0.65,2022-01-22,1026,N,VIIRS,n,2,278.15,3.84,D,0
40.94882,25.33648,330.27,0.43,0.62,2022-01-22,1206,N,VIIRS,n,2,278.49,2.39,D,0
38.03623,23.51246,295.17,0.4,0.37,2022-01-23,0025,N,VIIRS,n,2,280.21,1.16,N,3
39.16828,22.83892,305.6,0.39,0.36,2022-01-23,0025,N,VIIRS,n,2,271.73,0.73,N,2
38.12944,23.52587,297.36,0.4,0.37,2022-01-23,0025,N,VIIRS,n,2,272.83,0.7,N,2
39.35522,22.98705,295.85,0.39,0.36,2022-01-23,0025,N,VIIRS,n,2,273.75,0.64,N,2
40.5818,22.7728,331.79,0.54,0.42,2022-01-23,1147,N,VIIRS,n,2,282.48,10.69,D,0
41.09756,23.36828,327.24,0.39,0.44,2022-01-23,1147,N,VIIRS,n,2,279.32,1.66,D,0
41.0829,23.38689,327.49,0.39,0.44,2022-01-23,1147,N,VIIRS,n,2,280.45,1.33,D,0
41.07748,23.37355,340.97,0.39,0.44,2022-01-23,1147,N,VIIRS,n,2,281.05,5.12,D,0
41.07207,23.36021,338.41,0.39,0.44,2022-01-23,1147,N,VIIRS,n,2,280.46,3.71,D,0
41.03252,23.41895,333.46,0.39,0.44,2022-01-23,1147,N,VIIRS,n,2,280.02,1.98,D,0
38.12809,23.52477,295.94,0.43,0.38,2022-01-24,0006,N,VIIRS,n,2,272.38,0.68,N,2
40.76391,22.27638,329.16,0.39,0.36,2022-01-24,1128,N,VIIRS,n,2,276.39,4.42,D,0
41.0765,23.57916,330.01,0.4,0.37,2022-01-24,1128,N,VIIRS,n,2,278.4,2.13,D,0
37.60695,21.52032,328.67,0.56,0.43,2022-01-25,1108,N,VIIRS,n,2,285.13,3.8,D,0
37.86469,20.65563,333.02,0.4,0.44,2022-01-25,1108,N,VIIRS,n,2,280.87,2.47,D,0
40.58752,22.74716,331.06,0.45,0.39,2022-01-25,1109,N,VIIRS,n,2,279.18,4.29,D,0
40.62871,22.65953,344.64,0.45,0.39,2022-01-25,1109,N,VIIRS,n,2,279.71,6.44,D,0
41.07094,23.35082,327.8,0.42,0.38,2022-01-25,1109,N,VIIRS,n,2,278.01,1.23,D,0
41.10713,23.39176,327.77,0.42,0.38,2022-01-25,1109,N,VIIRS,n,2,278.6,5.76,D,0
40.5943,22.84363,338.7,0.44,0.39,2022-01-25,1109,N,VIIRS,n,2,278.91,5.62,D,0
38.03533,23.5081,301.92,0.42,0.61,2022-01-25,2328,N,VIIRS,n,2,276.29,1.74,N,3
39.16518,22.84595,295.34,0.35,0.57,2022-01-26,0108,N,VIIRS,n,2,267.41,0.87,N,0
40.63131,22.82081,338.7,0.47,0.48,2022-01-26,1050,N,VIIRS,n,2,283.26,4.4,D,0
41.08301,23.33974,333.79,0.43,0.46,2022-01-26,1050,N,VIIRS,n,2,279.97,3.45,D,0
41.05,23.45049,326.08,0.43,0.46,2022-01-26,1050,N,VIIRS,n,2,278.13,2.13,D,0
40.68034,22.73312,331.14,0.47,0.48,2022-01-26,1050,N,VIIRS,n,2,278.85,3.48,D,0
40.62199,22.69952,343.35,0.48,0.48,2022-01-26,1050,N,VIIRS,n,2,285.6,12.6,D,0
40.63556,22.81912,338.57,0.47,0.48,2022-01-26,1050,N,VIIRS,n,2,283.68,3.41,D,0
40.5668,22.64322,333.85,0.48,0.48,2022-01-26,1050,N,VIIRS,n,2,277.95,3.24,D,0
40.46975,23.32608,326.92,0.45,0.47,2022-01-26,1050,N,VIIRS,n,2,279.23,2.77,D,0
40.92604,22.08529,335.78,0.62,0.71,2022-01-26,1231,N,VIIRS,n,2,276.25,4.92,D,0
40.92373,22.0872,326.88,0.62,0.71,2022-01-26,1231,N,VIIRS,n,2,275.24,5.81,D,0
39.35426,22.98306,299.09,0.41,0.45,2022-01-27,0049,N,VIIRS,n,2,276.24,0.72,N,2
39.38865,22.80629,295.56,0.4,0.44,2022-01-27,0049,N,VIIRS,n,2,268.73,0.68,N,0
36.99429,22.46115,336.75,0.43,0.46,2022-01-27,0050,N,VIIRS,n,2,271.58,5.18,N,0
38.50638,21.16395,326.19,0.56,0.68,2022-01-27,1031,N,VIIRS,n,2,283.31,3.91,D,0
39.28931,20.5363,350.37,0.56,0.51,2022-01-27,1212,N,VIIRS,n,2,288.97,28.01,D,0
39.24405,20.50869,349.47,0.56,0.51,2022-01-27,1212,N,VIIRS,n,2,287.23,8.41,D,0
39.24403,20.51013,343.17,0.56,0.51,2022-01-27,1212,N,VIIRS,n,2,287.63,8.5,D,0
38.03559,23.51266,296.21,0.43,0.38,2022-01-28,0031,N,VIIRS,n,2,279.14,1.3,N,3
39.35439,22.98725,296.41,0.41,0.37,2022-01-28,0031,N,VIIRS,n,2,273.13,0.87,N,2
38.03905,23.51365,300.24,0.43,0.38,2022-01-28,0031,N,VIIRS,n,2,280.05,1.15,N,0
37.79136,21.29017,332.05,0.51,0.41,2022-01-28,1152,N,VIIRS,n,2,282.24,5.55,D,0
40.60839,22.75834,339.27,0.43,0.46,2022-01-28,1153,N,VIIRS,n,2,286.14,4.61,D,0
39.81853,25.17777,339.55,0.56,0.51,2022-01-28,1153,N,VIIRS,n,2,288.13,9.73,D,0
39.81886,25.18298,335.99,0.56,0.51,2022-01-28,1153,N,VIIRS,n,2,285.16,8.71,D,0
39.1296,20.94173,330.46,0.51,0.41,2022-01-28,1153,N,VIIRS,n,2,285.15,3.82,D,0
41.13613,23.29007,328.6,0.46,0.47,2022-01-28,1153,N,VIIRS,n,2,286.08,2.36,D,0
41.13617,23.28776,327.83,0.46,0.47,2022-01-28,1153,N,VIIRS,n,2,286.29,3.28,D,0
39.81841,25.17654,337.46,0.56,0.51,2022-01-28,1153,N,VIIRS,n,2,286.52,8.71,D,0
38.37485,24.06204,298.88,0.39,0.36,2022-01-29,0012,N,VIIRS,n,2,276.79,0.88,N,2
38.03865,23.51225,295.67,0.4,0.37,2022-01-29,0012,N,VIIRS,n,2,267.94,0.99,N,0
41.11281,23.36841,343.81,0.44,0.38,2022-01-29,1134,N,VIIRS,n,2,279.01,5.66,D,0
41.08855,22.23937,329.18,0.41,0.37,2022-01-29,1134,N,VIIRS,n,2,284.44,1.4,D,0
40.91014,23.79869,326.06,0.45,0.39,2022-01-29,1134,N,VIIRS,n,2,276.7,1.33,D,0
40.28318,23.44553,302.64,0.42,0.45,2022-01-29,2353,N,VIIRS,n,2,274.17,0.97,N,2
41.08723,23.37166,328.74,0.39,0.36,2022-01-30,1115,N,VIIRS,n,2,285.64,2.22,D,0
40.65178,22.77333,341.33,0.4,0.37,2022-01-30,1115,N,VIIRS,n,2,288.1,8.9,D,0
40.65513,22.77233,343.74,0.4,0.37,2022-01-30,1115,N,VIIRS,n,2,288.81,20.78,D,0
39.19374,20.91585,328.77,0.48,0.4,2022-01-30,1115,N,VIIRS,n,2,288.61,2.58,D,0
39.64047,22.28573,328.72,0.42,0.38,2022-01-30,1115,N,VIIRS,n,2,288.15,1.92,D,0
40.58185,22.65472,330.4,0.41,0.37,2022-01-30,1115,N,VIIRS,n,2,285.73,3.11,D,0
41.00518,22.08475,325.98,0.42,0.37,2022-01-30,1115,N,VIIRS,n,2,286.93,2.28,D,0
41.13504,23.27224,328.58,0.39,0.36,2022-01-30,1115,N,VIIRS,n,2,284.32,2.45,D,0
40.65395,22.66319,341.88,0.41,0.37,2022-01-30,1115,N,VIIRS,n,2,285.41,3.63,D,0
40.5674,21.64038,340.64,0.43,0.38,2022-01-30,1115,N,VIIRS,n,2,285.9,6.1,D,0
40.66452,21.72926,330.81,0.43,0.38,2022-01-30,1115,N,VIIRS,n,2,285.59,1.89,D,0
41.03989,23.39981,334.76,0.39,0.36,2022-01-30,1115,N,VIIRS,n,2,282.15,4.28,D,0
41.08112,23.39761,329.64,0.39,0.36,2022-01-30,1115,N,VIIRS,n,2,286.01,2.02,D,0
39.3552,22.98513,303.93,0.42,0.61,2022-01-31,0114,N,VIIRS,n,2,278.12,1.39,N,2
39.16994,22.84301,296.7,0.42,0.61,2022-01-31,0114,N,VIIRS,n,2,274.35,0.98,N,2
41.03451,24.20179,329.01,0.51,0.41,2022-01-31,1056,N,VIIRS,n,2,287.78,1.96,D,0
40.93567,23.72131,326.6,0.54,0.42,2022-01-31,1056,N,VIIRS,n,2,285.32,7.72,D,0
40.68685,22.67725,337.87,0.4,0.44,2022-01-31,1056,N,VIIRS,n,2,282.78,2.88,D,0
40.68788,22.67886,337.75,0.4,0.44,2022-01-31,1056,N,VIIRS,n,2,283.24,3.13,D,0
40.6829,22.67569,331.05,0.4,0.44,2022-01-31,1056,N,VIIRS,n,2,283.79,1.73,D,0
40.65903,22.68462,341.32,0.4,0.44,2022-01-31,1056,N,VIIRS,n,2,285.96,4.68,D,0
40.65308,22.69687,348.47,0.4,0.44,2022-01-31,1056,N,VIIRS,n,2,287.44,4.67,D,0
40.63394,22.62846,340.89,0.4,0.45,2022-01-31,1056,N,VIIRS,n,2,285.11,4.07,D,0
40.65212,22.71226,342.84,0.4,0.44,2022-01-31,1056,N,VIIRS,n,2,285.38,5.98,D,0
40.62994,22.62995,332.64,0.4,0.45,2022-01-31,1056,N,VIIRS,n,2,284.6,4.28,D,0
40.62595,22.63144,332.39,0.4,0.45,2022-01-31,1056,N,VIIRS,n,2,285.77,4.28,D,0
40.6189,22.61888,330.23,0.41,0.45,2022-01-31,1056,N,VIIRS,n,2,283.91,2.54,D,0
40.59545,22.7283,343.13,0.4,0.44,2022-01-31,1056,N,VIIRS,n,2,285.68,8.3,D,0
40.60061,22.77135,332.68,0.4,0.44,2022-01-31,1056,N,VIIRS,n,2,282.39,2.84,D,0
40.58546,22.722,326.64,0.4,0.44,2022-01-31,1056,N,VIIRS,n,2,283.51,1.7,D,0
40.58648,22.72663,326.72,0.4,0.44,2022-01-31,1056,N,VIIRS,n,2,284.74,2.94,D,0
40.58733,22.72481,326.03,0.4,0.44,2022-01-31,1056,N,VIIRS,n,2,283.7,2.79,D,0
40.58634,22.74021,339.05,0.4,0.44,2022-01-31,1056,N,VIIRS,n,2,285.34,2.37,D,0
40.52848,22.69142,339.13,0.4,0.45,2022-01-31,1056,N,VIIRS,n,2,285.06,3.5,D,3
41.10054,25.54415,329.72,0.45,0.39,2022-01-31,1056,N,VIIRS,n,2,289.48,2.86,D,0
40.05305,22.10622,336.9,0.44,0.46,2022-01-31,1056,N,VIIRS,n,2,290.26,4.69,D,0
41.07687,23.32,325.39,0.55,0.43,2022-01-31,1057,N,VIIRS,n,2,288.44,3.84,D,0
41.0807,23.3186,326,0.55,0.43,2022-01-31,1057,N,VIIRS,n,2,287.99,3.65,D,0
41.53724,26.22142,327.63,0.43,0.38,2022-01-31,1057,N,VIIRS,n,2,286.74,2.4,D,0
41.0692,23.3228,329.95,0.55,0.43,2022-01-31,1057,N,VIIRS,n,2,287.97,15.21,D,0
41.12039,23.31106,329.24,0.55,0.43,2022-01-31,1057,N,VIIRS,n,2,288.26,3.25,D,0
41.07167,23.31496,329.35,0.55,0.43,2022-01-31,1057,N,VIIRS,n,2,288.36,3.84,D,0
40.69014,22.6793,337.18,0.79,0.78,2022-01-31,1237,N,VIIRS,n,2,286.72,8.2,D,0
40.63869,22.62888,336.64,0.79,0.78,2022-01-31,1237,N,VIIRS,n,2,287.36,5.61,D,0
40.63856,22.63103,345.85,0.79,0.78,2022-01-31,1237,N,VIIRS,n,2,287.65,9.05,D,0
40.65327,22.67848,338.01,0.79,0.78,2022-01-31,1237,N,VIIRS,n,2,286.53,8.12,D,0
40.35463,22.5766,335.6,0.45,0.39,2022-02-03,1140,N,VIIRS,n,2,286.55,3.32,D,0
40.68153,22.73704,334.06,0.39,0.36,2022-02-04,1121,N,VIIRS,n,2,290.47,7.43,D,0
37.51094,22.50727,337.13,0.4,0.37,2022-02-04,1121,N,VIIRS,n,2,286.56,4.11,D,0
39.22109,23.19713,328.64,0.39,0.36,2022-02-04,1121,N,VIIRS,n,2,283.61,1.99,D,0
40.69991,22.882,295.31,0.33,0.55,2022-02-04,2340,N,VIIRS,n,2,270.91,0.54,N,0
40.66475,22.86472,299.75,0.33,0.55,2022-02-04,2340,N,VIIRS,n,2,268.57,0.3,N,0
39.35474,22.98659,297.64,0.51,0.66,2022-02-05,0120,N,VIIRS,n,2,275.78,1.14,N,2
41.0861,23.39889,328.87,0.47,0.4,2022-02-05,1103,N,VIIRS,n,2,286.69,2.38,D,0
40.65305,22.73201,329.28,0.51,0.41,2022-02-05,1103,N,VIIRS,n,2,286.27,3.7,D,0
38.48605,26.1065,336.34,0.43,0.46,2022-02-06,1043,N,VIIRS,n,2,287.44,3.35,D,0
40.61779,22.71986,336.79,0.57,0.52,2022-02-06,1044,N,VIIRS,n,2,288.04,7,D,0
40.57793,22.765,327.42,0.57,0.52,2022-02-06,1044,N,VIIRS,n,2,288.61,4.05,D,0
40.68516,22.72563,325.52,0.57,0.52,2022-02-06,1044,N,VIIRS,n,2,288.54,3.08,D,0
41.00643,25.31631,340.69,0.42,0.45,2022-02-06,1044,N,VIIRS,n,2,286.07,4.25,D,0
40.84751,26.13217,337.62,0.39,0.44,2022-02-06,1044,N,VIIRS,n,2,287.12,8,D,0
40.6123,22.6568,334.59,0.57,0.52,2022-02-06,1044,N,VIIRS,n,2,287.08,4.71,D,0
40.59247,22.67978,338.02,0.57,0.52,2022-02-06,1044,N,VIIRS,n,2,290.16,7.14,D,0
40.69164,22.63368,339.49,0.54,0.68,2022-02-06,1225,N,VIIRS,n,2,289.98,8.56,D,0
39.38681,22.81007,295.88,0.51,0.41,2022-02-07,0043,N,VIIRS,n,2,275.31,1.74,N,2
37.1994,24.48414,327.89,0.36,0.57,2022-02-07,1205,N,VIIRS,n,2,285.82,2.67,D,0
37.91809,23.07531,296.65,0.39,0.36,2022-02-08,0025,N,VIIRS,n,2,284.46,0.66,N,2
36.57423,23.0197,332.51,0.38,0.36,2022-02-09,1127,N,VIIRS,n,2,287.91,2.41,D,0
37.01202,21.95765,326.8,0.39,0.36,2022-02-09,1127,N,VIIRS,n,2,288.56,1.69,D,0
40.58418,22.75575,334.34,0.39,0.36,2022-02-09,1128,N,VIIRS,n,2,290.09,4.59,D,0
40.7114,22.62615,329.7,0.39,0.36,2022-02-09,1128,N,VIIRS,n,2,287.41,3.86,D,0
40.58749,22.75493,352.06,0.39,0.36,2022-02-09,1128,N,VIIRS,n,2,290.77,4.59,D,0
40.57297,22.72543,332.56,0.39,0.36,2022-02-09,1128,N,VIIRS,n,2,288.59,6.42,D,0
40.71206,22.63072,330.78,0.39,0.36,2022-02-09,1128,N,VIIRS,n,2,287.78,3.86,D,0
40.70611,22.63694,330.36,0.39,0.36,2022-02-09,1128,N,VIIRS,n,2,289.64,26.01,D,0
40.70677,22.64151,345.01,0.39,0.36,2022-02-09,1128,N,VIIRS,n,2,290.2,26.01,D,0
40.70874,22.65522,333.37,0.39,0.36,2022-02-09,1128,N,VIIRS,n,2,289.99,2.65,D,0
40.50828,22.60237,341.83,0.39,0.36,2022-02-09,1128,N,VIIRS,n,2,289.44,3.48,D,0
40.50761,22.59782,332.62,0.39,0.36,2022-02-09,1128,N,VIIRS,n,2,287.89,3.48,D,0
40.70544,22.65604,333,0.39,0.36,2022-02-09,1128,N,VIIRS,n,2,290.54,2.65,D,0
40.6922,22.65934,332.52,0.39,0.36,2022-02-09,1128,N,VIIRS,n,2,296.25,15.02,D,0
40.68888,22.66017,335.09,0.39,0.36,2022-02-09,1128,N,VIIRS,n,2,289.02,3.62,D,0
40.66179,22.59128,338.47,0.39,0.36,2022-02-09,1128,N,VIIRS,n,2,289.47,9.88,D,0
40.65849,22.5921,339.56,0.39,0.36,2022-02-09,1128,N,VIIRS,n,2,301.87,26.89,D,0
40.6532,22.57926,326.15,0.39,0.36,2022-02-09,1128,N,VIIRS,n,2,290.19,1.73,D,0
40.65319,22.60287,332.81,0.39,0.36,2022-02-09,1128,N,VIIRS,n,2,290.11,4.07,D,0
40.65977,22.6485,329.94,0.39,0.36,2022-02-09,1128,N,VIIRS,n,2,290.91,5.03,D,0
40.64922,22.59915,329.35,0.39,0.36,2022-02-09,1128,N,VIIRS,n,2,291.82,1.9,D,0
40.64782,22.60286,326.17,0.39,0.36,2022-02-09,1128,N,VIIRS,n,2,289.95,1.93,D,0
40.64848,22.60741,332.28,0.39,0.36,2022-02-09,1128,N,VIIRS,n,2,291.6,1.93,D,0
40.64981,22.61653,332.04,0.39,0.36,2022-02-09,1128,N,VIIRS,n,2,289.83,5.3,D,0
40.65047,22.62109,330.4,0.39,0.36,2022-02-09,1128,N,VIIRS,n,2,290.32,3.38,D,0
40.6465,22.61735,348.08,0.39,0.36,2022-02-09,1128,N,VIIRS,n,2,291.23,5.3,D,0
40.64717,22.62191,330.28,0.39,0.36,2022-02-09,1128,N,VIIRS,n,2,291.19,3.38,D,0
40.64253,22.61362,334.41,0.39,0.36,2022-02-09,1128,N,VIIRS,n,2,292.53,6.9,D,0
40.5834,22.82224,337.66,0.39,0.36,2022-02-09,1128,N,VIIRS,n,2,290.83,5.92,D,0
40.56965,22.72625,332.24,0.39,0.36,2022-02-09,1128,N,VIIRS,n,2,291.73,6.07,D,0
40.58672,22.82142,344.17,0.39,0.36,2022-02-09,1128,N,VIIRS,n,2,290.55,5.9,D,0
40.58475,22.80769,325.89,0.39,0.36,2022-02-09,1128,N,VIIRS,n,2,287.04,2.18,D,0
40.6432,22.61818,333.38,0.39,0.36,2022-02-09,1128,N,VIIRS,n,2,290.56,6.9,D,0
40.64452,22.6273,325.51,0.39,0.36,2022-02-09,1128,N,VIIRS,l,2,295.95,7.47,D,0
40.62996,22.62148,325.28,0.39,0.36,2022-02-09,1128,N,VIIRS,n,2,289.05,2.76,D,0
40.62731,22.65049,330.62,0.39,0.36,2022-02-09,1128,N,VIIRS,n,2,288.15,7.74,D,0
40.62797,22.65505,331.55,0.39,0.36,2022-02-09,1128,N,VIIRS,n,2,287.53,9.38,D,0
40.624,22.65131,334.15,0.39,0.36,2022-02-09,1128,N,VIIRS,n,2,296.88,7.74,D,0
40.61342,22.62561,337.5,0.39,0.36,2022-02-09,1128,N,VIIRS,n,2,291.13,9,D,0
40.61011,22.62643,332.65,0.39,0.36,2022-02-09,1128,N,VIIRS,n,2,292.48,9.3,D,0
40.60945,22.64549,334.78,0.39,0.36,2022-02-09,1128,N,VIIRS,n,2,286.39,4.57,D,0
40.60614,22.64631,330.21,0.39,0.36,2022-02-09,1128,N,VIIRS,n,2,285.89,2.58,D,0
40.60084,22.65709,344.46,0.39,0.36,2022-02-09,1128,N,VIIRS,n,2,285.44,4.53,D,0
40.59023,22.67862,325.49,0.39,0.36,2022-02-09,1128,N,VIIRS,n,2,284.69,1.37,D,0
40.59878,22.73794,329.97,0.39,0.36,2022-02-09,1128,N,VIIRS,n,2,288.84,1.89,D,0
40.58824,22.68856,342.7,0.39,0.36,2022-02-09,1128,N,VIIRS,n,2,289.92,4.19,D,0
40.57898,22.67197,331.87,0.39,0.36,2022-02-09,1128,N,VIIRS,n,2,287.52,3.56,D,0
39.35413,22.98446,297.77,0.6,0.71,2022-02-10,0127,N,VIIRS,n,2,278.81,1.51,N,2
38.4376,23.14286,335.95,0.46,0.39,2022-02-10,1108,N,VIIRS,n,2,289.55,3.66,D,0
40.73227,22.48368,334.02,0.45,0.39,2022-02-10,1109,N,VIIRS,n,2,295.52,3.44,D,0
40.54786,22.73235,329.02,0.45,0.39,2022-02-10,1109,N,VIIRS,n,2,289.67,3.43,D,0
40.52891,22.61079,334.96,0.45,0.39,2022-02-10,1109,N,VIIRS,n,2,287.49,3.49,D,0
40.59329,22.825,333.69,0.44,0.39,2022-02-10,1109,N,VIIRS,n,2,293.37,3.88,D,0
40.5985,22.77395,326.73,0.45,0.39,2022-02-10,1109,N,VIIRS,n,2,291.47,2.21,D,0
40.59557,22.75838,330.51,0.45,0.39,2022-02-10,1109,N,VIIRS,n,2,292.11,2.86,D,0
40.59459,22.75319,334.42,0.45,0.39,2022-02-10,1109,N,VIIRS,n,2,290.84,2.86,D,0
40.59809,22.75207,341.38,0.45,0.39,2022-02-10,1109,N,VIIRS,n,2,291.34,2.86,D,0
40.62152,22.63941,329.94,0.45,0.39,2022-02-10,1109,N,VIIRS,n,2,291.44,2.08,D,0
40.65598,22.74449,330.39,0.45,0.39,2022-02-10,1109,N,VIIRS,n,2,292.66,1.94,D,0
39.16721,22.84383,295.57,0.47,0.64,2022-02-10,2328,N,VIIRS,n,2,274.19,1.43,N,2
39.35435,22.9827,299.26,0.35,0.57,2022-02-11,0108,N,VIIRS,n,2,279.65,0.99,N,2
40.28642,23.44519,296.89,0.35,0.57,2022-02-11,0108,N,VIIRS,n,2,278.27,0.54,N,2
37.70797,26.7504,327.21,0.53,0.42,2022-02-11,1049,N,VIIRS,n,2,288.88,3.76,D,0
40.57353,22.63884,328.3,0.48,0.48,2022-02-11,1050,N,VIIRS,n,2,292.49,3.11,D,0
37.7546,21.55789,335.88,0.32,0.55,2022-02-11,1050,N,VIIRS,n,2,290.52,1.74,D,0
37.75541,21.55831,326.31,0.32,0.55,2022-02-11,1050,N,VIIRS,n,2,289.85,1.58,D,0
40.6586,22.66888,329.82,0.48,0.48,2022-02-11,1050,N,VIIRS,n,2,291.27,2,D,0
40.79465,22.29807,328.11,0.49,0.49,2022-02-11,1050,N,VIIRS,n,2,292.07,2.38,D,0
40.52958,22.57117,349.85,0.49,0.48,2022-02-11,1050,N,VIIRS,n,2,290.92,12.76,D,0
40.54123,22.56038,331.7,0.49,0.48,2022-02-11,1050,N,VIIRS,n,2,287.31,2.59,D,0
40.67908,22.62951,341.87,0.66,0.73,2022-02-11,1231,N,VIIRS,n,2,292.77,8.02,D,0
39.35549,22.98613,296.96,0.41,0.45,2022-02-12,0049,N,VIIRS,n,2,277.99,0.98,N,2
39.17023,22.84021,298.87,0.41,0.45,2022-02-12,0049,N,VIIRS,n,2,276.08,0.72,N,2
37.91783,23.07441,295.78,0.44,0.46,2022-02-12,0050,N,VIIRS,n,2,282.11,0.81,N,2
40.64417,22.68109,354.65,0.41,0.61,2022-02-12,1032,N,VIIRS,n,2,268.57,5.29,D,0
40.70103,22.71441,340.63,0.37,0.58,2022-02-12,1212,N,VIIRS,n,2,273.19,3.18,D,0
40.56998,22.74623,348.47,0.37,0.58,2022-02-12,1212,N,VIIRS,n,2,274.39,6.6,D,0
40.70037,22.71793,330.55,0.37,0.58,2022-02-12,1212,N,VIIRS,n,2,272.93,3.73,D,0
40.66768,22.75524,332.44,0.43,0.46,2022-02-13,1153,N,VIIRS,n,2,289.87,3.06,D,0
40.68458,22.75268,331.63,0.43,0.46,2022-02-13,1153,N,VIIRS,n,2,291.45,2.59,D,0
38.13019,23.52361,300.46,0.4,0.37,2022-02-14,0012,N,VIIRS,n,2,278.24,0.47,N,2
37.56691,21.55894,342.77,0.38,0.36,2022-02-14,1133,N,VIIRS,n,2,295.22,8.35,D,0
40.70182,22.85447,328.16,0.42,0.38,2022-02-14,1134,N,VIIRS,n,2,282.3,1.3,D,0
38.1284,23.5253,298.06,0.39,0.44,2022-02-14,2353,N,VIIRS,n,2,276.6,0.65,N,2
38.1287,23.52321,297.31,0.39,0.44,2022-02-14,2353,N,VIIRS,n,2,276.53,0.57,N,2
35.15116,25.93847,331.84,0.39,0.36,2022-02-15,1114,N,VIIRS,n,2,284.66,8.19,D,0
40.72588,22.55165,339.14,0.41,0.37,2022-02-15,1115,N,VIIRS,n,2,289.54,4.48,D,0
41.60505,26.31498,330.84,0.4,0.37,2022-02-15,1115,N,VIIRS,n,2,287.33,3.37,D,0
41.49413,26.57561,330.28,0.4,0.37,2022-02-15,1115,N,VIIRS,n,2,288.03,1.75,D,0
40.08345,23.79463,332.41,0.39,0.36,2022-02-15,1115,N,VIIRS,n,2,288.74,2.47,D,0
38.32714,23.5633,336.46,0.4,0.37,2022-02-15,1115,N,VIIRS,n,2,290.78,2.35,D,0
40.99628,24.17652,327.7,0.39,0.36,2022-02-15,1115,N,VIIRS,n,2,294.74,1.96,D,0
38.56746,23.29467,329.62,0.46,0.64,2022-02-16,0114,N,VIIRS,n,2,276.78,3.21,N,3
38.56388,23.29227,319.42,0.46,0.64,2022-02-16,0114,N,VIIRS,n,2,276.23,1.95,N,2
40.63608,22.44157,344.44,0.44,0.62,2022-02-17,1218,N,VIIRS,n,2,288.96,3.47,D,0
41.70585,26.26672,336.48,0.7,0.75,2022-02-17,1219,N,VIIRS,n,2,285.06,10.62,D,0
40.28493,23.44469,296.27,0.46,0.39,2022-02-18,0037,N,VIIRS,n,2,279.58,0.7,N,2
39.38564,22.80795,303.52,0.45,0.39,2022-02-18,0037,N,VIIRS,n,2,278.44,0.9,N,2
37.91913,23.07356,295.65,0.48,0.4,2022-02-18,0037,N,VIIRS,n,2,282.52,0.57,N,2
39.35619,22.9838,303.93,0.45,0.39,2022-02-18,0037,N,VIIRS,n,2,281.24,1.37,N,2
40.99325,24.85868,327.56,0.45,0.63,2022-02-18,1019,N,VIIRS,n,2,290.12,1.74,D,0
40.59873,22.80741,328.01,0.57,0.69,2022-02-18,1019,N,VIIRS,n,2,288.21,2.77,D,0
40.93562,23.74653,328.63,0.51,0.66,2022-02-18,1019,N,VIIRS,n,2,288.25,2.68,D,0
41.20124,23.3021,333.54,0.52,0.67,2022-02-18,1019,N,VIIRS,n,2,294.94,3.97,D,0
40.93882,23.62389,327.32,0.51,0.66,2022-02-18,1019,N,VIIRS,n,2,290.02,5.7,D,0
41.18497,23.3589,329.41,0.52,0.67,2022-02-18,1019,N,VIIRS,n,2,292.14,3.79,D,0
40.93812,23.62467,329.55,0.51,0.66,2022-02-18,1019,N,VIIRS,n,2,290.19,2.19,D,0
37.75581,21.61602,344,0.42,0.45,2022-02-18,1158,N,VIIRS,n,2,291.21,5.7,D,0
38.45612,21.36411,355.14,0.41,0.45,2022-02-18,1159,N,VIIRS,n,2,298.87,22.31,D,0
38.39027,21.84957,341.11,0.44,0.46,2022-02-18,1159,N,VIIRS,n,2,295.59,20.41,D,0
41.08071,24.14157,327.8,0.61,0.54,2022-02-18,1159,N,VIIRS,n,2,293.98,1.49,D,0
41.05937,25.34657,337.6,0.35,0.57,2022-02-18,1159,N,VIIRS,n,2,293.37,1.77,D,0
40.71085,22.62493,347.08,0.51,0.49,2022-02-18,1159,N,VIIRS,n,2,296.48,14.95,D,0
41.2487,23.32918,342.32,0.56,0.51,2022-02-18,1159,N,VIIRS,n,2,294.27,21.32,D,0
40.70628,22.62552,326.7,0.51,0.49,2022-02-18,1159,N,VIIRS,n,2,290.95,1.58,D,0
40.65731,22.58893,339.73,0.5,0.49,2022-02-18,1159,N,VIIRS,n,2,294.53,4.12,D,0
40.71881,22.55047,333.74,0.5,0.49,2022-02-18,1159,N,VIIRS,n,2,293.97,4.18,D,0
40.57519,22.66087,329.24,0.51,0.49,2022-02-18,1159,N,VIIRS,n,2,291.21,1.87,D,0
40.56652,22.79202,339.05,0.51,0.5,2022-02-18,1159,N,VIIRS,n,2,292.99,5.3,D,0
40.71902,22.55431,341.88,0.5,0.49,2022-02-18,1159,N,VIIRS,n,2,296.22,8.21,D,0
40.98451,24.68399,344.44,0.33,0.55,2022-02-18,1159,N,VIIRS,n,2,292.43,3.41,D,0
40.51444,22.58924,338.57,0.5,0.49,2022-02-18,1159,N,VIIRS,n,2,290.69,10.2,D,0
40.51488,22.59153,331.84,0.5,0.49,2022-02-18,1159,N,VIIRS,n,2,290.09,3.77,D,0
40.51032,22.59212,334.47,0.5,0.49,2022-02-18,1159,N,VIIRS,n,2,290.12,3.32,D,0
40.98185,24.68447,336.18,0.33,0.55,2022-02-18,1159,N,VIIRS,n,2,291.54,2.79,D,0
40.94331,23.63694,336.71,0.57,0.52,2022-02-18,1159,N,VIIRS,n,2,292.21,2.65,D,0
41.0857,24.14104,331.33,0.61,0.54,2022-02-18,1159,N,VIIRS,n,2,294.53,2.84,D,0
40.71929,22.5565,338.09,0.5,0.49,2022-02-18,1159,N,VIIRS,n,2,293.93,5.44,D,0
41.2248,23.33201,348.05,0.56,0.51,2022-02-18,1159,N,VIIRS,n,2,293.63,10.23,D,0
41.08725,23.34926,348.09,0.56,0.51,2022-02-18,1159,N,VIIRS,n,2,293.02,8.56,D,0
37.91719,23.07197,297.62,0.38,0.36,2022-02-19,0018,N,VIIRS,n,2,282.7,0.92,N,2
38.12833,23.52539,316.96,0.38,0.36,2022-02-19,0018,N,VIIRS,n,2,279.82,1.79,N,2
39.1664,22.84381,300.99,0.39,0.36,2022-02-19,0018,N,VIIRS,n,2,275.33,0.85,N,2
37.3386,24.38348,330.69,0.5,0.41,2022-02-19,1139,N,VIIRS,n,2,292.77,2.58,D,0
40.55139,22.6907,331.29,0.46,0.39,2022-02-19,1140,N,VIIRS,n,2,292.9,7,D,0
40.95644,23.82276,333.78,0.52,0.41,2022-02-19,1140,N,VIIRS,n,2,294.14,7.09,D,0
40.95262,23.82348,336.63,0.52,0.41,2022-02-19,1140,N,VIIRS,n,2,297.48,9,D,0
41.03573,24.74555,335.52,0.57,0.43,2022-02-19,1140,N,VIIRS,n,2,289.23,4.34,D,0
41.03174,24.74624,339.4,0.57,0.43,2022-02-19,1140,N,VIIRS,n,2,289.78,5.03,D,0
40.71695,22.55476,332.22,0.46,0.39,2022-02-19,1140,N,VIIRS,n,2,296.16,3.39,D,0
40.65611,22.63394,332.61,0.46,0.39,2022-02-19,1140,N,VIIRS,n,2,294.89,3.65,D,0
40.52074,21.57209,334.41,0.42,0.38,2022-02-19,1140,N,VIIRS,n,2,295.17,3.27,D,0
40.52137,21.57711,330.64,0.42,0.38,2022-02-19,1140,N,VIIRS,n,2,293.54,3.27,D,0
40.54702,22.55801,334.53,0.46,0.39,2022-02-19,1140,N,VIIRS,n,2,290.12,4.03,D,0
40.54343,22.55874,351.32,0.46,0.39,2022-02-19,1140,N,VIIRS,n,2,293.37,5.48,D,0
38.10125,21.42304,326.28,0.4,0.37,2022-02-19,1140,N,VIIRS,n,2,293.03,2.21,D,0
40.54406,22.56415,331.03,0.46,0.39,2022-02-19,1140,N,VIIRS,n,2,292.51,5.48,D,0
41.60408,26.3153,328.94,0.46,0.47,2022-02-19,1141,N,VIIRS,n,2,289.93,4.5,D,0
39.38786,22.80917,299.67,0.5,0.66,2022-02-21,0121,N,VIIRS,n,2,277.05,0.54,N,2
39.24902,25.9341,327.29,0.42,0.37,2022-02-21,1102,N,VIIRS,n,2,293.05,2.6,D,0
38.21554,22.14474,325.93,0.4,0.44,2022-02-21,1102,N,VIIRS,n,2,289.93,2.4,D,0
39.42497,21.95782,325.54,0.39,0.44,2022-02-21,1102,N,VIIRS,n,2,293.72,4.41,D,0
40.73233,22.49961,330.57,0.52,0.41,2022-02-21,1103,N,VIIRS,n,2,293.61,3.37,D,0
40.576,22.65958,345.75,0.52,0.41,2022-02-21,1103,N,VIIRS,n,2,292.7,7.95,D,0
39.35263,22.98346,295.09,0.59,0.53,2022-02-22,0102,N,VIIRS,n,2,282.99,1.17,N,2
38.52718,23.01011,340.03,0.62,0.54,2022-02-22,1043,N,VIIRS,n,2,294.56,7.97,D,0
38.52238,23.01204,340.74,0.62,0.54,2022-02-22,1043,N,VIIRS,n,2,296.97,7.97,D,0
40.70568,22.81307,299.12,0.38,0.36,2022-02-24,0024,N,VIIRS,n,2,277.22,0.44,N,2
37.9189,23.07112,298.34,0.39,0.36,2022-02-24,0025,N,VIIRS,n,2,284.73,1.22,N,2
40.54876,22.65155,333.51,0.53,0.42,2022-02-24,1147,N,VIIRS,n,2,290.21,3.09,D,0
40.59019,22.67015,335.82,0.53,0.42,2022-02-24,1147,N,VIIRS,n,2,291.41,3.75,D,0
40.59741,22.70132,330.54,0.54,0.42,2022-02-24,1147,N,VIIRS,n,2,290.35,2.15,D,0
40.70438,22.81603,295.68,0.48,0.4,2022-02-25,0005,N,VIIRS,n,2,275.26,0.61,N,2
38.12863,23.52268,301.53,0.43,0.38,2022-02-25,0006,N,VIIRS,n,2,278.81,1.25,N,2
39.16758,22.84526,304.95,0.47,0.39,2022-02-25,0006,N,VIIRS,n,2,274.79,1.63,N,2
38.45588,23.04655,327.62,0.39,0.36,2022-02-25,1127,N,VIIRS,n,2,297.31,0.82,D,0
39.25259,22.18747,337.56,0.38,0.36,2022-02-25,1127,N,VIIRS,n,2,292.21,2.54,D,0
38.50165,21.17293,345.74,0.39,0.36,2022-02-25,1127,N,VIIRS,n,2,294.05,6.92,D,0
38.45641,21.17099,339.99,0.39,0.36,2022-02-25,1127,N,VIIRS,n,2,292.92,4.29,D,0
38.52352,23.1876,338.58,0.39,0.36,2022-02-25,1127,N,VIIRS,n,2,292.8,2.88,D,0
38.52021,23.18842,347.42,0.39,0.36,2022-02-25,1127,N,VIIRS,n,2,296.21,5.89,D,0
37.8716,21.21019,343.41,0.39,0.36,2022-02-25,1127,N,VIIRS,n,2,293.29,7.17,D,0
40.41296,21.64989,356.67,0.38,0.36,2022-02-25,1128,N,VIIRS,l,2,295.37,5.06,D,0
40.42022,21.65266,341.1,0.38,0.36,2022-02-25,1128,N,VIIRS,n,2,292.18,8.8,D,0
40.86568,23.74792,343.62,0.4,0.37,2022-02-25,1128,N,VIIRS,n,2,295.89,7.83,D,0
40.51645,21.20339,335.15,0.39,0.36,2022-02-25,1128,N,VIIRS,n,2,292.42,2.15,D,0
40.51974,21.2025,331.22,0.39,0.36,2022-02-25,1128,N,VIIRS,n,2,291.55,2.15,D,0
40.49321,22.62244,337,0.39,0.36,2022-02-25,1128,N,VIIRS,n,2,290.85,3.39,D,0
40.29819,21.92122,336.15,0.38,0.36,2022-02-25,1128,N,VIIRS,n,2,292.75,1.89,D,0
39.98543,25.0644,325.7,0.43,0.38,2022-02-25,1128,N,VIIRS,n,2,287.19,2.91,D,0
39.34371,22.07436,335.68,0.38,0.36,2022-02-25,1128,N,VIIRS,n,2,291.86,2.08,D,0
40.40778,21.6606,337.44,0.38,0.36,2022-02-25,1128,N,VIIRS,n,2,290.29,2.82,D,0
40.40518,21.66595,340.31,0.38,0.36,2022-02-25,1128,N,VIIRS,n,2,287.14,2.82,D,0
40.40259,21.67131,336.09,0.38,0.36,2022-02-25,1128,N,VIIRS,n,2,288.11,1.99,D,0
40.5124,22.61295,348.35,0.39,0.36,2022-02-25,1128,N,VIIRS,n,2,289.88,6.12,D,0
40.41365,21.65438,342,0.38,0.36,2022-02-25,1128,N,VIIRS,n,2,293.1,5.06,D,0
40.40968,21.65075,340.64,0.38,0.36,2022-02-25,1128,N,VIIRS,n,2,293.53,5.06,D,0
38.13088,23.52447,298.13,0.47,0.48,2022-02-25,2347,N,VIIRS,n,2,277.44,0.94,N,2
37.41617,22.06558,301.64,0.55,0.51,2022-02-25,2347,N,VIIRS,n,2,274.78,1.72,N,0
35.08468,24.7466,327.95,0.45,0.39,2022-02-26,1107,N,VIIRS,n,2,290.35,1.51,D,0
35.00596,26.10012,335.09,0.41,0.37,2022-02-26,1107,N,VIIRS,n,2,289.43,2.59,D,0
38.59118,26.03363,330.66,0.39,0.36,2022-02-26,1108,N,VIIRS,n,2,285.11,2.91,D,0
38.37346,23.30392,326.42,0.46,0.39,2022-02-26,1108,N,VIIRS,n,2,294.6,2.15,D,0
40.55424,22.73725,330.5,0.45,0.39,2022-02-26,1109,N,VIIRS,n,2,282.71,2.18,D,0
40.86297,23.83154,336.86,0.41,0.37,2022-02-26,1109,N,VIIRS,n,2,289.03,4.46,D,0
41.03533,22.64401,348.95,0.44,0.39,2022-02-26,1109,N,VIIRS,n,2,295.05,11.15,D,0
38.68403,22.78511,331.37,0.47,0.4,2022-02-26,1109,N,VIIRS,n,2,286.45,3.73,D,0
40.94158,24.90688,332.61,0.39,0.36,2022-02-26,1109,N,VIIRS,n,2,287.53,4.94,D,0
41.10654,25.10606,341.34,0.5,0.41,2022-03-02,1134,N,VIIRS,n,2,288.9,10.51,D,0
39.16819,22.84108,299.47,0.43,0.46,2022-03-02,2353,N,VIIRS,n,2,272.6,0.9,N,2
41.10402,25.11273,326.02,0.47,0.39,2022-03-04,1057,N,VIIRS,n,2,285.28,1.53,D,0
37.19759,24.49197,345.77,0.59,0.53,2022-03-06,1158,N,VIIRS,n,2,289.48,9.27,D,0
37.19574,24.49316,346.91,0.59,0.53,2022-03-06,1158,N,VIIRS,n,2,289.74,10.39,D,0
37.91877,23.07147,296.79,0.38,0.36,2022-03-07,0018,N,VIIRS,n,2,283.45,0.77,N,2
38.12815,23.5268,301.59,0.49,0.4,2022-03-08,0000,N,VIIRS,n,2,280.19,1.18,N,2
40.92863,24.61947,334.98,0.45,0.47,2022-03-10,1044,N,VIIRS,n,2,283.28,2.36,D,0
35.29689,23.57666,334.97,0.62,0.71,2022-03-11,1024,N,VIIRS,n,2,282.09,4.44,D,0
41.64207,26.38452,331.16,0.6,0.53,2022-03-11,1025,N,VIIRS,n,2,280.78,4.31,D,0
39.94415,25.09636,335.89,0.39,0.59,2022-03-11,1025,N,VIIRS,n,2,278.99,2.23,D,0
39.97396,25.04866,337.09,0.46,0.47,2022-03-12,1146,N,VIIRS,n,2,284.77,6.43,D,3
39.97437,25.05352,345.07,0.46,0.47,2022-03-12,1146,N,VIIRS,n,2,287.62,6.43,D,0
41.072,22.71323,345.18,0.54,0.42,2022-03-12,1147,N,VIIRS,n,2,285.57,7.65,D,0
38.12925,23.52356,301.08,0.43,0.38,2022-03-13,0006,N,VIIRS,n,2,272.75,0.95,N,2
38.58831,21.29589,329.32,0.39,0.36,2022-03-13,1127,N,VIIRS,n,2,291.09,1.66,D,0
37.12366,22.00399,332.26,0.39,0.36,2022-03-13,1127,N,VIIRS,n,2,291.74,4,D,0
36.91149,22.59772,348.1,0.38,0.36,2022-03-13,1127,N,VIIRS,n,2,290.79,4.53,D,0
41.59292,26.50654,339.83,0.5,0.41,2022-03-13,1128,N,VIIRS,n,2,292.75,5.34,D,0
41.59233,26.50495,336.44,0.5,0.41,2022-03-13,1128,N,VIIRS,n,2,292.44,3.98,D,0
41.09975,25.40393,326.57,0.45,0.39,2022-03-13,1128,N,VIIRS,n,2,284.68,2.19,D,0
41.1963,23.2657,326.93,0.42,0.38,2022-03-14,1109,N,VIIRS,n,2,290.68,1.84,D,0
39.96688,25.06531,326.83,0.4,0.37,2022-03-14,1109,N,VIIRS,n,2,286.09,1.59,D,0
41.15282,23.33402,335.8,0.43,0.46,2022-03-15,1050,N,VIIRS,n,2,295.59,2.95,D,0
37.71093,21.35827,326.67,0.33,0.55,2022-03-15,1050,N,VIIRS,n,2,291,1.53,D,0
40.84885,26.16027,332.81,0.49,0.41,2022-03-15,1050,N,VIIRS,n,2,286.53,4.52,D,0
40.84609,26.15925,332.96,0.49,0.4,2022-03-15,1050,N,VIIRS,n,2,286.25,2.69,D,0
41.14016,25.33817,341.22,0.53,0.42,2022-03-15,1050,N,VIIRS,n,2,289.78,5.04,D,0
41.22819,23.0584,338.54,0.44,0.46,2022-03-15,1050,N,VIIRS,n,2,290.79,2.87,D,0
41.16835,23.28431,326.83,0.43,0.46,2022-03-15,1050,N,VIIRS,n,2,293.49,1.82,D,0
39.16923,22.84397,297.56,0.41,0.45,2022-03-16,0049,N,VIIRS,n,2,273.93,1.2,N,2
37.90335,24.85079,340.91,0.37,0.58,2022-03-16,1031,N,VIIRS,n,2,283.22,6.11,D,0
37.44502,23.34791,344.49,0.46,0.64,2022-03-16,1031,N,VIIRS,n,2,287.21,3.71,D,0
37.90438,24.85469,357.07,0.37,0.58,2022-03-16,1031,N,VIIRS,n,2,283.52,9.42,D,0
38.12799,23.52652,299.38,0.43,0.38,2022-03-17,0031,N,VIIRS,n,2,278.23,0.39,N,2
35.37083,24.93471,332.49,0.49,0.48,2022-03-17,1152,N,VIIRS,n,2,287.54,4.43,D,0
38.12807,23.52382,297.85,0.4,0.37,2022-03-18,0012,N,VIIRS,n,2,279.2,0.67,N,2
40.88303,24.65048,331.76,0.48,0.4,2022-03-18,1134,N,VIIRS,n,2,287.49,4.3,D,0
40.87218,24.68783,329.05,0.48,0.4,2022-03-18,1134,N,VIIRS,n,2,284.58,1.76,D,0
40.87522,24.68135,329.59,0.48,0.4,2022-03-18,1134,N,VIIRS,n,2,283.61,4.38,D,0
41.10305,25.25891,338.46,0.51,0.41,2022-03-18,1134,N,VIIRS,n,2,277.59,12.31,D,0
39.20398,20.82859,327.57,0.48,0.4,2022-03-19,1115,N,VIIRS,n,2,284.71,2.24,D,0
37.97084,21.28201,330.26,0.48,0.4,2022-03-19,1115,N,VIIRS,n,2,285.71,3.77,D,0
37.96518,21.27235,329.32,0.48,0.4,2022-03-19,1115,N,VIIRS,n,2,286.2,6.87,D,0
40.01208,20.43832,333.12,0.48,0.4,2022-03-19,1115,N,VIIRS,n,2,288.62,6.61,D,0
40.01355,20.44002,329.2,0.48,0.4,2022-03-19,1115,N,VIIRS,n,2,289.05,9.95,D,0
40.87273,26.13875,329.17,0.39,0.36,2022-03-19,1115,N,VIIRS,n,2,286.86,2.19,D,0
40.81187,26.12547,354.11,0.44,0.38,2022-03-20,1056,N,VIIRS,n,2,286.39,8.47,D,0
40.81691,26.11309,332.39,0.44,0.38,2022-03-20,1056,N,VIIRS,n,2,287.19,6.81,D,0
40.82225,26.12217,329.83,0.44,0.38,2022-03-20,1056,N,VIIRS,n,2,287.15,8.37,D,0
40.81754,26.09669,329.19,0.44,0.38,2022-03-20,1056,N,VIIRS,n,2,285.73,2.73,D,0
40.86921,24.75426,327.67,0.48,0.4,2022-03-20,1056,N,VIIRS,n,2,290.27,3.13,D,0
41.43203,26.25738,330.22,0.43,0.38,2022-03-20,1057,N,VIIRS,n,2,290.49,1.89,D,0
40.87696,24.74361,345.66,0.48,0.4,2022-03-20,1057,N,VIIRS,n,2,291.6,8.54,D,0
40.93649,24.90888,339.44,0.48,0.4,2022-03-20,1057,N,VIIRS,n,2,289.26,11.21,D,0
40.89389,24.65304,335.42,0.49,0.4,2022-03-20,1057,N,VIIRS,n,2,288.89,3.13,D,0
40.91767,24.6753,344.95,0.49,0.4,2022-03-20,1057,N,VIIRS,n,2,294.15,14.44,D,0
41.04938,25.15832,337.9,0.47,0.39,2022-03-20,1057,N,VIIRS,n,2,287.08,3.31,D,0
41.0498,25.16156,329.56,0.47,0.39,2022-03-20,1057,N,VIIRS,n,2,287.08,4.46,D,0
41.4031,26.58844,344.18,0.42,0.37,2022-03-20,1057,N,VIIRS,n,2,290.52,5.36,D,0
41.38919,26.38891,326.91,0.42,0.38,2022-03-20,1057,N,VIIRS,n,2,286.93,1.52,D,0
41.41972,26.40905,326.3,0.42,0.38,2022-03-20,1057,N,VIIRS,n,2,290.58,1.72,D,0
41.41034,26.31732,339.86,0.42,0.38,2022-03-20,1057,N,VIIRS,n,2,289.34,3.82,D,0
41.50505,26.56486,331.46,0.42,0.37,2022-03-20,1057,N,VIIRS,n,2,291.35,1.94,D,0
41.70795,26.14471,332.87,0.43,0.38,2022-03-20,1057,N,VIIRS,n,2,291.89,2.44,D,0
39.25079,20.79774,326.76,0.63,0.72,2022-03-20,1237,N,VIIRS,n,2,285.57,5.23,D,0
40.75324,21.14504,347.46,0.67,0.74,2022-03-20,1237,N,VIIRS,n,2,284.43,14.01,D,0
39.28173,20.53269,325.31,0.61,0.71,2022-03-20,1237,N,VIIRS,n,2,287.38,2.53,D,0
38.48629,21.17166,335.1,0.46,0.64,2022-03-21,1037,N,VIIRS,n,2,285.05,3.04,D,0
38.48467,21.16901,326.16,0.46,0.64,2022-03-21,1037,N,VIIRS,n,2,283.17,3.47,D,0
40.58236,22.65567,355.67,0.34,0.56,2022-03-21,1038,N,VIIRS,n,2,296.21,14.04,D,0
40.58445,22.66349,343.19,0.34,0.56,2022-03-21,1038,N,VIIRS,n,2,290.99,13.37,D,0
39.48601,22.05788,329.54,0.39,0.59,2022-03-21,1038,N,VIIRS,n,2,284.9,2.47,D,0
40.82771,24.26602,326.46,0.55,0.68,2022-03-21,1218,N,VIIRS,n,2,287.51,2.31,D,0
40.86938,24.69753,325.38,0.58,0.7,2022-03-21,1218,N,VIIRS,n,2,286.12,16.36,D,0
40.87592,24.69739,367,0.58,0.7,2022-03-21,1218,N,VIIRS,h,2,292.1,16.36,D,0
40.87512,24.6968,367,0.58,0.7,2022-03-21,1218,N,VIIRS,h,2,293.46,37.3,D,0
41.02539,23.40392,346.37,0.5,0.66,2022-03-21,1218,N,VIIRS,n,2,291.91,3.92,D,0
41.09978,25.26361,352.25,0.62,0.71,2022-03-21,1218,N,VIIRS,n,2,289.85,8.92,D,0
41.02486,23.40215,341.47,0.5,0.66,2022-03-21,1218,N,VIIRS,n,2,290.35,5.83,D,0
41.10246,25.26291,352.59,0.62,0.72,2022-03-21,1218,N,VIIRS,n,2,289.86,6.49,D,0
37.98988,21.62793,327.22,0.38,0.59,2022-03-21,1218,N,VIIRS,n,2,285.7,1.66,D,0
39.1972,20.6952,342.97,0.35,0.56,2022-03-21,1218,N,VIIRS,n,2,288,4.31,D,0
39.20266,20.69813,348.14,0.35,0.56,2022-03-21,1218,N,VIIRS,n,2,289.55,7.19,D,0
39.20244,20.6943,341.57,0.35,0.56,2022-03-21,1218,N,VIIRS,n,2,286.38,4.31,D,0
39.48333,20.46812,356.3,0.34,0.56,2022-03-21,1218,N,VIIRS,n,2,288.13,6.45,D,0
37.91063,21.30382,335.48,0.36,0.58,2022-03-21,1218,N,VIIRS,n,2,288.95,3.05,D,0
39.19741,20.69897,348.96,0.35,0.56,2022-03-21,1218,N,VIIRS,n,2,290.05,7.19,D,0
37.83947,21.28863,356.15,0.36,0.58,2022-03-21,1218,N,VIIRS,n,2,290.56,6.38,D,0
37.13181,22.03553,350.2,0.78,0.78,2022-03-22,1018,N,VIIRS,n,2,283.03,9.3,D,0
37.12508,22.03918,325.97,0.78,0.78,2022-03-22,1018,N,VIIRS,n,2,284.62,4.35,D,0
40.88386,24.70975,367,0.45,0.63,2022-03-22,1019,N,VIIRS,h,2,293.64,8.1,D,0
40.92487,24.65619,349.27,0.46,0.63,2022-03-22,1019,N,VIIRS,n,2,290.47,6.65,D,0
40.88814,24.70428,356.94,0.45,0.63,2022-03-22,1019,N,VIIRS,l,2,289.36,8.66,D,0
40.88967,24.70948,349.35,0.45,0.63,2022-03-22,1019,N,VIIRS,n,2,290.47,11.93,D,0
40.8894,24.70697,356.9,0.45,0.63,2022-03-22,1019,N,VIIRS,l,2,289.13,10.65,D,0
40.89926,24.6222,338.05,0.32,0.55,2022-03-22,1159,N,VIIRS,n,2,292.08,3.38,D,0
40.88666,24.67103,340.36,0.33,0.55,2022-03-22,1159,N,VIIRS,n,2,292.89,3.37,D,0
40.88872,24.70675,344.94,0.33,0.55,2022-03-22,1159,N,VIIRS,n,2,291.6,7.56,D,0
40.88895,24.71073,355.37,0.33,0.55,2022-03-22,1159,N,VIIRS,n,2,295.55,7.69,D,0
41.04587,25.167,351.19,0.35,0.57,2022-03-22,1159,N,VIIRS,n,2,281.94,6.36,D,0
41.04564,25.16278,337.2,0.35,0.57,2022-03-22,1159,N,VIIRS,n,2,276.51,4.54,D,0
41.0141,23.57529,330.11,0.57,0.52,2022-03-22,1159,N,VIIRS,n,2,294.39,4.18,D,0
40.88826,24.6988,367,0.33,0.55,2022-03-22,1159,N,VIIRS,h,2,293.57,7.34,D,0
40.88849,24.70277,367,0.33,0.55,2022-03-22,1159,N,VIIRS,h,2,294.69,7.56,D,0
40.88313,24.69931,353.64,0.33,0.55,2022-03-22,1159,N,VIIRS,n,2,293.77,6.71,D,0
40.88335,24.70329,339.47,0.33,0.55,2022-03-22,1159,N,VIIRS,n,2,293.3,7.22,D,0
40.88381,24.71122,340.69,0.33,0.55,2022-03-22,1159,N,VIIRS,n,2,293.75,3.33,D,0
40.87617,24.66809,349.82,0.33,0.55,2022-03-22,1159,N,VIIRS,n,2,295.11,14.04,D,0
40.8764,24.67204,354.83,0.33,0.55,2022-03-22,1159,N,VIIRS,n,2,291.17,14.48,D,0
40.86923,24.63698,335.08,0.32,0.55,2022-03-22,1159,N,VIIRS,n,2,291.46,2.68,D,0
39.81731,20.56572,343.38,0.39,0.44,2022-03-22,1159,N,VIIRS,n,2,292.91,3.87,D,0
39.90494,22.70852,330.65,0.5,0.49,2022-03-22,1159,N,VIIRS,n,2,292.76,4.49,D,0
39.65144,22.58372,340.36,0.49,0.49,2022-03-22,1159,N,VIIRS,n,2,291.9,4.57,D,0
39.65091,22.58481,339.29,0.49,0.49,2022-03-22,1159,N,VIIRS,n,2,292.33,3.93,D,0
38.63282,21.33998,332.9,0.42,0.45,2022-03-22,1159,N,VIIRS,n,2,292.11,2.41,D,0
38.62088,21.3028,326.3,0.41,0.45,2022-03-22,1159,N,VIIRS,n,2,292.98,1.63,D,0
38.56801,21.23233,340.8,0.41,0.45,2022-03-22,1159,N,VIIRS,n,2,293.01,4.07,D,0
38.57038,21.22899,329.32,0.41,0.45,2022-03-22,1159,N,VIIRS,n,2,291.74,2.72,D,0
38.57084,21.23368,329,0.41,0.45,2022-03-22,1159,N,VIIRS,n,2,292.66,3.67,D,0
38.50124,21.29833,333.88,0.41,0.45,2022-03-22,1159,N,VIIRS,n,2,291.77,2.41,D,0
37.81586,22.08428,336,0.44,0.46,2022-03-22,1159,N,VIIRS,n,2,291.01,4.15,D,0
41.08451,24.05057,340.08,0.61,0.53,2022-03-22,1159,N,VIIRS,n,2,298.08,5.91,D,0
41.08403,24.04318,330.08,0.61,0.53,2022-03-22,1159,N,VIIRS,n,2,298.04,5.91,D,0
41.06689,23.3547,348.42,0.56,0.51,2022-03-22,1159,N,VIIRS,n,2,293.79,24.34,D,0
41.06652,23.35546,342.86,0.56,0.51,2022-03-22,1159,N,VIIRS,n,2,292.44,18.87,D,0
40.92184,23.62233,328.38,0.58,0.52,2022-03-22,1159,N,VIIRS,n,2,291.96,4.33,D,0
41,24.90707,367,0.34,0.56,2022-03-22,1159,N,VIIRS,h,2,290.08,4.56,D,0
40.90415,24.61777,367,0.32,0.55,2022-03-22,1159,N,VIIRS,h,2,293.17,8.04,D,0
40.8995,24.62613,367,0.32,0.55,2022-03-22,1159,N,VIIRS,h,2,293.48,3.38,D,0
41.56699,26.59717,340.14,0.42,0.61,2022-03-22,1200,N,VIIRS,n,2,283.19,2.96,D,0
41.56814,26.59817,335.01,0.42,0.61,2022-03-22,1200,N,VIIRS,n,2,282.03,3.81,D,0
40.2849,23.44385,295.88,0.39,0.36,2022-03-23,0018,N,VIIRS,n,2,278.43,0.57,N,2
39.16763,22.84386,296.13,0.39,0.36,2022-03-23,0018,N,VIIRS,n,2,278.43,0.88,N,2
41.62341,26.24006,333.36,0.61,0.71,2022-03-23,1000,N,VIIRS,n,2,288.61,2.57,D,0
41.00082,24.26015,326.56,0.54,0.42,2022-03-23,1140,N,VIIRS,n,2,299.58,2.55,D,0
40.97313,24.62177,336.66,0.56,0.43,2022-03-23,1140,N,VIIRS,n,2,295.02,5.86,D,0
40.51507,21.57241,339.02,0.43,0.38,2022-03-23,1140,N,VIIRS,n,2,291.41,5.31,D,0
40.58198,22.65296,339.11,0.46,0.39,2022-03-23,1140,N,VIIRS,n,2,294.99,4.13,D,0
40.02172,20.69605,336.44,0.4,0.37,2022-03-23,1140,N,VIIRS,n,2,298.11,3.49,D,0
39.8776,20.61149,339.84,0.4,0.37,2022-03-23,1140,N,VIIRS,n,2,297.28,5.78,D,0
39.86705,20.58505,337.96,0.4,0.37,2022-03-23,1140,N,VIIRS,n,2,295.87,3.94,D,0
39.71308,20.83813,331.45,0.4,0.37,2022-03-23,1140,N,VIIRS,n,2,296.17,2.32,D,0
39.35727,20.73147,332,0.4,0.37,2022-03-23,1140,N,VIIRS,n,2,296.7,3.4,D,0
39.46952,22.02375,339.86,0.43,0.38,2022-03-23,1140,N,VIIRS,n,2,295.55,6.64,D,0
39.46891,22.02165,334.64,0.43,0.38,2022-03-23,1140,N,VIIRS,n,2,295.8,4.83,D,0
39.45588,21.94763,332.19,0.43,0.38,2022-03-23,1140,N,VIIRS,n,2,296.09,6.48,D,0
37.84206,21.22387,328.76,0.4,0.37,2022-03-23,1140,N,VIIRS,n,2,291.32,2.11,D,0
37.69741,21.36065,327.23,0.4,0.37,2022-03-23,1140,N,VIIRS,n,2,291.2,1.32,D,0
37.69188,21.37118,335.54,0.4,0.37,2022-03-23,1140,N,VIIRS,n,2,293.15,3.42,D,0
41.08939,23.30763,333.42,0.49,0.41,2022-03-23,1141,N,VIIRS,n,2,297.6,4.11,D,0
41.08415,23.57778,333.1,0.51,0.41,2022-03-23,1141,N,VIIRS,n,2,298.8,3.06,D,0
40.8037,21.10689,327.63,0.42,0.37,2022-03-23,1141,N,VIIRS,n,2,283.69,3.79,D,3
41.08565,23.30834,334.36,0.49,0.41,2022-03-23,1141,N,VIIRS,n,2,297.68,5.49,D,0
41.12263,23.33158,325.29,0.5,0.41,2022-03-23,1141,N,VIIRS,l,2,299.24,1.33,D,0
40.96501,22.10733,326.12,0.45,0.39,2022-03-23,1141,N,VIIRS,n,2,295.37,1.06,D,0
41.085,23.30241,336.95,0.49,0.41,2022-03-23,1141,N,VIIRS,n,2,298.51,5.49,D,0
41.09004,23.31355,332.35,0.5,0.41,2022-03-23,1141,N,VIIRS,n,2,294.92,4.55,D,0
41.12271,23.29352,328.33,0.49,0.41,2022-03-23,1141,N,VIIRS,l,2,299.22,2.18,D,0
41.12637,23.33087,326.08,0.5,0.41,2022-03-23,1141,N,VIIRS,l,2,299.57,1.33,D,0
40.76679,26.08439,316.75,0.42,0.38,2022-03-23,2359,N,VIIRS,n,2,272.85,1.1,N,0
38.12875,23.52291,302.5,0.49,0.4,2022-03-24,0000,N,VIIRS,n,2,278.9,0.65,N,2
40.84855,26.15796,329.98,0.42,0.38,2022-03-24,1121,N,VIIRS,n,2,293.78,2.22,D,0
36.75981,21.86999,367,0.42,0.38,2022-03-24,1121,N,VIIRS,h,2,302.92,9.88,D,0
36.75893,21.86499,347.7,0.42,0.38,2022-03-24,1121,N,VIIRS,n,2,300.56,9.88,D,0
36.76327,21.8693,367,0.42,0.38,2022-03-24,1121,N,VIIRS,h,2,332.68,70.32,D,0
36.76414,21.87422,329.52,0.42,0.38,2022-03-24,1121,N,VIIRS,n,2,291.32,29.2,D,0
36.76237,21.86422,345.63,0.42,0.38,2022-03-24,1121,N,VIIRS,n,2,299.43,70.32,D,0
36.98386,22.57291,327.33,0.4,0.37,2022-03-24,1121,N,VIIRS,n,2,294.61,1.9,D,0
37.11395,21.97759,343.67,0.41,0.37,2022-03-24,1121,N,VIIRS,n,2,295.24,4.62,D,0
37.7563,21.65834,348.69,0.42,0.37,2022-03-24,1121,N,VIIRS,n,2,298.54,8.08,D,0
37.82458,21.54722,334.64,0.42,0.38,2022-03-24,1121,N,VIIRS,n,2,293.78,2.48,D,0
37.84233,21.56695,332.19,0.42,0.37,2022-03-24,1121,N,VIIRS,n,2,294.55,5.47,D,0
37.87838,21.51431,337.09,0.42,0.38,2022-03-24,1121,N,VIIRS,n,2,294.38,8.68,D,0
38.31286,23.64695,338.01,0.38,0.36,2022-03-24,1121,N,VIIRS,n,2,291.17,1.28,D,0
38.60084,21.36627,326.12,0.42,0.37,2022-03-24,1121,N,VIIRS,n,2,300.48,1.93,D,0
39.274,22.72792,325.28,0.39,0.36,2022-03-24,1121,N,VIIRS,n,2,296.39,1.62,D,0
39.3143,22.0163,331.08,0.4,0.37,2022-03-24,1121,N,VIIRS,n,2,299.37,2.95,D,0
39.30557,21.86077,330.67,0.4,0.37,2022-03-24,1121,N,VIIRS,n,2,295.15,1.71,D,0
39.39211,22.12808,345.75,0.4,0.37,2022-03-24,1121,N,VIIRS,n,2,297.9,1.75,D,0
39.22125,20.83008,337.33,0.42,0.38,2022-03-24,1121,N,VIIRS,n,2,296,4.2,D,0
39.22039,20.82525,326.92,0.42,0.38,2022-03-24,1121,N,VIIRS,n,2,294.9,3.17,D,0
39.44967,21.96646,326.1,0.4,0.37,2022-03-24,1121,N,VIIRS,l,2,296.46,1.68,D,0
39.47194,21.97459,334.55,0.4,0.37,2022-03-24,1121,N,VIIRS,n,2,298.05,3.23,D,0
39.65012,22.58484,331.75,0.39,0.36,2022-03-24,1121,N,VIIRS,n,2,299.4,4.73,D,0
39.64939,22.58035,345.8,0.39,0.36,2022-03-24,1121,N,VIIRS,n,2,301.45,7.91,D,0
39.65672,22.58306,325.23,0.39,0.36,2022-03-24,1121,N,VIIRS,n,2,297.25,1.14,D,0
39.88581,20.63213,327.74,0.42,0.38,2022-03-24,1121,N,VIIRS,n,2,295.65,1.08,D,0
40.76595,26.06813,333.15,0.42,0.38,2022-03-24,1121,N,VIIRS,n,2,289.16,5.78,D,0
39.95528,20.54738,330.36,0.42,0.38,2022-03-24,1121,N,VIIRS,n,2,295.66,2.76,D,0
40.75345,21.13533,338.45,0.4,0.37,2022-03-24,1122,N,VIIRS,n,2,301.47,10.37,D,0
40.56551,21.39793,340.77,0.4,0.37,2022-03-24,1122,N,VIIRS,n,2,295.94,3.19,D,0
40.93657,23.71642,330.62,0.39,0.36,2022-03-24,1122,N,VIIRS,n,2,297.14,1.95,D,0
40.94794,23.66279,338.83,0.39,0.36,2022-03-24,1122,N,VIIRS,n,2,300.94,2.32,D,0
40.99671,23.64547,332.92,0.39,0.36,2022-03-24,1122,N,VIIRS,n,2,300.13,1.66,D,0
40.47758,22.46127,328.96,0.39,0.36,2022-03-24,1122,N,VIIRS,n,2,297.59,1.59,D,0
41.40097,26.38138,327.9,0.43,0.38,2022-03-24,1122,N,VIIRS,n,2,297.27,2.35,D,0
40.59704,22.67982,332.86,0.39,0.36,2022-03-24,1122,N,VIIRS,n,2,299.18,2.14,D,0
41.04776,25.34575,326.94,0.41,0.37,2022-03-24,1122,N,VIIRS,n,2,296.34,2.75,D,0
41.53196,26.48026,344.82,0.44,0.38,2022-03-24,1122,N,VIIRS,n,2,303.54,6.87,D,0
40.74342,21.13837,328.86,0.4,0.37,2022-03-24,1122,N,VIIRS,n,2,295.34,4.5,D,0
41.44883,26.6012,332.38,0.44,0.38,2022-03-24,1122,N,VIIRS,n,2,297.95,2.57,D,0
41.01214,23.54226,331,0.38,0.36,2022-03-24,1122,N,VIIRS,n,2,298.79,1.2,D,0
40.84959,26.16071,327.22,0.42,0.38,2022-03-24,1122,N,VIIRS,n,2,292.75,1.53,D,0
40.55217,21.40178,334.32,0.4,0.37,2022-03-24,1122,N,VIIRS,n,2,301.59,18.19,D,0
41.22433,23.21746,327.55,0.38,0.36,2022-03-24,1122,N,VIIRS,n,2,300.21,1.05,D,0
41.18979,23.32447,330.82,0.38,0.36,2022-03-24,1122,N,VIIRS,l,2,305.6,2.35,D,0
40.75385,21.137,341.81,0.4,0.37,2022-03-24,1122,N,VIIRS,n,2,301,15.02,D,0
41.53402,26.47711,331.81,0.44,0.38,2022-03-24,1122,N,VIIRS,n,2,298.94,2.37,D,0
40.93192,23.70817,334.87,0.39,0.36,2022-03-24,1122,N,VIIRS,n,2,299.18,2.29,D,0
36.76135,21.86993,301.15,0.34,0.56,2022-03-24,2341,N,VIIRS,n,2,281.62,0.75,N,0
38.13072,23.52216,296.35,0.57,0.52,2022-03-24,2341,N,VIIRS,n,2,279.5,0.89,N,2
36.76413,21.86928,300.77,0.53,0.67,2022-03-25,0121,N,VIIRS,n,2,280.36,1.18,N,0
36.76614,21.86939,302.18,0.53,0.67,2022-03-25,0121,N,VIIRS,n,2,280.57,0.81,N,0
36.76541,21.86493,297.57,0.53,0.67,2022-03-25,0121,N,VIIRS,n,2,281.67,1.8,N,0
36.76744,21.86492,297.15,0.53,0.67,2022-03-25,0121,N,VIIRS,n,2,281.58,0.81,N,0
37.9665,21.28521,330.22,0.45,0.47,2022-03-25,1102,N,VIIRS,n,2,293.54,3.15,D,0
39.21402,22.04834,326.68,0.39,0.44,2022-03-25,1102,N,VIIRS,n,2,297.85,1,D,0
39.1247,20.91015,326.37,0.44,0.46,2022-03-25,1102,N,VIIRS,n,2,294.2,2.87,D,0
39.51664,22.65028,327.98,0.54,0.42,2022-03-25,1102,N,VIIRS,l,2,300.87,1.94,D,0
36.87566,27.16477,331.06,0.41,0.37,2022-03-25,1102,N,VIIRS,n,2,295.95,2.91,D,0
37.95802,21.46278,336.07,0.44,0.46,2022-03-25,1102,N,VIIRS,n,2,295.13,4.71,D,0
37.38656,21.72146,325.49,0.44,0.46,2022-03-25,1102,N,VIIRS,n,2,291.85,1.88,D,0
38.60764,21.33613,334.78,0.43,0.46,2022-03-25,1102,N,VIIRS,n,2,297.86,2.07,D,0
39.06934,22.22979,329.02,0.57,0.43,2022-03-25,1102,N,VIIRS,l,2,303.08,2.78,D,0
38.60769,21.33808,337.08,0.43,0.46,2022-03-25,1102,N,VIIRS,n,2,296.84,3.27,D,0
37.96539,21.28024,329.72,0.45,0.47,2022-03-25,1102,N,VIIRS,n,2,293.74,3.15,D,0
40.55363,22.58259,342.27,0.52,0.41,2022-03-25,1103,N,VIIRS,n,2,297.62,4.25,D,0
41.58347,26.21159,334.33,0.39,0.36,2022-03-25,1103,N,VIIRS,n,2,301.77,3.05,D,0
41.17315,23.9184,341.34,0.45,0.39,2022-03-25,1103,N,VIIRS,n,2,300.26,5.99,D,0
41.52679,26.18439,329.38,0.39,0.36,2022-03-25,1103,N,VIIRS,n,2,298.83,1.78,D,0
41.56863,26.59408,334.28,0.39,0.36,2022-03-25,1103,N,VIIRS,n,2,299.35,3.53,D,0
41.11814,24.05091,331.38,0.45,0.39,2022-03-25,1103,N,VIIRS,n,2,306.35,1.49,D,0
41.0517,24.03353,326.31,0.45,0.39,2022-03-25,1103,N,VIIRS,l,2,301.06,1.36,D,0
40.97031,23.68639,326.18,0.46,0.39,2022-03-25,1103,N,VIIRS,n,2,300.6,2.44,D,0
40.9715,23.8758,334.3,0.46,0.39,2022-03-25,1103,N,VIIRS,n,2,305.43,17.41,D,0
40.96343,23.87275,330.97,0.46,0.39,2022-03-25,1103,N,VIIRS,n,2,302.82,2.99,D,0
40.62892,22.63961,333.22,0.51,0.41,2022-03-25,1103,N,VIIRS,n,2,298.22,6.42,D,0
41.02204,24.7431,334.21,0.43,0.38,2022-03-25,1103,N,VIIRS,n,2,299.73,5.82,D,0
40.9555,24.57749,333.74,0.43,0.38,2022-03-25,1103,N,VIIRS,n,2,297.12,3.86,D,0
40.59742,22.73939,329.5,0.51,0.41,2022-03-25,1103,N,VIIRS,n,2,297.85,4.25,D,0
41.06544,25.54875,336.83,0.41,0.37,2022-03-25,1103,N,VIIRS,n,2,302.27,4.64,D,0
40.89988,24.63529,331,0.43,0.38,2022-03-25,1103,N,VIIRS,n,2,294.39,2.84,D,0
40.9008,24.64035,333.6,0.43,0.38,2022-03-25,1103,N,VIIRS,n,2,296.73,4,D,0
40.22561,22.54008,335.45,0.53,0.42,2022-03-25,1103,N,VIIRS,n,2,298.73,4.51,D,0
39.97773,21.70088,337.89,0.39,0.44,2022-03-25,1103,N,VIIRS,n,2,299.8,3.61,D,0
39.52068,20.38753,333.19,0.46,0.47,2022-03-25,1103,N,VIIRS,n,2,295.1,3.57,D,0
39.38144,20.81069,339.79,0.44,0.46,2022-03-25,1103,N,VIIRS,n,2,296.58,5.87,D,0
39.37895,20.81343,331.63,0.44,0.46,2022-03-25,1103,N,VIIRS,n,2,294.83,2.95,D,0
39.52879,21.68754,328.81,0.4,0.44,2022-03-25,1103,N,VIIRS,n,2,297.83,1.81,D,0
39.52975,21.69205,330.57,0.4,0.44,2022-03-25,1103,N,VIIRS,n,2,298.12,2.36,D,0
38.42638,21.14398,335.71,0.79,0.78,2022-03-25,1243,N,VIIRS,n,2,290.95,7.42,D,0
38.12984,23.52384,297.86,0.52,0.66,2022-03-25,2322,N,VIIRS,n,2,282.53,0.57,N,2
40.28411,23.4433,295.07,0.59,0.53,2022-03-26,0102,N,VIIRS,n,2,280.74,0.62,N,2
38.03298,23.6047,295.88,0.34,0.56,2022-03-26,0102,N,VIIRS,n,2,284.43,0.54,N,0
38.37199,24.06008,298.88,0.35,0.57,2022-03-26,0102,N,VIIRS,n,2,283.26,0.51,N,2
38.09653,21.39044,331.61,0.38,0.59,2022-03-26,1043,N,VIIRS,n,2,293.85,3.09,D,0
36.99271,22.45448,325.52,0.36,0.57,2022-03-26,1043,N,VIIRS,n,2,291.95,1.94,D,0
40.6193,22.78168,329.15,0.56,0.52,2022-03-26,1044,N,VIIRS,n,2,293.33,1.94,D,0
40.61665,22.66799,346.87,0.57,0.52,2022-03-26,1044,N,VIIRS,n,2,293.3,7.52,D,0
41.00578,24.1216,331.17,0.47,0.48,2022-03-26,1044,N,VIIRS,n,2,294.83,2.12,D,0
40.95309,23.81893,325.55,0.49,0.49,2022-03-26,1044,N,VIIRS,n,2,296.62,3.17,D,0
40.95039,23.80754,338.85,0.49,0.49,2022-03-26,1044,N,VIIRS,n,2,296.62,7,D,0
40.94633,23.69,354.44,0.5,0.49,2022-03-26,1044,N,VIIRS,n,2,296.61,14.8,D,0
40.72201,22.57827,330.95,0.57,0.52,2022-03-26,1044,N,VIIRS,n,2,295.51,2.96,D,0
40.72114,22.57687,334.31,0.57,0.52,2022-03-26,1044,N,VIIRS,n,2,295.24,4.16,D,0
40.55754,21.40336,367,0.33,0.55,2022-03-26,1044,N,VIIRS,h,2,299.65,6.32,D,0
41.14324,23.31422,336.39,0.51,0.5,2022-03-26,1044,N,VIIRS,n,2,301.5,3.03,D,0
39.98799,25.064,350.6,0.45,0.47,2022-03-26,1044,N,VIIRS,n,2,290.5,6.44,D,0
39.96839,25.13836,326.35,0.45,0.47,2022-03-26,1044,N,VIIRS,n,2,292.67,2.41,D,0
39.43797,22.65526,343.77,0.61,0.53,2022-03-26,1044,N,VIIRS,n,2,292.32,9.41,D,0
39.38727,21.99805,367,0.33,0.55,2022-03-26,1044,N,VIIRS,h,2,296.79,5.31,D,0
38.51675,21.15685,325.45,0.38,0.59,2022-03-26,1044,N,VIIRS,n,2,292.95,2.51,D,0
39.44522,21.96918,343.84,0.33,0.55,2022-03-26,1044,N,VIIRS,n,2,295.83,2.18,D,0
39.77012,22.07452,330.52,0.32,0.55,2022-03-26,1044,N,VIIRS,n,2,293.48,1.04,D,0
40.98863,25.35273,342.42,0.41,0.45,2022-03-26,1044,N,VIIRS,n,2,292.87,3.74,D,0
41.06212,25.20194,325.67,0.42,0.45,2022-03-26,1044,N,VIIRS,n,2,293.11,1.16,D,0
40.82453,24.07985,327.37,0.48,0.48,2022-03-26,1044,N,VIIRS,n,2,292.52,3.78,D,0
41.00678,24.79549,332.16,0.44,0.46,2022-03-26,1044,N,VIIRS,n,2,297.35,2.41,D,0
40.57352,22.67902,334.41,0.57,0.52,2022-03-26,1044,N,VIIRS,n,2,292.94,6.42,D,0
38.32687,21.5342,329.22,0.46,0.64,2022-03-26,1224,N,VIIRS,n,2,297.33,3.51,D,0
38.3299,21.53632,325.36,0.46,0.64,2022-03-26,1224,N,VIIRS,l,2,296.68,2.7,D,0
39.21547,20.48744,341.15,0.41,0.61,2022-03-26,1224,N,VIIRS,n,2,291.98,2.03,D,0
39.21746,20.48835,332.92,0.41,0.61,2022-03-26,1224,N,VIIRS,n,2,291.99,3.99,D,0
39.85953,20.58424,325.22,0.42,0.61,2022-03-26,1224,N,VIIRS,n,2,292.84,2.86,D,0
40.6238,22.6835,351.48,0.55,0.68,2022-03-26,1225,N,VIIRS,n,2,290.98,6.17,D,0
40.77577,21.04603,331.26,0.45,0.63,2022-03-26,1225,N,VIIRS,n,2,294.3,3.16,D,0
41.00462,23.45261,326.66,0.6,0.71,2022-03-26,1225,N,VIIRS,n,2,294.11,2.31,D,0
41.04418,23.42957,347.07,0.6,0.71,2022-03-26,1225,N,VIIRS,n,2,297.58,4.6,D,0
40.28517,23.44497,296.34,0.53,0.42,2022-03-27,0043,N,VIIRS,n,2,278.83,0.73,N,2
38.04637,23.51147,298.77,0.39,0.44,2022-03-27,0043,N,VIIRS,n,2,278.11,0.47,N,0
35.23303,24.99447,330.62,0.52,0.67,2022-03-27,1024,N,VIIRS,n,2,289.73,5.86,D,0
35.23229,24.99702,342.29,0.52,0.67,2022-03-27,1024,N,VIIRS,n,2,290.35,5.63,D,0
39.96569,25.1863,329.09,0.38,0.59,2022-03-27,1025,N,VIIRS,n,2,292.95,1.22,D,0
41.51923,26.33397,336.06,0.61,0.53,2022-03-27,1025,N,VIIRS,n,2,302.21,4.38,D,0
40.95459,23.54607,335.93,0.43,0.62,2022-03-27,1025,N,VIIRS,n,2,299.2,2.07,D,0
39.61846,22.0375,326.61,0.56,0.51,2022-03-27,1205,N,VIIRS,n,2,289.08,2.87,D,0
36.87953,21.79357,330.66,0.51,0.49,2022-03-27,1205,N,VIIRS,n,2,289.14,3.75,D,0
40.96092,23.66303,336.4,0.35,0.57,2022-03-27,1206,N,VIIRS,n,2,296.79,8.07,D,0
40.96069,23.65877,367,0.35,0.57,2022-03-27,1206,N,VIIRS,h,2,299.53,7.34,D,0
40.84797,26.07448,326.97,0.47,0.64,2022-03-27,1206,N,VIIRS,n,2,290.39,5.93,D,0
40.84816,26.08001,367,0.47,0.64,2022-03-27,1206,N,VIIRS,h,2,292.48,10.57,D,0
41.48875,26.15859,328.95,0.53,0.67,2022-03-28,1007,N,VIIRS,n,2,286.15,7.38,D,0
41.49125,26.15953,344.11,0.53,0.67,2022-03-28,1007,N,VIIRS,n,2,286.19,5.66,D,0
39.17115,22.83973,296.75,0.47,0.39,2022-03-29,0006,N,VIIRS,n,2,270.6,1.54,N,2
35.04961,24.84358,342.44,0.39,0.36,2022-03-29,1126,N,VIIRS,n,2,294.38,2.14,D,0
38.51063,23.01991,326.62,0.39,0.36,2022-03-29,1127,N,VIIRS,n,2,296.67,1.74,D,0
37.77754,26.84987,328.53,0.47,0.4,2022-03-29,1127,N,VIIRS,n,2,290.4,3.23,D,0
37.7678,26.86245,331.9,0.47,0.4,2022-03-29,1127,N,VIIRS,n,2,292.33,12.2,D,0
37.76709,26.85645,328.69,0.47,0.4,2022-03-29,1127,N,VIIRS,n,2,296.3,12.38,D,0
37.7708,26.85621,355.96,0.47,0.4,2022-03-29,1127,N,VIIRS,n,2,302.63,31.33,D,0
37.77015,26.85064,329.82,0.47,0.4,2022-03-29,1127,N,VIIRS,n,2,292.65,31.33,D,0
37.77449,26.8558,342.93,0.47,0.4,2022-03-29,1127,N,VIIRS,n,2,311.53,31.33,D,0
37.77818,26.85538,329.22,0.47,0.4,2022-03-29,1127,N,VIIRS,n,2,289.09,3.23,D,0
37.77385,26.8503,340.84,0.47,0.4,2022-03-29,1127,N,VIIRS,n,2,300.42,31.33,D,0
38.42355,21.15065,337.64,0.39,0.36,2022-03-29,1127,N,VIIRS,n,2,295.89,2.63,D,0
41.47889,26.18879,327.9,0.49,0.4,2022-03-29,1128,N,VIIRS,n,2,296.47,1.8,D,0
40.98498,23.639,328.57,0.4,0.37,2022-03-29,1128,N,VIIRS,n,2,299.12,1.65,D,0
41.48819,26.58358,335.43,0.5,0.41,2022-03-29,1128,N,VIIRS,n,2,297.63,4.19,D,0
41.38151,24.54058,331.71,0.43,0.38,2022-03-29,1128,N,VIIRS,n,2,291.45,4.37,D,0
41.58762,26.37185,329.89,0.5,0.41,2022-03-29,1128,N,VIIRS,n,2,297.25,2.08,D,0
41.62459,26.36276,338.36,0.5,0.41,2022-03-29,1128,N,VIIRS,n,2,297.39,4.79,D,0
39.0824,21.07683,326.72,0.39,0.36,2022-03-29,1128,N,VIIRS,n,2,294.1,1.77,D,0
39.42764,20.93812,345.41,0.39,0.36,2022-03-29,1128,N,VIIRS,n,2,293.84,3.26,D,0
39.70382,20.77368,332.3,0.39,0.36,2022-03-29,1128,N,VIIRS,n,2,296.1,3.02,D,0
39.75544,19.72097,330.9,0.41,0.37,2022-03-29,1128,N,VIIRS,n,2,295.55,2.97,D,0
40.83795,26.05971,331.54,0.47,0.4,2022-03-29,1128,N,VIIRS,n,2,295.23,3.26,D,0
41.18429,26.2853,326.42,0.49,0.4,2022-03-29,1128,N,VIIRS,n,2,293.69,1.74,D,0
39.17123,22.84161,297.92,0.52,0.5,2022-03-29,2347,N,VIIRS,n,2,279.33,1.04,N,2
37.77028,26.8621,309.27,0.48,0.4,2022-03-29,2347,N,VIIRS,n,2,281.35,1.23,N,0
37.9179,23.0718,295.68,0.49,0.49,2022-03-29,2347,N,VIIRS,n,2,283.91,1.19,N,2
37.80449,21.29848,328.1,0.56,0.43,2022-03-30,1108,N,VIIRS,n,2,281.6,2.89,D,0
41.40627,26.36478,335.97,0.38,0.36,2022-03-30,1109,N,VIIRS,n,2,295.68,2.59,D,0
41.07858,25.22415,329.89,0.39,0.36,2022-03-30,1109,N,VIIRS,n,2,292.07,1.58,D,0
41.52193,26.55029,329.69,0.38,0.36,2022-03-30,1109,N,VIIRS,l,2,299.76,2.19,D,0
41.44436,26.25485,332.91,0.38,0.36,2022-03-30,1109,N,VIIRS,n,2,292.7,6.58,D,0
41.08188,25.22321,325.52,0.39,0.36,2022-03-30,1109,N,VIIRS,n,2,289.75,1.29,D,0
36.95423,27.01483,302.06,0.49,0.65,2022-03-31,2309,N,VIIRS,n,2,282.06,1.25,N,0
36.95442,27.0134,296.7,0.38,0.58,2022-04-01,0050,N,VIIRS,n,2,282.75,0.49,N,0
40.97905,23.38225,327.14,0.37,0.58,2022-04-01,1032,N,VIIRS,n,2,289.16,1.56,D,0
41.41082,26.20606,326.66,0.52,0.5,2022-04-01,1032,N,VIIRS,n,2,292.06,2.94,D,0
36.9201,22.83058,326.54,0.35,0.57,2022-04-01,1211,N,VIIRS,n,2,296.62,1.31,D,0
39.51032,22.0537,367,0.34,0.56,2022-04-01,1212,N,VIIRS,h,2,295.77,4.83,D,0
39.29185,22.09204,325.34,0.34,0.56,2022-04-01,1212,N,VIIRS,n,2,294.88,1.27,D,0
40.69881,22.95272,296.44,0.4,0.37,2022-04-02,0030,N,VIIRS,n,2,283.94,0.27,N,0
38.12997,23.52625,302.06,0.43,0.38,2022-04-02,0031,N,VIIRS,n,2,285.44,0.98,N,2
39.42294,23.14091,322.06,0.41,0.37,2022-04-02,0031,N,VIIRS,n,2,285.63,2.05,N,0
39.16893,22.84331,301.03,0.41,0.37,2022-04-02,0031,N,VIIRS,n,2,285.47,1.35,N,2
38.37306,24.0626,299.46,0.45,0.39,2022-04-02,0031,N,VIIRS,n,2,285.3,0.82,N,2
38.07055,23.7267,296.36,0.44,0.38,2022-04-02,0031,N,VIIRS,n,2,283.38,0.33,N,0
40.55769,22.63099,341.8,0.69,0.74,2022-04-02,1013,N,VIIRS,n,2,291.83,7.92,D,0
40.5721,22.74266,326.53,0.68,0.74,2022-04-02,1013,N,VIIRS,n,2,293.8,5.69,D,0
41.63626,26.41697,341.5,0.43,0.62,2022-04-02,1013,N,VIIRS,n,2,294.46,5.05,D,0
40.6,22.82811,367,0.67,0.74,2022-04-02,1013,N,VIIRS,h,2,293.16,18.18,D,0
40.57228,22.74343,328.16,0.68,0.74,2022-04-02,1013,N,VIIRS,n,2,293.76,3.79,D,0
40.60022,22.82704,367,0.67,0.74,2022-04-02,1013,N,VIIRS,h,2,293.39,13.61,D,0
40.53193,22.64541,327.1,0.69,0.74,2022-04-02,1013,N,VIIRS,n,2,289.53,4.34,D,0
40.55834,22.63135,342.34,0.69,0.74,2022-04-02,1013,N,VIIRS,n,2,291.83,6.19,D,0
40.60276,22.83465,329.07,0.67,0.74,2022-04-02,1013,N,VIIRS,n,2,290.85,14.27,D,0
38.56882,22.72328,327.83,0.4,0.45,2022-04-02,1152,N,VIIRS,n,2,296.76,4.49,D,0
41.44545,26.2295,328.33,0.33,0.55,2022-04-02,1153,N,VIIRS,n,2,294.25,4.19,D,0
39.3737,22.4248,328.63,0.4,0.44,2022-04-02,1153,N,VIIRS,n,2,289.39,2.47,D,0
38.03418,23.59263,296.75,0.39,0.36,2022-04-03,0012,N,VIIRS,n,2,284.56,0.57,N,0
37.91923,23.07285,300.94,0.4,0.37,2022-04-03,0012,N,VIIRS,n,2,288.12,0.79,N,2
39.16794,22.84131,309.99,0.41,0.37,2022-04-03,0012,N,VIIRS,n,2,281.88,0.95,N,2
39.17136,22.84207,296.01,0.41,0.37,2022-04-03,0012,N,VIIRS,n,2,282.35,0.95,N,3
37.71363,21.57195,334.54,0.39,0.36,2022-04-03,1133,N,VIIRS,n,2,294.75,9.63,D,0
37.46249,23.1532,328.14,0.4,0.37,2022-04-03,1133,N,VIIRS,n,2,295.75,1,D,0
37.59803,21.81746,340.86,0.39,0.36,2022-04-03,1133,N,VIIRS,n,2,298.67,9.75,D,0
41.07969,24.10147,336,0.46,0.39,2022-04-03,1134,N,VIIRS,n,2,301.61,7.68,D,0
40.91671,22.65934,325.29,0.42,0.37,2022-04-03,1134,N,VIIRS,n,2,294.81,2.04,D,0
40.53949,22.60147,333.15,0.41,0.37,2022-04-03,1134,N,VIIRS,n,2,296.01,3.6,D,0
40.5448,22.61529,328.31,0.41,0.37,2022-04-03,1134,N,VIIRS,n,2,294.1,2.29,D,0
40.50332,22.45218,332.63,0.41,0.37,2022-04-03,1134,N,VIIRS,n,2,299.88,5,D,0
39.2206,22.42393,331.92,0.4,0.37,2022-04-03,1134,N,VIIRS,n,2,290.76,3.62,D,0
38.84009,22.523,331.87,0.4,0.37,2022-04-03,1134,N,VIIRS,n,2,293.91,3.22,D,0
38.84072,22.5276,331.53,0.4,0.37,2022-04-03,1134,N,VIIRS,n,2,293.67,3.22,D,0
40.54417,22.61042,330.44,0.41,0.37,2022-04-03,1134,N,VIIRS,n,2,294.37,2.29,D,0
40.55454,22.66322,327.97,0.41,0.37,2022-04-03,1134,N,VIIRS,n,2,293.11,1.19,D,0
40.74012,22.60881,341.92,0.41,0.37,2022-04-03,1134,N,VIIRS,n,2,299.97,4.63,D,0
40.54974,22.59917,345.25,0.41,0.37,2022-04-03,1134,N,VIIRS,n,2,298.2,10.54,D,0
40.54911,22.59431,332.24,0.41,0.37,2022-04-03,1134,N,VIIRS,n,2,296.34,2.18,D,0
40.56824,22.66015,330.59,0.41,0.37,2022-04-03,1134,N,VIIRS,n,2,294.69,4.67,D,0
40.61068,22.79692,326.02,0.42,0.37,2022-04-03,1134,N,VIIRS,l,2,297.85,1.18,D,0
40.68867,23.32605,331.49,0.43,0.38,2022-04-03,1134,N,VIIRS,n,2,295.02,2.31,D,0
40.69216,23.32525,332.55,0.43,0.38,2022-04-03,1134,N,VIIRS,n,2,294.92,2.31,D,0
40.69905,22.61805,333.14,0.41,0.37,2022-04-03,1134,N,VIIRS,n,2,299.28,3.34,D,0
40.68499,22.51093,344.48,0.41,0.37,2022-04-03,1134,N,VIIRS,n,2,301.01,6.84,D,0
40.6884,22.51015,340.32,0.41,0.37,2022-04-03,1134,N,VIIRS,n,2,296.43,6.84,D,0
40.74233,22.61034,340.95,0.41,0.37,2022-04-03,1134,N,VIIRS,n,2,298.38,4.43,D,0
40.73302,22.55513,339.7,0.41,0.37,2022-04-03,1134,N,VIIRS,n,2,301.09,5.14,D,0
40.71851,22.57849,335.12,0.41,0.37,2022-04-03,1134,N,VIIRS,n,2,298.66,3.96,D,0
36.35146,28.00082,327.27,0.43,0.38,2022-04-05,1055,N,VIIRS,n,2,266.93,3.83,D,0
36.35318,28.0104,354.61,0.43,0.38,2022-04-05,1055,N,VIIRS,n,2,274.99,13.88,D,0
36.3592,28.00362,351.33,0.43,0.38,2022-04-05,1055,N,VIIRS,n,2,269.78,19.1,D,0
36.35403,28.01512,327.45,0.43,0.38,2022-04-05,1055,N,VIIRS,n,2,267.08,5.21,D,0
36.36005,28.00836,354.23,0.43,0.38,2022-04-05,1055,N,VIIRS,n,2,273.57,19.1,D,0
36.35662,28.00938,357.06,0.43,0.38,2022-04-05,1055,N,VIIRS,l,2,277.96,19.1,D,0
36.35575,28.00458,349.79,0.43,0.38,2022-04-05,1055,N,VIIRS,n,2,277.93,19.1,D,0
36.35232,28.00561,348.56,0.43,0.38,2022-04-05,1055,N,VIIRS,n,2,273.14,13.88,D,0
38.07848,22.5207,354.5,0.46,0.47,2022-04-05,1056,N,VIIRS,n,2,297.08,13.62,D,0
39.05679,20.73617,331,0.54,0.51,2022-04-05,1056,N,VIIRS,n,2,288.88,4.22,D,0
38.08262,22.51872,342.32,0.46,0.47,2022-04-05,1056,N,VIIRS,n,2,288.2,7.71,D,0
40.28378,23.44641,296.76,0.49,0.49,2022-04-06,0055,N,VIIRS,n,2,278.89,0.58,N,2
38.03689,23.51368,302.6,0.56,0.52,2022-04-06,0056,N,VIIRS,n,2,283.77,2.06,N,3
35.51626,23.72644,342.05,0.41,0.6,2022-04-06,1036,N,VIIRS,n,2,290.38,3.36,D,0
35.5178,23.72537,325.17,0.41,0.6,2022-04-06,1036,N,VIIRS,n,2,287.77,2.91,D,0
35.51926,23.73099,336.13,0.41,0.6,2022-04-06,1036,N,VIIRS,n,2,290.4,5.48,D,0
39.04028,20.76297,336.48,0.47,0.64,2022-04-06,1037,N,VIIRS,n,2,289.38,3.59,D,0
40.59484,22.7456,327.62,0.34,0.56,2022-04-06,1038,N,VIIRS,n,2,293.78,1.11,D,0
41.63563,26.37245,330.94,0.43,0.46,2022-04-06,1038,N,VIIRS,n,2,299.2,0.93,D,0
40.56271,22.63086,331.41,0.45,0.63,2022-04-06,1218,N,VIIRS,n,2,292.76,2.85,D,0
38.59337,21.15253,327.6,0.36,0.58,2022-04-06,1218,N,VIIRS,n,2,289.59,1.62,D,0
38.59126,21.15283,327.27,0.36,0.58,2022-04-06,1218,N,VIIRS,n,2,289.72,1.42,D,0
38.55449,23.1262,331.15,0.51,0.5,2022-04-07,1159,N,VIIRS,n,2,298.66,3.18,D,0
37.95649,22.63594,339.97,0.48,0.48,2022-04-07,1159,N,VIIRS,n,2,295.9,9.17,D,0
38.37521,24.06304,297.64,0.39,0.36,2022-04-08,0018,N,VIIRS,n,2,285.31,0.57,N,2
39.38697,22.80833,316.5,0.39,0.36,2022-04-08,0018,N,VIIRS,n,2,283.3,1.61,N,2
40.28616,23.44351,297.57,0.39,0.36,2022-04-08,0018,N,VIIRS,n,2,281.34,0.32,N,2
40.7037,22.81585,295.68,0.39,0.36,2022-04-08,0018,N,VIIRS,n,2,281.71,0.79,N,2
38.03799,23.51308,312.97,0.38,0.36,2022-04-08,0018,N,VIIRS,n,2,286.69,1.29,N,0
38.03551,23.59373,296.48,0.38,0.36,2022-04-08,0018,N,VIIRS,n,2,285.49,0.51,N,0
37.91982,23.07085,298.16,0.38,0.36,2022-04-08,0018,N,VIIRS,n,2,288.07,0.85,N,2
41.60635,26.27584,326.61,0.61,0.71,2022-04-08,1000,N,VIIRS,n,2,297.42,1.52,D,0
41.60484,26.27485,326.19,0.61,0.71,2022-04-08,1000,N,VIIRS,n,2,297.36,2.51,D,0
35.40767,23.832,334.99,0.45,0.39,2022-04-08,1139,N,VIIRS,n,2,297.95,4.97,D,0
37.05047,25.43957,345.86,0.55,0.43,2022-04-08,1139,N,VIIRS,n,2,299.17,7.82,D,0
39.06501,22.27052,329.79,0.43,0.38,2022-04-08,1140,N,VIIRS,n,2,302.8,1.12,D,0
40.72496,21.42859,328.54,0.42,0.38,2022-04-08,1140,N,VIIRS,n,2,297.69,2.25,D,0
40.62103,22.66535,332.95,0.46,0.39,2022-04-08,1140,N,VIIRS,n,2,303.35,2.32,D,0
40.49147,22.53668,330.27,0.46,0.39,2022-04-08,1140,N,VIIRS,n,2,299.83,2.98,D,0
38.81709,22.46542,338.48,0.44,0.38,2022-04-08,1140,N,VIIRS,n,2,307.66,3.47,D,0
38.37138,21.10924,331.56,0.4,0.37,2022-04-08,1140,N,VIIRS,n,2,296.34,1.48,D,0
38.08146,22.52513,328,0.43,0.38,2022-04-08,1140,N,VIIRS,n,2,295.71,2.41,D,0
40.70485,22.81341,297.05,0.57,0.43,2022-04-08,2359,N,VIIRS,n,2,271.22,1.1,N,2
38.37474,24.06118,298.19,0.47,0.4,2022-04-08,2359,N,VIIRS,n,2,287.43,0.77,N,2
37.91891,23.07085,300.36,0.51,0.41,2022-04-09,0000,N,VIIRS,n,2,289.72,1.42,N,2
38.03639,23.5109,304.42,0.49,0.4,2022-04-09,0000,N,VIIRS,n,2,286.66,1.27,N,3
37.8108,21.28526,328.53,0.43,0.38,2022-04-09,1121,N,VIIRS,n,2,297.49,3.52,D,0
38.51241,22.98936,336.43,0.39,0.36,2022-04-09,1121,N,VIIRS,n,2,305.03,1.38,D,0
38.55082,22.87444,333.9,0.39,0.36,2022-04-09,1121,N,VIIRS,n,2,305.2,3.47,D,0
39.25796,26.1409,331.45,0.41,0.37,2022-04-09,1121,N,VIIRS,n,2,297.09,3.16,D,0
39.07052,22.91066,329.9,0.39,0.36,2022-04-09,1121,N,VIIRS,n,2,300.86,1.21,D,0
39.1122,21.0178,330,0.42,0.38,2022-04-09,1121,N,VIIRS,n,2,294.18,5.36,D,0
39.11132,21.01287,328.93,0.42,0.38,2022-04-09,1121,N,VIIRS,n,2,297.37,5.36,D,0
40.18818,21.44468,333.19,0.4,0.37,2022-04-09,1121,N,VIIRS,l,2,303.78,2.19,D,0
39.88744,21.66593,335.35,0.4,0.37,2022-04-09,1121,N,VIIRS,n,2,303.1,2.64,D,0
36.89019,22.63113,336.53,0.4,0.37,2022-04-09,1121,N,VIIRS,n,2,306.33,2.45,D,0
38.00043,23.68859,335.6,0.38,0.36,2022-04-09,1121,N,VIIRS,n,2,302.32,1.88,D,0
37.91375,23.06,338.67,0.39,0.36,2022-04-09,1121,N,VIIRS,n,2,301.82,1.09,D,0
40.61119,22.60665,337.08,0.39,0.36,2022-04-09,1122,N,VIIRS,n,2,305.77,10.37,D,0
41.20001,23.20604,336.48,0.38,0.36,2022-04-09,1122,N,VIIRS,l,2,309.21,3.88,D,0
41.51957,26.20689,330.47,0.43,0.38,2022-04-09,1122,N,VIIRS,n,2,304.46,1.94,D,0
40.96655,23.66017,339.44,0.39,0.36,2022-04-09,1122,N,VIIRS,n,2,305.76,2.92,D,0
40.73796,22.29573,337.17,0.39,0.36,2022-04-09,1122,N,VIIRS,n,2,305.67,2.85,D,0
40.55014,21.60893,330.94,0.4,0.37,2022-04-09,1122,N,VIIRS,n,2,299.22,2.74,D,0
40.66287,22.74562,336.88,0.39,0.36,2022-04-09,1122,N,VIIRS,n,2,307.99,2.55,D,0
40.47555,21.64743,332.14,0.4,0.37,2022-04-09,1122,N,VIIRS,n,2,301.78,2.11,D,0
40.61047,22.60212,335.05,0.39,0.36,2022-04-09,1122,N,VIIRS,l,2,305.86,10.37,D,0
40.6079,22.60755,343.82,0.39,0.36,2022-04-09,1122,N,VIIRS,n,2,312.68,10.37,D,0
40.98919,26.33249,296,0.44,0.46,2022-04-09,2340,N,VIIRS,n,2,284.11,0.42,N,0
38.0374,23.50876,304.24,0.57,0.52,2022-04-09,2341,N,VIIRS,n,2,286.36,1.63,N,3
38.03898,23.50998,299.55,0.57,0.52,2022-04-09,2341,N,VIIRS,n,2,286.54,1.32,N,0
38.03675,23.50676,304.81,0.52,0.67,2022-04-10,2322,N,VIIRS,n,2,281.37,1.32,N,3
38.04033,23.50593,296.86,0.52,0.67,2022-04-10,2322,N,VIIRS,n,2,281.42,0.97,N,0
38.03754,23.51119,300.29,0.34,0.56,2022-04-11,0102,N,VIIRS,n,2,282.81,0.64,N,0
38.03655,23.51497,298.26,0.34,0.56,2022-04-11,0102,N,VIIRS,n,2,282.42,0.64,N,3
37.9181,23.07056,295.12,0.32,0.55,2022-04-11,0102,N,VIIRS,n,2,284.61,0.86,N,2
39.99123,23.4556,309.11,0.6,0.53,2022-04-11,0102,N,VIIRS,n,2,269.91,2.03,N,0
40.53399,22.63564,340.39,0.58,0.52,2022-04-11,1044,N,VIIRS,n,2,293.96,9.19,D,0
40.53312,22.63498,344.96,0.57,0.52,2022-04-11,1044,N,VIIRS,n,2,293.69,10.25,D,0
38.35379,21.53906,330.73,0.46,0.64,2022-04-11,1224,N,VIIRS,n,2,291.96,3.66,D,0
38.35052,21.53574,331.01,0.46,0.64,2022-04-11,1224,N,VIIRS,n,2,292.77,1.48,D,0
38.35648,21.53535,330.99,0.46,0.64,2022-04-11,1224,N,VIIRS,n,2,292.44,1.83,D,0
38.35355,21.53365,327.37,0.46,0.64,2022-04-11,1224,N,VIIRS,n,2,291.98,2.25,D,0
40.53176,22.6471,335.72,0.55,0.68,2022-04-11,1225,N,VIIRS,n,2,293.21,3.08,D,0
38.0388,23.5135,298.48,0.39,0.44,2022-04-12,0043,N,VIIRS,n,2,283.79,1.12,N,0
38.03206,23.60493,295.05,0.39,0.44,2022-04-12,0043,N,VIIRS,n,2,283.37,0.76,N,0
38.6578,22.88736,330.3,0.54,0.68,2022-04-12,1025,N,VIIRS,n,2,291.06,2.57,D,0
41.02845,24.78478,329.17,0.37,0.58,2022-04-12,1025,N,VIIRS,n,2,298.83,1.71,D,0
40.53118,22.63094,326.13,0.49,0.65,2022-04-12,1025,N,VIIRS,n,2,293.87,1.63,D,0
35.165,25.31941,330.82,0.38,0.59,2022-04-12,1204,N,VIIRS,n,2,294.58,2.89,D,0
38.44073,23.11533,339.69,0.62,0.54,2022-04-12,1205,N,VIIRS,n,2,302.78,9.69,D,0
38.95124,22.35191,334.68,0.57,0.52,2022-04-12,1205,N,VIIRS,n,2,299.69,3.61,D,0
38.43946,23.11395,342.11,0.62,0.54,2022-04-12,1205,N,VIIRS,n,2,302.63,5.07,D,0
40.6069,22.64677,343.82,0.61,0.54,2022-04-12,1206,N,VIIRS,n,2,304.64,7.07,D,0
41.06404,24.77242,325.22,0.4,0.6,2022-04-12,1206,N,VIIRS,n,2,293.68,2.22,D,0
39.16757,22.84365,295.39,0.39,0.36,2022-04-13,0024,N,VIIRS,n,2,278.96,0.6,N,2
38.37341,24.06148,299.61,0.4,0.37,2022-04-13,0024,N,VIIRS,n,2,282.24,0.77,N,2
38.03876,23.51308,302.62,0.4,0.37,2022-04-13,0025,N,VIIRS,n,2,285.63,1.43,N,0
38.13097,23.52392,296.2,0.4,0.37,2022-04-13,0025,N,VIIRS,n,2,280.67,0.62,N,2
38.03559,23.59201,295.55,0.4,0.37,2022-04-13,0025,N,VIIRS,n,2,282.98,0.6,N,0
37.92005,23.0714,295.19,0.39,0.36,2022-04-13,0025,N,VIIRS,n,2,285.02,0.9,N,2
40.81044,26.11332,327.17,0.55,0.68,2022-04-13,1006,N,VIIRS,n,2,294.99,3.8,D,0
40.80708,26.11002,327.21,0.56,0.68,2022-04-13,1006,N,VIIRS,n,2,294.75,3.53,D,0
35.06279,25.23218,331.32,0.41,0.45,2022-04-13,1145,N,VIIRS,n,2,294.93,4.77,D,0
38.46524,23.08508,328.27,0.53,0.42,2022-04-13,1146,N,VIIRS,n,2,297.7,2.94,D,0
38.82817,22.54714,334.76,0.51,0.41,2022-04-13,1146,N,VIIRS,n,2,292.23,2.81,D,0
38.56668,23.29499,325.39,0.54,0.42,2022-04-13,1146,N,VIIRS,n,2,293.82,2.56,D,3
41.02301,23.84351,334.51,0.41,0.45,2022-04-13,1147,N,VIIRS,n,2,297.89,2.75,D,0
40.94307,24.68479,356.25,0.45,0.47,2022-04-13,1147,N,VIIRS,n,2,299.37,7.72,D,0
40.53751,22.68537,331.02,0.54,0.42,2022-04-13,1147,N,VIIRS,n,2,295.61,2.99,D,0
40.28359,23.44637,298.62,0.45,0.39,2022-04-14,0005,N,VIIRS,n,2,280.23,0.43,N,2
40.71309,23.0514,313.52,0.47,0.4,2022-04-14,0005,N,VIIRS,n,2,276.55,1.88,N,0
38.12997,23.52287,295.46,0.43,0.38,2022-04-14,0006,N,VIIRS,n,2,281.11,0.66,N,2
39.16711,22.84405,302.27,0.47,0.39,2022-04-14,0006,N,VIIRS,n,2,277.73,1.12,N,2
38.03825,23.51143,295.04,0.43,0.38,2022-04-14,0006,N,VIIRS,n,2,284.99,0.93,N,0
37.91855,23.07316,298.94,0.44,0.39,2022-04-14,0006,N,VIIRS,n,2,286.85,0.92,N,2
38.41262,21.1731,332.71,0.39,0.36,2022-04-14,1127,N,VIIRS,n,2,298.33,4.12,D,0
38.41593,21.17223,334.17,0.39,0.36,2022-04-14,1127,N,VIIRS,n,2,296.89,4.12,D,0
38.44284,21.14654,337.03,0.39,0.36,2022-04-14,1127,N,VIIRS,n,2,301.75,5.27,D,0
39.2646,25.91882,331.62,0.45,0.39,2022-04-14,1127,N,VIIRS,n,2,299.26,5.6,D,0
40.33913,21.3044,330.23,0.39,0.36,2022-04-14,1128,N,VIIRS,n,2,298.38,1.56,D,0
41.25837,22.97978,335.39,0.39,0.36,2022-04-14,1128,N,VIIRS,n,2,302.43,4.41,D,0
40.70345,22.5016,337.48,0.39,0.36,2022-04-14,1128,N,VIIRS,n,2,307.06,2.13,D,0
40.49022,21.77543,335.45,0.38,0.36,2022-04-14,1128,N,VIIRS,n,2,297.13,4.33,D,0
40.48693,21.77629,345.67,0.38,0.36,2022-04-14,1128,N,VIIRS,n,2,300.5,4.33,D,0
40.86556,24.75472,338.68,0.43,0.38,2022-04-14,1128,N,VIIRS,n,2,304.61,13.67,D,0
40.56099,22.73906,334.12,0.39,0.36,2022-04-14,1128,N,VIIRS,n,2,301.1,3.37,D,0
40.33984,21.3089,356.65,0.39,0.36,2022-04-14,1128,N,VIIRS,l,2,302.15,15.51,D,0
40.28402,23.44528,296.49,0.5,0.49,2022-04-14,2346,N,VIIRS,n,2,281.08,0.75,N,2
38.3747,24.06121,295.84,0.44,0.46,2022-04-14,2347,N,VIIRS,n,2,282.97,0.83,N,2
38.03917,23.51135,296,0.47,0.48,2022-04-14,2347,N,VIIRS,n,2,285.48,1.15,N,0
38.03982,23.51017,301.25,0.47,0.48,2022-04-14,2347,N,VIIRS,n,2,285.71,1.53,N,0
37.91861,23.07222,298.18,0.49,0.49,2022-04-14,2347,N,VIIRS,n,2,287.07,1.2,N,2
40.28276,23.44281,295.2,0.6,0.71,2022-04-15,0126,N,VIIRS,n,2,279.19,0.69,N,2
37.03762,22.02081,333.12,0.54,0.42,2022-04-15,1108,N,VIIRS,n,2,290.9,4.76,D,0
38.30855,21.81798,332.01,0.52,0.42,2022-04-15,1108,N,VIIRS,n,2,293.12,3.58,D,0
38.90146,22.65439,335.36,0.47,0.4,2022-04-15,1108,N,VIIRS,n,2,301.64,4.63,D,0
38.88003,22.5233,335.82,0.48,0.4,2022-04-15,1108,N,VIIRS,n,2,298.96,2.9,D,0
38.91738,21.83389,326.49,0.51,0.41,2022-04-15,1109,N,VIIRS,n,2,294.07,2.82,D,0
39.17133,20.97911,341.38,0.55,0.43,2022-04-15,1109,N,VIIRS,n,2,301.81,9.38,D,0
39.17164,20.98399,327.46,0.55,0.43,2022-04-15,1109,N,VIIRS,n,2,299.7,4.98,D,0
39.17033,20.97776,331.77,0.55,0.43,2022-04-15,1109,N,VIIRS,n,2,301.09,5.13,D,0
39.87988,21.88933,330.55,0.49,0.4,2022-04-15,1109,N,VIIRS,n,2,298.25,6.55,D,0
40.80651,26.13026,333.31,0.38,0.36,2022-04-15,1109,N,VIIRS,n,2,303.22,3.8,D,0
40.25766,21.86817,333.54,0.48,0.4,2022-04-15,1109,N,VIIRS,n,2,303.45,8.51,D,0
40.94309,24.9019,331.8,0.39,0.36,2022-04-15,1109,N,VIIRS,n,2,300.41,3.8,D,0
40.69484,22.76721,337.62,0.44,0.39,2022-04-15,1109,N,VIIRS,n,2,303.15,5.58,D,0
35.3497,23.84301,295.07,0.39,0.59,2022-04-15,2329,N,VIIRS,n,2,278.2,0.81,N,0
35.23923,23.60742,299.91,0.49,0.65,2022-04-16,0109,N,VIIRS,n,2,279.71,0.76,N,0
35.24363,23.60823,302.43,0.49,0.65,2022-04-16,0109,N,VIIRS,n,2,280.64,0.59,N,0
38.03672,23.50993,320.17,0.46,0.47,2022-04-17,0050,N,VIIRS,n,2,274.13,2.49,N,3
38.03555,23.51513,298.26,0.46,0.47,2022-04-17,0050,N,VIIRS,n,2,271.83,1.57,N,3
40.28318,23.44486,296.79,0.42,0.45,2022-04-19,2352,N,VIIRS,n,2,279.3,0.69,N,2
38.13058,23.52355,299.97,0.39,0.44,2022-04-19,2353,N,VIIRS,n,2,280.62,0.83,N,2
37.9185,23.07176,297.97,0.41,0.45,2022-04-19,2353,N,VIIRS,n,2,284.82,0.82,N,2
39.16863,22.8428,297.73,0.43,0.46,2022-04-19,2353,N,VIIRS,n,2,277.97,1.18,N,2
35.40781,23.95908,333.13,0.42,0.38,2022-04-20,1114,N,VIIRS,n,2,294.13,3.29,D,0
38.13108,23.52379,296.24,0.35,0.57,2022-04-20,2334,N,VIIRS,n,2,276.96,0.63,N,2
38.07682,23.63372,311.49,0.34,0.56,2022-04-20,2334,N,VIIRS,n,2,277.51,0.88,N,0
38.07703,23.63614,299.85,0.34,0.56,2022-04-20,2334,N,VIIRS,n,2,277.55,0.35,N,0
40.28453,23.44387,299.61,0.42,0.61,2022-04-21,0114,N,VIIRS,n,2,279.83,0.81,N,2
38.5664,23.29267,307.25,0.46,0.64,2022-04-21,0114,N,VIIRS,n,2,280.56,1.35,N,2
39.16973,20.7752,335.91,0.35,0.57,2022-04-22,1218,N,VIIRS,n,2,292.35,3.3,D,0
40.28474,23.44383,296.13,0.46,0.39,2022-04-23,0036,N,VIIRS,n,2,283.35,0.67,N,2
38.12879,23.52454,299.78,0.49,0.41,2022-04-23,0037,N,VIIRS,n,2,283.51,0.74,N,2
39.35358,22.9833,302.33,0.45,0.39,2022-04-23,0037,N,VIIRS,n,2,285.4,0.78,N,2
39.0774,20.87406,330.19,0.4,0.44,2022-04-23,1159,N,VIIRS,n,2,292.05,2.19,D,0
40.28416,23.44583,301.33,0.39,0.36,2022-04-24,0018,N,VIIRS,n,2,285.04,0.65,N,2
37.91858,23.07219,302.49,0.38,0.36,2022-04-24,0018,N,VIIRS,n,2,290.14,1.1,N,2
38.37375,24.06211,302.58,0.39,0.36,2022-04-24,0018,N,VIIRS,n,2,286.27,0.54,N,2
38.1297,23.52554,314.94,0.38,0.36,2022-04-24,0018,N,VIIRS,n,2,288.01,1.46,N,2
35.20505,25.34582,295.67,0.42,0.38,2022-04-24,0019,N,VIIRS,n,2,282.26,0.37,N,0
37.96402,23.40045,302.95,0.5,0.41,2022-04-24,2359,N,VIIRS,n,2,285.63,0.93,N,3
37.96027,23.39976,319.53,0.5,0.41,2022-04-24,2359,N,VIIRS,n,2,284.92,0.93,N,0
37.91783,23.07218,300.2,0.51,0.41,2022-04-24,2359,N,VIIRS,n,2,288.09,0.9,N,2
38.13022,23.52251,304.75,0.5,0.41,2022-04-24,2359,N,VIIRS,n,2,283.72,1.23,N,2
38.37473,24.0594,297.58,0.47,0.4,2022-04-24,2359,N,VIIRS,n,2,281.21,0.79,N,2
35.01731,25.6342,336.68,0.39,0.36,2022-04-25,1120,N,VIIRS,n,2,303.45,2.92,D,0
35.01967,25.63424,337.11,0.39,0.36,2022-04-25,1120,N,VIIRS,n,2,304.3,3.81,D,0
39.18399,22.39847,335.43,0.39,0.36,2022-04-25,1121,N,VIIRS,n,2,302.57,2.44,D,0
40.72511,22.69077,337.42,0.39,0.36,2022-04-25,1121,N,VIIRS,n,2,305.19,1.93,D,0
40.68703,22.81904,337.28,0.38,0.36,2022-04-25,1121,N,VIIRS,n,2,305.29,1.57,D,0
38.12941,23.52185,301.97,0.57,0.52,2022-04-25,2340,N,VIIRS,n,2,288.39,1.87,N,2
38.13079,23.5223,302.22,0.57,0.52,2022-04-25,2340,N,VIIRS,n,2,288.09,0.79,N,2
40.69855,22.94995,298,0.46,0.64,2022-04-26,0120,N,VIIRS,n,2,285.73,0.61,N,0
40.28371,23.44196,295.57,0.5,0.66,2022-04-26,0120,N,VIIRS,n,2,283.55,0.42,N,0
37.69865,21.40354,339.33,0.45,0.47,2022-04-26,1102,N,VIIRS,n,2,299.92,3.94,D,0
38.34963,21.54644,328.41,0.43,0.46,2022-04-26,1102,N,VIIRS,l,2,298.62,1.25,D,0
41.71092,26.3283,332.56,0.39,0.36,2022-04-26,1103,N,VIIRS,n,2,301.85,1.99,D,0
40.65105,21.24124,335,0.4,0.44,2022-04-26,1103,N,VIIRS,n,2,302.85,3.05,D,0
38.12787,23.52341,298.8,0.52,0.67,2022-04-26,2321,N,VIIRS,n,2,284.09,0.28,N,2
39.35522,22.98155,298.44,0.59,0.53,2022-04-27,0102,N,VIIRS,n,2,286.45,1.46,N,0
38.37314,24.06173,299.22,0.35,0.57,2022-04-27,0102,N,VIIRS,n,2,288.14,0.66,N,2
38.19533,22.13065,332.72,0.35,0.57,2022-04-27,1043,N,VIIRS,n,2,296.98,1.6,D,0
41.19671,23.28873,342.6,0.52,0.5,2022-04-27,1044,N,VIIRS,n,2,307.66,7.64,D,0
41.19816,23.29471,340.99,0.52,0.5,2022-04-27,1044,N,VIIRS,n,2,307.58,7.64,D,0
40.79198,21.13009,344.66,0.46,0.63,2022-04-27,1224,N,VIIRS,n,2,301.8,6.02,D,0
39.35424,22.98684,304.73,0.52,0.42,2022-04-28,0043,N,VIIRS,n,2,287.18,0.84,N,2
39.35281,22.98716,301.13,0.52,0.42,2022-04-28,0043,N,VIIRS,n,2,287.26,1.31,N,2
40.28295,23.4464,295.64,0.52,0.42,2022-04-28,0043,N,VIIRS,n,2,284.76,0.49,N,2
38.37327,24.06079,301.23,0.4,0.45,2022-04-28,0043,N,VIIRS,n,2,286.93,0.84,N,2
38.85652,23.44451,331.15,0.32,0.55,2022-04-28,1205,N,VIIRS,n,2,302.61,2.47,D,0
38.07362,23.63355,303.67,0.4,0.37,2022-04-29,0024,N,VIIRS,n,2,287.37,0.59,N,0
38.37549,24.06229,299.87,0.4,0.37,2022-04-29,0024,N,VIIRS,n,2,287.31,0.83,N,3
38.13034,23.52695,309.22,0.4,0.37,2022-04-29,0024,N,VIIRS,n,2,289.91,0.67,N,2
40.28527,23.44625,298.53,0.39,0.36,2022-04-29,0024,N,VIIRS,n,2,285.96,0.39,N,2
39.38865,22.8074,300.03,0.39,0.36,2022-04-29,0024,N,VIIRS,n,2,277.79,0.38,N,0
39.38536,22.80651,302.46,0.39,0.36,2022-04-29,0024,N,VIIRS,n,2,277.91,0.53,N,2
39.35336,22.98297,297.34,0.39,0.36,2022-04-29,0024,N,VIIRS,n,2,277.66,0.82,N,2
37.9179,23.07222,302.83,0.39,0.36,2022-04-29,0025,N,VIIRS,n,2,288.54,0.97,N,2
38.62215,23.21675,329.31,0.39,0.36,2022-04-30,1127,N,VIIRS,n,2,291.72,1.33,D,0
38.62546,23.21599,332.08,0.39,0.36,2022-04-30,1127,N,VIIRS,n,2,291.95,3.11,D,0
38.12844,23.52477,295.89,0.47,0.48,2022-04-30,2347,N,VIIRS,n,2,276.58,0.94,N,2
38.37366,24.05819,295.93,0.48,0.48,2022-05-03,0049,N,VIIRS,n,2,283.01,0.97,N,2
38.37398,24.06284,297.65,0.48,0.48,2022-05-03,0049,N,VIIRS,n,2,283.03,1,N,2
37.91801,23.07389,295.91,0.44,0.46,2022-05-03,0050,N,VIIRS,n,2,285.31,0.91,N,2
37.35411,23.4925,295.22,0.44,0.38,2022-05-04,0031,N,VIIRS,n,2,282.57,0.54,N,0
40.28621,23.44332,295.64,0.41,0.37,2022-05-05,0011,N,VIIRS,n,2,283.19,0.5,N,2
40.70641,22.81726,295.3,0.43,0.38,2022-05-05,0011,N,VIIRS,n,2,282.76,0.83,N,0
40.70706,22.81217,307.54,0.43,0.38,2022-05-05,0011,N,VIIRS,n,2,283.26,1.15,N,0
38.12961,23.52554,311.86,0.4,0.37,2022-05-05,0012,N,VIIRS,n,2,283.91,1.33,N,2
39.35459,22.98425,302.08,0.41,0.37,2022-05-05,0012,N,VIIRS,n,2,285.29,0.83,N,2
39.1679,22.84464,298.31,0.42,0.37,2022-05-05,0012,N,VIIRS,n,2,282.18,1,N,2
38.37338,24.06046,299.85,0.39,0.36,2022-05-05,0012,N,VIIRS,n,2,282.88,0.75,N,2
38.04055,23.51091,297.77,0.4,0.37,2022-05-05,0012,N,VIIRS,n,2,287.34,0.92,N,0
38.0372,23.51012,310.64,0.4,0.37,2022-05-05,0012,N,VIIRS,n,2,286.07,0.92,N,3
37.9177,23.07176,298.64,0.4,0.37,2022-05-05,0012,N,VIIRS,n,2,287.09,1.08,N,2
38.85619,23.44582,331.45,0.42,0.38,2022-05-05,1133,N,VIIRS,l,2,305.82,2.91,D,0
37.07132,22.00997,331.81,0.39,0.36,2022-05-05,1133,N,VIIRS,n,2,298.34,1.27,D,0
40.64253,22.71743,336.84,0.41,0.37,2022-05-05,1134,N,VIIRS,n,2,304.26,4.11,D,0
40.64316,22.72232,336.97,0.41,0.37,2022-05-05,1134,N,VIIRS,n,2,305.89,4.11,D,0
39.17136,22.83914,298.92,0.43,0.46,2022-05-05,2353,N,VIIRS,n,2,281.48,0.94,N,2
38.03933,23.50783,301.72,0.39,0.44,2022-05-05,2353,N,VIIRS,n,2,286.03,1.34,N,0
37.91897,23.07219,299.97,0.41,0.45,2022-05-05,2353,N,VIIRS,n,2,288.48,1.27,N,2
38.12833,23.52418,308.96,0.39,0.44,2022-05-05,2353,N,VIIRS,n,2,283.48,1.17,N,2
39.16854,22.84279,302.66,0.43,0.46,2022-05-05,2353,N,VIIRS,n,2,282.25,1.54,N,2
38.03959,23.51085,300.66,0.39,0.44,2022-05-05,2353,N,VIIRS,n,2,288.3,1.15,N,0
38.03888,23.51238,301.06,0.39,0.44,2022-05-05,2353,N,VIIRS,n,2,287.51,1.26,N,0
39.16555,22.84434,299.17,0.39,0.59,2022-05-06,2334,N,VIIRS,n,2,279.13,0.87,N,2
39.3534,22.98303,304.06,0.42,0.61,2022-05-07,0114,N,VIIRS,n,2,284.76,1.27,N,2
37.16803,21.5732,343.65,0.55,0.51,2022-05-07,1055,N,VIIRS,n,2,292.81,4.6,D,0
39.35303,22.98389,298.73,0.49,0.48,2022-05-08,0055,N,VIIRS,n,2,284.37,1.32,N,2
39.16913,22.83919,299.64,0.48,0.48,2022-05-08,0055,N,VIIRS,n,2,281.71,1.53,N,2
40.28527,23.44391,296.96,0.45,0.39,2022-05-09,0036,N,VIIRS,n,2,283.41,0.55,N,2
39.35326,22.98466,298.5,0.45,0.39,2022-05-09,0037,N,VIIRS,n,2,283.12,0.85,N,2
40.28558,23.44535,298.96,0.39,0.36,2022-05-10,0017,N,VIIRS,n,2,284.98,0.64,N,2
40.70616,22.81551,305.98,0.4,0.37,2022-05-10,0017,N,VIIRS,n,2,284.83,1.04,N,2
39.16747,22.84517,300.21,0.39,0.36,2022-05-10,0018,N,VIIRS,n,2,281.97,0.91,N,2
38.12814,23.52516,310.96,0.38,0.36,2022-05-10,0018,N,VIIRS,n,2,286.53,1.15,N,2
38.37241,24.0622,298.84,0.38,0.36,2022-05-10,0018,N,VIIRS,n,2,284.3,1.08,N,2
39.35346,22.98438,306.3,0.39,0.36,2022-05-10,0018,N,VIIRS,n,2,287.05,1.06,N,2
38.62151,21.28078,334.36,0.4,0.37,2022-05-10,1140,N,VIIRS,l,2,306.5,1.33,D,0
38.62937,21.36497,336.8,0.41,0.37,2022-05-10,1140,N,VIIRS,n,2,305.73,1.47,D,0
41.2578,26.35162,302.1,0.42,0.38,2022-05-10,2358,N,VIIRS,n,2,280.47,1.02,N,0
38.13103,23.52546,303.43,0.5,0.41,2022-05-10,2359,N,VIIRS,n,2,286.7,1,N,2
38.07636,23.63599,300.21,0.49,0.4,2022-05-10,2359,N,VIIRS,n,2,281.1,0.36,N,0
40.7059,22.81983,331.53,0.39,0.36,2022-05-11,1121,N,VIIRS,l,2,306.03,3.43,D,0
40.70518,22.81531,334.06,0.39,0.36,2022-05-11,1121,N,VIIRS,l,2,308.33,3.43,D,2
39.17228,22.83999,295.06,0.32,0.55,2022-05-11,2340,N,VIIRS,n,2,283.65,0.92,N,2
38.13153,23.52599,297.13,0.57,0.52,2022-05-11,2340,N,VIIRS,n,2,284.58,0.96,N,2
38.37483,24.0588,296.84,0.54,0.51,2022-05-11,2340,N,VIIRS,n,2,285.9,1.08,N,2
39.16695,22.84318,299.42,0.32,0.55,2022-05-11,2340,N,VIIRS,n,2,282.01,1.32,N,2
39.38462,22.80608,295.33,0.32,0.55,2022-05-11,2340,N,VIIRS,n,2,282.87,0.21,N,2
39.38974,22.80652,295.26,0.32,0.55,2022-05-11,2340,N,VIIRS,n,2,283.35,0.23,N,0
39.35352,22.98153,300.72,0.5,0.66,2022-05-12,0120,N,VIIRS,n,2,284.88,1.14,N,2
37.16785,21.57425,342.93,0.45,0.47,2022-05-12,1102,N,VIIRS,n,2,295.84,3.37,D,0
39.51564,21.50717,333.97,0.41,0.45,2022-05-12,1102,N,VIIRS,n,2,289.25,3.58,D,0
40.28384,23.44603,297.93,0.52,0.42,2022-05-14,0042,N,VIIRS,n,2,285.92,0.63,N,2
38.37408,24.06026,306.54,0.4,0.44,2022-05-14,0043,N,VIIRS,n,2,287.31,0.78,N,2
39.38623,22.80501,301.4,0.51,0.41,2022-05-14,0043,N,VIIRS,n,2,284.18,0.8,N,2
38.12798,23.52566,298.47,0.38,0.43,2022-05-14,0043,N,VIIRS,n,2,284.11,0.51,N,2
38.07037,23.63684,297.75,0.39,0.44,2022-05-14,0043,N,VIIRS,n,2,284.74,0.09,N,0
38.10754,23.57969,350.83,0.32,0.55,2022-05-14,1204,N,VIIRS,n,2,304.54,6.88,D,0
38.37404,24.06342,304.5,0.4,0.37,2022-05-15,0024,N,VIIRS,n,2,286.48,0.47,N,2
39.16649,22.84372,295.2,0.39,0.36,2022-05-15,0024,N,VIIRS,n,2,275.64,0.9,N,2
39.35429,22.98655,307.65,0.39,0.36,2022-05-15,0024,N,VIIRS,n,2,284.16,0.61,N,2
39.38694,22.80572,321.29,0.38,0.36,2022-05-15,0024,N,VIIRS,n,2,281.09,1.19,N,2
40.28447,23.44584,301.67,0.39,0.36,2022-05-15,0024,N,VIIRS,n,2,286.65,0.54,N,2
40.70576,22.81273,297.55,0.38,0.36,2022-05-15,0024,N,VIIRS,n,2,287.37,0.8,N,0
38.129,23.52471,312.54,0.4,0.37,2022-05-15,0024,N,VIIRS,n,2,288.11,1.22,N,2
38.03086,23.60366,304.61,0.4,0.37,2022-05-15,0024,N,VIIRS,n,2,289.69,1.54,N,0
39.16964,22.83891,301.42,0.47,0.4,2022-05-16,0005,N,VIIRS,n,2,288.99,0.69,N,2
37.9181,23.07379,302.03,0.45,0.39,2022-05-16,0005,N,VIIRS,n,2,291.57,1.39,N,2
38.13082,23.52487,307.51,0.43,0.38,2022-05-16,0005,N,VIIRS,n,2,289.07,1.23,N,2
38.56528,23.29478,301.92,0.45,0.39,2022-05-16,0005,N,VIIRS,n,2,288.41,0.74,N,2
39.169,22.84434,301.45,0.47,0.4,2022-05-16,0005,N,VIIRS,n,2,288.44,1.1,N,2
35.38692,24.92715,306.65,0.39,0.36,2022-05-16,0006,N,VIIRS,n,2,288.43,0.57,N,0
38.45037,23.55372,336.94,0.39,0.36,2022-05-16,1127,N,VIIRS,n,2,305.66,3.34,D,0
40.28529,23.4425,300.01,0.5,0.49,2022-05-16,2346,N,VIIRS,n,2,288.32,0.78,N,2
38.12948,23.52663,299.68,0.47,0.48,2022-05-16,2346,N,VIIRS,n,2,287.79,1.48,N,2
38.3736,24.06166,301.26,0.45,0.47,2022-05-16,2346,N,VIIRS,n,2,289.4,0.59,N,2
40.28535,23.44203,298.08,0.5,0.49,2022-05-16,2346,N,VIIRS,n,2,287.91,0.57,N,0
40.28646,23.44354,297.63,0.59,0.7,2022-05-17,0126,N,VIIRS,n,2,286.7,0.46,N,2
40.28591,23.44431,298.5,0.59,0.7,2022-05-17,0126,N,VIIRS,n,2,286.75,0.46,N,2
37.91951,23.07214,297.98,0.67,0.73,2022-05-17,0127,N,VIIRS,n,2,286.89,1.5,N,2
39.72184,22.5928,336.72,0.47,0.4,2022-05-17,1108,N,VIIRS,l,2,309.73,5.86,D,0
38.37379,24.06091,296.35,0.4,0.6,2022-05-17,2327,N,VIIRS,n,2,279,0.6,N,2
40.28371,23.4438,305.74,0.35,0.57,2022-05-18,0107,N,VIIRS,n,2,286.96,0.34,N,2
39.3552,22.98587,306.23,0.35,0.57,2022-05-18,0108,N,VIIRS,n,2,288.62,0.46,N,2
38.37283,24.05912,302.32,0.42,0.61,2022-05-18,0108,N,VIIRS,n,2,288.18,0.44,N,2
39.38606,22.80743,300.16,0.34,0.56,2022-05-18,0108,N,VIIRS,n,2,286.87,0.26,N,2
40.28489,23.44517,300.03,0.41,0.45,2022-05-19,0049,N,VIIRS,n,2,284.6,1.21,N,2
41.02882,23.60639,342.26,0.36,0.58,2022-05-19,1031,N,VIIRS,n,2,296.94,2.66,D,0
38.91018,20.87236,325.41,0.57,0.52,2022-05-19,1211,N,VIIRS,l,2,300.17,2.45,D,0
38.5649,23.29445,367,0.38,0.59,2022-05-19,1211,N,VIIRS,h,2,293.46,6.19,D,2
38.03239,23.60597,304.73,0.43,0.38,2022-05-20,0030,N,VIIRS,n,2,287.67,0.95,N,0
40.70659,22.81583,296.78,0.39,0.37,2022-05-20,0030,N,VIIRS,n,2,286.15,0.46,N,2
40.28595,23.44456,297.68,0.41,0.37,2022-05-20,0030,N,VIIRS,n,2,284.78,0.71,N,2
39.35385,22.98442,306.99,0.41,0.37,2022-05-20,0030,N,VIIRS,n,2,287.58,1.43,N,2
38.37477,24.06093,299.59,0.44,0.39,2022-05-20,0030,N,VIIRS,n,2,285.29,0.88,N,2
38.1285,23.5238,305.29,0.43,0.38,2022-05-20,0030,N,VIIRS,n,2,285.82,1.09,N,2
38.07377,23.63854,308.95,0.43,0.38,2022-05-20,0030,N,VIIRS,n,2,284.66,0.92,N,0
37.91838,23.07424,301.57,0.42,0.38,2022-05-20,0031,N,VIIRS,n,2,289.85,0.9,N,2
37.98427,22.99318,340.6,0.41,0.45,2022-05-20,1152,N,VIIRS,n,2,301.38,4.92,D,0
38.66296,21.36265,339.09,0.52,0.41,2022-05-20,1152,N,VIIRS,n,2,307.17,4.89,D,0
37.98386,22.98898,341.35,0.41,0.45,2022-05-20,1152,N,VIIRS,n,2,301.95,3.69,D,0
39.16806,22.84279,300.67,0.42,0.38,2022-05-21,0011,N,VIIRS,n,2,285.61,1.04,N,2
40.70758,22.81328,297.69,0.43,0.38,2022-05-21,0011,N,VIIRS,n,2,286.96,0.74,N,2
40.70409,22.81248,298.66,0.43,0.38,2022-05-21,0011,N,VIIRS,n,2,287.02,1.11,N,0
40.28494,23.4465,302.6,0.41,0.37,2022-05-21,0011,N,VIIRS,n,2,287.35,0.53,N,2
39.35447,22.98326,306.33,0.42,0.37,2022-05-21,0011,N,VIIRS,n,2,288.64,0.61,N,2
38.12798,23.52693,304.76,0.4,0.37,2022-05-21,0012,N,VIIRS,n,2,286.92,0.74,N,2
38.37565,24.05984,296.78,0.39,0.36,2022-05-21,0012,N,VIIRS,n,2,285.97,0.77,N,3
38.12862,23.52245,304.78,0.4,0.37,2022-05-21,0012,N,VIIRS,n,2,287.47,0.91,N,2
39.35476,20.31449,333.98,0.38,0.36,2022-05-21,1133,N,VIIRS,n,2,304.24,5.84,D,0
40.63005,22.13446,339.15,0.4,0.37,2022-05-21,1134,N,VIIRS,n,2,312.35,1.78,D,0
40.91838,24.6681,342.4,0.48,0.4,2022-05-21,1134,N,VIIRS,n,2,309.23,4.34,D,0
40.2858,23.44525,298.5,0.42,0.45,2022-05-21,2352,N,VIIRS,n,2,287.29,0.52,N,2
38.37419,24.06032,299.56,0.56,0.43,2022-05-21,2353,N,VIIRS,n,2,286.76,1.03,N,2
38.12929,23.52485,307.09,0.39,0.44,2022-05-21,2353,N,VIIRS,n,2,287.33,1.45,N,2
38.56767,23.29489,335.59,0.41,0.37,2022-05-22,1114,N,VIIRS,l,2,291.32,4.41,D,3
39.16608,22.8439,297.44,0.39,0.59,2022-05-22,2333,N,VIIRS,n,2,285.7,0.65,N,2
40.28635,23.44415,300.2,0.37,0.58,2022-05-22,2333,N,VIIRS,n,2,288.35,0.36,N,2
38.12963,23.52468,309.01,0.35,0.57,2022-05-22,2334,N,VIIRS,n,2,288.65,0.87,N,2
38.13143,23.52572,304.19,0.35,0.57,2022-05-22,2334,N,VIIRS,n,2,288.45,0.8,N,2
38.37373,24.06097,300.37,0.5,0.66,2022-05-23,0114,N,VIIRS,n,2,285.5,0.82,N,2
39.38404,22.80561,296.35,0.41,0.61,2022-05-23,0114,N,VIIRS,n,2,284.66,0.37,N,0
39.38933,22.80827,300.61,0.41,0.61,2022-05-23,0114,N,VIIRS,n,2,285.4,0.37,N,0
40.28606,23.44547,300.68,0.42,0.61,2022-05-23,0114,N,VIIRS,n,2,288.93,0.38,N,2
38.12891,23.52619,299.04,0.55,0.51,2022-05-24,0055,N,VIIRS,n,2,287.74,0.89,N,2
39.35215,22.98515,300.5,0.48,0.48,2022-05-24,0055,N,VIIRS,n,2,287.1,1.07,N,2
38.56383,23.2948,299.53,0.52,0.5,2022-05-24,0055,N,VIIRS,n,2,288.39,0.64,N,2
39.16675,22.84275,303.56,0.45,0.39,2022-05-25,0036,N,VIIRS,n,2,290.13,0.72,N,2
40.28392,23.4439,300.37,0.45,0.39,2022-05-25,0036,N,VIIRS,n,2,289.58,0.52,N,2
39.35521,22.98708,307.72,0.45,0.39,2022-05-25,0036,N,VIIRS,n,2,291.9,0.75,N,2
37.91929,23.07203,305.33,0.47,0.4,2022-05-25,0037,N,VIIRS,n,2,294.56,1.52,N,2
38.12972,23.52384,305.48,0.49,0.4,2022-05-25,0037,N,VIIRS,n,2,290.32,1.36,N,2
38.08187,23.63934,342.99,0.53,0.5,2022-05-25,1158,N,VIIRS,n,2,311.08,5.15,D,0
38.40016,21.28005,339.33,0.4,0.44,2022-05-25,1158,N,VIIRS,n,2,306.54,2.26,D,0
38.11135,23.57082,341.28,0.53,0.5,2022-05-25,1158,N,VIIRS,n,2,310.46,5.47,D,0
38.0788,23.63763,340.32,0.53,0.5,2022-05-25,1158,N,VIIRS,l,2,312.38,5.25,D,0
37.91727,22.80993,338.53,0.48,0.48,2022-05-25,1158,N,VIIRS,n,2,307.31,3.04,D,0
40.28424,23.44595,304.11,0.39,0.36,2022-05-26,0017,N,VIIRS,n,2,291.06,0.47,N,2
39.38848,22.80803,306.53,0.39,0.36,2022-05-26,0017,N,VIIRS,n,2,291.6,0.81,N,2
39.38516,22.80723,308.57,0.39,0.36,2022-05-26,0017,N,VIIRS,n,2,291.73,0.81,N,2
39.35535,22.98646,308.1,0.39,0.36,2022-05-26,0017,N,VIIRS,n,2,293.23,1.21,N,2
40.70498,22.8143,305.88,0.4,0.37,2022-05-26,0017,N,VIIRS,n,2,292.21,0.95,N,2
38.37534,24.06139,303.92,0.38,0.36,2022-05-26,0018,N,VIIRS,n,2,292.52,0.72,N,3
38.1308,23.52449,306.61,0.38,0.36,2022-05-26,0018,N,VIIRS,n,2,292.61,1.07,N,2
37.91816,23.07437,305.82,0.39,0.36,2022-05-26,0018,N,VIIRS,n,2,295.81,1.39,N,2
39.16604,22.8465,302.87,0.39,0.36,2022-05-26,0018,N,VIIRS,n,2,290.41,0.71,N,2
41.20068,23.28366,335.78,0.49,0.4,2022-05-26,1140,N,VIIRS,l,2,308.48,2.46,D,0
40.70388,22.81586,301.36,0.38,0.43,2022-05-26,2358,N,VIIRS,n,2,290.9,0.73,N,2
39.14178,20.88106,299.54,0.46,0.47,2022-05-26,2359,N,VIIRS,n,2,285.04,0.99,N,0
39.14201,20.88042,301.34,0.46,0.47,2022-05-26,2359,N,VIIRS,n,2,284.9,0.57,N,0
39.13765,20.87976,295.83,0.46,0.47,2022-05-26,2359,N,VIIRS,n,2,284.76,0.57,N,0
39.16774,22.84293,298.02,0.55,0.43,2022-05-26,2359,N,VIIRS,n,2,285.7,0.41,N,2
38.13062,23.52468,309.56,0.5,0.41,2022-05-26,2359,N,VIIRS,n,2,292.59,1.42,N,2
38.13081,23.52282,308.57,0.5,0.41,2022-05-26,2359,N,VIIRS,n,2,292.2,1.44,N,2
38.37415,24.05957,304.56,0.48,0.4,2022-05-26,2359,N,VIIRS,n,2,293.26,0.63,N,2
38.56534,23.29643,347.5,0.39,0.36,2022-05-27,1120,N,VIIRS,n,2,311.75,5.87,D,2
40.70388,22.81753,353.87,0.39,0.36,2022-05-27,1121,N,VIIRS,n,2,308.43,5.45,D,0
39.38556,22.80565,305.91,0.33,0.55,2022-05-27,2340,N,VIIRS,n,2,288.52,0.53,N,2
39.35452,22.98168,300.56,0.5,0.66,2022-05-28,0120,N,VIIRS,n,2,287.2,1.36,N,2
38.13037,23.52295,298.73,0.53,0.67,2022-05-28,2321,N,VIIRS,n,2,284.72,0.86,N,2
38.13073,23.52567,295.62,0.33,0.55,2022-05-29,0102,N,VIIRS,n,2,281.79,1.02,N,2
36.96588,27.03001,342.54,0.43,0.46,2022-05-29,1042,N,VIIRS,n,2,306.64,15.8,D,0
36.96174,27.03124,335.94,0.43,0.46,2022-05-29,1042,N,VIIRS,l,2,307.02,15.8,D,0
39.35613,22.98374,304.32,0.51,0.41,2022-05-30,0042,N,VIIRS,n,2,290.36,1.68,N,2
38.03258,23.6048,313.15,0.39,0.44,2022-05-30,0043,N,VIIRS,n,2,291.62,2,N,0
39.16813,22.84344,303.76,0.51,0.41,2022-05-30,0043,N,VIIRS,n,2,289.7,1.57,N,2
38.13084,23.52553,299.36,0.57,0.43,2022-05-30,0043,N,VIIRS,n,2,288.73,0.9,N,2
39.58179,22.35633,367,0.55,0.68,2022-05-30,1024,N,VIIRS,h,2,300.18,14.88,D,0
39.58199,22.35726,340.54,0.57,0.52,2022-05-30,1205,N,VIIRS,n,2,305.75,2.89,D,0
39.58031,22.35564,337.44,0.57,0.52,2022-05-30,1205,N,VIIRS,n,2,305.81,5.09,D,0
40.95451,24.70214,329.54,0.39,0.59,2022-05-30,1205,N,VIIRS,n,2,297.6,1.88,D,0
40.28576,23.44605,304.5,0.39,0.36,2022-05-31,0023,N,VIIRS,n,2,290.98,0.62,N,2
37.91786,23.07337,305.59,0.39,0.36,2022-05-31,0024,N,VIIRS,n,2,294.91,1.16,N,2
38.03484,23.59116,303.52,0.4,0.37,2022-05-31,0024,N,VIIRS,n,2,293.23,0.72,N,0
39.35583,22.98347,311.03,0.39,0.36,2022-05-31,0024,N,VIIRS,n,2,292.25,0.66,N,2
39.16719,22.84548,305.32,0.38,0.36,2022-05-31,0024,N,VIIRS,n,2,290.08,1.2,N,2
38.37298,24.06213,304.3,0.4,0.37,2022-05-31,0024,N,VIIRS,n,2,293.2,0.61,N,2
38.1306,23.52584,310.06,0.39,0.36,2022-05-31,0024,N,VIIRS,n,2,293.48,1.58,N,2
38.06144,23.31845,344.18,0.53,0.42,2022-05-31,1145,N,VIIRS,n,2,313.71,6.16,D,0
39.17017,20.98535,333.15,0.44,0.38,2022-05-31,1146,N,VIIRS,l,2,303.54,2.02,D,0
40.28491,23.44515,303.48,0.46,0.39,2022-06-01,0004,N,VIIRS,n,2,290.72,0.8,N,2
38.31539,23.6251,337.19,0.39,0.36,2022-06-01,1126,N,VIIRS,l,2,310.2,6.66,D,0
37.99569,23.63568,321.5,0.39,0.36,2022-06-01,1126,N,VIIRS,l,2,321.93,64.34,D,0
37.99964,23.63934,338.23,0.39,0.36,2022-06-01,1126,N,VIIRS,n,2,306.55,28.3,D,0
38.03229,23.60479,342.06,0.39,0.36,2022-06-01,1126,N,VIIRS,n,2,311.41,5.34,D,0
39.38784,22.80865,300.29,0.54,0.51,2022-06-01,2346,N,VIIRS,n,2,288.52,0.81,N,2
38.12918,23.52199,303.27,0.48,0.48,2022-06-01,2346,N,VIIRS,n,2,291.51,0.59,N,2
38.37314,24.06018,305.58,0.45,0.47,2022-06-01,2346,N,VIIRS,n,2,291.5,1.03,N,2
39.1687,22.84246,299.98,0.53,0.5,2022-06-01,2346,N,VIIRS,n,2,289.15,0.92,N,2
39.35497,22.9856,301.57,0.6,0.7,2022-06-02,0126,N,VIIRS,n,2,288.11,1.09,N,2
39.35543,22.98457,302.41,0.59,0.7,2022-06-02,0126,N,VIIRS,n,2,288.03,1.36,N,2
40.6616,22.79011,335.68,0.45,0.39,2022-06-02,1108,N,VIIRS,n,2,306.47,2.17,D,0
39.53413,22.52691,338.22,0.48,0.4,2022-06-02,1108,N,VIIRS,n,2,308.33,2.6,D,0
39.06726,21.00039,334.65,0.56,0.43,2022-06-02,1108,N,VIIRS,n,2,303.08,3.44,D,0
39.41129,22.87348,331.77,0.46,0.39,2022-06-02,1108,N,VIIRS,l,2,304.75,3.21,D,0
38.1312,23.52415,308.46,0.43,0.62,2022-06-02,2327,N,VIIRS,n,2,292.53,1.17,N,2
40.28563,23.44513,308.03,0.35,0.56,2022-06-03,0107,N,VIIRS,n,2,291.33,0.51,N,2
39.35254,22.98376,308.2,0.35,0.56,2022-06-03,0107,N,VIIRS,n,2,290.32,0.92,N,2
40.73409,23.31594,340.58,0.45,0.47,2022-06-03,1050,N,VIIRS,n,2,309.66,4.58,D,0
41.10842,25.00977,330.72,0.55,0.43,2022-06-03,1050,N,VIIRS,n,2,302.98,1.61,D,0
40.73176,23.31395,339.07,0.45,0.47,2022-06-03,1050,N,VIIRS,n,2,308.24,9.02,D,0
40.73052,23.3086,334.05,0.45,0.47,2022-06-03,1050,N,VIIRS,n,2,306.42,3.73,D,0
40.72929,23.30329,333.73,0.45,0.47,2022-06-03,1050,N,VIIRS,n,2,306.37,3.73,D,0
40.73109,23.32279,345.21,0.45,0.47,2022-06-03,1050,N,VIIRS,n,2,309.17,9.3,D,0
40.7299,23.3175,343.26,0.45,0.47,2022-06-03,1050,N,VIIRS,n,2,308.83,4.58,D,0
40.72869,23.31211,333.79,0.45,0.47,2022-06-03,1050,N,VIIRS,l,2,307.49,4.58,D,0
40.73167,23.30519,337.05,0.45,0.47,2022-06-03,1050,N,VIIRS,n,2,306.36,6.37,D,0
38.34356,23.5221,337.2,0.7,0.75,2022-06-03,1230,N,VIIRS,n,2,294.52,5.9,D,0
38.34665,23.524,335.69,0.7,0.75,2022-06-03,1230,N,VIIRS,n,2,294.34,5.88,D,0
38.04,23.50212,305.22,0.78,0.78,2022-06-03,2308,N,VIIRS,n,2,291.17,1.99,N,0
40.28416,23.44483,307.34,0.4,0.45,2022-06-04,0048,N,VIIRS,n,2,292.33,1.06,N,2
39.35315,22.98403,308.96,0.4,0.44,2022-06-04,0049,N,VIIRS,n,2,292.79,1.74,N,2
39.16689,22.84292,307.42,0.4,0.44,2022-06-04,0049,N,VIIRS,n,2,290.04,1.29,N,2
37.87103,23.77438,348.83,0.43,0.62,2022-06-04,1030,N,VIIRS,n,2,303.95,15.75,D,0
37.87311,23.78186,367,0.43,0.62,2022-06-04,1030,N,VIIRS,h,2,307.93,15.75,D,0
39.47627,22.6498,348.5,0.36,0.57,2022-06-04,1211,N,VIIRS,n,2,303.6,3.42,D,0
39.48162,22.64957,336.51,0.36,0.57,2022-06-04,1211,N,VIIRS,n,2,298.44,3.42,D,0
40.6594,22.55083,332.24,0.36,0.57,2022-06-04,1211,N,VIIRS,n,2,299.91,2.64,D,0
39.35511,22.98633,311.67,0.4,0.37,2022-06-05,0030,N,VIIRS,n,2,293.32,1.44,N,2
38.13013,23.52451,312.07,0.43,0.38,2022-06-05,0030,N,VIIRS,n,2,292.6,1.61,N,2
38.37346,24.05977,305.34,0.44,0.39,2022-06-05,0030,N,VIIRS,n,2,292.44,0.56,N,2
39.16809,22.8453,306.94,0.4,0.37,2022-06-05,0030,N,VIIRS,n,2,290.96,1.16,N,2
40.28357,23.44477,305.94,0.41,0.37,2022-06-05,0030,N,VIIRS,n,2,292.12,0.82,N,2
39.38674,22.80596,308.21,0.4,0.37,2022-06-05,0030,N,VIIRS,n,2,292.37,0.93,N,2
38.07288,23.64073,340.51,0.75,0.77,2022-06-05,1012,N,VIIRS,n,2,296.89,4.7,D,0
40.55227,22.63624,342.65,0.41,0.45,2022-06-05,1152,N,VIIRS,n,2,306.78,6.78,D,0
39.08324,22.31466,333.28,0.39,0.44,2022-06-05,1152,N,VIIRS,l,2,306.63,2.27,D,0
38.01935,21.39129,342.99,0.51,0.41,2022-06-05,1152,N,VIIRS,n,2,309.39,8,D,0
38.01555,21.3919,346.32,0.51,0.41,2022-06-05,1152,N,VIIRS,n,2,310.93,8,D,0
38.0172,21.39296,347.42,0.51,0.41,2022-06-05,1152,N,VIIRS,n,2,311.39,17.87,D,0
40.6727,22.78744,344.35,0.42,0.45,2022-06-05,1152,N,VIIRS,n,2,309.62,10.38,D,0
40.7111,22.60052,347.11,0.41,0.45,2022-06-05,1152,N,VIIRS,n,2,310.88,5.36,D,0
40.67224,22.78238,334.8,0.42,0.45,2022-06-05,1152,N,VIIRS,n,2,305.09,4.13,D,0
38.37335,24.0599,307.62,0.39,0.36,2022-06-06,0011,N,VIIRS,n,2,293.38,0.81,N,2
38.12983,23.52287,306.53,0.4,0.37,2022-06-06,0011,N,VIIRS,n,2,285.59,0.95,N,2
38.0367,23.51294,304.2,0.4,0.37,2022-06-06,0012,N,VIIRS,n,2,291.78,1.69,N,3
37.91798,23.0706,307.48,0.41,0.37,2022-06-06,0012,N,VIIRS,n,2,297.26,1.52,N,2
40.80257,22.41567,339.08,0.41,0.37,2022-06-06,1134,N,VIIRS,l,2,309.86,2.68,D,0
39.38725,22.80622,304.46,0.44,0.46,2022-06-06,2352,N,VIIRS,n,2,288.66,0.67,N,2
38.12743,23.52575,308.02,0.4,0.44,2022-06-06,2353,N,VIIRS,n,2,289.71,1.47,N,2
38.039,23.51148,312.28,0.39,0.44,2022-06-06,2353,N,VIIRS,n,2,292.42,1.81,N,2
38.07357,23.61886,307.25,0.39,0.44,2022-06-06,2353,N,VIIRS,n,2,290.57,0.99,N,0
38.03593,23.51063,299.68,0.35,0.57,2022-06-07,2334,N,VIIRS,n,2,287.13,1.04,N,3
38.12979,23.52572,300.67,0.35,0.57,2022-06-07,2334,N,VIIRS,n,2,285.58,1.46,N,2
38.03617,23.50653,310.32,0.35,0.57,2022-06-07,2334,N,VIIRS,n,2,287.32,2.18,N,3
40.70585,22.81494,309.86,0.38,0.58,2022-06-08,0113,N,VIIRS,n,2,287.8,1.01,N,2
38.03863,23.51522,302.9,0.48,0.65,2022-06-08,0114,N,VIIRS,n,2,285.25,1.6,N,0
38.03805,23.50414,304.95,0.64,0.72,2022-06-08,2315,N,VIIRS,n,2,287.37,1.71,N,0
39.38541,22.80751,302.46,0.47,0.48,2022-06-09,0055,N,VIIRS,n,2,286.96,0.72,N,2
39.16794,22.84563,298.25,0.48,0.48,2022-06-09,0055,N,VIIRS,n,2,286.35,1.25,N,2
39.3534,22.98446,304.09,0.48,0.48,2022-06-09,0055,N,VIIRS,n,2,288.07,1.77,N,2
40.70033,22.95328,298.71,0.45,0.47,2022-06-09,0055,N,VIIRS,n,2,287.61,0.69,N,0
38.39965,24.14054,339.35,0.57,0.52,2022-06-10,1158,N,VIIRS,n,2,298.31,4.87,D,0
38.37431,24.06017,305.11,0.38,0.36,2022-06-11,0018,N,VIIRS,n,2,290.62,0.75,N,2
38.13018,23.5253,316.26,0.38,0.36,2022-06-11,0018,N,VIIRS,n,2,291.68,1.77,N,2
40.70601,22.81274,301.09,0.38,0.43,2022-06-11,2358,N,VIIRS,n,2,286.12,0.78,N,2
38.12967,23.52531,307.91,0.5,0.41,2022-06-11,2359,N,VIIRS,n,2,288.97,1.49,N,2
38.37289,24.05988,300.3,0.48,0.4,2022-06-11,2359,N,VIIRS,n,2,288.55,0.79,N,2
40.46857,23.24263,335.22,0.49,0.41,2022-06-13,1102,N,VIIRS,n,2,301.07,2.8,D,0
40.50294,23.10005,336.97,0.5,0.41,2022-06-13,1102,N,VIIRS,n,2,301.1,2.41,D,0
38.13087,23.52248,304.07,0.52,0.67,2022-06-13,2321,N,VIIRS,n,2,289.72,1.39,N,2
38.03712,23.50572,307.61,0.52,0.67,2022-06-13,2321,N,VIIRS,n,2,288.4,1.41,N,3
39.16834,22.84002,298.48,0.58,0.7,2022-06-13,2321,N,VIIRS,n,2,285.56,1.37,N,2
39.3547,22.98455,303.25,0.58,0.52,2022-06-14,0101,N,VIIRS,n,2,288.89,1.38,N,2
39.35548,22.98514,302.44,0.58,0.52,2022-06-14,0101,N,VIIRS,n,2,288.92,1.38,N,2
38.03827,23.51167,307.91,0.33,0.56,2022-06-14,0102,N,VIIRS,n,2,290.64,1.16,N,2
38.28101,23.91766,342.94,0.57,0.52,2022-06-14,1043,N,VIIRS,n,2,299.98,8.11,D,0
38.28114,23.91783,344.88,0.57,0.52,2022-06-14,1043,N,VIIRS,n,2,300.23,6.37,D,0
38.03878,23.51197,315.41,0.38,0.43,2022-06-15,0043,N,VIIRS,n,2,293.44,1.84,N,2
39.16915,22.8444,300.4,0.51,0.41,2022-06-15,0043,N,VIIRS,n,2,289.06,1.63,N,2
38.37457,24.06308,302.86,0.4,0.44,2022-06-15,0043,N,VIIRS,n,2,290.86,0.79,N,2
38.12964,23.52671,303.3,0.38,0.43,2022-06-15,0043,N,VIIRS,n,2,288.59,0.71,N,2
38.37944,23.60434,332.36,0.51,0.66,2022-06-15,1024,N,VIIRS,n,2,293.28,4.47,D,0
40.4987,21.01403,335.26,0.6,0.7,2022-06-15,1025,N,VIIRS,n,2,290.59,5.14,D,0
40.49997,21.01546,340.26,0.6,0.7,2022-06-15,1025,N,VIIRS,n,2,290.64,3.89,D,0
38.20754,20.43125,341.04,0.44,0.46,2022-06-15,1205,N,VIIRS,n,2,301,5.45,D,0
39.59233,22.45137,339.67,0.58,0.52,2022-06-15,1205,N,VIIRS,n,2,302.06,5.84,D,0
39.59719,22.45086,337.47,0.58,0.52,2022-06-15,1205,N,VIIRS,n,2,301.54,9.5,D,0
39.5952,22.45173,341,0.58,0.52,2022-06-15,1205,N,VIIRS,n,2,302.17,8.8,D,0
39.59473,22.44483,342.24,0.58,0.52,2022-06-15,1205,N,VIIRS,n,2,300.78,6.16,D,0
38.37568,24.06082,304.43,0.4,0.37,2022-06-16,0024,N,VIIRS,n,2,292.07,0.8,N,3
37.92005,23.0739,305.48,0.39,0.36,2022-06-16,0024,N,VIIRS,n,2,294.42,1.1,N,2
38.03659,23.51335,311.27,0.4,0.37,2022-06-16,0024,N,VIIRS,n,2,292.29,1.32,N,3
38.03735,23.50889,309.45,0.4,0.37,2022-06-16,0024,N,VIIRS,n,2,292.43,1.32,N,3
38.12936,23.52646,311.34,0.4,0.37,2022-06-16,0024,N,VIIRS,n,2,292.31,1.19,N,2
40.70448,22.81596,303.17,0.38,0.36,2022-06-16,0024,N,VIIRS,n,2,290.95,1.08,N,2
40.70032,22.95114,304.22,0.38,0.36,2022-06-16,0024,N,VIIRS,n,2,290.87,0.64,N,0
37.85044,23.76666,335.61,0.55,0.43,2022-06-16,1146,N,VIIRS,n,2,305.29,4.37,D,0
39.16682,22.8456,298.1,0.47,0.4,2022-06-17,0005,N,VIIRS,n,2,287.57,1.3,N,2
38.37358,24.06001,303.74,0.42,0.38,2022-06-17,0005,N,VIIRS,n,2,292.04,0.83,N,2
38.03644,23.50971,314.22,0.43,0.38,2022-06-17,0005,N,VIIRS,n,2,292.32,1.14,N,3
38.12782,23.52626,303.37,0.43,0.38,2022-06-17,0005,N,VIIRS,n,2,290.05,0.99,N,2
38.03994,23.51048,305.83,0.43,0.38,2022-06-17,0005,N,VIIRS,n,2,293.43,1.14,N,0
39.35347,22.98575,303.5,0.47,0.39,2022-06-17,0005,N,VIIRS,n,2,290.45,1.24,N,2
37.91973,23.07091,305.36,0.45,0.39,2022-06-17,0006,N,VIIRS,n,2,294.75,1.51,N,2
38.38398,23.49632,337.67,0.39,0.36,2022-06-17,1127,N,VIIRS,l,2,309.99,1.85,D,0
40.7039,22.81897,337.62,0.39,0.36,2022-06-17,1127,N,VIIRS,l,2,308.18,2.9,D,0
41.18018,24.04079,341.24,0.41,0.37,2022-06-17,1128,N,VIIRS,n,2,300.93,3.93,D,0
38.37483,24.0601,304.06,0.45,0.47,2022-06-17,2346,N,VIIRS,n,2,292.11,0.76,N,2
38.03807,23.50956,303.84,0.47,0.48,2022-06-17,2347,N,VIIRS,n,2,293.6,1.51,N,2
38.03984,23.50942,307.89,0.47,0.48,2022-06-17,2347,N,VIIRS,n,2,293.77,1.81,N,0
38.04005,23.51014,303.35,0.69,0.75,2022-06-18,0127,N,VIIRS,n,2,288.75,2.03,N,0
38.37244,21.62086,341.65,0.54,0.42,2022-06-18,1108,N,VIIRS,n,2,298.54,6.27,D,0
38.52099,24.03925,323.4,0.4,0.6,2022-06-18,2327,N,VIIRS,n,2,285.44,4.79,N,0
38.52076,24.04373,334.91,0.4,0.6,2022-06-18,2327,N,VIIRS,n,2,285.84,3.67,N,0
40.28651,23.44357,298.68,0.35,0.57,2022-06-19,0107,N,VIIRS,n,2,287.47,0.27,N,2
39.16708,22.84467,300.42,0.35,0.57,2022-06-19,0108,N,VIIRS,n,2,285.83,0.73,N,2
38.0384,23.51522,301.14,0.4,0.6,2022-06-19,0108,N,VIIRS,n,2,287.07,0.66,N,0
38.03965,23.51065,304.91,0.4,0.6,2022-06-19,0108,N,VIIRS,n,2,287.83,1.5,N,0
38.5252,24.04199,301.98,0.42,0.61,2022-06-19,0108,N,VIIRS,n,2,285.17,3.36,N,0
38.52386,24.04678,312.35,0.42,0.61,2022-06-19,0108,N,VIIRS,n,2,285.19,3.05,N,0
38.51861,24.04391,338.82,0.42,0.61,2022-06-19,0108,N,VIIRS,n,2,285.62,3.05,N,0
38.51999,24.03896,311.96,0.42,0.61,2022-06-19,0108,N,VIIRS,n,2,284.65,3.36,N,0
38.04087,23.50463,299.54,0.77,0.77,2022-06-19,2309,N,VIIRS,n,2,286.56,1.51,N,0
38.0411,23.50591,300.91,0.77,0.77,2022-06-19,2309,N,VIIRS,n,2,286.95,1.29,N,0
38.03796,23.51057,311.06,0.46,0.47,2022-06-20,0049,N,VIIRS,n,2,290.79,1.82,N,2
39.17002,22.84259,313.1,0.4,0.44,2022-06-20,0049,N,VIIRS,n,2,288.3,1.92,N,2
39.35649,22.98314,306.32,0.41,0.45,2022-06-20,0049,N,VIIRS,n,2,289.35,0.66,N,2
38.37397,24.05853,301.79,0.48,0.48,2022-06-20,0049,N,VIIRS,n,2,289.68,1.23,N,2
39.38651,22.80646,298.34,0.4,0.44,2022-06-20,0049,N,VIIRS,n,2,288.06,0.55,N,2
37.91922,23.07261,304.26,0.44,0.46,2022-06-20,0049,N,VIIRS,n,2,291.68,1.24,N,2
37.0668,25.51936,306.79,0.62,0.54,2022-06-20,0050,N,VIIRS,n,2,287.85,4.7,N,0
37.06503,25.52645,338.45,0.62,0.54,2022-06-20,0050,N,VIIRS,n,2,290.11,4.7,N,0
37.06024,25.52461,328.16,0.62,0.54,2022-06-20,0050,N,VIIRS,n,2,287.32,5.34,N,0
39.38485,22.80682,334.11,0.37,0.58,2022-06-20,1211,N,VIIRS,l,2,306.23,2.53,D,2
39.61946,22.41197,342.52,0.35,0.57,2022-06-20,1211,N,VIIRS,n,2,302.4,2.66,D,0
39.38736,22.80852,311.77,0.4,0.37,2022-06-21,0030,N,VIIRS,n,2,291.12,1.11,N,2
39.35652,22.98486,307.61,0.41,0.37,2022-06-21,0030,N,VIIRS,n,2,292.92,1.47,N,2
39.16961,22.84274,305.94,0.4,0.37,2022-06-21,0030,N,VIIRS,n,2,292.43,1.11,N,2
40.70046,22.95177,302.11,0.4,0.37,2022-06-21,0030,N,VIIRS,n,2,291.95,0.72,N,0
37.92266,23.07132,314.78,0.42,0.38,2022-06-21,0031,N,VIIRS,n,2,293.53,0.89,N,0
37.91925,23.07037,310.44,0.42,0.38,2022-06-21,0031,N,VIIRS,n,2,294.68,1.7,N,2
38.12865,23.52466,307.63,0.43,0.38,2022-06-21,0031,N,VIIRS,n,2,291.67,0.76,N,2
38.03624,23.51172,309.95,0.43,0.38,2022-06-21,0031,N,VIIRS,n,2,291.86,1.06,N,3
40.98024,25.9826,332.97,0.63,0.54,2022-06-21,1153,N,VIIRS,n,2,298.82,3.41,D,0
40.70604,22.81282,310.58,0.43,0.38,2022-06-22,0011,N,VIIRS,n,2,294.16,1.2,N,2
39.35575,22.98521,311.85,0.41,0.37,2022-06-22,0012,N,VIIRS,n,2,296.38,1.52,N,2
38.13003,23.52489,312.31,0.4,0.37,2022-06-22,0012,N,VIIRS,n,2,295.57,1.06,N,2
38.37372,24.06098,307.93,0.39,0.36,2022-06-22,0012,N,VIIRS,n,2,294.92,1.05,N,2
39.38677,22.80803,305.4,0.42,0.38,2022-06-22,0012,N,VIIRS,n,2,294.23,0.74,N,2
39.16995,22.84078,307.86,0.42,0.37,2022-06-22,0012,N,VIIRS,n,2,295.74,1.58,N,2
37.92207,23.0667,310.56,0.4,0.37,2022-06-22,0012,N,VIIRS,n,2,295.49,1.49,N,0
38.03751,23.51022,307.68,0.4,0.37,2022-06-22,0012,N,VIIRS,n,2,295.02,0.91,N,2
35.36403,24.8615,338,0.43,0.38,2022-06-22,1132,N,VIIRS,l,2,310.06,9.26,D,0
39.54435,22.24344,337.96,0.4,0.37,2022-06-22,1134,N,VIIRS,l,2,311.52,1.37,D,0
41.12617,24.16799,335.07,0.46,0.39,2022-06-22,1134,N,VIIRS,n,2,300.13,5.15,D,0
41.12552,24.1625,350.46,0.46,0.39,2022-06-22,1134,N,VIIRS,n,2,301.47,5.15,D,0
41.36985,24.24663,298.48,0.39,0.44,2022-06-22,2352,N,VIIRS,n,2,285.96,0.58,N,0
40.84965,22.18606,347.09,0.42,0.37,2022-06-23,1115,N,VIIRS,n,2,311.38,14.26,D,0
40.8488,22.18123,336.84,0.42,0.37,2022-06-23,1115,N,VIIRS,l,2,308.46,14.26,D,0
40.84286,22.18805,344.38,0.42,0.37,2022-06-23,1115,N,VIIRS,n,2,310.99,6.55,D,0
40.84626,22.18707,346.56,0.42,0.37,2022-06-23,1115,N,VIIRS,n,2,311.45,6.55,D,0
38.03814,23.51033,305.8,0.49,0.65,2022-06-24,0114,N,VIIRS,n,2,291.05,1.47,N,2
37.76225,22.93581,305.23,0.46,0.64,2022-06-24,0114,N,VIIRS,n,2,287.79,0.67,N,0
39.35575,22.98336,306.99,0.42,0.61,2022-06-24,0114,N,VIIRS,n,2,289.94,1.39,N,2
39.1797,22.77853,335.08,0.43,0.46,2022-06-24,1056,N,VIIRS,n,2,297.48,6.84,D,0
39.18379,22.77702,367,0.43,0.46,2022-06-24,1056,N,VIIRS,h,2,299.42,6.84,D,0
39.33455,22.48051,352.28,0.44,0.46,2022-06-24,1056,N,VIIRS,n,2,297.82,7.61,D,0
39.18341,22.77418,338.39,0.43,0.46,2022-06-24,1056,N,VIIRS,n,2,297.27,6.75,D,0
39.18448,22.77896,342.43,0.43,0.46,2022-06-24,1056,N,VIIRS,n,2,298.01,6.75,D,0
39.18039,22.78047,341.79,0.43,0.46,2022-06-24,1056,N,VIIRS,n,2,298.49,6.4,D,0
39.33079,22.47931,337.1,0.44,0.46,2022-06-24,1056,N,VIIRS,n,2,298.03,4.49,D,0
40.423,24.01473,367,0.61,0.71,2022-06-24,2314,N,VIIRS,h,2,320.26,129.8,N,0
40.41328,24.02349,335.17,0.61,0.71,2022-06-24,2314,N,VIIRS,n,2,291.79,7.96,N,0
40.4134,24.0172,348.12,0.61,0.71,2022-06-24,2314,N,VIIRS,n,2,293.42,9.85,N,0
40.41354,24.00991,325.49,0.61,0.71,2022-06-24,2314,N,VIIRS,n,2,290.59,9.85,N,0
40.41983,24.03032,308.38,0.61,0.71,2022-06-24,2314,N,VIIRS,n,2,290.83,28.05,N,3
40.42041,24.00082,303.78,0.61,0.71,2022-06-24,2314,N,VIIRS,n,2,288.72,9.02,N,0
40.41996,24.0238,342.7,0.61,0.71,2022-06-24,2314,N,VIIRS,n,2,295.79,28.05,N,3
40.42008,24.01747,334.03,0.61,0.71,2022-06-24,2314,N,VIIRS,n,2,314.89,127.5,N,0
40.42023,24.0101,367,0.61,0.71,2022-06-24,2314,N,VIIRS,h,2,293.97,127.5,N,0
40.42651,24.03055,304.18,0.61,0.71,2022-06-24,2314,N,VIIRS,n,2,290.66,28.05,N,3
40.4271,24.00091,304.85,0.61,0.71,2022-06-24,2314,N,VIIRS,n,2,288.82,9.02,N,0
40.42665,24.02365,324.03,0.61,0.71,2022-06-24,2314,N,VIIRS,n,2,290.84,28.05,N,3
40.42692,24.01009,336.19,0.61,0.71,2022-06-24,2314,N,VIIRS,n,2,290.57,127.5,N,0
40.40954,24.02086,317.93,0.61,0.71,2022-06-24,2314,N,VIIRS,n,2,289.62,3.49,N,0
40.41644,24.00585,310.52,0.61,0.71,2022-06-24,2314,N,VIIRS,n,2,289.66,36.98,N,0
40.41623,24.02096,367,0.61,0.71,2022-06-24,2314,N,VIIRS,h,2,295.57,129.8,N,0
40.41632,24.01447,367,0.61,0.71,2022-06-24,2314,N,VIIRS,h,2,298.22,129.8,N,0
40.42271,24.03478,305.21,0.61,0.71,2022-06-24,2314,N,VIIRS,n,2,290.54,11.02,N,3
40.42325,23.99725,302.95,0.61,0.71,2022-06-24,2314,N,VIIRS,n,2,288.67,36.98,N,3
40.42281,24.02726,321.41,0.61,0.71,2022-06-24,2314,N,VIIRS,n,2,291.1,11.02,N,3
40.42312,24.0064,331.06,0.61,0.71,2022-06-24,2314,N,VIIRS,n,2,290.28,36.98,N,0
40.4297,24.01411,307.21,0.61,0.71,2022-06-24,2314,N,VIIRS,n,2,289.75,2.62,N,0
40.42982,24.00606,300.88,0.61,0.71,2022-06-24,2314,N,VIIRS,n,2,289.2,1.23,N,0
38.03885,23.50379,305.5,0.63,0.72,2022-06-24,2315,N,VIIRS,n,2,288.78,2.06,N,0
40.41146,24.02546,299.63,0.52,0.5,2022-06-25,0055,N,VIIRS,n,2,283.83,1.6,N,0
39.35531,22.98571,306.41,0.49,0.48,2022-06-25,0055,N,VIIRS,n,2,291.04,1.41,N,2
40.42333,24.01674,321.14,0.52,0.5,2022-06-25,0055,N,VIIRS,n,2,288.76,3.22,N,0
40.42178,24.0231,307.26,0.52,0.5,2022-06-25,0055,N,VIIRS,n,2,289.99,2.24,N,3
40.41332,24.01687,307.91,0.52,0.5,2022-06-25,0055,N,VIIRS,n,2,283.42,0.6,N,0
40.4174,24.02109,316.18,0.52,0.5,2022-06-25,0055,N,VIIRS,n,2,287.84,1.6,N,3
40.41302,24.01912,313.41,0.52,0.5,2022-06-25,0055,N,VIIRS,n,2,283.15,1.6,N,0
40.41177,24.0234,302.13,0.52,0.5,2022-06-25,0055,N,VIIRS,n,2,281.42,0.59,N,0
39.5387,22.53802,301.74,0.46,0.47,2022-06-25,0055,N,VIIRS,n,2,288.97,0.77,N,0
39.38782,22.80751,302.97,0.48,0.48,2022-06-25,0055,N,VIIRS,n,2,290.23,0.96,N,2
40.41168,24.0161,332.71,0.6,0.53,2022-06-25,1037,N,VIIRS,n,2,294.6,5.32,D,0
37.906,22.94055,304.51,0.47,0.4,2022-06-26,0037,N,VIIRS,n,2,291.7,0.38,N,0
39.16784,22.8444,317.32,0.45,0.39,2022-06-26,0037,N,VIIRS,n,2,292.96,1.93,N,2
38.56578,21.43945,305.47,0.41,0.37,2022-06-26,0037,N,VIIRS,n,2,291.46,0.4,N,0
37.3408,23.47317,331.57,0.66,0.73,2022-06-26,1018,N,VIIRS,n,2,296.68,5.73,D,0
39.16684,22.84559,308.1,0.39,0.36,2022-06-27,0018,N,VIIRS,n,2,290.3,1.2,N,2
40.28465,23.44621,308.29,0.39,0.36,2022-06-27,0018,N,VIIRS,n,2,291.62,0.82,N,2
37.91874,23.07144,308.02,0.38,0.36,2022-06-27,0018,N,VIIRS,n,2,295.44,1.35,N,2
40.7063,22.81315,304.29,0.4,0.37,2022-06-27,0018,N,VIIRS,n,2,291.87,0.78,N,2
40.70015,22.9513,304.63,0.39,0.36,2022-06-27,0018,N,VIIRS,n,2,291.58,0.59,N,0
38.03687,23.51159,305.39,0.38,0.36,2022-06-27,0018,N,VIIRS,n,2,292.92,1.45,N,3
38.1297,23.52449,308.4,0.38,0.36,2022-06-27,0018,N,VIIRS,n,2,292.35,0.99,N,2
38.13037,23.52369,305.12,0.5,0.41,2022-06-27,2359,N,VIIRS,n,2,292.05,1.26,N,2
39.40902,22.33512,306.23,0.34,0.56,2022-06-28,2340,N,VIIRS,n,2,280.13,0.77,N,0
39.40879,22.33915,309.99,0.34,0.56,2022-06-28,2340,N,VIIRS,n,2,280.83,0.77,N,0
38.03952,23.51077,308.87,0.57,0.52,2022-06-28,2340,N,VIIRS,n,2,291.83,1.36,N,2
40.28567,23.44462,301.67,0.59,0.52,2022-06-30,0101,N,VIIRS,n,2,291.04,1.11,N,2
37.91869,23.07019,304.36,0.32,0.55,2022-06-30,0102,N,VIIRS,n,2,293.91,1.35,N,2
39.35456,22.98381,305.69,0.59,0.53,2022-06-30,0102,N,VIIRS,n,2,292.35,1.83,N,2
37.91913,23.07126,306.22,0.32,0.55,2022-06-30,0102,N,VIIRS,n,2,295.21,1.3,N,2
40.57338,22.9739,340.63,0.56,0.69,2022-06-30,1224,N,VIIRS,n,2,301.46,4.63,D,0
40.77769,22.27129,331.07,0.52,0.67,2022-06-30,1225,N,VIIRS,n,2,297.71,2.93,D,0
37.78354,24.86255,307.12,0.46,0.47,2022-07-01,0043,N,VIIRS,n,2,293.5,0.49,N,0
40.28288,23.44584,303.49,0.52,0.42,2022-07-01,0043,N,VIIRS,n,2,291.57,0.54,N,2
39.38572,22.80872,309.93,0.51,0.41,2022-07-01,0043,N,VIIRS,n,2,291.44,1.1,N,2
39.35358,22.98655,310.9,0.52,0.42,2022-07-01,0043,N,VIIRS,n,2,293.79,1.84,N,2
39.95413,25.33565,331.27,0.38,0.59,2022-07-01,1025,N,VIIRS,l,2,302.04,2.83,D,0
40.83657,22.75341,367,0.48,0.64,2022-07-01,1025,N,VIIRS,h,2,301.86,8.75,D,0
40.8421,22.75019,344.93,0.48,0.64,2022-07-01,1025,N,VIIRS,n,2,298.9,8.75,D,0
40.49712,21.01918,329.74,0.59,0.7,2022-07-01,1025,N,VIIRS,n,2,290.34,4.01,D,0
38.31178,23.48482,354.33,0.52,0.67,2022-07-01,1025,N,VIIRS,n,2,304.07,8.92,D,0
38.31268,23.48725,367,0.52,0.67,2022-07-01,1025,N,VIIRS,h,2,304.32,7.37,D,0
40.2843,23.44674,304.31,0.39,0.36,2022-07-02,0024,N,VIIRS,n,2,292.58,0.52,N,2
39.38745,22.80582,309.49,0.39,0.36,2022-07-02,0024,N,VIIRS,n,2,291.82,0.58,N,2
39.35471,22.98678,313.38,0.39,0.36,2022-07-02,0024,N,VIIRS,n,2,293.28,1.19,N,2
40.70632,22.8138,309.92,0.38,0.36,2022-07-02,0024,N,VIIRS,n,2,293.91,1.17,N,2
38.12895,23.52549,308.21,0.4,0.37,2022-07-02,0025,N,VIIRS,n,2,294.24,1.11,N,2
35.1882,24.33798,352.15,0.56,0.43,2022-07-02,1145,N,VIIRS,n,2,316.71,23.35,D,0
35.19142,24.33045,342.51,0.56,0.43,2022-07-02,1145,N,VIIRS,n,2,308.55,8.94,D,0
35.19206,24.33654,349.6,0.56,0.43,2022-07-02,1145,N,VIIRS,n,2,306.53,8.94,D,0
35.18755,24.33184,331.31,0.56,0.43,2022-07-02,1145,N,VIIRS,l,2,304.7,23.35,D,0
40.70573,22.81605,306.18,0.49,0.4,2022-07-03,0005,N,VIIRS,n,2,293.3,1.17,N,2
39.35592,22.98696,306.84,0.46,0.39,2022-07-03,0005,N,VIIRS,n,2,295.11,2.31,N,2
37.918,23.07209,309.56,0.45,0.39,2022-07-03,0006,N,VIIRS,n,2,299.26,2.99,N,2
37.96671,23.59544,313.88,0.43,0.38,2022-07-03,0006,N,VIIRS,n,2,295.99,1.43,N,0
38.1299,23.52642,309.78,0.43,0.38,2022-07-03,0006,N,VIIRS,n,2,296.91,1.61,N,2
38.31348,23.6243,343.78,0.39,0.36,2022-07-03,1127,N,VIIRS,n,2,310.93,3.3,D,0
38.31284,23.61986,340.28,0.39,0.36,2022-07-03,1127,N,VIIRS,n,2,309.42,3.3,D,0
37.8993,21.55704,304.17,0.6,0.53,2022-07-03,2347,N,VIIRS,n,2,292.11,3.08,N,0
37.88775,21.56296,308.88,0.59,0.53,2022-07-03,2347,N,VIIRS,n,2,290.92,13.66,N,0
37.93712,21.58337,303.09,0.59,0.53,2022-07-03,2347,N,VIIRS,n,2,291.91,1.56,N,0
37.91853,21.56579,303.18,0.6,0.53,2022-07-03,2347,N,VIIRS,n,2,291.69,1.76,N,0
37.90686,21.57271,301.65,0.59,0.53,2022-07-03,2347,N,VIIRS,n,2,289.91,1.85,N,0
37.91345,21.55136,308.38,0.6,0.53,2022-07-03,2347,N,VIIRS,n,2,291.32,0.98,N,0
37.88951,21.55506,316.01,0.6,0.53,2022-07-03,2347,N,VIIRS,n,2,291.65,9.59,N,0
37.91464,21.55045,302.78,0.6,0.53,2022-07-03,2347,N,VIIRS,n,2,290.96,1.54,N,0
37.90774,21.57827,307.19,0.59,0.53,2022-07-03,2347,N,VIIRS,n,2,290.26,0.83,N,0
37.90035,21.54182,304.04,0.6,0.53,2022-07-03,2347,N,VIIRS,n,2,292.4,1.22,N,0
37.89882,21.56405,304.57,0.6,0.53,2022-07-03,2347,N,VIIRS,n,2,292.06,10.53,N,0
37.8939,21.56332,356.43,0.6,0.53,2022-07-03,2347,N,VIIRS,n,2,298.45,10.53,N,0
37.89343,21.57018,335.04,0.59,0.53,2022-07-03,2347,N,VIIRS,n,2,291.55,10.53,N,0
37.89542,21.54131,305.71,0.6,0.53,2022-07-03,2347,N,VIIRS,n,2,291.04,1.22,N,0
37.89488,21.54913,312.56,0.6,0.53,2022-07-03,2347,N,VIIRS,n,2,292.25,3.08,N,0
37.89438,21.55646,304.67,0.6,0.53,2022-07-03,2347,N,VIIRS,n,2,291.46,3.08,N,0
37.88902,21.56221,348.3,0.6,0.53,2022-07-03,2347,N,VIIRS,n,2,292.97,17.47,N,0
37.88829,21.55585,311.78,0.6,0.53,2022-07-03,2347,N,VIIRS,n,2,291.27,13.66,N,0
37.89211,21.57099,302.73,0.59,0.53,2022-07-03,2347,N,VIIRS,n,2,290.77,3.07,N,0
37.89263,21.56407,367,0.59,0.53,2022-07-03,2347,N,VIIRS,h,2,300.39,13.66,N,0
37.89315,21.55718,330.59,0.6,0.53,2022-07-03,2347,N,VIIRS,n,2,292.81,13.66,N,0
37.89701,21.57172,311.38,0.59,0.53,2022-07-03,2347,N,VIIRS,n,2,291.67,2.47,N,0
37.8986,21.55062,305.54,0.6,0.53,2022-07-03,2347,N,VIIRS,n,2,292.57,2.16,N,0
37.89918,21.54296,318.61,0.6,0.53,2022-07-03,2347,N,VIIRS,n,2,292.82,2.16,N,0
37.89753,21.56493,326.45,0.59,0.53,2022-07-03,2347,N,VIIRS,n,2,292.77,6.37,N,0
37.94239,21.57899,309.52,0.59,0.53,2022-07-03,2347,N,VIIRS,n,2,294.95,2.55,N,0
40.28601,23.44221,300.22,0.6,0.7,2022-07-04,0126,N,VIIRS,n,2,287.11,1.01,N,0
37.89624,21.54901,314.23,0.57,0.69,2022-07-04,0127,N,VIIRS,n,2,290.55,3.86,N,0
37.89257,21.56118,300.38,0.57,0.69,2022-07-04,0127,N,VIIRS,n,2,289.51,1.78,N,0
38.34558,23.61033,342.63,0.45,0.39,2022-07-04,1108,N,VIIRS,l,2,315.24,12.06,D,0
38.50158,22.41489,350.44,0.49,0.4,2022-07-04,1108,N,VIIRS,n,2,314.05,10.46,D,0
38.49791,22.41598,367,0.49,0.4,2022-07-04,1108,N,VIIRS,l,2,328.91,56.3,D,0
38.49425,22.41709,367,0.49,0.4,2022-07-04,1108,N,VIIRS,l,2,329.01,56.3,D,0
38.35,23.61429,356.46,0.45,0.39,2022-07-04,1108,N,VIIRS,n,2,323.36,21.22,D,0
38.34908,23.60929,346.64,0.45,0.39,2022-07-04,1108,N,VIIRS,n,2,317.19,12.06,D,0
38.49059,22.41822,367,0.49,0.4,2022-07-04,1108,N,VIIRS,h,2,336.75,74.02,D,0
38.49534,22.42273,348.66,0.49,0.4,2022-07-04,1108,N,VIIRS,n,2,319.28,56.3,D,0
37.90808,21.57751,334.43,0.55,0.42,2022-07-04,1108,N,VIIRS,l,2,309.15,5.67,D,0
38.49167,22.42379,343.09,0.49,0.4,2022-07-04,1108,N,VIIRS,n,2,317.02,74.02,D,0
38.34391,23.6213,353.86,0.45,0.39,2022-07-04,1108,N,VIIRS,n,2,319.54,9.85,D,0
38.3465,23.6153,355.88,0.45,0.39,2022-07-04,1108,N,VIIRS,n,2,324.78,21.22,D,0
40.2855,23.4445,303.07,0.44,0.63,2022-07-04,2327,N,VIIRS,n,2,291.3,0.47,N,2
38.45267,22.41674,307.38,0.49,0.65,2022-07-04,2328,N,VIIRS,n,2,295.51,1.9,N,0
38.45317,22.40462,332.3,0.49,0.65,2022-07-04,2328,N,VIIRS,n,2,296.23,4.53,N,0
38.45274,22.41695,309.19,0.49,0.65,2022-07-04,2328,N,VIIRS,n,2,295.58,3.35,N,0
38.45317,22.40483,333.85,0.49,0.65,2022-07-04,2328,N,VIIRS,n,2,296.24,4.89,N,0
38.4653,22.40809,305.57,0.49,0.65,2022-07-04,2328,N,VIIRS,n,2,294.97,1.91,N,0
38.47764,22.40571,314.08,0.49,0.65,2022-07-04,2328,N,VIIRS,n,2,293.09,3.6,N,0
38.47689,22.42591,330.43,0.49,0.65,2022-07-04,2328,N,VIIRS,n,2,296.56,2.9,N,0
38.47783,22.40059,331.46,0.49,0.65,2022-07-04,2328,N,VIIRS,n,2,294.5,4.76,N,0
38.48242,22.44192,314.27,0.49,0.65,2022-07-04,2328,N,VIIRS,n,2,295.17,1.86,N,0
38.48262,22.43631,306.86,0.49,0.65,2022-07-04,2328,N,VIIRS,n,2,293.94,1.86,N,0
38.48283,22.43087,305.54,0.49,0.65,2022-07-04,2328,N,VIIRS,n,2,293.74,2.9,N,0
38.48323,22.41998,304.15,0.49,0.65,2022-07-04,2328,N,VIIRS,n,2,293.58,3.6,N,0
38.48893,22.43141,313.39,0.49,0.65,2022-07-04,2328,N,VIIRS,n,2,294.25,2.25,N,0
38.37344,24.0617,305.49,0.4,0.6,2022-07-04,2328,N,VIIRS,n,2,295.15,0.71,N,2
37.37212,23.119,339.52,0.44,0.62,2022-07-04,2328,N,VIIRS,n,2,296.93,2.62,N,0
37.37234,23.11399,309.66,0.44,0.62,2022-07-04,2328,N,VIIRS,n,2,293.75,2.62,N,0
37.36674,23.10807,303.79,0.44,0.62,2022-07-04,2328,N,VIIRS,n,2,293.11,0.84,N,0
37.36628,23.11846,319.39,0.44,0.62,2022-07-04,2328,N,VIIRS,n,2,294.04,2.94,N,0
38.48917,22.42503,307.91,0.49,0.65,2022-07-04,2328,N,VIIRS,n,2,293.31,2.25,N,0
38.48938,22.41914,301.34,0.49,0.65,2022-07-04,2328,N,VIIRS,n,2,290.54,1.12,N,0
38.48959,22.41352,305.87,0.49,0.65,2022-07-04,2328,N,VIIRS,n,2,291.03,1.12,N,0
37.36748,23.11229,304.97,0.44,0.62,2022-07-04,2328,N,VIIRS,n,2,293.34,3.38,N,0
37.37306,23.11788,326.27,0.44,0.62,2022-07-04,2328,N,VIIRS,n,2,296.21,1.81,N,0
37.36722,23.11747,344.32,0.44,0.62,2022-07-04,2328,N,VIIRS,n,2,295.54,4.26,N,0
38.49548,22.41983,307.27,0.49,0.65,2022-07-04,2328,N,VIIRS,n,2,292.54,1.12,N,0
38.4957,22.41384,317.01,0.49,0.65,2022-07-04,2328,N,VIIRS,n,2,292,1.12,N,0
38.5018,22.41463,302.51,0.49,0.65,2022-07-04,2328,N,VIIRS,n,2,291.42,1.8,N,0
38.48815,22.41385,304.1,0.35,0.57,2022-07-05,0108,N,VIIRS,n,2,290.36,1.41,N,0
40.69898,22.94977,305.57,0.32,0.55,2022-07-05,0108,N,VIIRS,n,2,291.53,0.62,N,0
40.28541,23.44377,307.18,0.35,0.57,2022-07-05,0108,N,VIIRS,n,2,291.66,0.59,N,2
39.3576,22.98426,305.72,0.35,0.57,2022-07-05,0108,N,VIIRS,n,2,292.02,0.63,N,2
39.35245,22.98247,302.49,0.35,0.57,2022-07-05,0108,N,VIIRS,n,2,291.91,0.63,N,2
39.3888,22.80501,301.85,0.34,0.56,2022-07-05,0108,N,VIIRS,n,2,288.58,0.58,N,0
39.38775,22.80684,306.6,0.35,0.56,2022-07-05,0108,N,VIIRS,n,2,288.77,0.77,N,2
38.37263,24.05943,306.68,0.42,0.61,2022-07-05,0108,N,VIIRS,n,2,293.71,0.61,N,2
38.49447,22.43211,324.01,0.35,0.57,2022-07-05,0108,N,VIIRS,n,2,295.89,20.23,N,0
38.49922,22.41417,309.94,0.35,0.57,2022-07-05,0108,N,VIIRS,n,2,291.03,0.76,N,0
38.4982,22.41804,303.61,0.35,0.57,2022-07-05,0108,N,VIIRS,n,2,291.52,0.92,N,0
38.4935,22.43578,311.95,0.35,0.57,2022-07-05,0108,N,VIIRS,n,2,293.6,20.23,N,0
38.48913,22.43118,367,0.35,0.57,2022-07-05,0108,N,VIIRS,h,2,303.98,20.23,N,0
38.49418,22.41214,305.08,0.35,0.57,2022-07-05,0108,N,VIIRS,n,2,290.14,0.76,N,0
38.49314,22.41607,305.45,0.35,0.57,2022-07-05,0108,N,VIIRS,n,2,290.05,0.92,N,0
38.49011,22.4275,310.5,0.35,0.57,2022-07-05,0108,N,VIIRS,n,2,294.53,16.78,N,0
38.48814,22.43493,316.58,0.35,0.57,2022-07-05,0108,N,VIIRS,n,2,301.34,20.23,N,0
38.48706,22.43899,308.21,0.35,0.57,2022-07-05,0108,N,VIIRS,n,2,295.73,6.25,N,0
38.4861,22.4216,301.79,0.35,0.57,2022-07-05,0108,N,VIIRS,n,2,291,0.8,N,0
38.48509,22.4254,303.58,0.35,0.57,2022-07-05,0108,N,VIIRS,n,2,292.45,0.8,N,0
38.48408,22.4292,304.46,0.35,0.57,2022-07-05,0108,N,VIIRS,n,2,293.55,2.14,N,0
38.48193,22.43729,308.21,0.35,0.57,2022-07-05,0108,N,VIIRS,n,2,294.88,1.15,N,0
38.48082,22.44145,314.38,0.35,0.57,2022-07-05,0108,N,VIIRS,n,2,294.92,1.15,N,0
38.48012,22.40209,324.27,0.35,0.57,2022-07-05,0108,N,VIIRS,n,2,293.78,2.21,N,0
38.47898,22.4064,318.2,0.35,0.57,2022-07-05,0108,N,VIIRS,n,2,292.88,1.5,N,0
38.47506,22.40014,308.85,0.35,0.57,2022-07-05,0108,N,VIIRS,n,2,293.53,2.21,N,0
38.47392,22.40444,312.34,0.35,0.57,2022-07-05,0108,N,VIIRS,n,2,293.61,1.5,N,0
38.48706,22.41517,303.5,0.35,0.57,2022-07-05,0108,N,VIIRS,n,2,290.91,1.29,N,0
38.48507,22.42286,303.42,0.35,0.57,2022-07-05,0108,N,VIIRS,n,2,291.84,1.45,N,0
38.48092,22.43895,308.53,0.35,0.57,2022-07-05,0108,N,VIIRS,n,2,294.59,1.01,N,0
38.47986,22.44302,311.32,0.35,0.57,2022-07-05,0108,N,VIIRS,n,2,294.67,1.01,N,0
38.479,22.4033,345.56,0.35,0.57,2022-07-05,0108,N,VIIRS,n,2,295.75,2.53,N,0
38.47384,22.40171,311.76,0.35,0.57,2022-07-05,0108,N,VIIRS,n,2,293.67,2.53,N,0
38.45705,22.40212,322.42,0.35,0.57,2022-07-05,0108,N,VIIRS,n,2,296.05,2.61,N,0
37.37319,23.11995,304.31,0.4,0.6,2022-07-05,0109,N,VIIRS,n,2,293.32,1.16,N,0
37.36667,23.12204,309.21,0.4,0.6,2022-07-05,0109,N,VIIRS,n,2,293.71,1.46,N,0
37.36788,23.11757,321.19,0.4,0.6,2022-07-05,0109,N,VIIRS,n,2,294.12,1.16,N,0
37.36911,23.11302,308.4,0.4,0.6,2022-07-05,0109,N,VIIRS,n,2,292.96,1.16,N,0
38.14902,23.2335,341.39,0.51,0.49,2022-07-05,1050,N,VIIRS,n,2,307.78,34.19,D,0
38.49107,22.43767,338.2,0.55,0.51,2022-07-05,1050,N,VIIRS,l,2,311.72,11.99,D,0
38.4894,22.43074,346.97,0.55,0.51,2022-07-05,1050,N,VIIRS,n,2,315.84,11.99,D,0
38.49586,22.43681,333.22,0.55,0.51,2022-07-05,1050,N,VIIRS,n,2,306.52,11.99,D,0
38.49408,22.42945,341.24,0.55,0.51,2022-07-05,1050,N,VIIRS,n,2,307.5,11.99,D,0
38.1351,23.23567,367,0.51,0.49,2022-07-05,1050,N,VIIRS,h,2,329.31,65.13,D,0
38.13649,23.24163,367,0.51,0.49,2022-07-05,1050,N,VIIRS,l,2,331.4,72.97,D,0
38.14204,23.24477,341.17,0.51,0.49,2022-07-05,1050,N,VIIRS,n,2,306.78,72.97,D,0
38.1406,23.23863,351.94,0.51,0.49,2022-07-05,1050,N,VIIRS,n,2,326.91,72.97,D,0
38.50075,22.4364,367,0.55,0.51,2022-07-05,1050,N,VIIRS,h,2,347.68,540.2,D,0
38.13922,23.23272,341.85,0.51,0.49,2022-07-05,1050,N,VIIRS,n,2,309.12,65.13,D,0
38.13103,23.23885,367,0.51,0.49,2022-07-05,1050,N,VIIRS,h,2,326.3,99.28,D,0
38.13252,23.2452,342.34,0.51,0.49,2022-07-05,1050,N,VIIRS,n,2,307.61,63.72,D,0
38.14624,23.24217,333.39,0.51,0.49,2022-07-05,1050,N,VIIRS,n,2,303.8,34.19,D,0
38.14476,23.23584,367,0.51,0.49,2022-07-05,1050,N,VIIRS,l,2,334.11,34.19,D,0
38.14261,23.23171,333.22,0.69,0.74,2022-07-05,1230,N,VIIRS,n,2,302.9,11.42,D,0
38.14081,23.23413,344.07,0.69,0.74,2022-07-05,1230,N,VIIRS,n,2,304.98,18.99,D,0
38.14789,23.24212,342.54,0.69,0.74,2022-07-05,1230,N,VIIRS,n,2,300.3,8.1,D,0
38.13398,23.25,345.03,0.69,0.74,2022-07-05,1230,N,VIIRS,n,2,300.42,26.74,D,0
38.13392,23.24348,367,0.69,0.74,2022-07-05,1230,N,VIIRS,h,2,304.6,26.74,D,0
38.14783,23.23632,337.85,0.69,0.74,2022-07-05,1230,N,VIIRS,n,2,302.81,8.1,D,0
38.49986,22.4356,367,0.63,0.72,2022-07-05,1230,N,VIIRS,h,2,307.86,11.04,D,0
38.49976,22.43018,336.64,0.63,0.72,2022-07-05,1230,N,VIIRS,n,2,302.59,11.04,D,0
38.14271,23.23822,367,0.69,0.74,2022-07-05,1230,N,VIIRS,h,2,310.29,39.02,D,0
38.14281,23.24452,367,0.69,0.74,2022-07-05,1230,N,VIIRS,h,2,308,39.02,D,0
38.10024,21.6232,340.18,0.56,0.69,2022-07-05,1230,N,VIIRS,n,2,303.46,5.21,D,0
38.13577,23.24146,348.61,0.69,0.74,2022-07-05,1230,N,VIIRS,n,2,302.12,20.53,D,0
38.13586,23.24813,367,0.69,0.74,2022-07-05,1230,N,VIIRS,h,2,301.59,17.39,D,0
38.1288,23.24382,339.71,0.69,0.74,2022-07-05,1230,N,VIIRS,n,2,303.16,17.39,D,0
37.76788,22.95526,367,0.66,0.73,2022-07-05,1230,N,VIIRS,h,2,302.51,20.59,D,0
37.7679,22.95914,335,0.66,0.73,2022-07-05,1230,N,VIIRS,n,2,299.91,16.77,D,0
37.76775,22.95187,367,0.66,0.73,2022-07-05,1230,N,VIIRS,h,2,302.58,15.38,D,0
38.14095,23.2473,367,0.69,0.74,2022-07-05,1230,N,VIIRS,h,2,302.41,26.74,D,0
38.13385,23.23729,331.56,0.69,0.74,2022-07-05,1230,N,VIIRS,n,2,300.03,18.99,D,0
38.14088,23.24068,354.88,0.69,0.74,2022-07-05,1230,N,VIIRS,n,2,310.05,18.99,D,0
39.38591,22.80857,303.97,0.4,0.44,2022-07-06,0049,N,VIIRS,n,2,290.86,0.87,N,2
39.35556,22.98695,309.17,0.41,0.45,2022-07-06,0049,N,VIIRS,n,2,293.26,1.65,N,2
37.76827,21.41063,302.3,0.56,0.43,2022-07-06,0050,N,VIIRS,n,2,291.9,1.36,N,0
37.77087,21.41787,345.82,0.56,0.43,2022-07-06,0050,N,VIIRS,n,2,298.7,21.9,N,0
37.76699,21.41666,335.73,0.56,0.43,2022-07-06,0050,N,VIIRS,n,2,292.29,21.9,N,0
38.03598,23.51064,335.58,0.44,0.62,2022-07-06,1031,N,VIIRS,n,2,296.28,3.27,D,3
40.60885,22.72157,336.02,0.41,0.6,2022-07-06,1032,N,VIIRS,n,2,297.74,2.51,D,0
37.76735,21.41777,367,0.6,0.53,2022-07-06,1211,N,VIIRS,h,2,308.41,20.84,D,0
38.03764,23.51503,336.76,0.39,0.6,2022-07-06,1211,N,VIIRS,n,2,299.39,2.88,D,2
37.76688,21.41939,367,0.6,0.53,2022-07-06,1211,N,VIIRS,h,2,307.48,20.07,D,0
40.91633,26.10345,367,0.57,0.69,2022-07-06,1212,N,VIIRS,h,2,302.88,18.65,D,0
40.91592,26.10118,367,0.57,0.69,2022-07-06,1212,N,VIIRS,h,2,299.75,13.34,D,0
40.91604,26.10788,367,0.57,0.69,2022-07-06,1212,N,VIIRS,h,2,301.5,13.34,D,0
40.91648,26.11017,330.91,0.57,0.69,2022-07-06,1212,N,VIIRS,n,2,299.75,15.04,D,0
40.70484,22.81383,309.91,0.4,0.37,2022-07-07,0030,N,VIIRS,n,2,294.97,0.96,N,2
39.38631,22.80763,313.75,0.4,0.37,2022-07-07,0031,N,VIIRS,n,2,293.85,1.29,N,2
38.37452,24.06179,306.3,0.45,0.39,2022-07-07,0031,N,VIIRS,n,2,293.05,0.84,N,2
38.56573,23.29675,343.74,0.43,0.46,2022-07-07,1152,N,VIIRS,n,2,305.49,4.22,D,2
40.70602,22.81543,305.94,0.43,0.38,2022-07-08,0011,N,VIIRS,n,2,293.34,1.07,N,2
38.03582,23.50937,305.96,0.4,0.37,2022-07-08,0012,N,VIIRS,n,2,293.53,1.49,N,3
39.99821,20.83669,298.05,0.49,0.41,2022-07-08,0012,N,VIIRS,n,2,287.79,0.88,N,0
38.1284,23.52405,311.66,0.4,0.37,2022-07-08,0012,N,VIIRS,n,2,291.69,1.52,N,2
38.03916,23.51015,315.98,0.4,0.37,2022-07-08,0012,N,VIIRS,n,2,295.76,1.49,N,2
39.37518,22.1744,333.94,0.4,0.37,2022-07-08,1134,N,VIIRS,n,2,289.05,1.2,D,0
39.3889,22.80523,306.37,0.42,0.61,2022-07-10,0114,N,VIIRS,n,2,283.47,0.8,N,0
39.38763,22.80982,298.03,0.42,0.61,2022-07-10,0114,N,VIIRS,n,2,283.39,0.8,N,2
37.64098,21.42484,330.54,0.67,0.73,2022-07-10,1236,N,VIIRS,n,2,292.88,4.03,D,0
39.35435,22.98582,306.23,0.49,0.49,2022-07-11,0056,N,VIIRS,n,2,289.6,1.29,N,2
38.37298,24.05956,301.6,0.59,0.53,2022-07-11,0056,N,VIIRS,n,2,289.57,1.34,N,2
37.91914,23.07281,306.85,0.48,0.4,2022-07-12,0037,N,VIIRS,n,2,294.47,1.78,N,2
40.98073,23.74884,329.05,0.59,0.52,2022-07-12,1200,N,VIIRS,l,2,302.4,4.17,D,0
38.12801,23.52619,311.9,0.38,0.36,2022-07-13,0018,N,VIIRS,n,2,290.9,1.37,N,2
37.91988,23.07235,305.74,0.38,0.36,2022-07-13,0019,N,VIIRS,n,2,293.83,1.47,N,2
37.6978,26.59398,296.45,0.43,0.46,2022-07-13,1140,N,VIIRS,l,2,304.08,60.22,D,0
37.69398,26.59911,345.86,0.43,0.46,2022-07-13,1140,N,VIIRS,n,2,314.84,48.48,D,0
37.69356,26.59452,332.56,0.43,0.46,2022-07-13,1140,N,VIIRS,n,2,303.64,18.49,D,0
37.69822,26.59846,367,0.43,0.46,2022-07-13,1140,N,VIIRS,l,2,327.95,120.17,D,0
38.07252,23.63811,336.12,0.47,0.4,2022-07-13,1140,N,VIIRS,l,2,310.56,3.31,D,0
39.45191,20.57188,332.36,0.4,0.37,2022-07-13,1140,N,VIIRS,n,2,300.99,3.76,D,0
39.16793,22.84226,314.02,0.54,0.42,2022-07-13,2359,N,VIIRS,n,2,289.76,2.21,N,2
37.68861,26.60311,324.09,0.39,0.37,2022-07-14,0000,N,VIIRS,n,2,294.29,22.39,N,0
37.68796,26.60757,330.65,0.39,0.37,2022-07-14,0000,N,VIIRS,n,2,294.68,9.05,N,0
37.69054,26.58954,304.64,0.4,0.37,2022-07-14,0000,N,VIIRS,n,2,292.57,1.45,N,0
37.6867,26.6164,312.15,0.39,0.37,2022-07-14,0000,N,VIIRS,n,2,294.64,1.04,N,0
37.68607,26.62073,303.93,0.39,0.37,2022-07-14,0000,N,VIIRS,n,2,292.12,1.04,N,0
37.68274,26.61985,315.12,0.39,0.37,2022-07-14,0000,N,VIIRS,n,2,292.63,1.77,N,3
37.6821,26.62426,301.7,0.39,0.37,2022-07-14,0000,N,VIIRS,n,2,291.61,0.67,N,3
37.68941,26.62152,307.82,0.39,0.37,2022-07-14,0000,N,VIIRS,n,2,293.6,1.04,N,0
37.69194,26.60393,346.13,0.39,0.37,2022-07-14,0000,N,VIIRS,n,2,319.02,22.39,N,0
37.69389,26.59035,318.09,0.4,0.37,2022-07-14,0000,N,VIIRS,n,2,295.69,1.45,N,0
37.69003,26.61718,321.26,0.39,0.37,2022-07-14,0000,N,VIIRS,n,2,295.65,1.04,N,0
37.69066,26.6128,335.74,0.39,0.37,2022-07-14,0000,N,VIIRS,n,2,297.32,9.05,N,0
37.6913,26.60838,356.82,0.39,0.37,2022-07-14,0000,N,VIIRS,n,2,304.52,9.05,N,0
37.694,26.61358,337.64,0.39,0.37,2022-07-14,0000,N,VIIRS,n,2,298.99,6.67,N,0
37.69337,26.61795,367,0.39,0.37,2022-07-14,0000,N,VIIRS,h,2,302.57,10.08,N,0
37.69722,26.59114,304.47,0.4,0.37,2022-07-14,0000,N,VIIRS,n,2,293.9,0.69,N,0
37.69258,26.59946,334.48,0.39,0.37,2022-07-14,0000,N,VIIRS,n,2,298.85,22.39,N,0
40.88063,26.01956,340.82,0.42,0.38,2022-07-14,1122,N,VIIRS,n,2,309.38,30.19,D,0
40.87655,26.01549,347.71,0.42,0.38,2022-07-14,1122,N,VIIRS,n,2,310.21,5.14,D,0
40.2836,23.44357,302.61,0.5,0.66,2022-07-15,0120,N,VIIRS,n,2,288.84,0.39,N,2
40.70019,22.95051,300.75,0.46,0.64,2022-07-15,0120,N,VIIRS,n,2,288.72,0.76,N,0
39.35503,22.983,306.12,0.51,0.66,2022-07-15,0121,N,VIIRS,n,2,292.09,1.34,N,2
39.35486,22.98245,305.85,0.51,0.66,2022-07-15,0121,N,VIIRS,n,2,291.76,1.31,N,2
35.14838,24.65308,351.26,0.52,0.42,2022-07-15,1101,N,VIIRS,n,2,323.65,29.75,D,0
35.15344,24.65859,351.77,0.52,0.42,2022-07-15,1101,N,VIIRS,n,2,310.69,17.82,D,0
35.15226,24.65263,356.6,0.52,0.42,2022-07-15,1101,N,VIIRS,n,2,313.22,29.75,D,0
35.14951,24.65883,348.79,0.52,0.42,2022-07-15,1101,N,VIIRS,n,2,314.29,17.82,D,0
35.14565,24.65937,340.26,0.52,0.42,2022-07-15,1101,N,VIIRS,n,2,308.85,7.12,D,0
35.14453,24.65372,367,0.52,0.42,2022-07-15,1101,N,VIIRS,h,2,314.84,16,D,0
35.14727,24.64748,334.52,0.52,0.42,2022-07-15,1101,N,VIIRS,n,2,308.31,29.75,D,0
37.67826,26.59079,331.11,0.41,0.37,2022-07-15,1102,N,VIIRS,l,2,298.05,6.19,D,3
37.76153,23.95773,350.46,0.51,0.41,2022-07-15,1102,N,VIIRS,n,2,315.54,12.72,D,0
37.91431,23.06221,336.8,0.55,0.43,2022-07-15,1102,N,VIIRS,l,2,308.49,6.71,D,0
37.76524,23.95661,337.15,0.51,0.41,2022-07-15,1102,N,VIIRS,n,2,312.04,3.51,D,0
39.68991,22.67458,332.95,0.53,0.42,2022-07-15,1103,N,VIIRS,l,2,305.82,6.26,D,0
39.68605,22.67547,346.85,0.53,0.42,2022-07-15,1103,N,VIIRS,n,2,306.59,6.26,D,0
40.76047,22.45599,337.54,0.52,0.41,2022-07-15,1103,N,VIIRS,n,2,303.58,4.33,D,0
39.45923,19.935,345.32,0.69,0.74,2022-07-15,1243,N,VIIRS,n,2,296.32,9.12,D,0
39.45919,19.92783,342.07,0.69,0.74,2022-07-15,1243,N,VIIRS,n,2,296.75,9.12,D,0
39.45475,19.93263,356.35,0.69,0.74,2022-07-15,1243,N,VIIRS,n,2,297.69,16.85,D,0
35.13505,24.65841,327.1,0.42,0.61,2022-07-15,2323,N,VIIRS,n,2,296.2,2.55,N,0
35.13432,24.67135,329.99,0.42,0.61,2022-07-15,2323,N,VIIRS,n,2,296.08,2.68,N,0
35.13706,24.62231,304.72,0.43,0.62,2022-07-15,2323,N,VIIRS,n,2,292.94,9.33,N,0
35.13574,24.64601,306.87,0.42,0.61,2022-07-15,2323,N,VIIRS,n,2,294.73,1.89,N,0
35.13551,24.6501,310.36,0.42,0.61,2022-07-15,2323,N,VIIRS,n,2,294.95,1.89,N,0
35.13481,24.66261,312.96,0.42,0.61,2022-07-15,2323,N,VIIRS,n,2,295.41,2.24,N,0
35.13457,24.66696,311.53,0.42,0.61,2022-07-15,2323,N,VIIRS,n,2,295.82,2.24,N,0
35.13408,24.67566,315.26,0.42,0.61,2022-07-15,2323,N,VIIRS,n,2,295.86,2.68,N,0
35.12942,24.65599,331.33,0.42,0.61,2022-07-15,2323,N,VIIRS,n,2,295.57,2.35,N,0
35.14778,24.63698,325.88,0.42,0.61,2022-07-15,2323,N,VIIRS,n,2,296.22,3.34,N,0
35.14803,24.63248,329.79,0.42,0.61,2022-07-15,2323,N,VIIRS,n,2,296.01,3.54,N,0
35.1292,24.66004,322.73,0.42,0.61,2022-07-15,2323,N,VIIRS,n,2,294.9,2.35,N,0
35.13063,24.63426,304.17,0.42,0.61,2022-07-15,2323,N,VIIRS,n,2,291.86,1.64,N,0
35.12989,24.64758,304.67,0.42,0.61,2022-07-15,2323,N,VIIRS,n,2,293.29,1.83,N,0
35.12965,24.65184,306.31,0.42,0.61,2022-07-15,2323,N,VIIRS,n,2,293.74,1.83,N,0
35.14132,24.64936,306.23,0.42,0.61,2022-07-15,2323,N,VIIRS,n,2,296.14,1.89,N,0
35.14155,24.64525,318.84,0.42,0.61,2022-07-15,2323,N,VIIRS,n,2,296.13,1.89,N,0
35.14202,24.6369,309.81,0.42,0.61,2022-07-15,2323,N,VIIRS,n,2,294.7,2.79,N,0
35.14228,24.63226,309.26,0.42,0.61,2022-07-15,2323,N,VIIRS,n,2,293.59,5.53,N,0
35.12896,24.66422,312.22,0.42,0.61,2022-07-15,2323,N,VIIRS,n,2,294.2,1.64,N,0
35.12872,24.66848,313.32,0.42,0.61,2022-07-15,2323,N,VIIRS,n,2,294.64,1.64,N,0
35.1245,24.6408,301.68,0.42,0.61,2022-07-15,2323,N,VIIRS,n,2,291.54,2.05,N,0
35.12357,24.65767,308.17,0.42,0.61,2022-07-15,2323,N,VIIRS,n,2,292.39,2.35,N,0
35.13985,24.67539,327.88,0.42,0.61,2022-07-15,2323,N,VIIRS,n,2,296.74,2.68,N,0
35.14011,24.67091,334.82,0.42,0.61,2022-07-15,2323,N,VIIRS,n,2,296.98,2.68,N,0
35.14178,24.64116,320.3,0.42,0.61,2022-07-15,2323,N,VIIRS,n,2,295.89,2.79,N,0
35.14829,24.62792,310.78,0.43,0.62,2022-07-15,2323,N,VIIRS,n,2,294.99,3.54,N,0
35.14754,24.64131,318.31,0.42,0.61,2022-07-15,2323,N,VIIRS,n,2,295.57,3.34,N,0
35.1473,24.64554,309.04,0.42,0.61,2022-07-15,2323,N,VIIRS,n,2,295.19,2.37,N,0
35.14706,24.6498,306.18,0.42,0.61,2022-07-15,2323,N,VIIRS,n,2,295.52,2.37,N,0
35.14681,24.65416,308.08,0.42,0.61,2022-07-15,2323,N,VIIRS,n,2,295.92,1.86,N,0
35.14655,24.65875,307.13,0.42,0.61,2022-07-15,2323,N,VIIRS,n,2,296.01,1.86,N,0
35.1463,24.66323,308.6,0.42,0.61,2022-07-15,2323,N,VIIRS,n,2,295.83,2.33,N,0
35.14284,24.62213,367,0.43,0.62,2022-07-15,2323,N,VIIRS,h,2,300.21,9.33,N,0
35.14255,24.62738,332.85,0.43,0.62,2022-07-15,2323,N,VIIRS,n,2,295.11,5.53,N,0
35.11177,24.66254,304.63,0.42,0.61,2022-07-15,2323,N,VIIRS,n,2,294.03,1.26,N,0
35.119,24.636,327.61,0.42,0.61,2022-07-15,2323,N,VIIRS,n,2,290.84,2.93,N,0
35.11784,24.65722,325.08,0.42,0.61,2022-07-15,2323,N,VIIRS,n,2,292.92,3.63,N,0
35.11804,24.65343,317.98,0.42,0.61,2022-07-15,2323,N,VIIRS,n,2,291.84,3.23,N,0
35.11721,24.66849,304.57,0.42,0.61,2022-07-15,2323,N,VIIRS,n,2,293.57,1.26,N,0
35.117,24.67236,306.55,0.42,0.61,2022-07-15,2323,N,VIIRS,n,2,294.53,1.8,N,0
35.14108,24.65354,314.23,0.42,0.61,2022-07-15,2323,N,VIIRS,n,2,296.23,2.55,N,0
35.1406,24.66219,311.16,0.42,0.61,2022-07-15,2323,N,VIIRS,n,2,295.82,2.24,N,0
35.14084,24.65782,307.74,0.42,0.61,2022-07-15,2323,N,VIIRS,n,2,296.29,2.55,N,0
35.14035,24.66656,317.92,0.42,0.61,2022-07-15,2323,N,VIIRS,n,2,295.68,2.24,N,0
35.13528,24.65426,338.1,0.42,0.61,2022-07-15,2323,N,VIIRS,n,2,296.75,2.55,N,0
38.37294,24.06049,308.51,0.35,0.57,2022-07-16,0102,N,VIIRS,n,2,292.71,0.63,N,2
37.91799,23.07255,307.55,0.32,0.55,2022-07-16,0102,N,VIIRS,n,2,295.66,1.06,N,2
35.12045,24.64144,305.77,0.46,0.64,2022-07-16,0103,N,VIIRS,n,2,289.91,0.55,N,0
35.13886,24.66584,315.39,0.46,0.64,2022-07-16,0103,N,VIIRS,n,2,295.08,1.75,N,0
35.14037,24.66033,307.66,0.46,0.64,2022-07-16,0103,N,VIIRS,n,2,294.88,1.75,N,0
35.14495,24.64359,308.04,0.46,0.64,2022-07-16,0103,N,VIIRS,n,2,294.79,2.75,N,0
35.14647,24.63805,317.98,0.46,0.64,2022-07-16,0103,N,VIIRS,n,2,294.45,2.75,N,0
35.14798,24.63252,317.04,0.46,0.63,2022-07-16,0103,N,VIIRS,n,2,293.88,2.51,N,0
35.1495,24.62697,304.07,0.46,0.63,2022-07-16,0103,N,VIIRS,n,2,292.87,2.51,N,0
35.13736,24.67132,321.45,0.46,0.64,2022-07-16,0103,N,VIIRS,n,2,295.97,5.02,N,0
35.14459,24.66785,311.5,0.46,0.64,2022-07-16,0103,N,VIIRS,n,2,295.88,1.75,N,0
35.14611,24.66226,305.64,0.46,0.64,2022-07-16,0103,N,VIIRS,n,2,295.4,1.75,N,0
35.11702,24.65388,309.22,0.46,0.64,2022-07-16,0103,N,VIIRS,n,2,290.69,1.32,N,0
35.13139,24.62449,322.8,0.46,0.63,2022-07-16,0103,N,VIIRS,n,2,292.29,2.14,N,0
35.12745,24.66165,303.2,0.46,0.64,2022-07-16,0103,N,VIIRS,n,2,292.63,1.14,N,0
35.12894,24.6562,314,0.46,0.64,2022-07-16,0103,N,VIIRS,n,2,293.34,2,N,0
35.13927,24.6186,311.69,0.46,0.63,2022-07-16,0103,N,VIIRS,n,2,292.28,3.6,N,0
35.131,24.6716,309.12,0.46,0.64,2022-07-16,0103,N,VIIRS,n,2,294.33,1.14,N,0
35.13238,24.66658,304.74,0.46,0.64,2022-07-16,0103,N,VIIRS,n,2,294.5,1.14,N,0
35.13375,24.66156,310.62,0.46,0.64,2022-07-16,0103,N,VIIRS,n,2,294.58,2,N,0
35.13519,24.65633,318.89,0.46,0.64,2022-07-16,0103,N,VIIRS,n,2,295.05,2,N,0
35.13665,24.65098,309.32,0.46,0.64,2022-07-16,0103,N,VIIRS,n,2,294.28,3.59,N,0
35.14243,24.6299,303.07,0.46,0.63,2022-07-16,0103,N,VIIRS,n,2,292.38,1.8,N,0
35.14367,24.6254,307.97,0.46,0.63,2022-07-16,0103,N,VIIRS,n,2,293.19,1.8,N,0
35.14491,24.62086,342.26,0.46,0.63,2022-07-16,0103,N,VIIRS,n,2,295.77,3.6,N,0
35.11096,24.65697,340.41,0.61,0.53,2022-07-16,1043,N,VIIRS,l,2,312.14,8.74,D,0
35.13056,24.63027,334.06,0.61,0.54,2022-07-16,1043,N,VIIRS,n,2,307.2,3.7,D,0
35.10564,24.65652,345.62,0.61,0.53,2022-07-16,1043,N,VIIRS,n,2,310.25,8.74,D,0
38.15691,21.73425,335.51,0.37,0.58,2022-07-16,1044,N,VIIRS,n,2,303.3,1.27,D,0
35.33059,25.03275,367,0.69,0.74,2022-07-16,1223,N,VIIRS,h,2,299.62,31.54,D,0
35.33039,25.0243,351.59,0.69,0.74,2022-07-16,1223,N,VIIRS,n,2,301.24,31.54,D,0
35.10043,24.6545,333.49,0.65,0.73,2022-07-16,1223,N,VIIRS,l,2,303.53,2.53,D,0
35.12706,24.62812,338.43,0.65,0.73,2022-07-16,1223,N,VIIRS,n,2,305.26,6.83,D,0
35.12766,24.63208,334.58,0.65,0.73,2022-07-16,1223,N,VIIRS,l,2,307.29,12.87,D,0
35.12753,24.62652,335.26,0.65,0.73,2022-07-16,1223,N,VIIRS,n,2,305.33,8.78,D,0
38.154,21.73483,367,0.47,0.64,2022-07-16,1224,N,VIIRS,h,2,305.17,9.76,D,0
38.14656,21.74013,332.65,0.47,0.64,2022-07-16,1224,N,VIIRS,n,2,300.64,9.02,D,0
38.14638,21.73556,356.52,0.47,0.64,2022-07-16,1224,N,VIIRS,n,2,302.9,9.02,D,0
38.1524,21.73553,367,0.47,0.64,2022-07-16,1224,N,VIIRS,h,2,305.54,9.02,D,0
38.37511,24.05991,309.98,0.41,0.45,2022-07-17,0043,N,VIIRS,n,2,294.62,0.68,N,3
39.1665,22.84441,305.67,0.52,0.41,2022-07-17,0043,N,VIIRS,n,2,291.04,2,N,2
37.91851,23.0717,309.32,0.56,0.43,2022-07-17,0044,N,VIIRS,n,2,298.65,2.81,N,2
38.15706,21.74248,319.02,0.49,0.4,2022-07-17,0044,N,VIIRS,n,2,296.09,1.68,N,0
38.1534,21.74145,306.3,0.49,0.4,2022-07-17,0044,N,VIIRS,n,2,295.24,1.68,N,0
38.12837,23.52415,308.06,0.39,0.44,2022-07-17,0044,N,VIIRS,n,2,296.6,1.94,N,2
37.64705,21.40614,337.69,0.49,0.49,2022-07-17,1205,N,VIIRS,n,2,307.55,3.55,D,0
38.00341,21.31898,339.72,0.49,0.49,2022-07-17,1205,N,VIIRS,n,2,306.32,4.12,D,0
37.65079,21.40271,333.56,0.49,0.49,2022-07-17,1205,N,VIIRS,l,2,306.28,3.64,D,0
39.71972,22.74833,307.16,0.38,0.36,2022-07-18,0024,N,VIIRS,n,2,291.19,0.82,N,0
40.28426,23.44634,307.06,0.39,0.36,2022-07-18,0024,N,VIIRS,n,2,293.54,0.81,N,2
38.45805,24.17833,314.22,0.41,0.37,2022-07-18,0025,N,VIIRS,n,2,293.9,1.48,N,0
38.4572,24.18312,308.46,0.41,0.37,2022-07-18,0025,N,VIIRS,n,2,293.53,0.93,N,0
38.37323,24.06096,309.93,0.41,0.37,2022-07-18,0025,N,VIIRS,n,2,295.07,1.23,N,2
38.13156,23.52499,306.7,0.4,0.37,2022-07-18,0025,N,VIIRS,n,2,294.7,0.75,N,2
38.12822,23.52411,309,0.4,0.37,2022-07-18,0025,N,VIIRS,n,2,293.37,0.69,N,2
37.91913,23.07434,308.9,0.39,0.36,2022-07-18,0025,N,VIIRS,n,2,298.09,2.38,N,2
38.0215,21.64046,327.73,0.38,0.36,2022-07-18,0025,N,VIIRS,n,2,295.46,4.63,N,0
38.02217,21.63611,318.18,0.38,0.36,2022-07-18,0025,N,VIIRS,n,2,294.92,4.63,N,0
38.01821,21.63965,354.18,0.38,0.36,2022-07-18,0025,N,VIIRS,n,2,299.89,4.63,N,0
38.01888,21.6353,315.77,0.38,0.36,2022-07-18,0025,N,VIIRS,n,2,295.01,4.63,N,0
39.3544,22.98516,311.05,0.39,0.36,2022-07-18,0025,N,VIIRS,n,2,294.89,1.62,N,2
40.84274,22.7856,344.15,0.78,0.78,2022-07-18,1007,N,VIIRS,n,2,300.41,7.85,D,0
40.84168,22.78627,344.82,0.79,0.78,2022-07-18,1007,N,VIIRS,n,2,300.49,7.64,D,0
39.38474,22.05763,340.22,0.49,0.4,2022-07-18,1147,N,VIIRS,n,2,303,5.99,D,0
39.38101,22.05832,335.32,0.49,0.4,2022-07-18,1147,N,VIIRS,n,2,304.38,4.11,D,0
38.13089,23.52596,308.33,0.43,0.38,2022-07-19,0006,N,VIIRS,n,2,294.56,1.34,N,2
39.38529,22.80797,307.16,0.47,0.4,2022-07-19,0006,N,VIIRS,n,2,289.4,1.35,N,2
36.50381,22.4753,351.31,0.39,0.36,2022-07-19,1127,N,VIIRS,n,2,308.73,8.67,D,0
36.5071,22.47451,354.25,0.39,0.36,2022-07-19,1127,N,VIIRS,n,2,309.61,8.67,D,0
38.65089,22.78685,336.97,0.39,0.36,2022-07-19,1127,N,VIIRS,l,2,309.48,5.91,D,0
38.65352,22.78159,355.97,0.39,0.36,2022-07-19,1127,N,VIIRS,n,2,311.96,16.54,D,0
36.50447,22.47949,339.63,0.39,0.36,2022-07-19,1127,N,VIIRS,n,2,306.42,8.67,D,0
40.75655,22.14901,338.04,0.39,0.36,2022-07-19,1128,N,VIIRS,l,2,308.22,2.88,D,0
38.0413,23.87584,350.28,0.45,0.47,2022-07-19,2347,N,VIIRS,n,2,311.66,30.53,N,0
37.3404,22.18078,299.39,0.54,0.51,2022-07-19,2347,N,VIIRS,n,2,287.43,0.75,N,0
37.34091,22.17438,303.6,0.54,0.51,2022-07-19,2347,N,VIIRS,n,2,287.19,0.75,N,0
37.34612,22.16846,298.89,0.54,0.51,2022-07-19,2347,N,VIIRS,n,2,287.2,0.87,N,0
37.34662,22.1621,301.04,0.54,0.51,2022-07-19,2347,N,VIIRS,n,2,287.83,0.87,N,0
38.03468,23.60514,312.41,0.46,0.47,2022-07-19,2347,N,VIIRS,n,2,294.03,1.03,N,0
38.03518,23.59971,303.99,0.46,0.47,2022-07-19,2347,N,VIIRS,n,2,292.69,1.03,N,0
38.01915,23.9115,335.74,0.44,0.46,2022-07-19,2347,N,VIIRS,n,2,293.71,36.58,N,0
38.01961,23.90663,343.23,0.44,0.46,2022-07-19,2347,N,VIIRS,n,2,303.68,36.58,N,0
38.02296,23.9172,306.45,0.44,0.46,2022-07-19,2347,N,VIIRS,n,2,293.92,11.43,N,0
38.02436,23.90257,306.3,0.44,0.46,2022-07-19,2347,N,VIIRS,n,2,292.72,1.99,N,0
38.02729,23.87192,305.77,0.45,0.47,2022-07-19,2347,N,VIIRS,n,2,293.22,80.76,N,0
38.02829,23.86135,307.05,0.45,0.47,2022-07-19,2347,N,VIIRS,n,2,292.62,18.81,N,0
38.02344,23.91223,367,0.44,0.46,2022-07-19,2347,N,VIIRS,h,2,325.71,124.03,N,0
38.02391,23.90734,346.38,0.44,0.46,2022-07-19,2347,N,VIIRS,n,2,328.56,124.03,N,0
38.02779,23.86665,335.64,0.45,0.47,2022-07-19,2347,N,VIIRS,n,2,300.63,80.76,N,0
38.02866,23.90322,304.54,0.44,0.46,2022-07-19,2347,N,VIIRS,n,2,292.84,1.99,N,0
38.03259,23.86222,313.37,0.45,0.47,2022-07-19,2347,N,VIIRS,n,2,293.06,18.81,N,0
38.02773,23.913,367,0.44,0.46,2022-07-19,2347,N,VIIRS,h,2,318.82,124.03,N,0
38.0282,23.90807,343.97,0.44,0.46,2022-07-19,2347,N,VIIRS,n,2,325.95,124.03,N,0
38.03157,23.8728,332.88,0.45,0.47,2022-07-19,2347,N,VIIRS,n,2,295.33,80.76,N,0
38.03208,23.86752,367,0.45,0.47,2022-07-19,2347,N,VIIRS,h,2,355.94,80.76,N,0
38.01667,23.90699,325.34,0.44,0.46,2022-07-19,2347,N,VIIRS,n,2,294.38,49.22,N,0
38.0214,23.90294,308.3,0.44,0.46,2022-07-19,2347,N,VIIRS,n,2,293.56,49.22,N,0
38.02053,23.91263,327.97,0.44,0.46,2022-07-19,2347,N,VIIRS,n,2,295.01,40.33,N,0
38.02097,23.90774,333.7,0.44,0.46,2022-07-19,2347,N,VIIRS,n,2,322.28,49.22,N,0
38.0257,23.90364,312.77,0.44,0.46,2022-07-19,2347,N,VIIRS,n,2,293.17,67.9,N,0
38.02843,23.8731,309.97,0.45,0.47,2022-07-19,2347,N,VIIRS,n,2,294.36,12.13,N,0
38.02483,23.91339,326.71,0.44,0.46,2022-07-19,2347,N,VIIRS,n,2,319.63,56.95,N,0
38.02527,23.90847,367,0.44,0.46,2022-07-19,2347,N,VIIRS,h,2,342.38,67.9,N,0
38.0289,23.86782,367,0.45,0.47,2022-07-19,2347,N,VIIRS,h,2,328.74,89.99,N,0
38.02938,23.86252,338.04,0.45,0.47,2022-07-19,2347,N,VIIRS,n,2,294.32,89.99,N,0
38.03273,23.87398,316.85,0.45,0.47,2022-07-19,2347,N,VIIRS,n,2,293.19,12.13,N,0
38.02911,23.91419,334.99,0.44,0.46,2022-07-19,2347,N,VIIRS,n,2,300.68,56.95,N,0
38.02956,23.90922,346.62,0.44,0.46,2022-07-19,2347,N,VIIRS,n,2,314.29,67.9,N,0
38.03001,23.90429,320.26,0.44,0.46,2022-07-19,2347,N,VIIRS,n,2,293.53,67.9,N,0
38.0332,23.86871,367,0.45,0.47,2022-07-19,2347,N,VIIRS,h,2,335.32,89.99,N,0
38.03367,23.8634,327.08,0.45,0.47,2022-07-19,2347,N,VIIRS,n,2,293.62,89.99,N,0
38.03516,23.89552,309.89,0.45,0.47,2022-07-19,2347,N,VIIRS,n,2,292.07,7.64,N,0
38.03796,23.86436,303.6,0.45,0.47,2022-07-19,2347,N,VIIRS,n,2,292.44,20.69,N,0
38.03339,23.9152,339.49,0.44,0.46,2022-07-19,2347,N,VIIRS,n,2,296.17,7.21,N,0
38.03384,23.91009,346.06,0.44,0.46,2022-07-19,2347,N,VIIRS,n,2,298.61,24.44,N,0
38.03431,23.90495,341.5,0.44,0.46,2022-07-19,2347,N,VIIRS,n,2,296.48,24.44,N,0
38.03702,23.87484,332.15,0.45,0.47,2022-07-19,2347,N,VIIRS,n,2,296.62,30.53,N,0
38.03748,23.86963,348.48,0.45,0.47,2022-07-19,2347,N,VIIRS,n,2,315.22,20.69,N,0
38.03903,23.90101,306.68,0.44,0.46,2022-07-19,2347,N,VIIRS,n,2,291.91,7.64,N,0
38.04083,23.88102,316.32,0.45,0.47,2022-07-19,2347,N,VIIRS,n,2,292.35,30.53,N,0
38.04223,23.86547,319.09,0.45,0.47,2022-07-19,2347,N,VIIRS,n,2,292.88,20.69,N,0
38.03765,23.91625,342.99,0.44,0.46,2022-07-19,2347,N,VIIRS,n,2,298.22,7.21,N,0
38.03812,23.91102,324.96,0.44,0.46,2022-07-19,2347,N,VIIRS,n,2,293.42,24.44,N,0
38.37392,24.06331,304.1,0.44,0.46,2022-07-19,2347,N,VIIRS,n,2,293.11,1,N,2
38.13032,23.52422,307.26,0.47,0.47,2022-07-19,2347,N,VIIRS,n,2,293.45,0.97,N,2
38.0637,23.91756,334.07,0.44,0.46,2022-07-19,2347,N,VIIRS,n,2,291.06,2.72,N,0
38.06414,23.91278,310.64,0.44,0.46,2022-07-19,2347,N,VIIRS,n,2,288.84,2.72,N,0
38.05945,23.91638,316.45,0.44,0.46,2022-07-19,2347,N,VIIRS,n,2,290.36,2.72,N,0
38.05787,23.88586,305.56,0.45,0.47,2022-07-19,2347,N,VIIRS,n,2,289.85,7.82,N,0
38.05521,23.91498,311.51,0.44,0.46,2022-07-19,2347,N,VIIRS,n,2,291.25,1.42,N,0
38.05362,23.88458,353.75,0.45,0.47,2022-07-19,2347,N,VIIRS,n,2,297.14,7.82,N,0
38.05411,23.87922,308.5,0.45,0.47,2022-07-19,2347,N,VIIRS,n,2,291.47,7.82,N,0
38.05094,23.91393,314.31,0.44,0.46,2022-07-19,2347,N,VIIRS,n,2,291.75,1.42,N,0
38.05044,23.91951,303.58,0.44,0.46,2022-07-19,2347,N,VIIRS,n,2,290.74,0.83,N,0
38.04937,23.88327,321.01,0.45,0.47,2022-07-19,2347,N,VIIRS,n,2,291.9,8.09,N,0
38.04667,23.91296,323.52,0.44,0.46,2022-07-19,2347,N,VIIRS,n,2,292.75,5.64,N,0
38.04615,23.91871,338.09,0.44,0.46,2022-07-19,2347,N,VIIRS,n,2,293.3,5.62,N,0
38.04985,23.87799,315.65,0.45,0.47,2022-07-19,2347,N,VIIRS,n,2,293.2,8.09,N,0
38.04558,23.87686,351.28,0.45,0.47,2022-07-19,2347,N,VIIRS,n,2,305.05,8.09,N,0
38.04285,23.90695,334.86,0.44,0.46,2022-07-19,2347,N,VIIRS,n,2,293.72,5.64,N,0
38.0424,23.91198,331.3,0.44,0.46,2022-07-19,2347,N,VIIRS,n,2,293.49,5.64,N,0
38.04191,23.91743,338.63,0.44,0.46,2022-07-19,2347,N,VIIRS,n,2,294.83,5.62,N,0
38.04604,23.87174,319.87,0.45,0.47,2022-07-19,2347,N,VIIRS,n,2,293.58,3.46,N,0
38.04511,23.88205,318.41,0.45,0.47,2022-07-19,2347,N,VIIRS,n,2,292.56,8.09,N,0
38.04176,23.8707,346.25,0.45,0.47,2022-07-19,2347,N,VIIRS,n,2,299.38,20.69,N,0
38.03859,23.90583,333.81,0.44,0.46,2022-07-19,2347,N,VIIRS,n,2,308.36,24.44,N,0
38.02396,23.8791,367,0.73,0.76,2022-07-20,0127,N,VIIRS,h,2,294.23,92.35,N,0
38.04889,23.91446,367,0.74,0.76,2022-07-20,0127,N,VIIRS,h,2,293.64,24.12,N,0
38.04675,23.9209,353.89,0.74,0.76,2022-07-20,0127,N,VIIRS,n,2,294.48,24.12,N,0
38.05014,23.91752,314.27,0.74,0.76,2022-07-20,0127,N,VIIRS,n,2,290.59,42.94,N,0
38.048,23.92408,299.53,0.74,0.76,2022-07-20,0127,N,VIIRS,n,2,288.97,33.8,N,0
38.04299,23.91568,367,0.74,0.76,2022-07-20,0127,N,VIIRS,h,2,309.14,42.94,N,0
38.04044,23.92346,338.54,0.74,0.76,2022-07-20,0127,N,VIIRS,n,2,295.57,33.8,N,0
38.04573,23.90731,308.21,0.74,0.76,2022-07-20,0127,N,VIIRS,n,2,290.25,42.94,N,0
38.02655,23.87124,367,0.73,0.76,2022-07-20,0127,N,VIIRS,h,2,297.51,22.67,N,0
38.0215,23.88661,367,0.74,0.76,2022-07-20,0127,N,VIIRS,h,2,321.86,92.35,N,0
38.00233,23.88441,304.23,0.74,0.76,2022-07-20,0127,N,VIIRS,n,2,291.9,29.56,N,0
38.00351,23.90473,305.28,0.74,0.76,2022-07-20,0127,N,VIIRS,n,2,292.78,8.21,N,0
38.0064,23.89579,352,0.74,0.76,2022-07-20,0127,N,VIIRS,n,2,298.64,29.56,N,0
38.00928,23.88684,367,0.74,0.76,2022-07-20,0127,N,VIIRS,h,2,296.27,29.56,N,0
38.01196,23.87857,344.91,0.74,0.76,2022-07-20,0127,N,VIIRS,n,2,293.92,23.93,N,0
38.03577,23.91403,367,0.74,0.76,2022-07-20,0127,N,VIIRS,h,2,298.49,27.24,N,0
38.03851,23.90568,317.84,0.74,0.76,2022-07-20,0127,N,VIIRS,n,2,291.13,27.24,N,0
38.03294,23.92268,311.09,0.74,0.76,2022-07-20,0127,N,VIIRS,n,2,291.43,18.06,N,0
38.01459,23.87045,341.39,0.73,0.76,2022-07-20,0127,N,VIIRS,n,2,292.94,23.93,N,0
38.01725,23.86221,348.84,0.73,0.76,2022-07-20,0127,N,VIIRS,n,2,294.28,18.67,N,0
38.00152,23.90014,311.05,0.74,0.76,2022-07-20,0127,N,VIIRS,n,2,292.85,36.2,N,0
38.00731,23.88259,316.44,0.74,0.76,2022-07-20,0127,N,VIIRS,n,2,292.85,158.68,N,0
38.0044,23.89141,367,0.74,0.76,2022-07-20,0127,N,VIIRS,h,2,296.8,36.2,N,0
38.01273,23.86612,327.55,0.73,0.76,2022-07-20,0127,N,VIIRS,n,2,292.48,16.64,N,0
38.00555,23.91149,315.78,0.74,0.76,2022-07-20,0127,N,VIIRS,n,2,292.55,16.69,N,0
38.04049,23.87598,338.5,0.73,0.76,2022-07-20,0127,N,VIIRS,n,2,292.7,6.47,N,0
38.00846,23.90264,367,0.74,0.76,2022-07-20,0127,N,VIIRS,h,2,295.98,36.2,N,0
38.01149,23.89345,354.84,0.74,0.76,2022-07-20,0127,N,VIIRS,n,2,298.68,36.2,N,0
38.01696,23.87684,367,0.73,0.76,2022-07-20,0127,N,VIIRS,h,2,293.92,158.68,N,0
38.01962,23.86873,367,0.73,0.76,2022-07-20,0127,N,VIIRS,h,2,298.86,16.64,N,0
38.02223,23.8608,330.35,0.73,0.76,2022-07-20,0127,N,VIIRS,n,2,292.91,16.64,N,0
38.00947,23.92318,305.33,0.74,0.76,2022-07-20,0127,N,VIIRS,n,2,292.47,32.41,N,0
38.03164,23.85576,303.38,0.73,0.76,2022-07-20,0127,N,VIIRS,n,2,291.44,9.28,N,0
38.01244,23.91419,327.24,0.74,0.76,2022-07-20,0127,N,VIIRS,n,2,300.55,32.41,N,0
38.0154,23.90517,367,0.74,0.76,2022-07-20,0127,N,VIIRS,h,2,307.48,86.39,N,0
38.01866,23.89526,338.92,0.74,0.76,2022-07-20,0127,N,VIIRS,n,2,300.19,86.39,N,0
38.03181,23.90244,367,0.74,0.76,2022-07-20,0127,N,VIIRS,h,2,297.06,27.24,N,0
38.02874,23.91183,367,0.74,0.76,2022-07-20,0127,N,VIIRS,h,2,297.17,27.24,N,0
38.02584,23.92065,330.27,0.74,0.76,2022-07-20,0127,N,VIIRS,n,2,292.46,18.06,N,0
38.04327,23.86749,319.15,0.73,0.76,2022-07-20,0127,N,VIIRS,n,2,291.55,6.47,N,0
38.03783,23.88409,318.14,0.73,0.76,2022-07-20,0127,N,VIIRS,n,2,291.07,12.04,N,0
38.03513,23.89232,311.22,0.74,0.76,2022-07-20,0127,N,VIIRS,n,2,291.21,12.04,N,0
38.03607,23.86583,323.06,0.73,0.76,2022-07-20,0127,N,VIIRS,n,2,292.37,22.67,N,0
38.0335,23.87368,367,0.73,0.76,2022-07-20,0127,N,VIIRS,h,2,297.62,22.67,N,0
38.03093,23.8815,367,0.73,0.76,2022-07-20,0127,N,VIIRS,h,2,293.99,92.35,N,0
38.02843,23.8891,367,0.74,0.76,2022-07-20,0127,N,VIIRS,h,2,300,92.35,N,0
38.02546,23.89816,348.31,0.74,0.76,2022-07-20,0127,N,VIIRS,n,2,300.73,86.39,N,0
38.02206,23.90852,367,0.74,0.76,2022-07-20,0127,N,VIIRS,h,2,297.22,86.39,N,0
38.01907,23.91762,312.76,0.74,0.76,2022-07-20,0127,N,VIIRS,n,2,292.16,32.41,N,0
38.02909,23.86348,346.44,0.73,0.76,2022-07-20,0127,N,VIIRS,n,2,294.09,22.67,N,0
37.34416,22.18043,298.58,0.64,0.72,2022-07-20,0128,N,VIIRS,n,2,286.7,1.06,N,0
39.69471,19.83665,339.35,0.4,0.44,2022-07-20,1109,N,VIIRS,n,2,302.23,4.63,D,0
37.67027,22.68118,309.46,0.47,0.64,2022-07-20,2328,N,VIIRS,n,2,290.28,2.02,N,0
37.67006,22.68655,307.8,0.47,0.64,2022-07-20,2328,N,VIIRS,n,2,290.58,1.48,N,0
37.67335,22.68586,322.05,0.46,0.64,2022-07-20,2328,N,VIIRS,n,2,291.27,2.75,N,0
40.28494,23.44218,301.88,0.35,0.57,2022-07-21,0108,N,VIIRS,n,2,290.39,0.56,N,0
40.69753,22.95025,303.36,0.33,0.55,2022-07-21,0108,N,VIIRS,n,2,291.05,0.58,N,0
39.35346,22.98273,310.77,0.36,0.57,2022-07-21,0108,N,VIIRS,n,2,293.21,1.03,N,2
38.03205,23.60528,306.01,0.41,0.61,2022-07-21,0109,N,VIIRS,n,2,294.27,1.25,N,0
37.82498,21.63784,332.22,0.63,0.54,2022-07-21,1050,N,VIIRS,l,2,302.28,11.85,D,0
37.82318,21.63057,344.38,0.63,0.54,2022-07-21,1050,N,VIIRS,n,2,304.1,19.09,D,0
40.23953,23.59075,339.35,0.44,0.46,2022-07-21,1050,N,VIIRS,n,2,306.15,4.38,D,0
37.8165,21.62491,339.65,0.63,0.54,2022-07-21,1050,N,VIIRS,n,2,303.97,97.63,D,0
37.8202,21.63988,344.96,0.63,0.54,2022-07-21,1050,N,VIIRS,n,2,308.92,89.04,D,0
37.81359,21.63453,352.3,0.63,0.54,2022-07-21,1050,N,VIIRS,n,2,303.74,97.63,D,0
37.8154,21.64182,341.14,0.63,0.54,2022-07-21,1050,N,VIIRS,n,2,301.98,89.04,D,0
37.81457,21.62278,333,0.57,0.69,2022-07-21,1230,N,VIIRS,n,2,303.67,52.06,D,0
37.81473,21.62836,367,0.57,0.69,2022-07-21,1230,N,VIIRS,h,2,314.7,51.1,D,0
37.81491,21.63423,341.27,0.57,0.69,2022-07-21,1230,N,VIIRS,n,2,304.9,51.1,D,0
37.81485,21.62716,367,0.57,0.69,2022-07-21,1230,N,VIIRS,h,2,318.31,70.53,D,0
37.81471,21.62158,343.2,0.57,0.69,2022-07-21,1230,N,VIIRS,n,2,302.54,70.53,D,0
37.81509,21.64038,367,0.57,0.69,2022-07-21,1230,N,VIIRS,h,2,307.75,28.31,D,0
37.8212,21.62785,330.03,0.57,0.69,2022-07-21,1230,N,VIIRS,n,2,302.15,6.22,D,0
37.81514,21.63909,367,0.57,0.69,2022-07-21,1230,N,VIIRS,h,2,308.41,30.72,D,0
37.81499,21.63296,336.55,0.57,0.69,2022-07-21,1230,N,VIIRS,n,2,304.87,30.72,D,0
41.0865,26.23632,301.15,0.57,0.69,2022-07-21,2308,N,VIIRS,n,2,289.21,1.87,N,0
41.09919,26.25006,307.11,0.56,0.69,2022-07-21,2308,N,VIIRS,n,2,289.15,1.58,N,0
41.52897,26.41143,305.22,0.56,0.69,2022-07-21,2308,N,VIIRS,n,2,287.92,1.1,N,0
41.08479,26.23192,315.77,0.54,0.51,2022-07-22,0049,N,VIIRS,n,2,289.86,3.22,N,0
41.09245,26.22112,311.26,0.54,0.51,2022-07-22,0049,N,VIIRS,n,2,290.77,1.64,N,0
41.09695,26.22303,309.64,0.54,0.51,2022-07-22,0049,N,VIIRS,n,2,290.78,2.87,N,0
41.09819,26.23814,303.05,0.54,0.51,2022-07-22,0049,N,VIIRS,n,2,289.32,1.54,N,0
41.09957,26.25268,318.04,0.54,0.51,2022-07-22,0049,N,VIIRS,n,2,289.98,2.11,N,0
41.10259,26.2606,310.86,0.54,0.51,2022-07-22,0049,N,VIIRS,n,2,289.94,2.11,N,0
40.28452,23.44209,304.98,0.41,0.45,2022-07-22,0049,N,VIIRS,n,2,293.64,0.88,N,0
41.08324,26.23818,322.96,0.54,0.51,2022-07-22,0049,N,VIIRS,n,2,289.67,3.22,N,0
39.16706,22.84458,302.82,0.41,0.45,2022-07-22,0050,N,VIIRS,n,2,290.81,0.82,N,2
39.38549,22.80582,306.99,0.4,0.44,2022-07-22,0050,N,VIIRS,n,2,291.51,1.11,N,2
39.35514,22.98529,311.9,0.41,0.45,2022-07-22,0050,N,VIIRS,n,2,294.89,1.15,N,2
39.35367,22.98273,311.82,0.41,0.45,2022-07-22,0050,N,VIIRS,n,2,294.97,1.59,N,2
38.37453,24.05914,305.91,0.49,0.48,2022-07-22,0050,N,VIIRS,n,2,292.92,0.68,N,2
39.16906,22.84329,304.42,0.41,0.45,2022-07-22,0050,N,VIIRS,n,2,292.97,1.43,N,2
38.03129,23.60522,307.25,0.47,0.48,2022-07-22,0050,N,VIIRS,n,2,296.15,1.25,N,0
38.12797,23.5257,306.5,0.47,0.47,2022-07-22,0050,N,VIIRS,n,2,294.73,1.04,N,2
38.0747,23.24395,367,0.45,0.63,2022-07-22,1031,N,VIIRS,h,2,305.75,6.7,D,0
38.07334,23.23912,331.27,0.45,0.63,2022-07-22,1031,N,VIIRS,n,2,304.88,6.7,D,0
38.08041,23.24209,338.7,0.45,0.63,2022-07-22,1031,N,VIIRS,n,2,302.42,6.59,D,0
38.37617,23.47457,331.19,0.43,0.62,2022-07-22,1031,N,VIIRS,l,2,304.29,1.96,D,0
41.08595,26.22751,336.61,0.53,0.5,2022-07-22,1032,N,VIIRS,n,2,300.75,12.42,D,0
41.08298,26.23557,332.66,0.53,0.5,2022-07-22,1032,N,VIIRS,n,2,300.77,12.42,D,0
41.08742,26.23355,341.45,0.53,0.5,2022-07-22,1032,N,VIIRS,n,2,301.66,12.42,D,0
41.09773,26.25573,330.62,0.53,0.5,2022-07-22,1032,N,VIIRS,l,2,300.62,3.97,D,0
41.09779,26.2357,330.81,0.53,0.5,2022-07-22,1032,N,VIIRS,n,2,300,6.96,D,0
41.09042,26.22567,331.94,0.53,0.5,2022-07-22,1032,N,VIIRS,n,2,301.15,8.4,D,0
41.08154,26.22965,339.82,0.53,0.5,2022-07-22,1032,N,VIIRS,n,2,300.86,12.42,D,0
41.10415,26.2595,347.08,0.58,0.7,2022-07-22,1212,N,VIIRS,n,2,297.56,6.81,D,0
41.09749,26.2533,336.43,0.58,0.7,2022-07-22,1212,N,VIIRS,n,2,296.52,9.61,D,0
41.08401,26.23074,367,0.58,0.7,2022-07-22,1212,N,VIIRS,h,2,296.71,19.36,D,0
41.09123,26.21735,324.12,0.49,0.4,2022-07-23,0030,N,VIIRS,n,2,292.86,3.6,N,0
41.11142,26.25616,333.28,0.49,0.41,2022-07-23,0030,N,VIIRS,n,2,295.48,3.99,N,0
41.11025,26.26184,329.31,0.49,0.41,2022-07-23,0030,N,VIIRS,n,2,295.24,3.46,N,0
41.11258,26.25045,306.2,0.49,0.4,2022-07-23,0030,N,VIIRS,n,2,291.23,3.99,N,0
41.10658,26.26068,325.27,0.49,0.41,2022-07-23,0030,N,VIIRS,n,2,294,3.72,N,0
41.10775,26.25497,303.64,0.49,0.41,2022-07-23,0030,N,VIIRS,n,2,292.1,2.2,N,0
41.11093,26.25531,345.96,0.49,0.41,2022-07-23,0030,N,VIIRS,n,2,295.75,5.29,N,0
41.10979,26.26098,328.32,0.49,0.41,2022-07-23,0030,N,VIIRS,n,2,295.49,5.29,N,0
41.10864,26.2667,309.98,0.49,0.41,2022-07-23,0030,N,VIIRS,n,2,293.3,2.17,N,0
41.10612,26.25982,314.35,0.49,0.41,2022-07-23,0030,N,VIIRS,n,2,292.51,2.65,N,0
41.10228,26.24001,303.91,0.49,0.4,2022-07-23,0030,N,VIIRS,n,2,291.94,0.82,N,0
41.1011,26.2459,302.6,0.49,0.41,2022-07-23,0030,N,VIIRS,n,2,290.69,0.82,N,0
41.09863,26.23882,311.57,0.49,0.4,2022-07-23,0030,N,VIIRS,n,2,291.11,0.82,N,0
41.09745,26.24468,301.95,0.49,0.41,2022-07-23,0030,N,VIIRS,n,2,290.47,0.82,N,0
41.09488,26.21857,330.38,0.49,0.4,2022-07-23,0030,N,VIIRS,n,2,294.49,4.42,N,0
41.0924,26.21154,322.5,0.49,0.4,2022-07-23,0030,N,VIIRS,n,2,293.45,3.6,N,0
41.08877,26.2102,336.36,0.49,0.4,2022-07-23,0030,N,VIIRS,n,2,294.32,3.6,N,0
41.08515,26.20882,330.35,0.49,0.4,2022-07-23,0030,N,VIIRS,n,2,295.52,2.75,N,0
41.08047,26.23209,301.75,0.49,0.4,2022-07-23,0030,N,VIIRS,n,2,291.22,0.8,N,0
41.08153,26.20743,329.41,0.49,0.4,2022-07-23,0030,N,VIIRS,n,2,294.4,2.75,N,0
41.08033,26.21337,304.01,0.49,0.4,2022-07-23,0030,N,VIIRS,n,2,293.79,2.75,N,0
41.078,26.22495,304.8,0.49,0.4,2022-07-23,0030,N,VIIRS,n,2,293.37,1.63,N,0
41.0767,26.21206,314.6,0.49,0.4,2022-07-23,0030,N,VIIRS,n,2,292.8,2.35,N,0
41.07436,26.22365,312.22,0.49,0.4,2022-07-23,0030,N,VIIRS,n,2,291.88,1.16,N,0
41.07305,26.21084,318.7,0.49,0.4,2022-07-23,0030,N,VIIRS,n,2,292.81,2.35,N,0
41.07188,26.21663,303.07,0.49,0.4,2022-07-23,0030,N,VIIRS,n,2,291.41,1.16,N,0
39.38633,22.80509,310.56,0.4,0.37,2022-07-23,0031,N,VIIRS,n,2,294.21,1.05,N,2
39.90858,21.09675,305.95,0.38,0.36,2022-07-23,0031,N,VIIRS,n,2,289.97,0.67,N,0
39.35408,22.98708,307.47,0.41,0.37,2022-07-23,0031,N,VIIRS,n,2,295,1.63,N,2
38.37456,24.06059,307.42,0.45,0.39,2022-07-23,0031,N,VIIRS,n,2,295.65,1.31,N,2
38.13163,23.52386,310.03,0.43,0.38,2022-07-23,0031,N,VIIRS,n,2,297.01,1.42,N,2
39.01252,26.23891,340.03,0.51,0.66,2022-07-23,1012,N,VIIRS,n,2,294.9,172.52,D,0
39.02233,26.24945,367,0.51,0.66,2022-07-23,1012,N,VIIRS,h,2,307.7,206.11,D,0
39.02055,26.24346,367,0.51,0.66,2022-07-23,1012,N,VIIRS,h,2,331.26,206.11,D,0
39.01485,26.2243,345.7,0.51,0.66,2022-07-23,1012,N,VIIRS,n,2,297.07,14.19,D,3
39.01854,26.2367,367,0.51,0.66,2022-07-23,1012,N,VIIRS,l,2,325.79,172.52,D,0
39.03174,26.25874,367,0.51,0.66,2022-07-23,1012,N,VIIRS,h,2,310.85,46.25,D,0
39.03033,26.25398,367,0.51,0.66,2022-07-23,1012,N,VIIRS,h,2,316.74,46.25,D,0
39.02875,26.24865,367,0.51,0.66,2022-07-23,1012,N,VIIRS,h,2,326.59,57.08,D,0
39.02267,26.22816,367,0.51,0.66,2022-07-23,1012,N,VIIRS,h,2,310.33,47.44,D,0
39.02087,26.22213,367,0.51,0.66,2022-07-23,1012,N,VIIRS,h,2,309.35,109.06,D,0
39.02671,26.24178,353.85,0.51,0.66,2022-07-23,1012,N,VIIRS,n,2,313.85,57.08,D,0
39.02453,26.23444,355.32,0.51,0.66,2022-07-23,1012,N,VIIRS,n,2,310.28,47.44,D,0
39.03639,26.25198,367,0.51,0.66,2022-07-23,1012,N,VIIRS,h,2,312.32,46.25,D,0
39.03293,26.24031,367,0.51,0.66,2022-07-23,1012,N,VIIRS,h,2,309.06,57.08,D,0
39.03061,26.23248,367,0.51,0.66,2022-07-23,1012,N,VIIRS,h,2,310.73,47.44,D,0
39.02866,26.2259,367,0.51,0.66,2022-07-23,1012,N,VIIRS,h,2,309.1,47.44,D,0
39.03942,26.26219,348.78,0.51,0.66,2022-07-23,1012,N,VIIRS,n,2,304.49,33.71,D,0
39.03787,26.25697,356.02,0.51,0.66,2022-07-23,1012,N,VIIRS,n,2,312.18,46.25,D,0
39.03493,26.24704,342.77,0.51,0.66,2022-07-23,1012,N,VIIRS,n,2,309.93,57.08,D,0
39.02686,26.21983,351.18,0.51,0.66,2022-07-23,1012,N,VIIRS,n,2,322.35,109.06,D,0
39.0234,26.20815,340.69,0.52,0.66,2022-07-23,1012,N,VIIRS,n,2,302.13,21.55,D,0
39.03685,26.23103,367,0.51,0.66,2022-07-23,1012,N,VIIRS,h,2,307.34,17.51,D,0
39.03467,26.22368,367,0.51,0.66,2022-07-23,1012,N,VIIRS,h,2,308.3,17.51,D,0
39.03291,26.2177,367,0.51,0.66,2022-07-23,1012,N,VIIRS,h,2,305.69,17.73,D,0
39.04406,26.2554,353.95,0.51,0.66,2022-07-23,1012,N,VIIRS,n,2,308.83,12.15,D,0
39.04253,26.25022,349.96,0.51,0.66,2022-07-23,1012,N,VIIRS,n,2,307.75,12.15,D,0
39.04104,26.24518,347.9,0.51,0.66,2022-07-23,1012,N,VIIRS,n,2,307.99,17.53,D,0
39.03927,26.23922,336.88,0.51,0.66,2022-07-23,1012,N,VIIRS,n,2,306.26,17.53,D,0
39.04698,26.24278,367,0.51,0.66,2022-07-23,1012,N,VIIRS,h,2,316.49,17.53,D,0
39.05006,26.25317,337.71,0.51,0.66,2022-07-23,1012,N,VIIRS,n,2,309.71,12.15,D,0
39.0485,26.2479,348.94,0.51,0.66,2022-07-23,1012,N,VIIRS,n,2,309.4,12.15,D,0
39.04532,26.23716,352.45,0.51,0.66,2022-07-23,1012,N,VIIRS,n,2,307.47,17.53,D,0
39.04314,26.22978,345.63,0.51,0.66,2022-07-23,1012,N,VIIRS,n,2,304.5,17.51,D,0
39.05587,26.25035,367,0.51,0.66,2022-07-23,1012,N,VIIRS,h,2,310.61,32.54,D,0
39.05421,26.24474,367,0.51,0.66,2022-07-23,1012,N,VIIRS,h,2,306.6,32.54,D,0
39.05753,26.25594,345.43,0.51,0.66,2022-07-23,1012,N,VIIRS,n,2,304.22,19.45,D,0
39.05263,26.23935,353.06,0.51,0.66,2022-07-23,1012,N,VIIRS,n,2,304.38,44.83,D,0
41.07869,26.20599,367,0.45,0.63,2022-07-23,1013,N,VIIRS,h,2,307.08,18.35,D,0
41.08011,26.21088,338.31,0.45,0.63,2022-07-23,1013,N,VIIRS,n,2,299.59,17.26,D,0
41.08565,26.20817,353.07,0.45,0.63,2022-07-23,1013,N,VIIRS,n,2,299.61,17.26,D,0
41.08427,26.20344,354.59,0.45,0.63,2022-07-23,1013,N,VIIRS,n,2,297.75,18.35,D,0
36.78729,21.86388,332.93,0.53,0.42,2022-07-23,1152,N,VIIRS,n,2,307,52.7,D,0
36.79173,21.86864,367,0.53,0.42,2022-07-23,1152,N,VIIRS,h,2,342.12,213.14,D,0
36.79114,21.86308,367,0.53,0.42,2022-07-23,1152,N,VIIRS,h,2,338.6,52.7,D,0
36.79054,21.85751,335.22,0.53,0.42,2022-07-23,1152,N,VIIRS,n,2,309.06,52.7,D,0
36.79558,21.86788,341.8,0.53,0.42,2022-07-23,1152,N,VIIRS,n,2,310.41,100.09,D,0
36.79498,21.86221,355.94,0.53,0.42,2022-07-23,1152,N,VIIRS,n,2,308.27,41.91,D,0
37.64628,21.424,332.3,0.52,0.41,2022-07-23,1152,N,VIIRS,l,2,307.29,13.55,D,0
37.64499,21.41223,349.22,0.52,0.41,2022-07-23,1152,N,VIIRS,n,2,309.51,89.89,D,0
37.6488,21.41158,348.3,0.52,0.41,2022-07-23,1152,N,VIIRS,n,2,306.99,17.16,D,0
39.03178,26.22021,356.58,0.63,0.54,2022-07-23,1153,N,VIIRS,n,2,311.18,17.82,D,0
41.11154,26.2526,340.25,0.33,0.55,2022-07-23,1153,N,VIIRS,n,2,304.8,2.68,D,0
41.11176,26.25651,339.55,0.33,0.55,2022-07-23,1153,N,VIIRS,n,2,305.98,3.38,D,0
41.10548,26.23701,344.37,0.33,0.55,2022-07-23,1153,N,VIIRS,n,2,303.87,6.98,D,0
41.10525,26.23304,367,0.33,0.55,2022-07-23,1153,N,VIIRS,h,2,305.9,6.98,D,0
41.10012,26.23382,330.07,0.33,0.55,2022-07-23,1153,N,VIIRS,n,2,303.45,6.98,D,0
41.10059,26.24207,335,0.33,0.55,2022-07-23,1153,N,VIIRS,n,2,304.93,4.06,D,0
41.08305,26.20592,337.54,0.33,0.55,2022-07-23,1153,N,VIIRS,n,2,300.9,1.48,D,0
41.07793,26.20655,333.07,0.33,0.55,2022-07-23,1153,N,VIIRS,n,2,301.4,1.48,D,0
41.07953,26.23542,334.64,0.33,0.55,2022-07-23,1153,N,VIIRS,n,2,303.53,2.21,D,0
41.07393,26.22757,346.16,0.33,0.55,2022-07-23,1153,N,VIIRS,n,2,302.05,2.35,D,0
41.07415,26.23156,330.87,0.33,0.55,2022-07-23,1153,N,VIIRS,l,2,301.71,2.35,D,0
39.05809,26.25857,343.29,0.63,0.54,2022-07-23,1153,N,VIIRS,n,2,309.06,14.07,D,0
39.05763,26.25099,367,0.63,0.54,2022-07-23,1153,N,VIIRS,h,2,307.76,14.07,D,0
39.05257,26.25136,349.44,0.63,0.54,2022-07-23,1153,N,VIIRS,n,2,317.32,14.07,D,0
39.05211,26.2437,367,0.63,0.54,2022-07-23,1153,N,VIIRS,h,2,312.07,17.06,D,0
39.05371,26.24485,367,0.63,0.54,2022-07-23,1153,N,VIIRS,h,2,311.11,16.16,D,0
39.05421,26.25238,367,0.63,0.54,2022-07-23,1153,N,VIIRS,h,2,319.32,16.16,D,0
39.04812,26.23721,353.68,0.63,0.54,2022-07-23,1153,N,VIIRS,n,2,309.69,11.6,D,0
39.04864,26.24499,341.49,0.63,0.54,2022-07-23,1153,N,VIIRS,n,2,312.28,16.16,D,0
39.04224,26.22499,352.93,0.63,0.54,2022-07-23,1153,N,VIIRS,n,2,309.61,27.9,D,0
39.04266,26.23134,353.22,0.63,0.54,2022-07-23,1153,N,VIIRS,n,2,311.86,28.63,D,0
39.04414,26.25366,341.32,0.63,0.54,2022-07-23,1153,N,VIIRS,l,2,313.06,10.26,D,0
39.04466,26.26148,345.78,0.63,0.54,2022-07-23,1153,N,VIIRS,n,2,308.73,7.76,D,0
39.03681,26.21949,343.9,0.63,0.54,2022-07-23,1153,N,VIIRS,n,2,311.35,27.9,D,0
39.03914,26.25487,340.31,0.63,0.54,2022-07-23,1153,N,VIIRS,n,2,308.66,10.26,D,0
39.03968,26.263,338.46,0.63,0.54,2022-07-23,1153,N,VIIRS,n,2,309.61,7.76,D,0
39.03726,26.22628,367,0.63,0.54,2022-07-23,1153,N,VIIRS,h,2,316.91,27.9,D,0
39.03226,26.2274,353.55,0.63,0.54,2022-07-23,1153,N,VIIRS,n,2,312.26,17.82,D,0
39.03412,26.25581,345.67,0.63,0.54,2022-07-23,1153,N,VIIRS,n,2,310.23,13.6,D,0
39.03466,26.26414,347.65,0.63,0.54,2022-07-23,1153,N,VIIRS,n,2,313.13,33.78,D,0
39.03128,26.21263,367,0.63,0.54,2022-07-23,1153,N,VIIRS,h,2,313.04,51.79,D,0
39.03269,26.23397,367,0.63,0.54,2022-07-23,1153,N,VIIRS,h,2,313.57,28.33,D,0
39.02581,26.20643,353.19,0.63,0.54,2022-07-23,1153,N,VIIRS,n,2,316.07,51.79,D,0
39.02676,26.22103,356.13,0.63,0.54,2022-07-23,1153,N,VIIRS,n,2,311.9,17.82,D,0
39.02725,26.22836,354.04,0.63,0.54,2022-07-23,1153,N,VIIRS,n,2,311.72,17.82,D,0
39.02812,26.24173,339.19,0.63,0.54,2022-07-23,1153,N,VIIRS,n,2,312.58,28.33,D,0
39.02856,26.24856,353.67,0.63,0.54,2022-07-23,1153,N,VIIRS,n,2,316.25,13.6,D,0
39.0291,26.25673,354.16,0.63,0.54,2022-07-23,1153,N,VIIRS,n,2,312.13,13.6,D,0
39.02627,26.21355,367,0.63,0.54,2022-07-23,1153,N,VIIRS,h,2,323.04,51.79,D,0
39.0277,26.23531,367,0.63,0.54,2022-07-23,1153,N,VIIRS,h,2,315.68,28.33,D,0
39.02031,26.19987,340.21,0.63,0.54,2022-07-23,1153,N,VIIRS,n,2,309.43,25.42,D,3
39.02126,26.21443,350.29,0.63,0.54,2022-07-23,1153,N,VIIRS,n,2,312.05,149.03,D,0
39.02176,26.22195,356.77,0.63,0.54,2022-07-23,1153,N,VIIRS,n,2,310.73,12.78,D,0
39.0236,26.25025,357.13,0.63,0.54,2022-07-23,1153,N,VIIRS,n,2,317.46,90.7,D,0
39.0241,26.25797,349.74,0.63,0.54,2022-07-23,1153,N,VIIRS,n,2,311.76,90.7,D,0
39.02223,26.22921,367,0.63,0.54,2022-07-23,1153,N,VIIRS,h,2,312.48,12.78,D,0
39.02269,26.23627,367,0.63,0.54,2022-07-23,1153,N,VIIRS,h,2,315.47,33.01,D,0
39.02311,26.24286,367,0.63,0.54,2022-07-23,1153,N,VIIRS,h,2,316.3,33.01,D,0
39.01721,26.22998,347.8,0.63,0.54,2022-07-23,1153,N,VIIRS,n,2,308.43,12.78,D,0
39.01812,26.24401,356.72,0.63,0.54,2022-07-23,1153,N,VIIRS,n,2,317.5,33.01,D,0
39.01767,26.2372,367,0.63,0.54,2022-07-23,1153,N,VIIRS,h,2,315.22,33.01,D,0
39.0136,26.25271,345.08,0.63,0.54,2022-07-23,1153,N,VIIRS,n,2,309.33,79.23,D,0
41.1118,26.24696,303.18,0.38,0.36,2022-07-24,0011,N,VIIRS,n,2,293.1,0.77,N,0
41.07033,26.2095,311.01,0.38,0.36,2022-07-24,0011,N,VIIRS,n,2,293.5,1.65,N,0
41.06889,26.21856,328.5,0.38,0.36,2022-07-24,0011,N,VIIRS,n,2,292.89,2.2,N,0
41.07105,26.20497,329.45,0.38,0.36,2022-07-24,0011,N,VIIRS,n,2,293.18,1.65,N,0
41.07145,26.224,302.32,0.38,0.36,2022-07-24,0011,N,VIIRS,n,2,291.97,0.99,N,0
41.07505,26.20134,313.31,0.38,0.36,2022-07-24,0011,N,VIIRS,n,2,292.17,2.04,N,0
41.07217,26.21947,320.5,0.38,0.36,2022-07-24,0011,N,VIIRS,n,2,294.74,1.51,N,0
41.07433,26.20587,322.05,0.38,0.36,2022-07-24,0011,N,VIIRS,n,2,295.12,1.77,N,0
41.07833,26.20225,326.1,0.38,0.36,2022-07-24,0011,N,VIIRS,n,2,295.14,2.04,N,0
41.08162,26.20316,319.51,0.38,0.36,2022-07-24,0011,N,VIIRS,n,2,294.95,1.4,N,0
41.08233,26.19863,317.79,0.38,0.36,2022-07-24,0011,N,VIIRS,n,2,292.63,1.4,N,0
41.07985,26.23581,305.09,0.38,0.36,2022-07-24,0011,N,VIIRS,n,2,291.99,0.72,N,0
41.08562,26.19954,305.59,0.38,0.36,2022-07-24,0011,N,VIIRS,n,2,292.25,1.4,N,0
41.0849,26.20407,320.98,0.38,0.36,2022-07-24,0011,N,VIIRS,n,2,296.28,1.4,N,0
41.09074,26.21044,304.33,0.38,0.36,2022-07-24,0011,N,VIIRS,n,2,293.21,0.71,N,0
41.09146,26.2059,321.82,0.38,0.36,2022-07-24,0011,N,VIIRS,n,2,294.19,2.61,N,0
41.09402,26.21135,342.63,0.38,0.36,2022-07-24,0011,N,VIIRS,n,2,296.31,7.45,N,0
41.09834,26.26689,312.15,0.38,0.36,2022-07-24,0011,N,VIIRS,n,2,296.14,1.24,N,0
41.1009,26.27234,305.76,0.38,0.36,2022-07-24,0011,N,VIIRS,n,2,294.31,1.24,N,0
41.10234,26.26327,308.64,0.38,0.36,2022-07-24,0011,N,VIIRS,n,2,292.54,1.77,N,0
41.10741,26.23153,305.27,0.38,0.36,2022-07-24,0011,N,VIIRS,n,2,294.35,1.17,N,0
41.10813,26.22699,307.94,0.38,0.36,2022-07-24,0011,N,VIIRS,n,2,294.22,1.24,N,0
41.10162,26.2678,323.01,0.38,0.36,2022-07-24,0011,N,VIIRS,n,2,295.11,1.24,N,0
41.10418,26.27325,316.43,0.38,0.36,2022-07-24,0011,N,VIIRS,n,2,293.98,4.48,N,0
41.10924,26.24151,305.4,0.38,0.36,2022-07-24,0011,N,VIIRS,n,2,294.06,0.77,N,0
41.1049,26.26871,339.5,0.38,0.36,2022-07-24,0011,N,VIIRS,n,2,296.21,4.48,N,0
41.11141,26.2279,338.5,0.38,0.36,2022-07-24,0011,N,VIIRS,n,2,298.47,4.6,N,0
41.10674,26.27871,306.57,0.38,0.36,2022-07-24,0011,N,VIIRS,n,2,293.14,1.3,N,0
41.11252,26.24243,306.12,0.38,0.36,2022-07-24,0011,N,VIIRS,n,2,295.02,0.77,N,0
41.11325,26.23789,306.64,0.38,0.36,2022-07-24,0011,N,VIIRS,n,2,295.58,1.71,N,0
41.11397,26.23335,312.57,0.38,0.36,2022-07-24,0011,N,VIIRS,n,2,296.6,1.71,N,0
41.10746,26.27416,349.73,0.38,0.36,2022-07-24,0011,N,VIIRS,n,2,301.96,4.48,N,0
41.10819,26.26962,347.71,0.38,0.36,2022-07-24,0011,N,VIIRS,n,2,300.9,4.48,N,0
41.1147,26.22881,338.56,0.38,0.36,2022-07-24,0011,N,VIIRS,n,2,297.6,4.6,N,0
41.11653,26.23881,306.89,0.38,0.36,2022-07-24,0011,N,VIIRS,n,2,295.75,2.85,N,0
41.11002,26.27962,329.6,0.38,0.36,2022-07-24,0011,N,VIIRS,n,2,295.61,3.94,N,0
41.11075,26.27507,348.3,0.38,0.36,2022-07-24,0011,N,VIIRS,n,2,302.03,7.48,N,0
41.11148,26.27053,344.07,0.38,0.36,2022-07-24,0011,N,VIIRS,n,2,297.2,7.48,N,0
41.11581,26.24335,330.11,0.38,0.36,2022-07-24,0011,N,VIIRS,n,2,296.72,2.53,N,0
41.11725,26.23427,336.94,0.38,0.36,2022-07-24,0011,N,VIIRS,n,2,296.68,2.85,N,0
41.11797,26.22973,345.73,0.38,0.36,2022-07-24,0011,N,VIIRS,n,2,298.73,5.14,N,0
41.11981,26.23973,318.62,0.38,0.36,2022-07-24,0011,N,VIIRS,n,2,295.72,2.85,N,0
41.12125,26.23066,304.13,0.38,0.36,2022-07-24,0011,N,VIIRS,n,2,292.14,5.14,N,0
41.11909,26.24426,331.24,0.38,0.36,2022-07-24,0011,N,VIIRS,n,2,295.99,2.53,N,0
41.12053,26.23519,344.57,0.38,0.36,2022-07-24,0011,N,VIIRS,n,2,294.86,2.85,N,0
41.12237,26.24518,334.76,0.38,0.36,2022-07-24,0011,N,VIIRS,n,2,295.9,3.45,N,0
41.12309,26.24065,343.64,0.38,0.36,2022-07-24,0011,N,VIIRS,n,2,296.6,6.54,N,0
39.02269,26.21952,311.08,0.39,0.36,2022-07-24,0012,N,VIIRS,n,2,297.34,1.13,N,0
39.9131,22.55835,305.57,0.43,0.38,2022-07-24,0012,N,VIIRS,n,2,295.51,1.46,N,0
39.05766,26.24948,322.15,0.39,0.36,2022-07-24,0012,N,VIIRS,n,2,298.11,6.01,N,0
39.05911,26.24065,317.47,0.39,0.36,2022-07-24,0012,N,VIIRS,n,2,297.21,3.86,N,0
39.06095,26.25039,344.49,0.39,0.36,2022-07-24,0012,N,VIIRS,n,2,301.16,6.01,N,0
39.05583,26.23971,311.16,0.39,0.36,2022-07-24,0012,N,VIIRS,n,2,296.84,2.6,N,0
39.06021,26.25481,327.84,0.39,0.36,2022-07-24,0012,N,VIIRS,n,2,297.82,3.44,N,0
39.05838,26.24506,353.49,0.39,0.36,2022-07-24,0012,N,VIIRS,n,2,305.45,6.01,N,0
39.0551,26.24414,312,0.39,0.36,2022-07-24,0012,N,VIIRS,n,2,296.54,1.98,N,0
39.05327,26.23438,335.37,0.39,0.36,2022-07-24,0012,N,VIIRS,n,2,299.2,2.6,N,0
39.05254,26.23878,332.41,0.39,0.36,2022-07-24,0012,N,VIIRS,n,2,298.51,2.6,N,0
39.0507,26.22906,332.24,0.39,0.36,2022-07-24,0012,N,VIIRS,n,2,302.51,11.7,N,0
39.04998,26.23345,344.39,0.39,0.36,2022-07-24,0012,N,VIIRS,n,2,309.04,12.04,N,0
39.04885,26.21941,337.92,0.39,0.36,2022-07-24,0012,N,VIIRS,n,2,298.75,8.14,N,0
39.04813,26.22378,346.84,0.39,0.36,2022-07-24,0012,N,VIIRS,n,2,303.99,11.7,N,0
39.04741,26.22815,347.9,0.39,0.36,2022-07-24,0012,N,VIIRS,n,2,301.27,11.7,N,0
39.04668,26.23255,308.11,0.39,0.36,2022-07-24,0012,N,VIIRS,n,2,296.26,12.04,N,0
39.04556,26.21852,337.29,0.39,0.36,2022-07-24,0012,N,VIIRS,n,2,298.12,5.09,N,0
39.04483,26.2229,323.39,0.39,0.36,2022-07-24,0012,N,VIIRS,n,2,297.84,3.7,N,0
39.04411,26.22728,334.73,0.39,0.36,2022-07-24,0012,N,VIIRS,n,2,298.48,3.7,N,0
39.03419,26.22475,307.17,0.39,0.36,2022-07-24,0012,N,VIIRS,n,2,296.46,2.41,N,0
39.03346,26.22917,319.83,0.39,0.36,2022-07-24,0012,N,VIIRS,n,2,297.19,1.4,N,0
39.03273,26.23357,307.06,0.39,0.36,2022-07-24,0012,N,VIIRS,n,2,296.59,1.4,N,0
39.03383,26.20614,318.09,0.39,0.36,2022-07-24,0012,N,VIIRS,n,2,296.6,1.42,N,0
39.03016,26.22831,312.03,0.39,0.36,2022-07-24,0012,N,VIIRS,n,2,297,1.05,N,0
39.35582,22.98532,308.38,0.41,0.37,2022-07-24,0012,N,VIIRS,n,2,297,1.82,N,2
38.37527,24.05971,306.6,0.39,0.36,2022-07-24,0012,N,VIIRS,n,2,295.51,1.06,N,3
38.12887,23.52449,321.18,0.39,0.37,2022-07-24,0012,N,VIIRS,n,2,300.55,3.08,N,2
38.07864,23.63291,330.48,0.39,0.36,2022-07-24,0012,N,VIIRS,n,2,299.32,5.6,N,0
38.07531,23.63212,317.45,0.39,0.36,2022-07-24,0012,N,VIIRS,n,2,298.72,2.41,N,0
39.02942,26.23274,312.03,0.39,0.36,2022-07-24,0012,N,VIIRS,n,2,297.02,1.05,N,0
39.03053,26.20525,315.03,0.39,0.36,2022-07-24,0012,N,VIIRS,n,2,296.98,1.42,N,0
39.02759,26.22301,308.61,0.39,0.36,2022-07-24,0012,N,VIIRS,n,2,297.32,2.64,N,0
40.28347,23.44379,305.55,0.41,0.37,2022-07-24,0012,N,VIIRS,n,2,293.91,0.9,N,2
39.02686,26.22744,310,0.39,0.36,2022-07-24,0012,N,VIIRS,n,2,297.11,1.05,N,0
39.02612,26.23187,316.82,0.39,0.36,2022-07-24,0012,N,VIIRS,n,2,297.15,1.05,N,0
39.02539,26.23629,314.67,0.39,0.36,2022-07-24,0012,N,VIIRS,n,2,297.15,2.26,N,0
39.02891,26.20262,322.91,0.39,0.36,2022-07-24,0012,N,VIIRS,n,2,297.61,2.13,N,0
39.0238,26.23371,320.99,0.39,0.36,2022-07-24,0012,N,VIIRS,n,2,297.92,1.57,N,0
39.02672,26.21594,307.06,0.39,0.36,2022-07-24,0012,N,VIIRS,n,2,296.79,1.88,N,0
39.02526,26.22484,310.49,0.39,0.36,2022-07-24,0012,N,VIIRS,n,2,297.36,1.13,N,0
39.02452,26.22928,314.02,0.39,0.36,2022-07-24,0012,N,VIIRS,n,2,297.41,1.57,N,0
39.02307,26.23811,314.39,0.39,0.36,2022-07-24,0012,N,VIIRS,n,2,297.15,1.48,N,0
39.0205,26.23282,324.52,0.39,0.36,2022-07-24,0012,N,VIIRS,n,2,298.07,1.57,N,0
39.02561,26.20175,317.98,0.39,0.36,2022-07-24,0012,N,VIIRS,n,2,296.14,2.13,N,0
39.02196,26.22396,311.28,0.39,0.36,2022-07-24,0012,N,VIIRS,n,2,297.32,1.13,N,0
39.02123,26.2284,315.81,0.39,0.36,2022-07-24,0012,N,VIIRS,n,2,297.74,1.57,N,0
39.01977,26.23725,315.95,0.39,0.36,2022-07-24,0012,N,VIIRS,n,2,297.34,1.48,N,0
39.53706,22.51784,304.66,0.43,0.38,2022-07-24,0012,N,VIIRS,n,2,294.03,0.61,N,0
36.80117,21.86444,349.63,0.42,0.38,2022-07-24,0013,N,VIIRS,n,2,300.22,9.16,N,0
41.11062,26.2245,330.77,0.75,0.77,2022-07-24,0954,N,VIIRS,n,2,296.02,3.98,D,0
41.11443,26.27197,345.21,0.74,0.76,2022-07-24,0954,N,VIIRS,n,2,296.72,9.18,D,0
41.11341,26.2225,341.38,0.75,0.77,2022-07-24,0954,N,VIIRS,n,2,295.79,12.2,D,0
41.11182,26.27375,345.61,0.74,0.76,2022-07-24,0954,N,VIIRS,n,2,297.97,13.4,D,0
41.0767,26.23291,333.16,0.57,0.43,2022-07-24,1134,N,VIIRS,l,2,305.91,4.34,D,0
41.08139,26.23927,341.87,0.57,0.43,2022-07-24,1134,N,VIIRS,n,2,306.5,4.34,D,0
41.10995,26.22622,347.73,0.57,0.43,2022-07-24,1134,N,VIIRS,n,2,309.82,24.56,D,0
41.11193,26.24709,335.87,0.57,0.43,2022-07-24,1134,N,VIIRS,n,2,309.11,114.9,D,0
41.11384,26.26731,345.76,0.57,0.43,2022-07-24,1134,N,VIIRS,n,2,301.27,31.4,D,0
41.1145,26.27431,346.78,0.57,0.43,2022-07-24,1134,N,VIIRS,n,2,302.33,11.84,D,0
41.11258,26.25391,367,0.57,0.43,2022-07-24,1134,N,VIIRS,h,2,312.37,114.9,D,0
41.11591,26.21912,333.26,0.57,0.43,2022-07-24,1134,N,VIIRS,n,2,300.29,3.12,D,0
41.11662,26.2261,334.97,0.57,0.43,2022-07-24,1134,N,VIIRS,n,2,301.29,5,D,0
41.11872,26.24695,336.84,0.57,0.43,2022-07-24,1134,N,VIIRS,n,2,303.16,33.36,D,0
39.03451,26.21672,356.14,0.54,0.42,2022-07-24,1134,N,VIIRS,n,2,322.77,66.29,D,0
39.03385,26.21045,367,0.54,0.42,2022-07-24,1134,N,VIIRS,l,2,335.11,66.29,D,0
39.03902,26.22201,344.66,0.54,0.42,2022-07-24,1134,N,VIIRS,l,2,317.77,22.86,D,0
39.03839,26.21598,356.42,0.54,0.42,2022-07-24,1134,N,VIIRS,n,2,326.18,78.51,D,0
39.0429,26.22114,351.57,0.54,0.42,2022-07-24,1134,N,VIIRS,l,2,323.7,22.86,D,0
39.04228,26.21531,357.63,0.54,0.42,2022-07-24,1134,N,VIIRS,n,2,318.12,78.51,D,0
39.04737,26.22613,343.18,0.54,0.42,2022-07-24,1134,N,VIIRS,l,2,314.87,11.73,D,0
39.04678,26.22038,345.33,0.54,0.42,2022-07-24,1134,N,VIIRS,l,2,317.12,11.73,D,0
39.05191,26.23161,351.59,0.54,0.42,2022-07-24,1134,N,VIIRS,n,2,314.64,15.79,D,0
39.05069,26.22,349.45,0.54,0.42,2022-07-24,1134,N,VIIRS,n,2,313.26,11.73,D,0
39.06233,26.25527,351.06,0.54,0.42,2022-07-24,1134,N,VIIRS,n,2,320.14,98.49,D,0
39.0617,26.2492,352.97,0.54,0.42,2022-07-24,1134,N,VIIRS,n,2,313.86,12.32,D,0
39.06624,26.25471,344.85,0.54,0.42,2022-07-24,1134,N,VIIRS,n,2,311.54,5.07,D,0
41.07203,26.22671,343.57,0.57,0.43,2022-07-24,1134,N,VIIRS,n,2,307.83,8.95,D,0
41.0707,26.21314,333.55,0.57,0.43,2022-07-24,1134,N,VIIRS,l,2,304.99,5.11,D,0
41.07738,26.23983,340.28,0.57,0.43,2022-07-24,1134,N,VIIRS,n,2,305.81,4.34,D,0
41.1194,26.25372,348.3,0.57,0.43,2022-07-24,1134,N,VIIRS,n,2,302.2,36.16,D,0
41.11191,26.21971,332.12,0.57,0.43,2022-07-24,1134,N,VIIRS,n,2,303.25,11.63,D,0
41.1126,26.22658,346.67,0.57,0.43,2022-07-24,1134,N,VIIRS,n,2,309.32,23.46,D,0
41.11471,26.24754,367,0.57,0.43,2022-07-24,1134,N,VIIRS,h,2,331.22,80.02,D,0
41.10863,26.22743,339.56,0.57,0.43,2022-07-24,1134,N,VIIRS,n,2,304.36,23.46,D,0
41.11071,26.24819,337.04,0.57,0.43,2022-07-24,1134,N,VIIRS,n,2,304.8,80.02,D,0
41.11139,26.25499,342.83,0.57,0.43,2022-07-24,1134,N,VIIRS,n,2,304.37,147.09,D,0
41.11272,26.2683,348.41,0.57,0.43,2022-07-24,1134,N,VIIRS,n,2,303.93,13.2,D,0
41.11343,26.27539,348.76,0.57,0.43,2022-07-24,1134,N,VIIRS,n,2,305.42,13.2,D,0
41.11994,26.24587,335.98,0.57,0.43,2022-07-24,1134,N,VIIRS,n,2,300.71,5.5,D,0
41.12058,26.25268,332.02,0.57,0.43,2022-07-24,1134,N,VIIRS,n,2,298.98,5.5,D,0
41.11593,26.24647,298.31,0.57,0.43,2022-07-24,1134,N,VIIRS,l,2,320.94,114.9,D,0
41.11329,26.2186,333.6,0.57,0.43,2022-07-24,1134,N,VIIRS,n,2,302.22,24.56,D,0
41.11394,26.22541,348.42,0.57,0.43,2022-07-24,1134,N,VIIRS,n,2,304.82,24.56,D,0
41.11271,26.28512,307.35,0.47,0.4,2022-07-24,2353,N,VIIRS,n,2,291.17,1.35,N,0
41.11334,26.27971,304.86,0.47,0.4,2022-07-24,2353,N,VIIRS,n,2,292.22,7.61,N,0
41.11988,26.22308,315.7,0.48,0.4,2022-07-24,2353,N,VIIRS,n,2,290.23,1.82,N,0
41.11528,26.26291,332.49,0.48,0.4,2022-07-24,2353,N,VIIRS,n,2,293.6,6.6,N,0
41.11595,26.25716,331.11,0.48,0.4,2022-07-24,2353,N,VIIRS,n,2,295.05,4.74,N,0
41.11829,26.26932,317.45,0.48,0.4,2022-07-24,2353,N,VIIRS,n,2,292.56,6.6,N,0
41.11962,26.25785,305.04,0.48,0.4,2022-07-24,2353,N,VIIRS,n,2,291.82,4.74,N,0
41.11702,26.28036,341.68,0.47,0.4,2022-07-24,2353,N,VIIRS,n,2,294.44,7.61,N,0
41.11764,26.27494,348,0.48,0.4,2022-07-24,2353,N,VIIRS,n,2,295.78,7.61,N,0
41.12067,26.28112,305.22,0.47,0.4,2022-07-24,2353,N,VIIRS,n,2,292,8.73,N,0
41.12132,26.2756,343.41,0.48,0.4,2022-07-24,2353,N,VIIRS,n,2,296.12,8.73,N,0
41.12897,26.24192,307.26,0.48,0.4,2022-07-24,2353,N,VIIRS,n,2,290.17,1.82,N,0
41.12434,26.28187,334.28,0.47,0.4,2022-07-24,2353,N,VIIRS,n,2,295.89,8.73,N,0
41.12498,26.27633,331.92,0.48,0.4,2022-07-24,2353,N,VIIRS,n,2,292.84,8.73,N,0
41.12865,26.27708,304.4,0.48,0.4,2022-07-24,2353,N,VIIRS,n,2,291.7,7.56,N,0
41.1293,26.27144,309.32,0.48,0.4,2022-07-24,2353,N,VIIRS,n,2,291.2,2.25,N,0
41.128,26.28261,348.69,0.47,0.4,2022-07-24,2353,N,VIIRS,n,2,294.51,7.56,N,0
41.13233,26.27765,308.1,0.48,0.4,2022-07-24,2353,N,VIIRS,n,2,292.08,7.56,N,0
41.13299,26.27198,306.36,0.48,0.4,2022-07-24,2353,N,VIIRS,n,2,291.76,2.25,N,0
41.13168,26.28324,342.42,0.47,0.4,2022-07-24,2353,N,VIIRS,n,2,297.13,7.56,N,0
41.13367,26.26617,330.04,0.48,0.4,2022-07-24,2353,N,VIIRS,n,2,293.71,2.25,N,0
41.13601,26.27821,307.94,0.48,0.4,2022-07-24,2353,N,VIIRS,n,2,290.94,1.84,N,0
41.13734,26.26682,309.73,0.48,0.4,2022-07-24,2353,N,VIIRS,n,2,290.61,1.71,N,0
41.083,26.19736,307.03,0.48,0.4,2022-07-24,2353,N,VIIRS,n,2,292.19,2.28,N,0
41.13668,26.27252,321.45,0.48,0.4,2022-07-24,2353,N,VIIRS,n,2,291.53,1.71,N,0
38.37495,24.06103,307.13,0.55,0.43,2022-07-24,2353,N,VIIRS,n,2,295.32,1.47,N,2
39.38546,22.80803,311.05,0.43,0.46,2022-07-24,2353,N,VIIRS,n,2,293.95,1.69,N,2
39.03995,26.26444,309.58,0.45,0.39,2022-07-24,2353,N,VIIRS,n,2,297.12,2.44,N,0
39.04352,26.26526,329.7,0.45,0.39,2022-07-24,2353,N,VIIRS,n,2,299.04,2.44,N,0
39.05166,26.22957,317.09,0.45,0.39,2022-07-24,2353,N,VIIRS,n,2,297.01,2.78,N,0
39.05305,26.21849,318.25,0.46,0.39,2022-07-24,2353,N,VIIRS,n,2,296.28,3.71,N,0
39.05236,26.22398,339.62,0.45,0.39,2022-07-24,2353,N,VIIRS,n,2,299.8,3.71,N,0
39.05069,26.26671,311.29,0.45,0.39,2022-07-24,2353,N,VIIRS,n,2,297.8,3.67,N,0
39.05425,26.26752,328.34,0.45,0.39,2022-07-24,2353,N,VIIRS,n,2,297.97,3.76,N,0
39.05489,26.26244,336.86,0.45,0.39,2022-07-24,2353,N,VIIRS,n,2,299.28,3.76,N,0
39.05845,26.26329,329.82,0.45,0.39,2022-07-24,2353,N,VIIRS,n,2,299.77,3.76,N,0
39.05141,26.268,309.4,0.45,0.39,2022-07-24,2353,N,VIIRS,n,2,297.28,2.84,N,0
39.05202,26.26298,319.63,0.45,0.39,2022-07-24,2353,N,VIIRS,n,2,298.21,5.33,N,0
39.05561,26.26375,349.21,0.45,0.39,2022-07-24,2353,N,VIIRS,n,2,301.4,5.33,N,0
39.05917,26.26464,318.78,0.45,0.39,2022-07-24,2353,N,VIIRS,n,2,298.05,2.89,N,0
39.06468,26.24951,320.37,0.45,0.39,2022-07-24,2353,N,VIIRS,n,2,296.94,3.38,N,0
39.06696,26.261,315.39,0.45,0.39,2022-07-24,2353,N,VIIRS,n,2,295.76,2.12,N,0
39.06827,26.25016,322.93,0.45,0.39,2022-07-24,2353,N,VIIRS,n,2,297.54,3.37,N,0
40.82018,22.08221,333.94,0.49,0.49,2022-07-24,2353,N,VIIRS,n,2,279.34,4.69,N,0
41.06636,26.21096,311.87,0.48,0.4,2022-07-24,2353,N,VIIRS,n,2,290.98,2.25,N,0
41.06702,26.20539,346.88,0.48,0.4,2022-07-24,2353,N,VIIRS,n,2,293.82,8.56,N,0
41.06767,26.19987,339.72,0.48,0.4,2022-07-24,2353,N,VIIRS,n,2,294.2,8.56,N,0
41.0683,26.19442,343.93,0.48,0.4,2022-07-24,2353,N,VIIRS,n,2,296.27,10.43,N,0
41.068,26.229,314.65,0.48,0.4,2022-07-24,2353,N,VIIRS,n,2,291.71,2.65,N,0
41.07002,26.21184,317.32,0.48,0.4,2022-07-24,2353,N,VIIRS,n,2,292.18,2.25,N,0
41.06868,26.22323,327.88,0.48,0.4,2022-07-24,2353,N,VIIRS,n,2,291.87,2.65,N,0
41.07197,26.19519,320.7,0.48,0.4,2022-07-24,2353,N,VIIRS,n,2,293.46,10.43,N,0
41.07261,26.1898,339.84,0.48,0.4,2022-07-24,2353,N,VIIRS,n,2,294.33,10.43,N,0
41.07167,26.22971,308.01,0.48,0.4,2022-07-24,2353,N,VIIRS,n,2,291.46,2.29,N,0
41.08062,26.18561,315.64,0.48,0.4,2022-07-24,2353,N,VIIRS,n,2,289.37,5.57,N,0
41.07629,26.19045,346.82,0.48,0.4,2022-07-24,2353,N,VIIRS,n,2,296.7,13.13,N,0
41.07693,26.18502,325.43,0.48,0.4,2022-07-24,2353,N,VIIRS,n,2,289.9,5.57,N,0
41.07998,26.19111,312.47,0.48,0.4,2022-07-24,2353,N,VIIRS,n,2,291.3,13.13,N,0
41.08367,26.19173,321.69,0.48,0.4,2022-07-24,2353,N,VIIRS,n,2,291.27,2.28,N,0
41.08735,26.19239,312.54,0.48,0.4,2022-07-24,2353,N,VIIRS,n,2,289.53,2.28,N,0
41.08667,26.19811,335.23,0.48,0.4,2022-07-24,2353,N,VIIRS,n,2,293.7,2.28,N,0
41.10672,26.21936,317.02,0.48,0.4,2022-07-24,2353,N,VIIRS,n,2,291.49,4.79,N,0
41.10605,26.22501,341.51,0.48,0.4,2022-07-24,2353,N,VIIRS,n,2,291.95,4.79,N,0
41.1082,26.2266,350.2,0.48,0.4,2022-07-24,2353,N,VIIRS,n,2,294.99,9.84,N,0
41.10885,26.2209,345.66,0.48,0.4,2022-07-24,2353,N,VIIRS,n,2,294.78,9.76,N,0
41.10602,26.27815,327.34,0.47,0.4,2022-07-24,2353,N,VIIRS,n,2,292.7,4.41,N,0
41.11619,26.22249,308.64,0.48,0.4,2022-07-24,2353,N,VIIRS,n,2,291.65,1.47,N,0
41.11685,26.21673,306.93,0.48,0.4,2022-07-24,2353,N,VIIRS,n,2,290.72,1.47,N,0
41.11161,26.26221,343.51,0.48,0.4,2022-07-24,2353,N,VIIRS,n,2,294.13,7.63,N,0
37.59651,21.64454,343.85,0.48,0.48,2022-07-24,2354,N,VIIRS,n,2,297.07,5.61,N,0
37.60583,21.64097,307.51,0.48,0.48,2022-07-24,2354,N,VIIRS,n,2,294.98,4.39,N,0
37.60736,21.6241,309.12,0.48,0.48,2022-07-24,2354,N,VIIRS,n,2,294.64,10.37,N,0
37.60634,21.63537,340.19,0.48,0.48,2022-07-24,2354,N,VIIRS,n,2,298.31,4.39,N,0
37.60685,21.62972,351.33,0.48,0.48,2022-07-24,2354,N,VIIRS,n,2,301.13,10.37,N,0
37.61075,21.63637,332.14,0.48,0.48,2022-07-24,2354,N,VIIRS,n,2,296.66,4.39,N,0
37.61127,21.6306,340.11,0.48,0.48,2022-07-24,2354,N,VIIRS,n,2,301.45,10.37,N,0
38.13035,23.52591,316.97,0.39,0.44,2022-07-24,2354,N,VIIRS,n,2,296.35,2.4,N,2
35.20172,25.46179,328.84,0.45,0.39,2022-07-24,2354,N,VIIRS,n,2,293.34,2.79,N,0
36.95546,27.01542,309.66,0.41,0.37,2022-07-24,2354,N,VIIRS,n,2,299.09,1.93,N,0
37.56781,21.66391,306.13,0.47,0.48,2022-07-24,2354,N,VIIRS,n,2,294.94,6.47,N,0
37.56836,21.65775,341.61,0.47,0.48,2022-07-24,2354,N,VIIRS,n,2,297.74,9,N,0
37.57382,21.6468,304.81,0.48,0.48,2022-07-24,2354,N,VIIRS,n,2,293.68,3.87,N,0
37.5728,21.65837,340.62,0.47,0.48,2022-07-24,2354,N,VIIRS,n,2,299.1,9,N,0
37.57331,21.65254,353.74,0.48,0.48,2022-07-24,2354,N,VIIRS,n,2,299.34,9,N,0
37.57674,21.66454,310.21,0.47,0.48,2022-07-24,2354,N,VIIRS,n,2,294.54,1.09,N,0
37.57723,21.659,306.67,0.47,0.48,2022-07-24,2354,N,VIIRS,n,2,294.64,2.59,N,0
37.5812,21.66488,302.87,0.47,0.48,2022-07-24,2354,N,VIIRS,n,2,292.38,1.09,N,0
37.58168,21.65946,317.16,0.47,0.48,2022-07-24,2354,N,VIIRS,n,2,295.24,2.59,N,0
37.58566,21.66524,335.51,0.47,0.48,2022-07-24,2354,N,VIIRS,n,2,294.09,5.43,N,0
37.58615,21.65978,344.89,0.47,0.48,2022-07-24,2354,N,VIIRS,n,2,298.48,13.11,N,0
37.59109,21.65481,354.77,0.48,0.48,2022-07-24,2354,N,VIIRS,n,2,296.48,13.11,N,0
37.59603,21.64993,333.9,0.48,0.48,2022-07-24,2354,N,VIIRS,n,2,294.68,5.61,N,0
39.90573,21.09139,297.93,0.57,0.69,2022-07-25,0133,N,VIIRS,n,2,285.82,0.7,N,0
40.84779,22.17172,320.87,0.6,0.71,2022-07-25,0133,N,VIIRS,n,2,287.49,3.32,N,0
40.84806,22.17018,313.64,0.6,0.71,2022-07-25,0133,N,VIIRS,n,2,287.01,3.7,N,0
40.85432,22.17308,309.75,0.6,0.71,2022-07-25,0133,N,VIIRS,n,2,287.13,2.59,N,0
37.56713,21.65463,367,0.71,0.75,2022-07-25,0134,N,VIIRS,h,2,295.27,15.48,N,0
37.57168,21.66408,314.45,0.71,0.75,2022-07-25,0134,N,VIIRS,n,2,293.58,10.66,N,0
37.57379,21.6576,350.38,0.71,0.75,2022-07-25,0134,N,VIIRS,n,2,295.34,10.66,N,0
37.57603,21.65071,367,0.71,0.75,2022-07-25,0134,N,VIIRS,h,2,295.31,25.28,N,0
37.5865,21.66539,302.25,0.71,0.75,2022-07-25,0134,N,VIIRS,n,2,291.26,1.48,N,0
37.58896,21.6578,308.03,0.71,0.75,2022-07-25,0134,N,VIIRS,n,2,292.22,3.08,N,0
37.59384,21.64275,305.41,0.7,0.75,2022-07-25,0134,N,VIIRS,n,2,292.27,4.69,N,0
37.6056,21.62991,318.36,0.7,0.75,2022-07-25,0134,N,VIIRS,n,2,293.98,6.58,N,0
37.61242,21.63231,326.65,0.7,0.75,2022-07-25,0134,N,VIIRS,n,2,294.25,5.26,N,0
37.60628,21.62831,323.08,0.7,0.75,2022-07-25,0134,N,VIIRS,n,2,294.05,3.49,N,0
37.61303,21.63091,316.29,0.7,0.75,2022-07-25,0134,N,VIIRS,n,2,293.67,3.49,N,0
37.56933,21.64788,317.72,0.71,0.75,2022-07-25,0134,N,VIIRS,n,2,292.31,13.68,N,0
37.56515,21.66071,324.77,0.71,0.75,2022-07-25,0134,N,VIIRS,n,2,293.98,15.48,N,0
37.58737,21.66392,309.78,0.71,0.75,2022-07-25,0134,N,VIIRS,n,2,291.77,2.1,N,0
37.59459,21.64124,304.65,0.7,0.75,2022-07-25,0134,N,VIIRS,n,2,292.5,3.14,N,0
37.60148,21.64342,307.58,0.7,0.75,2022-07-25,0134,N,VIIRS,n,2,292.66,3.11,N,0
37.61079,21.63799,306.24,0.7,0.75,2022-07-25,0134,N,VIIRS,n,2,293.12,3.49,N,0
37.57015,21.64643,315.47,0.71,0.75,2022-07-25,0134,N,VIIRS,n,2,291.61,14.72,N,0
37.56596,21.65954,367,0.71,0.75,2022-07-25,0134,N,VIIRS,h,2,294.91,14.15,N,0
37.56794,21.65335,348.95,0.71,0.75,2022-07-25,0134,N,VIIRS,n,2,293.53,14.72,N,0
37.5725,21.66286,323.17,0.71,0.75,2022-07-25,0134,N,VIIRS,n,2,294.29,14.15,N,0
37.57462,21.65622,367,0.71,0.75,2022-07-25,0134,N,VIIRS,h,2,295.88,14.72,N,0
37.57683,21.64929,326.99,0.71,0.75,2022-07-25,0134,N,VIIRS,n,2,293.38,14.72,N,0
37.58112,21.6597,304.34,0.71,0.75,2022-07-25,0134,N,VIIRS,n,2,291.88,2.1,N,0
39.6602,22.50634,343.44,0.42,0.37,2022-07-25,1115,N,VIIRS,l,2,316.1,41.37,D,0
39.05457,26.22549,341.88,0.39,0.36,2022-07-25,1115,N,VIIRS,n,2,306.36,2.35,D,0
39.06836,26.24985,352.71,0.39,0.36,2022-07-25,1115,N,VIIRS,n,2,307.19,5.41,D,0
39.069,26.25427,343.67,0.39,0.36,2022-07-25,1115,N,VIIRS,n,2,305.64,5.64,D,0
38.37378,24.06061,308.79,0.32,0.55,2022-07-25,2334,N,VIIRS,n,2,294.18,0.73,N,2
41.05587,26.2233,334.12,0.53,0.5,2022-07-25,2334,N,VIIRS,n,2,292.85,3.07,N,0
41.05914,26.24272,319.1,0.53,0.5,2022-07-25,2334,N,VIIRS,n,2,291.59,2.39,N,0
41.05958,26.23683,305.79,0.53,0.5,2022-07-25,2334,N,VIIRS,n,2,291.38,3.82,N,0
41.06052,26.22416,301.73,0.53,0.5,2022-07-25,2334,N,VIIRS,n,2,290.96,3.07,N,0
41.06102,26.21745,302.51,0.53,0.5,2022-07-25,2334,N,VIIRS,n,2,290.17,3.07,N,0
41.06285,26.19282,304.1,0.53,0.5,2022-07-25,2334,N,VIIRS,n,2,290.91,0.91,N,0
41.06616,26.21174,305.99,0.53,0.5,2022-07-25,2334,N,VIIRS,n,2,290.09,1.54,N,0
41.06422,26.23776,335.09,0.53,0.5,2022-07-25,2334,N,VIIRS,n,2,292.19,3.82,N,0
41.06887,26.23847,312.77,0.53,0.5,2022-07-25,2334,N,VIIRS,n,2,290.41,3.82,N,0
39.05468,26.22785,341.21,0.5,0.49,2022-07-25,2334,N,VIIRS,n,2,296.54,6.63,N,0
39.05928,26.22795,318.72,0.5,0.49,2022-07-25,2334,N,VIIRS,n,2,295.8,6.63,N,0
39.05876,26.23435,343.74,0.5,0.49,2022-07-25,2334,N,VIIRS,n,2,296.73,6.63,N,0
39.06336,26.23445,309.91,0.5,0.49,2022-07-25,2334,N,VIIRS,n,2,294.75,3.99,N,0
39.06284,26.24077,346.59,0.5,0.49,2022-07-25,2334,N,VIIRS,n,2,296.75,5.31,N,0
39.0674,26.24138,323.98,0.5,0.49,2022-07-25,2334,N,VIIRS,n,2,295.93,5.31,N,0
41.0554,26.2296,338.79,0.53,0.5,2022-07-25,2334,N,VIIRS,n,2,292.9,3.82,N,0
41.05819,26.19192,301.8,0.53,0.5,2022-07-25,2334,N,VIIRS,n,2,289.86,0.91,N,0
41.0568,26.21075,306.46,0.53,0.5,2022-07-25,2334,N,VIIRS,n,2,290.3,1.89,N,0
41.05076,26.22864,327.03,0.53,0.5,2022-07-25,2334,N,VIIRS,n,2,291.16,2.85,N,0
41.05167,26.2164,304.14,0.53,0.5,2022-07-25,2334,N,VIIRS,n,2,290.84,2.58,N,0
41.047,26.21572,323.04,0.53,0.5,2022-07-25,2334,N,VIIRS,n,2,291.13,2.58,N,0
40.28572,23.44506,303.42,0.36,0.58,2022-07-25,2334,N,VIIRS,n,2,292.24,0.72,N,2
38.12934,23.52437,315.06,0.34,0.56,2022-07-25,2335,N,VIIRS,n,2,295.92,1.53,N,2
41.0673,26.23775,304.06,0.55,0.68,2022-07-26,0114,N,VIIRS,n,2,289.14,1.49,N,0
41.05917,26.21956,307.9,0.55,0.68,2022-07-26,0114,N,VIIRS,n,2,289.47,1.3,N,0
41.05725,26.22566,302.56,0.55,0.68,2022-07-26,0114,N,VIIRS,n,2,289.74,1.3,N,0
41.05118,26.22295,303.77,0.55,0.68,2022-07-26,0114,N,VIIRS,n,2,289.82,2.09,N,0
41.0617,26.18954,306.18,0.55,0.68,2022-07-26,0114,N,VIIRS,n,2,290.21,1.12,N,0
39.0554,26.23272,345.09,0.63,0.72,2022-07-26,0114,N,VIIRS,n,2,293.38,6.27,N,0
39.05717,26.22714,322.37,0.63,0.72,2022-07-26,0114,N,VIIRS,n,2,292.56,6.27,N,0
39.06318,26.23116,303.6,0.63,0.72,2022-07-26,0114,N,VIIRS,n,2,291.92,3.18,N,0
39.06122,26.23735,325.06,0.63,0.72,2022-07-26,0114,N,VIIRS,n,2,292.42,3.18,N,0
39.06751,26.24046,321.55,0.63,0.72,2022-07-26,0114,N,VIIRS,n,2,292.57,3.18,N,0
40.28339,23.44383,305.9,0.42,0.61,2022-07-26,0114,N,VIIRS,n,2,291.59,0.34,N,2
40.28652,23.44354,306.18,0.42,0.61,2022-07-26,0114,N,VIIRS,n,2,292.18,0.63,N,2
40.70047,22.9509,304.95,0.39,0.59,2022-07-26,0114,N,VIIRS,n,2,292.77,0.59,N,0
41.0537,26.22492,310.76,0.55,0.68,2022-07-26,0114,N,VIIRS,n,2,290.23,2.65,N,0
41.05575,26.21828,308.27,0.55,0.68,2022-07-26,0114,N,VIIRS,n,2,289.59,3.58,N,0
41.06405,26.19137,302.9,0.55,0.68,2022-07-26,0114,N,VIIRS,n,2,289.94,1.06,N,0
38.37453,24.06056,305.68,0.51,0.66,2022-07-26,0115,N,VIIRS,n,2,291.9,0.93,N,2
37.5525,25.16468,331.32,0.53,0.42,2022-07-26,1056,N,VIIRS,n,2,305.2,1.57,D,0
41.05071,26.21791,336.36,0.43,0.38,2022-07-26,1057,N,VIIRS,n,2,305.42,3.75,D,0
41.05869,26.24183,344.15,0.43,0.38,2022-07-26,1057,N,VIIRS,n,2,306.67,3.43,D,0
41.07336,26.24267,331.7,0.43,0.38,2022-07-26,1057,N,VIIRS,l,2,305.14,5.62,D,0
41.07246,26.23769,349.34,0.43,0.38,2022-07-26,1057,N,VIIRS,n,2,308.56,5.62,D,0
41.06789,26.21246,332.22,0.43,0.38,2022-07-26,1057,N,VIIRS,l,2,306.31,1.88,D,0
41.06338,26.18766,334.91,0.43,0.38,2022-07-26,1057,N,VIIRS,n,2,308.03,37.54,D,0
41.06247,26.18267,344.08,0.43,0.38,2022-07-26,1057,N,VIIRS,n,2,310.91,19.31,D,0
41.0581,26.17862,356.29,0.43,0.38,2022-07-26,1057,N,VIIRS,n,2,318.71,17.13,D,0
41.05901,26.18362,352.35,0.43,0.38,2022-07-26,1057,N,VIIRS,n,2,309.9,17.13,D,0
41.05992,26.18863,344.88,0.43,0.38,2022-07-26,1057,N,VIIRS,n,2,308.01,4.11,D,0
41.05555,26.1846,337.56,0.43,0.38,2022-07-26,1057,N,VIIRS,n,2,304.91,17.13,D,0
41.05647,26.18964,336.39,0.43,0.38,2022-07-26,1057,N,VIIRS,n,2,305.89,4.11,D,0
41.06648,26.24476,341.03,0.43,0.38,2022-07-26,1057,N,VIIRS,n,2,306.14,11.48,D,0
41.05758,26.21571,346.18,0.43,0.38,2022-07-26,1057,N,VIIRS,n,2,303.9,3.91,D,0
41.06214,26.24084,335.15,0.43,0.38,2022-07-26,1057,N,VIIRS,l,2,305.76,3.43,D,0
41.06302,26.24569,334.51,0.43,0.38,2022-07-26,1057,N,VIIRS,l,2,305.48,3.43,D,0
41.05415,26.21684,346.88,0.43,0.38,2022-07-26,1057,N,VIIRS,n,2,305.48,3.91,D,0
41.05687,26.23185,335.99,0.43,0.38,2022-07-26,1057,N,VIIRS,l,2,310.74,3.39,D,0
41.05719,26.17361,350.27,0.43,0.38,2022-07-26,1057,N,VIIRS,n,2,313.23,27.3,D,0
41.04802,26.20314,335.54,0.43,0.38,2022-07-26,1057,N,VIIRS,l,2,307.26,4.24,D,0
41.06156,26.17765,353.99,0.43,0.38,2022-07-26,1057,N,VIIRS,n,2,313.97,19.31,D,0
41.06065,26.17262,349.6,0.43,0.38,2022-07-26,1057,N,VIIRS,n,2,323.65,33.12,D,0
41.05973,26.16756,354.36,0.43,0.38,2022-07-26,1057,N,VIIRS,n,2,312.74,33.12,D,0
41.06594,26.18175,367,0.43,0.38,2022-07-26,1057,N,VIIRS,h,2,315.43,19.31,D,0
41.06411,26.17169,367,0.43,0.38,2022-07-26,1057,N,VIIRS,h,2,317.41,33.12,D,0
41.06774,26.19164,337.4,0.43,0.38,2022-07-26,1057,N,VIIRS,l,2,308.2,37.54,D,0
41.06503,26.17673,353.29,0.43,0.38,2022-07-26,1057,N,VIIRS,n,2,318.41,19.31,D,0
41.06318,26.16654,353.4,0.43,0.38,2022-07-26,1057,N,VIIRS,n,2,312.71,33.12,D,0
41.06758,26.17078,367,0.43,0.38,2022-07-26,1057,N,VIIRS,h,2,336.75,60.31,D,0
41.0703,26.18578,351.01,0.43,0.38,2022-07-26,1057,N,VIIRS,n,2,306.99,13.97,D,0
41.06941,26.18085,348.4,0.43,0.38,2022-07-26,1057,N,VIIRS,n,2,308.76,37.18,D,0
41.06664,26.16556,337.38,0.43,0.38,2022-07-26,1057,N,VIIRS,n,2,300.78,60.31,D,0
41.06851,26.17585,350.47,0.43,0.38,2022-07-26,1057,N,VIIRS,l,2,331.93,37.18,D,0
41.07197,26.17491,343.38,0.43,0.38,2022-07-26,1057,N,VIIRS,n,2,302.61,37.18,D,0
40.69612,24.75453,325.95,0.48,0.65,2022-08-11,0114,N,VIIRS,n,2,289.74,15.57,N,0
40.68774,24.76083,347.94,0.48,0.65,2022-08-11,0114,N,VIIRS,n,2,289.2,10.82,N,0
40.69868,24.74593,336.85,0.48,0.65,2022-08-11,0114,N,VIIRS,n,2,289.24,10.96,N,0
40.68959,24.7546,350.75,0.48,0.65,2022-08-11,0114,N,VIIRS,n,2,290.79,9.4,N,0
40.68363,24.75276,307.48,0.48,0.65,2022-08-11,0114,N,VIIRS,n,2,287.47,9.4,N,0
40.69252,24.74477,355.46,0.48,0.65,2022-08-11,0114,N,VIIRS,n,2,290.58,19.52,N,0
40.68633,24.74369,356.42,0.48,0.65,2022-08-11,0114,N,VIIRS,n,2,287.82,9.4,N,0
40.69112,24.74945,355.92,0.48,0.65,2022-08-11,0114,N,VIIRS,n,2,292,9.4,N,0
40.69739,24.75029,367,0.48,0.65,2022-08-11,0114,N,VIIRS,h,2,292.07,10.96,N,0
40.69485,24.75878,367,0.48,0.65,2022-08-11,0114,N,VIIRS,h,2,294.02,15.57,N,0
40.69323,24.76424,308.08,0.48,0.65,2022-08-11,0114,N,VIIRS,n,2,287.87,8,N,0
40.6897,24.76282,336.34,0.48,0.4,2022-08-11,1057,N,VIIRS,n,2,298.8,7.63,D,0
40.69926,24.75261,333.9,0.48,0.4,2022-08-11,1057,N,VIIRS,n,2,296.1,3.47,D,0
40.68863,24.75744,331.63,0.48,0.4,2022-08-11,1057,N,VIIRS,n,2,300.83,7.92,D,0
39.39012,22.34718,332.03,0.77,0.77,2022-08-11,1237,N,VIIRS,n,2,286.9,7.6,D,0
39.38936,22.3461,340.66,0.77,0.77,2022-08-11,1237,N,VIIRS,n,2,288.55,9.13,D,0
38.03295,23.59935,303.85,0.61,0.71,2022-08-11,2316,N,VIIRS,n,2,291.16,1.73,N,0
39.35465,22.98387,306.22,0.5,0.49,2022-08-12,0056,N,VIIRS,n,2,290.09,1.8,N,2
38.3734,24.06075,305.62,0.59,0.53,2022-08-12,0056,N,VIIRS,n,2,291.39,0.93,N,2
39.85065,25.11117,347.66,0.53,0.5,2022-08-12,1038,N,VIIRS,n,2,303.09,27.38,D,0
39.84928,25.10552,352.08,0.53,0.5,2022-08-12,1038,N,VIIRS,n,2,306.71,30.27,D,3
40.69386,24.73771,329.28,0.51,0.41,2022-08-13,0037,N,VIIRS,n,2,291.31,5.8,N,0
40.69268,24.74346,340.76,0.51,0.41,2022-08-13,0037,N,VIIRS,n,2,292.75,4.36,N,0
40.69739,24.7398,337.77,0.51,0.41,2022-08-13,0037,N,VIIRS,n,2,293.69,5.8,N,0
40.6962,24.74562,319.95,0.51,0.41,2022-08-13,0037,N,VIIRS,n,2,292.45,4.36,N,0
40.70097,24.74166,301.62,0.51,0.41,2022-08-13,0037,N,VIIRS,n,2,289.92,0.56,N,0
38.37256,24.06247,302.83,0.52,0.42,2022-08-13,0038,N,VIIRS,n,2,290.23,1.19,N,2
40.68574,24.74519,331.71,0.45,0.63,2022-08-13,1019,N,VIIRS,n,2,294.91,5.19,D,0
40.69083,24.7409,345.7,0.45,0.63,2022-08-13,1019,N,VIIRS,n,2,294.53,5.19,D,0
35.02284,25.46855,367,0.32,0.55,2022-08-13,1158,N,VIIRS,h,2,304.55,18.45,D,0
35.02261,25.4654,339.07,0.32,0.55,2022-08-13,1158,N,VIIRS,n,2,300.33,6.83,D,0
35.02088,25.46813,367,0.32,0.55,2022-08-13,1158,N,VIIRS,h,2,306.01,9.87,D,0
35.02111,25.47151,330.4,0.32,0.55,2022-08-13,1158,N,VIIRS,n,2,299.66,9.87,D,0
35.02066,25.46492,335.93,0.32,0.55,2022-08-13,1158,N,VIIRS,n,2,301.15,6.22,D,0
37.91776,23.07305,308.97,0.38,0.36,2022-08-14,0019,N,VIIRS,n,2,295.33,1.66,N,2
38.12822,23.52622,304.26,0.38,0.36,2022-08-14,0019,N,VIIRS,n,2,290.76,1.34,N,2
40.67492,22.79324,332.84,0.47,0.4,2022-08-14,1141,N,VIIRS,n,2,301.08,4.05,D,0
38.12811,23.52358,309.13,0.49,0.4,2022-08-15,0000,N,VIIRS,n,2,291.67,1.42,N,2
38.37542,24.06306,304.37,0.47,0.4,2022-08-15,0000,N,VIIRS,n,2,291.03,0.73,N,2
37.58535,22.8796,338.37,0.39,0.36,2022-08-15,1121,N,VIIRS,l,2,308.82,19.6,D,0
40.70458,22.82006,338.03,0.38,0.36,2022-08-15,1122,N,VIIRS,n,2,305.88,1.85,D,0
40.72566,22.69195,336.42,0.38,0.36,2022-08-15,1122,N,VIIRS,n,2,306.17,2.46,D,0
38.13148,23.5225,302.56,0.56,0.52,2022-08-15,2341,N,VIIRS,n,2,291.75,1.22,N,2
39.20187,22.66388,337.77,0.54,0.42,2022-08-16,1103,N,VIIRS,l,2,312.44,6.69,D,0
38.32013,23.61903,335.02,0.51,0.41,2022-08-16,1103,N,VIIRS,l,2,309.2,3.05,D,0
38.32085,23.62284,339.02,0.51,0.41,2022-08-16,1103,N,VIIRS,l,2,310.03,4.48,D,0
38.13005,23.52188,303.78,0.51,0.66,2022-08-16,2322,N,VIIRS,n,2,292.06,0.52,N,2
40.28447,23.44224,301.32,0.59,0.53,2022-08-17,0102,N,VIIRS,n,2,290.7,1.11,N,0
37.91923,23.07186,308.12,0.33,0.55,2022-08-17,0103,N,VIIRS,n,2,297.02,1.67,N,2
38.37386,24.05884,309.4,0.36,0.57,2022-08-17,0103,N,VIIRS,n,2,293.35,1.01,N,2
36.47948,22.47791,356.69,0.37,0.58,2022-08-17,1043,N,VIIRS,l,2,314.21,7.36,D,0
36.48908,22.47116,341.74,0.37,0.58,2022-08-17,1043,N,VIIRS,n,2,308.95,10.45,D,0
36.48386,22.47292,356.67,0.37,0.58,2022-08-17,1043,N,VIIRS,l,2,311.7,10.45,D,0
36.48479,22.47651,356.74,0.37,0.58,2022-08-17,1043,N,VIIRS,l,2,317.8,10.45,D,0
36.47852,22.47422,339.99,0.37,0.58,2022-08-17,1043,N,VIIRS,n,2,306.81,7.36,D,0
36.48569,22.47997,332.66,0.37,0.58,2022-08-17,1043,N,VIIRS,n,2,305.31,13.41,D,0
40.89462,22.53133,342,0.56,0.52,2022-08-17,1045,N,VIIRS,n,2,303.48,5.17,D,0
36.48019,22.48334,337,0.51,0.66,2022-08-17,1224,N,VIIRS,n,2,301.32,11.13,D,0
36.47992,22.47595,356.12,0.51,0.66,2022-08-17,1224,N,VIIRS,l,2,305.53,13.71,D,0
39.35491,22.98245,305.91,0.53,0.42,2022-08-18,0044,N,VIIRS,n,2,294.67,1.49,N,2
37.88108,21.32584,353.25,0.5,0.49,2022-08-18,1205,N,VIIRS,n,2,309.58,17.83,D,0
37.88135,21.32462,353.99,0.5,0.49,2022-08-18,1206,N,VIIRS,n,2,310.94,25.03,D,0
40.28406,23.44263,307.08,0.39,0.36,2022-08-19,0025,N,VIIRS,n,2,294.45,1,N,2
39.35417,22.98504,309.43,0.39,0.36,2022-08-19,0025,N,VIIRS,n,2,297.04,1.53,N,2
38.37385,24.06141,307.88,0.41,0.37,2022-08-19,0025,N,VIIRS,n,2,296.59,1.35,N,2
38.12886,23.52308,314.43,0.4,0.37,2022-08-19,0025,N,VIIRS,n,2,295.26,1.9,N,2
39.31413,21.93491,337.43,0.49,0.4,2022-08-19,1147,N,VIIRS,l,2,307.65,3.39,D,0
38.88445,22.19545,337.88,0.49,0.41,2022-08-19,1147,N,VIIRS,l,2,311.4,4.93,D,0
39.31144,21.93332,334.94,0.49,0.4,2022-08-19,1147,N,VIIRS,l,2,306.81,3.91,D,0
38.13069,23.52269,310.05,0.43,0.38,2022-08-20,0006,N,VIIRS,n,2,295.57,1.7,N,2
38.373,24.0603,305.62,0.42,0.37,2022-08-20,0006,N,VIIRS,n,2,295.44,1.41,N,2
40.96062,25.16345,342.4,0.45,0.39,2022-08-20,1128,N,VIIRS,n,2,301.52,4.68,D,0
38.37291,24.0619,306.84,0.44,0.46,2022-08-20,2347,N,VIIRS,n,2,293.52,0.77,N,2
38.1295,23.52223,309.78,0.46,0.47,2022-08-20,2348,N,VIIRS,n,2,293.9,1.3,N,2
38.12797,23.52241,299.8,0.42,0.61,2022-08-21,2329,N,VIIRS,n,2,286.12,0.5,N,2
39.35338,22.98201,306.76,0.36,0.57,2022-08-22,0109,N,VIIRS,n,2,289.83,1.03,N,2
39.35466,22.98588,306.09,0.42,0.45,2022-08-23,0050,N,VIIRS,n,2,289.28,0.9,N,2
38.3733,24.05927,303,0.49,0.49,2022-08-23,0050,N,VIIRS,n,2,289.93,0.86,N,2
36.33217,22.90729,338.66,0.4,0.44,2022-08-24,1152,N,VIIRS,n,2,292.19,2.89,D,0
36.32806,22.90761,341.3,0.4,0.44,2022-08-24,1152,N,VIIRS,n,2,291.93,5.17,D,0
38.13055,23.52412,311.16,0.39,0.36,2022-08-25,0013,N,VIIRS,n,2,288.08,1.29,N,2
38.3735,24.06281,302.68,0.39,0.36,2022-08-25,0013,N,VIIRS,n,2,283.83,0.87,N,2
37.91905,23.07337,304.41,0.4,0.37,2022-08-25,0013,N,VIIRS,n,2,291.85,0.94,N,2
38.12815,23.52383,307.27,0.38,0.43,2022-08-25,2354,N,VIIRS,n,2,288.3,1.11,N,2
38.27706,23.65757,336.45,0.4,0.37,2022-08-26,1115,N,VIIRS,n,2,299.83,2.41,D,0
38.2763,23.65304,337.99,0.4,0.37,2022-08-26,1115,N,VIIRS,n,2,300.63,2.41,D,0
40.86105,22.67039,349.93,0.4,0.37,2022-08-26,1116,N,VIIRS,n,2,301.55,4.49,D,0
38.1316,23.52339,307.1,0.34,0.56,2022-08-26,2335,N,VIIRS,n,2,288,0.87,N,2
39.35614,22.98196,300.63,0.43,0.62,2022-08-27,0115,N,VIIRS,n,2,287.95,0.91,N,0
40.28442,23.44183,303.09,0.43,0.62,2022-08-27,0115,N,VIIRS,n,2,287.15,0.85,N,0
41.11053,24.11394,342.91,0.5,0.41,2022-08-27,1057,N,VIIRS,n,2,298.09,3.11,D,0
38.12843,23.52104,298.79,0.62,0.71,2022-08-27,2316,N,VIIRS,n,2,287.79,0.84,N,0
40.28394,23.44274,302.4,0.5,0.49,2022-08-28,0056,N,VIIRS,n,2,290.15,0.67,N,2
39.35545,22.98308,304.04,0.5,0.49,2022-08-28,0056,N,VIIRS,n,2,292.64,0.8,N,2
40.67923,22.89787,328.38,0.44,0.38,2022-08-29,0037,N,VIIRS,n,2,291.86,2.7,N,0
40.70574,22.81513,305.5,0.43,0.38,2022-08-29,0037,N,VIIRS,n,2,292.94,0.99,N,2
39.35456,22.98664,306.81,0.46,0.39,2022-08-29,0038,N,VIIRS,n,2,293.44,0.8,N,2
39.16557,22.84552,301.53,0.45,0.39,2022-08-29,0038,N,VIIRS,n,2,291.43,1.4,N,2
38.37514,24.0632,303.86,0.52,0.42,2022-08-29,0038,N,VIIRS,n,2,292.58,0.79,N,2
39.17008,22.84146,306.62,0.45,0.39,2022-08-29,0038,N,VIIRS,n,2,293.2,1.43,N,2
38.12954,23.52541,307.75,0.5,0.41,2022-08-29,0038,N,VIIRS,n,2,293.15,1.25,N,2
40.97318,26.23095,335.85,0.4,0.6,2022-08-29,1200,N,VIIRS,n,2,303.55,3.1,D,0
40.28362,23.4429,303.86,0.39,0.36,2022-08-30,0018,N,VIIRS,n,2,292.18,0.32,N,2
39.16998,22.84239,305.92,0.39,0.36,2022-08-30,0019,N,VIIRS,n,2,292.99,1.27,N,2
39.166,22.84604,301.77,0.39,0.36,2022-08-30,0019,N,VIIRS,n,2,290.82,1.17,N,2
38.12785,23.52579,316.08,0.38,0.36,2022-08-30,0019,N,VIIRS,n,2,293.39,1.28,N,2
39.35524,22.98552,308.42,0.39,0.36,2022-08-30,0019,N,VIIRS,n,2,294.08,1.24,N,2
38.12915,23.52171,304.27,0.49,0.4,2022-08-31,0000,N,VIIRS,n,2,291.51,1.45,N,2
38.13114,23.52656,304.51,0.49,0.4,2022-08-31,0000,N,VIIRS,n,2,292.28,1.01,N,2
37.91395,23.0608,343.58,0.39,0.36,2022-08-31,1121,N,VIIRS,n,2,307.43,1.92,D,0
39.27454,22.15798,331.23,0.39,0.36,2022-08-31,1122,N,VIIRS,n,2,303.26,3.74,D,0
39.45331,22.45942,337.05,0.39,0.36,2022-08-31,1122,N,VIIRS,n,2,306.19,1.35,D,0
39.29315,22.35539,343.24,0.39,0.36,2022-08-31,1122,N,VIIRS,n,2,302.55,3.04,D,0
39.45403,22.46391,336.83,0.39,0.36,2022-08-31,1122,N,VIIRS,n,2,306.69,1.35,D,0
39.27122,22.15889,343.76,0.39,0.36,2022-08-31,1122,N,VIIRS,n,2,303.74,3.74,D,0
38.37327,24.06306,303.69,0.53,0.5,2022-08-31,2341,N,VIIRS,n,2,291.16,1.16,N,2
40.67812,22.90042,300.67,0.47,0.64,2022-09-01,0121,N,VIIRS,n,2,287.27,4.93,N,0
38.37376,24.06014,299.98,0.62,0.71,2022-09-01,0121,N,VIIRS,n,2,287.62,0.93,N,2
39.38579,22.80612,299.93,0.5,0.66,2022-09-01,0121,N,VIIRS,n,2,287.13,0.51,N,2
39.35254,22.985,300.96,0.52,0.66,2022-09-01,0121,N,VIIRS,n,2,288.75,1.55,N,2
40.67968,22.89518,367,0.47,0.64,2022-09-01,0121,N,VIIRS,h,2,288.39,12.26,N,0
38.79057,23.26506,333.21,0.51,0.41,2022-09-01,1103,N,VIIRS,n,2,301.37,2.44,D,0
38.37223,24.06041,305.25,0.36,0.57,2022-09-02,0103,N,VIIRS,n,2,288.82,0.92,N,2
37.67636,22.79373,318.4,0.32,0.55,2022-09-02,0103,N,VIIRS,n,2,277.8,0.49,N,0
37.91861,23.07195,306.96,0.33,0.55,2022-09-02,0103,N,VIIRS,n,2,292.48,1.85,N,2
38.20106,24.0078,341.27,0.64,0.72,2022-09-02,1225,N,VIIRS,n,2,290.88,10.05,D,0
40.28547,23.44242,301.39,0.53,0.42,2022-09-03,0044,N,VIIRS,n,2,289.04,0.56,N,2
39.38457,22.80915,301.89,0.52,0.41,2022-09-03,0044,N,VIIRS,n,2,288.84,1.25,N,2
38.37265,24.06089,305.87,0.41,0.37,2022-09-04,0025,N,VIIRS,n,2,292.63,0.87,N,2
38.1283,23.52246,311.89,0.4,0.37,2022-09-04,0025,N,VIIRS,n,2,292.96,1.4,N,2
39.38605,22.80703,302.35,0.39,0.36,2022-09-04,0025,N,VIIRS,n,2,291.5,0.88,N,2
39.3536,22.98387,308.4,0.39,0.36,2022-09-04,0025,N,VIIRS,n,2,293.42,1.31,N,2
38.37486,24.06085,304.93,0.42,0.37,2022-09-05,0006,N,VIIRS,n,2,291.74,1.18,N,2
38.12946,23.52331,314.41,0.43,0.38,2022-09-05,0007,N,VIIRS,n,2,291.61,1.56,N,2
37.91833,23.07159,308.04,0.44,0.38,2022-09-05,0007,N,VIIRS,n,2,294.03,1.96,N,2
36.9535,27.01724,337.86,0.48,0.4,2022-09-05,1127,N,VIIRS,n,2,307.18,4.85,D,0
36.95637,27.01501,310.5,0.46,0.39,2022-09-05,2348,N,VIIRS,n,2,292.63,0.7,N,0
38.12838,23.52442,306.65,0.46,0.47,2022-09-05,2348,N,VIIRS,n,2,291.43,1.13,N,2
36.95606,27.01333,315.63,0.46,0.39,2022-09-05,2348,N,VIIRS,n,2,293.15,1.42,N,0
36.32489,22.97573,334.64,0.5,0.41,2022-09-06,1109,N,VIIRS,n,2,304.28,5.83,D,0
36.31816,22.96136,347.23,0.5,0.41,2022-09-06,1109,N,VIIRS,n,2,304.04,32.03,D,0
36.31919,22.96658,356.45,0.5,0.41,2022-09-06,1109,N,VIIRS,n,2,310.85,44.92,D,0
36.31803,22.96289,350.27,0.5,0.41,2022-09-06,1109,N,VIIRS,n,2,302.86,54.32,D,0
36.3237,22.97213,355.82,0.5,0.41,2022-09-06,1109,N,VIIRS,n,2,310.63,22.89,D,0
36.31904,22.96813,351.49,0.5,0.41,2022-09-06,1109,N,VIIRS,n,2,306.49,54.32,D,0
36.32269,22.96688,350.56,0.5,0.41,2022-09-06,1109,N,VIIRS,n,2,324.16,54.32,D,0
36.32072,22.95659,355.28,0.5,0.41,2022-09-06,1109,N,VIIRS,n,2,311.84,32.8,D,0
36.32537,22.96055,367,0.5,0.41,2022-09-06,1109,N,VIIRS,h,2,309.42,15.25,D,0
36.32737,22.97099,333.74,0.5,0.41,2022-09-06,1109,N,VIIRS,n,2,301.7,5.17,D,0
36.32084,22.95513,354.2,0.5,0.41,2022-09-06,1109,N,VIIRS,n,2,304.95,32.03,D,0
36.32183,22.96021,347.77,0.5,0.41,2022-09-06,1109,N,VIIRS,l,2,322.47,32.03,D,0
36.32388,22.97058,367,0.5,0.41,2022-09-06,1109,N,VIIRS,h,2,315.22,44.92,D,0
38.31225,23.64769,348.2,0.44,0.38,2022-09-06,1109,N,VIIRS,n,2,301.66,5.85,D,0
38.10942,23.5794,336.27,0.44,0.39,2022-09-06,1109,N,VIIRS,n,2,304.21,1.5,D,0
36.32637,22.96575,355,0.5,0.41,2022-09-06,1109,N,VIIRS,n,2,307.75,15.25,D,0
36.32023,22.97184,332.17,0.5,0.41,2022-09-06,1109,N,VIIRS,n,2,300.8,44.92,D,0
36.32551,22.95907,349.16,0.5,0.41,2022-09-06,1109,N,VIIRS,n,2,303.47,8.04,D,0
36.32652,22.96423,350.43,0.5,0.41,2022-09-06,1109,N,VIIRS,n,2,305.15,9.6,D,0
40.89809,24.83495,333.31,0.39,0.36,2022-09-06,1110,N,VIIRS,n,2,301.65,3.76,D,0
38.37359,24.05923,301.22,0.39,0.59,2022-09-06,2329,N,VIIRS,n,2,290.42,0.64,N,2
39.38608,22.80357,296.67,0.35,0.57,2022-09-07,0109,N,VIIRS,n,2,286.21,0.37,N,2
40.86945,24.64035,346.06,0.56,0.43,2022-09-07,1051,N,VIIRS,n,2,300.15,8.57,D,0
40.87331,24.63894,330.65,0.56,0.43,2022-09-07,1051,N,VIIRS,n,2,297.33,8.57,D,0
40.87468,24.64548,344.45,0.56,0.43,2022-09-07,1051,N,VIIRS,n,2,303.21,35.58,D,0
37.87226,21.24533,330.72,0.55,0.68,2022-09-07,1231,N,VIIRS,n,2,299.26,4.07,D,0
37.87207,21.23886,336.85,0.55,0.68,2022-09-07,1231,N,VIIRS,n,2,299.44,7.97,D,0
39.16623,22.84483,310.88,0.41,0.45,2022-09-08,0050,N,VIIRS,n,2,286.98,1.86,N,2
39.3527,22.98439,305.15,0.42,0.45,2022-09-08,0050,N,VIIRS,n,2,290.88,1.22,N,2
40.2832,23.44528,304.72,0.42,0.45,2022-09-08,0050,N,VIIRS,n,2,289.07,0.72,N,2
38.37226,24.05972,302.43,0.49,0.49,2022-09-08,0050,N,VIIRS,n,2,290.64,0.94,N,2
37.91889,23.07192,304.64,0.45,0.47,2022-09-08,0051,N,VIIRS,n,2,294.07,1.53,N,2
38.40623,21.78597,353.03,0.51,0.66,2022-09-08,1032,N,VIIRS,n,2,300.36,24.28,D,0
38.40808,21.79224,367,0.51,0.66,2022-09-08,1032,N,VIIRS,h,2,300.23,32.08,D,0
39.36366,22.55637,340.26,0.37,0.58,2022-09-08,1212,N,VIIRS,n,2,298.83,2.92,D,0
40.69962,22.95286,300.71,0.4,0.37,2022-09-09,0031,N,VIIRS,n,2,289.9,0.35,N,0
40.28346,23.44338,300.9,0.41,0.37,2022-09-09,0031,N,VIIRS,n,2,289.63,0.53,N,2
38.37346,24.06339,303.03,0.45,0.39,2022-09-09,0032,N,VIIRS,n,2,291.15,0.79,N,2
38.13065,23.52271,304.33,0.44,0.38,2022-09-09,0032,N,VIIRS,n,2,291.27,0.81,N,2
37.91838,23.07244,308.26,0.43,0.38,2022-09-09,0032,N,VIIRS,n,2,296.82,1.67,N,2
37.2647,21.75687,328.93,0.4,0.37,2022-09-09,0032,N,VIIRS,n,2,292.37,3.19,N,0
36.54678,22.46073,345.55,0.57,0.43,2022-09-09,1153,N,VIIRS,n,2,299.52,36.26,D,0
40.70586,22.81351,303.82,0.42,0.38,2022-09-10,0012,N,VIIRS,n,2,291.87,0.92,N,2
39.16557,22.8452,306.02,0.41,0.37,2022-09-10,0013,N,VIIRS,n,2,290.31,1.1,N,2
39.38684,22.80619,318.02,0.41,0.37,2022-09-10,0013,N,VIIRS,n,2,292.12,1.89,N,2
39.35544,22.98596,304.39,0.41,0.37,2022-09-10,0013,N,VIIRS,n,2,293,1.07,N,2
38.37366,24.06326,309.53,0.39,0.36,2022-09-10,0013,N,VIIRS,n,2,294.79,1.06,N,2
38.36077,22.69324,305.95,0.41,0.37,2022-09-10,0013,N,VIIRS,n,2,295.41,1.14,N,0
38.12811,23.52432,315.99,0.39,0.36,2022-09-10,0013,N,VIIRS,n,2,293.11,1.61,N,2
38.07126,23.63076,303.79,0.39,0.36,2022-09-10,0013,N,VIIRS,n,2,292.04,0.49,N,0
38.29757,20.4692,309.35,0.48,0.4,2022-09-10,0013,N,VIIRS,n,2,292.62,1.43,N,0
38.29386,20.4686,317.48,0.48,0.4,2022-09-10,0013,N,VIIRS,n,2,292.29,1.43,N,0
37.91764,23.07147,307.08,0.4,0.37,2022-09-10,0013,N,VIIRS,n,2,296.84,1.35,N,2
38.44287,21.17811,333.43,0.39,0.36,2022-09-10,1134,N,VIIRS,n,2,300.44,3.2,D,0
40.2835,23.44429,302.18,0.41,0.45,2022-09-10,2353,N,VIIRS,n,2,291.43,0.6,N,2
37.41658,22.06678,304.64,0.45,0.47,2022-09-10,2354,N,VIIRS,n,2,290.78,0.56,N,0
38.12971,23.52379,312.36,0.38,0.43,2022-09-10,2354,N,VIIRS,n,2,295.36,1.14,N,2
38.26502,21.98217,345.88,0.44,0.39,2022-09-11,1115,N,VIIRS,n,2,306.92,3.81,D,0
38.07324,23.57544,332.94,0.4,0.37,2022-09-11,1115,N,VIIRS,l,2,307.84,2.49,D,0
38.07737,23.5791,342.1,0.4,0.37,2022-09-11,1115,N,VIIRS,n,2,308.34,2.49,D,0
39.46225,22.77977,338.55,0.41,0.37,2022-09-11,1116,N,VIIRS,n,2,302.5,4.52,D,0
40.9344,22.70745,338.16,0.4,0.37,2022-09-11,1116,N,VIIRS,n,2,305.8,2.88,D,0
38.12994,23.52241,306.67,0.34,0.56,2022-09-11,2335,N,VIIRS,n,2,293.5,0.76,N,2
39.38528,22.80641,305.6,0.42,0.61,2022-09-12,0115,N,VIIRS,n,2,289.67,0.88,N,2
39.3877,22.80601,307.91,0.42,0.61,2022-09-12,0115,N,VIIRS,n,2,289.98,0.9,N,2
39.35453,22.98237,308.07,0.43,0.62,2022-09-12,0115,N,VIIRS,n,2,291.83,1.51,N,2
38.07032,21.37158,331.8,0.52,0.5,2022-09-12,1057,N,VIIRS,n,2,301.4,2.89,D,0
40.65287,22.70277,342.61,0.39,0.44,2022-09-12,1057,N,VIIRS,n,2,301.84,3.45,D,0
37.6415,21.41973,329.87,0.68,0.74,2022-09-12,1237,N,VIIRS,n,2,301.25,3.26,D,0
38.12858,23.52104,299.29,0.62,0.71,2022-09-12,2316,N,VIIRS,n,2,288.63,0.94,N,0
39.16568,22.84449,300.57,0.49,0.49,2022-09-13,0056,N,VIIRS,n,2,288.92,1.14,N,2
40.69939,22.95226,299.35,0.46,0.47,2022-09-13,0056,N,VIIRS,n,2,288.49,0.41,N,0
39.35556,22.98255,307.79,0.5,0.49,2022-09-13,0056,N,VIIRS,n,2,291.34,1.11,N,2
37.00783,21.72445,299.49,0.49,0.48,2022-09-13,0057,N,VIIRS,n,2,289.21,0.46,N,0
38.3725,24.05864,299.61,0.6,0.53,2022-09-13,0057,N,VIIRS,n,2,287.46,1.84,N,2
37.91656,23.07226,300.64,0.54,0.51,2022-09-13,0057,N,VIIRS,n,2,290.52,3.85,N,0
39.49115,21.94396,333.22,0.39,0.59,2022-09-13,1038,N,VIIRS,n,2,296.76,2.49,D,0
40.28267,23.4459,301.65,0.46,0.39,2022-09-14,0037,N,VIIRS,n,2,288.64,0.45,N,2
40.69972,22.95,298.67,0.44,0.38,2022-09-14,0037,N,VIIRS,n,2,288.62,0.75,N,0
38.37436,24.06064,303.05,0.52,0.42,2022-09-14,0038,N,VIIRS,n,2,290.42,1.19,N,2
39.16671,22.84198,301.84,0.46,0.39,2022-09-14,0038,N,VIIRS,n,2,287.38,1.74,N,2
39.38608,22.80541,300.05,0.45,0.39,2022-09-14,0038,N,VIIRS,n,2,287.58,0.66,N,2
39.35564,22.98305,309.53,0.46,0.39,2022-09-14,0038,N,VIIRS,n,2,291.15,1.4,N,2
38.12916,23.52324,302.3,0.5,0.41,2022-09-14,0038,N,VIIRS,n,2,289.75,0.69,N,2
39.61856,20.297,348.77,0.38,0.44,2022-09-14,1200,N,VIIRS,n,2,304.52,6.76,D,0
40.7043,22.8134,300.46,0.39,0.36,2022-09-15,0018,N,VIIRS,n,2,290.03,0.93,N,2
40.6981,22.95067,300.3,0.39,0.36,2022-09-15,0018,N,VIIRS,n,2,290,0.62,N,0
39.35357,22.98474,312.97,0.39,0.36,2022-09-15,0019,N,VIIRS,n,2,293.56,1.7,N,2
38.37373,24.05938,303.27,0.39,0.36,2022-09-15,0019,N,VIIRS,n,2,290.92,0.85,N,2
38.12944,23.52482,313.02,0.38,0.36,2022-09-15,0019,N,VIIRS,n,2,291.7,1.15,N,2
37.91786,23.07417,306.02,0.38,0.36,2022-09-15,0019,N,VIIRS,n,2,294.76,1.15,N,2
39.16775,22.8453,301.91,0.39,0.36,2022-09-15,0019,N,VIIRS,n,2,289.6,1.54,N,2
40.28519,23.44317,304.34,0.39,0.36,2022-09-15,0019,N,VIIRS,n,2,290.5,0.58,N,2
38.12984,23.52373,308.55,0.49,0.4,2022-09-16,0000,N,VIIRS,n,2,292.71,1.49,N,2
38.12867,23.52242,309.61,0.49,0.4,2022-09-16,0000,N,VIIRS,n,2,291.69,1.56,N,2
38.37487,24.05968,308.67,0.47,0.39,2022-09-16,0000,N,VIIRS,n,2,295.44,1.14,N,2
36.76577,22.511,337.98,0.4,0.37,2022-09-16,1121,N,VIIRS,l,2,309.43,3.57,D,0
37.96827,23.66626,333.58,0.38,0.36,2022-09-16,1122,N,VIIRS,l,2,306.83,1.42,D,0
40.7065,22.81271,302.23,0.32,0.55,2022-09-16,2341,N,VIIRS,n,2,292.05,0.69,N,2
35.45744,23.7382,337.36,0.56,0.43,2022-09-17,1102,N,VIIRS,n,2,307.11,9.9,D,0
38.07665,23.63311,303.92,0.5,0.66,2022-09-17,2322,N,VIIRS,n,2,291.4,0.32,N,0
40.70389,22.81069,304.72,0.57,0.69,2022-09-17,2322,N,VIIRS,n,2,288.25,1.24,N,0
39.38529,22.80474,308.18,0.56,0.69,2022-09-17,2322,N,VIIRS,n,2,289.83,0.9,N,2
38.37289,24.06108,306.7,0.36,0.57,2022-09-18,0103,N,VIIRS,n,2,294.18,0.89,N,2
39.35373,22.98705,305.28,0.6,0.53,2022-09-18,0103,N,VIIRS,n,2,294.08,1.98,N,2
38.02931,23.60308,303.9,0.35,0.57,2022-09-18,0103,N,VIIRS,n,2,293.26,1.02,N,0
37.91716,23.07065,304.45,0.33,0.55,2022-09-18,0103,N,VIIRS,n,2,293.34,1.39,N,0
37.91914,23.07286,306.4,0.33,0.55,2022-09-18,0103,N,VIIRS,n,2,294.6,1.61,N,2
37.42028,22.74093,367,0.54,0.68,2022-09-18,1225,N,VIIRS,h,2,304.22,13.38,D,0
38.16862,20.43899,367,0.41,0.6,2022-09-18,1225,N,VIIRS,h,2,298.61,7.64,D,0
37.42048,22.74732,347.14,0.54,0.68,2022-09-18,1225,N,VIIRS,n,2,303.33,15.27,D,0
38.38943,23.10104,330.81,0.57,0.69,2022-09-18,1225,N,VIIRS,n,2,298.96,3.15,D,0
37.4185,22.74418,367,0.54,0.68,2022-09-18,1225,N,VIIRS,h,2,306.89,19.6,D,0
38.03269,23.60503,303.9,0.4,0.44,2022-09-19,0044,N,VIIRS,n,2,293.64,1.05,N,0
39.35553,22.9859,302.99,0.53,0.42,2022-09-19,0044,N,VIIRS,n,2,290.7,1.01,N,2
36.66194,22.44249,334.16,0.56,0.43,2022-09-19,0045,N,VIIRS,n,2,289.96,6.17,N,0
40.28478,23.44423,302.19,0.39,0.36,2022-09-20,0025,N,VIIRS,n,2,288.31,0.63,N,2
38.13075,23.52642,297.02,0.4,0.37,2022-09-20,0025,N,VIIRS,n,2,279.57,0.35,N,2
38.36155,22.69308,306.54,0.39,0.36,2022-09-20,0025,N,VIIRS,n,2,293.32,1.34,N,0
39.35505,22.98597,309.63,0.39,0.36,2022-09-20,0025,N,VIIRS,n,2,291.01,1.53,N,2
40.70415,22.81368,297.93,0.38,0.36,2022-09-20,0025,N,VIIRS,n,2,287.2,0.47,N,2
38.12741,23.52551,297.14,0.4,0.37,2022-09-20,0025,N,VIIRS,n,2,278.31,0.35,N,2
39.81962,22.53042,331.28,0.53,0.42,2022-09-20,1147,N,VIIRS,n,2,303.67,2.81,D,0
39.35333,22.98441,300.58,0.46,0.39,2022-09-21,0006,N,VIIRS,n,2,288.23,1.13,N,2
39.16648,22.84444,303.01,0.46,0.39,2022-09-21,0006,N,VIIRS,n,2,286.94,1.66,N,2
38.25296,20.41659,303.13,0.34,0.56,2022-09-21,2348,N,VIIRS,n,2,285.39,1.14,N,0
38.25862,20.40979,313.15,0.34,0.56,2022-09-21,2348,N,VIIRS,n,2,279.03,2.33,N,0
38.2584,20.4134,308.2,0.34,0.56,2022-09-21,2348,N,VIIRS,n,2,282.23,1.14,N,0
38.25319,20.41282,322.9,0.34,0.56,2022-09-21,2348,N,VIIRS,n,2,285.94,1.14,N,0
39.35456,22.98147,299.23,0.62,0.71,2022-09-22,0128,N,VIIRS,n,2,285.56,2.61,N,0
38.25393,20.41031,302.5,0.5,0.65,2022-09-22,0128,N,VIIRS,n,2,286.88,0.82,N,0
37.87016,21.30253,335.45,0.55,0.43,2022-09-22,1109,N,VIIRS,n,2,303.31,3.79,D,0
40.68098,22.24263,328.05,0.46,0.39,2022-09-22,1110,N,VIIRS,n,2,297.13,2.55,D,0
39.38647,22.80378,296.7,0.47,0.64,2022-09-22,2328,N,VIIRS,n,2,281.01,0.72,N,2
39.53909,21.65801,303.36,0.54,0.68,2022-09-22,2328,N,VIIRS,n,2,276.82,1.42,N,0
39.35392,22.98411,306.67,0.36,0.57,2022-09-23,0109,N,VIIRS,n,2,286.14,1.13,N,2
39.354,22.98519,307.27,0.42,0.45,2022-09-24,0050,N,VIIRS,n,2,286.95,1.18,N,2
39.48901,22.50946,339.91,0.44,0.62,2022-09-24,1032,N,VIIRS,n,2,301.66,4.31,D,0
40.27845,21.50322,325.89,0.47,0.64,2022-09-24,1032,N,VIIRS,n,2,299.07,2.63,D,0
38.34823,21.77287,367,0.33,0.55,2022-09-24,1212,N,VIIRS,h,2,302.89,31.13,D,3
37.81515,21.30913,330.22,0.61,0.53,2022-09-24,1212,N,VIIRS,n,2,301.73,3.12,D,0
38.34798,21.76884,342.72,0.33,0.55,2022-09-24,1212,N,VIIRS,n,2,317.59,37.11,D,0
39.35583,22.98463,307.74,0.41,0.37,2022-09-25,0031,N,VIIRS,n,2,290.56,1.66,N,2
40.9622,25.35318,304.85,0.46,0.39,2022-09-25,0031,N,VIIRS,n,2,282.46,1.05,N,0
40.70009,22.95267,297.43,0.4,0.37,2022-09-25,0031,N,VIIRS,n,2,286.56,0.45,N,0
39.38771,22.8066,305.07,0.41,0.37,2022-09-25,0031,N,VIIRS,n,2,286.25,1.35,N,2
38.37463,24.05964,303.7,0.45,0.39,2022-09-25,0032,N,VIIRS,n,2,287.71,1.3,N,2
39.43238,22.41065,329.61,0.75,0.77,2022-09-25,1013,N,VIIRS,l,2,301.44,5.12,D,0
41.5647,26.32122,338.76,0.43,0.62,2022-09-25,1014,N,VIIRS,n,2,302.68,3.1,D,0
40.78114,26.13836,339.69,0.33,0.55,2022-09-25,1154,N,VIIRS,n,2,296.25,2.08,D,0
39.35444,22.98521,307.97,0.41,0.37,2022-09-26,0013,N,VIIRS,n,2,289.81,1.25,N,2
36.47959,22.45132,315.18,0.4,0.37,2022-09-26,0013,N,VIIRS,n,2,287.46,0.68,N,0
36.47623,22.45042,301.73,0.4,0.37,2022-09-26,0013,N,VIIRS,n,2,287.6,0.52,N,0
38.13009,23.52477,310.71,0.39,0.36,2022-09-26,0013,N,VIIRS,n,2,284.98,1.2,N,2
37.8802,21.32066,346.52,0.39,0.36,2022-09-26,1134,N,VIIRS,n,2,299.34,6.54,D,0
39.35479,22.98162,296.4,0.43,0.62,2022-09-28,0115,N,VIIRS,n,2,281.26,0.47,N,0
35.30269,24.80179,356.72,0.4,0.44,2022-09-28,1056,N,VIIRS,n,2,298.94,7.63,D,0
41.13476,24.13998,327.82,0.5,0.41,2022-09-28,1057,N,VIIRS,n,2,300.81,1.68,D,0
40.28378,23.44245,299.88,0.5,0.49,2022-09-29,0056,N,VIIRS,n,2,288.24,0.62,N,2
39.35608,22.98546,300.84,0.5,0.49,2022-09-29,0056,N,VIIRS,n,2,289.91,0.88,N,2
39.35512,22.98413,306.45,0.5,0.49,2022-09-29,0056,N,VIIRS,n,2,290.86,1.64,N,2
40.70621,22.8144,299.74,0.45,0.47,2022-09-29,0056,N,VIIRS,n,2,288.05,0.76,N,2
40.69813,22.94891,299.28,0.46,0.47,2022-09-29,0056,N,VIIRS,n,2,287.91,0.65,N,0
39.45769,22.56907,336.71,0.36,0.58,2022-09-29,1038,N,VIIRS,n,2,296.82,5.39,D,0
40.97763,22.62473,326.99,0.33,0.55,2022-09-29,1039,N,VIIRS,l,2,297.95,1.73,D,0
39.49694,22.589,355.83,0.45,0.63,2022-09-29,1219,N,VIIRS,n,2,299.11,7.83,D,0
39.46932,22.58163,336.52,0.45,0.63,2022-09-29,1219,N,VIIRS,n,2,298.05,5.72,D,0
39.49315,22.58752,367,0.45,0.63,2022-09-29,1219,N,VIIRS,h,2,300.54,9.81,D,0
40.69935,22.95261,300.64,0.44,0.38,2022-09-30,0037,N,VIIRS,n,2,288.8,0.56,N,0
39.35421,22.98651,310.98,0.46,0.39,2022-09-30,0038,N,VIIRS,n,2,292.78,1.23,N,2
39.38498,22.80873,299.28,0.45,0.39,2022-09-30,0038,N,VIIRS,n,2,288.7,0.31,N,2
38.12965,23.52493,305.11,0.5,0.41,2022-09-30,0038,N,VIIRS,n,2,291.54,0.97,N,2
41.04575,25.17357,344.09,0.42,0.61,2022-09-30,1020,N,VIIRS,n,2,297.73,3.67,D,0
39.47023,22.52445,325.74,0.63,0.72,2022-09-30,1020,N,VIIRS,l,2,299.42,1.76,D,0
39.37556,21.88515,337.62,0.46,0.47,2022-09-30,1200,N,VIIRS,n,2,302.67,2.53,D,0
39.41687,22.64874,331.26,0.5,0.49,2022-09-30,1200,N,VIIRS,l,2,303.91,2.51,D,0
39.42144,22.6482,355.2,0.5,0.49,2022-09-30,1200,N,VIIRS,n,2,305.28,12.29,D,0
39.3869,22.80535,302.2,0.39,0.36,2022-10-01,0019,N,VIIRS,n,2,284.32,1.25,N,2
38.37292,24.06246,306.83,0.39,0.36,2022-10-01,0019,N,VIIRS,n,2,290.37,0.48,N,2
38.12987,23.52387,311.63,0.38,0.36,2022-10-01,0019,N,VIIRS,n,2,290.2,1.24,N,2
39.35072,22.51713,344.02,0.45,0.39,2022-10-01,1141,N,VIIRS,n,2,305.88,4.69,D,0
39.34715,22.51789,344.24,0.45,0.39,2022-10-01,1141,N,VIIRS,n,2,307.95,4.73,D,0
38.13086,23.52639,303.25,0.49,0.4,2022-10-02,0000,N,VIIRS,n,2,291.46,0.76,N,2
36.37127,25.7618,333.91,0.39,0.36,2022-10-02,1121,N,VIIRS,n,2,300.89,1.59,D,0
39.50419,21.94129,332.98,0.4,0.37,2022-10-02,1122,N,VIIRS,l,2,305.62,1.3,D,0
38.4344,23.03627,333.95,0.39,0.36,2022-10-02,1122,N,VIIRS,l,2,307.37,1.26,D,0
40.65203,22.26996,333.02,0.39,0.36,2022-10-02,1122,N,VIIRS,n,2,299.06,2.32,D,0
38.46689,23.04618,343.91,0.39,0.36,2022-10-02,1122,N,VIIRS,n,2,309.11,5.08,D,0
38.41132,21.3865,347.95,0.41,0.37,2022-10-02,1122,N,VIIRS,n,2,303.5,5.9,D,0
38.13277,21.44433,334.18,0.41,0.37,2022-10-02,1122,N,VIIRS,n,2,302.99,3.06,D,0
38.12939,21.44528,335.36,0.41,0.37,2022-10-02,1122,N,VIIRS,n,2,304.18,1.98,D,0
38.13021,21.44996,335.51,0.41,0.37,2022-10-02,1122,N,VIIRS,n,2,303.38,1.98,D,0
38.34489,23.41851,336.08,0.39,0.36,2022-10-02,1122,N,VIIRS,n,2,306.81,1.28,D,0
38.34091,23.41498,336.17,0.39,0.36,2022-10-02,1122,N,VIIRS,n,2,305.96,1.69,D,0
38.80127,21.12897,342.98,0.42,0.37,2022-10-02,1122,N,VIIRS,n,2,304.25,7.1,D,0
38.80014,21.13113,343.08,0.42,0.37,2022-10-02,1122,N,VIIRS,n,2,303.91,3.66,D,0
38.81964,21.12039,343.66,0.42,0.37,2022-10-02,1122,N,VIIRS,n,2,304.67,3.11,D,0
38.82304,21.11943,348.79,0.42,0.37,2022-10-02,1122,N,VIIRS,n,2,304.62,3.11,D,0
38.84776,21.13814,342.53,0.42,0.37,2022-10-02,1122,N,VIIRS,n,2,302.36,4.04,D,0
37.65586,21.59675,336.67,0.41,0.37,2022-10-02,1122,N,VIIRS,n,2,302,2.14,D,0
38.3416,23.41936,337.53,0.39,0.36,2022-10-02,1122,N,VIIRS,n,2,304.22,1.73,D,0
39.09593,22.21388,347.31,0.39,0.36,2022-10-02,1122,N,VIIRS,n,2,306.94,4.25,D,0
39.50501,22.50583,299.57,0.33,0.55,2022-10-02,2341,N,VIIRS,n,2,285.39,0.27,N,0
40.69898,22.94975,299.34,0.32,0.54,2022-10-02,2341,N,VIIRS,n,2,288.23,0.46,N,0
39.38611,22.8061,296.87,0.63,0.54,2022-10-02,2341,N,VIIRS,n,2,285.44,0.56,N,2
40.69917,22.95126,297.67,0.47,0.64,2022-10-03,0121,N,VIIRS,n,2,286.24,0.43,N,0
40.28482,23.44616,296.6,0.51,0.66,2022-10-03,0121,N,VIIRS,n,2,285.87,0.58,N,2
39.35632,22.98463,301.14,0.52,0.66,2022-10-03,0121,N,VIIRS,n,2,288.68,0.91,N,2
40.62681,22.33856,326.99,0.52,0.42,2022-10-03,1104,N,VIIRS,n,2,290.1,3.64,D,0
41.07282,23.50989,328.46,0.46,0.39,2022-10-03,1104,N,VIIRS,n,2,299.46,1.21,D,0
40.983,25.42936,336.69,0.41,0.37,2022-10-03,1104,N,VIIRS,n,2,301.41,13.9,D,0
38.07864,23.63512,323.88,0.35,0.57,2022-10-04,0103,N,VIIRS,n,2,286.61,1.42,N,0
38.03024,23.6049,304.13,0.35,0.56,2022-10-04,0103,N,VIIRS,n,2,288.68,1.08,N,0
37.91796,23.07262,304.3,0.33,0.55,2022-10-04,0103,N,VIIRS,n,2,290.78,1.25,N,2
38.07767,23.63642,321.41,0.35,0.57,2022-10-04,0103,N,VIIRS,n,2,286.9,1.53,N,0
37.84085,21.30257,335.69,0.39,0.59,2022-10-04,1044,N,VIIRS,n,2,300.9,2.87,D,0
37.84238,21.30262,331.56,0.39,0.59,2022-10-04,1044,N,VIIRS,n,2,299.44,2.52,D,0
41.21463,23.22544,326.49,0.51,0.49,2022-10-04,1045,N,VIIRS,l,2,298.02,4.71,D,0
39.35487,22.98421,303.2,0.53,0.42,2022-10-05,0044,N,VIIRS,n,2,283.87,2.31,N,2
38.37238,24.06103,300.71,0.41,0.45,2022-10-05,0044,N,VIIRS,n,2,286.58,0.85,N,2
40.28493,23.44721,297.55,0.53,0.42,2022-10-05,0044,N,VIIRS,n,2,284.89,0.81,N,2
40.70613,22.81682,298.07,0.49,0.41,2022-10-05,0044,N,VIIRS,n,2,283.68,1.13,N,0
38.12732,23.52481,295.91,0.39,0.44,2022-10-05,0044,N,VIIRS,n,2,285.51,0.34,N,2
35.31631,24.45134,367,0.35,0.57,2022-10-05,1205,N,VIIRS,h,2,295.66,13.69,D,0
35.3216,24.451,348.37,0.35,0.57,2022-10-05,1205,N,VIIRS,n,2,296.48,13.69,D,0
35.31659,24.45554,367,0.35,0.57,2022-10-05,1205,N,VIIRS,h,2,293.43,18.09,D,0
35.32188,24.45516,367,0.35,0.57,2022-10-05,1205,N,VIIRS,h,2,297.62,18.09,D,0
40.66568,22.33483,327.11,0.6,0.53,2022-10-05,1207,N,VIIRS,n,2,295.25,3.67,D,0
40.66073,22.33535,335,0.6,0.53,2022-10-05,1207,N,VIIRS,n,2,296.59,3.67,D,0
40.66144,22.33462,343.57,0.6,0.53,2022-10-05,1207,N,VIIRS,n,2,296.76,5.49,D,0
40.28431,23.44275,301.54,0.39,0.36,2022-10-06,0025,N,VIIRS,n,2,285.01,0.36,N,2
40.69828,22.95176,296.15,0.38,0.36,2022-10-06,0025,N,VIIRS,n,2,284.94,0.3,N,0
40.70676,22.81291,307.14,0.38,0.36,2022-10-06,0025,N,VIIRS,n,2,284.35,1.4,N,2
39.38782,22.80915,295.04,0.39,0.36,2022-10-06,0025,N,VIIRS,n,2,283.41,0.4,N,2
38.37304,24.06111,300.24,0.41,0.37,2022-10-06,0025,N,VIIRS,n,2,284.04,0.53,N,2
39.42549,22.49147,306.06,0.48,0.4,2022-10-07,0006,N,VIIRS,n,2,280.56,1.26,N,0
40.70589,22.8124,301.57,0.48,0.4,2022-10-07,0006,N,VIIRS,n,2,283.43,0.81,N,2
38.12971,23.52601,304.6,0.43,0.38,2022-10-07,0007,N,VIIRS,n,2,288.34,0.84,N,2
37.66229,21.61802,334.47,0.39,0.36,2022-10-07,1128,N,VIIRS,n,2,298.56,1.88,D,0
39.4815,22.49634,337.84,0.39,0.36,2022-10-07,1128,N,VIIRS,n,2,305.17,3.02,D,0
39.41247,22.41537,327.12,0.38,0.36,2022-10-07,1128,N,VIIRS,l,2,302,1.76,D,0
38.4553,21.15812,334.96,0.39,0.36,2022-10-07,1128,N,VIIRS,n,2,304.84,13.07,D,0
39.21786,22.47381,332.65,0.38,0.36,2022-10-07,1128,N,VIIRS,n,2,300.59,2.81,D,0
38.45458,21.15372,356.15,0.39,0.36,2022-10-07,1128,N,VIIRS,n,2,309.79,13.07,D,0
37.66559,21.6172,329.21,0.39,0.36,2022-10-07,1128,N,VIIRS,n,2,297.67,1.67,D,0
41.04419,23.37027,329.92,0.4,0.37,2022-10-07,1129,N,VIIRS,n,2,301.52,2.76,D,0
40.70584,22.81339,333.49,0.39,0.36,2022-10-07,1129,N,VIIRS,n,2,302.59,1.47,D,2
39.46677,22.52006,296.91,0.54,0.51,2022-10-07,2347,N,VIIRS,n,2,281.27,0.8,N,0
40.28593,23.44253,298.86,0.49,0.49,2022-10-07,2347,N,VIIRS,n,2,286.12,0.47,N,2
38.13052,23.52663,300.3,0.46,0.47,2022-10-07,2348,N,VIIRS,n,2,286.65,0.53,N,2
38.13107,23.52283,301.17,0.46,0.47,2022-10-07,2348,N,VIIRS,n,2,286.47,0.99,N,2
38.37415,24.06013,302.8,0.43,0.46,2022-10-07,2348,N,VIIRS,n,2,288.87,1.1,N,2
40.68299,22.89157,300.72,0.56,0.69,2022-10-08,0127,N,VIIRS,n,2,282.63,0.84,N,0
39.3875,22.80756,303.66,0.6,0.71,2022-10-08,0128,N,VIIRS,n,2,281.41,0.58,N,2
39.35472,22.98111,297.42,0.62,0.71,2022-10-08,0128,N,VIIRS,n,2,285.34,1.21,N,2
39.38705,22.8054,304.74,0.6,0.71,2022-10-08,0128,N,VIIRS,n,2,281.17,0.63,N,2
37.82447,21.25117,345.41,0.56,0.43,2022-10-08,1109,N,VIIRS,n,2,303.61,7.78,D,0
37.8206,21.25243,345.38,0.56,0.43,2022-10-08,1109,N,VIIRS,n,2,304.14,8.89,D,0
37.82966,21.27608,332.64,0.56,0.43,2022-10-08,1109,N,VIIRS,n,2,302.33,6.23,D,0
37.93798,21.22577,338.98,0.56,0.43,2022-10-08,1109,N,VIIRS,n,2,305.41,24.26,D,0
39.48214,22.23621,342.34,0.48,0.4,2022-10-08,1110,N,VIIRS,n,2,307.53,9.25,D,0
39.20059,22.44924,327.58,0.47,0.4,2022-10-08,1110,N,VIIRS,l,2,301.65,4.25,D,0
39.19699,22.45029,333.97,0.47,0.4,2022-10-08,1110,N,VIIRS,l,2,305.29,4.25,D,0
39.38623,22.80694,330.86,0.45,0.39,2022-10-08,1110,N,VIIRS,n,2,305.56,1.82,D,2
41.11911,26.3243,331.8,0.38,0.36,2022-10-08,1110,N,VIIRS,n,2,294.25,1.69,D,0
40.34973,22.59567,333.22,0.45,0.39,2022-10-08,1110,N,VIIRS,n,2,301.84,3.44,D,0
40.96429,26.35299,341.9,0.38,0.36,2022-10-08,1110,N,VIIRS,n,2,301.29,10.32,D,0
39.48107,22.23071,335.84,0.48,0.4,2022-10-08,1110,N,VIIRS,n,2,304.15,4.29,D,0
38.12693,23.52284,296.58,0.42,0.61,2022-10-08,2329,N,VIIRS,n,2,281.84,0.53,N,2
38.03308,23.60653,298.89,0.42,0.61,2022-10-09,0109,N,VIIRS,n,2,287.4,1.08,N,0
38.37408,24.0596,295.25,0.43,0.62,2022-10-09,0109,N,VIIRS,n,2,281.71,1.07,N,2
39.35625,22.98626,295.86,0.36,0.57,2022-10-09,0109,N,VIIRS,n,2,280.6,0.39,N,0
38.03045,23.60638,300.3,0.42,0.61,2022-10-09,0109,N,VIIRS,n,2,287.26,0.64,N,0
39.27702,22.5375,341.84,0.51,0.49,2022-10-09,1051,N,VIIRS,n,2,305.45,6.27,D,0
39.28143,22.53572,336,0.51,0.49,2022-10-09,1051,N,VIIRS,n,2,302.47,3.92,D,0
40.09825,21.41988,327.58,0.56,0.51,2022-10-09,1051,N,VIIRS,n,2,301.08,3,D,0
41.49313,26.61121,327.46,0.46,0.39,2022-10-09,1051,N,VIIRS,n,2,290.49,1.95,D,0
39.48657,22.56492,356.55,0.66,0.73,2022-10-09,1231,N,VIIRS,n,2,301.41,11.37,D,0
39.48629,22.56295,356.36,0.66,0.73,2022-10-09,1232,N,VIIRS,n,2,301.5,7.87,D,0
39.35615,22.9868,300.12,0.42,0.45,2022-10-10,0050,N,VIIRS,n,2,287.81,0.81,N,0
39.35207,22.98548,299.39,0.42,0.45,2022-10-10,0050,N,VIIRS,n,2,288.47,1.37,N,2
37.91861,23.0729,303.29,0.45,0.47,2022-10-10,0051,N,VIIRS,n,2,291.04,1.5,N,2
38.03342,23.60417,299.16,0.48,0.48,2022-10-10,0051,N,VIIRS,n,2,288.92,1.11,N,0
41.10874,24.815,329.71,0.61,0.54,2022-10-10,1032,N,VIIRS,n,2,285.44,7.85,D,0
39.49926,22.08224,336.54,0.46,0.64,2022-10-10,1032,N,VIIRS,n,2,285.35,3.87,D,0
41.10868,24.82144,347.29,0.61,0.54,2022-10-10,1032,N,VIIRS,n,2,296.06,26.78,D,0
41.10566,24.82353,335.55,0.61,0.54,2022-10-10,1032,N,VIIRS,n,2,293.31,4.58,D,0
41.11053,24.82191,340.84,0.61,0.54,2022-10-10,1032,N,VIIRS,n,2,290.6,15.14,D,0
39.38174,22.55585,356.03,0.37,0.58,2022-10-10,1212,N,VIIRS,n,2,299.71,6.75,D,0
38.68899,21.23973,330.68,0.61,0.54,2022-10-10,1212,N,VIIRS,n,2,295.78,5.74,D,0
38.68863,21.23856,336.49,0.61,0.54,2022-10-10,1212,N,VIIRS,n,2,296.01,3.77,D,0
39.47614,21.82707,326.64,0.34,0.56,2022-10-10,1213,N,VIIRS,n,2,297.68,1.11,D,0
39.354,22.98643,304.39,0.41,0.37,2022-10-11,0031,N,VIIRS,n,2,282.51,0.71,N,2
38.03118,23.60481,302.81,0.44,0.38,2022-10-11,0032,N,VIIRS,n,2,288.48,1.03,N,0
38.12984,23.52579,302.64,0.44,0.38,2022-10-11,0032,N,VIIRS,n,2,288.03,0.85,N,2
38.12999,23.52532,302.3,0.39,0.36,2022-10-12,0013,N,VIIRS,n,2,282.97,1.05,N,2
37.94565,23.87895,297.25,0.39,0.36,2022-10-12,0013,N,VIIRS,n,2,284.89,0.23,N,0
37.87725,21.32406,333.24,0.38,0.36,2022-10-12,1134,N,VIIRS,n,2,301.5,2.35,D,0
40.77472,26.13377,346.28,0.56,0.43,2022-10-12,1135,N,VIIRS,n,2,294.15,9.82,D,0
38.1307,23.52322,305.05,0.38,0.43,2022-10-12,2354,N,VIIRS,n,2,287.15,0.96,N,2
39.38602,22.80518,295.4,0.43,0.46,2022-10-12,2354,N,VIIRS,n,2,284.82,0.54,N,2
40.284,23.44332,298.6,0.41,0.45,2022-10-12,2354,N,VIIRS,n,2,284.09,0.54,N,2
38.29129,23.26054,340.74,0.41,0.37,2022-10-13,1115,N,VIIRS,n,2,300.55,3.6,D,0
37.86842,21.34337,334.7,0.47,0.4,2022-10-13,1115,N,VIIRS,n,2,297.62,2.12,D,0
37.82577,21.29998,344.8,0.48,0.4,2022-10-13,1115,N,VIIRS,n,2,299.23,11.28,D,0
38.03024,21.31935,355.13,0.47,0.4,2022-10-13,1115,N,VIIRS,n,2,299.39,14.54,D,0
38.03383,21.31825,341.07,0.47,0.4,2022-10-13,1115,N,VIIRS,n,2,296.79,14.54,D,0
38.03124,21.32465,345.42,0.47,0.4,2022-10-13,1115,N,VIIRS,n,2,298.34,14.54,D,0
39.41738,21.98932,328.81,0.43,0.38,2022-10-13,1116,N,VIIRS,n,2,297.65,1.85,D,0
39.55531,22.4057,325.55,0.42,0.37,2022-10-13,1116,N,VIIRS,l,2,298.74,2.18,D,0
40.96946,24.88929,332.49,0.38,0.36,2022-10-13,1116,N,VIIRS,n,2,299.73,2.91,D,0
39.55191,22.40671,336.22,0.42,0.37,2022-10-13,1116,N,VIIRS,n,2,299.16,2.18,D,0
39.49221,22.5879,329.3,0.41,0.37,2022-10-13,1116,N,VIIRS,n,2,295.08,2.98,D,0
39.23865,22.64568,345.22,0.41,0.37,2022-10-13,1116,N,VIIRS,n,2,301.33,8.48,D,0
39.23525,22.6466,347.3,0.41,0.37,2022-10-13,1116,N,VIIRS,n,2,301.77,8.48,D,0
39.23651,22.73512,325.91,0.41,0.37,2022-10-13,1116,N,VIIRS,n,2,296.56,3.77,D,0
39.23733,22.73983,333.59,0.41,0.37,2022-10-13,1116,N,VIIRS,n,2,298.29,3.77,D,0
39.23395,22.7408,331.33,0.41,0.37,2022-10-13,1116,N,VIIRS,n,2,295.31,1.96,D,0
38.03316,21.31611,334.86,0.47,0.4,2022-10-13,1116,N,VIIRS,n,2,297.8,2.92,D,0
38.03419,21.3214,329.65,0.47,0.4,2022-10-13,1116,N,VIIRS,n,2,295.12,4.17,D,0
38.02958,21.31721,338.91,0.47,0.4,2022-10-13,1116,N,VIIRS,n,2,297.17,5.13,D,0
38.0306,21.32249,354.96,0.47,0.4,2022-10-13,1116,N,VIIRS,n,2,300.8,32.83,D,0
38.0557,21.39481,330.43,0.38,0.58,2022-10-15,1218,N,VIIRS,n,2,292.76,1.67,D,0
40.71928,22.9718,329.71,0.48,0.65,2022-10-15,1219,N,VIIRS,n,2,287.8,3.3,D,0
40.70436,22.8142,307.2,0.43,0.38,2022-10-16,0037,N,VIIRS,n,2,284.45,1.4,N,2
40.72894,22.55383,326.42,0.51,0.49,2022-10-16,1200,N,VIIRS,n,2,293.87,2.76,D,0
39.35368,22.98565,303.43,0.39,0.36,2022-10-17,0019,N,VIIRS,n,2,285.65,1.36,N,2
38.13005,23.52649,299.21,0.38,0.36,2022-10-17,0019,N,VIIRS,n,2,286.68,0.3,N,2
40.70459,22.81387,298.38,0.39,0.36,2022-10-17,0019,N,VIIRS,n,2,283.98,0.43,N,2
41.0609,23.35773,346.4,0.5,0.41,2022-10-17,1141,N,VIIRS,n,2,301.66,6.49,D,0
41.05779,23.36444,338.11,0.5,0.41,2022-10-17,1141,N,VIIRS,n,2,300.63,4.74,D,0
41.04338,23.37329,339.46,0.5,0.41,2022-10-17,1141,N,VIIRS,n,2,301.12,4.44,D,0
41.0283,23.37612,344.72,0.5,0.41,2022-10-17,1141,N,VIIRS,n,2,301.73,5.41,D,0
41.15923,25.3078,337.3,0.41,0.45,2022-10-17,1141,N,VIIRS,n,2,294.06,4.76,D,0
41.15513,25.30899,332.93,0.41,0.45,2022-10-17,1141,N,VIIRS,n,2,295.34,4.76,D,0
38.43955,21.18983,336.73,0.4,0.37,2022-10-17,1141,N,VIIRS,n,2,299.94,7.9,D,0
38.45184,21.17763,332.47,0.4,0.37,2022-10-17,1141,N,VIIRS,n,2,298.64,2.9,D,0
38.45122,21.17301,332.01,0.4,0.37,2022-10-17,1141,N,VIIRS,n,2,298.59,1.42,D,0
38.0874,21.42234,350.32,0.41,0.37,2022-10-17,1141,N,VIIRS,n,2,298.76,59.81,D,0
37.86117,21.26804,331.2,0.4,0.37,2022-10-17,1141,N,VIIRS,n,2,299.97,2.6,D,0
41.05713,23.35844,332.84,0.5,0.41,2022-10-17,1141,N,VIIRS,n,2,300.89,6.49,D,0
41.06156,23.36374,337.95,0.5,0.41,2022-10-17,1141,N,VIIRS,n,2,298.72,4.74,D,0
39.16792,22.84254,304.78,0.54,0.42,2022-10-18,0000,N,VIIRS,n,2,282.78,1.28,N,2
40.70764,22.81407,300.67,0.56,0.43,2022-10-18,0000,N,VIIRS,n,2,283.96,1.61,N,2
40.28333,23.4461,300.03,0.52,0.41,2022-10-18,0000,N,VIIRS,n,2,286.12,0.86,N,2
39.38564,22.8068,306.65,0.54,0.42,2022-10-18,0000,N,VIIRS,n,2,281.81,1.07,N,2
38.37437,24.06327,298.09,0.47,0.4,2022-10-18,0000,N,VIIRS,n,2,287,0.87,N,2
36.90887,21.72867,336.25,0.42,0.38,2022-10-18,1121,N,VIIRS,n,2,297.35,2.28,D,0
37.90243,21.2381,343.5,0.42,0.38,2022-10-18,1122,N,VIIRS,n,2,298.89,3.68,D,0
37.12853,21.57444,344.36,0.42,0.38,2022-10-18,1122,N,VIIRS,n,2,296.47,3.78,D,0
39.33932,22.66078,329.96,0.39,0.36,2022-10-18,1122,N,VIIRS,n,2,295.2,5.45,D,0
39.3386,22.65631,329.25,0.39,0.36,2022-10-18,1122,N,VIIRS,n,2,298.94,5.45,D,0
39.38557,22.80747,331.76,0.39,0.36,2022-10-18,1122,N,VIIRS,n,2,297.68,2.44,D,2
40.77156,22.51474,337.21,0.39,0.36,2022-10-18,1122,N,VIIRS,n,2,303.6,3.18,D,0
41.11122,26.31137,330.72,0.43,0.38,2022-10-18,1122,N,VIIRS,n,2,292.46,4.23,D,0
40.98052,26.33058,332.96,0.43,0.38,2022-10-18,1122,N,VIIRS,n,2,295.47,2.25,D,0
40.29961,21.90909,342.69,0.39,0.36,2022-10-18,1122,N,VIIRS,n,2,298.02,4.58,D,0
39.88401,20.60065,336.64,0.42,0.38,2022-10-18,1122,N,VIIRS,n,2,295.68,1.99,D,0
39.54723,22.45997,340.72,0.39,0.36,2022-10-18,1122,N,VIIRS,n,2,300.78,5.2,D,0
39.43849,22.64469,331.92,0.39,0.36,2022-10-18,1122,N,VIIRS,n,2,297.39,4.28,D,0
37.13195,21.57348,328.16,0.42,0.38,2022-10-18,1122,N,VIIRS,n,2,296.44,9.91,D,3
37.90158,21.43662,332.37,0.42,0.37,2022-10-18,1122,N,VIIRS,n,2,300.4,2,D,0
39.19761,22.65059,330.88,0.39,0.36,2022-10-18,1122,N,VIIRS,n,2,295.03,1.59,D,0
40.70768,22.81322,298.32,0.32,0.55,2022-10-18,2341,N,VIIRS,n,2,284.58,0.58,N,2
40.66346,22.86305,311.28,0.32,0.55,2022-10-18,2341,N,VIIRS,n,2,281.32,1.15,N,0
39.3545,22.98586,299.33,0.51,0.66,2022-10-19,0121,N,VIIRS,n,2,285.27,1.81,N,2
39.35448,22.9862,297.21,0.51,0.66,2022-10-19,0121,N,VIIRS,n,2,284.57,1.08,N,2
40.70527,22.81699,295.32,0.46,0.64,2022-10-19,0121,N,VIIRS,n,2,281.73,0.92,N,0
38.14169,23.97869,343.88,0.49,0.4,2022-10-19,1103,N,VIIRS,n,2,298.41,7.03,D,0
39.17101,22.30232,331.04,0.56,0.43,2022-10-19,1103,N,VIIRS,n,2,300.65,2.89,D,0
39.35184,21.89236,330.76,0.39,0.44,2022-10-19,1103,N,VIIRS,n,2,297.46,1.83,D,0
39.58949,22.34363,334.57,0.55,0.42,2022-10-19,1103,N,VIIRS,n,2,301.58,3.58,D,0
39.58886,22.34208,335.02,0.55,0.42,2022-10-19,1103,N,VIIRS,n,2,301.41,3.14,D,0
39.34792,21.89375,331.47,0.39,0.44,2022-10-19,1103,N,VIIRS,n,2,298.18,1.83,D,0
39.22084,22.54103,326.02,0.54,0.42,2022-10-19,1103,N,VIIRS,n,2,295.56,3.13,D,0
38.45291,21.17143,336.64,0.43,0.46,2022-10-19,1103,N,VIIRS,n,2,298.63,3.32,D,0
38.45039,21.17562,332.66,0.44,0.46,2022-10-19,1103,N,VIIRS,n,2,300.22,2.01,D,0
41.02382,26.37218,348.04,0.39,0.36,2022-10-19,1104,N,VIIRS,n,2,294.63,8.03,D,0
40.04953,21.61247,326.41,0.38,0.44,2022-10-19,1104,N,VIIRS,n,2,296.84,2.03,D,0
40.04436,21.66711,330.38,0.38,0.43,2022-10-19,1104,N,VIIRS,n,2,296.82,2.6,D,0
41.6476,26.16337,337.74,0.39,0.36,2022-10-19,1104,N,VIIRS,n,2,297.59,1.64,D,0
41.65675,26.36515,332.32,0.39,0.36,2022-10-19,1104,N,VIIRS,n,2,300.41,1.66,D,0
41.63209,26.28799,328.97,0.39,0.36,2022-10-19,1104,N,VIIRS,n,2,301.56,1.99,D,0
41.09,23.38437,335.97,0.47,0.4,2022-10-19,1104,N,VIIRS,n,2,299.58,2.55,D,0
41.08432,23.37461,332.78,0.47,0.4,2022-10-19,1104,N,VIIRS,n,2,298.6,2.86,D,0
41.08538,23.38009,326,0.47,0.4,2022-10-19,1104,N,VIIRS,l,2,297.42,6.83,D,0
41.08075,23.37581,329.92,0.47,0.4,2022-10-19,1104,N,VIIRS,l,2,299.95,2.86,D,0
41.05259,23.36778,332.61,0.47,0.4,2022-10-19,1104,N,VIIRS,n,2,299.16,4.94,D,0
41.05578,23.38422,326.54,0.47,0.4,2022-10-19,1104,N,VIIRS,l,2,299.52,1.99,D,0
41.04864,23.38662,343.44,0.47,0.4,2022-10-19,1104,N,VIIRS,n,2,299.32,4.67,D,0
41.08136,26.32157,331.78,0.39,0.36,2022-10-19,1104,N,VIIRS,n,2,297.26,1.5,D,0
41.02052,26.37314,355.24,0.39,0.36,2022-10-19,1104,N,VIIRS,n,2,298.29,8.03,D,0
40.94413,26.21402,335.4,0.4,0.37,2022-10-19,1104,N,VIIRS,n,2,298.55,1.63,D,0
40.06026,21.60358,331.8,0.38,0.44,2022-10-19,1104,N,VIIRS,n,2,297.2,2.77,D,0
39.38469,22.80931,295.11,0.58,0.52,2022-10-20,0103,N,VIIRS,n,2,280.62,0.95,N,2
37.91998,23.07056,306.59,0.33,0.55,2022-10-20,0103,N,VIIRS,n,2,288.97,1.31,N,2
37.919,23.07436,299.85,0.33,0.55,2022-10-20,0103,N,VIIRS,n,2,289.4,1.06,N,2
39.37278,22.56207,337.16,0.61,0.54,2022-10-20,1045,N,VIIRS,n,2,296.37,5.23,D,0
39.37103,22.55507,339.47,0.61,0.54,2022-10-20,1045,N,VIIRS,n,2,296.69,5.23,D,0
41.03915,23.4084,347.72,0.51,0.49,2022-10-20,1045,N,VIIRS,n,2,299.49,8.81,D,0
41.03338,23.40437,330.07,0.51,0.49,2022-10-20,1045,N,VIIRS,n,2,298.97,8.81,D,0
41.03477,23.41022,352.32,0.51,0.49,2022-10-20,1045,N,VIIRS,n,2,301.77,8.81,D,0
41.05825,24.80814,367,0.43,0.46,2022-10-20,1045,N,VIIRS,h,2,307.15,30.94,D,0
41.0546,24.81094,328.64,0.43,0.46,2022-10-20,1045,N,VIIRS,l,2,299.22,3.53,D,0
39.52237,22.45542,346.19,0.61,0.54,2022-10-20,1045,N,VIIRS,n,2,300.11,7.09,D,0
39.44752,22.18272,334.47,0.32,0.54,2022-10-20,1045,N,VIIRS,n,2,296.58,6.97,D,0
39.20385,22.10679,338.46,0.33,0.55,2022-10-20,1045,N,VIIRS,n,2,297.28,2.36,D,0
39.95275,25.06592,335.91,0.44,0.46,2022-10-20,1045,N,VIIRS,n,2,294.52,4.01,D,0
39.41467,22.38695,334.64,0.62,0.54,2022-10-20,1045,N,VIIRS,n,2,298.65,5.82,D,0
39.3662,22.55676,326.5,0.61,0.54,2022-10-20,1045,N,VIIRS,n,2,299.71,5.23,D,0
39.3149,22.16373,342.1,0.32,0.55,2022-10-20,1045,N,VIIRS,n,2,296.24,3.91,D,0
39.31004,22.16578,344.92,0.32,0.55,2022-10-20,1045,N,VIIRS,n,2,297.94,3.23,D,0
39.03023,21.02415,367,0.44,0.63,2022-10-20,1225,N,VIIRS,h,2,295.52,6.05,D,0
39.03151,21.02656,367,0.44,0.63,2022-10-20,1225,N,VIIRS,h,2,297.35,10.53,D,0
39.03043,21.02944,330.5,0.44,0.63,2022-10-20,1225,N,VIIRS,n,2,295.03,6.05,D,0
39.9533,25.06637,345.25,0.73,0.76,2022-10-20,1225,N,VIIRS,n,2,294.47,9.96,D,0
39.95598,25.06702,335.43,0.74,0.76,2022-10-20,1225,N,VIIRS,n,2,293.68,6.66,D,0
41.03415,23.41128,343,0.61,0.71,2022-10-20,1226,N,VIIRS,n,2,298.2,15.05,D,0
41.02759,23.41896,367,0.61,0.71,2022-10-20,1226,N,VIIRS,h,2,299.65,15.05,D,0
39.35319,22.98627,302.01,0.53,0.42,2022-10-21,0044,N,VIIRS,n,2,286.67,1.04,N,2
40.70453,22.8151,295.15,0.49,0.4,2022-10-21,0044,N,VIIRS,n,2,283.91,0.85,N,2
38.37366,24.06063,303.56,0.41,0.45,2022-10-21,0044,N,VIIRS,n,2,287.56,0.83,N,2
40.53307,22.61188,326.35,0.49,0.65,2022-10-21,1026,N,VIIRS,n,2,289.69,5.17,D,0
40.52738,22.61476,367,0.49,0.65,2022-10-21,1026,N,VIIRS,h,2,292.03,11.04,D,0
40.90918,24.86453,325.3,0.37,0.58,2022-10-21,1026,N,VIIRS,n,2,292.05,3.68,D,0
39.30249,22.15694,326.28,0.55,0.68,2022-10-21,1026,N,VIIRS,n,2,291.51,2.37,D,0
40.90803,24.8603,326.2,0.37,0.58,2022-10-21,1026,N,VIIRS,n,2,290.51,3.68,D,0
40.53294,22.60542,348.68,0.49,0.65,2022-10-21,1026,N,VIIRS,n,2,290.06,5.62,D,0
40.52724,22.60825,330.51,0.49,0.65,2022-10-21,1026,N,VIIRS,n,2,289.43,5.62,D,0
40.5289,22.61377,367,0.49,0.65,2022-10-21,1026,N,VIIRS,h,2,291.52,16.98,D,0
40.53144,22.60636,351.78,0.49,0.65,2022-10-21,1026,N,VIIRS,n,2,290.25,5.17,D,0
40.06207,21.63057,325.91,0.56,0.69,2022-10-21,1026,N,VIIRS,n,2,291.85,3.31,D,0
40.91431,24.86216,356.85,0.37,0.58,2022-10-21,1026,N,VIIRS,n,2,293.05,3.68,D,0
40.91545,24.86638,333.61,0.37,0.58,2022-10-21,1026,N,VIIRS,n,2,291.16,10.04,D,0
38.36635,23.37334,343.46,0.32,0.55,2022-10-21,1206,N,VIIRS,n,2,294.03,1.69,D,0
40.71074,22.47211,334.99,0.61,0.54,2022-10-21,1207,N,VIIRS,n,2,294.97,17.24,D,0
40.71119,22.47951,340.01,0.61,0.54,2022-10-21,1207,N,VIIRS,n,2,295.54,17.24,D,0
40.71115,22.47157,337.56,0.61,0.54,2022-10-21,1207,N,VIIRS,n,2,293.24,11.4,D,0
40.71164,22.47896,340.28,0.61,0.54,2022-10-21,1207,N,VIIRS,n,2,297.24,23.49,D,0
41.07757,23.39578,334.36,0.34,0.56,2022-10-21,1207,N,VIIRS,n,2,294.91,2.38,D,0
41.07794,23.39525,334.97,0.34,0.56,2022-10-21,1207,N,VIIRS,n,2,295.01,1.91,D,0
40.94214,23.59948,330.26,0.35,0.57,2022-10-21,1207,N,VIIRS,n,2,295.13,3.42,D,0
40.93729,23.60853,346.11,0.35,0.57,2022-10-21,1207,N,VIIRS,n,2,297.86,4.18,D,0
40.90979,24.86926,334.13,0.41,0.61,2022-10-21,1207,N,VIIRS,n,2,292.15,5.16,D,0
39.35332,22.98508,306.35,0.39,0.36,2022-10-22,0025,N,VIIRS,n,2,285.55,0.97,N,2
38.37329,24.06122,305.95,0.41,0.37,2022-10-22,0025,N,VIIRS,n,2,285.48,0.86,N,2
37.35541,23.49141,332.83,0.4,0.37,2022-10-22,0026,N,VIIRS,n,2,290.79,3.26,N,0
36.7995,25.87103,304.54,0.48,0.4,2022-10-22,0026,N,VIIRS,n,2,285.63,0.99,N,0
41.22498,25.29146,332.21,0.58,0.7,2022-10-22,1007,N,VIIRS,n,2,284.68,4.88,D,0
39.18271,25.87962,345.87,0.63,0.72,2022-10-22,1007,N,VIIRS,n,2,298.49,10.09,D,0
41.22408,25.2936,327.17,0.58,0.7,2022-10-22,1007,N,VIIRS,n,2,285.06,4.91,D,0
39.54552,21.63028,325.18,0.48,0.4,2022-10-22,1147,N,VIIRS,n,2,294.89,1.89,D,0
37.599,22.40771,333.94,0.49,0.4,2022-10-22,1147,N,VIIRS,n,2,300.47,4.99,D,0
37.59638,22.4114,342.97,0.49,0.4,2022-10-22,1147,N,VIIRS,n,2,302.39,4.42,D,0
37.6001,22.41071,327.07,0.49,0.4,2022-10-22,1147,N,VIIRS,n,2,299.66,4.42,D,0
39.26667,22.29117,331.72,0.5,0.41,2022-10-22,1147,N,VIIRS,n,2,298.04,2.43,D,0
39.33815,22.69343,332.46,0.53,0.42,2022-10-22,1147,N,VIIRS,n,2,301.85,4.92,D,0
39.35092,22.58307,335.7,0.52,0.42,2022-10-22,1147,N,VIIRS,n,2,298.63,5.13,D,0
39.3741,22.36583,327.51,0.51,0.41,2022-10-22,1147,N,VIIRS,l,2,300.57,3.45,D,0
39.42525,22.27585,336.53,0.51,0.41,2022-10-22,1147,N,VIIRS,n,2,297.13,4.46,D,0
39.42904,22.27524,337.03,0.51,0.41,2022-10-22,1147,N,VIIRS,n,2,299.56,4.46,D,0
39.44667,22.26035,330.95,0.51,0.41,2022-10-22,1147,N,VIIRS,n,2,300.68,3.74,D,0
37.59965,22.41326,332.42,0.49,0.4,2022-10-22,1147,N,VIIRS,n,2,300.03,4.99,D,0
41.36953,26.55131,325.99,0.57,0.52,2022-10-22,1148,N,VIIRS,n,2,294.38,3.11,D,0
40.69798,22.47441,328.67,0.53,0.42,2022-10-22,1148,N,VIIRS,n,2,296.39,2.9,D,0
38.79311,23.49649,295.8,0.44,0.38,2022-10-23,0006,N,VIIRS,n,2,284.34,0.64,N,0
39.16632,22.84256,303.67,0.46,0.39,2022-10-23,0006,N,VIIRS,n,2,282.88,1.21,N,2
39.35304,22.9827,298.71,0.46,0.39,2022-10-23,0006,N,VIIRS,n,2,286.27,0.99,N,2
40.70537,22.81626,297.4,0.48,0.4,2022-10-23,0006,N,VIIRS,n,2,285.02,0.84,N,2
41.22198,25.30319,316.57,0.41,0.37,2022-10-23,0006,N,VIIRS,n,2,287.07,1.23,N,0
41.22266,25.29823,307.06,0.41,0.37,2022-10-23,0006,N,VIIRS,n,2,287.83,1.8,N,0
41.22604,25.29912,300.01,0.41,0.37,2022-10-23,0006,N,VIIRS,n,2,286.9,0.68,N,0
38.3734,24.06097,303.83,0.42,0.37,2022-10-23,0007,N,VIIRS,n,2,286.64,0.96,N,2
35.41566,24.67567,345.52,0.39,0.37,2022-10-23,1127,N,VIIRS,n,2,302.84,8.43,D,0
39.41708,21.94253,329.29,0.38,0.36,2022-10-23,1128,N,VIIRS,n,2,300.31,2.05,D,0
39.56629,22.62156,327.84,0.39,0.36,2022-10-23,1128,N,VIIRS,n,2,300.6,1.41,D,0
39.20564,22.58406,332.41,0.39,0.36,2022-10-23,1128,N,VIIRS,n,2,302.49,3.07,D,0
39.20234,22.58487,340.39,0.39,0.36,2022-10-23,1128,N,VIIRS,n,2,302.79,2.97,D,0
39.17262,22.47729,329.4,0.38,0.36,2022-10-23,1128,N,VIIRS,n,2,300.66,1.85,D,0
39.16933,22.4781,329.32,0.38,0.36,2022-10-23,1128,N,VIIRS,n,2,302.15,1.85,D,0
39.17396,22.64703,335.93,0.39,0.36,2022-10-23,1128,N,VIIRS,n,2,304.62,8.71,D,0
39.25826,22.53165,348.95,0.39,0.36,2022-10-23,1128,N,VIIRS,n,2,303.37,5.84,D,0
39.20828,22.55585,331.56,0.39,0.36,2022-10-23,1128,N,VIIRS,n,2,299.38,1.6,D,0
39.34547,22.5944,341.23,0.39,0.36,2022-10-23,1128,N,VIIRS,n,2,305.51,3.05,D,0
39.28563,22.14946,332.93,0.38,0.36,2022-10-23,1128,N,VIIRS,n,2,301.09,2.13,D,0
39.3646,22.53896,333.56,0.39,0.36,2022-10-23,1128,N,VIIRS,n,2,303.29,2.18,D,0
39.36395,22.53452,328.99,0.39,0.36,2022-10-23,1128,N,VIIRS,l,2,303.82,2.18,D,0
39.29847,22.05437,346.26,0.38,0.36,2022-10-23,1128,N,VIIRS,n,2,301.65,6.43,D,0
39.36056,22.37431,334.28,0.38,0.36,2022-10-23,1128,N,VIIRS,n,2,304.94,2.22,D,0
39.39888,22.58574,337.48,0.39,0.36,2022-10-23,1128,N,VIIRS,n,2,301.44,2.65,D,0
39.45204,22.56012,342.8,0.39,0.36,2022-10-23,1128,N,VIIRS,n,2,302.47,4.39,D,0
39.49429,22.56833,334.15,0.39,0.36,2022-10-23,1128,N,VIIRS,n,2,304.1,2.01,D,0
39.49031,22.49535,332.51,0.39,0.36,2022-10-23,1128,N,VIIRS,l,2,305.69,2.75,D,0
40.05102,21.62529,330.42,0.38,0.36,2022-10-23,1129,N,VIIRS,n,2,296.83,2.51,D,0
40.05033,21.62082,333.85,0.38,0.36,2022-10-23,1129,N,VIIRS,n,2,297.89,2.51,D,0
40.06093,21.55971,326.19,0.38,0.36,2022-10-23,1129,N,VIIRS,n,2,298.26,1.21,D,0
40.90989,26.2996,330.21,0.49,0.4,2022-10-23,1129,N,VIIRS,n,2,294.14,1.65,D,0
41.26376,26.3531,333.23,0.5,0.41,2022-10-23,1129,N,VIIRS,n,2,299.63,3.01,D,0
40.96661,23.44473,335.03,0.4,0.37,2022-10-23,1129,N,VIIRS,n,2,296.78,3.48,D,0
41.2224,25.30335,327.73,0.45,0.39,2022-10-23,1129,N,VIIRS,l,2,297.78,4.83,D,0
41.04379,23.36954,334.92,0.4,0.37,2022-10-23,1129,N,VIIRS,n,2,298.12,2.88,D,0
37.0545,25.5421,329.42,0.4,0.37,2022-10-24,1109,N,VIIRS,n,2,298.3,12.81,D,0
38.52661,23.00419,350.84,0.46,0.39,2022-10-24,1109,N,VIIRS,n,2,306.6,28.4,D,0
37.05526,25.54651,334.52,0.4,0.37,2022-10-24,1109,N,VIIRS,n,2,300.55,12.81,D,0
39.24282,22.64976,334.01,0.46,0.39,2022-10-24,1109,N,VIIRS,n,2,302.43,3.89,D,0
39.3278,22.63726,335.89,0.46,0.39,2022-10-24,1109,N,VIIRS,n,2,305.54,7.06,D,0
39.32679,22.63191,334.26,0.46,0.39,2022-10-24,1109,N,VIIRS,n,2,305.56,7.06,D,0
39.35196,22.7249,333.36,0.46,0.39,2022-10-24,1109,N,VIIRS,n,2,301.63,2.22,D,0
39.35187,22.58513,340.4,0.47,0.39,2022-10-24,1109,N,VIIRS,n,2,308.94,18.99,D,0
37.05488,25.54529,338.42,0.4,0.37,2022-10-24,1109,N,VIIRS,n,2,303.54,28.56,D,0
37.05154,25.54629,332.77,0.4,0.37,2022-10-24,1109,N,VIIRS,n,2,299.58,28.56,D,0
40.93567,24.78575,329.8,0.39,0.36,2022-10-24,1110,N,VIIRS,n,2,298.87,1.84,D,0
40.30453,21.26394,333.72,0.51,0.41,2022-10-24,1110,N,VIIRS,n,2,300.16,4.35,D,0
40.72656,22.79738,337.17,0.44,0.38,2022-10-24,1110,N,VIIRS,n,2,301.22,3.96,D,0
40.72643,22.79998,333.85,0.44,0.38,2022-10-24,1110,N,VIIRS,n,2,301.98,3.22,D,0
41.07946,23.72436,343.26,0.41,0.37,2022-10-24,1110,N,VIIRS,n,2,301,5.22,D,0
41.51903,26.38546,332.75,0.38,0.36,2022-10-24,1110,N,VIIRS,n,2,299.23,5.19,D,0
41.51834,26.38088,330.09,0.38,0.36,2022-10-24,1110,N,VIIRS,l,2,301.07,5.74,D,0
41.52025,26.37086,338.94,0.38,0.36,2022-10-24,1110,N,VIIRS,n,2,300.94,3.65,D,0
40.9613,22.90079,337.46,0.43,0.38,2022-10-24,1110,N,VIIRS,n,2,300.51,3.15,D,0
41.1717,24.07378,334.8,0.4,0.37,2022-10-24,1110,N,VIIRS,n,2,298.76,10.28,D,0
41.17213,24.07544,348.91,0.4,0.37,2022-10-24,1110,N,VIIRS,n,2,297.79,5.01,D,0
41.55039,26.3737,332.77,0.38,0.36,2022-10-24,1110,N,VIIRS,n,2,301.06,5.63,D,0
41.56669,26.34554,331.92,0.38,0.36,2022-10-24,1110,N,VIIRS,n,2,298.17,2.65,D,0
40.93848,24.88649,333,0.39,0.36,2022-10-24,1110,N,VIIRS,n,2,298.65,3.45,D,0
39.41507,22.2819,342.49,0.48,0.4,2022-10-24,1110,N,VIIRS,n,2,302.43,5.66,D,0
39.41399,22.28,343.69,0.48,0.4,2022-10-24,1110,N,VIIRS,n,2,301.36,7.1,D,0
39.46458,22.30424,345.45,0.47,0.4,2022-10-24,1110,N,VIIRS,n,2,308.62,15.41,D,0
39.51271,22.23685,329.5,0.48,0.4,2022-10-24,1110,N,VIIRS,l,2,304.11,3.63,D,0
39.9096,21.866,334.67,0.49,0.4,2022-10-24,1110,N,VIIRS,n,2,304.1,4.91,D,0
40.22313,21.81991,327.62,0.48,0.4,2022-10-24,1110,N,VIIRS,n,2,299.28,1.17,D,0
40.34053,21.78015,339.37,0.48,0.4,2022-10-24,1110,N,VIIRS,n,2,300.27,3.87,D,0
40.37482,21.79819,343.19,0.48,0.4,2022-10-24,1110,N,VIIRS,n,2,300.54,5.36,D,0
40.93821,24.90587,337.49,0.39,0.36,2022-10-24,1110,N,VIIRS,n,2,300.05,5.28,D,0
40.70522,22.81224,302.64,0.48,0.64,2022-10-24,2328,N,VIIRS,n,2,286.85,0.94,N,2
38.02993,23.59969,303.52,0.41,0.61,2022-10-24,2329,N,VIIRS,n,2,288.24,0.69,N,0
38.37151,24.06003,300.04,0.43,0.62,2022-10-25,0109,N,VIIRS,n,2,287.1,0.56,N,2
38.03244,23.60581,300.67,0.42,0.61,2022-10-25,0109,N,VIIRS,n,2,289.77,1.12,N,0
38.37278,24.06126,298.84,0.43,0.62,2022-10-25,0109,N,VIIRS,n,2,287.46,0.93,N,2
39.387,22.80972,298.72,0.35,0.57,2022-10-25,0109,N,VIIRS,n,2,285.94,0.5,N,2
39.38647,22.80957,296.45,0.35,0.57,2022-10-25,0109,N,VIIRS,n,2,286.04,0.43,N,2
39.3875,22.80573,297,0.35,0.57,2022-10-25,0109,N,VIIRS,n,2,286.52,0.55,N,2
37.1088,22.00737,297.66,0.36,0.58,2022-10-25,0110,N,VIIRS,n,2,286.99,0.43,N,0
37.90045,21.39606,329.43,0.63,0.54,2022-10-25,1050,N,VIIRS,n,2,298.6,3.71,D,0
37.87946,21.32917,367,0.32,0.55,2022-10-25,1050,N,VIIRS,h,2,300.16,6.85,D,0
39.32775,22.76797,343.64,0.5,0.49,2022-10-25,1051,N,VIIRS,n,2,308.49,43.05,D,0
39.32337,22.76961,348.78,0.5,0.49,2022-10-25,1051,N,VIIRS,n,2,302.85,43.05,D,0
39.99091,21.69769,327.39,0.54,0.51,2022-10-25,1051,N,VIIRS,n,2,297.87,3.76,D,0
39.28144,20.87068,337.62,0.62,0.54,2022-10-25,1051,N,VIIRS,n,2,297.12,3.38,D,0
39.40092,22.5874,329.54,0.51,0.49,2022-10-25,1051,N,VIIRS,n,2,298.77,3.21,D,0
39.46819,22.54336,330.87,0.51,0.49,2022-10-25,1051,N,VIIRS,n,2,299.92,3.6,D,0
39.44124,22.25727,346.23,0.63,0.72,2022-10-25,1231,N,VIIRS,n,2,301.04,7.36,D,0
38.53746,22.98299,327.01,0.68,0.74,2022-10-25,1231,N,VIIRS,n,2,297.71,1.66,D,0
41.05279,23.35996,328.41,0.73,0.76,2022-10-25,1232,N,VIIRS,n,2,296.07,5,D,0
40.53803,22.62142,330.92,0.67,0.73,2022-10-25,1232,N,VIIRS,n,2,294.73,4.01,D,0
39.16782,22.84102,299.09,0.41,0.45,2022-10-26,0050,N,VIIRS,n,2,284.83,1.09,N,2
39.35334,22.98464,306.1,0.41,0.45,2022-10-26,0050,N,VIIRS,n,2,288.99,1.53,N,2
40.28446,23.44563,297.5,0.42,0.45,2022-10-26,0050,N,VIIRS,n,2,285.65,0.47,N,2
39.38851,22.80581,300.85,0.41,0.45,2022-10-26,0050,N,VIIRS,n,2,284.69,0.46,N,0
35.39957,24.87413,357.2,0.43,0.62,2022-10-26,1031,N,VIIRS,n,2,297.06,24.78,D,0
39.37423,22.47876,330.83,0.45,0.63,2022-10-26,1032,N,VIIRS,n,2,299.89,4.33,D,0
41.51659,26.39011,341.92,0.5,0.49,2022-10-26,1032,N,VIIRS,n,2,299.63,6.96,D,0
41.21986,25.29646,339.47,0.58,0.52,2022-10-26,1032,N,VIIRS,n,2,292.1,8.72,D,0
40.2014,22.50529,367,0.42,0.61,2022-10-26,1032,N,VIIRS,h,2,296.37,10.27,D,0
39.3738,22.47928,329.89,0.45,0.63,2022-10-26,1032,N,VIIRS,n,2,299.77,3.45,D,0
39.34499,22.5322,332.11,0.44,0.63,2022-10-26,1032,N,VIIRS,n,2,299.07,3.49,D,0
39.33741,22.76814,328.77,0.43,0.62,2022-10-26,1032,N,VIIRS,n,2,296.53,3.69,D,0
39.336,22.76714,342.97,0.43,0.62,2022-10-26,1032,N,VIIRS,n,2,297.58,3.53,D,0
39.16949,22.70803,330.85,0.44,0.62,2022-10-26,1032,N,VIIRS,n,2,296.71,2.85,D,0
41.52094,26.38821,334.8,0.5,0.49,2022-10-26,1032,N,VIIRS,n,2,297.81,6.96,D,0
40.5414,22.61256,348.02,0.41,0.6,2022-10-26,1032,N,VIIRS,n,2,295.02,4.89,D,0
39.50309,21.65679,345.36,0.33,0.55,2022-10-26,1212,N,VIIRS,n,2,300.8,3.03,D,0
38.52893,22.99706,343.6,0.38,0.59,2022-10-26,1212,N,VIIRS,n,2,301.04,3.74,D,0
39.38296,22.29356,353.43,0.35,0.57,2022-10-26,1212,N,VIIRS,n,2,303.41,4.8,D,0
39.32639,22.14032,349.39,0.35,0.56,2022-10-26,1212,N,VIIRS,n,2,300.37,2.51,D,0
39.34129,22.71817,355.97,0.37,0.58,2022-10-26,1212,N,VIIRS,n,2,299.04,6.88,D,0
39.32653,22.53664,325.91,0.36,0.58,2022-10-26,1212,N,VIIRS,l,2,298.12,2.91,D,0
39.32676,22.5409,325.66,0.36,0.58,2022-10-26,1212,N,VIIRS,l,2,299.4,3.7,D,0
39.33985,22.71763,332.26,0.37,0.58,2022-10-26,1212,N,VIIRS,n,2,296.76,3.79,D,0
39.34011,22.72214,348.68,0.37,0.58,2022-10-26,1212,N,VIIRS,n,2,299.39,6.48,D,0
38.5344,22.99658,337.9,0.38,0.59,2022-10-26,1212,N,VIIRS,n,2,298.66,3.74,D,0
38.36582,23.37089,335.19,0.4,0.6,2022-10-26,1212,N,VIIRS,n,2,297.99,3.09,D,0
39.3243,22.54047,342.29,0.36,0.58,2022-10-26,1212,N,VIIRS,n,2,300.6,4.47,D,0
38.58871,21.29396,344.15,0.61,0.54,2022-10-26,1212,N,VIIRS,n,2,301.73,7.4,D,0
39.38271,22.28938,335.82,0.35,0.57,2022-10-26,1212,N,VIIRS,n,2,302.63,4.8,D,0
39.54754,22.76431,329.37,0.38,0.58,2022-10-26,1212,N,VIIRS,n,2,296.99,1.45,D,0
40.1147,21.52011,325.51,0.33,0.55,2022-10-26,1213,N,VIIRS,l,2,298.27,2.47,D,0
40.93912,22.60626,338.25,0.38,0.59,2022-10-26,1213,N,VIIRS,n,2,299.4,3.31,D,0
40.95055,23.51985,334.89,0.42,0.61,2022-10-26,1213,N,VIIRS,n,2,295.38,2.74,D,0
40.95007,23.52406,334.1,0.42,0.61,2022-10-26,1213,N,VIIRS,n,2,295.58,3.03,D,0
40.8246,22.74341,348.23,0.38,0.59,2022-10-26,1213,N,VIIRS,n,2,299.82,4.18,D,0
40.11491,21.52365,348.67,0.33,0.55,2022-10-26,1213,N,VIIRS,n,2,299.58,4.86,D,0
41.21699,25.30573,302.6,0.46,0.39,2022-10-27,0031,N,VIIRS,n,2,281.87,0.42,N,0
41.21798,25.30065,295,0.46,0.39,2022-10-27,0031,N,VIIRS,n,2,282.74,1.29,N,0
41.22461,25.28576,309.48,0.45,0.39,2022-10-27,0031,N,VIIRS,n,2,283.68,1.12,N,0
39.35334,22.98582,307.77,0.41,0.37,2022-10-27,0031,N,VIIRS,n,2,288.16,1.26,N,2
40.70378,22.81497,296.64,0.4,0.37,2022-10-27,0031,N,VIIRS,n,2,286.29,0.66,N,2
40.7071,22.81594,296.19,0.4,0.37,2022-10-27,0031,N,VIIRS,n,2,285.87,0.44,N,2
37.91833,23.07361,303.5,0.42,0.38,2022-10-27,0032,N,VIIRS,n,2,291.48,1.44,N,2
38.79335,23.4989,297.3,0.43,0.38,2022-10-27,0032,N,VIIRS,n,2,286,0.7,N,0
40.50631,22.61222,338.59,0.69,0.74,2022-10-27,1014,N,VIIRS,n,2,289.85,10.05,D,0
40.49988,22.6158,353.17,0.69,0.74,2022-10-27,1014,N,VIIRS,n,2,289.93,10.05,D,0
40.50599,22.61289,340.99,0.69,0.74,2022-10-27,1014,N,VIIRS,n,2,289.9,8.67,D,0
40.49957,22.61651,352.82,0.69,0.74,2022-10-27,1014,N,VIIRS,n,2,289.74,15.4,D,0
39.32267,22.7226,340.81,0.42,0.45,2022-10-27,1153,N,VIIRS,n,2,308.8,31.57,D,0
38.47092,21.18245,328.22,0.52,0.41,2022-10-27,1153,N,VIIRS,n,2,297.36,2.21,D,0
39.31814,22.62903,341.47,0.41,0.45,2022-10-27,1153,N,VIIRS,n,2,295.6,4.22,D,0
39.32685,22.72196,341.54,0.42,0.45,2022-10-27,1153,N,VIIRS,n,2,294.98,31.57,D,0
38.47268,21.18038,326.96,0.52,0.41,2022-10-27,1153,N,VIIRS,n,2,297.99,2.58,D,0
39.52914,21.92871,342.41,0.38,0.43,2022-10-27,1154,N,VIIRS,n,2,294.08,11.95,D,0
40.21939,21.47388,326.24,0.56,0.43,2022-10-27,1154,N,VIIRS,n,2,294.71,2.73,D,0
40.50074,22.62111,331.18,0.42,0.46,2022-10-27,1154,N,VIIRS,n,2,293.54,4.18,D,0
40.50449,22.6154,330.89,0.42,0.46,2022-10-27,1154,N,VIIRS,n,2,293.66,2.78,D,0
40.50871,22.61476,344.16,0.42,0.46,2022-10-27,1154,N,VIIRS,n,2,293.84,3.86,D,0
40.50824,22.6097,325.42,0.42,0.46,2022-10-27,1154,N,VIIRS,n,2,293.44,3.86,D,0
41.05566,23.35229,325.66,0.47,0.48,2022-10-27,1154,N,VIIRS,n,2,294.99,1.24,D,0
41.42723,26.36577,335.57,0.34,0.56,2022-10-27,1154,N,VIIRS,n,2,293.51,1.41,D,0
39.53687,22.33793,341.37,0.4,0.44,2022-10-27,1154,N,VIIRS,n,2,300.4,9.74,D,0
39.53641,22.33321,338.31,0.4,0.44,2022-10-27,1154,N,VIIRS,n,2,297.63,9.74,D,0
39.5287,21.9242,343.12,0.38,0.43,2022-10-27,1154,N,VIIRS,n,2,298.4,11.95,D,0
40.70572,22.81634,304.01,0.43,0.38,2022-10-28,0012,N,VIIRS,n,2,286.1,0.8,N,2
41.21793,25.30005,301.93,0.39,0.36,2022-10-28,0012,N,VIIRS,n,2,281,0.53,N,0
39.16998,22.84235,300.73,0.41,0.37,2022-10-28,0013,N,VIIRS,n,2,285.23,1.1,N,2
39.16592,22.84636,298.87,0.41,0.37,2022-10-28,0013,N,VIIRS,n,2,283.54,1.12,N,2
37.91808,23.07402,301.88,0.4,0.37,2022-10-28,0013,N,VIIRS,n,2,289.95,0.9,N,2
40.80363,26.1199,325.02,0.77,0.77,2022-10-28,0955,N,VIIRS,n,2,289.54,6.36,D,0
40.81028,26.11598,334.59,0.77,0.77,2022-10-28,0955,N,VIIRS,n,2,289.42,6.36,D,0
38.93329,21.35961,338.1,0.39,0.36,2022-10-28,1134,N,VIIRS,n,2,303.46,65.12,D,0
38.01726,21.30885,346.32,0.38,0.36,2022-10-28,1134,N,VIIRS,n,2,297.54,11.98,D,0
38.02056,21.30807,344,0.38,0.36,2022-10-28,1134,N,VIIRS,n,2,300.53,19.15,D,0
38.92733,21.36564,331.95,0.39,0.36,2022-10-28,1134,N,VIIRS,n,2,297.26,5.97,D,0
38.06267,21.36133,327.38,0.39,0.36,2022-10-28,1134,N,VIIRS,l,2,299.2,1.93,D,0
38.92668,21.3612,328.67,0.39,0.36,2022-10-28,1134,N,VIIRS,l,2,301.44,7.26,D,0
38.93063,21.36483,367,0.39,0.36,2022-10-28,1134,N,VIIRS,l,2,327.8,36.87,D,0
38.93393,21.36399,333.41,0.39,0.36,2022-10-28,1134,N,VIIRS,n,2,294.49,36.87,D,0
40.93371,24.63465,347.16,0.49,0.4,2022-10-28,1135,N,VIIRS,n,2,300.59,7.88,D,0
41.11546,23.34884,342.14,0.44,0.38,2022-10-28,1135,N,VIIRS,n,2,299.47,6.19,D,0
41.11482,23.34361,345.6,0.44,0.38,2022-10-28,1135,N,VIIRS,n,2,301.85,9.41,D,0
40.92035,24.82212,335.4,0.49,0.41,2022-10-28,1135,N,VIIRS,n,2,297.38,2.98,D,0
41.12187,23.3421,326.79,0.44,0.38,2022-10-28,1135,N,VIIRS,l,2,297.56,2.94,D,0
40.57517,22.65587,328.02,0.42,0.37,2022-10-28,1135,N,VIIRS,n,2,295.34,2.89,D,0
40.57174,22.65664,340.7,0.42,0.37,2022-10-28,1135,N,VIIRS,n,2,299.5,8.62,D,0
39.76667,22.41573,330.54,0.4,0.37,2022-10-28,1135,N,VIIRS,n,2,297.14,1.85,D,0
39.44588,22.64733,325.45,0.41,0.37,2022-10-28,1135,N,VIIRS,l,2,297.31,1.68,D,0
39.32753,22.62305,328.07,0.41,0.37,2022-10-28,1135,N,VIIRS,n,2,295.84,2.26,D,0
39.32838,22.62532,326.46,0.41,0.37,2022-10-28,1135,N,VIIRS,n,2,295.96,2.35,D,0
41.00198,23.7225,338.11,0.45,0.39,2022-10-28,1135,N,VIIRS,n,2,303.58,5.49,D,0
40.93676,24.62815,330.52,0.49,0.4,2022-10-28,1135,N,VIIRS,n,2,296.05,2.11,D,0
41.10424,23.34587,335.47,0.44,0.38,2022-10-28,1135,N,VIIRS,n,2,301.22,3.48,D,0
41.10777,23.34511,337.8,0.44,0.38,2022-10-28,1135,N,VIIRS,n,2,300.17,8.33,D,0
41.09141,23.3004,331.56,0.44,0.38,2022-10-28,1135,N,VIIRS,n,2,298.02,4.1,D,0
41.09077,23.29519,329.86,0.44,0.38,2022-10-28,1135,N,VIIRS,n,2,295.28,1.28,D,0
41.22739,25.28321,337,0.52,0.42,2022-10-28,2353,N,VIIRS,n,2,285.57,5.77,N,0
38.12914,23.52388,297.47,0.39,0.44,2022-10-28,2354,N,VIIRS,n,2,286.41,0.31,N,2
39.17018,22.84026,300.91,0.43,0.46,2022-10-28,2354,N,VIIRS,n,2,283.78,1.25,N,2
40.70535,22.81714,296.13,0.65,0.73,2022-10-29,0133,N,VIIRS,n,2,282.27,0.9,N,0
38.02831,21.32491,302.03,0.66,0.73,2022-10-29,0134,N,VIIRS,n,2,284.28,1.81,N,0
38.38969,23.46504,344.64,0.4,0.37,2022-10-29,1115,N,VIIRS,n,2,297.07,3.9,D,0
38.21773,22.98202,337.58,0.42,0.37,2022-10-29,1115,N,VIIRS,n,2,295.17,2.91,D,0
37.96848,21.24894,330.81,0.48,0.4,2022-10-29,1115,N,VIIRS,n,2,296.02,4.18,D,3
38.16473,22.30128,325.8,0.44,0.38,2022-10-29,1115,N,VIIRS,n,2,295.34,1.72,D,0
37.96664,21.25205,333.71,0.48,0.4,2022-10-29,1115,N,VIIRS,n,2,300.66,6.39,D,0
38.50055,23.14681,327.78,0.41,0.37,2022-10-29,1115,N,VIIRS,n,2,295.47,1.53,D,0
38.27972,23.31628,346.34,0.41,0.37,2022-10-29,1115,N,VIIRS,n,2,298.02,3.66,D,0
39.41331,22.22435,330.36,0.42,0.38,2022-10-29,1116,N,VIIRS,n,2,298.54,1.11,D,0
40.30349,21.91252,341.22,0.42,0.38,2022-10-29,1116,N,VIIRS,n,2,297.3,2.83,D,0
40.29817,21.90312,342.56,0.42,0.38,2022-10-29,1116,N,VIIRS,n,2,296.99,4.89,D,0
40.29565,21.90909,353.25,0.42,0.38,2022-10-29,1116,N,VIIRS,n,2,298.06,4.89,D,0
41.22744,25.28,331.37,0.39,0.36,2022-10-29,1116,N,VIIRS,n,2,292.19,1.49,D,0
41.23073,25.27913,330.35,0.39,0.36,2022-10-29,1116,N,VIIRS,n,2,291.82,2.37,D,0
39.16958,22.84148,333.06,0.41,0.37,2022-10-29,1116,N,VIIRS,n,2,300.05,2.79,D,2
39.10144,22.33679,348.94,0.42,0.38,2022-10-29,1116,N,VIIRS,n,2,297.6,5,D,0
39.18479,22.62411,329.6,0.42,0.37,2022-10-29,1116,N,VIIRS,n,2,295.89,2.99,D,0
40.50758,21.74949,341.55,0.43,0.38,2022-10-29,1116,N,VIIRS,n,2,294.07,2.66,D,0
40.68087,22.89236,343.11,0.4,0.37,2022-10-29,1116,N,VIIRS,n,2,298.89,2.78,D,0
39.65057,22.58807,329.09,0.41,0.37,2022-10-29,1116,N,VIIRS,l,2,299.64,1.92,D,0
39.66993,22.63727,337.07,0.41,0.37,2022-10-29,1116,N,VIIRS,n,2,298.99,2.02,D,0
40.6809,22.89566,339.02,0.4,0.37,2022-10-29,1116,N,VIIRS,n,2,298.74,1.73,D,0
40.43114,21.65168,338.82,0.43,0.38,2022-10-29,1116,N,VIIRS,n,2,296.06,10.5,D,0
40.42859,21.65762,345.12,0.43,0.38,2022-10-29,1116,N,VIIRS,n,2,295.07,5.68,D,0
39.68005,22.65434,339.7,0.41,0.37,2022-10-29,1116,N,VIIRS,n,2,300.21,1.56,D,0
40.40794,21.66382,356.55,0.43,0.38,2022-10-29,1116,N,VIIRS,l,2,294.13,9.03,D,0
40.40358,21.6598,337.06,0.43,0.38,2022-10-29,1116,N,VIIRS,n,2,292.55,4.25,D,0
41.0795,25.08456,336.99,0.38,0.36,2022-10-29,1116,N,VIIRS,n,2,300.48,5.99,D,0
39.66589,22.47327,335.24,0.42,0.37,2022-10-29,1116,N,VIIRS,n,2,298.41,1.23,D,0
39.65228,22.39659,352.56,0.42,0.37,2022-10-29,1116,N,VIIRS,n,2,301.04,5.79,D,0
39.60714,21.84372,338.65,0.43,0.38,2022-10-29,1116,N,VIIRS,n,2,299.89,4.69,D,0
39.35455,20.45667,343.65,0.49,0.4,2022-10-29,1116,N,VIIRS,n,2,297.34,4.94,D,0
40.82955,22.62905,325.33,0.4,0.37,2022-10-29,1116,N,VIIRS,n,2,299.63,1.83,D,0
40.8617,22.36678,337.02,0.41,0.37,2022-10-29,1116,N,VIIRS,n,2,297.02,1.82,D,0
41.50422,26.42216,329.51,0.4,0.37,2022-10-29,1116,N,VIIRS,n,2,298.69,1.99,D,0
41.51236,26.40536,330.38,0.4,0.37,2022-10-29,1116,N,VIIRS,n,2,298.51,2.7,D,0
41.00969,22.89547,335.38,0.4,0.37,2022-10-29,1116,N,VIIRS,n,2,298.35,1.32,D,0
41.08882,23.30503,328.76,0.39,0.36,2022-10-29,1116,N,VIIRS,n,2,298.73,1.9,D,0
41.11882,23.33985,342.71,0.39,0.36,2022-10-29,1116,N,VIIRS,n,2,298.81,3.74,D,0
39.30721,22.55519,333.35,0.42,0.37,2022-10-29,1116,N,VIIRS,n,2,300.86,3.89,D,0
39.34111,22.76986,338.57,0.41,0.37,2022-10-29,1116,N,VIIRS,n,2,297.36,3.4,D,0
39.20101,22.5945,332.63,0.42,0.37,2022-10-29,1116,N,VIIRS,n,2,297.88,2.38,D,0
39.18396,22.6194,337.73,0.42,0.37,2022-10-29,1116,N,VIIRS,n,2,295.3,4.15,D,0
39.70959,22.34607,335.2,0.42,0.38,2022-10-29,1116,N,VIIRS,n,2,298.96,2.03,D,0
39.74375,22.47726,338.73,0.41,0.37,2022-10-29,1116,N,VIIRS,n,2,299.53,1.46,D,0
39.45732,22.57155,331.83,0.41,0.37,2022-10-29,1116,N,VIIRS,n,2,298.23,2.21,D,0
40.57622,22.73431,332.29,0.4,0.37,2022-10-29,1116,N,VIIRS,n,2,298.19,3.21,D,0
40.38599,21.70255,338.16,0.43,0.38,2022-10-29,1116,N,VIIRS,n,2,298.43,3.47,D,0
40.87473,24.65128,328.26,0.38,0.36,2022-10-29,1116,N,VIIRS,n,2,296.77,1.4,D,0
40.98104,25.35945,331.67,0.39,0.36,2022-10-29,1116,N,VIIRS,n,2,298.96,3.82,D,0
40.5489,22.67805,344.97,0.4,0.37,2022-10-29,1116,N,VIIRS,n,2,304.27,19.92,D,0
40.54033,22.73308,343.96,0.4,0.37,2022-10-29,1116,N,VIIRS,n,2,301.44,11.88,D,0
40.50426,22.60489,325.97,0.41,0.37,2022-10-29,1116,N,VIIRS,l,2,296.76,3.79,D,0
40.49501,22.61262,334,0.41,0.37,2022-10-29,1116,N,VIIRS,n,2,296.34,3.62,D,0
40.33377,21.96048,337.71,0.42,0.38,2022-10-29,1116,N,VIIRS,n,2,296.98,3.21,D,0
40.33034,21.96143,348.51,0.42,0.38,2022-10-29,1116,N,VIIRS,n,2,298.28,5.13,D,0
41.08018,25.08912,331.77,0.39,0.36,2022-10-29,1116,N,VIIRS,n,2,301.17,5.99,D,0
40.32604,21.95751,337.1,0.42,0.38,2022-10-29,1116,N,VIIRS,n,2,296.36,5.13,D,0
41.11985,23.32507,332.2,0.39,0.36,2022-10-29,1116,N,VIIRS,n,2,299.85,1.86,D,0
41.11908,23.32046,326.22,0.39,0.36,2022-10-29,1116,N,VIIRS,n,2,300.11,1.86,D,0
41.12391,23.32873,327,0.39,0.36,2022-10-29,1116,N,VIIRS,l,2,299.67,2.21,D,0
41.14415,23.40978,330.15,0.39,0.36,2022-10-29,1116,N,VIIRS,n,2,298.79,2.12,D,0
41.12698,23.28436,342.78,0.39,0.36,2022-10-29,1116,N,VIIRS,n,2,297.6,2.72,D,0
41.12622,23.27974,325.32,0.39,0.36,2022-10-29,1116,N,VIIRS,l,2,297.88,2.72,D,0
40.34704,23.19159,344.15,0.4,0.37,2022-10-29,1116,N,VIIRS,n,2,302.87,5.06,D,0
40.68086,22.2597,331.46,0.41,0.37,2022-10-29,1116,N,VIIRS,n,2,297.19,2.6,D,0
40.68002,22.25489,338.34,0.41,0.37,2022-10-29,1116,N,VIIRS,n,2,297.13,2.54,D,0
40.68001,22.2579,335.82,0.41,0.37,2022-10-29,1116,N,VIIRS,n,2,297.03,2.42,D,0
39.30637,22.55044,330.4,0.42,0.37,2022-10-29,1116,N,VIIRS,n,2,296.83,3.89,D,0
39.36813,22.88501,344.8,0.41,0.37,2022-10-29,1116,N,VIIRS,n,2,295.94,2.81,D,0
39.36708,22.88298,346.12,0.41,0.37,2022-10-29,1116,N,VIIRS,n,2,295.86,4.45,D,0
39.34678,22.40501,353.34,0.42,0.38,2022-10-29,1116,N,VIIRS,n,2,297.11,8.65,D,0
39.39293,22.27134,333.04,0.42,0.38,2022-10-29,1116,N,VIIRS,n,2,298.78,1.82,D,0
39.53283,21.95523,327.51,0.43,0.38,2022-10-29,1116,N,VIIRS,n,2,297.24,3.48,D,0
39.53374,21.96016,331.79,0.43,0.38,2022-10-29,1116,N,VIIRS,n,2,299.76,5.78,D,0
39.62004,22.43647,341.63,0.42,0.37,2022-10-29,1116,N,VIIRS,n,2,302.03,2.87,D,0
39.64719,22.58906,332.68,0.41,0.37,2022-10-29,1116,N,VIIRS,n,2,299.43,3.21,D,0
39.66729,22.70284,334.17,0.41,0.37,2022-10-29,1116,N,VIIRS,n,2,298.04,2.83,D,0
39.58637,22.26903,327.14,0.42,0.38,2022-10-29,1116,N,VIIRS,l,2,299.89,1.23,D,0
39.53257,21.95807,335.23,0.43,0.38,2022-10-29,1116,N,VIIRS,n,2,297.74,2.6,D,0
39.58506,22.27226,326.65,0.42,0.38,2022-10-29,1116,N,VIIRS,l,2,301.02,2.42,D,0
39.56218,22.44648,336.74,0.42,0.37,2022-10-29,1116,N,VIIRS,n,2,299.72,1.82,D,0
39.51489,22.20178,346.34,0.42,0.38,2022-10-29,1116,N,VIIRS,n,2,298.71,5.09,D,0
38.84893,22.5386,343.12,0.42,0.38,2022-10-29,1116,N,VIIRS,n,2,296.69,3.73,D,0
39.54771,22.40535,330.37,0.42,0.38,2022-10-29,1116,N,VIIRS,n,2,301.51,0.8,D,0
39.50574,22.27104,331.03,0.42,0.38,2022-10-29,1116,N,VIIRS,n,2,296.39,0.86,D,0
39.55112,22.54523,342.41,0.41,0.37,2022-10-29,1116,N,VIIRS,n,2,298.05,2.24,D,0
39.54087,22.62132,337.62,0.41,0.37,2022-10-29,1116,N,VIIRS,n,2,301.67,2.19,D,0
41.35922,26.55924,327.63,0.4,0.37,2022-10-29,1116,N,VIIRS,n,2,296.5,3.29,D,0
40.78906,22.72078,338.34,0.4,0.37,2022-10-29,1116,N,VIIRS,n,2,301.17,2.21,D,0
41.22875,25.28895,328.57,0.39,0.36,2022-10-29,1116,N,VIIRS,n,2,290.36,4.76,D,0
40.30754,21.89512,337.19,0.42,0.38,2022-10-29,1116,N,VIIRS,n,2,296.76,2.18,D,0
39.52695,22.7249,338.6,0.41,0.37,2022-10-29,1116,N,VIIRS,n,2,298.28,1.43,D,0
40.27608,21.90702,341.89,0.42,0.38,2022-10-29,1116,N,VIIRS,n,2,298.25,2.83,D,0
40.27353,21.91293,341.51,0.42,0.38,2022-10-29,1116,N,VIIRS,n,2,297.53,2.83,D,0
39.73689,22.39863,337.33,0.42,0.37,2022-10-29,1116,N,VIIRS,n,2,298.14,1.42,D,0
41.22439,25.27892,303.54,0.49,0.65,2022-10-30,0114,N,VIIRS,n,2,280.74,2.64,N,0
41.2183,25.299,295.91,0.49,0.65,2022-10-30,0114,N,VIIRS,n,2,280.09,0.66,N,0
41.22559,25.27497,301.71,0.49,0.65,2022-10-30,0114,N,VIIRS,n,2,281.22,2.57,N,0
40.28386,23.44349,297.53,0.43,0.62,2022-10-30,0115,N,VIIRS,n,2,283.53,0.48,N,2
39.35455,22.98549,304.76,0.43,0.62,2022-10-30,0115,N,VIIRS,n,2,285.12,1.04,N,2
39.35271,22.98289,302.06,0.43,0.62,2022-10-30,0115,N,VIIRS,n,2,285.78,0.96,N,2
40.77044,26.13377,339.91,0.43,0.38,2022-10-30,1057,N,VIIRS,n,2,295.22,7.02,D,0
41.11143,23.2817,340.79,0.55,0.42,2022-10-30,1057,N,VIIRS,n,2,296.32,10.38,D,0
41.08625,23.31829,328.32,0.55,0.42,2022-10-30,1057,N,VIIRS,n,2,297.92,3.2,D,0
41.06836,23.44712,325.48,0.54,0.42,2022-10-30,1057,N,VIIRS,l,2,296.02,3.34,D,0
41.06858,23.44855,325.47,0.54,0.42,2022-10-30,1057,N,VIIRS,n,2,295.39,1.6,D,0
41.56501,26.58003,330.49,0.41,0.37,2022-10-30,1057,N,VIIRS,n,2,298.53,1.87,D,0
40.94859,23.58052,343.76,0.53,0.42,2022-10-30,1057,N,VIIRS,n,2,298.19,12.89,D,0
40.71841,22.63181,340.62,0.4,0.44,2022-10-30,1057,N,VIIRS,n,2,298.71,2.33,D,0
41.45456,26.33655,339.66,0.42,0.38,2022-10-30,1057,N,VIIRS,n,2,299.37,3.78,D,0
41.23278,25.28142,338.76,0.46,0.39,2022-10-30,1057,N,VIIRS,n,2,293,12.73,D,0
41.22805,25.27635,337.26,0.46,0.39,2022-10-30,1057,N,VIIRS,n,2,293.98,3.42,D,0
41.22923,25.28242,329.74,0.46,0.39,2022-10-30,1057,N,VIIRS,n,2,293.07,3.42,D,0
40.63084,22.79572,339.22,0.39,0.44,2022-10-30,1057,N,VIIRS,n,2,297.8,4.09,D,0
40.52133,22.60564,338.62,0.4,0.44,2022-10-30,1057,N,VIIRS,n,2,294.61,2.38,D,0
40.51534,22.59785,333.99,0.4,0.44,2022-10-30,1057,N,VIIRS,n,2,296.58,5.69,D,0
40.51735,22.60712,332.04,0.4,0.44,2022-10-30,1057,N,VIIRS,n,2,294.88,2.11,D,0
40.51337,22.60861,335.87,0.4,0.44,2022-10-30,1057,N,VIIRS,n,2,296.39,2.11,D,0
40.93913,24.90256,325.56,0.47,0.4,2022-10-30,1057,N,VIIRS,l,2,297.47,2.64,D,0
40.98117,26.26485,337.59,0.43,0.38,2022-10-30,1057,N,VIIRS,n,2,297.42,2.79,D,0
40.7739,26.13267,344.18,0.43,0.38,2022-10-30,1057,N,VIIRS,n,2,295.46,7.02,D,0
39.83991,22.06724,331.74,0.44,0.46,2022-10-30,1057,N,VIIRS,n,2,298.54,3.32,D,0
39.84104,22.07229,330.08,0.44,0.46,2022-10-30,1057,N,VIIRS,n,2,297.6,3.32,D,0
39.59409,22.29563,328.88,0.43,0.46,2022-10-30,1057,N,VIIRS,n,2,299.37,2.6,D,0
39.6449,22.62784,327.44,0.42,0.45,2022-10-30,1057,N,VIIRS,n,2,299.02,2.83,D,0
39.43629,22.36338,326.35,0.43,0.46,2022-10-30,1057,N,VIIRS,n,2,299.42,1.19,D,0
39.37966,22.32678,340.78,0.44,0.46,2022-10-30,1057,N,VIIRS,n,2,301.79,3.25,D,0
39.42201,22.68051,326.66,0.42,0.45,2022-10-30,1057,N,VIIRS,n,2,297.58,2.77,D,0
39.37843,22.5427,335.67,0.43,0.46,2022-10-30,1057,N,VIIRS,n,2,298.96,3.96,D,0
39.32375,22.59544,351.29,0.43,0.46,2022-10-30,1057,N,VIIRS,n,2,300.93,7.14,D,0
39.27378,22.60934,344.02,0.43,0.46,2022-10-30,1057,N,VIIRS,n,2,303.31,13.63,D,0
39.18857,22.46594,343.59,0.44,0.46,2022-10-30,1057,N,VIIRS,n,2,297.32,7.32,D,0
39.16163,26.03292,327.04,0.46,0.39,2022-10-30,1057,N,VIIRS,n,2,298.78,1.43,D,0
37.96488,21.28394,340.03,0.53,0.5,2022-10-30,1057,N,VIIRS,n,2,301.41,8.69,D,0
37.89229,21.30066,339.76,0.53,0.5,2022-10-30,1057,N,VIIRS,n,2,297.75,3.05,D,0
39.24572,20.80963,333.29,0.64,0.72,2022-10-30,1238,N,VIIRS,n,2,294.89,3.1,D,0
39.63982,22.55313,342.36,0.79,0.78,2022-10-30,1238,N,VIIRS,n,2,294.34,6.55,D,0
39.64111,22.54942,339.57,0.79,0.78,2022-10-30,1238,N,VIIRS,n,2,294.29,7.45,D,0
41.2349,25.28625,314.95,0.53,0.67,2022-10-30,2315,N,VIIRS,n,2,280.86,1.96,N,0
39.35264,22.98167,297.17,0.49,0.49,2022-10-31,0056,N,VIIRS,n,2,285.12,0.99,N,2
38.43925,21.17967,339.86,0.46,0.63,2022-10-31,1038,N,VIIRS,n,2,292.44,3.61,D,0
38.4378,21.1771,331.8,0.46,0.63,2022-10-31,1038,N,VIIRS,n,2,292.61,4.46,D,0
39.24122,22.75562,350.64,0.36,0.58,2022-10-31,1038,N,VIIRS,n,2,295.88,8.68,D,0
40.1769,22.51439,331.08,0.35,0.57,2022-10-31,1038,N,VIIRS,n,2,292.74,1.53,D,0
41.53074,26.20244,330.74,0.43,0.46,2022-10-31,1039,N,VIIRS,n,2,295.84,3.96,D,0
41.10551,23.34814,367,0.61,0.53,2022-10-31,1039,N,VIIRS,h,2,298.39,15.03,D,0
41.23516,25.28858,331.56,0.49,0.48,2022-10-31,1039,N,VIIRS,n,2,289.37,7.06,D,0
40.0051,20.65721,331.52,0.44,0.62,2022-10-31,1039,N,VIIRS,n,2,290.25,4.9,D,0
41.21609,25.30773,347.97,0.49,0.48,2022-10-31,1039,N,VIIRS,n,2,292.16,9.73,D,0
41.37445,26.41605,327.43,0.43,0.46,2022-10-31,1039,N,VIIRS,n,2,293.42,1.86,D,0
41.1114,23.32992,327.33,0.61,0.53,2022-10-31,1039,N,VIIRS,n,2,295.53,2.41,D,0
40.51988,22.60228,334.94,0.34,0.56,2022-10-31,1039,N,VIIRS,n,2,294.01,2.75,D,0
41.10845,23.33904,340.03,0.61,0.53,2022-10-31,1039,N,VIIRS,n,2,295.56,11.48,D,0
41.52339,26.28781,352.97,0.43,0.46,2022-10-31,1039,N,VIIRS,n,2,300.61,16.66,D,0
41.1197,23.34188,340.38,0.61,0.53,2022-10-31,1039,N,VIIRS,n,2,297.65,5.43,D,0
41.55337,26.2037,333.22,0.43,0.46,2022-10-31,1039,N,VIIRS,n,2,295.69,4.12,D,0
41.38266,26.35363,339.66,0.43,0.46,2022-10-31,1039,N,VIIRS,n,2,295.8,6.66,D,0
41.38378,26.35862,336.72,0.43,0.46,2022-10-31,1039,N,VIIRS,n,2,295.7,6.66,D,0
41.11256,23.31374,354.47,0.61,0.53,2022-10-31,1039,N,VIIRS,n,2,300.3,25.72,D,0
41.11024,23.34606,355.17,0.61,0.53,2022-10-31,1039,N,VIIRS,n,2,298.48,11.48,D,0
41.10078,23.35024,342.09,0.61,0.53,2022-10-31,1039,N,VIIRS,n,2,299.38,15.03,D,0
41.52662,26.20401,340.7,0.43,0.46,2022-10-31,1039,N,VIIRS,n,2,296.54,3.96,D,0
38.43897,21.18074,334.31,0.37,0.58,2022-10-31,1218,N,VIIRS,n,2,292.57,2.59,D,0
41.10084,23.34727,337.87,0.5,0.66,2022-10-31,1219,N,VIIRS,n,2,295.04,10.16,D,0
41.12379,23.28482,328.52,0.5,0.66,2022-10-31,1219,N,VIIRS,n,2,294.02,2.59,D,0
41.23618,25.27823,339.07,0.63,0.72,2022-10-31,1219,N,VIIRS,n,2,291.67,7.44,D,0
41.23794,25.27746,337.11,0.63,0.72,2022-10-31,1219,N,VIIRS,n,2,289.95,5.58,D,0
39.36688,22.57323,367,0.44,0.63,2022-10-31,1219,N,VIIRS,h,2,294.77,13.29,D,0
39.59585,22.23026,350.18,0.43,0.62,2022-10-31,1219,N,VIIRS,n,2,293.06,5.69,D,0
39.59637,22.23179,367,0.43,0.62,2022-10-31,1219,N,VIIRS,h,2,294.03,7.27,D,0
39.94012,21.62195,333.3,0.4,0.6,2022-10-31,1219,N,VIIRS,n,2,294.81,3.47,D,0
40.37338,22.40307,333.16,0.44,0.62,2022-10-31,1219,N,VIIRS,n,2,293.25,3.1,D,0
41.09653,23.35382,351.06,0.5,0.66,2022-10-31,1219,N,VIIRS,n,2,297.39,10.79,D,0
41.10269,23.35356,339.2,0.5,0.66,2022-10-31,1219,N,VIIRS,n,2,294.38,13.46,D,0
41.10846,23.34099,347.24,0.5,0.66,2022-10-31,1219,N,VIIRS,n,2,295.79,6.45,D,0
41.10101,23.35343,367,0.5,0.66,2022-10-31,1219,N,VIIRS,h,2,295.73,16.75,D,0
41.10684,23.34084,345.7,0.5,0.66,2022-10-31,1219,N,VIIRS,n,2,296.03,7.46,D,0
41.23731,25.29056,297.26,0.52,0.42,2022-11-01,0037,N,VIIRS,n,2,280.29,0.59,N,0
41.20957,25.3081,307.25,0.52,0.42,2022-11-01,0037,N,VIIRS,n,2,282.32,1.91,N,0
41.21724,25.30981,307.03,0.52,0.42,2022-11-01,0037,N,VIIRS,n,2,281.65,0.95,N,0
40.28431,23.44491,295.89,0.46,0.39,2022-11-01,0037,N,VIIRS,n,2,284.54,0.53,N,2
41.23231,25.29531,296.19,0.52,0.42,2022-11-01,0037,N,VIIRS,n,2,281.12,0.38,N,0
41.23713,25.27222,305.31,0.52,0.42,2022-11-01,0037,N,VIIRS,n,2,281.99,1.87,N,0
41.23592,25.29724,296.16,0.52,0.42,2022-11-01,0037,N,VIIRS,n,2,281.6,0.59,N,0
41.6277,26.25652,308.96,0.56,0.43,2022-11-01,0037,N,VIIRS,n,2,280.84,1.58,N,0
39.35341,22.98249,302.76,0.46,0.39,2022-11-01,0038,N,VIIRS,n,2,286.12,0.97,N,2
38.33906,21.4861,306.61,0.42,0.38,2022-11-01,0038,N,VIIRS,n,2,284.21,0.64,N,0
39.1679,22.84303,295.86,0.45,0.39,2022-11-01,0038,N,VIIRS,n,2,283.66,1.11,N,2
38.80983,23.44308,338.75,0.59,0.7,2022-11-01,1019,N,VIIRS,n,2,291.65,8.42,D,0
38.79743,23.4261,347.03,0.6,0.7,2022-11-01,1019,N,VIIRS,n,2,293.9,7.36,D,0
38.79904,23.42749,336.51,0.6,0.7,2022-11-01,1019,N,VIIRS,n,2,293.69,9.16,D,0
38.80491,23.44668,340.64,0.59,0.7,2022-11-01,1019,N,VIIRS,n,2,294.31,9.5,D,0
38.41105,23.08891,367,0.63,0.72,2022-11-01,1019,N,VIIRS,h,2,297.25,20.47,D,0
37.61494,21.74553,327.08,0.78,0.78,2022-11-01,1019,N,VIIRS,n,2,291.97,5.05,D,0
37.61205,21.73677,325.69,0.78,0.78,2022-11-01,1019,N,VIIRS,n,2,291.3,5.05,D,0
38.29919,23.64298,327.47,0.6,0.71,2022-11-01,1019,N,VIIRS,n,2,295.59,3.21,D,0
38.29876,23.64109,330.5,0.6,0.71,2022-11-01,1019,N,VIIRS,n,2,296.22,2.41,D,0
41.12411,23.31728,334.56,0.52,0.67,2022-11-01,1020,N,VIIRS,n,2,293.37,4.82,D,0
39.16032,22.68402,339.01,0.63,0.72,2022-11-01,1020,N,VIIRS,n,2,293.05,4.56,D,0
39.30304,22.75449,344.3,0.62,0.71,2022-11-01,1020,N,VIIRS,n,2,293.92,6.64,D,0
39.32406,22.7752,340.86,0.62,0.71,2022-11-01,1020,N,VIIRS,n,2,293.09,6.99,D,0
39.33262,22.77941,367,0.62,0.71,2022-11-01,1020,N,VIIRS,h,2,294.62,18.56,D,0
39.33033,22.77215,367,0.62,0.71,2022-11-01,1020,N,VIIRS,h,2,293.23,18.56,D,0
39.31524,22.72421,326.3,0.62,0.72,2022-11-01,1020,N,VIIRS,n,2,292.88,4.31,D,0
39.31312,22.71748,327.09,0.62,0.72,2022-11-01,1020,N,VIIRS,n,2,292.41,4.31,D,0
39.39648,22.73484,331.68,0.62,0.71,2022-11-01,1020,N,VIIRS,n,2,292.64,3.42,D,0
39.33263,22.53401,328.87,0.63,0.72,2022-11-01,1020,N,VIIRS,n,2,292.47,5.09,D,0
39.29765,22.33235,328.17,0.65,0.73,2022-11-01,1020,N,VIIRS,n,2,292.93,4.25,D,0
39.39391,22.28027,335.7,0.65,0.73,2022-11-01,1020,N,VIIRS,n,2,292.01,9.07,D,0
39.39157,22.27296,348.32,0.65,0.73,2022-11-01,1020,N,VIIRS,n,2,293.98,9.07,D,0
39.58784,22.24738,345.9,0.64,0.72,2022-11-01,1020,N,VIIRS,n,2,293.4,6.57,D,0
39.59414,22.24402,333.41,0.64,0.72,2022-11-01,1020,N,VIIRS,n,2,291.74,6.57,D,0
40.88419,26.2086,325.2,0.38,0.59,2022-11-01,1020,N,VIIRS,n,2,292.38,1.23,D,0
41.13908,26.31384,345.6,0.37,0.58,2022-11-01,1020,N,VIIRS,n,2,293.13,2.79,D,0
41.17097,26.30359,342.29,0.37,0.58,2022-11-01,1020,N,VIIRS,n,2,293.73,3.62,D,0
40.97157,24.85039,325.73,0.44,0.62,2022-11-01,1020,N,VIIRS,n,2,292.78,1.41,D,0
40.04343,21.65831,337.66,0.67,0.73,2022-11-01,1020,N,VIIRS,n,2,293.03,5.9,D,0
40.04428,21.65625,332.08,0.67,0.73,2022-11-01,1020,N,VIIRS,n,2,291.6,5.02,D,0
41.44268,26.26946,344.61,0.37,0.58,2022-11-01,1020,N,VIIRS,n,2,295.86,3.62,D,0
41.45633,26.2353,326.89,0.37,0.58,2022-11-01,1020,N,VIIRS,n,2,294.78,1.14,D,0
41.46548,26.22668,343.11,0.37,0.58,2022-11-01,1020,N,VIIRS,n,2,295.41,3.09,D,0
41.23618,25.2953,344.12,0.41,0.61,2022-11-01,1020,N,VIIRS,n,2,288.55,5.84,D,0
40.51773,22.61304,337.51,0.58,0.7,2022-11-01,1020,N,VIIRS,n,2,291.79,6.68,D,0
41.61917,26.3327,343.5,0.36,0.57,2022-11-01,1020,N,VIIRS,n,2,294.67,3.86,D,0
40.17319,21.49259,329.39,0.67,0.74,2022-11-01,1020,N,VIIRS,n,2,292.02,5.62,D,0
41.69187,26.24945,328.17,0.36,0.57,2022-11-01,1020,N,VIIRS,n,2,296.64,1.71,D,0
40.97889,23.52074,329.18,0.51,0.66,2022-11-01,1020,N,VIIRS,n,2,292.01,2.39,D,0
40.99002,23.44735,329.98,0.51,0.66,2022-11-01,1020,N,VIIRS,n,2,293.09,3.51,D,0
40.98467,23.42981,326,0.51,0.66,2022-11-01,1020,N,VIIRS,n,2,292.67,2.57,D,0
41.03279,23.41128,327.49,0.51,0.66,2022-11-01,1020,N,VIIRS,n,2,292.88,4.94,D,0
41.03101,23.4054,329.44,0.51,0.66,2022-11-01,1020,N,VIIRS,n,2,292.82,2.93,D,0
41.03121,23.40911,342.72,0.51,0.66,2022-11-01,1020,N,VIIRS,n,2,293.65,8.08,D,0
40.86562,22.83354,327.45,0.55,0.68,2022-11-01,1020,N,VIIRS,n,2,294.32,2.58,D,0
41.12483,23.31912,333.96,0.52,0.67,2022-11-01,1020,N,VIIRS,n,2,293.5,5.42,D,0
40.94579,22.02849,326.51,0.6,0.71,2022-11-01,1020,N,VIIRS,n,2,290.97,2.36,D,0
37.89134,21.29094,326,0.41,0.45,2022-11-01,1159,N,VIIRS,n,2,298.62,1.19,D,0
37.67418,21.3385,327.58,0.41,0.45,2022-11-01,1159,N,VIIRS,n,2,299.2,3.1,D,0
37.61595,21.74744,354.45,0.43,0.46,2022-11-01,1159,N,VIIRS,n,2,297.65,9.34,D,0
37.61174,21.74827,353.87,0.43,0.46,2022-11-01,1159,N,VIIRS,n,2,300.28,9.34,D,0
37.60749,21.74868,351.25,0.43,0.46,2022-11-01,1159,N,VIIRS,n,2,300.41,4.47,D,0
37.60796,21.75358,333.97,0.43,0.46,2022-11-01,1159,N,VIIRS,n,2,297.9,4.47,D,0
38.3211,21.50173,340.64,0.42,0.45,2022-11-01,1159,N,VIIRS,n,2,299.56,7.98,D,0
38.4301,22.99944,325.09,0.51,0.49,2022-11-01,1159,N,VIIRS,l,2,299.13,1.78,D,0
38.40316,23.06873,355.59,0.51,0.49,2022-11-01,1159,N,VIIRS,n,2,300.57,21.24,D,0
37.92085,21.31675,331.07,0.41,0.45,2022-11-01,1159,N,VIIRS,n,2,300.58,3.85,D,0
38.02378,22.53031,325.54,0.48,0.48,2022-11-01,1159,N,VIIRS,n,2,297.31,2.93,D,0
37.90744,21.28381,325.61,0.41,0.45,2022-11-01,1159,N,VIIRS,n,2,298.37,1.22,D,0
39.34401,22.44667,337.29,0.49,0.48,2022-11-01,1200,N,VIIRS,n,2,299.53,4.78,D,0
39.34451,22.62064,346.96,0.5,0.49,2022-11-01,1200,N,VIIRS,n,2,306.45,36.5,D,0
39.32517,22.43805,331.04,0.49,0.48,2022-11-01,1200,N,VIIRS,n,2,297.89,5.11,D,0
39.32069,22.43865,340.51,0.49,0.48,2022-11-01,1200,N,VIIRS,n,2,300.99,5.11,D,0
39.28184,22.07758,335.4,0.46,0.47,2022-11-01,1200,N,VIIRS,n,2,299.3,4.57,D,0
39.26068,22.39487,349.51,0.48,0.48,2022-11-01,1200,N,VIIRS,n,2,305.46,39.55,D,0
39.24445,22.81163,346.89,0.51,0.49,2022-11-01,1200,N,VIIRS,n,2,294.03,7.02,D,0
39.23988,22.8122,346.15,0.51,0.49,2022-11-01,1200,N,VIIRS,n,2,294.63,6.03,D,0
39.19438,25.96291,367,0.37,0.58,2022-11-01,1200,N,VIIRS,h,2,300.89,16.63,D,0
39.18892,25.963,353.48,0.37,0.58,2022-11-01,1200,N,VIIRS,n,2,312.58,16.63,D,0
39.48648,22.29303,348.24,0.48,0.48,2022-11-01,1200,N,VIIRS,n,2,297.39,6.73,D,0
39.28988,20.58431,329.55,0.39,0.44,2022-11-01,1200,N,VIIRS,n,2,296.82,3.5,D,0
39.44401,22.27016,325.57,0.48,0.48,2022-11-01,1200,N,VIIRS,n,2,298.64,2.78,D,0
39.28627,20.58954,348.91,0.39,0.44,2022-11-01,1200,N,VIIRS,n,2,297.39,3.5,D,0
39.28132,20.58107,336.52,0.39,0.44,2022-11-01,1200,N,VIIRS,n,2,296.26,2.05,D,0
39.47157,22.71735,354.02,0.5,0.49,2022-11-01,1200,N,VIIRS,n,2,301.87,17,D,0
39.27098,20.55955,336.14,0.39,0.44,2022-11-01,1200,N,VIIRS,n,2,297.52,2.01,D,0
39.27365,20.5869,330.77,0.39,0.44,2022-11-01,1200,N,VIIRS,n,2,296.53,1.95,D,0
39.41511,22.1399,329.14,0.47,0.48,2022-11-01,1200,N,VIIRS,n,2,299.49,2.48,D,0
39.24449,20.54078,325.08,0.39,0.44,2022-11-01,1200,N,VIIRS,l,2,296.45,3.74,D,0
39.24484,20.58696,329.42,0.39,0.44,2022-11-01,1200,N,VIIRS,n,2,296.28,2.18,D,0
39.38078,22.56113,340.8,0.49,0.49,2022-11-01,1200,N,VIIRS,n,2,298.74,5.51,D,0
40.76209,22.63094,340.47,0.51,0.5,2022-11-01,1200,N,VIIRS,n,2,297.47,10.78,D,0
40.81511,26.11466,343.81,0.39,0.59,2022-11-01,1200,N,VIIRS,n,2,292.61,3.07,D,0
40.51693,22.61507,339.35,0.51,0.49,2022-11-01,1200,N,VIIRS,n,2,295.16,6.95,D,0
40.00584,20.65973,343.57,0.4,0.44,2022-11-01,1200,N,VIIRS,n,2,298.24,4.48,D,0
39.76997,22.47713,337.99,0.49,0.49,2022-11-01,1200,N,VIIRS,n,2,296.69,3.9,D,0
39.5391,20.24068,335.08,0.57,0.43,2022-11-01,1200,N,VIIRS,n,2,297.46,7.69,D,0
39.62499,21.65764,340.55,0.45,0.47,2022-11-01,1200,N,VIIRS,n,2,301.25,10.24,D,0
39.6007,22.25661,341.52,0.48,0.48,2022-11-01,1200,N,VIIRS,n,2,299.46,8.61,D,0
39.60115,22.26219,349.47,0.48,0.48,2022-11-01,1200,N,VIIRS,n,2,299.37,8.61,D,0
39.59044,22.2409,346.11,0.48,0.48,2022-11-01,1200,N,VIIRS,n,2,301.1,11.06,D,0
39.58554,22.23586,338.68,0.48,0.48,2022-11-01,1200,N,VIIRS,n,2,301.87,11.06,D,0
39.58599,22.2415,341.1,0.48,0.48,2022-11-01,1200,N,VIIRS,n,2,298.68,11.06,D,0
39.57753,22.2483,341.36,0.48,0.48,2022-11-01,1200,N,VIIRS,n,2,300.42,7.69,D,0
39.60558,22.39083,330.66,0.49,0.48,2022-11-01,1200,N,VIIRS,n,2,298.3,2.65,D,0
39.58798,22.23829,353.55,0.48,0.48,2022-11-01,1200,N,VIIRS,n,2,298.76,15.4,D,0
39.58847,22.24391,341.39,0.48,0.48,2022-11-01,1200,N,VIIRS,n,2,303.63,17.27,D,0
39.58353,22.23887,350.32,0.48,0.48,2022-11-01,1200,N,VIIRS,n,2,300.24,6.62,D,0
39.57956,22.24508,328.17,0.48,0.48,2022-11-01,1200,N,VIIRS,n,2,297.64,4.47,D,0
39.57511,22.24564,341.77,0.48,0.48,2022-11-01,1200,N,VIIRS,n,2,300.43,6.31,D,0
39.57066,22.24623,340.47,0.48,0.48,2022-11-01,1200,N,VIIRS,n,2,299.92,6.31,D,0
39.56573,22.24116,345.41,0.48,0.48,2022-11-01,1200,N,VIIRS,n,2,297.96,5.83,D,0
39.56905,22.28037,341.27,0.48,0.48,2022-11-01,1200,N,VIIRS,n,2,299.45,2.61,D,0
39.59649,22.60975,346.54,0.5,0.49,2022-11-01,1200,N,VIIRS,n,2,299.6,13.75,D,0
39.56127,22.24167,341.11,0.48,0.48,2022-11-01,1200,N,VIIRS,n,2,299.76,5.83,D,0
39.56222,22.25284,341.16,0.48,0.48,2022-11-01,1200,N,VIIRS,n,2,300.09,8.07,D,0
39.55777,22.25347,340.76,0.48,0.48,2022-11-01,1200,N,VIIRS,n,2,303.39,7.41,D,0
39.55825,22.25911,328.34,0.48,0.48,2022-11-01,1200,N,VIIRS,l,2,299.99,6.31,D,0
39.48432,22.29115,343.68,0.48,0.48,2022-11-01,1200,N,VIIRS,n,2,299.49,9.22,D,0
39.50338,22.65144,353.23,0.5,0.49,2022-11-01,1200,N,VIIRS,n,2,300.33,8.59,D,0
39.5032,22.65342,341.45,0.5,0.49,2022-11-01,1200,N,VIIRS,n,2,300.89,8.79,D,0
38.60204,21.31738,340.07,0.42,0.45,2022-11-01,1200,N,VIIRS,n,2,300.25,2.95,D,0
38.80666,23.44853,340.72,0.54,0.51,2022-11-01,1200,N,VIIRS,n,2,298.55,7.4,D,0
38.62017,21.28522,331.56,0.42,0.45,2022-11-01,1200,N,VIIRS,n,2,297.11,1.84,D,0
38.80748,22.54108,344.16,0.48,0.48,2022-11-01,1200,N,VIIRS,n,2,298.08,14.51,D,0
38.84,22.49689,345.08,0.48,0.48,2022-11-01,1200,N,VIIRS,n,2,295.65,5.33,D,0
38.96022,23.12006,341.35,0.52,0.5,2022-11-01,1200,N,VIIRS,n,2,296.23,5.25,D,0
41.59252,26.25401,336.82,0.4,0.6,2022-11-01,1200,N,VIIRS,n,2,295.88,2.5,D,0
41.56303,26.36048,339.17,0.41,0.61,2022-11-01,1200,N,VIIRS,n,2,295.62,3.07,D,0
41.1263,23.3226,325.38,0.56,0.52,2022-11-01,1200,N,VIIRS,n,2,295.25,1.86,D,0
41.12102,23.31634,343.69,0.56,0.52,2022-11-01,1200,N,VIIRS,n,2,298.81,7.85,D,0
39.18913,25.96677,340.98,0.37,0.58,2022-11-01,1200,N,VIIRS,n,2,295.37,16.63,D,0
39.19415,25.95873,338.05,0.37,0.58,2022-11-01,1200,N,VIIRS,n,2,297.47,14.92,D,0
38.92623,22.15759,342.49,0.46,0.47,2022-11-01,1200,N,VIIRS,n,2,296.46,6.48,D,0
38.95569,22.1452,325.34,0.46,0.47,2022-11-01,1200,N,VIIRS,n,2,296.93,1.26,D,0
39.22513,26.00985,340.06,0.38,0.58,2022-11-01,1200,N,VIIRS,n,2,298.14,2.82,D,0
39.23347,25.95919,367,0.37,0.58,2022-11-01,1200,N,VIIRS,h,2,303.18,11.05,D,0
39.23371,25.9638,327.33,0.37,0.58,2022-11-01,1200,N,VIIRS,n,2,293.14,11.05,D,0
39.23893,25.95913,367,0.37,0.58,2022-11-01,1200,N,VIIRS,h,2,296.08,10.97,D,0
39.26077,25.95891,352.33,0.37,0.58,2022-11-01,1200,N,VIIRS,n,2,295.2,8.64,D,0
39.26055,25.95487,343.28,0.37,0.58,2022-11-01,1200,N,VIIRS,n,2,295.54,6.04,D,0
39.06262,22.29884,325.85,0.47,0.48,2022-11-01,1200,N,VIIRS,n,2,298.6,2.29,D,0
39.20979,22.60512,351.58,0.49,0.49,2022-11-01,1200,N,VIIRS,n,2,302.09,19.55,D,0
39.20932,22.59915,340.4,0.49,0.49,2022-11-01,1200,N,VIIRS,n,2,299.27,8.58,D,0
41.1215,23.32317,340.95,0.56,0.52,2022-11-01,1200,N,VIIRS,n,2,298.67,7.85,D,0
41.11431,23.28967,340.24,0.56,0.52,2022-11-01,1200,N,VIIRS,n,2,297.88,6.47,D,0
41.23676,25.2744,334.74,0.36,0.57,2022-11-01,1200,N,VIIRS,n,2,291.37,5.41,D,0
41.08789,23.32708,340.41,0.56,0.52,2022-11-01,1200,N,VIIRS,n,2,298.16,8.38,D,0
41.03239,23.42419,341.42,0.57,0.52,2022-11-01,1200,N,VIIRS,n,2,295.87,8,D,0
41.0266,23.41096,344.99,0.57,0.52,2022-11-01,1200,N,VIIRS,n,2,299.65,8.33,D,0
41.02757,23.42474,342.51,0.57,0.52,2022-11-01,1200,N,VIIRS,n,2,296.58,8,D,0
41.00392,23.43436,336.88,0.57,0.52,2022-11-01,1200,N,VIIRS,n,2,297.03,4.83,D,0
41.13156,26.31209,332.17,0.4,0.6,2022-11-01,1200,N,VIIRS,n,2,293.36,1.36,D,0
41.21621,25.29325,315.98,0.39,0.36,2022-11-02,0018,N,VIIRS,n,2,286.67,2.46,N,0
41.23671,25.29419,315.92,0.39,0.36,2022-11-02,0018,N,VIIRS,n,2,285.67,3.02,N,0
41.23594,25.29882,339.24,0.39,0.36,2022-11-02,0018,N,VIIRS,n,2,289.59,3.02,N,0
41.23344,25.2932,300.3,0.39,0.36,2022-11-02,0018,N,VIIRS,n,2,284.77,1.75,N,0
41.2294,25.29681,321.08,0.39,0.36,2022-11-02,0018,N,VIIRS,n,2,284.57,1.75,N,0
41.23015,25.29223,312.96,0.39,0.36,2022-11-02,0018,N,VIIRS,n,2,284.12,1.75,N,0
41.22687,25.29129,296.09,0.39,0.36,2022-11-02,0018,N,VIIRS,n,2,281.96,0.25,N,0
41.21572,25.31698,297.36,0.39,0.36,2022-11-02,0018,N,VIIRS,n,2,284.71,0.42,N,0
41.21697,25.28864,327.92,0.39,0.36,2022-11-02,0018,N,VIIRS,n,2,287.1,2.46,N,0
41.2132,25.31139,305.68,0.39,0.36,2022-11-02,0018,N,VIIRS,n,2,284.67,1.29,N,0
41.21243,25.31604,301.86,0.39,0.36,2022-11-02,0018,N,VIIRS,n,2,285.15,0.42,N,0
40.7069,22.81581,305.33,0.39,0.36,2022-11-02,0018,N,VIIRS,n,2,285.2,0.78,N,2
41.20887,25.30348,298.97,0.39,0.36,2022-11-02,0018,N,VIIRS,n,2,285.93,0.86,N,0
41.21066,25.31347,295.58,0.39,0.36,2022-11-02,0018,N,VIIRS,n,2,284.2,0.39,N,0
41.21142,25.30888,297.18,0.39,0.36,2022-11-02,0018,N,VIIRS,n,2,283.37,0.39,N,0
41.2144,25.29077,304.67,0.39,0.36,2022-11-02,0018,N,VIIRS,n,2,285.86,0.84,N,0
41.21365,25.29536,299.23,0.39,0.36,2022-11-02,0018,N,VIIRS,n,2,285.75,0.84,N,0
41.23267,25.2978,330.87,0.39,0.36,2022-11-02,0018,N,VIIRS,n,2,288.57,1.75,N,0
41.23999,25.29518,310.56,0.39,0.36,2022-11-02,0018,N,VIIRS,n,2,285.27,3.02,N,0
41.23922,25.29981,336.75,0.39,0.36,2022-11-02,0018,N,VIIRS,n,2,289.75,3.02,N,0
41.54759,26.26658,296.05,0.4,0.37,2022-11-02,0018,N,VIIRS,n,2,280.87,0.58,N,0
41.63801,26.27678,301.53,0.4,0.37,2022-11-02,0018,N,VIIRS,n,2,280.28,0.62,N,0
40.70357,22.81497,297.79,0.39,0.36,2022-11-02,0018,N,VIIRS,n,2,285.22,0.78,N,2
37.91811,23.07057,304.15,0.38,0.36,2022-11-02,0019,N,VIIRS,n,2,291.21,1.31,N,2
38.12905,23.52348,301.09,0.38,0.36,2022-11-02,0019,N,VIIRS,n,2,287.28,0.39,N,2
38.47306,21.17833,312.63,0.41,0.37,2022-11-02,0019,N,VIIRS,n,2,285.2,0.99,N,0
39.35335,22.9831,297.97,0.39,0.36,2022-11-02,0019,N,VIIRS,n,2,287.07,0.87,N,2
40.28433,23.44619,296.84,0.39,0.36,2022-11-02,0019,N,VIIRS,n,2,285.7,0.38,N,2
39.38668,22.80565,306.05,0.39,0.36,2022-11-02,0019,N,VIIRS,n,2,284.74,0.81,N,2
39.46347,22.64541,300.46,0.39,0.36,2022-11-02,0019,N,VIIRS,n,2,283.25,0.41,N,0
41.43511,26.32356,332.67,0.61,0.71,2022-11-02,1001,N,VIIRS,n,2,292.43,4.03,D,0
39.18111,26.02533,337.17,0.74,0.76,2022-11-02,1001,N,VIIRS,n,2,293.33,7.99,D,0
39.16235,26.01604,327.77,0.74,0.76,2022-11-02,1001,N,VIIRS,n,2,291.5,4.42,D,0
39.18282,26.02498,342.12,0.74,0.76,2022-11-02,1001,N,VIIRS,n,2,293.06,9.5,D,0
39.16431,26.01617,327.18,0.74,0.76,2022-11-02,1001,N,VIIRS,n,2,291.74,4.37,D,0
41.70052,26.21386,339.33,0.61,0.71,2022-11-02,1001,N,VIIRS,n,2,294.48,4.42,D,0
41.2377,25.30072,343.33,0.69,0.74,2022-11-02,1001,N,VIIRS,n,2,291.3,12.93,D,0
41.2276,25.29357,334.7,0.69,0.74,2022-11-02,1001,N,VIIRS,n,2,289.82,11.87,D,0
41.22976,25.29992,341.91,0.69,0.74,2022-11-02,1001,N,VIIRS,n,2,291.47,11.87,D,0
41.23152,25.3051,330,0.69,0.74,2022-11-02,1001,N,VIIRS,n,2,290.51,12.93,D,0
41.23603,25.29903,335.79,0.69,0.74,2022-11-02,1001,N,VIIRS,n,2,290.94,14.76,D,0
41.23781,25.30436,346.32,0.69,0.74,2022-11-02,1001,N,VIIRS,n,2,292.97,14.85,D,0
41.22793,25.29768,329.74,0.69,0.74,2022-11-02,1001,N,VIIRS,n,2,289.71,6.87,D,0
41.22984,25.30339,332.62,0.69,0.74,2022-11-02,1001,N,VIIRS,n,2,289.73,6.87,D,0
40.9969,24.86718,325.67,0.73,0.76,2022-11-02,1001,N,VIIRS,n,2,294.01,3.63,D,0
41.45021,26.264,326.49,0.61,0.71,2022-11-02,1001,N,VIIRS,n,2,291.73,2.91,D,0
41.44391,26.26703,325.31,0.61,0.71,2022-11-02,1001,N,VIIRS,n,2,293.06,2.19,D,0
41.44621,26.26774,339.58,0.61,0.71,2022-11-02,1001,N,VIIRS,n,2,292.54,4.18,D,0
41.3694,26.38681,332.77,0.61,0.71,2022-11-02,1001,N,VIIRS,n,2,291.93,4.12,D,0
41.41499,26.35117,345.87,0.61,0.71,2022-11-02,1001,N,VIIRS,n,2,293.51,7.1,D,0
41.06017,24.15005,332.34,0.79,0.78,2022-11-02,1001,N,VIIRS,n,2,292.67,6.47,D,0
41.36816,26.38586,327.06,0.61,0.71,2022-11-02,1001,N,VIIRS,n,2,291.73,5.79,D,0
35.17239,25.658,331.93,0.55,0.42,2022-11-02,1140,N,VIIRS,n,2,298.99,4.48,D,0
35.17179,25.65642,333.26,0.55,0.42,2022-11-02,1140,N,VIIRS,n,2,298.2,4.64,D,0
37.28268,21.96416,345.5,0.41,0.37,2022-11-02,1140,N,VIIRS,n,2,303.79,14.32,D,0
37.3061,21.80299,330.82,0.41,0.37,2022-11-02,1140,N,VIIRS,n,2,298.46,5.2,D,0
37.62892,22.35511,333.15,0.43,0.38,2022-11-02,1140,N,VIIRS,n,2,301.4,3.67,D,0
37.53861,21.58816,325.37,0.41,0.37,2022-11-02,1140,N,VIIRS,n,2,298.99,1.56,D,0
37.60904,21.75503,332.83,0.41,0.37,2022-11-02,1140,N,VIIRS,n,2,298.21,3.51,D,0
37.63302,21.64527,330.63,0.41,0.37,2022-11-02,1140,N,VIIRS,n,2,296.93,2.91,D,0
37.6324,21.64065,328.69,0.41,0.37,2022-11-02,1140,N,VIIRS,n,2,298.26,2.91,D,0
37.63086,21.60304,336.71,0.41,0.37,2022-11-02,1140,N,VIIRS,n,2,299.91,6.02,D,0
37.66836,21.38904,329.11,0.4,0.37,2022-11-02,1140,N,VIIRS,n,2,300.56,2.37,D,0
37.69447,21.35054,327.92,0.4,0.37,2022-11-02,1140,N,VIIRS,n,2,298.65,2.41,D,0
37.69785,21.34981,342.21,0.4,0.37,2022-11-02,1140,N,VIIRS,n,2,299.66,4.19,D,0
37.91217,21.31191,333.32,0.4,0.37,2022-11-02,1140,N,VIIRS,n,2,303.31,2.57,D,0
37.95249,21.32669,327.15,0.4,0.37,2022-11-02,1140,N,VIIRS,n,2,297.24,4.35,D,0
37.95186,21.32211,356.6,0.4,0.37,2022-11-02,1140,N,VIIRS,n,2,303.1,4.35,D,0
37.96139,21.31539,335.11,0.4,0.37,2022-11-02,1140,N,VIIRS,n,2,300.45,4.39,D,0
38.3262,23.57472,336.33,0.48,0.4,2022-11-02,1140,N,VIIRS,n,2,302.75,6.15,D,0
38.11639,21.61222,326.6,0.41,0.37,2022-11-02,1140,N,VIIRS,n,2,299.17,1.46,D,0
39.23922,20.49529,326.38,0.4,0.37,2022-11-02,1141,N,VIIRS,n,2,296.3,2.16,D,0
38.11233,21.53329,332.85,0.41,0.37,2022-11-02,1141,N,VIIRS,n,2,300.61,1.79,D,0
38.37931,21.87385,327.29,0.42,0.38,2022-11-02,1141,N,VIIRS,n,2,296.6,1.93,D,0
38.34048,21.57464,341.87,0.41,0.37,2022-11-02,1141,N,VIIRS,n,2,300.51,5.46,D,0
38.55534,23.06707,333.21,0.46,0.39,2022-11-02,1141,N,VIIRS,n,2,305.59,3.25,D,0
38.37214,21.54848,326.83,0.41,0.37,2022-11-02,1141,N,VIIRS,n,2,298.29,1.18,D,0
38.48703,21.18551,332.67,0.4,0.37,2022-11-02,1141,N,VIIRS,n,2,302.46,3.68,D,0
38.81405,23.47966,327.42,0.48,0.4,2022-11-02,1141,N,VIIRS,l,2,300.22,3.36,D,0
38.81951,23.4616,339.91,0.48,0.4,2022-11-02,1141,N,VIIRS,n,2,301.34,13.39,D,0
38.59492,21.31191,343.61,0.41,0.37,2022-11-02,1141,N,VIIRS,n,2,303.32,3.97,D,0
38.79801,22.58726,331.27,0.44,0.39,2022-11-02,1141,N,VIIRS,n,2,298.35,5.04,D,0
39.1683,26.02381,336.42,0.42,0.45,2022-11-02,1141,N,VIIRS,n,2,296.21,3.29,D,0
39.17295,26.02823,337.08,0.42,0.45,2022-11-02,1141,N,VIIRS,n,2,296.69,3.29,D,0
39.17251,26.0234,347.17,0.42,0.45,2022-11-02,1141,N,VIIRS,n,2,298.47,3.29,D,0
39.19666,25.96236,345.84,0.42,0.45,2022-11-02,1141,N,VIIRS,n,2,301.71,7.25,D,0
38.82894,22.51347,367,0.44,0.38,2022-11-02,1141,N,VIIRS,h,2,301.73,9.37,D,0
38.84145,22.52666,327.42,0.44,0.39,2022-11-02,1141,N,VIIRS,l,2,298.17,1.7,D,0
38.85245,22.49833,326.72,0.44,0.38,2022-11-02,1141,N,VIIRS,l,2,299.35,2.38,D,0
38.9534,23.1159,334.7,0.47,0.39,2022-11-02,1141,N,VIIRS,n,2,301.14,9.63,D,0
38.95311,23.11361,331.76,0.47,0.39,2022-11-02,1141,N,VIIRS,n,2,300.67,4.7,D,0
38.92228,22.0537,337.4,0.43,0.38,2022-11-02,1141,N,VIIRS,n,2,299.68,2.47,D,0
39.08012,22.19412,347.06,0.43,0.38,2022-11-02,1141,N,VIIRS,n,2,304.74,5.16,D,0
39.08363,22.1934,335.14,0.43,0.38,2022-11-02,1141,N,VIIRS,n,2,300.93,5.16,D,0
39.17416,22.78849,332.73,0.45,0.39,2022-11-02,1141,N,VIIRS,n,2,300.78,3.41,D,0
39.27746,22.69381,339.56,0.45,0.39,2022-11-02,1141,N,VIIRS,n,2,301.69,6.44,D,0
39.28807,22.7517,333.24,0.45,0.39,2022-11-02,1141,N,VIIRS,n,2,302.91,3.01,D,0
39.33696,22.3561,332.29,0.44,0.38,2022-11-02,1141,N,VIIRS,n,2,299.77,1.98,D,0
39.44857,22.70198,346.85,0.45,0.39,2022-11-02,1141,N,VIIRS,n,2,315.25,53.33,D,0
39.44549,22.70073,344.82,0.45,0.39,2022-11-02,1141,N,VIIRS,n,2,305.88,8.55,D,0
39.44971,22.70536,326.09,0.45,0.39,2022-11-02,1141,N,VIIRS,l,2,299.59,22.2,D,0
39.44908,22.70004,337.1,0.45,0.39,2022-11-02,1141,N,VIIRS,n,2,308.94,22.2,D,0
39.47377,22.72245,333.14,0.46,0.39,2022-11-02,1141,N,VIIRS,n,2,301.83,4.71,D,0
39.47737,22.72175,342.53,0.46,0.39,2022-11-02,1141,N,VIIRS,n,2,302.63,4.71,D,0
39.48814,22.71962,327.46,0.46,0.39,2022-11-02,1141,N,VIIRS,n,2,301.74,3.13,D,0
39.48751,22.71431,337.99,0.46,0.39,2022-11-02,1141,N,VIIRS,n,2,301.8,3.13,D,0
39.49553,22.75081,345.31,0.46,0.39,2022-11-02,1141,N,VIIRS,n,2,300.41,5.71,D,0
39.4524,22.30387,333.14,0.44,0.38,2022-11-02,1141,N,VIIRS,n,2,300.71,3.84,D,0
39.49847,22.65244,336.88,0.45,0.39,2022-11-02,1141,N,VIIRS,n,2,298.21,5.19,D,0
39.46812,22.34318,345.72,0.44,0.39,2022-11-02,1141,N,VIIRS,n,2,308.16,16.09,D,0
39.47167,22.3425,338.3,0.44,0.39,2022-11-02,1141,N,VIIRS,n,2,302.99,4.79,D,0
39.23907,20.51894,346.06,0.4,0.37,2022-11-02,1141,N,VIIRS,n,2,300.01,5.5,D,0
39.25295,20.5441,327.39,0.4,0.37,2022-11-02,1141,N,VIIRS,l,2,297.89,1.63,D,0
39.27148,20.5777,327.41,0.4,0.37,2022-11-02,1141,N,VIIRS,n,2,295.68,1.31,D,0
39.27752,20.56375,333.63,0.4,0.37,2022-11-02,1141,N,VIIRS,n,2,298.06,2,D,0
39.54106,22.23656,344.14,0.44,0.38,2022-11-02,1141,N,VIIRS,n,2,303.3,9.91,D,0
39.33102,20.57517,326.66,0.4,0.37,2022-11-02,1141,N,VIIRS,n,2,296.77,2.17,D,0
39.60044,22.63529,331.25,0.45,0.39,2022-11-02,1141,N,VIIRS,n,2,302.03,2.74,D,0
39.53154,21.95816,332.98,0.43,0.38,2022-11-02,1141,N,VIIRS,n,2,300.53,2.37,D,0
39.57374,22.26665,344.36,0.44,0.38,2022-11-02,1141,N,VIIRS,n,2,301.1,6.12,D,0
39.50999,21.73307,331.75,0.42,0.38,2022-11-02,1141,N,VIIRS,n,2,300.78,2.76,D,0
39.57636,22.22942,340.27,0.44,0.38,2022-11-02,1141,N,VIIRS,n,2,305.48,6.17,D,0
39.58308,22.25433,332.35,0.44,0.38,2022-11-02,1141,N,VIIRS,n,2,301.21,1.68,D,0
39.5895,22.24777,327.96,0.44,0.38,2022-11-02,1141,N,VIIRS,n,2,301.34,1.89,D,0
39.59784,22.25658,330.41,0.44,0.38,2022-11-02,1141,N,VIIRS,n,2,300.59,2.47,D,0
39.52951,21.71879,343.67,0.42,0.38,2022-11-02,1141,N,VIIRS,n,2,312.15,41.55,D,0
39.36519,20.41703,329.09,0.4,0.37,2022-11-02,1141,N,VIIRS,n,2,297.62,2.14,D,0
39.67593,22.67733,331.35,0.46,0.39,2022-11-02,1141,N,VIIRS,n,2,297.63,4.93,D,0
39.64304,22.2813,332.2,0.44,0.38,2022-11-02,1141,N,VIIRS,n,2,302.04,3.8,D,0
39.64241,22.27613,333.62,0.44,0.38,2022-11-02,1141,N,VIIRS,n,2,302.54,2.94,D,0
39.44324,20.43177,333.91,0.4,0.37,2022-11-02,1141,N,VIIRS,n,2,301.03,4.99,D,0
39.81287,22.08799,340.06,0.44,0.38,2022-11-02,1141,N,VIIRS,n,2,302.6,5.05,D,0
40.0581,22.12595,343.12,0.44,0.38,2022-11-02,1141,N,VIIRS,n,2,300.9,5.1,D,0
40.14414,21.5234,329.06,0.42,0.38,2022-11-02,1141,N,VIIRS,l,2,300.55,2.36,D,0
40.80698,26.12209,327.55,0.44,0.46,2022-11-02,1141,N,VIIRS,n,2,294.91,2.35,D,0
40.50731,22.59616,340.75,0.46,0.39,2022-11-02,1141,N,VIIRS,n,2,299.07,7.62,D,0
40.50688,22.59365,332.59,0.46,0.39,2022-11-02,1141,N,VIIRS,n,2,298.88,3.77,D,0
40.51835,22.59694,342.02,0.46,0.39,2022-11-02,1141,N,VIIRS,n,2,296.78,3.65,D,0
40.52197,22.59621,332.78,0.46,0.39,2022-11-02,1141,N,VIIRS,n,2,297.32,3.65,D,0
40.52495,22.59002,327.94,0.46,0.39,2022-11-02,1141,N,VIIRS,l,2,298.39,1.86,D,0
40.55922,22.66174,342.2,0.46,0.39,2022-11-02,1141,N,VIIRS,n,2,300.31,7.09,D,0
40.56284,22.66101,335.88,0.46,0.39,2022-11-02,1141,N,VIIRS,n,2,299.17,3.05,D,0
40.55428,22.55621,333.58,0.46,0.39,2022-11-02,1141,N,VIIRS,n,2,300.39,3.38,D,0
40.45972,21.20434,335.58,0.42,0.37,2022-11-02,1141,N,VIIRS,n,2,298.57,1.46,D,0
40.47701,21.25635,330.18,0.42,0.38,2022-11-02,1141,N,VIIRS,n,2,303.75,1.43,D,0
40.94113,24.77734,338.32,0.38,0.43,2022-11-02,1141,N,VIIRS,n,2,299.24,2.9,D,0
40.98952,24.85482,338.27,0.39,0.44,2022-11-02,1141,N,VIIRS,n,2,298.87,5.73,D,0
41.03661,25.17897,340.58,0.4,0.44,2022-11-02,1141,N,VIIRS,n,2,298.06,3.95,D,0
40.9356,23.55753,338.14,0.51,0.41,2022-11-02,1141,N,VIIRS,n,2,300.9,3.48,D,0
40.93448,23.55604,331.81,0.51,0.41,2022-11-02,1141,N,VIIRS,n,2,301.09,3.24,D,0
41.21704,26.32163,329.12,0.46,0.47,2022-11-02,1141,N,VIIRS,n,2,298.31,3.11,D,0
40.96432,23.61892,332.96,0.51,0.41,2022-11-02,1141,N,VIIRS,n,2,297.54,3.26,D,0
41.22141,26.321,338.85,0.46,0.47,2022-11-02,1141,N,VIIRS,n,2,298.38,4.84,D,0
41.02079,24.1267,346.45,0.54,0.42,2022-11-02,1141,N,VIIRS,n,2,302.99,7.67,D,0
41.00117,23.49418,331.42,0.51,0.41,2022-11-02,1141,N,VIIRS,n,2,298.01,7.31,D,0
41.00561,23.49952,329.84,0.51,0.41,2022-11-02,1141,N,VIIRS,n,2,297.76,1.44,D,0
40.90159,22.58054,336.76,0.46,0.39,2022-11-02,1141,N,VIIRS,n,2,303,2.76,D,0
41.0121,23.41836,332.39,0.5,0.41,2022-11-02,1141,N,VIIRS,n,2,298.5,3.39,D,0
41.20917,25.30196,341.72,0.41,0.45,2022-11-02,1141,N,VIIRS,n,2,294.72,6.77,D,0
41.21325,25.30068,339.8,0.41,0.45,2022-11-02,1141,N,VIIRS,n,2,291.65,6.77,D,0
41.21644,25.29014,342.35,0.41,0.45,2022-11-02,1141,N,VIIRS,n,2,296.38,6.47,D,0
41.22046,25.28831,338.26,0.41,0.45,2022-11-02,1141,N,VIIRS,n,2,291.76,6.47,D,0
41.2175,25.28761,355.71,0.41,0.45,2022-11-02,1141,N,VIIRS,n,2,297.01,11.66,D,0
41.03567,23.39453,341.93,0.5,0.41,2022-11-02,1141,N,VIIRS,n,2,301.04,11.07,D,0
41.22697,25.29959,326.27,0.41,0.45,2022-11-02,1141,N,VIIRS,n,2,288.4,2.99,D,0
41.22652,25.2945,335.16,0.41,0.45,2022-11-02,1141,N,VIIRS,n,2,285.9,2.99,D,0
41.23113,25.29914,328.02,0.41,0.45,2022-11-02,1141,N,VIIRS,n,2,287.41,6.91,D,0
41.04448,23.40512,334.09,0.5,0.41,2022-11-02,1141,N,VIIRS,n,2,298.86,3.94,D,0
41.23586,25.30502,342.67,0.41,0.45,2022-11-02,1141,N,VIIRS,n,2,289.97,9.51,D,0
41.23533,25.29913,348.8,0.41,0.45,2022-11-02,1141,N,VIIRS,n,2,291.45,6.91,D,0
41.23897,25.29296,367,0.41,0.45,2022-11-02,1141,N,VIIRS,h,2,290.62,10.55,D,0
41.23999,25.30433,351.38,0.41,0.45,2022-11-02,1141,N,VIIRS,n,2,299.05,21.22,D,0
41.23948,25.29868,353.78,0.41,0.45,2022-11-02,1141,N,VIIRS,n,2,295.16,10.55,D,0
41.05136,23.39769,327.96,0.5,0.41,2022-11-02,1141,N,VIIRS,n,2,298.41,2.24,D,0
41.24454,25.30814,327.12,0.41,0.45,2022-11-02,1141,N,VIIRS,n,2,282.88,21.22,D,0
41.06383,23.37084,330.55,0.5,0.41,2022-11-02,1141,N,VIIRS,n,2,298.48,2.71,D,0
41.07526,23.40545,335.67,0.5,0.41,2022-11-02,1141,N,VIIRS,n,2,298.57,6.14,D,0
41.07903,23.40474,343.55,0.5,0.41,2022-11-02,1141,N,VIIRS,n,2,297.85,6.14,D,0
41.09523,23.37714,345.63,0.5,0.41,2022-11-02,1141,N,VIIRS,n,2,301.24,7.06,D,0
41.09966,23.38243,334.79,0.5,0.41,2022-11-02,1141,N,VIIRS,n,2,299.07,7.06,D,0
41.099,23.37643,344.54,0.5,0.41,2022-11-02,1141,N,VIIRS,n,2,299.27,7.06,D,0
41.09174,23.31062,325.96,0.5,0.41,2022-11-02,1141,N,VIIRS,n,2,295.47,3.89,D,0
41.09108,23.30467,331.67,0.5,0.41,2022-11-02,1141,N,VIIRS,n,2,298.72,3.89,D,0
41.10408,23.38773,342.72,0.5,0.41,2022-11-02,1141,N,VIIRS,n,2,298.9,6.71,D,0
41.10342,23.38172,345.4,0.5,0.41,2022-11-02,1141,N,VIIRS,n,2,299.8,5.74,D,0
41.1021,23.36972,328.16,0.5,0.41,2022-11-02,1141,N,VIIRS,l,2,299.03,5.22,D,0
41.09418,23.29799,331.46,0.5,0.41,2022-11-02,1141,N,VIIRS,n,2,300.08,2.45,D,0
41.10785,23.38702,340.32,0.5,0.41,2022-11-02,1141,N,VIIRS,n,2,299.59,6.71,D,0
41.10719,23.38101,344.01,0.5,0.41,2022-11-02,1141,N,VIIRS,n,2,300.2,5.74,D,0
41.10519,23.363,343.14,0.5,0.41,2022-11-02,1141,N,VIIRS,n,2,300.39,5.22,D,0
41.10321,23.34504,326.51,0.5,0.41,2022-11-02,1141,N,VIIRS,l,2,300.25,4.56,D,0
41.10167,23.29657,344.16,0.5,0.41,2022-11-02,1141,N,VIIRS,n,2,300.29,9.04,D,0
41.10917,23.29514,328.28,0.5,0.41,2022-11-02,1141,N,VIIRS,l,2,299.06,3.43,D,0
41.11758,23.33621,341.07,0.5,0.41,2022-11-02,1141,N,VIIRS,n,2,302.14,5.69,D,0
41.11226,23.28849,327.98,0.5,0.41,2022-11-02,1141,N,VIIRS,l,2,300,3.43,D,0
41.11976,23.28706,332.64,0.5,0.41,2022-11-02,1141,N,VIIRS,n,2,300.91,5.12,D,0
41.12039,23.2914,332.17,0.5,0.41,2022-11-02,1141,N,VIIRS,n,2,298.67,2.98,D,0
41.43392,26.32646,334.49,0.46,0.47,2022-11-02,1141,N,VIIRS,n,2,299.29,4.14,D,0
41.45394,26.19371,338.96,0.45,0.47,2022-11-02,1141,N,VIIRS,n,2,300.81,5.49,D,0
41.54818,26.26633,328.86,0.46,0.47,2022-11-02,1141,N,VIIRS,n,2,298.2,3.32,D,0
41.71452,26.19037,340.58,0.46,0.47,2022-11-02,1141,N,VIIRS,n,2,300.03,3.66,D,0
41.71473,26.19467,335.35,0.46,0.47,2022-11-02,1141,N,VIIRS,n,2,298.75,6.91,D,0
41.2066,25.31406,349.92,0.45,0.39,2022-11-02,2359,N,VIIRS,n,2,293.45,5.62,N,0
41.24423,25.30608,343.28,0.45,0.39,2022-11-02,2359,N,VIIRS,n,2,290.9,3.82,N,0
41.24357,25.31146,319.85,0.45,0.39,2022-11-02,2359,N,VIIRS,n,2,286.69,3.82,N,0
41.24004,25.31036,335.79,0.45,0.39,2022-11-02,2359,N,VIIRS,n,2,291.71,3.82,N,0
41.24132,25.30001,299.89,0.45,0.39,2022-11-02,2359,N,VIIRS,n,2,287.93,2.88,N,0
41.24069,25.30507,304.91,0.45,0.39,2022-11-02,2359,N,VIIRS,n,2,288.54,3.82,N,0
41.23649,25.30942,345.62,0.45,0.39,2022-11-02,2359,N,VIIRS,n,2,296.53,10.29,N,0
41.23899,25.28915,299.65,0.45,0.39,2022-11-02,2359,N,VIIRS,n,2,285.2,0.44,N,0
41.23836,25.29425,298.01,0.45,0.39,2022-11-02,2359,N,VIIRS,n,2,286.28,0.54,N,0
41.23774,25.29925,298.14,0.45,0.39,2022-11-02,2359,N,VIIRS,n,2,286.83,0.54,N,0
41.23713,25.30423,313.41,0.45,0.39,2022-11-02,2359,N,VIIRS,n,2,289.39,10.29,N,0
41.23584,25.31468,308.73,0.45,0.39,2022-11-02,2359,N,VIIRS,n,2,288.38,5.96,N,0
41.23753,25.27119,325.52,0.45,0.39,2022-11-02,2359,N,VIIRS,n,2,287.02,1.34,N,0
41.23352,25.30379,320.39,0.45,0.39,2022-11-02,2359,N,VIIRS,n,2,290.26,10.29,N,0
41.23289,25.30886,353.4,0.45,0.39,2022-11-02,2359,N,VIIRS,n,2,298.83,10.29,N,0
41.23227,25.31395,330.52,0.45,0.39,2022-11-02,2359,N,VIIRS,n,2,294.27,5.96,N,0
41.23824,25.26541,298.57,0.45,0.39,2022-11-02,2359,N,VIIRS,n,2,285.91,1.03,N,0
41.23414,25.29876,297.77,0.45,0.39,2022-11-02,2359,N,VIIRS,n,2,286.73,0.54,N,0
41.22991,25.30335,341.51,0.45,0.39,2022-11-02,2359,N,VIIRS,n,2,308.34,14.64,N,0
41.22929,25.30836,346.78,0.45,0.39,2022-11-02,2359,N,VIIRS,n,2,296.74,14.64,N,0
41.23117,25.29308,298.14,0.45,0.39,2022-11-02,2359,N,VIIRS,n,2,285.97,0.91,N,0
41.23053,25.29829,301.41,0.45,0.39,2022-11-02,2359,N,VIIRS,n,2,286.16,0.91,N,0
41.2263,25.30287,335.11,0.45,0.39,2022-11-02,2359,N,VIIRS,n,2,290.95,14.64,N,0
41.22567,25.308,328.82,0.45,0.39,2022-11-02,2359,N,VIIRS,n,2,290.18,14.64,N,0
41.2276,25.29229,297.11,0.45,0.39,2022-11-02,2359,N,VIIRS,n,2,284.52,0.91,N,0
41.22695,25.2976,312.01,0.45,0.39,2022-11-02,2359,N,VIIRS,n,2,286.38,0.91,N,0
41.22271,25.30227,338.27,0.45,0.39,2022-11-02,2359,N,VIIRS,n,2,292.39,6.91,N,0
41.22205,25.30764,328.18,0.45,0.39,2022-11-02,2359,N,VIIRS,n,2,288.75,6.91,N,0
41.22142,25.31277,341.28,0.45,0.39,2022-11-02,2359,N,VIIRS,n,2,292.28,4.93,N,0
41.22083,25.31754,326.48,0.45,0.39,2022-11-02,2359,N,VIIRS,n,2,287.15,4.93,N,0
41.21726,25.31679,328.41,0.45,0.39,2022-11-02,2359,N,VIIRS,n,2,288.39,4.93,N,0
41.21668,25.32151,337.98,0.45,0.39,2022-11-02,2359,N,VIIRS,n,2,290.55,4.13,N,0
41.22119,25.28475,312.37,0.45,0.39,2022-11-02,2359,N,VIIRS,n,2,286.46,1.32,N,0
41.22051,25.29029,299.49,0.45,0.39,2022-11-02,2359,N,VIIRS,n,2,285.44,0.33,N,0
41.21786,25.31194,309.99,0.45,0.39,2022-11-02,2359,N,VIIRS,n,2,284.72,4.93,N,0
41.21312,25.32067,344.54,0.45,0.39,2022-11-02,2359,N,VIIRS,n,2,292.56,6.66,N,0
41.21767,25.2835,304.44,0.45,0.39,2022-11-02,2359,N,VIIRS,n,2,286.8,3.42,N,0
41.217,25.28897,302.57,0.45,0.39,2022-11-02,2359,N,VIIRS,n,2,287.23,2,N,0
41.2137,25.31592,300.13,0.45,0.39,2022-11-02,2359,N,VIIRS,n,2,287.63,1.96,N,0
41.21416,25.28219,342.07,0.45,0.39,2022-11-02,2359,N,VIIRS,n,2,290.33,3.42,N,0
41.21286,25.29286,330,0.45,0.39,2022-11-02,2359,N,VIIRS,n,2,290.68,2,N,0
41.21014,25.31504,331.21,0.45,0.39,2022-11-02,2359,N,VIIRS,n,2,291.37,1.96,N,0
41.20955,25.31989,346.96,0.45,0.39,2022-11-02,2359,N,VIIRS,n,2,292.71,6.66,N,0
41.21349,25.28763,315.77,0.45,0.39,2022-11-02,2359,N,VIIRS,n,2,290.23,2,N,0
41.21217,25.29846,304.06,0.45,0.39,2022-11-02,2359,N,VIIRS,n,2,288.27,1.18,N,0
41.21078,25.3099,300.51,0.45,0.39,2022-11-02,2359,N,VIIRS,n,2,286.27,1.96,N,0
41.20866,25.29716,337.78,0.45,0.39,2022-11-02,2359,N,VIIRS,n,2,292.87,4.4,N,0
41.20794,25.3031,345.48,0.45,0.39,2022-11-02,2359,N,VIIRS,n,2,293.91,4.4,N,0
41.20933,25.29169,306.33,0.45,0.39,2022-11-02,2359,N,VIIRS,n,2,288.17,1.93,N,0
41.20726,25.30874,309.48,0.45,0.39,2022-11-02,2359,N,VIIRS,n,2,287.45,5.62,N,0
41.20598,25.3191,318.83,0.45,0.39,2022-11-02,2359,N,VIIRS,n,2,287.94,2.56,N,0
41.20443,25.30176,322.82,0.45,0.39,2022-11-02,2359,N,VIIRS,n,2,288.51,4.4,N,0
41.20514,25.29593,305.62,0.45,0.39,2022-11-02,2359,N,VIIRS,n,2,288.5,4.4,N,0
41.10864,25.98061,328.38,0.43,0.38,2022-11-02,2359,N,VIIRS,n,2,288.84,2.31,N,0
41.10516,25.97977,316.21,0.43,0.38,2022-11-02,2359,N,VIIRS,n,2,287.4,2.31,N,0
39.16994,22.8415,299.53,0.54,0.42,2022-11-03,0000,N,VIIRS,n,2,284.35,1.53,N,2
38.12868,23.52339,295.84,0.49,0.4,2022-11-03,0000,N,VIIRS,n,2,285.23,0.29,N,2
38.07412,23.63233,310.13,0.49,0.4,2022-11-03,0000,N,VIIRS,n,2,284.38,0.99,N,0
37.18012,22.47345,341.44,0.4,0.37,2022-11-03,1121,N,VIIRS,n,2,299.66,3.28,D,0
37.21402,21.99276,353.45,0.41,0.37,2022-11-03,1121,N,VIIRS,n,2,299.46,5.54,D,0
37.21534,21.99569,346.21,0.41,0.37,2022-11-03,1121,N,VIIRS,n,2,298.67,7.63,D,0
37.24704,21.97903,325.83,0.41,0.37,2022-11-03,1121,N,VIIRS,n,2,299.06,1.54,D,0
36.96297,22.47968,336.36,0.4,0.37,2022-11-03,1121,N,VIIRS,n,2,301.39,1.58,D,0
40.07492,21.33395,333.03,0.4,0.37,2022-11-03,1122,N,VIIRS,n,2,301.43,2.34,D,0
41.51781,26.38767,332.12,0.44,0.38,2022-11-03,1122,N,VIIRS,n,2,297.79,2.83,D,0
41.50714,26.33062,325.9,0.44,0.38,2022-11-03,1122,N,VIIRS,l,2,296.87,8.18,D,0
41.09102,23.32383,334.75,0.38,0.36,2022-11-03,1122,N,VIIRS,n,2,300.27,2.05,D,0
41.10061,23.38749,332.71,0.38,0.36,2022-11-03,1122,N,VIIRS,n,2,296.75,2.84,D,0
41.09663,23.3838,329.55,0.38,0.36,2022-11-03,1122,N,VIIRS,n,2,298.59,3.42,D,0
41.47158,26.18902,326.61,0.43,0.38,2022-11-03,1122,N,VIIRS,n,2,295.04,1.17,D,0
41.08347,23.38726,330.36,0.38,0.36,2022-11-03,1122,N,VIIRS,n,2,299.08,1.28,D,0
41.48865,26.35617,325.35,0.44,0.38,2022-11-03,1122,N,VIIRS,n,2,297.64,1.76,D,0
41.08017,23.38812,326.78,0.38,0.36,2022-11-03,1122,N,VIIRS,n,2,296.39,1.67,D,0
41.04918,23.3868,325.15,0.38,0.36,2022-11-03,1122,N,VIIRS,l,2,296.99,1.02,D,0
41.04589,23.38767,343.29,0.38,0.36,2022-11-03,1122,N,VIIRS,n,2,298.35,6.7,D,0
41.04657,23.39221,340.39,0.38,0.36,2022-11-03,1122,N,VIIRS,n,2,296.88,3.11,D,0
41.04328,23.39308,333.04,0.38,0.36,2022-11-03,1122,N,VIIRS,n,2,297.65,3.11,D,0
41.04533,23.40671,345.35,0.38,0.36,2022-11-03,1122,N,VIIRS,n,2,306.97,24.76,D,0
41.04601,23.41125,351.59,0.38,0.36,2022-11-03,1122,N,VIIRS,n,2,307.51,27.82,D,0
41.03999,23.39394,336.02,0.38,0.36,2022-11-03,1122,N,VIIRS,n,2,300.15,5.56,D,0
41.04204,23.40757,353.71,0.38,0.36,2022-11-03,1122,N,VIIRS,n,2,302.66,5.23,D,0
41.03329,23.37209,327.16,0.38,0.36,2022-11-03,1122,N,VIIRS,n,2,296.76,2,D,0
41.03602,23.39026,338.25,0.38,0.36,2022-11-03,1122,N,VIIRS,n,2,299.76,4.53,D,0
41.03875,23.40844,325.51,0.38,0.36,2022-11-03,1122,N,VIIRS,l,2,299.61,5.23,D,0
41.02861,23.40478,337.64,0.38,0.36,2022-11-03,1122,N,VIIRS,n,2,297.04,3.07,D,0
41.02998,23.41386,337.64,0.38,0.36,2022-11-03,1122,N,VIIRS,n,2,298.92,4.77,D,0
41.01395,23.37558,332.35,0.38,0.36,2022-11-03,1122,N,VIIRS,n,2,297.76,2.84,D,0
41.01532,23.38466,326.67,0.38,0.36,2022-11-03,1122,N,VIIRS,n,2,296.89,1.84,D,0
41.02078,23.42099,332.52,0.38,0.36,2022-11-03,1122,N,VIIRS,n,2,299.51,3.89,D,0
41.03033,23.48464,338.19,0.38,0.36,2022-11-03,1122,N,VIIRS,n,2,300.91,7.36,D,0
41.03102,23.48919,333.19,0.38,0.36,2022-11-03,1122,N,VIIRS,n,2,296.93,6.95,D,0
41.00886,23.40995,329.57,0.38,0.36,2022-11-03,1122,N,VIIRS,n,2,297.27,1.92,D,0
41.00432,23.4253,334.1,0.38,0.36,2022-11-03,1122,N,VIIRS,n,2,300.26,6.39,D,0
41.005,23.42984,353.91,0.38,0.36,2022-11-03,1122,N,VIIRS,n,2,302.67,13.37,D,0
40.99363,23.53671,329.66,0.38,0.36,2022-11-03,1122,N,VIIRS,n,2,297.13,2.38,D,0
41.23712,25.31514,332.25,0.41,0.37,2022-11-03,1122,N,VIIRS,n,2,283.31,3.05,D,0
40.96879,23.43931,331.01,0.38,0.36,2022-11-03,1122,N,VIIRS,n,2,297.09,1.52,D,0
41.23034,25.31681,338.9,0.41,0.37,2022-11-03,1122,N,VIIRS,n,2,288.64,3.91,D,0
41.22239,25.28312,327.17,0.41,0.37,2022-11-03,1122,N,VIIRS,n,2,288.66,2.47,D,0
41.22625,25.31231,334.53,0.41,0.37,2022-11-03,1122,N,VIIRS,n,2,290.89,3.91,D,0
41.22693,25.31752,327.96,0.41,0.37,2022-11-03,1122,N,VIIRS,n,2,287.96,3.91,D,0
41.21901,25.284,338.47,0.41,0.37,2022-11-03,1122,N,VIIRS,n,2,296.41,4.85,D,0
41.22216,25.30778,327.53,0.41,0.37,2022-11-03,1122,N,VIIRS,n,2,289.11,3.06,D,0
41.22352,25.31812,332.58,0.41,0.37,2022-11-03,1122,N,VIIRS,n,2,287.98,5.76,D,0
41.22282,25.31286,367,0.41,0.37,2022-11-03,1122,N,VIIRS,h,2,291.8,5.76,D,0
40.97936,23.60182,331.79,0.39,0.36,2022-11-03,1122,N,VIIRS,n,2,297.33,3.74,D,0
40.98004,23.60637,330.52,0.39,0.36,2022-11-03,1122,N,VIIRS,n,2,296.83,3.57,D,0
41.21503,25.28038,346.22,0.41,0.37,2022-11-03,1122,N,VIIRS,n,2,296.5,7.47,D,0
41.21564,25.28504,330.99,0.41,0.37,2022-11-03,1122,N,VIIRS,n,2,294.18,4.85,D,0
41.22012,25.31887,327.13,0.41,0.37,2022-11-03,1122,N,VIIRS,n,2,290.03,5.76,D,0
41.21674,25.31981,329.49,0.41,0.37,2022-11-03,1122,N,VIIRS,n,2,290.11,2.14,D,0
41.20956,25.29195,356.79,0.41,0.37,2022-11-03,1122,N,VIIRS,n,2,298.92,12.27,D,0
41.20619,25.29294,338.23,0.41,0.37,2022-11-03,1122,N,VIIRS,n,2,295.96,4.2,D,0
41.20528,25.3125,339.63,0.41,0.37,2022-11-03,1122,N,VIIRS,n,2,293.2,6.48,D,0
41.20594,25.31746,328.44,0.41,0.37,2022-11-03,1122,N,VIIRS,n,2,291.99,3.01,D,0
41.2066,25.32252,326.61,0.41,0.37,2022-11-03,1122,N,VIIRS,n,2,290.24,3.01,D,0
40.82824,22.74633,328.25,0.38,0.36,2022-11-03,1122,N,VIIRS,l,2,300.39,1.46,D,0
40.82579,22.7456,332.39,0.38,0.36,2022-11-03,1122,N,VIIRS,l,2,302.67,4.67,D,0
40.8265,22.75012,332.57,0.38,0.36,2022-11-03,1122,N,VIIRS,n,2,301.64,4.58,D,0
40.94805,23.61324,326.23,0.39,0.36,2022-11-03,1122,N,VIIRS,n,2,298.16,1.15,D,0
41.03445,24.20366,334.9,0.39,0.36,2022-11-03,1122,N,VIIRS,n,2,300.44,3.59,D,0
40.92935,23.5567,327.71,0.38,0.36,2022-11-03,1122,N,VIIRS,n,2,299.36,1.16,D,0
40.4887,21.13707,342.03,0.4,0.37,2022-11-03,1122,N,VIIRS,n,2,297.7,3.61,D,0
41.22187,26.31823,334.68,0.43,0.38,2022-11-03,1122,N,VIIRS,n,2,293.48,3.67,D,0
41.22152,26.31546,329.51,0.43,0.38,2022-11-03,1122,N,VIIRS,n,2,293.02,1.85,D,0
41.05519,25.15273,338.43,0.4,0.37,2022-11-03,1122,N,VIIRS,n,2,296.07,5.63,D,0
41.18457,26.30761,329.91,0.43,0.38,2022-11-03,1122,N,VIIRS,n,2,293.81,2.95,D,0
41.05651,25.55659,345.91,0.41,0.37,2022-11-03,1122,N,VIIRS,n,2,298.02,8.25,D,0
40.92772,24.70403,325.36,0.4,0.37,2022-11-03,1122,N,VIIRS,n,2,296.62,1.74,D,0
40.56877,22.64752,329.75,0.39,0.36,2022-11-03,1122,N,VIIRS,n,2,299.43,2.13,D,0
40.56548,22.64842,332.37,0.39,0.36,2022-11-03,1122,N,VIIRS,n,2,299.77,2.24,D,0
40.56104,22.66376,330.58,0.39,0.36,2022-11-03,1122,N,VIIRS,n,2,299.51,3.06,D,0
40.56176,22.66827,330.93,0.39,0.36,2022-11-03,1122,N,VIIRS,n,2,297.88,3.71,D,0
40.54128,22.56076,350.43,0.39,0.36,2022-11-03,1122,N,VIIRS,n,2,298.15,5,D,0
40.57695,22.78649,329.82,0.38,0.36,2022-11-03,1122,N,VIIRS,n,2,298.3,3.33,D,0
40.5387,22.56618,344.26,0.39,0.36,2022-11-03,1122,N,VIIRS,n,2,296.91,3.17,D,0
40.55303,22.65652,333.8,0.39,0.36,2022-11-03,1122,N,VIIRS,n,2,297.96,2.33,D,0
40.53398,22.55804,328.57,0.39,0.36,2022-11-03,1122,N,VIIRS,n,2,296.54,3.48,D,0
40.54974,22.65741,332.55,0.39,0.36,2022-11-03,1122,N,VIIRS,n,2,299.91,2.33,D,0
40.53672,22.61857,333.04,0.39,0.36,2022-11-03,1122,N,VIIRS,n,2,297.56,2.64,D,0
40.54031,22.64115,337.95,0.39,0.36,2022-11-03,1122,N,VIIRS,n,2,297.31,3.08,D,0
40.53272,22.61495,326,0.39,0.36,2022-11-03,1122,N,VIIRS,n,2,298.18,1.65,D,0
40.53343,22.61946,352.59,0.39,0.36,2022-11-03,1122,N,VIIRS,n,2,299.88,5.4,D,0
40.53015,22.62036,325.9,0.39,0.36,2022-11-03,1122,N,VIIRS,l,2,296.65,5.4,D,0
40.53115,22.64835,329.59,0.39,0.36,2022-11-03,1122,N,VIIRS,n,2,298.13,1.74,D,0
40.52786,22.64924,329.47,0.39,0.36,2022-11-03,1122,N,VIIRS,n,2,297.97,1.74,D,0
40.5134,22.60137,325.53,0.39,0.36,2022-11-03,1122,N,VIIRS,l,2,298.32,2.44,D,0
40.51011,22.60227,327.09,0.39,0.36,2022-11-03,1122,N,VIIRS,l,2,297.92,1.47,D,0
40.28878,21.28585,333.57,0.4,0.37,2022-11-03,1122,N,VIIRS,n,2,298.75,2.23,D,0
40.42549,22.56193,326.49,0.39,0.36,2022-11-03,1122,N,VIIRS,n,2,298.45,0.39,D,0
40.02879,21.62304,333.75,0.4,0.37,2022-11-03,1122,N,VIIRS,n,2,302.75,6.42,D,0
40.15948,22.51875,348.63,0.39,0.36,2022-11-03,1122,N,VIIRS,n,2,301.28,9.54,D,0
40.1602,22.52326,346.89,0.39,0.36,2022-11-03,1122,N,VIIRS,n,2,300.18,9.54,D,0
40.15691,22.52416,332.74,0.39,0.36,2022-11-03,1122,N,VIIRS,n,2,297.41,2.96,D,0
40.06572,22.12351,331.95,0.39,0.36,2022-11-03,1122,N,VIIRS,n,2,299.28,1.68,D,0
39.98938,21.70492,338.93,0.4,0.37,2022-11-03,1122,N,VIIRS,n,2,302.59,4.4,D,0
39.97859,21.70298,328.16,0.4,0.37,2022-11-03,1122,N,VIIRS,n,2,298.13,2.39,D,0
39.83452,22.06481,338.1,0.39,0.36,2022-11-03,1122,N,VIIRS,n,2,303.3,4.57,D,0
39.83614,22.11669,333.4,0.39,0.36,2022-11-03,1122,N,VIIRS,n,2,301.09,2.99,D,0
39.81295,22.5239,331.23,0.39,0.36,2022-11-03,1122,N,VIIRS,n,2,300.35,2.28,D,0
39.77757,22.36276,336.33,0.39,0.36,2022-11-03,1122,N,VIIRS,n,2,299.76,3.49,D,0
39.44383,20.43514,331.49,0.43,0.38,2022-11-03,1122,N,VIIRS,n,2,298.96,2.6,D,0
39.6081,21.88371,332.4,0.4,0.37,2022-11-03,1122,N,VIIRS,n,2,298.31,0.71,D,0
39.60888,21.88832,331.78,0.4,0.37,2022-11-03,1122,N,VIIRS,n,2,298.43,1.7,D,0
39.56383,21.66455,326.04,0.4,0.37,2022-11-03,1122,N,VIIRS,n,2,300.9,1.91,D,0
39.34659,20.45979,335.3,0.43,0.38,2022-11-03,1122,N,VIIRS,n,2,295.13,1.68,D,0
39.7005,22.57968,344.33,0.39,0.36,2022-11-03,1122,N,VIIRS,n,2,302.77,4.8,D,0
39.69958,22.76686,327.56,0.39,0.36,2022-11-03,1122,N,VIIRS,n,2,295.12,3.02,D,0
39.59811,22.2267,340.15,0.39,0.36,2022-11-03,1122,N,VIIRS,n,2,301.78,4.08,D,0
39.59885,22.23122,329.32,0.39,0.36,2022-11-03,1122,N,VIIRS,n,2,303.03,1.77,D,0
39.61373,22.32162,333.07,0.39,0.36,2022-11-03,1122,N,VIIRS,l,2,303.39,1.56,D,0
39.67134,22.6764,335.26,0.39,0.36,2022-11-03,1122,N,VIIRS,n,2,300.72,4.1,D,0
39.58272,22.25929,345.74,0.39,0.36,2022-11-03,1122,N,VIIRS,n,2,302.74,3.65,D,0
39.56468,22.25485,332.21,0.39,0.36,2022-11-03,1122,N,VIIRS,l,2,302.6,4.97,D,0
39.2593,20.58055,327.96,0.43,0.38,2022-11-03,1122,N,VIIRS,n,2,296.87,1.55,D,0
39.5408,22.22679,331.79,0.39,0.36,2022-11-03,1122,N,VIIRS,n,2,299.88,4.95,D,0
39.44933,21.76114,334.48,0.4,0.37,2022-11-03,1122,N,VIIRS,n,2,301.73,1.71,D,0
39.53872,22.34064,333.81,0.39,0.36,2022-11-03,1122,N,VIIRS,l,2,304.31,4.45,D,0
39.2338,20.58586,338.65,0.43,0.38,2022-11-03,1122,N,VIIRS,n,2,296.08,3.36,D,0
39.56246,22.55004,342.9,0.39,0.36,2022-11-03,1122,N,VIIRS,n,2,302.42,4.55,D,0
39.53065,22.37579,329.12,0.39,0.36,2022-11-03,1122,N,VIIRS,n,2,303.75,1.61,D,0
39.55407,22.51955,335.28,0.39,0.36,2022-11-03,1122,N,VIIRS,n,2,301.46,2.98,D,0
39.55915,22.55093,339.03,0.39,0.36,2022-11-03,1122,N,VIIRS,n,2,303.59,4.55,D,0
39.53756,22.52405,334.85,0.39,0.36,2022-11-03,1122,N,VIIRS,n,2,301.48,3.17,D,0
39.55301,22.68338,330.27,0.39,0.36,2022-11-03,1122,N,VIIRS,l,2,301.82,3.29,D,0
39.5425,22.63955,346.46,0.39,0.36,2022-11-03,1122,N,VIIRS,n,2,305.21,4.07,D,0
39.22445,20.91517,356.84,0.42,0.38,2022-11-03,1122,N,VIIRS,l,2,299.45,4.95,D,0
39.22531,20.91998,331.56,0.42,0.38,2022-11-03,1122,N,VIIRS,n,2,298.63,4.95,D,0
39.20735,20.89989,337.14,0.42,0.38,2022-11-03,1122,N,VIIRS,n,2,296.64,2.17,D,0
39.3982,21.99574,343.8,0.4,0.37,2022-11-03,1122,N,VIIRS,n,2,302.72,11.11,D,0
39.39692,21.99394,333.82,0.4,0.37,2022-11-03,1122,N,VIIRS,n,2,302.14,3.89,D,0
39.48937,22.64258,347.15,0.39,0.36,2022-11-03,1122,N,VIIRS,n,2,302.28,4.92,D,0
39.16434,20.76762,329.03,0.42,0.38,2022-11-03,1122,N,VIIRS,n,2,297.47,2.07,D,0
39.4772,22.67384,330.37,0.39,0.36,2022-11-03,1122,N,VIIRS,l,2,304.1,3.9,D,0
39.40327,22.26258,331.78,0.39,0.36,2022-11-03,1122,N,VIIRS,n,2,303.88,1.8,D,0
39.39995,22.26347,330.84,0.39,0.36,2022-11-03,1122,N,VIIRS,n,2,303.35,1.67,D,0
39.41888,22.52643,340.73,0.39,0.36,2022-11-03,1122,N,VIIRS,n,2,304.43,3.08,D,0
39.1132,20.86404,338.89,0.42,0.38,2022-11-03,1122,N,VIIRS,n,2,299.01,5.11,D,0
39.11065,20.86986,345.21,0.42,0.38,2022-11-03,1122,N,VIIRS,n,2,297.97,4.33,D,0
39.4091,22.67829,331.53,0.39,0.36,2022-11-03,1122,N,VIIRS,n,2,298.5,2.85,D,0
39.40982,22.68275,333.77,0.39,0.36,2022-11-03,1122,N,VIIRS,n,2,300.24,5.18,D,0
39.09525,20.86424,337.28,0.42,0.38,2022-11-03,1122,N,VIIRS,n,2,298.28,2.99,D,0
39.4058,22.67919,330.48,0.39,0.36,2022-11-03,1122,N,VIIRS,n,2,300.52,3.13,D,0
39.40652,22.68364,337.37,0.39,0.36,2022-11-03,1122,N,VIIRS,n,2,305.55,6.49,D,0
39.27384,21.97424,325.94,0.4,0.37,2022-11-03,1122,N,VIIRS,l,2,299.12,1.38,D,0
39.10399,21.04613,332.26,0.42,0.37,2022-11-03,1122,N,VIIRS,n,2,297.47,4.86,D,0
39.27753,22.16323,335.51,0.39,0.37,2022-11-03,1122,N,VIIRS,n,2,304.65,5.66,D,0
38.98321,20.73213,345.88,0.43,0.38,2022-11-03,1122,N,VIIRS,n,2,295.49,2.12,D,0
39.32781,22.78698,336.73,0.39,0.36,2022-11-03,1122,N,VIIRS,n,2,302.4,3.15,D,0
39.23914,22.80457,335.94,0.39,0.36,2022-11-03,1122,N,VIIRS,n,2,299.83,7.96,D,0
39.20989,22.79379,349.78,0.39,0.36,2022-11-03,1122,N,VIIRS,n,2,302.78,6.85,D,0
38.85028,21.1322,346.55,0.42,0.37,2022-11-03,1122,N,VIIRS,n,2,300.01,3.57,D,0
38.82973,21.1172,346.09,0.42,0.38,2022-11-03,1122,N,VIIRS,n,2,301.9,4,D,0
38.82632,21.11816,349.44,0.42,0.38,2022-11-03,1122,N,VIIRS,n,2,301.77,5.87,D,0
38.801,21.07657,346.22,0.42,0.38,2022-11-03,1122,N,VIIRS,n,2,298.74,3.63,D,0
38.94891,22.15405,332.72,0.4,0.37,2022-11-03,1122,N,VIIRS,n,2,302.3,5.69,D,0
38.94089,22.1893,347.3,0.4,0.37,2022-11-03,1122,N,VIIRS,n,2,299.76,6.65,D,0
38.93756,22.19021,333.49,0.4,0.37,2022-11-03,1122,N,VIIRS,n,2,301.36,2.17,D,0
38.7366,21.10712,325.8,0.42,0.38,2022-11-03,1122,N,VIIRS,l,2,296.03,1.09,D,0
38.66639,21.24912,334.8,0.42,0.37,2022-11-03,1122,N,VIIRS,n,2,299.53,5.09,D,0
38.63221,21.33809,330.91,0.41,0.37,2022-11-03,1122,N,VIIRS,n,2,296.45,1.08,D,0
38.80742,22.53254,339.66,0.39,0.36,2022-11-03,1122,N,VIIRS,n,2,296.98,3.96,D,0
38.8041,22.53343,344.75,0.39,0.36,2022-11-03,1122,N,VIIRS,n,2,300.46,11.72,D,0
38.56424,21.40988,347,0.41,0.37,2022-11-03,1122,N,VIIRS,n,2,299.21,3.41,D,0
39.22396,26.01638,335.84,0.41,0.37,2022-11-03,1122,N,VIIRS,n,2,303.1,4.42,D,0
38.82595,23.45787,330.74,0.38,0.36,2022-11-03,1122,N,VIIRS,n,2,301.28,4.48,D,0
38.82664,23.46227,331.84,0.38,0.36,2022-11-03,1122,N,VIIRS,n,2,299.86,4.41,D,0
39.19196,26.01309,333.43,0.41,0.37,2022-11-03,1122,N,VIIRS,n,2,300.09,3.48,D,0
39.17834,26.01609,331.24,0.41,0.37,2022-11-03,1122,N,VIIRS,n,2,302.7,1.29,D,0
39.17242,25.9979,331.65,0.41,0.37,2022-11-03,1122,N,VIIRS,l,2,302.86,3.11,D,0
39.16999,26.03241,337,0.41,0.37,2022-11-03,1122,N,VIIRS,n,2,304.38,29.54,D,0
39.16041,25.98661,329.31,0.41,0.37,2022-11-03,1122,N,VIIRS,l,2,303.31,2.32,D,0
38.7841,23.40914,339.15,0.38,0.36,2022-11-03,1122,N,VIIRS,n,2,299.6,4.38,D,0
39.15703,25.98751,331.8,0.41,0.37,2022-11-03,1122,N,VIIRS,n,2,302.22,2.32,D,0
39.16191,26.02438,333.21,0.41,0.37,2022-11-03,1122,N,VIIRS,n,2,301.31,2.19,D,0
39.15453,26.02151,338.44,0.41,0.37,2022-11-03,1122,N,VIIRS,n,2,303.49,5.93,D,0
38.38636,21.16594,328.25,0.42,0.38,2022-11-03,1122,N,VIIRS,n,2,297.06,1.18,D,0
38.38081,21.26449,335.91,0.42,0.38,2022-11-03,1122,N,VIIRS,n,2,299.35,1.33,D,0
39.11807,26.05669,344.03,0.41,0.37,2022-11-03,1122,N,VIIRS,n,2,302.44,5.01,D,0
38.34789,21.15916,343.35,0.42,0.38,2022-11-03,1122,N,VIIRS,n,2,298.21,4.2,D,0
38.36218,21.23997,335.3,0.42,0.38,2022-11-03,1122,N,VIIRS,n,2,301.22,2.31,D,0
38.36301,21.24471,347.32,0.42,0.38,2022-11-03,1122,N,VIIRS,n,2,301.46,3.2,D,0
38.34447,21.16014,346.36,0.42,0.38,2022-11-03,1122,N,VIIRS,n,2,298.59,5.14,D,0
38.39038,21.84792,325.7,0.4,0.37,2022-11-03,1122,N,VIIRS,n,2,295.09,1.65,D,0
38.38289,21.86743,326.69,0.4,0.37,2022-11-03,1122,N,VIIRS,n,2,296.76,1.47,D,0
38.4243,23.1314,327.01,0.39,0.36,2022-11-03,1122,N,VIIRS,n,2,300.48,1.14,D,0
38.12137,21.45796,344.97,0.42,0.37,2022-11-03,1122,N,VIIRS,n,2,302.29,6.82,D,0
38.38354,23.09158,331.88,0.39,0.36,2022-11-03,1122,N,VIIRS,n,2,295.49,2.43,D,0
38.10782,21.76298,348.2,0.41,0.37,2022-11-03,1122,N,VIIRS,n,2,301.92,3.51,D,0
37.98997,21.29514,338.77,0.42,0.38,2022-11-03,1122,N,VIIRS,n,2,298.57,4.38,D,0
37.96862,21.29623,347.25,0.42,0.38,2022-11-03,1122,N,VIIRS,n,2,301.23,4.21,D,0
37.96695,21.29488,347.3,0.42,0.38,2022-11-03,1122,N,VIIRS,n,2,301.77,3.91,D,0
37.94578,21.23599,335.07,0.42,0.38,2022-11-03,1122,N,VIIRS,n,2,301.64,1.96,D,0
37.9516,21.28926,355.53,0.42,0.38,2022-11-03,1122,N,VIIRS,l,2,300.05,9.42,D,0
37.94902,21.29499,332.96,0.42,0.38,2022-11-03,1122,N,VIIRS,n,2,299.98,4.99,D,0
38.22081,22.9848,340.69,0.39,0.36,2022-11-03,1122,N,VIIRS,n,2,298.89,2.27,D,0
37.9267,21.35134,338.59,0.42,0.38,2022-11-03,1122,N,VIIRS,n,2,298.8,1.69,D,0
37.89608,21.28009,328.54,0.42,0.38,2022-11-03,1122,N,VIIRS,l,2,301.44,2.96,D,0
37.88414,21.25352,332.09,0.42,0.38,2022-11-03,1122,N,VIIRS,n,2,300.04,3.62,D,0
37.88499,21.25828,337.66,0.42,0.38,2022-11-03,1122,N,VIIRS,n,2,299.48,3.62,D,0
38.25954,23.70377,335.94,0.38,0.36,2022-11-03,1122,N,VIIRS,n,2,302.84,2.65,D,0
37.84092,21.28292,340.25,0.42,0.38,2022-11-03,1122,N,VIIRS,n,2,300.56,1.95,D,0
37.84843,21.52871,332.97,0.42,0.37,2022-11-03,1122,N,VIIRS,n,2,300.85,4.83,D,0
37.84236,21.55502,336.61,0.42,0.37,2022-11-03,1122,N,VIIRS,n,2,300.6,1.4,D,0
37.67265,21.56886,347.42,0.42,0.37,2022-11-03,1122,N,VIIRS,n,2,301.24,4.1,D,0
37.64017,21.44491,338.11,0.42,0.38,2022-11-03,1122,N,VIIRS,n,2,301.73,2.65,D,0
37.64636,21.56143,338.84,0.42,0.37,2022-11-03,1122,N,VIIRS,n,2,300.91,2.65,D,0
37.58758,21.59264,332.12,0.42,0.37,2022-11-03,1122,N,VIIRS,n,2,299.48,3.72,D,0
41.69297,26.23759,331.35,0.43,0.38,2022-11-03,1122,N,VIIRS,n,2,295.11,2.75,D,0
41.08101,22.23661,331.63,0.39,0.36,2022-11-03,1122,N,VIIRS,n,2,291.56,4.71,D,0
41.62968,26.24856,334.16,0.43,0.38,2022-11-03,1122,N,VIIRS,n,2,297.49,2.6,D,0
41.62618,26.24936,332.42,0.43,0.38,2022-11-03,1122,N,VIIRS,n,2,294.39,2.6,D,0
41.63116,26.31833,325.07,0.44,0.38,2022-11-03,1122,N,VIIRS,n,2,292.24,1.93,D,0
41.20395,23.26299,337.83,0.38,0.36,2022-11-03,1122,N,VIIRS,n,2,298.57,2.56,D,0
41.15474,23.29966,325.59,0.38,0.36,2022-11-03,1122,N,VIIRS,n,2,298.98,1.02,D,0
41.02834,22.69337,327.66,0.38,0.36,2022-11-03,1122,N,VIIRS,n,2,301,1.49,D,0
41.12186,23.30151,333.81,0.38,0.36,2022-11-03,1122,N,VIIRS,n,2,297.97,2.9,D,0
41.11789,23.29783,326.46,0.38,0.36,2022-11-03,1122,N,VIIRS,l,2,298.69,2.9,D,0
41.09691,23.31755,333.67,0.38,0.36,2022-11-03,1122,N,VIIRS,n,2,298.64,2.44,D,0
41.51065,26.3298,338.18,0.44,0.38,2022-11-03,1122,N,VIIRS,n,2,300.64,8.18,D,0
41.24393,25.32229,309.12,0.49,0.49,2022-11-03,2340,N,VIIRS,n,2,282.62,2.04,N,0
41.243,25.31616,304.98,0.49,0.49,2022-11-03,2340,N,VIIRS,n,2,282.43,1.98,N,0
41.24256,25.32153,321.27,0.49,0.49,2022-11-03,2340,N,VIIRS,n,2,284.03,2.56,N,0
41.235,25.32001,306.77,0.49,0.49,2022-11-03,2340,N,VIIRS,n,2,283.38,2.69,N,0
41.23795,25.28213,296.18,0.49,0.49,2022-11-03,2340,N,VIIRS,n,2,280.67,0.56,N,0
41.23946,25.32122,309.9,0.49,0.49,2022-11-03,2340,N,VIIRS,n,2,283.32,2.04,N,0
41.24435,25.31695,311.01,0.49,0.49,2022-11-03,2340,N,VIIRS,n,2,282.68,2.04,N,0
41.20216,25.31434,295.12,0.49,0.49,2022-11-03,2340,N,VIIRS,n,2,281.88,0.95,N,0
41.20266,25.30831,298.64,0.49,0.49,2022-11-03,2340,N,VIIRS,n,2,281.13,1.19,N,0
41.20618,25.32098,306.3,0.49,0.49,2022-11-03,2340,N,VIIRS,n,2,282.99,2.21,N,0
41.20704,25.31049,309.27,0.49,0.49,2022-11-03,2340,N,VIIRS,n,2,283.62,1.65,N,0
41.21407,25.2803,298.62,0.49,0.49,2022-11-03,2340,N,VIIRS,n,2,282.44,1.29,N,0
41.22002,25.31875,297.05,0.49,0.49,2022-11-03,2340,N,VIIRS,n,2,282.26,2.44,N,0
41.21965,25.32318,324.95,0.49,0.49,2022-11-03,2340,N,VIIRS,n,2,283.51,2.44,N,0
41.22418,25.32349,300.63,0.49,0.49,2022-11-03,2340,N,VIIRS,n,2,282.62,2.71,N,0
41.22497,25.31395,298.03,0.49,0.49,2022-11-03,2340,N,VIIRS,n,2,283.33,2.19,N,0
41.22458,25.31875,326.67,0.49,0.49,2022-11-03,2340,N,VIIRS,n,2,285.16,2.71,N,0
41.23364,25.31923,304.07,0.49,0.49,2022-11-03,2340,N,VIIRS,n,2,283.06,1.5,N,0
41.2381,25.32038,311.64,0.49,0.49,2022-11-03,2340,N,VIIRS,n,2,283.76,1.5,N,0
39.68674,22.79574,301.28,0.32,0.55,2022-11-03,2341,N,VIIRS,n,2,284.55,0.39,N,0
41.20609,25.32214,302.39,0.59,0.7,2022-11-04,0121,N,VIIRS,n,2,281.73,1.07,N,0
41.23743,25.29041,300.99,0.58,0.7,2022-11-04,0121,N,VIIRS,n,2,280.71,0.75,N,0
41.201,25.31908,296.58,0.58,0.7,2022-11-04,0121,N,VIIRS,n,2,281.12,1.1,N,0
41.23878,25.29027,304.98,0.58,0.7,2022-11-04,0121,N,VIIRS,n,2,281.09,1.05,N,0
35.24861,24.27767,331.47,0.54,0.42,2022-11-04,1102,N,VIIRS,n,2,299.33,28.06,D,0
39.63942,22.27561,339.7,0.55,0.43,2022-11-04,1103,N,VIIRS,n,2,301.6,8.69,D,0
39.63993,22.27688,347.14,0.55,0.43,2022-11-04,1103,N,VIIRS,n,2,301.83,13.89,D,0
39.26313,20.55329,343.14,0.45,0.47,2022-11-04,1103,N,VIIRS,n,2,295.66,4.93,D,0
39.47987,21.77039,340.91,0.39,0.44,2022-11-04,1103,N,VIIRS,n,2,298.42,5.04,D,0
39.67988,22.75077,330.28,0.52,0.42,2022-11-04,1103,N,VIIRS,n,2,295.8,2.58,D,0
39.65631,22.65496,326.63,0.53,0.42,2022-11-04,1103,N,VIIRS,n,2,298.89,1.76,D,0
39.66008,22.6931,334.29,0.53,0.42,2022-11-04,1103,N,VIIRS,n,2,301.42,16.1,D,0
39.65873,22.70617,336.77,0.53,0.42,2022-11-04,1103,N,VIIRS,n,2,297.86,5.57,D,0
39.57802,22.49198,338.05,0.54,0.42,2022-11-04,1103,N,VIIRS,n,2,302.57,6.51,D,0
39.57817,22.49378,332.89,0.54,0.42,2022-11-04,1103,N,VIIRS,n,2,302.55,4.4,D,0
39.57661,22.60599,346.76,0.53,0.42,2022-11-04,1103,N,VIIRS,n,2,304.24,11.35,D,0
39.48748,22.29141,327,0.55,0.43,2022-11-04,1103,N,VIIRS,n,2,297.36,2.05,D,0
39.48491,22.29893,330.13,0.55,0.43,2022-11-04,1103,N,VIIRS,n,2,300.1,2.12,D,0
39.42904,22.3663,332.46,0.55,0.43,2022-11-04,1103,N,VIIRS,n,2,299.74,2.9,D,0
39.42947,22.36761,329.93,0.55,0.43,2022-11-04,1103,N,VIIRS,n,2,299.53,2.8,D,0
39.31557,22.11871,344.84,0.57,0.43,2022-11-04,1103,N,VIIRS,n,2,299.58,13.07,D,0
39.39672,22.68345,328.42,0.53,0.42,2022-11-04,1103,N,VIIRS,n,2,298.52,2.54,D,0
39.40143,22.76472,325.28,0.53,0.42,2022-11-04,1103,N,VIIRS,n,2,298.23,6.35,D,0
39.39766,22.766,334.72,0.53,0.42,2022-11-04,1103,N,VIIRS,n,2,299.84,6.35,D,0
39.39924,22.75996,331.27,0.53,0.42,2022-11-04,1103,N,VIIRS,n,2,298.16,4.08,D,0
39.40045,22.76596,332.5,0.53,0.42,2022-11-04,1103,N,VIIRS,n,2,300.05,8.69,D,0
39.35801,22.7556,329.9,0.53,0.42,2022-11-04,1103,N,VIIRS,n,2,299.26,2.38,D,0
39.33276,22.77032,332.61,0.53,0.42,2022-11-04,1103,N,VIIRS,n,2,301.73,3.92,D,0
39.30267,22.74197,336.18,0.53,0.42,2022-11-04,1103,N,VIIRS,n,2,298.42,2.64,D,0
39.29888,22.74319,330.81,0.53,0.42,2022-11-04,1103,N,VIIRS,n,2,297.48,2.64,D,0
39.28513,22.69639,333.58,0.54,0.42,2022-11-04,1103,N,VIIRS,n,2,299.92,4.73,D,0
39.28436,22.69837,335.07,0.54,0.42,2022-11-04,1103,N,VIIRS,n,2,299.47,4.32,D,0
38.93245,22.13839,340.63,0.38,0.44,2022-11-04,1103,N,VIIRS,n,2,302.24,8.8,D,0
38.93336,22.14272,346.71,0.38,0.44,2022-11-04,1103,N,VIIRS,n,2,300.46,7.84,D,0
38.93427,22.14706,335.39,0.38,0.44,2022-11-04,1103,N,VIIRS,n,2,299.37,7.84,D,0
38.92282,22.13249,326.21,0.39,0.44,2022-11-04,1103,N,VIIRS,n,2,297.92,1.76,D,0
38.89766,22.19249,332.15,0.38,0.43,2022-11-04,1103,N,VIIRS,n,2,299.62,2.19,D,0
38.87689,22.51968,332.09,0.56,0.43,2022-11-04,1103,N,VIIRS,n,2,295.46,4.84,D,0
38.5551,21.31875,338.78,0.43,0.46,2022-11-04,1103,N,VIIRS,n,2,297.56,4.98,D,0
39.23571,26.0043,331.61,0.41,0.37,2022-11-04,1103,N,VIIRS,n,2,296.51,5.3,D,0
39.22811,26.00144,326,0.41,0.37,2022-11-04,1103,N,VIIRS,l,2,297.36,0.88,D,0
39.22552,26.02737,334.77,0.41,0.37,2022-11-04,1103,N,VIIRS,n,2,297.82,5.27,D,0
39.20641,25.9788,338.21,0.41,0.37,2022-11-04,1103,N,VIIRS,n,2,301.11,2.84,D,0
39.2089,25.99313,329.48,0.41,0.37,2022-11-04,1103,N,VIIRS,n,2,297.97,2.17,D,0
38.58527,22.77008,334.58,0.55,0.43,2022-11-04,1103,N,VIIRS,n,2,302.29,8.82,D,0
38.58144,22.77136,333.72,0.55,0.43,2022-11-04,1103,N,VIIRS,l,2,306.49,8.82,D,0
39.19285,25.98251,332.58,0.41,0.37,2022-11-04,1103,N,VIIRS,n,2,300.48,3.93,D,0
39.1937,25.98731,333.96,0.41,0.37,2022-11-04,1103,N,VIIRS,n,2,301.84,5.87,D,0
39.19111,26.01316,327.68,0.41,0.37,2022-11-04,1103,N,VIIRS,n,2,299.63,1.76,D,0
39.1869,26.0094,336.95,0.41,0.37,2022-11-04,1103,N,VIIRS,n,2,301.86,3.58,D,0
39.18015,26.01137,332.68,0.41,0.37,2022-11-04,1103,N,VIIRS,n,2,301.26,3.51,D,0
39.18098,26.01608,333.08,0.41,0.37,2022-11-04,1103,N,VIIRS,n,2,303.37,3.51,D,0
39.1776,26.01705,337.12,0.41,0.37,2022-11-04,1103,N,VIIRS,n,2,301.7,3.51,D,0
39.1692,25.98944,341.83,0.41,0.37,2022-11-04,1103,N,VIIRS,n,2,296.75,6.81,D,0
39.15815,25.98722,335.2,0.41,0.37,2022-11-04,1103,N,VIIRS,n,2,302.13,4.09,D,0
38.54448,22.8103,334.7,0.55,0.42,2022-11-04,1103,N,VIIRS,n,2,300.47,6.81,D,0
38.52516,22.97364,344.82,0.54,0.42,2022-11-04,1103,N,VIIRS,n,2,302.38,7.09,D,0
38.54126,23.05283,331.22,0.53,0.42,2022-11-04,1103,N,VIIRS,n,2,305.37,4.9,D,0
38.44355,22.9957,333.18,0.54,0.42,2022-11-04,1103,N,VIIRS,n,2,302.47,3.95,D,0
38.10154,21.4707,333.5,0.43,0.46,2022-11-04,1103,N,VIIRS,n,2,298.62,4.63,D,0
38.42298,23.05412,330.73,0.54,0.42,2022-11-04,1103,N,VIIRS,n,2,302.75,1.84,D,0
37.96812,21.26282,339.3,0.44,0.46,2022-11-04,1103,N,VIIRS,n,2,298.19,4.39,D,0
38.06285,21.39566,325.87,0.43,0.46,2022-11-04,1103,N,VIIRS,n,2,299.24,2.3,D,0
37.58176,21.53551,335.89,0.44,0.46,2022-11-04,1103,N,VIIRS,n,2,301,7.21,D,0
37.54975,21.57274,326.32,0.44,0.46,2022-11-04,1103,N,VIIRS,l,2,298.94,4.49,D,0
37.54465,21.59014,330.67,0.44,0.46,2022-11-04,1103,N,VIIRS,n,2,297.52,3.37,D,0
37.30455,21.86756,344.3,0.43,0.46,2022-11-04,1103,N,VIIRS,n,2,298.92,5.53,D,0
37.30044,21.86894,326.51,0.43,0.46,2022-11-04,1103,N,VIIRS,n,2,300.61,2.02,D,0
37.14835,21.65672,327.23,0.44,0.46,2022-11-04,1103,N,VIIRS,n,2,295.83,1.44,D,0
37.03587,22.46078,336.62,0.4,0.45,2022-11-04,1103,N,VIIRS,n,2,298.17,2.96,D,0
40.99162,24.77005,337.43,0.43,0.38,2022-11-04,1103,N,VIIRS,n,2,298.59,6.17,D,0
40.8848,24.76458,332.59,0.43,0.38,2022-11-04,1103,N,VIIRS,n,2,295.12,3.59,D,0
40.18707,21.53298,333.12,0.39,0.44,2022-11-04,1103,N,VIIRS,n,2,296.62,2.55,D,0
40.1121,21.5037,339.59,0.39,0.44,2022-11-04,1103,N,VIIRS,n,2,297.6,2.38,D,0
40.92859,25.9451,345.92,0.4,0.37,2022-11-04,1103,N,VIIRS,n,2,296.35,3.73,D,0
40.03317,21.35394,328.89,0.4,0.44,2022-11-04,1103,N,VIIRS,n,2,291.12,5.54,D,0
40.03412,21.35832,340.62,0.4,0.44,2022-11-04,1103,N,VIIRS,n,2,294.48,5.54,D,0
40.03207,21.36856,333.71,0.4,0.44,2022-11-04,1103,N,VIIRS,n,2,295.87,4.02,D,0
40.95233,26.18818,325.72,0.4,0.37,2022-11-04,1103,N,VIIRS,l,2,295.89,1.36,D,0
40.87487,25.85693,335.16,0.4,0.37,2022-11-04,1103,N,VIIRS,n,2,296.14,2.83,D,0
40.85634,26.1413,340.01,0.4,0.37,2022-11-04,1103,N,VIIRS,n,2,295.5,8.12,D,0
40.16552,22.52381,333.01,0.53,0.42,2022-11-04,1103,N,VIIRS,n,2,296.17,4.04,D,0
40.82322,26.13139,333.3,0.4,0.37,2022-11-04,1103,N,VIIRS,n,2,294.08,4.68,D,0
40.82543,26.165,336.28,0.4,0.37,2022-11-04,1103,N,VIIRS,n,2,295.09,3.79,D,0
39.76813,22.36322,335.63,0.54,0.42,2022-11-04,1103,N,VIIRS,n,2,298.35,3.98,D,0
39.76857,22.36486,328.18,0.54,0.42,2022-11-04,1103,N,VIIRS,n,2,297.8,5.44,D,0
39.26051,20.5514,340.06,0.45,0.47,2022-11-04,1103,N,VIIRS,n,2,295.64,3.69,D,0
41.21538,25.27784,326.93,0.41,0.37,2022-11-04,1104,N,VIIRS,n,2,295.05,3.26,D,0
41.02139,23.41838,334.07,0.47,0.4,2022-11-04,1104,N,VIIRS,n,2,296.36,7.1,D,0
41.03302,23.47859,336.36,0.47,0.39,2022-11-04,1104,N,VIIRS,n,2,296.79,3.13,D,0
41.02946,23.47979,334,0.47,0.39,2022-11-04,1104,N,VIIRS,n,2,296.62,3.13,D,0
40.99568,23.40364,331.82,0.47,0.4,2022-11-04,1104,N,VIIRS,n,2,297.49,3.13,D,0
40.99676,23.40913,331.07,0.47,0.4,2022-11-04,1104,N,VIIRS,n,2,296.04,3.13,D,0
41.51985,26.37759,329.67,0.39,0.36,2022-11-04,1104,N,VIIRS,n,2,296.08,2.03,D,0
41.51662,26.56091,336.47,0.39,0.36,2022-11-04,1104,N,VIIRS,n,2,297.64,3.68,D,0
41.07237,24.13006,335,0.44,0.39,2022-11-04,1104,N,VIIRS,n,2,300.37,8.87,D,0
41.07333,24.13526,331.31,0.44,0.39,2022-11-04,1104,N,VIIRS,n,2,297.68,6.4,D,0
40.95867,23.58677,332.21,0.46,0.39,2022-11-04,1104,N,VIIRS,n,2,296.23,2.71,D,0
41.44207,26.29622,340.78,0.39,0.36,2022-11-04,1104,N,VIIRS,n,2,294.1,4.92,D,0
41.05958,24.20026,330.52,0.44,0.38,2022-11-04,1104,N,VIIRS,n,2,298.03,1.6,D,0
40.94194,23.59811,325.58,0.46,0.39,2022-11-04,1104,N,VIIRS,n,2,297.37,2.21,D,0
41.02581,24.07892,331.12,0.45,0.39,2022-11-04,1104,N,VIIRS,n,2,299.16,2.2,D,0
41.02679,24.08413,325.12,0.45,0.39,2022-11-04,1104,N,VIIRS,n,2,298.76,2.96,D,0
41.23835,25.28726,346.51,0.41,0.37,2022-11-04,1104,N,VIIRS,n,2,290.93,5,D,0
41.24416,25.3203,349.48,0.41,0.37,2022-11-04,1104,N,VIIRS,n,2,294.19,5.73,D,0
41.24498,25.32496,332.37,0.41,0.37,2022-11-04,1104,N,VIIRS,n,2,290.3,5.73,D,0
41.24161,25.326,334.11,0.41,0.37,2022-11-04,1104,N,VIIRS,n,2,289.65,4.73,D,0
41.23824,25.32702,337.44,0.41,0.37,2022-11-04,1104,N,VIIRS,n,2,291.46,4.73,D,0
41.00975,24.11176,338.7,0.44,0.39,2022-11-04,1104,N,VIIRS,n,2,299.5,5.42,D,0
41.22642,25.32031,332.78,0.41,0.37,2022-11-04,1104,N,VIIRS,n,2,291.36,4.39,D,0
41.22722,25.32487,328.36,0.41,0.37,2022-11-04,1104,N,VIIRS,n,2,290.19,4.83,D,0
41.43397,26.54131,334.58,0.39,0.36,2022-11-04,1104,N,VIIRS,n,2,295.52,2.89,D,0
41.02033,23.4129,328.16,0.47,0.4,2022-11-04,1104,N,VIIRS,n,2,296.23,5.19,D,0
41.22386,25.32591,342.05,0.41,0.37,2022-11-04,1104,N,VIIRS,n,2,291.34,4.83,D,0
41.43067,26.54226,325.62,0.39,0.36,2022-11-04,1104,N,VIIRS,n,2,296.77,2.89,D,0
41.42434,26.52477,348.76,0.39,0.36,2022-11-04,1104,N,VIIRS,n,2,299.64,12.37,D,0
41.37356,26.37311,330.13,0.39,0.36,2022-11-04,1104,N,VIIRS,n,2,293.13,3.42,D,0
41.38467,26.63122,332.36,0.39,0.36,2022-11-04,1104,N,VIIRS,n,2,297.95,2.89,D,0
40.64555,22.633,331.5,0.51,0.41,2022-11-04,1104,N,VIIRS,n,2,290.32,6.58,D,0
41.34596,26.58447,332.79,0.39,0.36,2022-11-04,1104,N,VIIRS,n,2,296.38,2.62,D,0
40.7998,22.3054,325.43,0.52,0.42,2022-11-04,1104,N,VIIRS,n,2,293.76,2.15,D,0
41.57422,26.43459,331.8,0.39,0.36,2022-11-04,1104,N,VIIRS,n,2,297.57,13.05,D,0
41.57346,26.42995,349.11,0.39,0.36,2022-11-04,1104,N,VIIRS,n,2,300.48,13.05,D,0
41.578,26.26797,340.07,0.39,0.36,2022-11-04,1104,N,VIIRS,n,2,291.78,6.93,D,0
41.06191,23.352,335,0.47,0.4,2022-11-04,1104,N,VIIRS,n,2,295.61,4.87,D,0
41.06089,23.35083,338.44,0.47,0.4,2022-11-04,1104,N,VIIRS,n,2,295.53,5.03,D,0
41.08024,23.3912,331.15,0.47,0.4,2022-11-04,1104,N,VIIRS,n,2,295.32,1.99,D,0
41.09917,23.39069,330.11,0.47,0.4,2022-11-04,1104,N,VIIRS,n,2,294.05,3.57,D,0
41.10025,23.33756,337.39,0.47,0.4,2022-11-04,1104,N,VIIRS,n,2,296.01,4.09,D,0
41.10919,23.3639,341.12,0.47,0.4,2022-11-04,1104,N,VIIRS,n,2,296.87,5.06,D,0
41.11634,23.36149,334.9,0.47,0.4,2022-11-04,1104,N,VIIRS,n,2,295.92,4.14,D,0
41.11313,23.34496,327.49,0.47,0.4,2022-11-04,1104,N,VIIRS,n,2,298.3,2.62,D,0
41.10239,23.28972,328.49,0.47,0.4,2022-11-04,1104,N,VIIRS,n,2,295.84,2.87,D,0
41.71566,26.15851,329.48,0.39,0.36,2022-11-04,1104,N,VIIRS,n,2,293.81,1.98,D,0
38.13539,20.74578,349.83,0.76,0.77,2022-11-04,1244,N,VIIRS,n,2,296.76,12.45,D,0
38.13419,20.74669,343.33,0.76,0.77,2022-11-04,1244,N,VIIRS,n,2,296.54,11.92,D,0
41.23396,25.3252,314.99,0.43,0.62,2022-11-04,2321,N,VIIRS,n,2,284.3,1.75,N,0
41.22238,25.32407,295.55,0.43,0.62,2022-11-04,2321,N,VIIRS,n,2,282.42,1.05,N,0
41.23976,25.32074,297.99,0.43,0.62,2022-11-04,2321,N,VIIRS,n,2,283.3,2.82,N,0
41.23953,25.32606,315.82,0.43,0.62,2022-11-04,2321,N,VIIRS,n,2,285.2,1.69,N,0
41.23926,25.33234,302.68,0.43,0.62,2022-11-04,2321,N,VIIRS,n,2,284.04,1.69,N,0
41.2338,25.3241,316.18,0.43,0.62,2022-11-04,2321,N,VIIRS,n,2,284.09,1.69,N,0
41.22221,25.32346,295.52,0.43,0.62,2022-11-04,2321,N,VIIRS,n,2,282.88,0.76,N,0
41.24583,25.31863,315.05,0.43,0.62,2022-11-04,2321,N,VIIRS,n,2,281.8,3.22,N,0
41.2397,25.32717,319.26,0.43,0.62,2022-11-04,2321,N,VIIRS,n,2,285.27,1.75,N,0
41.24551,25.32704,326.02,0.43,0.62,2022-11-04,2321,N,VIIRS,n,2,286.26,3.33,N,0
41.2399,25.32177,304.34,0.43,0.62,2022-11-04,2321,N,VIIRS,n,2,283.94,1.75,N,0
41.24601,25.31389,324.41,0.43,0.62,2022-11-04,2321,N,VIIRS,n,2,283.94,3.22,N,0
41.24567,25.32271,337.95,0.43,0.62,2022-11-04,2321,N,VIIRS,n,2,286.47,3.33,N,0
37.92013,23.06996,315.58,0.32,0.55,2022-11-05,0103,N,VIIRS,n,2,287.67,1.11,N,2
35.22611,24.58789,338.86,0.61,0.53,2022-11-05,1043,N,VIIRS,n,2,293.49,8.02,D,0
39.11407,26.06459,336.09,0.42,0.45,2022-11-05,1044,N,VIIRS,n,2,299.68,3.22,D,0
39.11304,26.05991,331.77,0.42,0.45,2022-11-05,1044,N,VIIRS,n,2,297.45,3.22,D,0
39.12432,25.9513,340.72,0.42,0.45,2022-11-05,1044,N,VIIRS,n,2,298.83,5.86,D,0
39.14813,25.97988,355.21,0.42,0.45,2022-11-05,1044,N,VIIRS,n,2,298.28,8.87,D,0
39.1543,25.98811,335.02,0.42,0.45,2022-11-05,1044,N,VIIRS,n,2,297.22,2.8,D,0
39.1585,25.98724,328.7,0.42,0.45,2022-11-05,1044,N,VIIRS,n,2,297.53,2.8,D,0
39.17324,26.01491,328.59,0.42,0.45,2022-11-05,1044,N,VIIRS,n,2,298.82,2.24,D,0
39.16678,25.985,341.93,0.42,0.45,2022-11-05,1044,N,VIIRS,n,2,298.04,4.29,D,0
39.17613,25.98775,341.53,0.42,0.45,2022-11-05,1044,N,VIIRS,n,2,300.13,3.69,D,0
39.17607,25.98403,337.1,0.42,0.45,2022-11-05,1044,N,VIIRS,n,2,298.52,3.06,D,0
38.53079,22.98336,342.52,0.61,0.54,2022-11-05,1044,N,VIIRS,n,2,298.86,9.81,D,0
38.52907,22.97647,343.34,0.62,0.54,2022-11-05,1044,N,VIIRS,n,2,299.13,12.65,D,0
39.26996,25.95214,339.37,0.42,0.45,2022-11-05,1044,N,VIIRS,n,2,298.76,3.5,D,0
39.2749,25.95473,329.57,0.42,0.45,2022-11-05,1044,N,VIIRS,n,2,294.13,2.89,D,0
39.27396,25.95038,339.07,0.42,0.45,2022-11-05,1044,N,VIIRS,n,2,296.72,2.89,D,0
39.27072,25.94868,341.08,0.42,0.45,2022-11-05,1044,N,VIIRS,n,2,303.04,8.72,D,0
39.2728,25.95802,331.76,0.42,0.45,2022-11-05,1044,N,VIIRS,n,2,298.08,6.77,D,0
39.27848,25.90452,342.87,0.42,0.45,2022-11-05,1044,N,VIIRS,n,2,307.4,13.89,D,0
39.28357,25.90766,341.35,0.42,0.45,2022-11-05,1044,N,VIIRS,n,2,301.89,13.29,D,0
39.28248,25.90273,346.58,0.42,0.45,2022-11-05,1044,N,VIIRS,n,2,295.97,13.89,D,0
38.575,22.79688,340.04,0.63,0.54,2022-11-05,1044,N,VIIRS,n,2,296.51,8.26,D,0
38.62807,22.69045,328.44,0.63,0.54,2022-11-05,1044,N,VIIRS,n,2,296.16,5.81,D,0
38.62796,22.6913,335.21,0.63,0.54,2022-11-05,1044,N,VIIRS,n,2,296.61,3.58,D,0
38.36431,21.55075,329.5,0.37,0.58,2022-11-05,1044,N,VIIRS,n,2,294.06,2.12,D,0
39.30381,22.69672,354.01,0.61,0.53,2022-11-05,1044,N,VIIRS,n,2,283.62,18.92,D,0
39.29982,22.69725,334.8,0.61,0.53,2022-11-05,1044,N,VIIRS,n,2,281.66,6.07,D,0
39.30456,22.69525,356.1,0.61,0.53,2022-11-05,1044,N,VIIRS,n,2,283.98,15.46,D,0
39.30066,22.63835,327.55,0.61,0.54,2022-11-05,1044,N,VIIRS,n,2,280.68,4.06,D,0
39.4287,22.01127,329.48,0.33,0.55,2022-11-05,1044,N,VIIRS,n,2,297.76,2.03,D,0
37.82583,22.77567,352.12,0.33,0.55,2022-11-05,1044,N,VIIRS,n,2,297.35,3.43,D,0
37.59158,21.52504,333.8,0.39,0.59,2022-11-05,1044,N,VIIRS,n,2,295.21,3.5,D,0
38.28169,23.15592,339.75,0.61,0.54,2022-11-05,1044,N,VIIRS,n,2,299.49,7.43,D,0
38.2828,23.15611,335.79,0.61,0.53,2022-11-05,1044,N,VIIRS,n,2,298.42,9.14,D,0
41.02266,23.4151,340.25,0.51,0.49,2022-11-05,1045,N,VIIRS,n,2,294.83,4.32,D,0
39.47859,21.72571,326.52,0.34,0.56,2022-11-05,1045,N,VIIRS,n,2,293.04,1.21,D,0
39.47992,21.72451,327.92,0.34,0.56,2022-11-05,1045,N,VIIRS,n,2,293.24,1.12,D,0
39.53335,21.71848,336.16,0.34,0.56,2022-11-05,1045,N,VIIRS,n,2,291.16,1.91,D,0
39.58782,21.62303,327.6,0.34,0.56,2022-11-05,1045,N,VIIRS,n,2,294.41,1.97,D,0
40.32086,23.25532,341.86,0.54,0.51,2022-11-05,1045,N,VIIRS,n,2,298.13,4.51,D,0
40.32231,23.25314,329.01,0.54,0.51,2022-11-05,1045,N,VIIRS,n,2,296.81,7.2,D,0
41.37352,26.37057,329.48,0.55,0.42,2022-11-05,1045,N,VIIRS,n,2,297.18,2.81,D,0
41.03667,24.75887,334.87,0.44,0.46,2022-11-05,1045,N,VIIRS,n,2,296.38,3.69,D,0
41.0596,24.76096,337.88,0.44,0.46,2022-11-05,1045,N,VIIRS,n,2,294.79,5.19,D,0
41.45905,26.58396,335.77,0.53,0.42,2022-11-05,1045,N,VIIRS,n,2,296.61,5.25,D,0
41.24957,25.32885,328.94,0.41,0.45,2022-11-05,1045,N,VIIRS,n,2,289.08,3.91,D,0
41.03465,24.18737,335.59,0.47,0.47,2022-11-05,1045,N,VIIRS,n,2,296.25,2.3,D,0
41.05883,24.1718,342.14,0.47,0.47,2022-11-05,1045,N,VIIRS,n,2,300.67,12.73,D,0
41.56112,26.28798,329.59,0.55,0.42,2022-11-05,1045,N,VIIRS,n,2,296.18,5.28,D,0
41.56104,26.28658,331.41,0.55,0.42,2022-11-05,1045,N,VIIRS,n,2,296.24,3.51,D,0
40.97118,23.48396,338.93,0.51,0.49,2022-11-05,1045,N,VIIRS,n,2,294.09,4.23,D,0
41.1297,24.13493,338.94,0.47,0.47,2022-11-05,1045,N,VIIRS,n,2,293.97,4.91,D,0
40.98295,23.47271,335.39,0.51,0.49,2022-11-05,1045,N,VIIRS,n,2,294.05,4.39,D,0
40.98053,23.42225,334.87,0.51,0.49,2022-11-05,1045,N,VIIRS,n,2,295.05,3.27,D,0
41.00967,23.42298,328.6,0.51,0.49,2022-11-05,1045,N,VIIRS,n,2,294.03,3.5,D,0
41.02563,23.42925,326.93,0.51,0.49,2022-11-05,1045,N,VIIRS,n,2,292.61,4.02,D,0
41.0255,23.42682,327.16,0.51,0.49,2022-11-05,1045,N,VIIRS,n,2,292.51,2.73,D,0
41.05341,23.40239,333.12,0.51,0.49,2022-11-05,1045,N,VIIRS,n,2,291.29,2.83,D,0
39.41369,21.99457,347.12,0.5,0.66,2022-11-05,1225,N,VIIRS,n,2,289.76,7.53,D,0
37.81393,21.43159,333.99,0.46,0.63,2022-11-05,1225,N,VIIRS,n,2,289.57,46.37,D,0
37.81372,21.42657,348.11,0.45,0.63,2022-11-05,1225,N,VIIRS,n,2,312.94,46.37,D,0
37.81351,21.42141,341.54,0.45,0.63,2022-11-05,1225,N,VIIRS,n,2,286.82,35.02,D,0
37.81963,21.426,345.59,0.45,0.63,2022-11-05,1225,N,VIIRS,n,2,289.34,46.37,D,0
38.81899,23.47819,352.78,0.6,0.7,2022-11-05,1225,N,VIIRS,n,2,299.03,9.75,D,0
39.24097,22.74666,340.78,0.55,0.68,2022-11-05,1225,N,VIIRS,n,2,292.52,5.49,D,0
39.29073,22.70037,367,0.54,0.68,2022-11-05,1225,N,VIIRS,h,2,295.26,20.45,D,0
39.27098,22.09318,367,0.51,0.66,2022-11-05,1225,N,VIIRS,h,2,291.74,12.87,D,0
39.28849,22.62665,331.57,0.54,0.68,2022-11-05,1225,N,VIIRS,n,2,292.27,3.71,D,0
39.29486,22.62684,337.75,0.54,0.68,2022-11-05,1225,N,VIIRS,n,2,291.88,5.42,D,0
39.27964,21.99013,341.83,0.5,0.66,2022-11-05,1225,N,VIIRS,n,2,283.02,5.07,D,0
39.28623,22.70203,367,0.55,0.68,2022-11-05,1225,N,VIIRS,h,2,296.75,18.76,D,0
39.29078,22.62827,345,0.54,0.68,2022-11-05,1225,N,VIIRS,n,2,292.59,8.51,D,0
39.26001,25.94737,298.8,0.69,0.75,2022-11-05,2303,N,VIIRS,n,2,281.05,1.42,N,0
39.26442,25.94505,305.83,0.48,0.48,2022-11-06,0044,N,VIIRS,n,2,257.13,1.13,N,0
39.12989,25.99828,326.82,0.36,0.58,2022-11-06,1025,N,VIIRS,n,2,277.16,1.97,D,0
39.2874,25.91325,325.21,0.36,0.58,2022-11-06,1025,N,VIIRS,n,2,285.16,2.99,D,0
40.70551,22.81401,298.19,0.38,0.36,2022-11-07,0025,N,VIIRS,n,2,283.51,0.3,N,2
37.9175,23.07371,300.06,0.39,0.36,2022-11-07,0025,N,VIIRS,n,2,286.6,1.02,N,2
40.98401,25.34262,347.2,0.59,0.7,2022-11-07,1007,N,VIIRS,n,2,290.39,8.89,D,0
40.82788,26.14775,343.63,0.54,0.5,2022-11-07,1147,N,VIIRS,n,2,289.23,7.18,D,0
39.23165,25.94579,334.17,0.5,0.49,2022-11-07,1147,N,VIIRS,n,2,290.88,4.04,D,0
40.82629,26.14938,340.15,0.53,0.5,2022-11-07,1147,N,VIIRS,n,2,289.46,7.7,D,0
40.97813,25.33203,335.82,0.49,0.48,2022-11-07,1147,N,VIIRS,n,2,293.02,2.56,D,0
40.9836,25.34318,332.05,0.49,0.48,2022-11-07,1147,N,VIIRS,n,2,294.32,6.01,D,0
41.47526,26.55964,349.6,0.57,0.52,2022-11-07,1148,N,VIIRS,n,2,291.12,14.68,D,0
40.98505,25.341,333.77,0.49,0.48,2022-11-07,1148,N,VIIRS,n,2,293.79,8.11,D,0
40.70433,22.81352,295,0.48,0.4,2022-11-08,0006,N,VIIRS,n,2,283.41,0.77,N,2
41.22933,25.33229,298.13,0.41,0.37,2022-11-08,0006,N,VIIRS,n,2,266.1,1.66,N,0
41.22617,25.3348,307.74,0.41,0.37,2022-11-08,0006,N,VIIRS,n,2,264.69,0.67,N,0
39.35515,22.98445,299.53,0.46,0.39,2022-11-08,0006,N,VIIRS,n,2,285.92,1.17,N,2
39.38789,22.80853,303.49,0.47,0.4,2022-11-08,0006,N,VIIRS,n,2,282.79,0.88,N,2
37.9202,23.06606,304.89,0.44,0.39,2022-11-08,0007,N,VIIRS,n,2,285.94,0.92,N,0
35.33241,25.33525,332.71,0.41,0.37,2022-11-08,1127,N,VIIRS,n,2,295.74,2.87,D,0
35.22004,24.70418,329.48,0.39,0.36,2022-11-08,1127,N,VIIRS,n,2,291.23,2.22,D,0
37.44142,22.35735,339.81,0.38,0.36,2022-11-08,1128,N,VIIRS,n,2,294.5,9.33,D,0
36.84418,22.73069,329.37,0.38,0.36,2022-11-08,1128,N,VIIRS,n,2,292.97,1.86,D,0
39.17006,22.84294,325.63,0.39,0.36,2022-11-08,1128,N,VIIRS,n,2,294.33,1.23,D,2
39.15969,26.01187,327.85,0.46,0.39,2022-11-08,1128,N,VIIRS,n,2,292.82,2.02,D,0
38.22646,22.14547,325.64,0.38,0.36,2022-11-08,1128,N,VIIRS,n,2,293.61,1.4,D,0
41.47755,26.22197,342.24,0.49,0.4,2022-11-08,1129,N,VIIRS,n,2,298.55,41.64,D,0
41.0832,25.45173,326.54,0.45,0.39,2022-11-08,1129,N,VIIRS,n,2,292.2,4.76,D,0
37.92194,23.06861,302.72,0.49,0.49,2022-11-08,2348,N,VIIRS,n,2,286.25,1.5,N,0
38.03337,23.60216,298.69,0.46,0.47,2022-11-08,2348,N,VIIRS,n,2,285.62,1.21,N,0
35.05069,25.42262,322.42,0.52,0.41,2022-11-08,2348,N,VIIRS,n,2,283.16,3.13,N,0
35.04853,25.4227,328.82,0.52,0.41,2022-11-08,2348,N,VIIRS,n,2,283.45,3.85,N,0
37.60485,23.35497,305.13,0.47,0.48,2022-11-08,2348,N,VIIRS,n,2,283.76,0.89,N,0
37.6079,23.35659,303,0.47,0.48,2022-11-08,2348,N,VIIRS,n,2,282.55,0.58,N,0
37.91917,23.06909,299.28,0.68,0.74,2022-11-09,0128,N,VIIRS,n,2,285.06,1.76,N,2
39.16234,25.96989,330.25,0.39,0.36,2022-11-09,1109,N,VIIRS,n,2,293.84,1.88,D,0
37.26297,21.96558,332.37,0.54,0.42,2022-11-09,1109,N,VIIRS,n,2,294.45,3.12,D,0
40.9318,24.7722,330.95,0.39,0.36,2022-11-09,1110,N,VIIRS,n,2,291.97,2.32,D,0
41.03602,24.78259,331.63,0.39,0.36,2022-11-09,1110,N,VIIRS,n,2,291.41,3.49,D,0
39.66615,20.78288,328.9,0.55,0.42,2022-11-09,1110,N,VIIRS,n,2,287.44,3.52,D,0
39.69515,22.34056,299.24,0.5,0.66,2022-11-09,2328,N,VIIRS,n,2,281.31,0.72,N,0
37.91912,23.06298,297.13,0.45,0.63,2022-11-09,2329,N,VIIRS,n,2,284.36,1.37,N,0
38.1299,23.52278,296.85,0.42,0.61,2022-11-09,2329,N,VIIRS,n,2,284.08,0.69,N,2
40.28306,23.44362,299.77,0.35,0.57,2022-11-10,0108,N,VIIRS,n,2,283.11,0.37,N,2
37.91822,23.07289,295.75,0.39,0.59,2022-11-10,0109,N,VIIRS,n,2,285.22,0.53,N,2
39.14223,26.03802,329.66,0.53,0.42,2022-11-10,1050,N,VIIRS,n,2,299.21,3.13,D,0
39.14448,26.0419,345.34,0.53,0.42,2022-11-10,1050,N,VIIRS,n,2,298.04,7.95,D,0
39.15952,25.9186,336.2,0.54,0.42,2022-11-10,1050,N,VIIRS,n,2,298.54,4.45,D,0
38.35605,21.5352,325.66,0.61,0.54,2022-11-10,1050,N,VIIRS,n,2,291.88,4.09,D,0
39.14338,26.0437,331.32,0.53,0.42,2022-11-10,1050,N,VIIRS,n,2,297.22,4.58,D,0
41.37695,26.47852,327.22,0.47,0.4,2022-11-10,1051,N,VIIRS,n,2,295.93,1.54,D,0
40.89216,23.86428,331.94,0.41,0.45,2022-11-10,1051,N,VIIRS,n,2,291.12,3.52,D,0
40.89492,23.86527,335.53,0.41,0.45,2022-11-10,1051,N,VIIRS,n,2,291.01,2.47,D,0
41.48836,26.44439,330.86,0.47,0.4,2022-11-10,1051,N,VIIRS,n,2,293.59,2.84,D,0
41.5924,26.4534,327.24,0.47,0.39,2022-11-10,1051,N,VIIRS,n,2,295.02,3.07,D,0
41.5885,26.41364,336.77,0.47,0.4,2022-11-10,1051,N,VIIRS,n,2,294.76,7.99,D,0
41.70641,26.14379,326.98,0.48,0.4,2022-11-10,1051,N,VIIRS,n,2,292.72,3.02,D,0
38.91673,22.15933,329.33,0.61,0.71,2022-11-10,1231,N,VIIRS,n,2,290.72,3.17,D,0
41.55254,26.27635,295.58,0.53,0.5,2022-11-11,0049,N,VIIRS,n,2,275.64,1.09,N,0
40.28332,23.4424,298.37,0.41,0.45,2022-11-11,0050,N,VIIRS,n,2,282.28,0.69,N,0
39.3565,22.98396,297.16,0.41,0.45,2022-11-11,0050,N,VIIRS,n,2,284.53,0.46,N,2
39.35245,22.98264,295.27,0.41,0.45,2022-11-11,0050,N,VIIRS,n,2,285.02,1.04,N,2
39.3875,22.80555,301.82,0.4,0.44,2022-11-11,0050,N,VIIRS,n,2,282.34,0.67,N,2
37.91721,23.07266,299.47,0.45,0.47,2022-11-11,0050,N,VIIRS,n,2,287.83,1.47,N,0
35.12954,26.1878,335.91,0.37,0.58,2022-11-11,1031,N,VIIRS,n,2,290.91,2.65,D,0
39.64717,21.67446,348.5,0.48,0.65,2022-11-11,1032,N,VIIRS,n,2,291.64,6.08,D,0
39.64909,21.67057,346.36,0.48,0.65,2022-11-11,1032,N,VIIRS,n,2,290.88,8.55,D,0
41.0339,26.27364,334.8,0.53,0.5,2022-11-11,1032,N,VIIRS,n,2,282.22,4.76,D,0
39.07913,26.09151,325.25,0.6,0.53,2022-11-11,1032,N,VIIRS,n,2,292.73,4.01,D,0
39.15654,25.89451,339.99,0.61,0.54,2022-11-11,1032,N,VIIRS,n,2,297.3,10.27,D,0
39.25908,25.94575,334.04,0.55,0.68,2022-11-11,1212,N,VIIRS,n,2,289.18,118.9,D,0
40.06016,22.20882,325.48,0.35,0.57,2022-11-11,1212,N,VIIRS,n,2,288.32,3.89,D,0
39.07769,21.04624,337.11,0.6,0.53,2022-11-11,1212,N,VIIRS,n,2,292.07,4.44,D,0
39.25925,25.95209,367,0.55,0.68,2022-11-11,1212,N,VIIRS,h,2,293.99,200.3,D,0
39.25267,25.94489,208,0.55,0.68,2022-11-11,1212,N,VIIRS,l,2,300.31,118.9,D,0
39.25283,25.9512,367,0.55,0.68,2022-11-11,1212,N,VIIRS,l,2,369.24,200.3,D,0
39.25298,25.95718,367,0.55,0.68,2022-11-11,1212,N,VIIRS,h,2,290.15,200.3,D,0
39.25784,25.94825,337.89,0.55,0.68,2022-11-11,1212,N,VIIRS,n,2,295.42,148.04,D,0
39.25802,25.9544,367,0.55,0.68,2022-11-11,1212,N,VIIRS,h,2,295.52,148.04,D,0
39.25142,25.94749,208,0.55,0.68,2022-11-11,1212,N,VIIRS,l,2,316.94,148.04,D,0
39.2516,25.95359,352.75,0.55,0.68,2022-11-11,1212,N,VIIRS,l,2,347.29,148.04,D,0
39.25178,25.95965,339.28,0.55,0.68,2022-11-11,1212,N,VIIRS,n,2,287.35,200.73,D,0
39.14767,25.88976,328.05,0.54,0.68,2022-11-11,1212,N,VIIRS,n,2,291.71,4.1,D,3
37.91757,23.07264,302.55,0.42,0.38,2022-11-12,0032,N,VIIRS,n,2,288.54,1.27,N,2
37.92187,23.06882,303.85,0.42,0.38,2022-11-12,0032,N,VIIRS,n,2,286.33,1.04,N,0
39.10366,26.06297,339.3,0.62,0.54,2022-11-12,1153,N,VIIRS,n,2,292.31,11.87,D,0
39.10339,26.06392,339.82,0.62,0.54,2022-11-12,1153,N,VIIRS,n,2,292.96,8.82,D,0
40.28494,23.44635,296.76,0.41,0.37,2022-11-13,0012,N,VIIRS,n,2,276.46,0.29,N,2
39.16461,25.96814,334.23,0.39,0.36,2022-11-13,0012,N,VIIRS,n,2,284.44,3.66,N,0
38.03954,23.51145,295.41,0.4,0.37,2022-11-13,0013,N,VIIRS,n,2,283.67,0.82,N,2
39.16324,25.96328,331.72,0.52,0.42,2022-11-13,1134,N,VIIRS,n,2,298.42,6.53,D,0
39.98833,23.98489,327.23,0.45,0.39,2022-11-13,1135,N,VIIRS,n,2,292.92,5.48,D,0
40.28386,23.4432,299.55,0.41,0.45,2022-11-13,2353,N,VIIRS,n,2,282.11,0.76,N,2
38.13138,23.52439,298.43,0.39,0.44,2022-11-13,2354,N,VIIRS,n,2,284.13,0.99,N,2
39.22007,26.00215,331.7,0.39,0.36,2022-11-14,1115,N,VIIRS,n,2,291.95,2.54,D,0
39.2625,25.90102,331.15,0.39,0.36,2022-11-14,1115,N,VIIRS,n,2,292.84,3.2,D,0
39.25852,25.92044,329.4,0.39,0.36,2022-11-14,1115,N,VIIRS,n,2,291.19,1.27,D,0
39.25918,25.9249,328.61,0.39,0.36,2022-11-14,1115,N,VIIRS,n,2,291.01,1.74,D,0
39.23066,25.95801,344.77,0.39,0.36,2022-11-14,1115,N,VIIRS,n,2,297.3,14.54,D,0
40.30087,23.13528,326.25,0.4,0.37,2022-11-14,1116,N,VIIRS,n,2,292.1,1.87,D,0
40.98364,25.36402,333.55,0.39,0.36,2022-11-14,1116,N,VIIRS,n,2,293.73,3.02,D,0
41.01149,24.782,329.97,0.38,0.36,2022-11-14,1116,N,VIIRS,n,2,293.15,2.52,D,0
41.45144,26.24041,329.2,0.4,0.37,2022-11-14,1116,N,VIIRS,n,2,290.43,1.63,D,0
39.35572,22.98531,298.53,0.42,0.61,2022-11-15,0115,N,VIIRS,n,2,283.77,0.82,N,2
40.99542,25.35014,330.8,0.46,0.39,2022-11-15,1057,N,VIIRS,n,2,288.85,3.58,D,0
40.99439,25.34476,330.36,0.46,0.39,2022-11-15,1057,N,VIIRS,n,2,287.77,3.58,D,0
39.24223,25.93389,338.89,0.46,0.39,2022-11-15,1057,N,VIIRS,n,2,276.85,18.05,D,0
39.13474,25.98655,341.16,0.46,0.39,2022-11-15,1057,N,VIIRS,n,2,293.55,5.22,D,0
41.07609,23.36235,336.96,0.61,0.54,2022-11-16,1038,N,VIIRS,n,2,288.93,6.09,D,0
38.38016,23.1267,306.92,0.47,0.4,2022-11-17,0038,N,VIIRS,n,2,269.6,1.39,N,0
40.70054,22.8583,326.16,0.52,0.5,2022-11-17,1200,N,VIIRS,n,2,290.76,2.23,D,0
40.70325,22.86204,337.5,0.52,0.5,2022-11-17,1200,N,VIIRS,n,2,291.03,4.54,D,0
40.70678,22.81291,298.95,0.39,0.37,2022-11-18,0018,N,VIIRS,n,2,283.84,0.69,N,2
41.09988,22.8525,300.49,0.4,0.37,2022-11-18,0018,N,VIIRS,n,2,283.1,0.38,N,0
40.2844,23.4445,295.47,0.39,0.36,2022-11-18,0018,N,VIIRS,n,2,284.71,0.39,N,2
37.91782,23.07153,295.1,0.38,0.36,2022-11-18,0019,N,VIIRS,n,2,280.69,0.85,N,2
41.44792,26.26117,330.69,0.45,0.47,2022-11-18,1141,N,VIIRS,n,2,288.02,2.65,D,0
39.43695,22.64734,334.67,0.45,0.39,2022-11-18,1141,N,VIIRS,n,2,294.53,3.68,D,0
41.53521,26.27383,330.04,0.43,0.38,2022-11-19,1122,N,VIIRS,n,2,292.67,5.54,D,0
40.13437,21.5108,330.46,0.4,0.37,2022-11-19,1122,N,VIIRS,n,2,293.34,2.87,D,0
39.85737,22.50904,331.82,0.39,0.36,2022-11-19,1122,N,VIIRS,n,2,294.94,2.27,D,0
41.5317,26.27456,328.08,0.43,0.38,2022-11-19,1122,N,VIIRS,n,2,291.38,5.54,D,0
41.52649,26.37768,329.01,0.44,0.38,2022-11-19,1122,N,VIIRS,n,2,291.35,3.58,D,0
41.15775,24.00937,331.59,0.39,0.36,2022-11-19,1122,N,VIIRS,n,2,294.51,2.43,D,0
41.15596,24.01297,332.95,0.39,0.36,2022-11-19,1122,N,VIIRS,n,2,293.94,2.41,D,0
41.12092,24.03144,325.11,0.39,0.36,2022-11-19,1122,N,VIIRS,n,2,295.35,2.06,D,0
40.83853,22.47061,334.54,0.39,0.36,2022-11-19,1122,N,VIIRS,n,2,294.57,3.18,D,0
39.17386,25.8817,338.24,0.41,0.37,2022-11-19,1122,N,VIIRS,n,2,296.59,4.34,D,0
39.24459,22.23319,346.05,0.39,0.37,2022-11-19,1122,N,VIIRS,n,2,293.01,6.04,D,0
40.43345,22.53319,330.5,0.39,0.36,2022-11-19,1122,N,VIIRS,n,2,296,2.83,D,0
41.00431,25.21651,330.44,0.4,0.37,2022-11-19,1122,N,VIIRS,n,2,293,2.21,D,0
41.53962,26.25166,330.47,0.43,0.38,2022-11-19,1122,N,VIIRS,n,2,289.68,2.05,D,0
38.12775,23.52401,296.93,0.57,0.52,2022-11-19,2341,N,VIIRS,n,2,284.98,2.21,N,2
39.35672,22.98453,299.91,0.51,0.66,2022-11-20,0121,N,VIIRS,n,2,286.69,0.98,N,2
38.95021,23.09864,339.56,0.53,0.42,2022-11-20,1103,N,VIIRS,n,2,293.43,4.96,D,0
39.35385,22.98511,300.12,0.59,0.53,2022-11-21,0102,N,VIIRS,n,2,286.48,2.05,N,2
37.91822,23.07378,299.7,0.32,0.55,2022-11-21,0103,N,VIIRS,n,2,288.02,0.56,N,2
37.91914,23.07015,298.88,0.32,0.55,2022-11-21,0103,N,VIIRS,n,2,287.65,0.56,N,2
39.18695,25.85815,334.96,0.43,0.46,2022-11-21,1044,N,VIIRS,n,2,290.83,2.08,D,0
39.18287,25.85975,347.4,0.43,0.46,2022-11-21,1044,N,VIIRS,n,2,294.37,6.19,D,0
39.18584,25.85306,326.62,0.43,0.46,2022-11-21,1044,N,VIIRS,n,2,292.15,2.08,D,0
41.45291,26.29446,330.08,0.55,0.43,2022-11-21,1045,N,VIIRS,n,2,294.45,2.09,D,0
38.13,23.52651,298.01,0.39,0.44,2022-11-22,0044,N,VIIRS,n,2,284.54,0.75,N,2
39.16702,22.84427,303.01,0.52,0.41,2022-11-22,0044,N,VIIRS,n,2,279.13,0.87,N,2
39.16824,22.83839,301.16,0.52,0.41,2022-11-22,0044,N,VIIRS,n,2,279.66,0.87,N,2
36.05698,27.77641,327.05,0.36,0.57,2022-11-22,1024,N,VIIRS,n,2,293.78,2.05,D,0
39.19044,25.85959,325.09,0.37,0.58,2022-11-22,1025,N,VIIRS,n,2,292.85,2.13,D,0
37.04105,25.42002,332.85,0.45,0.63,2022-11-22,1025,N,VIIRS,n,2,291.54,3.14,D,0
35.41476,24.08725,336.15,0.33,0.55,2022-11-22,1205,N,VIIRS,n,2,292.47,3.56,D,0
39.2869,26.03491,367,0.45,0.63,2022-11-22,1206,N,VIIRS,h,2,294.86,15.53,D,0
40.70419,22.81686,301.61,0.49,0.4,2022-11-24,0006,N,VIIRS,n,2,279.41,0.8,N,0
37.49447,23.45,301.92,0.43,0.38,2022-11-24,0006,N,VIIRS,n,2,280.89,0.7,N,0
39.16863,22.84252,310.95,0.47,0.4,2022-11-24,0006,N,VIIRS,n,2,280.1,1.42,N,2
40.28516,23.44472,298.16,0.46,0.39,2022-11-24,0006,N,VIIRS,n,2,281.55,0.74,N,2
38.12781,23.52384,298.37,0.43,0.38,2022-11-24,0006,N,VIIRS,n,2,279.63,0.67,N,2
37.49797,23.45061,307.6,0.43,0.38,2022-11-24,0006,N,VIIRS,n,2,287.45,0.7,N,3
37.92021,23.06879,297.06,0.5,0.49,2022-11-24,2347,N,VIIRS,n,2,285.5,1.19,N,2
38.13001,23.52579,303.94,0.47,0.48,2022-11-24,2347,N,VIIRS,n,2,283.13,0.79,N,2
37.91987,23.06695,297.51,0.5,0.49,2022-11-24,2348,N,VIIRS,n,2,285.23,1.36,N,0
39.35218,22.98349,296.06,0.6,0.71,2022-11-25,0127,N,VIIRS,n,2,282.06,1.76,N,2
38.8722,22.51728,325.26,0.48,0.4,2022-11-25,1109,N,VIIRS,n,2,287.43,1.35,D,0
40.97996,25.34662,335.19,0.39,0.36,2022-11-25,1109,N,VIIRS,n,2,289.04,3.26,D,0
38.74312,23.04579,326.63,0.46,0.39,2022-11-25,1109,N,VIIRS,n,2,289.29,2.34,D,0
41.06823,24.10511,326.95,0.41,0.37,2022-11-25,1110,N,VIIRS,n,2,288.4,1.83,D,0
41.0515,23.57228,330.06,0.42,0.37,2022-11-25,1110,N,VIIRS,n,2,290.1,6.11,D,0
40.96638,23.48777,330.62,0.42,0.38,2022-11-25,1110,N,VIIRS,n,2,286.97,2.7,D,0
40.28389,23.44306,300.88,0.35,0.57,2022-11-26,0108,N,VIIRS,n,2,277.91,0.61,N,2
37.91884,23.07242,298.38,0.39,0.59,2022-11-26,0109,N,VIIRS,n,2,284.06,1,N,2
39.20868,25.88527,335.53,0.54,0.42,2022-11-26,1050,N,VIIRS,n,2,286.01,5.96,D,0
41.61618,26.42579,333,0.51,0.49,2022-11-27,1032,N,VIIRS,n,2,281.1,5.07,D,0
41.04339,25.312,331.1,0.59,0.53,2022-11-27,1032,N,VIIRS,n,2,274.33,4.49,D,0
36.89454,22.58303,328.08,0.34,0.56,2022-11-27,1211,N,VIIRS,n,2,279.66,2.25,D,0
40.993,23.88618,334.06,0.43,0.62,2022-11-27,1213,N,VIIRS,n,2,281,3.41,D,0
40.99232,23.88809,325.33,0.43,0.62,2022-11-27,1213,N,VIIRS,n,2,280.45,3.1,D,0
39.35428,22.98706,295.92,0.48,0.48,2022-12-02,0056,N,VIIRS,n,2,280.89,1.02,N,2
38.12868,23.52341,295.36,0.49,0.4,2022-12-03,0038,N,VIIRS,n,2,278.04,0.59,N,2
38.12921,23.52368,309.85,0.38,0.36,2022-12-04,0019,N,VIIRS,n,2,281.16,1.28,N,2
39.16815,22.83792,300.04,0.51,0.41,2022-12-08,0044,N,VIIRS,n,2,281.72,0.88,N,0
37.91803,23.0727,296.4,0.39,0.36,2022-12-09,0025,N,VIIRS,n,2,282.38,0.93,N,2
38.37294,24.05983,295.51,0.4,0.37,2022-12-09,0025,N,VIIRS,n,2,283.17,0.44,N,2
35.29268,24.68131,331.21,0.39,0.36,2022-12-10,1127,N,VIIRS,n,2,285.69,3.58,D,0
40.32868,23.30964,295.19,0.34,0.56,2022-12-12,0108,N,VIIRS,n,2,278.25,0.35,N,0
39.35397,22.98334,299.46,0.35,0.57,2022-12-12,0109,N,VIIRS,n,2,279.49,0.61,N,2
37.91733,23.07297,296.13,0.44,0.46,2022-12-13,0050,N,VIIRS,n,2,283.49,1.17,N,2
39.16761,22.84477,300.9,0.42,0.37,2022-12-15,0013,N,VIIRS,n,2,281.91,1.21,N,2
38.37523,24.0619,296.58,0.39,0.36,2022-12-15,0013,N,VIIRS,n,2,285.55,0.91,N,3
37.91715,23.07193,296.16,0.41,0.45,2022-12-15,2354,N,VIIRS,n,2,285.56,1.19,N,0
38.13048,23.52362,297.18,0.39,0.44,2022-12-15,2354,N,VIIRS,n,2,282.43,0.37,N,2
37.92091,23.06966,304.01,0.47,0.64,2022-12-17,0115,N,VIIRS,n,2,287.14,1.62,N,0
37.92192,23.07199,298.07,0.47,0.64,2022-12-17,0115,N,VIIRS,n,2,286.13,1.14,N,0
37.91619,23.06979,297.02,0.47,0.64,2022-12-17,0115,N,VIIRS,n,2,286.21,1.14,N,0
39.24597,25.94664,330.05,0.46,0.39,2022-12-17,1057,N,VIIRS,n,2,291.37,3.06,D,0
38.1217,21.64055,327.01,0.42,0.45,2022-12-19,1159,N,VIIRS,n,2,288.46,1.76,D,0
38.03183,23.60431,296.41,0.38,0.36,2022-12-20,0019,N,VIIRS,n,2,282.95,0.81,N,0
38.04477,21.3557,326.32,0.4,0.37,2022-12-20,1141,N,VIIRS,n,2,287.31,1.61,D,0
40.28216,23.44438,296.19,0.5,0.66,2022-12-22,0121,N,VIIRS,n,2,274.76,0.64,N,2
40.47025,21.12658,335.54,0.4,0.44,2022-12-22,1104,N,VIIRS,n,2,280.08,1.35,D,0
38.37435,24.06109,296.38,0.35,0.57,2022-12-23,0103,N,VIIRS,n,2,278.83,0.61,N,2
40.79269,22.41916,300.81,0.47,0.4,2022-12-24,0044,N,VIIRS,n,2,274.66,0.95,N,0
40.78841,22.38312,297.18,0.47,0.39,2022-12-24,0044,N,VIIRS,n,2,272.52,0.59,N,0
38.04077,23.51141,295.08,0.39,0.44,2022-12-24,0044,N,VIIRS,n,2,283.05,1.21,N,0
40.285,23.44415,297.5,0.39,0.36,2022-12-25,0025,N,VIIRS,n,2,278.61,0.61,N,2
37.92047,23.06751,296.85,0.39,0.36,2022-12-25,0026,N,VIIRS,n,2,283.01,0.58,N,0
40.70323,22.81679,335.08,0.79,0.78,2022-12-25,1008,N,VIIRS,n,2,284.07,3.13,D,2
40.70517,22.81624,331.29,0.79,0.78,2022-12-25,1008,N,VIIRS,n,2,283.73,3.12,D,2
37.91774,23.07368,297.93,0.45,0.39,2022-12-26,0007,N,VIIRS,n,2,285.26,0.87,N,2
37.63763,24.31907,332.07,0.4,0.37,2022-12-26,1128,N,VIIRS,n,2,287.25,4.24,D,0
39.93189,25.19714,334.74,0.43,0.38,2022-12-26,1128,N,VIIRS,n,2,289.32,2.04,D,0
40.49238,22.00852,333.59,0.38,0.36,2022-12-26,1129,N,VIIRS,n,2,286.76,5.96,D,0
37.91781,23.07005,296.4,0.49,0.49,2022-12-26,2348,N,VIIRS,n,2,285.23,1.2,N,2
37.00812,25.2275,326.81,0.41,0.37,2022-12-27,1109,N,VIIRS,n,2,292.6,2.24,D,0
39.88927,21.85844,345.44,0.49,0.4,2022-12-27,1110,N,VIIRS,n,2,293.28,8.67,D,0
40.69066,23.29718,327.72,0.43,0.38,2022-12-27,1110,N,VIIRS,n,2,287.75,1.69,D,0
41.05914,25.05392,332.41,0.39,0.36,2022-12-27,1110,N,VIIRS,n,2,290.18,2.42,D,0
40.44457,21.19298,336.12,0.51,0.41,2022-12-27,1110,N,VIIRS,n,2,284.97,3.09,D,0
38.56936,23.65813,295.44,0.4,0.6,2022-12-28,0109,N,VIIRS,n,2,278.68,0.4,N,0
37.92008,23.07324,295.75,0.39,0.59,2022-12-28,0109,N,VIIRS,n,2,285.04,0.87,N,2
35.2356,23.60666,326.14,0.57,0.52,2022-12-28,1050,N,VIIRS,n,2,291.19,1.38,D,0
37.91811,23.07023,295.86,0.42,0.38,2022-12-30,0032,N,VIIRS,n,2,284.91,0.77,N,2
37.91724,23.07499,295.41,0.42,0.38,2022-12-30,0032,N,VIIRS,n,2,284.43,1.09,N,2
37.44348,23.35458,326.48,0.42,0.45,2022-12-30,1153,N,VIIRS,n,2,281.58,1.39,D,0
40.56725,22.75062,338.56,0.43,0.46,2022-12-30,1154,N,VIIRS,n,2,289.04,3.65,D,0
40.28439,23.44327,297.89,0.41,0.37,2022-12-31,0013,N,VIIRS,n,2,279.81,0.43,N,2
37.9192,23.07165,297.98,0.4,0.37,2022-12-31,0013,N,VIIRS,n,2,285.4,1,N,2
35.18992,24.52706,328.45,0.42,0.38,2022-12-31,1134,N,VIIRS,n,2,287.52,1.77,D,0
35.24228,24.29555,333.49,0.42,0.37,2022-12-31,1134,N,VIIRS,n,2,282.93,4.34,D,0
40.05536,22.10005,340.76,0.4,0.37,2022-12-31,1135,N,VIIRS,n,2,292.31,3.03,D,0
40.05871,22.09925,329.18,0.4,0.37,2022-12-31,1135,N,VIIRS,n,2,288.32,3.03,D,0
