latitude,longitude,bright_ti4,scan,track,acq_date,acq_time,satellite,instrument,confidence,version,bright_ti5,frp,daynight,type
36.55098,22.99645,332.74,0.47,0.48,2023-01-02,1056,N,VIIRS,n,2,289.34,3.54,D,0
41.01478,23.38178,331,0.55,0.43,2023-01-02,1058,N,VIIRS,n,2,288.31,7.11,D,0
35.33325,23.80561,326.89,0.41,0.61,2023-01-03,1037,N,VIIRS,n,2,287.55,2.58,D,0
35.33175,23.79984,335.28,0.41,0.61,2023-01-03,1037,N,VIIRS,n,2,287.22,2.58,D,0
35.33149,23.80576,331.56,0.41,0.6,2023-01-03,1037,N,VIIRS,n,2,287.68,3.09,D,0
35.3301,23.80058,339.18,0.41,0.6,2023-01-03,1037,N,VIIRS,n,2,288.5,3.09,D,0
39.95546,22.38397,326.57,0.43,0.62,2023-01-03,1219,N,VIIRS,n,2,287.4,1.92,D,0
35.09619,25.89113,327.82,0.57,0.69,2023-01-04,1019,N,VIIRS,n,2,287.8,4.72,D,0
35.09359,25.89145,343.69,0.34,0.56,2023-01-04,1159,N,VIIRS,n,2,287.28,4.25,D,0
35.2883,23.66957,339.18,0.51,0.49,2023-01-04,1159,N,VIIRS,n,2,292.46,5.22,D,0
35.28759,23.66649,339.32,0.51,0.49,2023-01-04,1159,N,VIIRS,n,2,292.38,4.52,D,0
35.33282,23.81941,339.53,0.52,0.5,2023-01-04,1159,N,VIIRS,n,2,289.38,6.98,D,0
37.82984,21.60169,347.16,0.42,0.45,2023-01-04,1200,N,VIIRS,n,2,291.06,5.02,D,0
38.18383,21.42412,337.25,0.42,0.45,2023-01-04,1200,N,VIIRS,n,2,290.65,4.21,D,0
38.37487,21.87813,326.11,0.44,0.46,2023-01-04,1200,N,VIIRS,n,2,288.33,1.35,D,0
39.56077,21.65473,327.47,0.44,0.46,2023-01-04,1200,N,VIIRS,n,2,288.35,2.01,D,0
39.74774,21.53378,329.67,0.44,0.46,2023-01-04,1200,N,VIIRS,n,2,288.2,1.49,D,0
40.86224,23.73862,330.74,0.58,0.52,2023-01-04,1200,N,VIIRS,n,2,286.64,4.17,D,0
38.04126,23.51072,295.82,0.38,0.36,2023-01-05,0019,N,VIIRS,n,2,284.58,0.74,N,0
37.91951,23.07395,299.95,0.38,0.36,2023-01-05,0020,N,VIIRS,n,2,285.31,1.05,N,2
39.11205,22.37311,334.55,0.44,0.38,2023-01-05,1141,N,VIIRS,n,2,289.55,6.07,D,0
38.37648,21.87257,325,0.42,0.37,2023-01-05,1141,N,VIIRS,n,2,283.87,1.99,D,0
41.06042,23.95135,329,0.53,0.42,2023-01-05,1142,N,VIIRS,n,2,286.74,3.28,D,0
41.04566,25.07414,298.2,0.46,0.39,2023-01-06,0000,N,VIIRS,n,2,275.76,0.61,N,0
39.38711,22.80368,295.15,0.55,0.43,2023-01-06,0000,N,VIIRS,n,2,275.99,0.56,N,2
38.37405,24.06087,303.79,0.47,0.4,2023-01-06,0001,N,VIIRS,n,2,282.87,1.08,N,2
38.07261,23.63268,306.96,0.49,0.4,2023-01-06,0001,N,VIIRS,n,2,278.05,1.47,N,0
38.07631,23.63344,318.96,0.49,0.4,2023-01-06,0001,N,VIIRS,n,2,278.7,2.09,N,0
39.13776,22.42521,328.16,0.39,0.36,2023-01-06,1122,N,VIIRS,n,2,288.07,1.6,D,0
37.61551,21.8359,326.69,0.41,0.37,2023-01-06,1122,N,VIIRS,n,2,289.29,1.38,D,0
40.64265,22.63054,340.02,0.39,0.36,2023-01-06,1123,N,VIIRS,n,2,291.4,12.34,D,0
40.40288,21.88895,340.02,0.39,0.36,2023-01-06,1123,N,VIIRS,n,2,287.47,3.27,D,0
40.59156,22.82812,339.67,0.38,0.36,2023-01-06,1123,N,VIIRS,n,2,290.35,7.91,D,0
40.59084,22.82361,334.53,0.38,0.36,2023-01-06,1123,N,VIIRS,n,2,294.21,7.91,D,0
40.59413,22.82272,332.27,0.38,0.36,2023-01-06,1123,N,VIIRS,n,2,288.78,7.91,D,0
40.60541,22.82907,329.06,0.38,0.36,2023-01-06,1123,N,VIIRS,n,2,291.3,6.15,D,0
40.61501,22.80296,333.41,0.38,0.36,2023-01-06,1123,N,VIIRS,n,2,290.37,3.57,D,0
40.6183,22.80207,326.69,0.38,0.36,2023-01-06,1123,N,VIIRS,n,2,287.41,3.57,D,0
40.62204,22.78223,328.64,0.38,0.36,2023-01-06,1123,N,VIIRS,n,2,287.97,1.27,D,0
40.6039,22.64585,334.63,0.39,0.36,2023-01-06,1123,N,VIIRS,n,2,289.79,5.19,D,0
40.77,23.25697,329.38,0.38,0.36,2023-01-06,1123,N,VIIRS,n,2,289.9,3.03,D,0
40.92612,23.54701,330.71,0.38,0.36,2023-01-06,1123,N,VIIRS,n,2,288.99,2.58,D,0
40.82252,22.82565,337.7,0.38,0.36,2023-01-06,1123,N,VIIRS,n,2,288.86,6.04,D,0
40.6267,21.57918,326.48,0.4,0.37,2023-01-06,1123,N,VIIRS,n,2,283.95,2.19,D,0
40.7801,22.49245,327.78,0.39,0.36,2023-01-06,1123,N,VIIRS,n,2,290.38,2.04,D,0
40.95961,23.51941,329.99,0.38,0.36,2023-01-06,1123,N,VIIRS,n,2,288.36,1.83,D,0
41.07098,23.31213,344.77,0.38,0.36,2023-01-06,1123,N,VIIRS,n,2,293.14,11.87,D,0
41.10667,23.39403,333.41,0.38,0.36,2023-01-06,1123,N,VIIRS,n,2,288.81,3.44,D,0
35.36141,24.40323,326.79,0.53,0.42,2023-01-07,1102,N,VIIRS,n,2,288.08,2.29,D,0
39.36574,26.20444,327.75,0.41,0.37,2023-01-07,1103,N,VIIRS,n,2,291.26,2.69,D,0
39.36581,26.20276,330.04,0.41,0.37,2023-01-07,1103,N,VIIRS,n,2,290.64,3.07,D,0
38.2156,26.05795,328.21,0.42,0.38,2023-01-07,1103,N,VIIRS,n,2,291.35,1.27,D,0
40.70665,22.71588,327.95,0.51,0.41,2023-01-07,1104,N,VIIRS,n,2,287.49,2.17,D,0
40.46996,21.13044,337.79,0.4,0.44,2023-01-07,1104,N,VIIRS,n,2,282.35,3.69,D,0
41.07634,23.34704,328.49,0.47,0.4,2023-01-07,1104,N,VIIRS,n,2,287.37,2.34,D,0
41.10389,23.39066,326.66,0.47,0.4,2023-01-07,1104,N,VIIRS,n,2,286.85,4.27,D,0
40.59775,22.82027,345.03,0.5,0.41,2023-01-07,1104,N,VIIRS,n,2,289.79,6.53,D,0
40.59761,22.81838,337.52,0.5,0.41,2023-01-07,1104,N,VIIRS,n,2,289.57,6.58,D,0
41.10262,25.25772,330.7,0.41,0.37,2023-01-07,1104,N,VIIRS,n,2,291.94,9.69,D,0
40.86469,23.82345,332.77,0.46,0.39,2023-01-07,1104,N,VIIRS,n,2,288.66,12.53,D,0
40.69846,22.77103,326.57,0.5,0.41,2023-01-07,1104,N,VIIRS,n,2,288.25,2.46,D,0
37.91796,23.07162,298.67,0.32,0.55,2023-01-08,0103,N,VIIRS,n,2,283.74,1.2,N,2
40.45183,21.54919,350.4,0.33,0.55,2023-01-08,1045,N,VIIRS,n,2,283.43,5.12,D,0
40.44696,21.55131,367,0.33,0.55,2023-01-08,1045,N,VIIRS,h,2,290.29,7.16,D,0
38.87349,22.49037,335.28,0.52,0.67,2023-01-08,1225,N,VIIRS,n,2,287.67,5.99,D,0
38.87,22.4874,336.51,0.53,0.67,2023-01-08,1225,N,VIIRS,n,2,288.19,6.49,D,0
40.45039,21.54996,342.43,0.48,0.65,2023-01-08,1226,N,VIIRS,n,2,285.75,6.58,D,0
40.70289,22.69838,337.12,0.55,0.68,2023-01-08,1226,N,VIIRS,n,2,287.76,3.86,D,0
40.44437,21.55091,342.23,0.48,0.65,2023-01-08,1226,N,VIIRS,n,2,288.16,7.72,D,0
38.37445,24.06244,302.47,0.41,0.45,2023-01-09,0044,N,VIIRS,n,2,279.69,1,N,2
35.24986,24.61069,337.07,0.35,0.57,2023-01-09,1205,N,VIIRS,n,2,285.61,3.19,D,0
37.59577,24.31643,325.61,0.36,0.57,2023-01-09,1206,N,VIIRS,n,2,286.1,1.73,D,0
37.57389,21.56265,336.39,0.5,0.49,2023-01-09,1206,N,VIIRS,n,2,289.92,4.45,D,0
39.16946,25.96824,367,0.45,0.63,2023-01-09,1206,N,VIIRS,h,2,293.09,8.78,D,0
40.32252,22.55169,327.79,0.61,0.53,2023-01-09,1207,N,VIIRS,n,2,285.69,3.45,D,0
38.37244,24.06107,301.15,0.42,0.38,2023-01-11,0007,N,VIIRS,n,2,277.83,0.82,N,2
37.92139,23.07269,295.43,0.67,0.74,2023-01-12,0128,N,VIIRS,n,2,279.38,2.09,N,0
37.921,23.06575,318.73,0.45,0.63,2023-01-12,2329,N,VIIRS,n,2,279.91,2.01,N,0
40.48186,21.12597,328.55,0.54,0.42,2023-01-15,1154,N,VIIRS,n,2,283.77,2.88,D,0
38.11694,21.45982,327.88,0.52,0.42,2023-01-15,1154,N,VIIRS,n,2,287.82,4.25,D,0
38.12986,23.52501,296.14,0.4,0.37,2023-01-16,0013,N,VIIRS,n,2,277.06,0.57,N,2
37.91829,23.07244,298.48,0.4,0.37,2023-01-16,0013,N,VIIRS,n,2,283.28,1,N,2
38.37479,24.06368,296.28,0.55,0.43,2023-01-16,2354,N,VIIRS,n,2,282.65,0.9,N,2
40.28401,23.44548,298.44,0.42,0.61,2023-01-18,0115,N,VIIRS,n,2,282.24,0.62,N,2
39.16512,22.84461,302.64,0.42,0.61,2023-01-18,0116,N,VIIRS,n,2,282.33,1.52,N,0
38.88201,22.48605,329.07,0.44,0.46,2023-01-18,1057,N,VIIRS,n,2,288.98,2.69,D,0
39.41755,22.44476,337.54,0.43,0.46,2023-01-18,1057,N,VIIRS,n,2,289.61,2.5,D,0
38.93478,22.15886,333.65,0.46,0.47,2023-01-18,1057,N,VIIRS,n,2,289.59,3.77,D,0
37.68848,22.8196,346.14,0.45,0.47,2023-01-18,1057,N,VIIRS,n,2,287.78,5.89,D,0
39.39852,22.24247,336.93,0.44,0.46,2023-01-18,1058,N,VIIRS,n,2,291.72,4.38,D,0
41.37637,26.37239,297.19,0.32,0.55,2023-01-19,0056,N,VIIRS,n,2,273.52,0.5,N,0
38.37459,24.06211,295.42,0.59,0.53,2023-01-19,0057,N,VIIRS,n,2,285.12,0.66,N,2
38.37175,24.06127,295.06,0.59,0.53,2023-01-19,0057,N,VIIRS,n,2,284.63,1.02,N,2
40.28357,23.44408,295.45,0.49,0.49,2023-01-19,0057,N,VIIRS,n,2,283.32,0.6,N,2
40.99268,23.90204,326.2,0.58,0.52,2023-01-19,1039,N,VIIRS,n,2,289.98,3.51,D,0
38.46703,22.9527,330.67,0.37,0.58,2023-01-19,1039,N,VIIRS,n,2,291.87,2.01,D,0
38.83162,22.53042,347.45,0.38,0.59,2023-01-19,1039,N,VIIRS,n,2,289.88,6.98,D,0
39.28069,22.24549,354.9,0.39,0.59,2023-01-19,1039,N,VIIRS,n,2,293.27,5.8,D,0
39.59768,22.45797,367,0.37,0.58,2023-01-19,1039,N,VIIRS,h,2,302.33,21.13,D,0
39.59657,22.4538,326.16,0.37,0.58,2023-01-19,1039,N,VIIRS,n,2,290.78,7.33,D,0
39.60281,22.45566,356.94,0.37,0.58,2023-01-19,1039,N,VIIRS,l,2,288.53,8.61,D,0
39.8998,22.64512,329,0.36,0.57,2023-01-19,1039,N,VIIRS,n,2,291.66,2.21,D,0
39.89877,22.64366,325.33,0.36,0.57,2023-01-19,1039,N,VIIRS,n,2,291.16,1.42,D,0
40.85954,24.78577,340.4,0.53,0.5,2023-01-19,1039,N,VIIRS,n,2,291.28,13.11,D,0
40.65128,22.6237,367,0.34,0.56,2023-01-19,1039,N,VIIRS,h,2,300.61,23.71,D,0
40.65623,22.62146,356.98,0.34,0.56,2023-01-19,1039,N,VIIRS,l,2,276.16,8.09,D,0
40.98963,23.90498,332.61,0.58,0.52,2023-01-19,1039,N,VIIRS,n,2,290.58,3.67,D,0
40.96241,23.77507,339.09,0.59,0.53,2023-01-19,1039,N,VIIRS,n,2,290.42,8.39,D,0
40.96007,23.77445,343.66,0.59,0.53,2023-01-19,1039,N,VIIRS,n,2,290.3,7.62,D,0
35.39376,23.98894,328.6,0.49,0.65,2023-01-19,1218,N,VIIRS,n,2,290.41,3.05,D,0
39.15363,22.8324,350.22,0.45,0.63,2023-01-19,1219,N,VIIRS,n,2,290.58,4.29,D,0
39.0967,22.82991,326.68,0.45,0.63,2023-01-19,1219,N,VIIRS,n,2,290.7,4.23,D,0
38.53667,22.98346,341.55,0.46,0.63,2023-01-19,1219,N,VIIRS,n,2,290.94,4.21,D,0
38.48267,22.97048,355.01,0.46,0.63,2023-01-19,1219,N,VIIRS,n,2,296.25,18,D,0
38.48289,22.97588,329.94,0.46,0.63,2023-01-19,1219,N,VIIRS,n,2,291.72,16.51,D,0
38.47158,23.14042,338.36,0.47,0.64,2023-01-19,1219,N,VIIRS,n,2,286.55,5.88,D,0
39.23938,22.23972,327.99,0.42,0.61,2023-01-19,1219,N,VIIRS,n,2,290.8,5.88,D,0
38.41994,22.97925,332.76,0.46,0.63,2023-01-19,1219,N,VIIRS,n,2,293.78,2.48,D,0
38.42367,22.97952,340.68,0.46,0.63,2023-01-19,1219,N,VIIRS,n,2,293.21,4.07,D,0
39.2408,22.23678,353.6,0.42,0.61,2023-01-19,1219,N,VIIRS,n,2,290.37,5.44,D,0
40.87812,23.6673,341.1,0.51,0.66,2023-01-19,1220,N,VIIRS,n,2,287.99,6.44,D,0
40.51117,21.7258,330.94,0.41,0.6,2023-01-19,1220,N,VIIRS,n,2,288.32,3.13,D,0
40.52987,22.63379,340.99,0.45,0.63,2023-01-19,1220,N,VIIRS,n,2,288.03,5.99,D,0
40.59795,22.63209,351.52,0.45,0.63,2023-01-19,1220,N,VIIRS,n,2,287.69,9.74,D,0
40.59484,22.63021,346.63,0.45,0.63,2023-01-19,1220,N,VIIRS,n,2,288.19,9.31,D,0
39.16799,22.84109,300.15,0.54,0.42,2023-01-22,0001,N,VIIRS,n,2,278.36,1.86,N,2
38.47805,22.98106,325.01,0.39,0.36,2023-01-22,1122,N,VIIRS,n,2,293.88,2.03,D,0
38.53372,22.98489,333.43,0.39,0.36,2023-01-22,1122,N,VIIRS,n,2,294.36,2.44,D,0
40.76929,23.91933,332.45,0.39,0.36,2023-01-22,1123,N,VIIRS,n,2,288.54,2.82,D,0
35.28271,24.54726,352.64,0.38,0.43,2023-01-26,1147,N,VIIRS,n,2,293.65,6.98,D,0
35.2867,24.54638,355.5,0.38,0.43,2023-01-26,1147,N,VIIRS,n,2,289.23,6.98,D,0
35.33327,25.33572,330.37,0.42,0.38,2023-01-28,1109,N,VIIRS,n,2,290.34,2.75,D,0
38.03476,23.50341,301.19,0.76,0.77,2023-01-29,2310,N,VIIRS,n,2,278.77,2.87,N,0
38.0393,23.51141,297.26,0.43,0.38,2023-01-31,0032,N,VIIRS,n,2,280.33,1.13,N,2
40.70617,22.81407,295.12,0.43,0.38,2023-02-01,0013,N,VIIRS,n,2,274.29,0.59,N,2
39.16634,22.84332,296.16,0.42,0.37,2023-02-01,0013,N,VIIRS,n,2,273.55,1.04,N,2
38.12843,23.52599,296.92,0.4,0.37,2023-02-01,0014,N,VIIRS,n,2,276.94,0.58,N,2
39.16916,22.83964,329.6,0.41,0.37,2023-02-01,1135,N,VIIRS,n,2,290.18,1.88,D,2
38.87012,22.48422,340.41,0.42,0.38,2023-02-02,1116,N,VIIRS,n,2,288.37,4.11,D,0
38.99986,23.13882,329.48,0.41,0.37,2023-02-02,1116,N,VIIRS,n,2,288.7,2.12,D,0
40.94194,24.90506,328.81,0.38,0.36,2023-02-02,1117,N,VIIRS,n,2,286.73,2.82,D,0
40.94263,24.90959,329,0.38,0.36,2023-02-02,1117,N,VIIRS,n,2,287.35,4.26,D,0
41.07125,23.42767,330.35,0.39,0.36,2023-02-02,1117,N,VIIRS,n,2,286.58,1.83,D,0
40.90755,23.80202,329.75,0.39,0.36,2023-02-02,1117,N,VIIRS,n,2,289.64,2.19,D,0
40.28639,23.44346,298.22,0.37,0.58,2023-02-02,2335,N,VIIRS,n,2,276.55,0.54,N,2
38.37203,24.06042,297.77,0.33,0.55,2023-02-02,2336,N,VIIRS,n,2,280.16,0.68,N,2
37.91864,23.07078,295.54,0.47,0.64,2023-02-03,0116,N,VIIRS,n,2,282.23,1.27,N,2
40.55987,22.68578,346.92,0.4,0.44,2023-02-03,1058,N,VIIRS,n,2,285.3,5.7,D,0
35.35023,23.64727,327.94,0.42,0.61,2023-02-04,1038,N,VIIRS,n,2,278.02,2.71,D,0
40.7052,23.1444,326.17,0.32,0.55,2023-02-04,1039,N,VIIRS,n,2,283.66,0.78,D,0
40.97926,24.84955,328.26,0.38,0.44,2023-02-06,1142,N,VIIRS,n,2,279.86,3.19,D,0
40.58735,22.70187,329.46,0.46,0.39,2023-02-06,1142,N,VIIRS,n,2,282.31,3.48,D,0
41.03839,24.04953,341.23,0.53,0.42,2023-02-06,1142,N,VIIRS,n,2,285.37,5.59,D,0
40.95362,23.84929,329.52,0.52,0.41,2023-02-06,1142,N,VIIRS,n,2,287.27,8.22,D,0
40.69939,22.71168,334.18,0.47,0.39,2023-02-06,1142,N,VIIRS,n,2,281.47,3.55,D,0
40.93176,23.67455,332.65,0.39,0.36,2023-02-07,1123,N,VIIRS,n,2,284.51,4.85,D,0
40.94865,23.81196,325.65,0.39,0.36,2023-02-07,1123,N,VIIRS,n,2,286.01,3.11,D,0
40.91559,23.81409,327.5,0.39,0.36,2023-02-07,1123,N,VIIRS,n,2,285.26,2.05,D,0
40.85373,24.13061,326.83,0.39,0.36,2023-02-07,1123,N,VIIRS,n,2,283.5,4.19,D,0
41.06693,25.07386,329.29,0.4,0.37,2023-02-07,1123,N,VIIRS,n,2,280.94,2.46,D,0
40.95053,24.24177,330.86,0.39,0.36,2023-02-07,1123,N,VIIRS,n,2,285.92,2.05,D,0
40.96442,23.59526,329.51,0.38,0.36,2023-02-07,1123,N,VIIRS,n,2,284.28,3.59,D,0
40.61837,22.67172,334.81,0.39,0.36,2023-02-07,1123,N,VIIRS,n,2,284.48,5.11,D,0
40.60336,22.79358,343.9,0.39,0.36,2023-02-07,1123,N,VIIRS,n,2,287.73,10.04,D,0
40.59661,22.83775,329.04,0.38,0.36,2023-02-07,1123,N,VIIRS,n,2,281.72,1.93,D,0
40.72743,24.03312,333.14,0.39,0.36,2023-02-07,1123,N,VIIRS,n,2,283.52,3.14,D,0
40.62352,22.66088,330.31,0.39,0.36,2023-02-07,1123,N,VIIRS,n,2,283.92,1.75,D,0
40.62752,22.66451,328.52,0.39,0.36,2023-02-07,1123,N,VIIRS,n,2,282.8,1.75,D,0
40.92548,23.5865,328.41,0.38,0.36,2023-02-07,1123,N,VIIRS,n,2,286.63,4.11,D,0
40.73647,22.82731,300.62,0.33,0.55,2023-02-07,2341,N,VIIRS,n,2,267.47,0.53,N,0
40.73132,22.82666,298.36,0.33,0.55,2023-02-07,2341,N,VIIRS,n,2,267.45,0.46,N,0
40.73498,22.82492,310.7,0.33,0.55,2023-02-07,2341,N,VIIRS,n,2,267.64,1.19,N,0
40.68202,22.66873,307.6,0.34,0.56,2023-02-07,2341,N,VIIRS,n,2,268.5,0.74,N,0
40.73619,22.82771,301.91,0.45,0.63,2023-02-08,0122,N,VIIRS,n,2,267.32,1.32,N,0
40.68016,22.67365,331.9,0.51,0.41,2023-02-08,1104,N,VIIRS,n,2,282.84,3.53,D,0
40.58783,22.78312,331.98,0.51,0.41,2023-02-08,1104,N,VIIRS,n,2,284.16,6.51,D,0
40.84994,24.12826,329.1,0.45,0.39,2023-02-08,1104,N,VIIRS,n,2,281.38,3.02,D,0
40.94508,24.70022,327.9,0.43,0.38,2023-02-08,1104,N,VIIRS,n,2,281.4,2.46,D,0
40.946,24.70525,329.3,0.43,0.38,2023-02-08,1104,N,VIIRS,n,2,281.59,3.72,D,0
40.53791,22.67384,332.66,0.51,0.41,2023-02-08,1104,N,VIIRS,n,2,280.93,4.72,D,0
39.64837,20.91441,327.75,0.43,0.46,2023-02-08,1104,N,VIIRS,n,2,280.9,2.21,D,0
39.24429,20.51369,344.88,0.46,0.47,2023-02-08,1104,N,VIIRS,n,2,289.29,11.74,D,0
41.2288,23.05844,331.25,0.48,0.4,2023-02-08,1104,N,VIIRS,n,2,281.97,4.84,D,0
41.1374,23.23484,333.32,0.48,0.4,2023-02-08,1104,N,VIIRS,n,2,281.57,4.01,D,0
41.01097,23.4632,332.28,0.47,0.4,2023-02-08,1104,N,VIIRS,n,2,282.46,5.34,D,0
40.70755,22.6323,327.43,0.51,0.41,2023-02-08,1104,N,VIIRS,n,2,282.06,1.59,D,0
40.92769,23.81883,328.93,0.46,0.39,2023-02-08,1104,N,VIIRS,n,2,284.61,2.14,D,0
40.97802,24.24415,327.02,0.44,0.39,2023-02-08,1104,N,VIIRS,n,2,283.37,1.95,D,0
40.95871,24.33805,328.79,0.44,0.38,2023-02-08,1104,N,VIIRS,n,2,283.83,2.24,D,0
40.59152,22.78185,342.86,0.51,0.41,2023-02-08,1104,N,VIIRS,n,2,284.45,6.51,D,0
40.96083,25.31229,331.91,0.42,0.45,2023-02-09,1045,N,VIIRS,n,2,283.68,8.91,D,0
40.89663,24.84889,331.74,0.44,0.46,2023-02-09,1045,N,VIIRS,n,2,281.29,4.4,D,0
40.8978,24.85397,335.71,0.44,0.46,2023-02-09,1045,N,VIIRS,n,2,281.72,4.4,D,0
40.57071,22.72924,325.84,0.57,0.52,2023-02-09,1045,N,VIIRS,n,2,279.58,6.37,D,0
40.96189,25.31713,338.21,0.42,0.45,2023-02-09,1045,N,VIIRS,n,2,283.88,12.58,D,0
40.89547,24.84381,337.65,0.44,0.46,2023-02-09,1045,N,VIIRS,n,2,281.35,2.95,D,0
40.70771,22.24799,326.23,0.59,0.53,2023-02-09,1046,N,VIIRS,n,2,278.85,3.39,D,0
38.28158,20.4075,336.14,0.4,0.6,2023-02-09,1225,N,VIIRS,n,2,270.82,2.7,D,0
40.67937,22.69973,339.53,0.55,0.68,2023-02-09,1226,N,VIIRS,n,2,277.34,4.17,D,0
40.68578,22.69952,339.9,0.55,0.68,2023-02-09,1226,N,VIIRS,n,2,275.91,4.73,D,0
40.58574,22.83493,335.69,0.56,0.69,2023-02-09,1226,N,VIIRS,n,2,275.23,5.82,D,0
40.85176,26.19432,347.37,0.32,0.55,2023-02-10,1027,N,VIIRS,n,2,281.82,3.34,D,0
40.83916,26.1875,329.22,0.32,0.55,2023-02-10,1027,N,VIIRS,n,2,282.29,2.23,D,0
40.86438,26.18036,326.66,0.32,0.55,2023-02-10,1027,N,VIIRS,n,2,280.82,1.69,D,0
40.90809,26.22636,329.79,0.32,0.55,2023-02-10,1027,N,VIIRS,n,2,281.09,2.81,D,0
40.90713,26.22269,326.17,0.32,0.55,2023-02-10,1027,N,VIIRS,n,2,280.22,2.22,D,0
40.86338,26.1974,338.33,0.32,0.55,2023-02-10,1027,N,VIIRS,n,2,281.66,2.62,D,0
40.83819,26.18378,335.04,0.32,0.55,2023-02-10,1027,N,VIIRS,n,2,281.57,2.23,D,0
41.22645,23.06421,357.76,0.33,0.55,2023-02-10,1207,N,VIIRS,l,2,283.97,4.52,D,0
40.67327,22.67464,339.09,0.62,0.54,2023-02-10,1207,N,VIIRS,n,2,285.03,6.15,D,0
40.63727,22.66336,343.96,0.62,0.54,2023-02-10,1207,N,VIIRS,n,2,284.54,11.37,D,0
40.99529,23.84908,328.74,0.36,0.57,2023-02-10,1207,N,VIIRS,n,2,284.98,1.9,D,0
40.67241,22.67361,339.89,0.62,0.54,2023-02-10,1207,N,VIIRS,n,2,285.32,9.04,D,0
41.22623,23.06018,345.59,0.33,0.55,2023-02-10,1207,N,VIIRS,n,2,283.6,4.52,D,0
40.84862,26.17603,325.9,0.47,0.64,2023-02-10,1207,N,VIIRS,n,2,281.24,2.05,D,0
40.98996,23.84979,331.68,0.36,0.57,2023-02-10,1207,N,VIIRS,n,2,286.13,1.9,D,0
38.07833,21.37506,314.14,0.39,0.36,2023-02-11,0026,N,VIIRS,n,2,277,1.78,N,0
35.32176,23.63903,327.55,0.52,0.41,2023-02-11,1147,N,VIIRS,n,2,281.82,2.48,D,0
40.54396,22.64744,334.57,0.53,0.42,2023-02-11,1148,N,VIIRS,n,2,286.34,5.42,D,0
41.45689,26.35499,326.41,0.55,0.51,2023-02-11,1148,N,VIIRS,n,2,283.72,2.75,D,0
41.19767,25.47726,339.98,0.5,0.49,2023-02-11,1148,N,VIIRS,n,2,285.84,9.22,D,0
40.9932,24.2337,329.04,0.43,0.46,2023-02-11,1148,N,VIIRS,n,2,288.68,1.76,D,0
41.0584,25.46461,340.21,0.49,0.49,2023-02-11,1148,N,VIIRS,n,2,288.01,8.32,D,0
40.98978,25.34286,355.78,0.49,0.48,2023-02-11,1148,N,VIIRS,n,2,289.43,18.28,D,0
40.99023,25.3487,339.35,0.49,0.48,2023-02-11,1148,N,VIIRS,n,2,287.96,6.22,D,0
40.54782,22.30983,337.42,0.52,0.41,2023-02-11,1148,N,VIIRS,n,2,287.84,9.35,D,0
40.58009,22.61523,336.59,0.53,0.42,2023-02-11,1148,N,VIIRS,n,2,286.4,6.26,D,0
40.54784,22.64676,326.75,0.53,0.42,2023-02-11,1148,N,VIIRS,n,2,284.3,5.42,D,0
39.98697,23.98792,335.9,0.4,0.45,2023-02-11,1148,N,VIIRS,n,2,282.02,4.52,D,3
40.98791,25.33977,335.12,0.48,0.48,2023-02-11,1148,N,VIIRS,n,2,286.58,7.29,D,0
40.98839,25.3456,351.91,0.48,0.48,2023-02-11,1148,N,VIIRS,n,2,289.24,17,D,0
40.69315,22.67164,326.71,0.54,0.42,2023-02-11,1148,N,VIIRS,n,2,284.83,2.68,D,0
40.69381,22.67804,329.59,0.54,0.42,2023-02-11,1148,N,VIIRS,n,2,285.05,2.68,D,0
40.60213,22.63716,329.32,0.53,0.42,2023-02-11,1148,N,VIIRS,n,2,287.22,4.54,D,0
40.90402,26.22179,337.47,0.54,0.51,2023-02-11,1148,N,VIIRS,n,2,286.02,3.58,D,0
38.37439,24.06336,300.17,0.42,0.38,2023-02-12,0007,N,VIIRS,n,2,275.41,0.98,N,2
38.12965,23.52514,295.56,0.43,0.38,2023-02-12,0007,N,VIIRS,n,2,274.28,0.68,N,2
36.83709,22.59526,301.27,0.38,0.36,2023-02-12,1128,N,VIIRS,l,2,314.7,84.78,D,0
36.84105,22.59875,335.2,0.38,0.36,2023-02-12,1128,N,VIIRS,n,2,286.41,84.78,D,0
37.95537,21.32066,337.82,0.39,0.36,2023-02-12,1129,N,VIIRS,n,2,288.2,1.82,D,0
38.36394,22.25892,328,0.38,0.36,2023-02-12,1129,N,VIIRS,n,2,288.76,1.45,D,0
40.95226,24.57041,339.12,0.42,0.38,2023-02-12,1129,N,VIIRS,n,2,287.75,7.46,D,0
41.02702,25.50678,325.62,0.45,0.39,2023-02-12,1129,N,VIIRS,n,2,282.17,3.19,D,0
41.02766,25.5122,326.98,0.45,0.39,2023-02-12,1129,N,VIIRS,n,2,282.11,3.19,D,0
40.58511,22.75969,329.47,0.39,0.36,2023-02-12,1129,N,VIIRS,n,2,276.35,22.14,D,0
38.79264,21.06933,338.15,0.39,0.36,2023-02-12,1129,N,VIIRS,n,2,288.19,2.14,D,0
38.68109,21.18128,335.89,0.39,0.36,2023-02-12,1129,N,VIIRS,n,2,289.71,1.35,D,0
39.90908,20.81938,302.01,0.34,0.56,2023-02-12,2348,N,VIIRS,n,2,270.18,0.54,N,0
39.90391,20.81788,301.56,0.34,0.56,2023-02-12,2348,N,VIIRS,n,2,270.13,0.68,N,0
37.1042,25.44756,343.29,0.41,0.37,2023-02-13,1109,N,VIIRS,n,2,287.06,10.83,D,0
40.88902,26.21573,329.32,0.38,0.36,2023-02-13,1110,N,VIIRS,n,2,287.51,2.21,D,0
40.91352,23.95397,327.61,0.41,0.37,2023-02-13,1110,N,VIIRS,n,2,287.66,2.21,D,0
40.94013,26.25854,331.65,0.38,0.36,2023-02-13,1110,N,VIIRS,n,2,291.12,19.59,D,0
40.92048,26.19784,331.94,0.38,0.36,2023-02-13,1110,N,VIIRS,n,2,288.24,4.41,D,0
40.9172,26.19872,329.52,0.38,0.36,2023-02-13,1110,N,VIIRS,n,2,287.48,2.01,D,0
41.14851,25.4861,325.39,0.39,0.36,2023-02-13,1110,N,VIIRS,n,2,289.41,2.3,D,0
40.60654,22.65495,333.26,0.45,0.39,2023-02-13,1110,N,VIIRS,n,2,288.83,3.7,D,0
41.01358,25.34508,335.38,0.39,0.36,2023-02-13,1110,N,VIIRS,n,2,289.65,2.98,D,0
40.57629,22.78228,327.89,0.44,0.39,2023-02-13,1110,N,VIIRS,n,2,289.27,2.42,D,0
41.00509,25.314,325.43,0.39,0.36,2023-02-13,1110,N,VIIRS,n,2,287.89,2.31,D,0
40.58694,22.68889,331.17,0.45,0.39,2023-02-13,1110,N,VIIRS,n,2,289.26,2.64,D,0
40.58793,22.69409,332.91,0.45,0.39,2023-02-13,1110,N,VIIRS,n,2,288.35,3.87,D,0
41.05093,25.20248,328.44,0.39,0.36,2023-02-13,1110,N,VIIRS,n,2,287.12,2.3,D,0
39.81237,25.1991,345.74,0.39,0.37,2023-02-13,1110,N,VIIRS,n,2,284.73,5.84,D,0
38.64051,21.34552,328.38,0.54,0.42,2023-02-13,1110,N,VIIRS,n,2,286.67,3.29,D,0
41.00583,25.31857,339.92,0.39,0.36,2023-02-13,1110,N,VIIRS,n,2,289.47,2.31,D,0
41.01028,25.34601,333.2,0.39,0.36,2023-02-13,1110,N,VIIRS,n,2,291.51,2.98,D,0
38.3741,24.06375,295.2,0.42,0.61,2023-02-14,0110,N,VIIRS,n,2,276.57,0.68,N,2
39.237,25.92936,327.43,0.54,0.42,2023-02-14,1051,N,VIIRS,n,2,283.44,1.96,D,0
39.46883,22.20531,338.97,0.54,0.5,2023-02-14,1051,N,VIIRS,n,2,286.22,4.1,D,0
41.04963,23.36232,336.73,0.43,0.46,2023-02-14,1052,N,VIIRS,n,2,285.94,4.1,D,0
41.01088,23.38832,332.74,0.43,0.46,2023-02-14,1052,N,VIIRS,n,2,286.61,2.04,D,0
40.91188,23.72088,331.37,0.42,0.45,2023-02-14,1052,N,VIIRS,n,2,286.67,1.96,D,0
40.64569,22.67431,342.09,0.48,0.48,2023-02-14,1052,N,VIIRS,n,2,288.31,14.32,D,0
40.6414,22.676,340.61,0.48,0.48,2023-02-14,1052,N,VIIRS,n,2,296.7,14.39,D,0
40.86953,23.85529,339.44,0.41,0.45,2023-02-14,1052,N,VIIRS,n,2,290.1,3.61,D,0
40.58883,22.66931,332.29,0.48,0.48,2023-02-14,1052,N,VIIRS,n,2,288.84,26.69,D,0
40.5901,22.67481,342.05,0.48,0.48,2023-02-14,1052,N,VIIRS,n,2,301.58,26.69,D,0
40.57245,22.75964,334.44,0.47,0.48,2023-02-14,1052,N,VIIRS,n,2,288.03,4.31,D,0
40.5783,22.80481,342.16,0.47,0.48,2023-02-14,1052,N,VIIRS,n,2,288.4,8.06,D,0
40.96192,24.59641,339.39,0.57,0.43,2023-02-14,1052,N,VIIRS,n,2,292.75,20.76,D,0
41.03929,25.19417,330.65,0.54,0.42,2023-02-14,1052,N,VIIRS,n,2,286.65,4.41,D,0
40.83106,26.17034,328.74,0.49,0.41,2023-02-14,1052,N,VIIRS,n,2,286.29,3.51,D,0
39.62628,20.94122,334.92,0.61,0.54,2023-02-14,1052,N,VIIRS,n,2,288.03,3.69,D,0
39.63078,20.9404,338.67,0.61,0.54,2023-02-14,1052,N,VIIRS,n,2,286.54,9.98,D,0
40.65765,22.66597,338.33,0.66,0.73,2023-02-14,1232,N,VIIRS,n,2,287,6.99,D,0
40.59589,22.69931,335.27,0.66,0.73,2023-02-14,1232,N,VIIRS,n,2,287.16,7.32,D,0
39.46731,22.20369,329.79,0.62,0.71,2023-02-14,1232,N,VIIRS,n,2,286.2,3.48,D,0
39.47017,22.20293,328.66,0.62,0.71,2023-02-14,1232,N,VIIRS,n,2,286.29,4.05,D,0
40.59783,22.82462,367,0.67,0.74,2023-02-14,1232,N,VIIRS,h,2,290.91,26.36,D,0
40.59651,22.82317,367,0.67,0.74,2023-02-14,1232,N,VIIRS,h,2,291.12,21.48,D,0
40.59659,22.70077,339.72,0.66,0.73,2023-02-14,1232,N,VIIRS,n,2,286.87,4.59,D,0
40.61738,22.81913,337.72,0.4,0.6,2023-02-15,1033,N,VIIRS,n,2,286.73,3.63,D,0
40.61768,22.81762,340.3,0.4,0.6,2023-02-15,1033,N,VIIRS,n,2,286.39,4.36,D,0
40.59093,22.69932,336.13,0.41,0.6,2023-02-15,1033,N,VIIRS,n,2,289.26,6.85,D,0
40.59403,22.69415,349.78,0.41,0.6,2023-02-15,1033,N,VIIRS,n,2,289.16,6.69,D,0
40.60993,22.70768,335.14,0.41,0.6,2023-02-15,1033,N,VIIRS,n,2,285.95,2.35,D,0
40.94265,23.76675,330.58,0.35,0.57,2023-02-15,1033,N,VIIRS,n,2,288.7,1.87,D,0
40.66797,22.7429,356.26,0.4,0.6,2023-02-15,1033,N,VIIRS,n,2,288.11,6.27,D,0
40.70296,22.57451,333.46,0.41,0.61,2023-02-15,1033,N,VIIRS,n,2,287.01,3.01,D,0
41.00912,23.41307,327.87,0.37,0.58,2023-02-15,1033,N,VIIRS,n,2,286.67,1.78,D,0
41.23753,23.29708,327.75,0.37,0.58,2023-02-15,1033,N,VIIRS,n,2,284.6,6.55,D,0
41.23521,23.28864,352.77,0.37,0.58,2023-02-15,1033,N,VIIRS,n,2,289.62,15.37,D,0
41.23637,23.29286,356.18,0.37,0.58,2023-02-15,1033,N,VIIRS,l,2,288.56,15.37,D,0
39.85275,20.59352,336.02,0.57,0.52,2023-02-15,1213,N,VIIRS,n,2,290.38,5.23,D,0
39.93557,21.0529,331.2,0.61,0.53,2023-02-15,1213,N,VIIRS,n,2,282.02,4.91,D,0
40.5778,22.77914,335.9,0.38,0.59,2023-02-15,1213,N,VIIRS,n,2,289.47,2.61,D,0
40.5727,22.67449,335.12,0.37,0.58,2023-02-15,1213,N,VIIRS,n,2,288.15,7.6,D,0
40.59511,22.79621,367,0.38,0.59,2023-02-15,1213,N,VIIRS,h,2,292.01,8.99,D,0
40.59421,22.77785,342.37,0.38,0.59,2023-02-15,1213,N,VIIRS,n,2,289.84,3.15,D,0
40.59061,22.70491,329.62,0.37,0.58,2023-02-15,1213,N,VIIRS,n,2,289.02,2.53,D,0
40.56911,22.18907,341.86,0.35,0.57,2023-02-15,1213,N,VIIRS,n,2,287.57,2.86,D,0
40.60901,22.85527,332.97,0.38,0.59,2023-02-15,1213,N,VIIRS,n,2,285.4,1.84,D,3
40.60741,22.71265,355.7,0.37,0.58,2023-02-15,1213,N,VIIRS,n,2,286.1,6.78,D,0
40.61932,22.62548,346.15,0.37,0.58,2023-02-15,1213,N,VIIRS,n,2,292.28,2.46,D,0
40.62875,22.70186,344.18,0.37,0.58,2023-02-15,1213,N,VIIRS,n,2,288.79,3.77,D,0
40.65723,22.70734,367,0.38,0.58,2023-02-15,1213,N,VIIRS,h,2,290.6,6.06,D,0
40.7222,22.69295,342.81,0.37,0.58,2023-02-15,1213,N,VIIRS,n,2,286.88,2.43,D,0
40.9501,23.59027,335.88,0.42,0.61,2023-02-15,1213,N,VIIRS,n,2,288.21,1.82,D,0
41.0119,23.56053,329.09,0.42,0.61,2023-02-15,1213,N,VIIRS,n,2,287.08,2.19,D,0
40.96976,23.19232,331.44,0.4,0.6,2023-02-15,1214,N,VIIRS,n,2,285.82,2.31,D,0
41.01292,23.56155,330.69,0.42,0.61,2023-02-15,1214,N,VIIRS,n,2,287.14,2.4,D,0
38.37425,24.06326,303.35,0.45,0.39,2023-02-16,0032,N,VIIRS,n,2,276.96,1.06,N,2
37.55413,21.56123,335.11,0.52,0.41,2023-02-16,1154,N,VIIRS,n,2,289.71,6.15,D,0
39.24389,20.8018,325.74,0.5,0.41,2023-02-16,1154,N,VIIRS,n,2,290.53,3.08,D,0
39.27916,20.536,332.7,0.49,0.4,2023-02-16,1154,N,VIIRS,n,2,290.5,5.65,D,0
40.14118,21.93219,339.37,0.39,0.44,2023-02-16,1154,N,VIIRS,n,2,292.84,7.83,D,0
40.00541,20.59188,327.53,0.5,0.41,2023-02-16,1154,N,VIIRS,n,2,291.95,3.58,D,0
40.32332,21.15278,329.23,0.53,0.42,2023-02-16,1154,N,VIIRS,n,2,293.72,4.56,D,0
40.32716,21.15184,337.55,0.53,0.42,2023-02-16,1154,N,VIIRS,n,2,294.61,4.56,D,0
40.32335,21.15107,331.73,0.54,0.42,2023-02-16,1154,N,VIIRS,n,2,293.27,3.92,D,0
40.32721,21.15013,332.25,0.54,0.42,2023-02-16,1154,N,VIIRS,n,2,294.7,5.91,D,0
40.54055,22.54564,335.62,0.42,0.45,2023-02-16,1154,N,VIIRS,n,2,289.75,2.81,D,0
41.31343,26.22278,334.79,0.33,0.55,2023-02-16,1155,N,VIIRS,n,2,287.93,2.47,D,0
40.70619,22.8162,299.7,0.43,0.38,2023-02-17,0013,N,VIIRS,n,2,276.43,0.99,N,2
39.1669,22.84299,295,0.42,0.37,2023-02-17,0013,N,VIIRS,n,2,273.4,0.9,N,2
38.37307,24.05946,303.41,0.39,0.36,2023-02-17,0013,N,VIIRS,n,2,277.75,0.96,N,2
37.919,23.07231,298.44,0.4,0.37,2023-02-17,0014,N,VIIRS,n,2,283.25,0.89,N,2
35.36196,24.40595,332.16,0.42,0.38,2023-02-17,1134,N,VIIRS,n,2,290.86,5.18,D,0
39.42631,20.38242,325.68,0.38,0.36,2023-02-17,1135,N,VIIRS,n,2,288.59,1.64,D,0
39.29915,20.57452,329.98,0.38,0.36,2023-02-17,1135,N,VIIRS,n,2,290.58,4.19,D,0
38.69276,22.43485,339.46,0.4,0.37,2023-02-17,1135,N,VIIRS,n,2,288.19,4.26,D,0
38.55106,21.53456,337.96,0.39,0.36,2023-02-17,1135,N,VIIRS,n,2,291.27,4.11,D,3
37.01898,21.96057,330.11,0.39,0.36,2023-02-17,1135,N,VIIRS,n,2,294.07,4.2,D,0
37.06795,22.41594,329.33,0.39,0.36,2023-02-17,1135,N,VIIRS,n,2,291.46,5.65,D,0
41.04832,25.17462,327.62,0.51,0.41,2023-02-17,1136,N,VIIRS,n,2,287.72,7,D,0
40.1768,21.49136,337.65,0.39,0.36,2023-02-17,1136,N,VIIRS,n,2,302.63,22.63,D,0
40.24666,21.42726,325.93,0.39,0.36,2023-02-17,1136,N,VIIRS,n,2,293.26,2.3,D,0
40.60836,22.82364,329.65,0.42,0.37,2023-02-17,1136,N,VIIRS,n,2,289.59,3.07,D,0
41.01496,23.8917,336.47,0.45,0.39,2023-02-17,1136,N,VIIRS,n,2,292.42,3.32,D,0
40.60611,22.69798,327.63,0.41,0.37,2023-02-17,1136,N,VIIRS,n,2,292.33,2.35,D,0
39.38697,22.80739,296.96,0.44,0.46,2023-02-17,2354,N,VIIRS,n,2,276.07,0.49,N,2
37.91825,23.07078,297,0.41,0.45,2023-02-17,2355,N,VIIRS,n,2,283.51,1.14,N,2
39.00861,20.74182,325.22,0.49,0.4,2023-02-18,1116,N,VIIRS,n,2,287.27,0.89,D,3
39.24849,21.96164,330.45,0.44,0.38,2023-02-18,1116,N,VIIRS,n,2,292.88,2.32,D,0
39.46962,21.95147,326.21,0.43,0.38,2023-02-18,1116,N,VIIRS,n,2,296.69,1.86,D,0
39.61575,21.6952,331.94,0.44,0.38,2023-02-18,1116,N,VIIRS,n,2,296.79,2.41,D,0
41.1317,25.3614,343.07,0.39,0.36,2023-02-18,1117,N,VIIRS,n,2,281.09,12.74,D,0
40.61929,22.2106,345.78,0.42,0.37,2023-02-18,1117,N,VIIRS,n,2,292.36,5.32,D,0
40.78666,22.99151,346.19,0.4,0.37,2023-02-18,1117,N,VIIRS,n,2,286.15,6.35,D,0
40.79078,22.99521,337.52,0.4,0.37,2023-02-18,1117,N,VIIRS,n,2,286.78,2.99,D,0
40.78999,22.99055,340.14,0.4,0.37,2023-02-18,1117,N,VIIRS,n,2,287.76,2.99,D,0
40.8,22.98766,339.46,0.4,0.37,2023-02-18,1117,N,VIIRS,n,2,286.66,5.42,D,0
40.8065,23.00539,339.76,0.4,0.37,2023-02-18,1117,N,VIIRS,n,2,288.92,2.37,D,0
40.96159,22.9003,341.79,0.4,0.37,2023-02-18,1117,N,VIIRS,n,2,291.45,1.37,D,0
40.98066,22.90952,338.71,0.4,0.37,2023-02-18,1117,N,VIIRS,n,2,291.94,2.1,D,0
41.09568,22.79789,327.75,0.4,0.37,2023-02-18,1117,N,VIIRS,n,2,289.94,1.34,D,0
40.81179,21.119,330.36,0.44,0.39,2023-02-18,1117,N,VIIRS,n,2,287.62,2.66,D,0
40.60055,22.80783,330.66,0.4,0.37,2023-02-18,1117,N,VIIRS,n,2,292.42,3.09,D,0
39.75471,20.71637,340.18,0.48,0.4,2023-02-18,1117,N,VIIRS,n,2,291.63,5.37,D,0
40.34609,21.78989,345.9,0.43,0.38,2023-02-18,1117,N,VIIRS,n,2,297.49,5.46,D,0
40.25136,21.25585,325.17,0.45,0.39,2023-02-18,1117,N,VIIRS,n,2,291.89,2.41,D,0
40.37283,21.79727,351.79,0.43,0.38,2023-02-18,1117,N,VIIRS,n,2,295.27,6.66,D,0
40.37627,21.7962,344.36,0.43,0.38,2023-02-18,1117,N,VIIRS,n,2,293.21,2.68,D,0
40.5458,22.6551,327.81,0.41,0.37,2023-02-18,1117,N,VIIRS,n,2,291.6,2.05,D,0
40.54836,22.62936,338.76,0.41,0.37,2023-02-18,1117,N,VIIRS,n,2,292.16,3.89,D,0
40.81453,21.12086,328.15,0.44,0.39,2023-02-18,1117,N,VIIRS,n,2,286.22,2.56,D,0
40.99596,24.83787,339.65,0.38,0.36,2023-02-18,1117,N,VIIRS,n,2,287.07,7.28,D,0
41.0308,24.75913,329.78,0.38,0.36,2023-02-18,1117,N,VIIRS,n,2,286.49,2.2,D,0
40.67351,22.55866,334.73,0.41,0.37,2023-02-18,1117,N,VIIRS,n,2,293.59,6.28,D,0
40.28518,23.44382,297.94,0.37,0.58,2023-02-18,2335,N,VIIRS,n,2,277.1,0.47,N,2
39.35413,22.98471,303.1,0.42,0.61,2023-02-19,0116,N,VIIRS,n,2,280.31,1.02,N,2
36.2981,22.93462,339.17,0.48,0.48,2023-02-19,1057,N,VIIRS,n,2,291.73,11.14,D,0
36.3003,22.9371,341.26,0.48,0.48,2023-02-19,1057,N,VIIRS,n,2,289.67,11.32,D,0
40.64024,21.55759,330.61,0.45,0.47,2023-02-19,1058,N,VIIRS,n,2,293.42,1.36,D,0
39.30249,21.97535,332.31,0.46,0.47,2023-02-19,1058,N,VIIRS,n,2,294.76,4.52,D,0
39.2986,21.97412,334.12,0.46,0.47,2023-02-19,1058,N,VIIRS,n,2,295.62,4.39,D,0
39.4493,21.92687,334.03,0.46,0.47,2023-02-19,1058,N,VIIRS,n,2,296.36,1.68,D,0
39.5326,21.9438,325.14,0.46,0.47,2023-02-19,1058,N,VIIRS,l,2,296.79,1.35,D,0
39.50763,21.73522,329.08,0.47,0.48,2023-02-19,1058,N,VIIRS,n,2,296.88,2.73,D,0
39.58558,21.75204,330.87,0.47,0.48,2023-02-19,1058,N,VIIRS,n,2,295.76,3.27,D,0
39.58482,21.7495,333.76,0.47,0.48,2023-02-19,1058,N,VIIRS,n,2,297.09,3.58,D,0
40.95084,26.17221,334.73,0.43,0.38,2023-02-19,1058,N,VIIRS,n,2,295.77,11.12,D,0
41.0821,25.18727,341.84,0.47,0.39,2023-02-19,1058,N,VIIRS,n,2,292.73,5.33,D,0
40.9788,24.65203,325.52,0.49,0.4,2023-02-19,1058,N,VIIRS,n,2,285.76,2.46,D,0
40.56804,22.67295,328.08,0.4,0.44,2023-02-19,1058,N,VIIRS,n,2,295.91,1.6,D,0
40.57088,22.64672,327.07,0.4,0.44,2023-02-19,1058,N,VIIRS,n,2,295.33,1.64,D,0
40.56573,22.62338,349.53,0.4,0.45,2023-02-19,1058,N,VIIRS,n,2,302.39,26.28,D,0
40.28166,21.25467,346.9,0.48,0.48,2023-02-19,1058,N,VIIRS,n,2,293.93,16.01,D,0
40.69641,22.76991,337.2,0.4,0.44,2023-02-19,1058,N,VIIRS,n,2,295.43,3.37,D,0
40.6963,22.77131,339.42,0.4,0.44,2023-02-19,1058,N,VIIRS,n,2,295.39,3.15,D,0
41.43156,26.41786,332.91,0.42,0.38,2023-02-19,1058,N,VIIRS,n,2,297.35,1.5,D,0
41.43496,26.41676,325.64,0.42,0.38,2023-02-19,1058,N,VIIRS,n,2,295.86,1.5,D,0
41.01464,24.09925,334.38,0.51,0.41,2023-02-19,1058,N,VIIRS,n,2,293.84,6.5,D,0
40.94962,23.78298,334.32,0.53,0.42,2023-02-19,1058,N,VIIRS,n,2,291.36,3.83,D,0
40.74876,22.69773,330.91,0.4,0.44,2023-02-19,1058,N,VIIRS,n,2,293.74,2.8,D,0
41.5294,26.41018,326.96,0.42,0.38,2023-02-19,1058,N,VIIRS,n,2,296.07,1.85,D,0
40.99735,23.5769,331.9,0.54,0.42,2023-02-19,1058,N,VIIRS,n,2,290.41,5.78,D,0
41.12791,23.95455,326.72,0.52,0.41,2023-02-19,1058,N,VIIRS,n,2,293.21,2.79,D,0
40.6395,21.56084,327.81,0.45,0.47,2023-02-19,1058,N,VIIRS,n,2,294.33,2.32,D,0
41.62636,26.36862,333.28,0.42,0.38,2023-02-19,1058,N,VIIRS,n,2,298.68,3.17,D,0
41.62806,26.37031,341.16,0.42,0.38,2023-02-19,1058,N,VIIRS,n,2,297.7,5,D,0
41.63578,26.37312,331.59,0.42,0.38,2023-02-19,1058,N,VIIRS,n,2,298.6,2.88,D,0
41.63918,26.37204,328.62,0.42,0.38,2023-02-19,1058,N,VIIRS,n,2,295.82,2.88,D,0
39.51251,22.02275,367,0.73,0.76,2023-02-19,1238,N,VIIRS,h,2,302.65,52.21,D,0
39.5163,22.01691,346.87,0.73,0.76,2023-02-19,1238,N,VIIRS,n,2,297.14,26.26,D,0
39.51636,22.02483,367,0.73,0.76,2023-02-19,1238,N,VIIRS,h,2,298.75,51.31,D,0
39.35463,22.98198,299.11,0.49,0.48,2023-02-20,0057,N,VIIRS,n,2,282.7,0.93,N,2
37.59942,21.81752,329.77,0.45,0.63,2023-02-20,1038,N,VIIRS,n,2,291.46,3.74,D,0
39.06845,22.25122,325.71,0.4,0.6,2023-02-20,1039,N,VIIRS,n,2,291.78,2.28,D,0
40.53612,22.65668,331.71,0.34,0.56,2023-02-20,1039,N,VIIRS,n,2,291.56,3,D,0
40.5658,22.72667,326.09,0.34,0.56,2023-02-20,1039,N,VIIRS,n,2,290.68,1.19,D,0
40.54608,22.65218,344.58,0.34,0.56,2023-02-20,1039,N,VIIRS,n,2,293.02,6.52,D,0
40.54503,22.64824,342.85,0.34,0.56,2023-02-20,1039,N,VIIRS,n,2,293.42,4.35,D,0
40.99235,25.65047,329.82,0.48,0.48,2023-02-20,1039,N,VIIRS,n,2,293.74,2.77,D,0
41.08037,25.41961,343.44,0.49,0.48,2023-02-20,1039,N,VIIRS,n,2,294,5.74,D,0
41.06731,25.04344,333.86,0.51,0.49,2023-02-20,1039,N,VIIRS,n,2,293.79,3.14,D,0
40.85608,23.83015,332.25,0.59,0.53,2023-02-20,1039,N,VIIRS,n,2,291.14,10.72,D,0
40.85439,23.82343,333.34,0.59,0.53,2023-02-20,1039,N,VIIRS,n,2,295.24,10.72,D,0
40.55937,22.68136,341.91,0.34,0.56,2023-02-20,1039,N,VIIRS,n,2,293.68,3.41,D,0
40.53954,22.60646,325.05,0.35,0.56,2023-02-20,1039,N,VIIRS,n,2,288.86,2.38,D,0
40.85904,23.82131,325.6,0.59,0.53,2023-02-20,1039,N,VIIRS,n,2,291.94,10.72,D,0
40.60023,22.81538,337.86,0.34,0.56,2023-02-20,1039,N,VIIRS,n,2,291.96,2.04,D,0
40.54767,22.61607,338.46,0.35,0.56,2023-02-20,1039,N,VIIRS,n,2,290.59,3.8,D,0
40.54662,22.61211,325.4,0.35,0.56,2023-02-20,1039,N,VIIRS,n,2,291.67,3.79,D,0
40.55996,22.64146,367,0.34,0.56,2023-02-20,1039,N,VIIRS,h,2,295.41,6.14,D,0
40.56182,22.62737,345.36,0.35,0.56,2023-02-20,1039,N,VIIRS,n,2,291.69,5.71,D,0
40.59894,22.59531,326.39,0.35,0.56,2023-02-20,1039,N,VIIRS,n,2,291.64,2.81,D,0
41.53757,26.46514,351.14,0.43,0.46,2023-02-20,1039,N,VIIRS,n,2,290.73,6.31,D,0
40.2486,21.42838,330.84,0.4,0.6,2023-02-20,1039,N,VIIRS,n,2,292.46,2.66,D,0
40.24965,21.42916,328.09,0.4,0.6,2023-02-20,1039,N,VIIRS,n,2,291.93,2.1,D,0
40.58937,22.68972,354.03,0.34,0.56,2023-02-20,1039,N,VIIRS,n,2,292.58,10.07,D,0
40.56472,22.6172,367,0.35,0.56,2023-02-20,1039,N,VIIRS,h,2,292.26,9.42,D,0
40.5904,22.69365,367,0.34,0.56,2023-02-20,1039,N,VIIRS,h,2,296.25,16.99,D,0
40.61301,22.80096,325.7,0.34,0.56,2023-02-20,1039,N,VIIRS,n,2,291.92,1.13,D,0
40.56367,22.61324,367,0.35,0.56,2023-02-20,1039,N,VIIRS,h,2,291.26,6.63,D,0
40.39185,21.79238,328.24,0.38,0.59,2023-02-20,1039,N,VIIRS,n,2,289.75,1.72,D,0
41.14178,25.33817,339.27,0.49,0.49,2023-02-20,1039,N,VIIRS,n,2,294.24,7.31,D,0
39.38465,21.96393,328.47,0.4,0.6,2023-02-20,1039,N,VIIRS,n,2,292.52,3.31,D,0
39.37967,21.96277,326.96,0.4,0.6,2023-02-20,1039,N,VIIRS,n,2,294.21,3.76,D,0
39.32958,21.88906,333.09,0.41,0.6,2023-02-20,1039,N,VIIRS,n,2,291.68,2.78,D,0
40.69236,22.63235,341.27,0.34,0.56,2023-02-20,1039,N,VIIRS,n,2,293.48,3.06,D,0
40.6816,22.6548,327.21,0.34,0.56,2023-02-20,1039,N,VIIRS,n,2,291.28,2.68,D,0
40.62797,22.5154,330.92,0.35,0.57,2023-02-20,1039,N,VIIRS,n,2,292.52,1.88,D,0
40.64301,22.59304,344.48,0.34,0.56,2023-02-20,1039,N,VIIRS,n,2,292.48,5.17,D,0
40.64405,22.59699,356.98,0.34,0.56,2023-02-20,1039,N,VIIRS,n,2,294.21,5.17,D,0
40.93597,23.74323,327.68,0.59,0.53,2023-02-20,1039,N,VIIRS,n,2,292.19,2.5,D,0
40.65146,22.72954,326.68,0.34,0.56,2023-02-20,1039,N,VIIRS,n,2,291.33,1.92,D,0
40.64215,22.69455,367,0.34,0.56,2023-02-20,1039,N,VIIRS,h,2,293.22,4.12,D,0
41.02401,24.21534,326.01,0.56,0.52,2023-02-20,1039,N,VIIRS,n,2,291.81,2.21,D,0
41.2367,23.07942,332.8,0.63,0.54,2023-02-20,1039,N,VIIRS,n,2,290.57,5.66,D,0
40.74931,22.27478,329.8,0.35,0.57,2023-02-20,1039,N,VIIRS,n,2,290.5,1.62,D,0
40.9706,23.44045,332.97,0.61,0.54,2023-02-20,1039,N,VIIRS,n,2,291.66,2.83,D,0
41.03585,23.48125,329.17,0.61,0.53,2023-02-20,1039,N,VIIRS,n,2,290.83,2.16,D,0
41.04017,23.51827,329.85,0.61,0.53,2023-02-20,1039,N,VIIRS,n,2,290.73,4.31,D,0
41.03826,23.51995,329.57,0.61,0.53,2023-02-20,1039,N,VIIRS,n,2,290.57,3.89,D,0
41.0347,23.56812,339.24,0.6,0.53,2023-02-20,1039,N,VIIRS,n,2,291.65,8.86,D,0
40.99581,23.60065,338.76,0.6,0.53,2023-02-20,1039,N,VIIRS,n,2,290.38,3.88,D,0
40.94196,23.55462,333.92,0.61,0.53,2023-02-20,1039,N,VIIRS,n,2,292.8,19.75,D,0
40.94376,23.56159,340.52,0.61,0.53,2023-02-20,1039,N,VIIRS,n,2,299.23,19.75,D,0
40.69301,22.63158,343.23,0.34,0.56,2023-02-20,1039,N,VIIRS,n,2,293.24,3.17,D,0
40.55265,22.61381,367,0.35,0.56,2023-02-20,1039,N,VIIRS,h,2,295.1,8.14,D,0
40.55892,22.63752,343.77,0.34,0.56,2023-02-20,1039,N,VIIRS,n,2,293.66,6.14,D,0
40.5537,22.61777,333.8,0.35,0.56,2023-02-20,1039,N,VIIRS,n,2,291.68,8.14,D,0
40.55161,22.60985,349.76,0.35,0.56,2023-02-20,1039,N,VIIRS,n,2,291.53,6.6,D,0
40.8701,23.82402,343.53,0.59,0.53,2023-02-20,1039,N,VIIRS,n,2,297.6,18.23,D,0
40.61111,22.81479,341.36,0.34,0.56,2023-02-20,1039,N,VIIRS,n,2,291.35,3.32,D,0
40.60097,22.77609,339.54,0.34,0.56,2023-02-20,1039,N,VIIRS,n,2,291.02,2.4,D,0
40.52196,22.64542,329.15,0.35,0.56,2023-02-20,1039,N,VIIRS,n,2,290.48,2.63,D,0
40.93903,23.56368,337.49,0.61,0.53,2023-02-20,1039,N,VIIRS,n,2,290.31,19.75,D,0
40.67607,22.56871,367,0.34,0.56,2023-02-20,1039,N,VIIRS,h,2,291.8,7.68,D,0
40.9428,23.5634,342.83,0.61,0.53,2023-02-20,1039,N,VIIRS,n,2,295.36,33.08,D,0
40.68075,22.56701,353.59,0.35,0.56,2023-02-20,1039,N,VIIRS,n,2,290.76,3.73,D,0
40.5259,22.63922,325.81,0.35,0.56,2023-02-20,1039,N,VIIRS,n,2,289.64,1.66,D,0
41.46814,26.55303,333.11,0.42,0.45,2023-02-20,1039,N,VIIRS,n,2,291.65,3.08,D,0
40.67577,22.56929,347.37,0.35,0.56,2023-02-20,1039,N,VIIRS,n,2,290.82,3.73,D,0
38.86531,22.50562,338.42,0.43,0.62,2023-02-20,1219,N,VIIRS,n,2,291.18,3.06,D,0
38.36304,23.37333,367,0.47,0.64,2023-02-20,1219,N,VIIRS,h,2,292.01,6.24,D,0
36.85719,21.85002,348.05,0.38,0.59,2023-02-20,1219,N,VIIRS,n,2,290.52,3.38,D,0
36.85736,21.85228,348.43,0.38,0.59,2023-02-20,1219,N,VIIRS,n,2,290.85,5.06,D,0
39.01497,21.9912,334.47,0.4,0.6,2023-02-20,1219,N,VIIRS,n,2,287.98,4.61,D,0
39.73202,22.45661,338.75,0.43,0.62,2023-02-20,1219,N,VIIRS,n,2,291.57,3.67,D,0
39.70161,22.42207,348.1,0.43,0.62,2023-02-20,1219,N,VIIRS,n,2,292.03,3.82,D,0
39.70134,22.41965,328.08,0.43,0.62,2023-02-20,1219,N,VIIRS,n,2,292.78,2.99,D,0
39.70157,22.42482,326.38,0.43,0.62,2023-02-20,1219,N,VIIRS,n,2,289.78,3.31,D,0
41.01748,23.57654,331.19,0.51,0.66,2023-02-20,1220,N,VIIRS,n,2,284.77,2.08,D,0
40.53736,22.66796,356.3,0.45,0.63,2023-02-20,1220,N,VIIRS,l,2,289.94,7.34,D,0
40.53717,22.66247,356.33,0.45,0.63,2023-02-20,1220,N,VIIRS,l,2,289.08,6.4,D,0
40.54288,22.65664,367,0.45,0.63,2023-02-20,1220,N,VIIRS,h,2,291.58,7.91,D,0
40.54138,22.61291,344.12,0.45,0.63,2023-02-20,1220,N,VIIRS,n,2,287.95,9.27,D,0
40.541,22.60201,338.23,0.45,0.63,2023-02-20,1220,N,VIIRS,n,2,288.23,4.7,D,0
40.54877,22.65629,357.75,0.45,0.63,2023-02-20,1220,N,VIIRS,l,2,289.49,7.91,D,0
40.55333,22.61767,345.15,0.45,0.63,2023-02-20,1220,N,VIIRS,n,2,290.75,4.29,D,0
40.55314,22.61222,347.87,0.45,0.63,2023-02-20,1220,N,VIIRS,n,2,290.6,4.29,D,0
40.5596,22.62825,367,0.45,0.63,2023-02-20,1220,N,VIIRS,h,2,290.7,7.82,D,0
40.55941,22.62278,334.83,0.45,0.63,2023-02-20,1220,N,VIIRS,n,2,290.16,7.82,D,0
40.55922,22.61732,332.31,0.45,0.63,2023-02-20,1220,N,VIIRS,n,2,288.79,4.29,D,0
40.56548,22.6279,336.84,0.45,0.63,2023-02-20,1220,N,VIIRS,n,2,289.75,4.64,D,0
40.58236,22.77062,334.69,0.46,0.63,2023-02-20,1220,N,VIIRS,n,2,288.87,3.52,D,0
40.62917,22.59692,336.33,0.45,0.63,2023-02-20,1220,N,VIIRS,n,2,290.06,3,D,0
40.61554,22.26071,330.78,0.43,0.62,2023-02-20,1220,N,VIIRS,n,2,291.32,2.97,D,0
40.61532,22.25546,333.72,0.43,0.62,2023-02-20,1220,N,VIIRS,n,2,291.57,2.97,D,0
40.64006,22.57451,333.06,0.45,0.63,2023-02-20,1220,N,VIIRS,n,2,290.46,2.49,D,0
40.63482,22.44505,336.74,0.44,0.62,2023-02-20,1220,N,VIIRS,n,2,287.45,1.97,D,0
40.68669,23.34876,343.04,0.49,0.65,2023-02-20,1220,N,VIIRS,n,2,286.08,6.72,D,0
40.6568,22.41174,351.51,0.44,0.62,2023-02-20,1220,N,VIIRS,n,2,291.35,7.11,D,0
40.64419,22.57641,348.37,0.45,0.63,2023-02-20,1220,N,VIIRS,n,2,291.08,5.83,D,0
40.65598,22.41365,367,0.44,0.62,2023-02-20,1220,N,VIIRS,h,2,291.84,6.59,D,0
40.68649,23.34584,354.4,0.49,0.65,2023-02-20,1220,N,VIIRS,n,2,286.59,5.37,D,0
40.67039,22.65164,367,0.45,0.63,2023-02-20,1220,N,VIIRS,h,2,292.09,10.79,D,0
40.70654,22.51299,343.08,0.44,0.63,2023-02-20,1220,N,VIIRS,n,2,288.79,3.24,D,0
40.78271,23.49694,353.58,0.5,0.66,2023-02-20,1220,N,VIIRS,n,2,287.46,5.64,D,0
40.78879,21.46059,325.26,0.39,0.59,2023-02-20,1220,N,VIIRS,n,2,286.05,2.29,D,0
40.95099,23.82755,341.13,0.52,0.67,2023-02-20,1220,N,VIIRS,n,2,286.82,5.96,D,0
41.00583,23.56639,326.78,0.5,0.66,2023-02-20,1220,N,VIIRS,n,2,285.37,3.59,D,0
40.53512,22.60234,328.95,0.45,0.63,2023-02-20,1220,N,VIIRS,n,2,286.71,1.61,D,0
41.0357,23.56324,342.14,0.51,0.66,2023-02-20,1220,N,VIIRS,n,2,286.64,5.23,D,0
41.38605,26.3903,367,0.71,0.75,2023-02-20,1220,N,VIIRS,h,2,292.52,7.45,D,0
41.39312,26.39056,343.39,0.71,0.75,2023-02-20,1220,N,VIIRS,n,2,290.22,7.45,D,0
41.7014,26.27292,335.91,0.7,0.75,2023-02-20,1220,N,VIIRS,n,2,287.53,5.36,D,0
41.70844,26.27313,367,0.7,0.75,2023-02-20,1220,N,VIIRS,h,2,291.69,41.42,D,0
41.70841,26.26428,336.88,0.7,0.75,2023-02-20,1220,N,VIIRS,n,2,287.96,18.93,D,0
40.53164,22.6738,329.15,0.45,0.63,2023-02-20,1220,N,VIIRS,n,2,286.54,7.34,D,0
40.56094,22.62249,341.12,0.45,0.63,2023-02-20,1220,N,VIIRS,n,2,289.79,7.91,D,0
40.56139,22.63341,325.11,0.45,0.63,2023-02-20,1220,N,VIIRS,n,2,289.45,6.89,D,0
40.56116,22.62795,367,0.45,0.63,2023-02-20,1220,N,VIIRS,h,2,290.87,6.89,D,0
40.55462,22.61191,341.8,0.45,0.63,2023-02-20,1220,N,VIIRS,n,2,288.81,5.86,D,0
40.55484,22.61736,348.94,0.45,0.63,2023-02-20,1220,N,VIIRS,n,2,291.15,7.91,D,0
40.54285,22.61255,344.72,0.45,0.63,2023-02-20,1220,N,VIIRS,n,2,287.71,8.63,D,0
40.54307,22.61798,343.06,0.45,0.63,2023-02-20,1220,N,VIIRS,n,2,288.48,9.18,D,0
40.5446,22.65623,367,0.45,0.63,2023-02-20,1220,N,VIIRS,h,2,292.5,13.55,D,0
40.53654,22.60197,345.61,0.45,0.63,2023-02-20,1220,N,VIIRS,n,2,287.78,3.23,D,0
40.53914,22.66751,352.99,0.45,0.63,2023-02-20,1220,N,VIIRS,n,2,289.61,8.19,D,0
40.53325,22.66784,357.16,0.45,0.63,2023-02-20,1220,N,VIIRS,l,2,289.89,8.19,D,0
40.53303,22.66236,356.71,0.45,0.63,2023-02-20,1220,N,VIIRS,n,2,289.52,8.19,D,0
40.53346,22.67333,335.58,0.45,0.63,2023-02-20,1220,N,VIIRS,n,2,287.35,11.64,D,0
40.04796,20.70963,326.05,0.35,0.57,2023-02-20,1220,N,VIIRS,n,2,291.68,2.02,D,0
40.53146,22.66831,339.74,0.45,0.63,2023-02-20,1220,N,VIIRS,n,2,287.49,7.34,D,0
40.53128,22.66282,339.16,0.45,0.63,2023-02-20,1220,N,VIIRS,n,2,288.7,6.4,D,0
40.86321,23.8264,332.64,0.46,0.39,2023-02-21,0038,N,VIIRS,n,2,275.82,4.26,N,0
40.92258,23.63729,311.52,0.45,0.39,2023-02-21,0038,N,VIIRS,n,2,273.29,2.22,N,0
38.37466,24.06383,299.94,0.51,0.41,2023-02-21,0038,N,VIIRS,n,2,280.39,0.46,N,2
38.37497,24.05906,300.89,0.51,0.41,2023-02-21,0038,N,VIIRS,n,2,279.83,1.05,N,2
39.35545,22.98266,295.73,0.45,0.39,2023-02-21,0038,N,VIIRS,n,2,281.34,0.44,N,2
39.35324,22.98427,298.17,0.45,0.39,2023-02-21,0038,N,VIIRS,n,2,281.98,0.76,N,2
40.86217,23.83174,298.82,0.46,0.39,2023-02-21,0038,N,VIIRS,n,2,272.08,1.03,N,0
38.03794,23.51315,298.18,0.49,0.4,2023-02-21,0039,N,VIIRS,n,2,283.41,1.13,N,2
37.91793,23.07034,296.33,0.47,0.4,2023-02-21,0039,N,VIIRS,n,2,284.18,1.4,N,2
38.03674,23.51156,298.24,0.49,0.4,2023-02-21,0039,N,VIIRS,n,2,282.03,1.57,N,3
40.86329,24.7483,338.58,0.46,0.63,2023-02-21,1020,N,VIIRS,n,2,289.82,5.59,D,0
41.49629,26.60782,336.65,0.36,0.57,2023-02-21,1020,N,VIIRS,n,2,294.13,1.78,D,0
41.436,26.38765,339.56,0.37,0.58,2023-02-21,1020,N,VIIRS,n,2,294.86,2.53,D,0
40.95912,24.62477,327.16,0.46,0.63,2023-02-21,1020,N,VIIRS,n,2,291.53,2.94,D,0
40.90409,23.19499,326.86,0.54,0.68,2023-02-21,1021,N,VIIRS,n,2,290.3,2.75,D,0
41.12387,23.3486,325.74,0.52,0.67,2023-02-21,1021,N,VIIRS,n,2,291.98,2.24,D,0
41.08109,23.44887,327.67,0.52,0.67,2023-02-21,1021,N,VIIRS,n,2,294.28,3.54,D,0
41.00195,23.47667,329.19,0.52,0.67,2023-02-21,1021,N,VIIRS,n,2,291.57,3.26,D,0
41.00232,23.47235,328.98,0.52,0.67,2023-02-21,1021,N,VIIRS,n,2,291.78,2.57,D,0
41.67374,26.26283,367,0.37,0.58,2023-02-21,1021,N,VIIRS,h,2,293.79,4.75,D,0
37.87191,22.47962,340.17,0.46,0.47,2023-02-21,1200,N,VIIRS,n,2,301.02,23.1,D,0
39.11465,22.37697,328.26,0.47,0.48,2023-02-21,1200,N,VIIRS,n,2,296.39,2.85,D,0
38.581,21.45745,328.75,0.42,0.45,2023-02-21,1200,N,VIIRS,n,2,291.77,3.5,D,0
39.51516,22.69396,331.48,0.5,0.49,2023-02-21,1200,N,VIIRS,n,2,297.38,3.11,D,0
39.16371,20.81744,328.67,0.39,0.44,2023-02-21,1200,N,VIIRS,n,2,291.22,1.74,D,0
38.58054,21.45255,334.19,0.42,0.45,2023-02-21,1200,N,VIIRS,n,2,292.67,3.5,D,0
40.31273,21.11915,337.61,0.42,0.45,2023-02-21,1201,N,VIIRS,n,2,295.38,3.74,D,0
41.57943,26.27605,336.9,0.4,0.6,2023-02-21,1201,N,VIIRS,n,2,294.01,3.26,D,0
41.02979,23.58784,339.37,0.57,0.52,2023-02-21,1201,N,VIIRS,n,2,295.38,16.13,D,0
41.08766,23.29928,343.81,0.55,0.51,2023-02-21,1201,N,VIIRS,n,2,295.05,5.47,D,0
41.121,23.29532,340.95,0.55,0.51,2023-02-21,1201,N,VIIRS,n,2,296.08,5.6,D,0
41.12056,23.29345,338.85,0.55,0.51,2023-02-21,1201,N,VIIRS,n,2,296.07,5,D,0
40.96061,23.80127,329,0.59,0.52,2023-02-21,1201,N,VIIRS,n,2,299.7,2.65,D,0
40.9688,24.31445,325.65,0.62,0.54,2023-02-21,1201,N,VIIRS,n,2,297.52,2.12,D,0
41.33523,26.50988,328.85,0.41,0.61,2023-02-21,1201,N,VIIRS,n,2,292.68,2.86,D,0
40.96225,23.79949,331.49,0.59,0.53,2023-02-21,1201,N,VIIRS,n,2,299.59,3.63,D,0
41.05713,25.15892,329.68,0.35,0.56,2023-02-21,1201,N,VIIRS,n,2,291.13,1.83,D,0
41.03122,23.58691,340.01,0.57,0.52,2023-02-21,1201,N,VIIRS,n,2,298.5,29.74,D,0
41.02878,23.5524,325.96,0.57,0.52,2023-02-21,1201,N,VIIRS,n,2,296.49,1.75,D,0
41.0244,23.49057,337.84,0.56,0.52,2023-02-21,1201,N,VIIRS,n,2,296.54,2.75,D,0
40.65252,21.59096,335.03,0.45,0.47,2023-02-21,1201,N,VIIRS,n,2,296.86,9.21,D,0
40.7023,22.51365,341.71,0.5,0.49,2023-02-21,1201,N,VIIRS,n,2,298.84,6.3,D,0
40.90574,26.23302,348.19,0.39,0.59,2023-02-21,1201,N,VIIRS,n,2,291.74,3.32,D,0
40.91871,23.62238,337.14,0.57,0.52,2023-02-21,1201,N,VIIRS,n,2,296.79,2.45,D,0
40.97013,24.31544,325.25,0.62,0.54,2023-02-21,1201,N,VIIRS,n,2,297.58,2.81,D,0
40.66459,22.56108,342.15,0.5,0.49,2023-02-21,1201,N,VIIRS,n,2,298.93,7.98,D,0
40.53846,22.59261,325.88,0.5,0.49,2023-02-21,1201,N,VIIRS,n,2,293.19,3.35,D,0
40.39275,21.85656,340.2,0.46,0.47,2023-02-21,1201,N,VIIRS,n,2,299.53,2.39,D,0
40.31219,21.11572,343.82,0.42,0.45,2023-02-21,1201,N,VIIRS,n,2,296.19,8.35,D,0
40.31222,21.11378,329.04,0.42,0.45,2023-02-21,1201,N,VIIRS,n,2,294.69,3.74,D,0
39.98108,21.69921,331.23,0.45,0.47,2023-02-21,1201,N,VIIRS,n,2,297.33,3.05,D,0
41.08104,22.23343,332.15,0.49,0.48,2023-02-21,1201,N,VIIRS,n,2,295.81,3.1,D,0
39.38732,22.80651,295.42,0.39,0.36,2023-02-22,0019,N,VIIRS,n,2,278,0.52,N,2
39.35411,22.98475,304.47,0.39,0.36,2023-02-22,0019,N,VIIRS,n,2,283.14,0.7,N,2
37.91982,23.07076,295.72,0.38,0.36,2023-02-22,0020,N,VIIRS,n,2,285.41,1.91,N,2
38.03899,23.50991,305.05,0.38,0.36,2023-02-22,0020,N,VIIRS,n,2,283.87,1.2,N,2
38.12788,23.52557,296.31,0.38,0.36,2023-02-22,0020,N,VIIRS,n,2,279.51,0.23,N,2
38.37225,24.06258,297.3,0.38,0.36,2023-02-22,0020,N,VIIRS,n,2,283.19,0.5,N,2
38.46611,23.01211,334.69,0.45,0.39,2023-02-22,1141,N,VIIRS,n,2,297.37,2.3,D,0
39.13659,22.40307,325.35,0.44,0.38,2023-02-22,1141,N,VIIRS,n,2,295.35,1.78,D,0
38.87859,22.49419,330.05,0.44,0.38,2023-02-22,1141,N,VIIRS,n,2,292.48,1.62,D,0
40.03402,20.7054,329.24,0.4,0.37,2023-02-22,1142,N,VIIRS,n,2,296.03,2.45,D,0
40.04222,20.68897,332.01,0.4,0.37,2023-02-22,1142,N,VIIRS,n,2,294.4,3,D,0
39.57788,22.66981,335.62,0.45,0.39,2023-02-22,1142,N,VIIRS,n,2,296.43,2.36,D,0
40.84446,26.1846,339.95,0.44,0.46,2023-02-22,1142,N,VIIRS,n,2,291.73,4.42,D,0
39.80183,22.30808,342.3,0.44,0.38,2023-02-22,1142,N,VIIRS,n,2,294.62,4.91,D,0
40.01717,21.62378,329.38,0.42,0.38,2023-02-22,1142,N,VIIRS,n,2,296.19,2.21,D,0
40.24705,21.41935,332.71,0.42,0.38,2023-02-22,1142,N,VIIRS,n,2,293.49,3.18,D,0
40.2557,21.37678,340.5,0.42,0.37,2023-02-22,1142,N,VIIRS,n,2,295.97,3.9,D,0
40.84584,26.18128,338.78,0.44,0.46,2023-02-22,1142,N,VIIRS,n,2,290.47,4.7,D,0
40.40205,21.32125,346.82,0.42,0.37,2023-02-22,1142,N,VIIRS,n,2,297.39,4.97,D,0
40.41772,21.33293,333,0.42,0.37,2023-02-22,1142,N,VIIRS,n,2,294.68,1.69,D,0
40.6031,22.8174,330.99,0.47,0.39,2023-02-22,1142,N,VIIRS,n,2,291.63,2.46,D,0
40.54931,21.67984,328.78,0.43,0.38,2023-02-22,1142,N,VIIRS,n,2,295.51,2.77,D,0
40.69714,22.63855,334.17,0.46,0.39,2023-02-22,1142,N,VIIRS,n,2,291.79,2.4,D,0
40.6965,22.63309,331.53,0.46,0.39,2023-02-22,1142,N,VIIRS,n,2,290.84,2.4,D,0
39.56896,22.04859,332.19,0.43,0.38,2023-02-22,1142,N,VIIRS,n,2,294.85,4.97,D,0
40.61201,21.72091,331.99,0.43,0.38,2023-02-22,1142,N,VIIRS,n,2,298.39,1.87,D,0
40.88063,23.84505,330.61,0.52,0.41,2023-02-22,1142,N,VIIRS,n,2,289.96,1.9,D,0
40.74243,22.42946,325.02,0.45,0.39,2023-02-22,1142,N,VIIRS,n,2,296.09,1.71,D,0
40.9419,23.77699,331.68,0.51,0.41,2023-02-22,1142,N,VIIRS,n,2,295.32,2.41,D,0
40.98888,23.53312,335.03,0.5,0.41,2023-02-22,1142,N,VIIRS,n,2,297,4.25,D,0
40.90919,22.70694,328.04,0.47,0.39,2023-02-22,1142,N,VIIRS,n,2,291.89,1.95,D,0
41.53283,26.57467,345.64,0.47,0.48,2023-02-22,1142,N,VIIRS,n,2,293.44,7.86,D,0
41.23182,23.27411,327.41,0.49,0.4,2023-02-22,1142,N,VIIRS,n,2,293.53,2.36,D,0
41.70609,26.26139,330.32,0.45,0.47,2023-02-22,1142,N,VIIRS,n,2,293.64,2.83,D,0
39.59409,20.85391,325.52,0.4,0.37,2023-02-22,1142,N,VIIRS,n,2,293.44,1.66,D,0
39.1689,22.8436,297.62,0.55,0.43,2023-02-23,0001,N,VIIRS,n,2,279.21,1.21,N,2
37.91904,23.06993,295.24,0.52,0.41,2023-02-23,0001,N,VIIRS,n,2,284.04,1.74,N,2
38.37424,24.06392,299.02,0.48,0.4,2023-02-23,0001,N,VIIRS,n,2,282.11,0.86,N,2
35.35402,23.55407,334.24,0.39,0.37,2023-02-23,1121,N,VIIRS,n,2,291.02,3.84,D,0
37.38103,22.08933,331.29,0.41,0.37,2023-02-23,1122,N,VIIRS,n,2,294.33,8.4,D,0
38.59748,21.47183,334.87,0.41,0.37,2023-02-23,1122,N,VIIRS,n,2,278.09,3.89,D,0
37.66264,24.37292,329.25,0.38,0.36,2023-02-23,1122,N,VIIRS,n,2,290.06,1.07,D,0
37.75259,21.37879,329.5,0.42,0.38,2023-02-23,1122,N,VIIRS,n,2,285.77,2.04,D,0
36.73704,22.52195,329.71,0.41,0.37,2023-02-23,1122,N,VIIRS,n,2,290.99,3.87,D,0
40.23591,21.77305,332.03,0.4,0.37,2023-02-23,1123,N,VIIRS,n,2,289.09,2.84,D,0
40.44738,21.21273,327.95,0.41,0.37,2023-02-23,1123,N,VIIRS,n,2,290.03,1.46,D,0
40.79396,22.75113,335.49,0.39,0.36,2023-02-23,1123,N,VIIRS,n,2,290.72,1.45,D,0
40.75112,21.13424,325.16,0.4,0.37,2023-02-23,1123,N,VIIRS,n,2,282.43,2.1,D,0
41.30374,23.79736,338.45,0.39,0.36,2023-02-23,1123,N,VIIRS,n,2,291.37,3.87,D,0
40.85491,23.83574,343.82,0.39,0.36,2023-02-23,1123,N,VIIRS,n,2,292.91,4.48,D,0
40.59089,22.34971,327.18,0.39,0.36,2023-02-23,1123,N,VIIRS,n,2,292.46,1.21,D,0
40.63997,22.78557,335.13,0.39,0.36,2023-02-23,1123,N,VIIRS,n,2,292.63,2.55,D,0
40.57196,22.68156,329.58,0.39,0.36,2023-02-23,1123,N,VIIRS,n,2,290.2,1.76,D,0
39.53876,21.71304,342.93,0.4,0.37,2023-02-23,1123,N,VIIRS,n,2,283.82,3.87,D,0
39.47638,21.88382,328.12,0.4,0.37,2023-02-23,1123,N,VIIRS,n,2,288.5,2.06,D,0
39.38722,22.6169,329.16,0.39,0.36,2023-02-23,1123,N,VIIRS,n,2,292.43,1.37,D,0
40.31467,21.95324,336.73,0.39,0.36,2023-02-23,1123,N,VIIRS,n,2,294.24,1.83,D,0
40.54829,22.64087,341.81,0.39,0.36,2023-02-23,1123,N,VIIRS,n,2,292.18,4.49,D,0
41.06413,23.32693,335.65,0.38,0.36,2023-02-23,1123,N,VIIRS,n,2,292.62,2.39,D,0
41.03335,24.12799,327.18,0.39,0.36,2023-02-23,1123,N,VIIRS,n,2,290.22,1.51,D,0
40.29709,21.91001,337.78,0.39,0.37,2023-02-23,1123,N,VIIRS,n,2,294.63,4.69,D,0
40.29376,21.91085,340.03,0.39,0.37,2023-02-23,1123,N,VIIRS,n,2,294.89,3.08,D,0
39.71831,22.16833,327.76,0.39,0.36,2023-02-23,1123,N,VIIRS,n,2,282.95,1.66,D,0
40.56308,22.47607,327.1,0.39,0.36,2023-02-23,1123,N,VIIRS,n,2,293.68,1.84,D,0
36.95551,27.0167,295.07,0.55,0.43,2023-02-23,2342,N,VIIRS,n,2,280.75,0.75,N,0
40.285,23.44477,296.22,0.5,0.66,2023-02-24,0122,N,VIIRS,n,2,279.87,0.51,N,2
40.28366,23.44384,298.45,0.5,0.66,2023-02-24,0122,N,VIIRS,n,2,280.33,0.83,N,2
37.19476,24.4607,336.51,0.5,0.41,2023-02-24,1103,N,VIIRS,n,2,288.52,6.18,D,0
37.70632,21.32728,328.07,0.45,0.47,2023-02-24,1103,N,VIIRS,n,2,289.77,3.04,D,0
40.80375,21.53786,328.02,0.57,0.43,2023-02-24,1104,N,VIIRS,n,2,293.55,6.33,D,0
41.48918,26.2383,326.05,0.39,0.37,2023-02-24,1104,N,VIIRS,n,2,291.18,2.36,D,0
39.75995,20.7299,325.85,0.44,0.46,2023-02-24,1104,N,VIIRS,n,2,292.51,2.98,D,0
41.44546,26.48769,329.62,0.39,0.36,2023-02-24,1104,N,VIIRS,n,2,292.29,3.91,D,0
39.43252,22.80541,299.45,0.58,0.7,2023-02-24,2323,N,VIIRS,n,2,279,1.19,N,0
38.37193,24.0601,303.66,0.35,0.57,2023-02-25,0103,N,VIIRS,n,2,282.04,0.94,N,2
37.91907,23.07447,295.33,0.32,0.54,2023-02-25,0104,N,VIIRS,n,2,283.6,1.1,N,2
41.00813,24.69253,339.18,0.45,0.47,2023-02-25,1045,N,VIIRS,n,2,290.47,5.21,D,0
40.79305,24.02884,332.93,0.49,0.48,2023-02-25,1045,N,VIIRS,n,2,284.4,4.7,D,0
39.04216,22.25988,367,0.33,0.55,2023-02-25,1045,N,VIIRS,h,2,295.56,8.27,D,0
39.41556,21.99216,331.98,0.33,0.55,2023-02-25,1045,N,VIIRS,n,2,290.87,1.66,D,0
41.09921,23.46348,340.07,0.51,0.49,2023-02-25,1045,N,VIIRS,n,2,288.16,5.42,D,0
40.9317,23.71488,338.99,0.5,0.49,2023-02-25,1045,N,VIIRS,n,2,287.24,6.67,D,0
38.48013,23.00074,328.67,0.62,0.54,2023-02-25,1045,N,VIIRS,n,2,297.59,4.42,D,0
41.5239,26.5756,335.59,0.54,0.42,2023-02-25,1045,N,VIIRS,n,2,295.24,15.86,D,0
41.52728,26.57568,336.04,0.54,0.42,2023-02-25,1045,N,VIIRS,n,2,292.18,6.6,D,0
41.52349,26.57707,339.93,0.54,0.42,2023-02-25,1045,N,VIIRS,n,2,293.67,10.36,D,0
35.12781,25.03808,329.77,0.68,0.74,2023-02-25,1224,N,VIIRS,n,2,287.83,3.28,D,0
35.12663,25.03764,326.57,0.68,0.74,2023-02-25,1224,N,VIIRS,n,2,287.28,4.48,D,0
38.40465,23.01659,337,0.55,0.68,2023-02-25,1225,N,VIIRS,n,2,292.68,4.85,D,0
38.40486,23.02314,328.69,0.55,0.68,2023-02-25,1225,N,VIIRS,n,2,292.8,6.07,D,0
38.40623,23.02141,341.3,0.55,0.68,2023-02-25,1225,N,VIIRS,n,2,293,6.8,D,0
37.5934,21.80133,346.74,0.51,0.5,2023-02-26,1206,N,VIIRS,n,2,278.32,10.04,D,0
37.58879,21.8019,345.14,0.51,0.5,2023-02-26,1206,N,VIIRS,n,2,281.19,6.46,D,0
38.65932,22.89495,325.21,0.6,0.53,2023-02-26,1206,N,VIIRS,n,2,283.29,4.26,D,0
39.35588,22.98519,298.84,0.39,0.36,2023-02-27,0026,N,VIIRS,n,2,283.23,0.45,N,2
39.16747,22.84615,295.61,0.39,0.36,2023-02-27,0026,N,VIIRS,n,2,283.16,0.66,N,3
38.23644,20.42136,329.19,0.42,0.37,2023-02-27,1148,N,VIIRS,n,2,291.56,2.16,D,0
38.47618,23.12758,329.07,0.53,0.42,2023-02-27,1148,N,VIIRS,n,2,276.05,2.19,D,0
38.12812,23.52511,295.52,0.47,0.48,2023-02-28,2348,N,VIIRS,n,2,283.26,0.54,N,2
35.21481,25.31556,330.66,0.47,0.64,2023-03-03,1212,N,VIIRS,n,2,288.47,3.23,D,0
39.35275,22.98611,296.98,0.42,0.37,2023-03-05,0013,N,VIIRS,n,2,281.8,0.9,N,2
35.10072,25.2682,345.01,0.44,0.39,2023-03-05,1134,N,VIIRS,n,2,292.96,4.91,D,0
36.7867,22.57163,329.44,0.39,0.36,2023-03-05,1135,N,VIIRS,n,2,288.62,2.11,D,0
38.34314,23.41577,350.23,0.41,0.37,2023-03-06,1116,N,VIIRS,n,2,293.06,4.28,D,0
41.01099,24.8282,328.49,0.38,0.36,2023-03-06,1117,N,VIIRS,n,2,292.83,2.66,D,0
41.00996,24.86624,330.61,0.38,0.36,2023-03-06,1117,N,VIIRS,n,2,294.18,1.61,D,0
40.28505,23.44281,296.61,0.49,0.48,2023-03-08,0057,N,VIIRS,n,2,279.8,0.47,N,2
35.28476,24.54376,334.45,0.38,0.58,2023-03-08,1038,N,VIIRS,n,2,290.01,2.38,D,0
35.22842,23.91491,345.18,0.48,0.65,2023-03-08,1218,N,VIIRS,n,2,291.49,3.67,D,0
35.22985,23.91595,330.5,0.48,0.65,2023-03-08,1218,N,VIIRS,n,2,291.17,4.3,D,0
35.22966,23.91138,328.24,0.48,0.65,2023-03-08,1218,N,VIIRS,n,2,290.75,4.3,D,0
39.16975,22.84144,310.95,0.45,0.39,2023-03-09,0038,N,VIIRS,n,2,280.06,1.39,N,2
39.35466,22.98403,300.81,0.45,0.39,2023-03-09,0038,N,VIIRS,n,2,282.6,1.05,N,2
35.33912,23.76996,326.18,0.51,0.49,2023-03-09,1159,N,VIIRS,n,2,292.42,2.73,D,0
39.06566,22.22099,335.95,0.46,0.47,2023-03-09,1201,N,VIIRS,n,2,281.82,4.06,D,0
39.6377,22.60159,330.4,0.49,0.49,2023-03-09,1201,N,VIIRS,n,2,289.36,2.88,D,0
39.05832,22.23847,343.31,0.46,0.47,2023-03-09,1201,N,VIIRS,n,2,284.37,10.64,D,0
39.94166,25.10779,327.79,0.34,0.56,2023-03-09,1201,N,VIIRS,n,2,283.18,4.87,D,0
40.28426,23.44588,298.95,0.39,0.36,2023-03-10,0019,N,VIIRS,n,2,279.61,0.4,N,2
38.13015,23.52525,295.46,0.38,0.36,2023-03-10,0020,N,VIIRS,n,2,273.71,0.49,N,2
39.16637,22.84498,298.19,0.39,0.36,2023-03-10,0020,N,VIIRS,n,2,277.62,0.79,N,2
39.16783,22.84081,302.24,0.55,0.43,2023-03-11,0001,N,VIIRS,n,2,282.6,1.25,N,2
38.1298,23.52637,296.93,0.5,0.41,2023-03-11,0001,N,VIIRS,n,2,283.54,0.9,N,2
39.17176,22.84149,298.38,0.55,0.43,2023-03-11,0001,N,VIIRS,n,2,282.67,1.25,N,2
35.38615,24.13092,327.54,0.39,0.36,2023-03-11,1122,N,VIIRS,n,2,294.32,1.92,D,0
35.42809,23.92193,331.03,0.39,0.36,2023-03-11,1122,N,VIIRS,n,2,291.53,3.17,D,0
38.41395,23.06598,337.38,0.39,0.36,2023-03-11,1123,N,VIIRS,n,2,293.51,4.83,D,0
41.07379,25.18251,330.36,0.4,0.37,2023-03-11,1123,N,VIIRS,n,2,296.18,1.64,D,0
40.91115,24.85801,345.11,0.4,0.37,2023-03-11,1123,N,VIIRS,n,2,297.68,11.24,D,0
38.34457,23.41746,339.19,0.39,0.36,2023-03-11,1123,N,VIIRS,n,2,290.28,3.28,D,0
38.34127,23.41832,351.04,0.39,0.36,2023-03-11,1123,N,VIIRS,n,2,289.08,3.28,D,0
37.91629,23.0722,297.33,0.32,0.55,2023-03-13,0104,N,VIIRS,n,2,283.39,0.8,N,2
38.03809,23.51104,295.77,0.33,0.56,2023-03-13,0104,N,VIIRS,n,2,283.32,0.9,N,2
39.89352,21.60431,343.82,0.34,0.56,2023-03-13,1046,N,VIIRS,n,2,286.92,4.02,D,0
40.66543,22.56087,338.28,0.58,0.52,2023-03-13,1046,N,VIIRS,n,2,294.36,5.26,D,0
41.01634,24.74588,339.64,0.44,0.46,2023-03-13,1046,N,VIIRS,n,2,292.76,2.23,D,0
40.89732,24.62302,326.51,0.45,0.47,2023-03-13,1046,N,VIIRS,n,2,290.83,2.06,D,0
40.89172,24.76398,339.12,0.45,0.47,2023-03-13,1046,N,VIIRS,n,2,292.27,4.98,D,0
41.02968,25.45945,330.08,0.41,0.45,2023-03-13,1046,N,VIIRS,n,2,294.56,2.11,D,0
40.81937,26.11774,343.64,0.39,0.44,2023-03-13,1046,N,VIIRS,n,2,288.61,4.48,D,0
39.2012,20.90284,348.82,0.43,0.62,2023-03-13,1226,N,VIIRS,n,2,292.13,6.22,D,0
39.20142,20.908,345.32,0.43,0.62,2023-03-13,1226,N,VIIRS,n,2,292.28,8.25,D,0
40.59783,22.74786,338.13,0.55,0.68,2023-03-13,1226,N,VIIRS,n,2,290.12,5.75,D,0
40.59925,22.74613,351.22,0.55,0.68,2023-03-13,1226,N,VIIRS,n,2,291.51,8.24,D,0
40.87252,24.77948,367,0.7,0.75,2023-03-13,1226,N,VIIRS,h,2,296.88,44.45,D,0
40.87257,24.78818,325.16,0.7,0.75,2023-03-13,1226,N,VIIRS,n,2,288,29.95,D,0
40.92976,24.90322,335.16,0.71,0.75,2023-03-13,1226,N,VIIRS,n,2,289.17,3.7,D,0
41.21056,23.23589,342.63,0.59,0.7,2023-03-13,1226,N,VIIRS,n,2,286.77,4.35,D,0
41.20902,23.23555,343.3,0.59,0.7,2023-03-13,1226,N,VIIRS,n,2,287.13,6.13,D,0
40.92969,24.90722,297.06,0.39,0.44,2023-03-14,0044,N,VIIRS,n,2,272.17,1,N,0
40.92475,24.91026,298.92,0.39,0.44,2023-03-14,0044,N,VIIRS,n,2,273.62,1.28,N,0
40.92534,24.90742,301.04,0.39,0.44,2023-03-14,0044,N,VIIRS,n,2,273.84,0.93,N,0
40.92868,24.91176,308.2,0.39,0.44,2023-03-14,0044,N,VIIRS,n,2,272.66,0.97,N,0
39.20455,20.89986,330.94,0.65,0.73,2023-03-14,1027,N,VIIRS,n,2,288.38,3.09,D,0
40.88889,24.72614,348.54,0.38,0.59,2023-03-14,1027,N,VIIRS,n,2,292.29,3.47,D,0
40.97806,24.97723,326.07,0.37,0.58,2023-03-14,1027,N,VIIRS,n,2,291.28,1.37,D,0
41.09915,24.93773,347.24,0.41,0.6,2023-03-14,1207,N,VIIRS,n,2,292.36,3.47,D,0
37.69493,21.37541,334.19,0.49,0.49,2023-03-14,1207,N,VIIRS,n,2,289.62,4.26,D,0
40.34883,21.29108,328.33,0.52,0.5,2023-03-14,1207,N,VIIRS,n,2,281.85,2.94,D,0
38.8812,22.52732,339.87,0.58,0.52,2023-03-14,1207,N,VIIRS,n,2,290.92,7.66,D,0
40.84363,26.17031,330.47,0.47,0.64,2023-03-14,1207,N,VIIRS,n,2,294.55,3.71,D,0
40.91959,24.82379,350.97,0.4,0.6,2023-03-14,1207,N,VIIRS,n,2,293.78,7.5,D,0
40.92066,23.66725,339.47,0.35,0.57,2023-03-14,1207,N,VIIRS,n,2,290.45,2.83,D,0
40.92732,23.72638,325.84,0.35,0.57,2023-03-14,1207,N,VIIRS,n,2,294.34,0.81,D,0
40.92423,23.66657,343.61,0.35,0.57,2023-03-14,1207,N,VIIRS,n,2,290.18,3.24,D,0
37.6937,21.37789,338.16,0.49,0.49,2023-03-14,1207,N,VIIRS,n,2,290.19,4.83,D,0
37.65537,21.80124,329.75,0.52,0.5,2023-03-14,1207,N,VIIRS,n,2,291.8,1.85,D,0
39.17063,22.84197,306.91,0.47,0.4,2023-03-16,0007,N,VIIRS,n,2,278.24,1.42,N,2
38.11692,20.57202,333.01,0.4,0.37,2023-03-16,1129,N,VIIRS,n,2,284.71,2.77,D,0
41.11739,25.25455,332.82,0.39,0.36,2023-03-17,1111,N,VIIRS,n,2,294.7,3.07,D,0
41.04423,24.83142,345.44,0.39,0.36,2023-03-17,1111,N,VIIRS,n,2,288.47,1.42,D,0
41.06926,25.23464,325.3,0.39,0.36,2023-03-17,1111,N,VIIRS,n,2,292.53,1.55,D,0
40.58345,22.79142,329.38,0.47,0.48,2023-03-18,1052,N,VIIRS,n,2,288.76,2.47,D,0
40.58222,22.7893,329.59,0.47,0.48,2023-03-18,1052,N,VIIRS,n,2,288.99,2.51,D,0
39.35427,22.98533,298.77,0.41,0.45,2023-03-19,0051,N,VIIRS,n,2,278.96,0.96,N,2
37.91769,23.07084,297.3,0.44,0.46,2023-03-19,0052,N,VIIRS,n,2,282.76,1.25,N,2
40.88715,24.68006,328.45,0.32,0.55,2023-03-19,1033,N,VIIRS,n,2,294.55,1.83,D,0
40.93565,24.59639,327.92,0.32,0.55,2023-03-19,1033,N,VIIRS,n,2,292.57,2.27,D,0
40.90171,23.80601,327.85,0.35,0.57,2023-03-19,1033,N,VIIRS,n,2,294.75,3.68,D,0
40.9028,23.81007,367,0.35,0.57,2023-03-19,1033,N,VIIRS,h,2,290.64,5.83,D,0
41.02653,25.45828,328.44,0.58,0.52,2023-03-19,1033,N,VIIRS,n,2,294.7,3.26,D,0
40.90673,23.80369,327.3,0.35,0.57,2023-03-19,1033,N,VIIRS,n,2,293.79,1.5,D,0
40.93848,24.72328,335.79,0.48,0.65,2023-03-19,1214,N,VIIRS,n,2,292.97,2.98,D,0
40.89947,25.47452,328.4,0.52,0.67,2023-03-19,1214,N,VIIRS,n,2,290.95,3.97,D,0
39.35505,22.98636,300.75,0.41,0.37,2023-03-20,0032,N,VIIRS,n,2,280.82,0.77,N,2
39.3872,22.80538,304.21,0.4,0.37,2023-03-20,0032,N,VIIRS,n,2,278.66,0.69,N,2
40.70552,22.81336,312.69,0.4,0.37,2023-03-20,0032,N,VIIRS,n,2,277.81,1.27,N,2
40.89411,26.22612,325.81,0.32,0.55,2023-03-20,1155,N,VIIRS,n,2,282.5,3.14,D,0
40.89387,26.22219,338.16,0.32,0.55,2023-03-20,1155,N,VIIRS,n,2,283.45,2.48,D,0
41.21384,23.22578,332.36,0.46,0.47,2023-03-20,1155,N,VIIRS,n,2,292.88,3.22,D,0
39.23518,22.2729,328.99,0.39,0.44,2023-03-20,1155,N,VIIRS,n,2,299.81,1.82,D,0
37.91907,23.07367,297.6,0.4,0.37,2023-03-21,0014,N,VIIRS,n,2,284.11,1.34,N,2
41.12278,23.28121,345.7,0.39,0.36,2023-03-22,1117,N,VIIRS,n,2,294.52,6.47,D,0
38.03886,23.51022,295.08,0.35,0.57,2023-03-22,2336,N,VIIRS,n,2,284.04,0.83,N,2
38.01524,23.31686,317.87,0.36,0.57,2023-03-22,2336,N,VIIRS,n,2,278.6,0.97,N,0
38.01719,23.31724,305.77,0.48,0.64,2023-03-23,0117,N,VIIRS,n,2,278.93,1.09,N,0
35.20584,24.41195,339.59,0.43,0.46,2023-03-23,1057,N,VIIRS,n,2,291.06,3.18,D,0
40.98726,23.47994,327.71,0.54,0.42,2023-03-23,1058,N,VIIRS,n,2,294.18,1.66,D,0
41.06077,23.43959,329.41,0.54,0.42,2023-03-23,1058,N,VIIRS,n,2,296.39,2.68,D,0
41.08862,23.41577,328.33,0.55,0.42,2023-03-23,1058,N,VIIRS,n,2,299.34,2,D,0
38.89972,22.52573,344.76,0.44,0.46,2023-03-23,1058,N,VIIRS,n,2,287.46,10.64,D,0
40.05888,22.1,328.09,0.44,0.46,2023-03-23,1058,N,VIIRS,n,2,292.95,2.23,D,0
40.95238,24.26173,328.76,0.51,0.41,2023-03-23,1058,N,VIIRS,n,2,297.6,2.74,D,0
38.89724,22.52351,326.99,0.44,0.46,2023-03-23,1058,N,VIIRS,n,2,286.92,4.5,D,0
37.91829,23.07361,296.36,0.53,0.5,2023-03-24,0058,N,VIIRS,n,2,284.52,1.59,N,2
37.8377,21.28089,330.93,0.36,0.58,2023-03-24,1219,N,VIIRS,n,2,292.97,1.97,D,0
37.84443,21.49653,333.05,0.37,0.58,2023-03-24,1219,N,VIIRS,n,2,292.24,1.55,D,0
40.83478,21.44506,325.98,0.39,0.59,2023-03-24,1220,N,VIIRS,n,2,296.51,1.24,D,0
40.73118,21.49819,334.33,0.39,0.6,2023-03-24,1220,N,VIIRS,n,2,296.49,5.33,D,0
40.98344,23.499,325.1,0.5,0.66,2023-03-24,1220,N,VIIRS,l,2,296.1,1.06,D,0
37.91737,23.07155,300.25,0.48,0.4,2023-03-25,0039,N,VIIRS,n,2,287.39,1.21,N,2
39.38536,22.80811,297.52,0.44,0.39,2023-03-25,0039,N,VIIRS,n,2,281.71,0.6,N,2
39.356,22.9833,300.36,0.45,0.39,2023-03-25,0039,N,VIIRS,n,2,283.61,0.84,N,2
39.35398,22.9854,305.23,0.45,0.39,2023-03-25,0039,N,VIIRS,n,2,284.19,1.15,N,2
40.93859,23.7473,325.38,0.5,0.66,2023-03-25,1021,N,VIIRS,n,2,288.2,2.31,D,0
39.20558,22.82166,329.63,0.5,0.49,2023-03-25,1201,N,VIIRS,n,2,293.45,1.24,D,3
39.35384,22.98548,305.97,0.39,0.36,2023-03-26,0020,N,VIIRS,n,2,286.16,1.06,N,2
37.9186,23.07434,300.88,0.38,0.36,2023-03-26,0020,N,VIIRS,n,2,288.58,0.79,N,2
38.03457,23.59173,296.07,0.38,0.36,2023-03-26,0020,N,VIIRS,n,2,285.78,0.81,N,0
38.04035,23.51192,298.65,0.38,0.36,2023-03-26,0020,N,VIIRS,n,2,288.2,1.01,N,0
38.07183,23.72316,299.05,0.38,0.36,2023-03-26,0020,N,VIIRS,n,2,282.3,0.28,N,0
38.1305,23.52563,295.72,0.38,0.36,2023-03-26,0020,N,VIIRS,n,2,285.26,0.39,N,2
38.12927,23.51176,295.03,0.38,0.36,2023-03-26,0020,N,VIIRS,n,2,283.72,0.32,N,0
36.67188,22.90259,350.55,0.43,0.38,2023-03-26,1141,N,VIIRS,n,2,311.62,29.32,D,0
35.34622,23.89397,336.08,0.46,0.39,2023-03-26,1141,N,VIIRS,n,2,294.99,3.74,D,0
38.36539,23.37583,331.45,0.47,0.39,2023-03-26,1142,N,VIIRS,n,2,297.88,1.86,D,0
41.04911,24.11757,331.91,0.53,0.42,2023-03-26,1142,N,VIIRS,n,2,301.27,2.84,D,0
40.95046,23.46211,337.84,0.5,0.41,2023-03-26,1142,N,VIIRS,n,2,303.52,7.21,D,0
40.95014,23.63426,333.43,0.51,0.41,2023-03-26,1142,N,VIIRS,n,2,301.63,3.03,D,0
40.94893,24.25992,330.09,0.54,0.42,2023-03-26,1142,N,VIIRS,l,2,304.71,2.97,D,0
40.95253,24.25395,329.7,0.54,0.42,2023-03-26,1142,N,VIIRS,n,2,303.64,3.54,D,0
40.94931,24.2611,329.81,0.54,0.42,2023-03-26,1142,N,VIIRS,n,2,304.5,4.56,D,0
40.96864,24.68209,336.66,0.56,0.43,2023-03-26,1142,N,VIIRS,n,2,299.72,4.17,D,0
40.69303,22.67205,337.93,0.46,0.39,2023-03-26,1142,N,VIIRS,n,2,303.78,7.29,D,0
40.55371,22.65334,328.76,0.46,0.39,2023-03-26,1142,N,VIIRS,l,2,301.64,3.13,D,0
40.24384,21.37877,336.2,0.42,0.38,2023-03-26,1142,N,VIIRS,n,2,300.22,3.32,D,0
40.17077,21.2236,331.95,0.41,0.37,2023-03-26,1142,N,VIIRS,n,2,297.27,2.77,D,0
39.89832,21.90756,328.46,0.43,0.38,2023-03-26,1142,N,VIIRS,l,2,302.07,1.95,D,0
38.58245,21.37379,345.65,0.41,0.37,2023-03-26,1142,N,VIIRS,n,2,298.52,3.47,D,0
38.26679,20.40703,328.41,0.39,0.36,2023-03-26,1142,N,VIIRS,n,2,295.33,2.27,D,0
37.88594,21.5786,334.37,0.41,0.37,2023-03-26,1142,N,VIIRS,n,2,295.62,2.3,D,0
37.16964,22.003,335.72,0.41,0.37,2023-03-26,1142,N,VIIRS,n,2,296.45,3.7,D,0
41.0496,23.39254,335.22,0.5,0.41,2023-03-26,1143,N,VIIRS,l,2,305.83,4,D,0
40.82218,21.12133,331.75,0.42,0.37,2023-03-26,1143,N,VIIRS,n,2,296.39,0.88,D,0
41.04884,24.11583,333.78,0.53,0.42,2023-03-26,1143,N,VIIRS,n,2,302.06,4.61,D,0
37.91783,23.06989,298.39,0.52,0.41,2023-03-27,0002,N,VIIRS,n,2,287.27,1.04,N,2
38.03297,23.60372,296.32,0.49,0.4,2023-03-27,0002,N,VIIRS,n,2,286.21,1.06,N,0
38.80516,22.57718,343.91,0.39,0.36,2023-03-27,1123,N,VIIRS,n,2,300.71,9.38,D,0
38.93758,22.14849,332.59,0.4,0.37,2023-03-27,1123,N,VIIRS,n,2,297.97,2.36,D,0
39.46143,22.21429,328.38,0.39,0.36,2023-03-27,1123,N,VIIRS,n,2,298.03,1.93,D,0
39.46068,22.20975,334.48,0.39,0.36,2023-03-27,1123,N,VIIRS,n,2,297.08,2.41,D,0
36.95348,22.48997,332.59,0.4,0.37,2023-03-27,1123,N,VIIRS,n,2,298.71,1.48,D,0
39.94832,25.2497,336.13,0.4,0.37,2023-03-27,1123,N,VIIRS,n,2,294.78,3.57,D,0
40.0716,23.43633,325.75,0.38,0.36,2023-03-27,1123,N,VIIRS,n,2,295.8,1.68,D,0
39.5917,22.26014,330.46,0.39,0.36,2023-03-27,1123,N,VIIRS,n,2,296.34,3.12,D,0
40.95884,24.56115,336.94,0.39,0.36,2023-03-27,1124,N,VIIRS,n,2,295.27,3.68,D,0
41.02373,24.08737,333.5,0.39,0.36,2023-03-27,1124,N,VIIRS,n,2,294.54,4.33,D,0
40.67831,22.55824,330.46,0.39,0.36,2023-03-27,1124,N,VIIRS,l,2,301.55,2.43,D,0
40.66868,22.62707,335.16,0.39,0.36,2023-03-27,1124,N,VIIRS,n,2,300.46,2.54,D,0
40.95818,24.5565,335.7,0.39,0.36,2023-03-27,1124,N,VIIRS,n,2,294.21,3.68,D,0
40.71494,22.6805,327.3,0.39,0.36,2023-03-27,1124,N,VIIRS,n,2,297.06,1.38,D,0
40.64708,22.64244,336.58,0.39,0.36,2023-03-27,1124,N,VIIRS,n,2,298.37,2.8,D,0
41.69405,26.14394,336.6,0.43,0.38,2023-03-27,1124,N,VIIRS,n,2,298.62,9.33,D,0
40.89224,24.75827,337.78,0.39,0.37,2023-03-27,1124,N,VIIRS,n,2,298.41,3.31,D,0
39.17024,22.84009,300.72,0.32,0.54,2023-03-27,2342,N,VIIRS,n,2,280.19,0.87,N,2
38.1236,22.43481,349.83,0.33,0.55,2023-03-27,2343,N,VIIRS,n,2,286.45,6.32,N,0
38.12334,22.43858,322.89,0.33,0.55,2023-03-27,2343,N,VIIRS,n,2,284.7,3.65,N,0
37.91838,23.07091,298.29,0.6,0.53,2023-03-27,2343,N,VIIRS,n,2,286.83,1.19,N,2
37.91906,23.0716,295.8,0.56,0.69,2023-03-28,0123,N,VIIRS,n,2,285.54,0.93,N,2
38.12031,22.44086,331.7,0.51,0.66,2023-03-28,0123,N,VIIRS,n,2,282.91,2.31,N,0
38.12586,22.4446,298.24,0.51,0.66,2023-03-28,0123,N,VIIRS,n,2,281.96,2.31,N,0
38.12428,22.44669,310.58,0.51,0.66,2023-03-28,0123,N,VIIRS,n,2,282.88,1.67,N,0
38.12592,22.44121,303.52,0.51,0.66,2023-03-28,0123,N,VIIRS,n,2,282.42,1.91,N,0
39.16804,22.84333,295.59,0.5,0.66,2023-03-28,0123,N,VIIRS,n,2,280.11,1.41,N,2
40.36462,22.99854,302.93,0.55,0.51,2023-03-29,0104,N,VIIRS,n,2,275.52,1.09,N,0
37.03416,21.96044,328.32,0.38,0.59,2023-03-29,1045,N,VIIRS,n,2,288.88,1.9,D,0
37.03247,21.96051,328.53,0.38,0.59,2023-03-29,1045,N,VIIRS,n,2,289.29,1.46,D,0
40.25753,21.29278,326.46,0.34,0.56,2023-03-29,1046,N,VIIRS,n,2,290.57,1.4,D,0
40.70039,22.61917,335.5,0.57,0.52,2023-03-29,1046,N,VIIRS,n,2,297.11,3.85,D,0
40.97985,23.37708,329.26,0.52,0.5,2023-03-29,1046,N,VIIRS,n,2,292.97,2.45,D,0
40.97955,23.37543,326.39,0.51,0.5,2023-03-29,1046,N,VIIRS,n,2,293.12,2.62,D,0
41.09033,23.57482,335.18,0.5,0.49,2023-03-29,1046,N,VIIRS,n,2,292.14,3.72,D,0
40.58027,22.68621,327.18,0.57,0.52,2023-03-29,1046,N,VIIRS,n,2,295.85,2.09,D,0
40.5872,22.63254,326.86,0.57,0.52,2023-03-29,1046,N,VIIRS,n,2,295.68,0.99,D,0
40.58027,22.68562,325.19,0.57,0.52,2023-03-29,1046,N,VIIRS,n,2,295.97,1.95,D,0
40.92596,23.67506,330.52,0.62,0.71,2023-03-29,1227,N,VIIRS,n,2,289.88,3.39,D,0
40.92772,23.67278,327.67,0.62,0.71,2023-03-29,1227,N,VIIRS,n,2,289.56,2.17,D,0
35.45317,23.93402,328.51,0.59,0.7,2023-03-30,1026,N,VIIRS,n,2,289,3.88,D,0
38.39925,23.14826,326.05,0.53,0.67,2023-03-30,1027,N,VIIRS,n,2,290.48,1.6,D,0
38.81664,22.50282,333.12,0.56,0.69,2023-03-30,1027,N,VIIRS,n,2,298.14,3.79,D,0
39.41679,23.13382,332.63,0.5,0.66,2023-03-30,1027,N,VIIRS,n,2,285.94,6.12,D,0
39.41194,23.13488,343.2,0.5,0.66,2023-03-30,1027,N,VIIRS,n,2,288.43,4.7,D,0
35.26698,24.46028,345.96,0.34,0.56,2023-03-30,1206,N,VIIRS,n,2,291.19,3.81,D,0
38.40787,23.74947,331.83,0.34,0.56,2023-03-30,1207,N,VIIRS,n,2,294.62,1.59,D,0
37.67578,24.32853,330.57,0.36,0.57,2023-03-30,1207,N,VIIRS,n,2,293.23,2.08,D,3
40.28433,24.17171,332.75,0.37,0.58,2023-03-30,1208,N,VIIRS,n,2,288.4,2.91,D,0
40.59923,22.51588,340.47,0.6,0.53,2023-03-30,1208,N,VIIRS,n,2,298.54,4.62,D,0
40.70055,22.67724,351.79,0.62,0.54,2023-03-30,1208,N,VIIRS,n,2,300.45,8.88,D,0
40.69958,22.67613,343.11,0.62,0.54,2023-03-30,1208,N,VIIRS,n,2,300.43,10.05,D,0
40.69011,21.02898,340.01,0.51,0.49,2023-03-30,1208,N,VIIRS,n,2,288.1,9.3,D,0
40.68512,21.02748,338.94,0.51,0.49,2023-03-30,1208,N,VIIRS,n,2,288.41,5.3,D,0
40.68972,21.02726,350.56,0.51,0.49,2023-03-30,1208,N,VIIRS,n,2,287.35,7.08,D,0
38.37437,24.06138,300.4,0.4,0.37,2023-03-31,0027,N,VIIRS,n,2,282.23,0.61,N,2
38.12915,23.52593,296.88,0.4,0.37,2023-03-31,0027,N,VIIRS,n,2,275.79,0.56,N,2
35.28336,24.68346,327.36,0.39,0.44,2023-03-31,1147,N,VIIRS,n,2,296.42,1.62,D,0
37.2733,22.24693,325.62,0.47,0.4,2023-03-31,1148,N,VIIRS,n,2,292.83,3.47,D,0
37.26965,22.24766,333.45,0.47,0.4,2023-03-31,1148,N,VIIRS,n,2,295.8,4.43,D,0
39.47098,21.73191,331.46,0.48,0.4,2023-03-31,1149,N,VIIRS,n,2,298.4,2.42,D,0
41.06837,23.4512,337.65,0.39,0.44,2023-03-31,1149,N,VIIRS,n,2,299.69,2.44,D,0
39.95629,25.2664,346.46,0.47,0.48,2023-03-31,1149,N,VIIRS,n,2,285.3,7.36,D,0
39.77811,19.65659,345.61,0.41,0.37,2023-03-31,1149,N,VIIRS,n,2,294.88,16.94,D,0
40.89671,24.73492,343.35,0.45,0.47,2023-03-31,1149,N,VIIRS,n,2,297.99,3.95,D,0
40.733,21.44855,339.75,0.48,0.4,2023-03-31,1149,N,VIIRS,n,2,297.51,18.41,D,0
41.42605,26.51235,337.59,0.56,0.52,2023-03-31,1149,N,VIIRS,n,2,289.62,5.58,D,0
41.36516,26.59644,334.86,0.57,0.52,2023-03-31,1149,N,VIIRS,n,2,291.42,5,D,0
35.08278,25.90208,327.26,0.42,0.37,2023-04-01,1128,N,VIIRS,n,2,295.65,2.71,D,0
35.40162,25.01595,343.86,0.4,0.37,2023-04-01,1128,N,VIIRS,n,2,297.99,7.86,D,0
35.0834,25.90686,331.5,0.42,0.37,2023-04-01,1128,N,VIIRS,n,2,296.22,2.71,D,0
40.56427,22.65477,340.44,0.39,0.36,2023-04-01,1130,N,VIIRS,n,2,300.12,4.61,D,0
40.27718,22.28499,334.58,0.39,0.36,2023-04-01,1130,N,VIIRS,n,2,296.89,3.45,D,0
41.3237,23.83006,332.12,0.41,0.37,2023-04-01,1130,N,VIIRS,n,2,294.54,2.59,D,0
41.09235,22.71526,331.13,0.39,0.36,2023-04-01,1130,N,VIIRS,n,2,294.26,1.26,D,0
40.72333,21.82598,326.93,0.38,0.36,2023-04-01,1130,N,VIIRS,n,2,296.01,1.73,D,0
40.74804,22.81942,330.83,0.39,0.36,2023-04-01,1130,N,VIIRS,n,2,295.62,1.68,D,0
38.88863,22.32818,327.45,0.38,0.36,2023-04-01,1130,N,VIIRS,l,2,299.58,0.91,D,0
40.04971,22.13194,329.43,0.38,0.36,2023-04-01,1130,N,VIIRS,n,2,300.03,1.95,D,0
39.29907,21.9493,332.91,0.38,0.36,2023-04-01,1130,N,VIIRS,n,2,294.03,2.92,D,0
38.88534,22.329,331.5,0.38,0.36,2023-04-01,1130,N,VIIRS,n,2,297.29,1.77,D,0
36.68722,24.53258,300.09,0.36,0.58,2023-04-02,2330,N,VIIRS,n,2,282.21,1.21,N,0
36.68745,24.52863,319.7,0.36,0.58,2023-04-02,2330,N,VIIRS,n,2,284,1.21,N,0
40.69873,22.95152,295.54,0.32,0.55,2023-04-03,0110,N,VIIRS,n,2,281.72,0.23,N,0
36.68881,24.52576,296.44,0.5,0.65,2023-04-03,0111,N,VIIRS,n,2,274.54,1.37,N,0
36.68713,24.5316,303.85,0.5,0.65,2023-04-03,0111,N,VIIRS,n,2,275.35,1.22,N,0
36.68969,24.53354,343.04,0.47,0.48,2023-04-03,1051,N,VIIRS,n,2,297.89,14.84,D,0
36.68856,24.52854,342.39,0.47,0.48,2023-04-03,1051,N,VIIRS,n,2,297.65,12.21,D,0
35.29781,25.49791,346.46,0.45,0.47,2023-04-03,1051,N,VIIRS,n,2,303.53,8.06,D,0
35.29501,25.49664,340.42,0.45,0.47,2023-04-03,1051,N,VIIRS,n,2,305.19,11.69,D,0
38.12749,23.52522,295.76,0.43,0.38,2023-04-05,0033,N,VIIRS,n,2,281.97,0.69,N,2
38.33292,21.84757,295.3,0.39,0.36,2023-04-05,0033,N,VIIRS,n,2,283.71,0.69,N,0
38.1276,23.52341,295.96,0.43,0.38,2023-04-05,0033,N,VIIRS,n,2,281.83,0.7,N,2
37.91848,23.07424,298.37,0.42,0.38,2023-04-05,0033,N,VIIRS,n,2,285.83,0.83,N,2
37.73785,27.03431,326.75,0.51,0.66,2023-04-05,1014,N,VIIRS,n,2,289.51,2.22,D,0
37.91821,23.06972,295.38,0.4,0.37,2023-04-06,0014,N,VIIRS,n,2,284.78,1.36,N,2
37.91757,23.07428,298.21,0.4,0.37,2023-04-06,0014,N,VIIRS,n,2,285.23,0.84,N,2
38.12887,23.52509,300.1,0.4,0.37,2023-04-06,0014,N,VIIRS,n,2,281.75,0.73,N,2
37.92014,23.06739,295.08,0.41,0.45,2023-04-06,2355,N,VIIRS,n,2,282.44,0.65,N,0
37.91968,23.07216,295.75,0.41,0.45,2023-04-06,2355,N,VIIRS,n,2,283.49,0.65,N,2
36.88284,27.2857,327.72,0.39,0.36,2023-04-07,1116,N,VIIRS,n,2,294.27,1.92,D,0
40.69306,21.07754,330.04,0.45,0.39,2023-04-07,1118,N,VIIRS,n,2,285.87,1.19,D,0
40.6962,21.0796,330.21,0.45,0.39,2023-04-07,1118,N,VIIRS,n,2,292.07,4.16,D,0
40.69516,21.07416,328.09,0.45,0.39,2023-04-07,1118,N,VIIRS,n,2,285.03,4.16,D,0
37.919,23.07182,296.45,0.37,0.58,2023-04-07,2337,N,VIIRS,n,2,285.05,0.61,N,2
37.91925,23.06755,295.04,0.37,0.58,2023-04-07,2337,N,VIIRS,n,2,283.78,0.61,N,0
38.03931,23.5099,295.39,0.35,0.57,2023-04-07,2337,N,VIIRS,n,2,282.49,0.99,N,2
37.10703,22.6199,319.58,0.38,0.59,2023-04-07,2337,N,VIIRS,n,2,272.79,1.48,N,0
40.74532,22.29292,342.45,0.41,0.45,2023-04-08,1059,N,VIIRS,n,2,291.54,5.1,D,0
39.35451,22.9864,298.14,0.49,0.48,2023-04-09,0058,N,VIIRS,n,2,275.06,1.19,N,2
37.45155,25.36222,297.46,0.36,0.57,2023-04-09,0058,N,VIIRS,n,2,279.18,0.72,N,0
37.44996,25.36359,302.53,0.36,0.57,2023-04-09,0058,N,VIIRS,n,2,279.37,0.4,N,0
37.91711,23.07041,295.58,0.53,0.5,2023-04-09,0058,N,VIIRS,n,2,283.3,1.23,N,0
40.9781,24.80151,332.58,0.52,0.5,2023-04-09,1040,N,VIIRS,n,2,290.99,2.73,D,0
37.9175,23.07373,297.58,0.48,0.4,2023-04-10,0039,N,VIIRS,n,2,283.95,0.99,N,2
37.7833,24.86051,304.35,0.57,0.43,2023-04-10,0039,N,VIIRS,n,2,279.66,1.42,N,0
38.37454,24.06283,300.76,0.38,0.36,2023-04-11,0020,N,VIIRS,n,2,281.24,0.66,N,2
39.38642,22.80776,296.55,0.39,0.36,2023-04-11,0020,N,VIIRS,n,2,278.7,0.54,N,2
39.16794,22.84201,298.82,0.39,0.36,2023-04-11,0020,N,VIIRS,n,2,279.04,0.73,N,2
39.35317,22.98568,300.99,0.39,0.36,2023-04-11,0020,N,VIIRS,n,2,279.36,0.88,N,2
38.13018,23.52521,296.05,0.38,0.36,2023-04-11,0021,N,VIIRS,n,2,280.43,0.68,N,2
38.0663,21.48793,337.53,0.41,0.37,2023-04-11,1142,N,VIIRS,n,2,291.92,4.23,D,0
37.91463,23.06147,340.36,0.39,0.36,2023-04-12,1123,N,VIIRS,n,2,299.56,1.09,D,0
39.60516,21.72499,325.99,0.4,0.37,2023-04-12,1124,N,VIIRS,n,2,296,1.27,D,0
38.37497,24.06323,298.95,0.54,0.51,2023-04-12,2343,N,VIIRS,n,2,282.22,1.34,N,2
37.91926,23.07103,297.43,0.56,0.69,2023-04-13,0123,N,VIIRS,n,2,283.87,1.35,N,2
38.31221,23.64684,338.09,0.51,0.41,2023-04-13,1104,N,VIIRS,n,2,298.2,2.43,D,0
37.20857,21.63444,329.69,0.45,0.47,2023-04-13,1104,N,VIIRS,n,2,293.38,2.18,D,0
37.1705,21.60522,340.17,0.45,0.47,2023-04-13,1104,N,VIIRS,n,2,293.1,9.58,D,0
40.9454,24.6151,325.45,0.43,0.38,2023-04-13,1105,N,VIIRS,l,2,297.89,1.15,D,0
37.91691,23.07015,295.51,0.32,0.55,2023-04-14,0104,N,VIIRS,n,2,282.8,0.79,N,0
37.18977,24.45388,345,0.56,0.52,2023-04-14,1045,N,VIIRS,n,2,297.18,8.75,D,0
38.68815,22.47669,328.66,0.33,0.55,2023-04-14,1046,N,VIIRS,n,2,289.68,1.75,D,0
37.1883,24.45089,338.12,0.65,0.73,2023-04-14,1226,N,VIIRS,n,2,294.71,10.18,D,0
39.35371,22.98233,299.33,0.52,0.42,2023-04-15,0045,N,VIIRS,n,2,278.95,1.07,N,2
39.35373,22.98441,304.2,0.39,0.36,2023-04-16,0027,N,VIIRS,n,2,281.91,0.94,N,2
37.91839,23.07452,299.98,0.39,0.36,2023-04-16,0027,N,VIIRS,n,2,286.93,0.95,N,2
37.18562,21.61229,327.18,0.56,0.43,2023-04-18,1110,N,VIIRS,n,2,291.54,2.41,D,0
39.24754,22.10244,325.42,0.49,0.41,2023-04-18,1111,N,VIIRS,n,2,295.44,1.4,D,0
35.04293,25.19544,301.93,0.32,0.55,2023-04-18,2331,N,VIIRS,n,2,282.77,0.52,N,0
39.35659,22.98439,296.89,0.41,0.45,2023-04-20,0051,N,VIIRS,n,2,282.49,0.54,N,2
39.35253,22.98308,295.57,0.41,0.45,2023-04-20,0051,N,VIIRS,n,2,282.88,0.81,N,2
37.91722,23.07426,296.88,0.44,0.46,2023-04-20,0052,N,VIIRS,n,2,285.72,1.47,N,2
40.28396,23.4465,297.95,0.41,0.37,2023-04-21,0032,N,VIIRS,n,2,282.4,0.43,N,2
38.13016,23.52571,297.98,0.43,0.38,2023-04-21,0033,N,VIIRS,n,2,282.04,0.72,N,2
38.374,24.06123,301.4,0.45,0.39,2023-04-21,0033,N,VIIRS,n,2,284.76,0.88,N,2
38.48528,21.29335,325.69,0.38,0.36,2023-04-22,1136,N,VIIRS,n,2,297.02,1.55,D,0
37.8629,21.265,298.76,0.51,0.49,2023-04-22,2355,N,VIIRS,n,2,280.19,0.66,N,0
38.05278,22.65594,328.3,0.43,0.38,2023-04-23,1117,N,VIIRS,n,2,296.78,1.04,D,0
39.16851,22.84017,328.27,0.41,0.37,2023-04-23,1117,N,VIIRS,l,2,300.76,2.97,D,2
38.373,24.06032,299.3,0.33,0.55,2023-04-23,2336,N,VIIRS,n,2,283.26,0.7,N,2
39.35386,22.98226,302.26,0.42,0.61,2023-04-24,0116,N,VIIRS,n,2,283.02,1.34,N,2
39.35142,22.98369,295.77,0.42,0.61,2023-04-24,0116,N,VIIRS,n,2,282.35,0.87,N,2
38.02998,23.60241,339.66,0.41,0.45,2023-04-24,1058,N,VIIRS,n,2,302.99,6.25,D,0
40.28288,23.44637,295.18,0.49,0.49,2023-04-25,0057,N,VIIRS,n,2,283.24,0.33,N,2
39.35592,22.98698,298.34,0.49,0.49,2023-04-25,0058,N,VIIRS,n,2,285.39,0.8,N,2
37.75779,26.92142,332.87,0.43,0.62,2023-04-25,0058,N,VIIRS,n,2,283.09,4.68,N,0
37.76163,26.91734,312.27,0.43,0.62,2023-04-25,0058,N,VIIRS,n,2,282.59,4.79,N,0
37.75513,26.91876,296.68,0.43,0.62,2023-04-25,0058,N,VIIRS,n,2,281.89,0.44,N,0
37.76034,26.92197,343.91,0.43,0.62,2023-04-25,0058,N,VIIRS,n,2,283.81,4.55,N,0
38.10387,21.46478,310.95,0.44,0.46,2023-04-25,0058,N,VIIRS,n,2,283.63,1.71,N,0
37.75907,26.91675,332.39,0.43,0.62,2023-04-25,0058,N,VIIRS,n,2,283.07,6.21,N,0
36.96752,21.89183,336.17,0.38,0.59,2023-04-25,1219,N,VIIRS,n,2,292.74,3.43,D,0
40.28446,23.44344,296.99,0.46,0.39,2023-04-26,0039,N,VIIRS,n,2,283.91,0.71,N,2
40.70612,22.81569,295.77,0.39,0.37,2023-04-27,0020,N,VIIRS,n,2,281.78,0.27,N,2
39.35376,22.983,304.84,0.39,0.36,2023-04-27,0020,N,VIIRS,n,2,283.06,1.12,N,2
37.23263,21.63672,327.06,0.4,0.37,2023-04-27,1142,N,VIIRS,n,2,299.73,1.85,D,0
37.60114,23.34899,334.99,0.45,0.39,2023-04-27,1142,N,VIIRS,n,2,300.52,39.13,D,0
37.59705,23.34548,335.66,0.45,0.39,2023-04-27,1142,N,VIIRS,n,2,303.35,39.13,D,0
38.37459,24.06186,296.54,0.47,0.4,2023-04-28,0001,N,VIIRS,n,2,282.25,0.97,N,2
37.91766,23.06987,296.7,0.52,0.41,2023-04-28,0002,N,VIIRS,n,2,286.12,1.59,N,2
41.09891,22.22807,331.68,0.39,0.36,2023-04-28,1124,N,VIIRS,n,2,298.32,1.46,D,0
40.62431,22.18161,331.28,0.39,0.36,2023-04-28,1124,N,VIIRS,n,2,300.05,2.51,D,0
40.70401,22.82166,331.02,0.39,0.36,2023-04-28,1124,N,VIIRS,l,2,301.5,2.45,D,0
40.72667,22.68954,328.31,0.39,0.36,2023-04-28,1124,N,VIIRS,l,2,299.25,1.71,D,0
40.62243,22.18065,326.15,0.39,0.36,2023-04-28,1124,N,VIIRS,l,2,298.01,1.53,D,0
36.95374,27.01417,299.83,0.55,0.43,2023-04-28,2343,N,VIIRS,n,2,282.23,0.69,N,0
37.38734,21.69958,342.75,0.44,0.46,2023-04-29,1104,N,VIIRS,n,2,296.48,3.14,D,0
37.12191,25.47882,329.03,0.45,0.39,2023-04-29,1104,N,VIIRS,n,2,295,5.21,D,0
37.39151,21.69814,325.93,0.44,0.46,2023-04-29,1104,N,VIIRS,n,2,296.05,3.14,D,0
37.55637,21.56639,326.38,0.44,0.46,2023-04-29,1104,N,VIIRS,n,2,296.2,3.95,D,0
37.98073,22.68603,345.47,0.38,0.44,2023-04-29,1104,N,VIIRS,n,2,298.69,5.48,D,0
39.93591,23.68413,325.24,0.53,0.5,2023-04-30,1046,N,VIIRS,n,2,291.92,2.84,D,0
40.28475,23.44351,297.28,0.39,0.36,2023-05-02,0026,N,VIIRS,n,2,280.37,0.34,N,2
39.17002,22.84054,297.67,0.47,0.4,2023-05-03,0007,N,VIIRS,n,2,284.3,0.74,N,2
40.69896,22.95064,300.68,0.32,0.55,2023-05-05,0110,N,VIIRS,n,2,281.33,0.47,N,2
39.38894,22.80709,296.69,0.34,0.56,2023-05-05,0110,N,VIIRS,n,2,280.86,0.55,N,0
40.2844,23.44219,298.33,0.41,0.45,2023-05-06,0051,N,VIIRS,n,2,281.93,0.78,N,2
37.91528,21.30429,326.27,0.59,0.53,2023-05-06,1213,N,VIIRS,n,2,296.11,4.05,D,0
39.35502,22.98301,304.03,0.41,0.37,2023-05-07,0032,N,VIIRS,n,2,286.21,0.95,N,2
39.38584,22.80642,297.88,0.4,0.37,2023-05-07,0032,N,VIIRS,n,2,284.23,0.58,N,2
38.12983,23.52707,298.44,0.43,0.38,2023-05-07,0033,N,VIIRS,n,2,285.47,0.74,N,2
38.37428,24.06068,298.86,0.45,0.39,2023-05-07,0033,N,VIIRS,n,2,285.01,0.86,N,2
38.33411,21.84771,296.33,0.39,0.36,2023-05-07,0033,N,VIIRS,n,2,286.08,0.59,N,0
37.9202,23.07077,299.38,0.42,0.38,2023-05-07,0033,N,VIIRS,n,2,286.08,1.1,N,2
40.28604,23.4453,295.93,0.41,0.37,2023-05-08,0013,N,VIIRS,n,2,284.82,0.42,N,2
37.91771,23.07288,301.93,0.4,0.37,2023-05-08,0014,N,VIIRS,n,2,289.78,1.2,N,2
38.12945,23.52421,300.9,0.4,0.37,2023-05-08,0014,N,VIIRS,n,2,285.01,0.63,N,2
39.35447,22.98717,296.14,0.41,0.37,2023-05-08,0014,N,VIIRS,n,2,285.35,0.64,N,2
38.03532,23.59268,300.45,0.39,0.37,2023-05-08,0014,N,VIIRS,n,2,287.73,0.63,N,0
37.91709,23.07117,299.21,0.48,0.4,2023-05-12,0039,N,VIIRS,n,2,287.19,0.89,N,0
38.1297,23.52681,295.61,0.49,0.4,2023-05-12,0039,N,VIIRS,n,2,283.06,0.61,N,2
38.07515,23.63585,295.04,0.38,0.36,2023-05-13,0020,N,VIIRS,n,2,279.82,0.32,N,0
38.37379,24.06269,304.04,0.38,0.36,2023-05-13,0020,N,VIIRS,n,2,284.78,0.59,N,2
37.91797,23.07317,299.72,0.38,0.36,2023-05-13,0020,N,VIIRS,n,2,284.61,0.72,N,2
38.12957,23.52555,295.33,0.38,0.36,2023-05-13,0020,N,VIIRS,n,2,275.88,0.51,N,2
38.37472,24.05995,296.44,0.47,0.4,2023-05-14,0001,N,VIIRS,n,2,277.74,0.78,N,2
36.29078,27.87816,337.4,0.43,0.38,2023-05-14,1122,N,VIIRS,n,2,299.71,2.44,D,0
41.11073,24.1153,328.92,0.39,0.36,2023-05-14,1123,N,VIIRS,n,2,288.86,0.79,D,0
39.38671,22.80612,306.39,0.51,0.41,2023-05-17,0045,N,VIIRS,n,2,285.39,1.26,N,2
38.3722,24.06214,301.21,0.4,0.45,2023-05-17,0045,N,VIIRS,n,2,285.35,1.09,N,2
40.70538,22.81205,307.59,0.38,0.36,2023-05-18,0026,N,VIIRS,n,2,284.83,1.6,N,2
39.35386,22.98647,305.06,0.39,0.36,2023-05-18,0026,N,VIIRS,n,2,287.09,0.49,N,2
39.38652,22.80547,297.28,0.38,0.36,2023-05-18,0026,N,VIIRS,n,2,284.94,0.32,N,2
36.9561,27.01389,298.91,0.53,0.42,2023-05-18,0026,N,VIIRS,n,2,286.96,0.46,N,0
37.91919,23.07275,301.31,0.39,0.36,2023-05-18,0026,N,VIIRS,n,2,289.36,0.91,N,2
38.12823,23.52633,303.42,0.4,0.37,2023-05-18,0026,N,VIIRS,n,2,286.56,0.82,N,2
38.3737,24.06044,301.83,0.4,0.37,2023-05-18,0026,N,VIIRS,n,2,285.46,0.87,N,2
38.44864,23.55556,352.06,0.39,0.36,2023-05-19,1129,N,VIIRS,n,2,302.77,6.62,D,0
39.34729,22.40246,349.56,0.38,0.36,2023-05-19,1129,N,VIIRS,n,2,301.92,6.96,D,0
38.37381,24.05874,299.14,0.48,0.48,2023-05-22,0051,N,VIIRS,n,2,284.39,1.09,N,2
38.37283,24.06193,301.54,0.45,0.39,2023-05-23,0032,N,VIIRS,n,2,285.31,1.26,N,2
39.16887,22.83786,300.62,0.41,0.37,2023-05-23,0032,N,VIIRS,n,2,285.05,0.65,N,0
39.16806,22.84251,303.82,0.41,0.37,2023-05-23,0032,N,VIIRS,n,2,285.41,0.65,N,2
39.3535,22.98556,303.14,0.41,0.37,2023-05-24,0013,N,VIIRS,n,2,286.68,0.93,N,2
38.12836,23.52376,306.69,0.4,0.37,2023-05-24,0014,N,VIIRS,n,2,284.45,1.09,N,2
38.37574,24.06015,298.19,0.39,0.36,2023-05-24,0014,N,VIIRS,n,2,285.85,0.59,N,3
38.37242,24.05941,298.17,0.39,0.36,2023-05-24,0014,N,VIIRS,n,2,286.18,0.59,N,2
40.2835,23.44406,297.17,0.42,0.45,2023-05-24,2354,N,VIIRS,n,2,286.06,0.69,N,2
38.13078,23.52389,306.97,0.39,0.44,2023-05-24,2355,N,VIIRS,n,2,286.96,0.97,N,2
36.39279,25.77021,334.48,0.39,0.36,2023-05-25,1116,N,VIIRS,n,2,302.07,4.05,D,0
36.39212,25.76597,341.26,0.39,0.36,2023-05-25,1116,N,VIIRS,n,2,303.48,4.05,D,0
36.3895,25.77104,332.15,0.39,0.36,2023-05-25,1116,N,VIIRS,n,2,300.16,2.64,D,0
38.12805,23.52261,302.79,0.35,0.57,2023-05-25,2336,N,VIIRS,n,2,285.81,0.75,N,2
40.28334,23.44394,299.97,0.42,0.61,2023-05-26,0116,N,VIIRS,n,2,281.78,2.23,N,2
39.35513,22.98401,302.35,0.49,0.48,2023-05-27,0057,N,VIIRS,n,2,286.16,0.87,N,2
38.13003,23.52317,302.2,0.49,0.4,2023-05-28,0039,N,VIIRS,n,2,288.79,0.88,N,2
37.91658,23.07222,300.71,0.48,0.4,2023-05-28,0039,N,VIIRS,n,2,289.85,1.44,N,2
38.12933,23.52295,308,0.38,0.36,2023-05-29,0020,N,VIIRS,n,2,284.5,0.87,N,2
37.91787,23.06992,322.63,0.38,0.36,2023-05-29,0020,N,VIIRS,n,2,290.55,2.42,N,2
39.17009,22.84089,302.23,0.39,0.36,2023-05-29,0020,N,VIIRS,n,2,286.11,0.53,N,2
39.38542,22.80496,299.35,0.39,0.36,2023-05-29,0020,N,VIIRS,n,2,285.27,0.76,N,2
40.5327,22.6446,336.1,0.46,0.39,2023-05-29,1142,N,VIIRS,n,2,299.39,3.97,D,0
40.5291,22.64532,345.06,0.46,0.39,2023-05-29,1142,N,VIIRS,n,2,304.35,5.82,D,0
38.37454,24.06388,298.38,0.47,0.4,2023-05-30,0001,N,VIIRS,n,2,285.38,0.69,N,2
38.37236,24.06102,296.36,0.54,0.51,2023-05-30,2342,N,VIIRS,n,2,285.7,0.8,N,2
38.13087,23.52446,297.94,0.57,0.52,2023-05-30,2342,N,VIIRS,n,2,285.6,0.83,N,2
38.1293,23.52398,298.79,0.57,0.52,2023-05-30,2342,N,VIIRS,n,2,285.33,1.35,N,2
38.39391,21.27488,298.82,0.38,0.59,2023-05-30,2342,N,VIIRS,n,2,284.97,0.41,N,0
38.12704,23.52446,295.23,0.52,0.67,2023-05-31,2323,N,VIIRS,n,2,284.89,0.55,N,2
38.03251,23.60282,297.75,0.51,0.66,2023-05-31,2323,N,VIIRS,n,2,286.22,1.17,N,0
40.2843,23.44568,299.11,0.59,0.52,2023-06-01,0103,N,VIIRS,n,2,285.94,0.9,N,2
38.03791,23.51034,299.12,0.34,0.56,2023-06-01,0104,N,VIIRS,n,2,287.7,0.83,N,2
38.37439,24.06173,300,0.35,0.57,2023-06-01,0104,N,VIIRS,n,2,285.98,0.64,N,2
40.28341,23.44459,301.01,0.52,0.42,2023-06-02,0044,N,VIIRS,n,2,287.16,0.85,N,2
39.35388,22.98145,298.01,0.52,0.41,2023-06-02,0045,N,VIIRS,n,2,287.83,0.64,N,2
39.38622,22.80426,300.63,0.51,0.41,2023-06-02,0045,N,VIIRS,n,2,284.32,0.56,N,2
38.37282,24.06118,300.21,0.4,0.37,2023-06-03,0026,N,VIIRS,n,2,280.28,0.85,N,2
39.35343,22.98294,305.8,0.39,0.36,2023-06-03,0026,N,VIIRS,n,2,282.93,0.71,N,2
39.16902,22.84034,306.43,0.39,0.36,2023-06-03,0026,N,VIIRS,n,2,281.19,1.02,N,2
37.91842,23.07057,301.24,0.45,0.39,2023-06-04,0007,N,VIIRS,n,2,289.53,0.7,N,2
38.1286,23.52641,308.16,0.43,0.38,2023-06-04,0007,N,VIIRS,n,2,288.8,1.1,N,2
39.38693,22.80705,333.83,0.39,0.36,2023-06-04,1129,N,VIIRS,l,2,305.94,2.33,D,2
38.37563,24.06094,299.69,0.44,0.46,2023-06-04,2348,N,VIIRS,n,2,287.94,0.9,N,3
38.13152,23.52303,301.34,0.47,0.48,2023-06-04,2348,N,VIIRS,n,2,287.92,1.57,N,2
39.38378,22.80546,297.12,0.59,0.7,2023-06-05,0128,N,VIIRS,n,2,279.76,0.46,N,0
38.37441,24.05911,297.05,0.72,0.76,2023-06-05,0128,N,VIIRS,n,2,285.37,1.42,N,2
39.38449,22.80465,302.15,0.59,0.7,2023-06-05,0128,N,VIIRS,n,2,280.11,0.7,N,0
39.35625,22.98492,297.76,0.6,0.71,2023-06-05,0128,N,VIIRS,n,2,284.54,1.4,N,2
37.91812,23.0678,317.08,0.45,0.63,2023-06-05,2329,N,VIIRS,n,2,288.62,2.61,N,0
38.12928,23.52541,299.31,0.43,0.62,2023-06-05,2329,N,VIIRS,n,2,288.29,0.9,N,2
39.35474,22.9829,304.29,0.35,0.57,2023-06-06,0109,N,VIIRS,n,2,283.29,1.07,N,2
40.28321,23.4425,295.01,0.41,0.45,2023-06-07,0050,N,VIIRS,n,2,274.38,0.21,N,2
39.35317,22.98403,302.6,0.41,0.45,2023-06-07,0051,N,VIIRS,n,2,284.82,1.14,N,2
37.92146,23.06926,297.59,0.44,0.46,2023-06-07,0051,N,VIIRS,n,2,280.85,0.88,N,0
38.03763,23.51003,316.77,0.46,0.47,2023-06-07,0051,N,VIIRS,n,2,285.9,1.99,N,2
38.03744,23.51255,312.31,0.46,0.47,2023-06-07,0051,N,VIIRS,n,2,286.16,1.25,N,3
40.28467,23.44237,300.42,0.41,0.37,2023-06-08,0032,N,VIIRS,n,2,288.69,0.74,N,2
39.16768,22.8426,301.95,0.42,0.37,2023-06-09,0013,N,VIIRS,n,2,286.78,1.37,N,2
40.28443,23.44518,303.13,0.41,0.37,2023-06-09,0013,N,VIIRS,n,2,288.66,0.63,N,2
38.37487,24.06107,305.36,0.39,0.36,2023-06-09,0013,N,VIIRS,n,2,289.44,0.9,N,2
39.1693,22.84025,337.15,0.41,0.37,2023-06-09,1135,N,VIIRS,l,2,311.18,3.23,D,2
40.06599,21.41444,336.62,0.39,0.36,2023-06-09,1135,N,VIIRS,n,2,303.54,2.05,D,0
41.01294,24.17006,343.65,0.46,0.39,2023-06-09,1136,N,VIIRS,n,2,300.28,3.56,D,0
41.1233,24.16206,336.76,0.46,0.39,2023-06-09,1136,N,VIIRS,n,2,299.06,6.08,D,0
38.13117,23.52324,295.61,0.39,0.44,2023-06-09,2355,N,VIIRS,n,2,273.55,0.59,N,2
37.91803,23.0712,300.34,0.47,0.64,2023-06-11,0116,N,VIIRS,n,2,286.42,1.07,N,2
38.3729,24.06255,305.38,0.51,0.41,2023-06-13,0038,N,VIIRS,n,2,289.1,1.2,N,2
40.2854,23.44523,300.71,0.39,0.36,2023-06-14,0019,N,VIIRS,n,2,288,0.49,N,2
39.38677,22.80713,302.26,0.39,0.36,2023-06-14,0019,N,VIIRS,n,2,287.47,0.6,N,2
39.16882,22.83807,296.44,0.39,0.36,2023-06-14,0019,N,VIIRS,n,2,284.91,0.95,N,0
39.16816,22.84255,313.9,0.39,0.36,2023-06-14,0019,N,VIIRS,n,2,285.64,1.22,N,2
38.1276,23.52526,300.61,0.38,0.36,2023-06-14,0020,N,VIIRS,n,2,286.98,0.58,N,2
38.13089,23.52609,306.59,0.38,0.36,2023-06-14,0020,N,VIIRS,n,2,289.64,0.58,N,2
38.03824,23.50948,301.09,0.38,0.36,2023-06-14,0020,N,VIIRS,n,2,290.09,0.69,N,2
38.12792,23.52696,299.12,0.5,0.41,2023-06-15,0001,N,VIIRS,n,2,287.82,1.58,N,2
38.03833,23.50846,305.09,0.5,0.41,2023-06-15,0001,N,VIIRS,n,2,290.57,1.78,N,2
38.37352,24.06136,301.54,0.48,0.4,2023-06-15,0001,N,VIIRS,n,2,289.12,0.95,N,2
38.37479,24.06025,300.36,0.48,0.4,2023-06-15,0001,N,VIIRS,n,2,289.49,0.8,N,2
38.1293,23.5241,298.2,0.57,0.52,2023-06-15,2342,N,VIIRS,n,2,286.37,0.83,N,2
38.40506,21.30673,329.47,0.44,0.46,2023-06-16,1103,N,VIIRS,n,2,293.99,1.63,D,0
38.40346,21.30422,331.92,0.44,0.46,2023-06-16,1103,N,VIIRS,n,2,294.41,2.35,D,0
37.92261,23.06557,307.68,0.55,0.68,2023-06-16,2323,N,VIIRS,n,2,288.75,2.38,N,0
37.92229,23.06837,319.26,0.32,0.55,2023-06-17,0103,N,VIIRS,n,2,291.73,2.33,N,0
37.92138,23.07193,305.59,0.32,0.55,2023-06-17,0103,N,VIIRS,n,2,290.9,1.87,N,0
38.03834,23.51082,302.45,0.33,0.56,2023-06-17,0103,N,VIIRS,n,2,286.27,1.52,N,2
40.28525,23.44647,300.86,0.39,0.36,2023-06-19,0025,N,VIIRS,n,2,289.22,0.5,N,2
40.69866,22.95208,301.39,0.38,0.36,2023-06-19,0025,N,VIIRS,n,2,289.61,0.63,N,0
38.37404,24.06298,307.63,0.4,0.37,2023-06-19,0026,N,VIIRS,n,2,289.46,0.65,N,2
38.1282,23.52482,310.06,0.4,0.37,2023-06-19,0026,N,VIIRS,n,2,289.88,1.03,N,2
38.33342,21.84768,302.94,0.38,0.36,2023-06-19,0026,N,VIIRS,n,2,290.59,0.65,N,0
38.03878,23.51264,302.39,0.4,0.37,2023-06-19,0026,N,VIIRS,n,2,291.13,1.2,N,2
37.91978,23.06771,303,0.39,0.36,2023-06-19,0026,N,VIIRS,n,2,291.02,1,N,0
37.91905,23.07211,303.96,0.39,0.36,2023-06-19,0026,N,VIIRS,n,2,292.08,1.06,N,2
39.38824,22.80967,298.01,0.38,0.36,2023-06-19,0026,N,VIIRS,n,2,287.39,0.43,N,0
39.38567,22.80436,302.25,0.38,0.36,2023-06-19,0026,N,VIIRS,n,2,287.46,1.03,N,2
39.38495,22.80879,298.98,0.38,0.36,2023-06-19,0026,N,VIIRS,n,2,287.6,0.43,N,2
38.1288,23.52349,307.08,0.43,0.38,2023-06-20,0007,N,VIIRS,n,2,289.81,1.46,N,2
37.91726,23.0714,303.4,0.45,0.39,2023-06-20,0007,N,VIIRS,n,2,293.3,2.06,N,2
38.37524,24.06289,304.75,0.42,0.38,2023-06-20,0007,N,VIIRS,n,2,291.62,0.78,N,2
38.03675,23.51201,310.2,0.43,0.38,2023-06-20,0007,N,VIIRS,n,2,292.5,1.83,N,3
38.31598,23.62503,335.11,0.39,0.36,2023-06-20,1128,N,VIIRS,l,2,307.21,7.34,D,0
40.70483,22.81897,338.62,0.39,0.36,2023-06-20,1129,N,VIIRS,l,2,309.25,4.85,D,2
39.17017,22.84366,334.34,0.39,0.36,2023-06-20,1129,N,VIIRS,l,2,309.07,1.82,D,2
38.37386,24.06223,304.12,0.45,0.47,2023-06-20,2348,N,VIIRS,n,2,290.1,0.74,N,2
38.12983,23.52283,308.77,0.47,0.48,2023-06-20,2348,N,VIIRS,n,2,290.07,1.58,N,2
38.03698,23.50955,303.01,0.43,0.62,2023-06-21,2329,N,VIIRS,n,2,290.64,1.74,N,3
38.12929,23.52192,305.22,0.43,0.62,2023-06-21,2329,N,VIIRS,n,2,289.96,1,N,2
40.70126,22.95122,301.44,0.32,0.55,2023-06-22,0109,N,VIIRS,n,2,290.22,0.42,N,0
39.35404,22.98502,306.64,0.35,0.57,2023-06-22,0109,N,VIIRS,n,2,290.17,0.86,N,2
38.03935,23.51075,303.68,0.4,0.6,2023-06-22,0110,N,VIIRS,n,2,291.38,1.42,N,2
37.08415,21.99432,337.4,0.32,0.54,2023-06-22,1050,N,VIIRS,n,2,298.26,4.14,D,0
38.03543,23.51287,307.62,0.46,0.47,2023-06-23,0051,N,VIIRS,n,2,290.58,1.75,N,3
39.35281,22.98338,304.35,0.41,0.45,2023-06-23,0051,N,VIIRS,n,2,290.45,1.26,N,2
39.35443,22.98456,313.86,0.41,0.37,2023-06-24,0032,N,VIIRS,n,2,293.32,1.41,N,2
38.12831,23.52614,314.73,0.43,0.38,2023-06-24,0032,N,VIIRS,n,2,294.97,1.03,N,2
38.1283,23.52437,315.04,0.43,0.38,2023-06-24,0032,N,VIIRS,n,2,294.66,1.45,N,2
37.91912,23.07212,306.77,0.42,0.38,2023-06-24,0032,N,VIIRS,n,2,296.02,1.44,N,2
38.07421,23.63802,350.62,0.44,0.46,2023-06-24,1153,N,VIIRS,n,2,315.4,11.71,D,0
41.53967,26.44201,367,0.33,0.55,2023-06-24,1154,N,VIIRS,h,2,311.47,15.61,D,0
41.5345,26.44258,367,0.33,0.55,2023-06-24,1154,N,VIIRS,h,2,315.24,15.61,D,0
38.12972,23.52372,313.84,0.4,0.37,2023-06-25,0013,N,VIIRS,n,2,293.5,1.49,N,2
39.35486,22.98292,309.01,0.41,0.37,2023-06-25,0013,N,VIIRS,n,2,293.27,1.24,N,2
38.48153,23.2339,338.32,0.41,0.37,2023-06-25,1135,N,VIIRS,n,2,305.03,4.98,D,0
41.12355,24.16345,348.01,0.46,0.39,2023-06-25,1135,N,VIIRS,n,2,299.96,6.32,D,0
37.51299,23.00198,332.87,0.43,0.38,2023-06-26,1116,N,VIIRS,l,2,301.45,6.51,D,0
37.84848,20.7021,334.17,0.51,0.41,2023-06-26,1116,N,VIIRS,n,2,302.46,6.92,D,0
38.12792,23.52304,302.21,0.35,0.57,2023-06-26,2335,N,VIIRS,n,2,289.38,0.51,N,2
38.04018,23.50971,305.17,0.35,0.57,2023-06-26,2336,N,VIIRS,n,2,291.42,0.82,N,0
39.35477,22.98249,308.56,0.42,0.61,2023-06-27,0115,N,VIIRS,n,2,288.99,1.18,N,2
38.03809,23.50174,302.79,0.63,0.72,2023-06-27,2316,N,VIIRS,n,2,290.65,1.91,N,0
40.69958,22.87995,301.47,0.7,0.75,2023-06-27,2316,N,VIIRS,n,2,287.51,1.17,N,0
40.53404,22.50865,305.95,0.43,0.46,2023-06-28,0057,N,VIIRS,n,2,290.29,0.69,N,0
39.35528,22.98341,307.61,0.49,0.48,2023-06-28,0057,N,VIIRS,n,2,292.69,1.85,N,2
35.02861,25.06017,331.01,0.55,0.68,2023-06-28,1218,N,VIIRS,n,2,297.36,3.1,D,0
35.02839,25.0541,332.11,0.55,0.68,2023-06-28,1218,N,VIIRS,n,2,297.07,3.1,D,0
38.03879,23.51162,309.54,0.49,0.41,2023-06-29,0038,N,VIIRS,n,2,295.84,2.12,N,2
39.3562,22.98392,307.48,0.45,0.39,2023-06-29,0038,N,VIIRS,n,2,294.28,1.55,N,2
36.97297,27.0379,332.91,0.4,0.6,2023-06-29,1159,N,VIIRS,n,2,295.79,1.8,D,3
37.91813,23.0721,306.49,0.38,0.36,2023-06-30,0020,N,VIIRS,n,2,293.75,1.28,N,2
37.71938,26.90857,345.19,0.44,0.46,2023-06-30,1141,N,VIIRS,n,2,315.08,41.29,D,0
37.7232,26.90273,337.96,0.44,0.46,2023-06-30,1141,N,VIIRS,n,2,308.95,4.18,D,0
37.72367,26.90795,339.87,0.44,0.46,2023-06-30,1141,N,VIIRS,n,2,311.11,6.26,D,0
41.2425,22.8359,304.66,0.38,0.43,2023-07-01,0000,N,VIIRS,n,2,288.55,0.62,N,0
39.35746,22.9808,301.95,0.51,0.66,2023-07-02,0122,N,VIIRS,n,2,289.83,0.76,N,0
38.07124,23.63584,301.3,0.51,0.66,2023-07-02,2323,N,VIIRS,n,2,288.67,1.38,N,0
38.07265,23.63886,303.22,0.34,0.56,2023-07-03,0103,N,VIIRS,n,2,289.77,0.39,N,0
39.16965,22.84171,301.31,0.58,0.52,2023-07-03,0103,N,VIIRS,n,2,288.78,1.23,N,2
39.3529,22.98149,301.61,0.59,0.53,2023-07-03,0103,N,VIIRS,n,2,288.43,0.97,N,2
38.35495,21.77168,333.69,0.36,0.58,2023-07-03,1045,N,VIIRS,n,2,294.76,3.37,D,0
40.81982,23.05841,333.35,0.57,0.69,2023-07-03,1226,N,VIIRS,n,2,292.78,4.54,D,0
40.81959,23.05728,334.43,0.57,0.69,2023-07-03,1226,N,VIIRS,n,2,293,5.52,D,0
39.35628,22.98382,306.15,0.52,0.42,2023-07-04,0044,N,VIIRS,n,2,293.7,1.52,N,2
40.49902,21.01702,339.74,0.59,0.7,2023-07-04,1027,N,VIIRS,n,2,290.93,5.3,D,0
40.84885,22.37874,346.21,0.59,0.53,2023-07-04,1207,N,VIIRS,n,2,302.48,12.02,D,0
40.85021,22.37761,344.32,0.59,0.53,2023-07-04,1207,N,VIIRS,n,2,301.91,18.57,D,0
39.35479,22.98357,314.36,0.39,0.36,2023-07-05,0026,N,VIIRS,n,2,294.93,1.39,N,2
38.62854,21.36402,331.06,0.45,0.39,2023-07-05,1147,N,VIIRS,l,2,305.52,1.65,D,0
39.19673,22.81589,332.07,0.52,0.42,2023-07-05,1148,N,VIIRS,l,2,304.46,2.98,D,0
38.03666,23.5101,312.21,0.43,0.38,2023-07-06,0007,N,VIIRS,n,2,294.38,1.54,N,3
38.25531,23.83586,334.61,0.39,0.36,2023-07-06,1128,N,VIIRS,l,2,307.88,14.95,D,0
38.31561,23.62154,352.04,0.39,0.36,2023-07-06,1128,N,VIIRS,n,2,304.87,5.11,D,0
38.31229,23.62231,336.18,0.39,0.36,2023-07-06,1128,N,VIIRS,l,2,307.28,2.14,D,0
38.25616,23.8323,336.64,0.39,0.36,2023-07-06,1128,N,VIIRS,n,2,303.46,2.39,D,0
38.25197,23.83656,337.44,0.39,0.36,2023-07-06,1128,N,VIIRS,n,2,301.46,14.95,D,0
40.77922,22.49475,336.47,0.39,0.36,2023-07-06,1129,N,VIIRS,n,2,305.51,1.1,D,0
39.17044,22.83979,341.8,0.39,0.36,2023-07-06,1129,N,VIIRS,n,2,311.16,3.75,D,2
37.4376,24.89965,326.25,0.39,0.44,2023-07-06,2348,N,VIIRS,n,2,294.07,2.55,N,0
37.43355,24.89889,329.94,0.39,0.44,2023-07-06,2348,N,VIIRS,n,2,293.38,2.55,N,0
38.362,24.08234,328.52,0.44,0.46,2023-07-06,2348,N,VIIRS,n,2,296.79,14.43,N,0
38.37603,24.07184,304.98,0.44,0.46,2023-07-06,2348,N,VIIRS,n,2,293.11,1.37,N,0
38.37167,24.07194,304.66,0.44,0.46,2023-07-06,2348,N,VIIRS,n,2,293.92,1.13,N,0
38.3712,24.07689,319.77,0.44,0.46,2023-07-06,2348,N,VIIRS,n,2,294.54,1.58,N,0
38.37076,24.08168,306.24,0.44,0.46,2023-07-06,2348,N,VIIRS,n,2,293.35,1.58,N,0
38.36728,24.07227,306.73,0.44,0.46,2023-07-06,2348,N,VIIRS,n,2,293.81,1.13,N,0
38.36681,24.07739,312.16,0.44,0.46,2023-07-06,2348,N,VIIRS,n,2,294.59,1.58,N,0
38.35729,24.0862,336.63,0.44,0.46,2023-07-06,2348,N,VIIRS,n,2,295.18,6.05,N,0
38.35768,24.08202,367,0.44,0.46,2023-07-06,2348,N,VIIRS,h,2,305.41,14.43,N,0
38.3616,24.08659,322.9,0.44,0.46,2023-07-06,2348,N,VIIRS,n,2,294.16,6.05,N,0
38.35381,24.07685,309.92,0.44,0.46,2023-07-06,2348,N,VIIRS,n,2,292.55,3.98,N,0
38.35336,24.08169,341.51,0.44,0.46,2023-07-06,2348,N,VIIRS,n,2,293.64,3.98,N,0
38.37554,24.0771,306.17,0.44,0.46,2023-07-06,2348,N,VIIRS,n,2,293.31,1.14,N,0
38.3581,24.07743,315.28,0.44,0.46,2023-07-06,2348,N,VIIRS,n,2,294.24,14.43,N,0
38.3623,24.08054,301.11,0.73,0.76,2023-07-07,0128,N,VIIRS,n,2,290.05,1.7,N,0
38.37301,24.0773,302.27,0.73,0.76,2023-07-07,0128,N,VIIRS,n,2,289.7,1.67,N,0
38.37252,24.07307,302.7,0.73,0.76,2023-07-07,0128,N,VIIRS,n,2,289.76,2.07,N,0
38.35681,24.07955,305.37,0.73,0.76,2023-07-07,0128,N,VIIRS,n,2,289.11,1.19,N,0
37.12871,25.27953,333.56,0.41,0.37,2023-07-07,1109,N,VIIRS,l,2,299.87,7.13,D,3
39.08472,22.24554,333.93,0.49,0.4,2023-07-07,1110,N,VIIRS,n,2,308.06,3.21,D,0
40.96365,23.77164,337.55,0.41,0.37,2023-07-07,1110,N,VIIRS,l,2,307.69,3.19,D,0
39.08576,22.24306,338.36,0.49,0.4,2023-07-07,1110,N,VIIRS,n,2,309.76,3.78,D,0
39.38906,22.80617,309.75,0.35,0.56,2023-07-08,0109,N,VIIRS,n,2,290.78,1.49,N,2
39.35328,22.98476,307.24,0.35,0.57,2023-07-08,0109,N,VIIRS,n,2,293.22,1.88,N,2
37.04214,22.077,333.08,0.63,0.54,2023-07-08,1051,N,VIIRS,l,2,304.58,4.86,D,0
38.07359,23.63828,336.47,0.49,0.49,2023-07-08,1051,N,VIIRS,l,2,308.73,2.23,D,0
38.07077,23.63815,334.57,0.49,0.49,2023-07-08,1051,N,VIIRS,l,2,308.01,3.38,D,0
38.13042,20.50916,353.29,0.35,0.57,2023-07-08,1051,N,VIIRS,n,2,304.07,5.9,D,0
39.55987,22.25863,329.49,0.62,0.71,2023-07-08,1232,N,VIIRS,l,2,301.46,3.37,D,0
40.29271,22.5495,330.99,0.64,0.72,2023-07-08,1232,N,VIIRS,n,2,297.83,9.03,D,0
40.2926,22.5415,351.68,0.64,0.72,2023-07-08,1232,N,VIIRS,n,2,298.91,9.58,D,0
40.29363,22.5412,355.53,0.64,0.72,2023-07-08,1232,N,VIIRS,n,2,299.17,12.59,D,0
39.35556,22.98551,308.63,0.41,0.45,2023-07-09,0051,N,VIIRS,n,2,296.53,1.6,N,2
38.07726,23.65028,332.81,0.47,0.48,2023-07-09,0051,N,VIIRS,n,2,293.98,4.22,N,0
35.20363,26.078,332.69,0.38,0.59,2023-07-09,1031,N,VIIRS,n,2,301.09,3.4,D,0
35.20102,26.08129,367,0.38,0.59,2023-07-09,1031,N,VIIRS,h,2,301.23,6.32,D,0
38.67963,21.23754,337.57,0.6,0.53,2023-07-09,1213,N,VIIRS,n,2,302.88,4.5,D,0
39.13768,22.33785,332.84,0.35,0.56,2023-07-09,1213,N,VIIRS,l,2,304.31,2.2,D,0
41.06369,25.48743,302.68,0.46,0.39,2023-07-10,0031,N,VIIRS,n,2,290.04,0.65,N,0
40.56211,22.46408,326.07,0.39,0.36,2023-07-10,0032,N,VIIRS,n,2,289.15,1.79,N,0
40.55881,22.46311,310.25,0.39,0.36,2023-07-10,0032,N,VIIRS,n,2,287.3,1.79,N,0
40.54329,22.47286,313.34,0.39,0.36,2023-07-10,0032,N,VIIRS,n,2,290.58,0.52,N,0
40.28381,23.44269,303.46,0.41,0.37,2023-07-10,0032,N,VIIRS,n,2,292.49,0.25,N,2
39.35437,22.98642,313.35,0.41,0.37,2023-07-10,0032,N,VIIRS,n,2,295.04,1.18,N,2
39.16864,22.8392,304.64,0.41,0.37,2023-07-10,0032,N,VIIRS,n,2,291.74,1.43,N,2
38.37288,24.06111,308,0.45,0.39,2023-07-10,0032,N,VIIRS,n,2,292.89,0.7,N,2
35.24474,24.45866,342.19,0.45,0.47,2023-07-10,1153,N,VIIRS,n,2,306.75,4.57,D,0
35.24905,24.45768,341.88,0.45,0.47,2023-07-10,1153,N,VIIRS,n,2,305.74,4.57,D,0
39.35508,22.98449,309.48,0.41,0.37,2023-07-11,0013,N,VIIRS,n,2,295.16,1.36,N,2
38.37322,24.06239,306.96,0.39,0.36,2023-07-11,0013,N,VIIRS,n,2,294.46,0.76,N,2
38.1301,23.523,303.74,0.4,0.37,2023-07-11,0013,N,VIIRS,n,2,293.46,1.03,N,2
37.91799,23.07076,308.08,0.4,0.37,2023-07-11,0013,N,VIIRS,n,2,298.08,1.79,N,2
38.07969,21.42379,320.14,0.45,0.39,2023-07-11,0013,N,VIIRS,n,2,292.6,1.55,N,0
41.55057,26.37574,354.43,0.72,0.76,2023-07-11,0955,N,VIIRS,n,2,299.94,43.05,D,0
41.55717,26.37219,367,0.72,0.76,2023-07-11,0955,N,VIIRS,h,2,295,43.05,D,0
41.54932,26.37643,367,0.72,0.76,2023-07-11,0955,N,VIIRS,h,2,295.84,22.23,D,0
41.55877,26.38109,331.58,0.72,0.76,2023-07-11,0955,N,VIIRS,n,2,295.15,40.14,D,0
41.55597,26.37298,355.15,0.72,0.76,2023-07-11,0955,N,VIIRS,n,2,297.66,40.14,D,0
40.62957,22.35846,342.4,0.41,0.37,2023-07-11,1135,N,VIIRS,n,2,310.42,3.2,D,0
41.1245,24.16507,335.41,0.46,0.39,2023-07-11,1135,N,VIIRS,n,2,301.51,2.32,D,0
37.89028,23.9187,340.88,0.42,0.38,2023-07-11,1135,N,VIIRS,l,2,315.81,6.71,D,0
39.3139,22.00263,300.18,0.48,0.48,2023-07-11,2354,N,VIIRS,n,2,290.01,0.51,N,0
39.35179,22.98296,302.32,0.72,0.76,2023-07-12,0134,N,VIIRS,n,2,292.05,1.78,N,2
39.16923,22.84094,344.35,0.41,0.37,2023-07-12,1116,N,VIIRS,n,2,316.62,8.01,D,2
39.33913,21.9418,339.68,0.44,0.38,2023-07-12,1116,N,VIIRS,l,2,310.26,2.9,D,0
40.29208,22.17484,301.47,0.37,0.58,2023-07-13,0115,N,VIIRS,n,2,287.57,0.45,N,0
39.355,22.98329,310.26,0.43,0.62,2023-07-13,0116,N,VIIRS,n,2,294.49,1.22,N,2
41.74701,26.22917,345.34,0.42,0.38,2023-07-13,1058,N,VIIRS,n,2,309.37,4.13,D,0
41.7436,26.23025,339.74,0.42,0.38,2023-07-13,1058,N,VIIRS,l,2,311.47,3.09,D,0
39.38516,22.80839,306.2,0.48,0.48,2023-07-14,0057,N,VIIRS,n,2,296.03,1.29,N,2
37.1085,25.51895,330.89,0.6,0.53,2023-07-14,1038,N,VIIRS,n,2,304.74,98.46,D,0
37.10387,25.52123,367,0.6,0.53,2023-07-14,1038,N,VIIRS,h,2,334.02,98.46,D,0
37.09928,25.5237,367,0.6,0.53,2023-07-14,1038,N,VIIRS,l,2,331.91,197.42,D,0
37.10545,25.52774,344.46,0.6,0.53,2023-07-14,1038,N,VIIRS,n,2,313.2,98.46,D,0
39.21313,23.23016,367,0.35,0.57,2023-07-14,1039,N,VIIRS,h,2,307.22,11.15,D,0
36.52378,22.40166,350.44,0.41,0.6,2023-07-14,1218,N,VIIRS,n,2,309.91,4.38,D,0
36.52944,22.40174,339.23,0.41,0.6,2023-07-14,1218,N,VIIRS,n,2,306.76,4.38,D,0
36.52963,22.40549,333.4,0.41,0.6,2023-07-14,1218,N,VIIRS,l,2,305.31,4.38,D,0
37.09641,25.52406,367,0.61,0.71,2023-07-14,1219,N,VIIRS,l,2,330.68,73.84,D,0
37.09623,25.51708,343.92,0.61,0.71,2023-07-14,1219,N,VIIRS,n,2,305.18,39.32,D,0
39.6938,22.14527,367,0.42,0.61,2023-07-14,1219,N,VIIRS,h,2,309.32,10,D,0
37.09666,25.53429,367,0.61,0.71,2023-07-14,1219,N,VIIRS,h,2,306.42,73.84,D,0
37.10994,25.53224,354.41,0.61,0.71,2023-07-14,1219,N,VIIRS,n,2,305.31,13.4,D,0
37.10976,25.52539,367,0.61,0.71,2023-07-14,1219,N,VIIRS,h,2,306.39,13.4,D,0
37.10293,25.51843,350.73,0.61,0.71,2023-07-14,1219,N,VIIRS,n,2,306.64,39.32,D,0
37.10311,25.52569,367,0.61,0.71,2023-07-14,1219,N,VIIRS,h,2,322.58,73.84,D,0
37.10334,25.53467,367,0.61,0.71,2023-07-14,1219,N,VIIRS,h,2,307.64,73.84,D,0
39.3543,22.98623,312.37,0.45,0.39,2023-07-15,0038,N,VIIRS,n,2,297.93,2.17,N,2
38.12897,23.52415,309.84,0.5,0.41,2023-07-15,0038,N,VIIRS,n,2,297.13,2.25,N,2
38.375,24.06117,309.96,0.52,0.41,2023-07-15,0038,N,VIIRS,n,2,297.83,2.62,N,2
37.09285,25.52407,344.22,0.43,0.46,2023-07-15,0039,N,VIIRS,n,2,299.15,6.15,N,0
37.10799,25.51523,310.02,0.43,0.46,2023-07-15,0039,N,VIIRS,n,2,298.43,36.3,N,0
37.1049,25.50923,342.72,0.43,0.46,2023-07-15,0039,N,VIIRS,n,2,304.9,49.52,N,0
37.10395,25.5136,367,0.43,0.46,2023-07-15,0039,N,VIIRS,h,2,331.04,36.3,N,0
37.10299,25.51799,327.69,0.43,0.46,2023-07-15,0039,N,VIIRS,n,2,299.69,36.3,N,0
37.10094,25.52736,317.22,0.43,0.46,2023-07-15,0039,N,VIIRS,n,2,296.52,2.43,N,0
37.10083,25.50773,333.34,0.43,0.46,2023-07-15,0039,N,VIIRS,n,2,329.28,42.33,N,0
37.09989,25.51205,329.61,0.43,0.46,2023-07-15,0039,N,VIIRS,n,2,298.42,3.13,N,0
37.10177,25.50344,319.12,0.43,0.46,2023-07-15,0039,N,VIIRS,n,2,298.87,42.33,N,0
37.09896,25.51628,307.98,0.43,0.46,2023-07-15,0039,N,VIIRS,n,2,295.82,3.13,N,0
37.09767,25.50207,336.48,0.43,0.46,2023-07-15,0039,N,VIIRS,n,2,300.08,42.33,N,0
37.09674,25.50633,328.43,0.43,0.46,2023-07-15,0039,N,VIIRS,n,2,314.5,42.33,N,0
37.0958,25.51062,320.33,0.43,0.46,2023-07-15,0039,N,VIIRS,n,2,299.15,3.13,N,0
37.09356,25.50077,323.7,0.43,0.46,2023-07-15,0039,N,VIIRS,n,2,299.83,6.38,N,0
37.09261,25.5051,356.62,0.43,0.46,2023-07-15,0039,N,VIIRS,n,2,302.56,6.38,N,0
37.08871,25.52287,350.17,0.43,0.46,2023-07-15,0039,N,VIIRS,n,2,301.08,12.05,N,0
37.08979,25.51796,316.28,0.43,0.46,2023-07-15,0039,N,VIIRS,n,2,297.29,12.05,N,0
41.57285,26.30843,342.39,0.37,0.58,2023-07-15,1020,N,VIIRS,n,2,306.99,27.26,D,0
41.57781,26.30552,331.21,0.37,0.58,2023-07-15,1020,N,VIIRS,n,2,295.58,27.26,D,0
41.574,26.31262,367,0.37,0.58,2023-07-15,1020,N,VIIRS,h,2,298.9,27.26,D,0
38.43699,23.75467,341.63,0.55,0.51,2023-07-15,1200,N,VIIRS,n,2,304.78,6.04,D,0
38.43656,23.7488,342.21,0.55,0.51,2023-07-15,1200,N,VIIRS,n,2,306.14,4.88,D,0
38.43705,23.75514,334.88,0.55,0.51,2023-07-15,1200,N,VIIRS,n,2,304.41,5.91,D,0
38.43659,23.74927,343.08,0.55,0.51,2023-07-15,1200,N,VIIRS,n,2,306.52,5.91,D,0
39.37436,22.32896,346.89,0.47,0.48,2023-07-15,1200,N,VIIRS,n,2,307.01,4.76,D,0
39.37294,22.33186,343.15,0.47,0.48,2023-07-15,1200,N,VIIRS,n,2,307.43,2.4,D,0
41.5755,26.31407,331.28,0.4,0.6,2023-07-15,1201,N,VIIRS,n,2,295.88,1.91,D,0
41.56986,26.31396,340.19,0.4,0.6,2023-07-15,1201,N,VIIRS,n,2,298.28,4.9,D,0
39.35637,22.98454,310.03,0.39,0.36,2023-07-16,0019,N,VIIRS,n,2,298.06,2.34,N,2
39.17105,22.84099,307.85,0.39,0.36,2023-07-16,0019,N,VIIRS,n,2,296.19,0.99,N,2
37.09735,25.50032,333.67,0.41,0.37,2023-07-16,0020,N,VIIRS,n,2,299.73,5.54,N,0
38.37479,24.06115,313.52,0.39,0.36,2023-07-16,0020,N,VIIRS,n,2,298.72,2.08,N,2
38.13027,23.52353,323.89,0.38,0.36,2023-07-16,0020,N,VIIRS,n,2,299.46,2.87,N,2
37.67291,21.35657,316.51,0.4,0.37,2023-07-16,0020,N,VIIRS,n,2,295.77,1.09,N,0
38.1285,23.5219,312.66,0.49,0.41,2023-07-17,0001,N,VIIRS,n,2,298.17,2.52,N,2
37.83183,23.95225,345.07,0.38,0.36,2023-07-17,1122,N,VIIRS,l,2,318.29,7.4,D,0
37.82982,23.93924,350.48,0.38,0.36,2023-07-17,1122,N,VIIRS,n,2,317.39,21.95,D,0
37.83117,23.94792,351.24,0.38,0.36,2023-07-17,1122,N,VIIRS,l,2,329.12,26.59,D,0
37.79024,23.92644,349.09,0.38,0.36,2023-07-17,1122,N,VIIRS,l,2,323.78,35.66,D,0
37.79092,23.93078,367,0.38,0.36,2023-07-17,1122,N,VIIRS,h,2,331.99,35.66,D,0
37.79226,23.93948,367,0.38,0.36,2023-07-17,1122,N,VIIRS,h,2,356.1,215.51,D,0
37.78762,23.93158,367,0.38,0.36,2023-07-17,1122,N,VIIRS,l,2,376.75,210.79,D,0
37.78829,23.93592,367,0.38,0.36,2023-07-17,1122,N,VIIRS,l,2,376.71,196.08,D,0
37.78897,23.94027,350.16,0.38,0.36,2023-07-17,1122,N,VIIRS,n,2,324.61,196.08,D,0
37.78567,23.94107,339.05,0.38,0.36,2023-07-17,1122,N,VIIRS,n,2,309.19,196.08,D,0
37.78365,23.92804,367,0.38,0.36,2023-07-17,1122,N,VIIRS,h,2,335.76,210.79,D,0
37.78432,23.93238,367,0.38,0.36,2023-07-17,1122,N,VIIRS,h,2,346.68,210.79,D,0
37.785,23.93673,367,0.38,0.36,2023-07-17,1122,N,VIIRS,h,2,308.94,196.08,D,0
37.78103,23.93319,349.68,0.38,0.36,2023-07-17,1122,N,VIIRS,n,2,310.06,55.08,D,0
37.7817,23.93753,343.99,0.38,0.36,2023-07-17,1122,N,VIIRS,n,2,306.89,3.71,D,0
37.83049,23.94358,367,0.38,0.36,2023-07-17,1122,N,VIIRS,l,2,331.6,26.59,D,0
37.83445,23.9471,354.45,0.38,0.36,2023-07-17,1122,N,VIIRS,n,2,324.84,27.1,D,0
37.82928,22.8321,346.02,0.39,0.36,2023-07-17,1122,N,VIIRS,n,2,316.53,5.93,D,0
38.74587,22.89901,337.62,0.39,0.36,2023-07-17,1122,N,VIIRS,l,2,309.02,3.12,D,0
37.8074,23.92685,367,0.38,0.36,2023-07-17,1122,N,VIIRS,h,2,340.78,22.2,D,0
37.81075,23.94849,367,0.38,0.36,2023-07-17,1122,N,VIIRS,h,2,363.47,188.49,D,0
37.80679,23.945,367,0.38,0.36,2023-07-17,1122,N,VIIRS,l,2,378.65,144.89,D,0
37.80276,23.91897,355.92,0.38,0.36,2023-07-17,1122,N,VIIRS,n,2,328.7,30.75,D,0
37.80941,23.93984,352.22,0.38,0.36,2023-07-17,1122,N,VIIRS,n,2,314.81,144.89,D,0
37.80874,23.93551,351.92,0.38,0.36,2023-07-17,1122,N,VIIRS,n,2,316.07,8.7,D,0
37.80344,23.92332,351.83,0.38,0.36,2023-07-17,1122,N,VIIRS,n,2,321.6,22.2,D,0
37.80478,23.93197,345.39,0.38,0.36,2023-07-17,1122,N,VIIRS,n,2,315.36,8.7,D,0
37.80545,23.93631,338.87,0.38,0.36,2023-07-17,1122,N,VIIRS,n,2,313.24,8.7,D,0
37.80612,23.94065,347.98,0.38,0.36,2023-07-17,1122,N,VIIRS,n,2,317.7,144.89,D,0
37.80746,23.94932,346.19,0.38,0.36,2023-07-17,1122,N,VIIRS,n,2,309.67,188.49,D,0
37.80807,23.93118,350.34,0.38,0.36,2023-07-17,1122,N,VIIRS,n,2,318.45,8.7,D,0
37.80673,23.92251,345.61,0.38,0.36,2023-07-17,1122,N,VIIRS,n,2,309.12,22.2,D,0
37.80605,23.91816,352.36,0.38,0.36,2023-07-17,1122,N,VIIRS,n,2,312.82,30.75,D,0
37.81008,23.94417,367,0.38,0.36,2023-07-17,1122,N,VIIRS,l,2,363.28,144.89,D,0
37.81471,23.95199,367,0.38,0.36,2023-07-17,1122,N,VIIRS,h,2,341.42,68.81,D,0
37.81404,23.94767,367,0.38,0.36,2023-07-17,1122,N,VIIRS,h,2,349.91,68.81,D,0
37.81136,23.93038,367,0.38,0.36,2023-07-17,1122,N,VIIRS,h,2,346.42,73.8,D,0
37.81337,23.94335,345.7,0.38,0.36,2023-07-17,1122,N,VIIRS,n,2,318.76,8.53,D,0
37.8127,23.93902,354.76,0.38,0.36,2023-07-17,1122,N,VIIRS,n,2,317.08,8.53,D,0
37.79947,23.91975,367,0.38,0.36,2023-07-17,1122,N,VIIRS,l,2,332.01,40.5,D,0
37.8035,23.94581,367,0.38,0.36,2023-07-17,1122,N,VIIRS,l,2,357.61,154.46,D,0
37.80014,23.92409,343.74,0.38,0.36,2023-07-17,1122,N,VIIRS,l,2,316.37,4.28,D,0
37.80081,23.92842,341.94,0.38,0.36,2023-07-17,1122,N,VIIRS,l,2,314.42,4.28,D,0
37.80148,23.93276,351.31,0.38,0.36,2023-07-17,1122,N,VIIRS,n,2,315.2,30.39,D,0
37.81204,23.93471,353.4,0.38,0.36,2023-07-17,1122,N,VIIRS,n,2,317.02,73.8,D,0
37.81466,23.92957,367,0.38,0.36,2023-07-17,1122,N,VIIRS,h,2,351.4,73.8,D,0
37.81666,23.94252,352.05,0.38,0.36,2023-07-17,1122,N,VIIRS,n,2,320,8.53,D,0
37.81599,23.9382,352.17,0.38,0.36,2023-07-17,1122,N,VIIRS,n,2,320,8.53,D,0
37.81532,23.93388,349.8,0.38,0.36,2023-07-17,1122,N,VIIRS,n,2,320.53,73.8,D,0
37.81398,23.92522,341.78,0.38,0.36,2023-07-17,1122,N,VIIRS,n,2,315.56,53.06,D,0
37.818,23.95118,367,0.38,0.36,2023-07-17,1122,N,VIIRS,l,2,334.89,68.81,D,0
37.81733,23.94685,367,0.38,0.36,2023-07-17,1122,N,VIIRS,l,2,327.1,68.81,D,0
37.81928,23.93737,367,0.38,0.36,2023-07-17,1122,N,VIIRS,h,2,323.76,17.76,D,0
37.81794,23.92874,367,0.38,0.36,2023-07-17,1122,N,VIIRS,h,2,352.22,29.49,D,0
37.81727,23.92439,367,0.38,0.36,2023-07-17,1122,N,VIIRS,h,2,331.83,53.81,D,0
37.80215,23.93711,353.59,0.38,0.36,2023-07-17,1122,N,VIIRS,n,2,314.13,30.39,D,0
37.80283,23.94146,367,0.38,0.36,2023-07-17,1122,N,VIIRS,h,2,338.03,154.46,D,0
37.79616,23.92052,355.84,0.38,0.36,2023-07-17,1122,N,VIIRS,n,2,321.41,40.5,D,0
37.79684,23.92486,354.6,0.38,0.36,2023-07-17,1122,N,VIIRS,n,2,318.18,4.28,D,0
37.79751,23.9292,349.82,0.38,0.36,2023-07-17,1122,N,VIIRS,n,2,317.48,4.28,D,0
37.82062,23.94603,352.47,0.38,0.36,2023-07-17,1122,N,VIIRS,n,2,321.44,25.45,D,0
37.81995,23.9417,350.61,0.38,0.36,2023-07-17,1122,N,VIIRS,n,2,319.86,17.76,D,0
37.81861,23.93306,352.19,0.38,0.36,2023-07-17,1122,N,VIIRS,n,2,321.54,29.49,D,0
37.82129,23.95036,367,0.38,0.36,2023-07-17,1122,N,VIIRS,l,2,326.93,25.45,D,0
37.82525,23.95388,347.64,0.38,0.36,2023-07-17,1122,N,VIIRS,l,2,320.07,8.2,D,0
37.82324,23.94088,356.54,0.38,0.36,2023-07-17,1122,N,VIIRS,n,2,324.31,17.76,D,0
37.8219,23.93223,339.05,0.38,0.36,2023-07-17,1122,N,VIIRS,n,2,308.43,29.49,D,0
37.82123,23.9279,352.85,0.38,0.36,2023-07-17,1122,N,VIIRS,n,2,308.82,29.49,D,0
37.79818,23.93354,354.83,0.38,0.36,2023-07-17,1122,N,VIIRS,n,2,322.63,30.39,D,0
37.79953,23.94225,367,0.38,0.36,2023-07-17,1122,N,VIIRS,h,2,341.66,154.46,D,0
37.79287,23.92131,367,0.38,0.36,2023-07-17,1122,N,VIIRS,h,2,321.03,66.83,D,0
37.79354,23.92565,367,0.38,0.36,2023-07-17,1122,N,VIIRS,h,2,321.28,35.66,D,0
37.82257,23.93655,367,0.38,0.36,2023-07-17,1122,N,VIIRS,l,2,333.56,17.76,D,0
37.79421,23.92999,367,0.38,0.36,2023-07-17,1122,N,VIIRS,h,2,319.37,35.66,D,0
37.79556,23.93868,367,0.38,0.36,2023-07-17,1122,N,VIIRS,h,2,354.43,215.51,D,0
37.79159,23.93512,367,0.38,0.36,2023-07-17,1122,N,VIIRS,l,2,351.32,215.51,D,0
37.8272,23.9444,349.39,0.38,0.36,2023-07-17,1122,N,VIIRS,l,2,320.49,26.59,D,0
37.82586,23.93572,338,0.38,0.36,2023-07-17,1122,N,VIIRS,l,2,312.83,21.95,D,0
37.82653,23.94006,367,0.38,0.36,2023-07-17,1122,N,VIIRS,l,2,338.34,21.95,D,0
40.7059,22.81802,342.25,0.38,0.36,2023-07-17,1123,N,VIIRS,l,2,313.22,6.52,D,0
40.94085,24.73633,331.29,0.39,0.37,2023-07-17,1123,N,VIIRS,n,2,304.38,2.75,D,0
40.90443,25.97116,305.85,0.45,0.47,2023-07-17,2341,N,VIIRS,n,2,291.3,0.52,N,0
38.17192,23.48895,332.81,0.57,0.52,2023-07-17,2342,N,VIIRS,n,2,296.41,3.54,N,0
38.16983,23.51643,317.78,0.57,0.52,2023-07-17,2342,N,VIIRS,n,2,293.56,27.58,N,0
38.16765,23.48107,335.27,0.57,0.52,2023-07-17,2342,N,VIIRS,n,2,295.89,6.26,N,0
38.16711,23.48816,320.94,0.57,0.52,2023-07-17,2342,N,VIIRS,n,2,296.18,3.54,N,0
38.16608,23.5018,323.37,0.57,0.52,2023-07-17,2342,N,VIIRS,n,2,295.02,52.15,N,0
38.16558,23.5084,346.83,0.57,0.52,2023-07-17,2342,N,VIIRS,n,2,308.09,52.15,N,0
38.16507,23.51506,340.01,0.57,0.52,2023-07-17,2342,N,VIIRS,n,2,297.37,27.58,N,0
38.16659,23.49507,307.72,0.57,0.52,2023-07-17,2342,N,VIIRS,n,2,294.2,3.54,N,0
38.16284,23.48022,338.57,0.57,0.52,2023-07-17,2342,N,VIIRS,n,2,296.66,8.93,N,0
38.1623,23.4874,333.03,0.57,0.52,2023-07-17,2342,N,VIIRS,n,2,297.74,5.53,N,0
38.16081,23.50709,347.56,0.57,0.52,2023-07-17,2342,N,VIIRS,n,2,306.3,18.58,N,0
38.16031,23.51373,335.8,0.57,0.52,2023-07-17,2342,N,VIIRS,n,2,296.71,22.56,N,0
38.16179,23.49409,317,0.57,0.52,2023-07-17,2342,N,VIIRS,n,2,296.15,5.53,N,0
38.1613,23.50061,316.75,0.57,0.52,2023-07-17,2342,N,VIIRS,n,2,295.37,18.58,N,0
38.15804,23.4792,333.09,0.57,0.52,2023-07-17,2342,N,VIIRS,n,2,295.22,8.93,N,0
38.15752,23.48613,330.69,0.57,0.52,2023-07-17,2342,N,VIIRS,n,2,298.06,5.53,N,0
38.17246,23.48183,328.56,0.57,0.52,2023-07-17,2342,N,VIIRS,n,2,294.5,6.26,N,0
38.1746,23.5176,317.33,0.57,0.52,2023-07-17,2342,N,VIIRS,n,2,294.17,19.79,N,0
38.17616,23.49715,311.1,0.57,0.52,2023-07-17,2342,N,VIIRS,n,2,294.22,3.93,N,0
38.17512,23.51081,334.04,0.57,0.52,2023-07-17,2342,N,VIIRS,n,2,324.34,72.45,N,0
38.17564,23.5041,329.9,0.57,0.52,2023-07-17,2342,N,VIIRS,n,2,295.67,72.45,N,0
38.15702,23.49281,323.82,0.57,0.52,2023-07-17,2342,N,VIIRS,n,2,297.62,5.53,N,0
38.15654,23.49918,327.66,0.57,0.52,2023-07-17,2342,N,VIIRS,n,2,298.73,18.58,N,0
38.15607,23.50555,340.95,0.57,0.52,2023-07-17,2342,N,VIIRS,n,2,297.86,18.58,N,0
38.15271,23.48541,332.15,0.57,0.52,2023-07-17,2342,N,VIIRS,n,2,298.06,5.69,N,0
38.17672,23.48984,335.55,0.57,0.52,2023-07-17,2342,N,VIIRS,n,2,296.31,3.93,N,0
38.17728,23.48252,328.52,0.57,0.52,2023-07-17,2342,N,VIIRS,n,2,294.42,7,N,0
38.18042,23.50515,312.21,0.57,0.52,2023-07-17,2342,N,VIIRS,n,2,293.22,72.45,N,0
38.15222,23.49198,326.82,0.57,0.52,2023-07-17,2342,N,VIIRS,n,2,297.46,5.69,N,0
38.15174,23.49826,337.01,0.57,0.52,2023-07-17,2342,N,VIIRS,n,2,299.72,29.07,N,0
38.15128,23.50454,353.75,0.57,0.52,2023-07-17,2342,N,VIIRS,n,2,304.59,29.07,N,0
38.15323,23.47846,313.81,0.57,0.52,2023-07-17,2342,N,VIIRS,n,2,294.95,4.27,N,0
38.15078,23.51106,311.76,0.57,0.52,2023-07-17,2342,N,VIIRS,n,2,296.03,13.15,N,0
38.14835,23.47859,326.95,0.57,0.52,2023-07-17,2342,N,VIIRS,n,2,295.64,4.27,N,0
38.14783,23.48549,334.39,0.57,0.52,2023-07-17,2342,N,VIIRS,n,2,299.09,5.69,N,0
38.14737,23.49179,326.27,0.57,0.52,2023-07-17,2342,N,VIIRS,n,2,298.24,5.69,N,0
38.14691,23.49783,337.22,0.57,0.52,2023-07-17,2342,N,VIIRS,n,2,299.7,29.07,N,0
38.14646,23.50396,351.21,0.57,0.52,2023-07-17,2342,N,VIIRS,n,2,311.16,29.07,N,0
38.146,23.51004,330.2,0.57,0.52,2023-07-17,2342,N,VIIRS,n,2,296.99,13.15,N,0
38.1435,23.4783,339.33,0.57,0.52,2023-07-17,2342,N,VIIRS,n,2,296.65,8.5,N,0
38.14301,23.48491,335.84,0.57,0.52,2023-07-17,2342,N,VIIRS,n,2,299.7,7.09,N,0
38.14256,23.49095,332.27,0.57,0.52,2023-07-17,2342,N,VIIRS,n,2,299.65,7.09,N,0
38.14211,23.49698,337.26,0.57,0.52,2023-07-17,2342,N,VIIRS,n,2,299.29,28.06,N,0
38.14163,23.50336,367,0.57,0.52,2023-07-17,2342,N,VIIRS,h,2,308.52,28.06,N,0
38.14117,23.50961,333.1,0.57,0.52,2023-07-17,2342,N,VIIRS,n,2,296.75,13.91,N,0
38.13868,23.47765,334.73,0.57,0.52,2023-07-17,2342,N,VIIRS,n,2,297.08,8.5,N,0
38.13821,23.48387,332.78,0.57,0.52,2023-07-17,2342,N,VIIRS,n,2,299.25,7.09,N,0
38.13778,23.48982,330.62,0.57,0.52,2023-07-17,2342,N,VIIRS,n,2,299.3,7.09,N,0
38.13732,23.49596,341.28,0.57,0.52,2023-07-17,2342,N,VIIRS,n,2,300.1,28.06,N,0
38.13683,23.50255,367,0.57,0.52,2023-07-17,2342,N,VIIRS,h,2,307.49,28.06,N,0
38.13635,23.50902,327.85,0.57,0.52,2023-07-17,2342,N,VIIRS,n,2,296.25,13.91,N,0
38.13391,23.47621,338.9,0.57,0.52,2023-07-17,2342,N,VIIRS,n,2,297.99,4.52,N,0
38.13344,23.48256,332.96,0.57,0.52,2023-07-17,2342,N,VIIRS,n,2,298.55,7.81,N,0
38.18151,23.49091,311.81,0.57,0.52,2023-07-17,2342,N,VIIRS,n,2,294.17,3.93,N,0
38.17991,23.51176,349.15,0.57,0.52,2023-07-17,2342,N,VIIRS,n,2,299.75,72.45,N,0
38.18208,23.48351,337.16,0.57,0.52,2023-07-17,2342,N,VIIRS,n,2,295.89,7,N,0
38.18629,23.49204,304.73,0.57,0.52,2023-07-17,2342,N,VIIRS,n,2,292.88,2.07,N,0
38.13299,23.4887,336.45,0.57,0.52,2023-07-17,2342,N,VIIRS,n,2,298.7,7.81,N,0
38.13253,23.49494,344.42,0.57,0.52,2023-07-17,2342,N,VIIRS,n,2,299.11,39.21,N,0
38.13205,23.50129,367,0.57,0.52,2023-07-17,2342,N,VIIRS,h,2,306.76,39.21,N,0
38.13158,23.50769,334.38,0.57,0.52,2023-07-17,2342,N,VIIRS,n,2,312.51,69.04,N,0
38.18685,23.48473,345.47,0.57,0.52,2023-07-17,2342,N,VIIRS,n,2,295.74,6.53,N,0
38.19163,23.48597,323.84,0.57,0.52,2023-07-17,2342,N,VIIRS,n,2,293.5,6.53,N,0
38.11845,23.48784,349.64,0.57,0.52,2023-07-17,2342,N,VIIRS,n,2,300.64,9.99,N,0
38.11798,23.49422,367,0.57,0.52,2023-07-17,2342,N,VIIRS,h,2,305.52,46.2,N,0
38.18327,23.51127,302.54,0.57,0.52,2023-07-17,2342,N,VIIRS,n,2,292.04,1.4,N,0
38.18471,23.49072,308.77,0.57,0.52,2023-07-17,2342,N,VIIRS,n,2,293.43,5.45,N,0
38.18523,23.4833,337.53,0.57,0.52,2023-07-17,2342,N,VIIRS,n,2,295.62,5.45,N,0
38.1344,23.46948,306.25,0.57,0.52,2023-07-17,2342,N,VIIRS,n,2,293.64,4.52,N,0
38.12865,23.48144,339.54,0.57,0.52,2023-07-17,2342,N,VIIRS,n,2,300.29,7.81,N,0
38.12818,23.48786,340.15,0.57,0.52,2023-07-17,2342,N,VIIRS,n,2,299.64,7.81,N,0
38.1277,23.49434,348.37,0.57,0.52,2023-07-17,2342,N,VIIRS,n,2,301.2,39.21,N,0
38.19001,23.48462,343.9,0.57,0.52,2023-07-17,2342,N,VIIRS,n,2,295.03,5.45,N,0
37.75278,23.9149,312.05,0.54,0.51,2023-07-17,2342,N,VIIRS,n,2,298.06,3.48,N,0
37.75216,23.92233,323.81,0.54,0.5,2023-07-17,2342,N,VIIRS,n,2,297.17,2.44,N,0
37.74901,23.92102,317.06,0.54,0.51,2023-07-17,2342,N,VIIRS,n,2,297.82,2.49,N,0
38.11941,23.47476,307.31,0.57,0.52,2023-07-17,2342,N,VIIRS,n,2,294.52,3.18,N,0
37.74955,23.91392,311.44,0.54,0.51,2023-07-17,2342,N,VIIRS,n,2,298.32,2.49,N,0
37.75561,23.95794,310.41,0.53,0.5,2023-07-17,2342,N,VIIRS,n,2,297.5,2.36,N,0
38.11413,23.48028,335.12,0.57,0.52,2023-07-17,2342,N,VIIRS,n,2,297.4,14.73,N,0
38.11365,23.48689,367,0.57,0.52,2023-07-17,2342,N,VIIRS,h,2,303.23,14.73,N,0
38.11319,23.49328,367,0.57,0.52,2023-07-17,2342,N,VIIRS,h,2,304.41,24.78,N,0
38.11274,23.49943,345.9,0.57,0.52,2023-07-17,2342,N,VIIRS,n,2,300.76,24.78,N,0
38.10887,23.48569,351.34,0.57,0.52,2023-07-17,2342,N,VIIRS,n,2,298.51,14.73,N,0
38.10841,23.49212,342.27,0.57,0.52,2023-07-17,2342,N,VIIRS,n,2,296.53,24.78,N,0
37.95929,23.03465,355.51,0.6,0.53,2023-07-17,2342,N,VIIRS,n,2,298.52,15.82,N,0
37.95436,23.03386,348.07,0.6,0.53,2023-07-17,2342,N,VIIRS,n,2,299.97,32,N,0
37.81612,23.91121,340.46,0.54,0.51,2023-07-17,2342,N,VIIRS,n,2,299.32,6.37,N,0
37.81668,23.90421,307.7,0.54,0.51,2023-07-17,2342,N,VIIRS,n,2,297.17,1.54,N,0
37.79221,23.97333,338.75,0.53,0.5,2023-07-17,2342,N,VIIRS,n,2,297.9,5.68,N,0
38.12724,23.50068,356.78,0.57,0.52,2023-07-17,2342,N,VIIRS,n,2,304.13,39.21,N,0
38.12677,23.50698,335.05,0.57,0.52,2023-07-17,2342,N,VIIRS,n,2,303.01,69.04,N,0
38.12915,23.47473,315.74,0.57,0.52,2023-07-17,2342,N,VIIRS,n,2,294.85,4.52,N,0
37.79179,23.97871,336.07,0.53,0.5,2023-07-17,2342,N,VIIRS,n,2,298.05,5.68,N,0
37.7875,23.97318,339.04,0.53,0.5,2023-07-17,2342,N,VIIRS,n,2,295.43,12.4,N,0
37.7598,23.96487,314.61,0.53,0.5,2023-07-17,2342,N,VIIRS,n,2,297.77,2.13,N,0
37.76075,23.9526,311.91,0.53,0.5,2023-07-17,2342,N,VIIRS,n,2,297.82,2.36,N,0
38.12378,23.48153,334.59,0.57,0.52,2023-07-17,2342,N,VIIRS,n,2,299.52,9.99,N,0
38.1233,23.48813,343.88,0.57,0.52,2023-07-17,2342,N,VIIRS,n,2,300.6,9.99,N,0
37.76028,23.95872,331.82,0.53,0.5,2023-07-17,2342,N,VIIRS,n,2,298.7,2.36,N,0
37.76446,23.96567,321.51,0.53,0.5,2023-07-17,2342,N,VIIRS,n,2,297.75,2.62,N,0
38.12282,23.49464,356.91,0.57,0.52,2023-07-17,2342,N,VIIRS,n,2,303.6,46.2,N,0
38.12237,23.5008,346.58,0.57,0.52,2023-07-17,2342,N,VIIRS,n,2,313.89,46.2,N,0
38.12427,23.47482,313.51,0.57,0.52,2023-07-17,2342,N,VIIRS,n,2,294.89,3.18,N,0
38.12191,23.50689,312.01,0.57,0.52,2023-07-17,2342,N,VIIRS,n,2,295.71,15.91,N,0
38.11893,23.48133,338.63,0.57,0.52,2023-07-17,2342,N,VIIRS,n,2,299.35,9.99,N,0
37.78709,23.97835,367,0.53,0.5,2023-07-17,2342,N,VIIRS,h,2,299.61,12.4,N,0
37.78204,23.98234,315.82,0.53,0.5,2023-07-17,2342,N,VIIRS,n,2,297.38,2.24,N,0
37.76912,23.96659,319.39,0.53,0.5,2023-07-17,2342,N,VIIRS,n,2,297.29,2.62,N,0
37.76863,23.97278,322.11,0.53,0.5,2023-07-17,2342,N,VIIRS,n,2,297.74,2.62,N,0
37.77327,23.9738,321.59,0.53,0.5,2023-07-17,2342,N,VIIRS,n,2,297.92,2.81,N,0
38.11754,23.50032,355.42,0.57,0.52,2023-07-17,2342,N,VIIRS,n,2,303.17,46.2,N,0
38.17086,23.50286,318.46,0.57,0.52,2023-07-17,2342,N,VIIRS,n,2,294.24,52.15,N,0
37.77375,23.96772,325.7,0.53,0.5,2023-07-17,2342,N,VIIRS,n,2,297.5,2.81,N,0
38.17139,23.49602,312.01,0.57,0.52,2023-07-17,2342,N,VIIRS,n,2,294.19,3.54,N,0
38.17035,23.50968,335.73,0.57,0.52,2023-07-17,2342,N,VIIRS,n,2,312.26,52.15,N,0
38.147,23.51586,307.18,0.59,0.7,2023-07-18,0122,N,VIIRS,n,2,293.44,21.9,N,0
38.19204,23.48469,342.48,0.58,0.7,2023-07-18,0122,N,VIIRS,n,2,293.29,7.92,N,0
38.19016,23.49082,306.76,0.58,0.7,2023-07-18,0122,N,VIIRS,n,2,291.07,3.79,N,0
38.18436,23.50962,316.75,0.58,0.7,2023-07-18,0122,N,VIIRS,n,2,291.15,2.61,N,0
38.1824,23.516,302.21,0.58,0.7,2023-07-18,0122,N,VIIRS,n,2,290.83,1.85,N,0
38.18544,23.48332,340.32,0.58,0.7,2023-07-18,0122,N,VIIRS,n,2,294.06,6.71,N,0
38.17821,23.50679,367,0.58,0.7,2023-07-18,0122,N,VIIRS,h,2,295.77,26.07,N,0
38.17619,23.51333,367,0.58,0.7,2023-07-18,0122,N,VIIRS,h,2,299.39,43.2,N,0
38.18372,23.48894,317.57,0.58,0.7,2023-07-18,0122,N,VIIRS,n,2,293.31,3.76,N,0
38.18016,23.50046,301.78,0.58,0.7,2023-07-18,0122,N,VIIRS,n,2,290.95,26.07,N,0
38.17421,23.51973,309.09,0.59,0.7,2023-07-18,0122,N,VIIRS,n,2,291.72,43.2,N,0
38.17171,23.50506,367,0.58,0.7,2023-07-18,0122,N,VIIRS,h,2,295.83,26.07,N,0
38.16971,23.51152,350.16,0.58,0.7,2023-07-18,0122,N,VIIRS,n,2,308.26,43.2,N,0
38.16766,23.51815,341.74,0.59,0.7,2023-07-18,0122,N,VIIRS,n,2,293.67,43.2,N,0
38.17897,23.48154,318.48,0.58,0.7,2023-07-18,0122,N,VIIRS,n,2,293.01,6.71,N,0
38.17723,23.48716,319.28,0.58,0.7,2023-07-18,0122,N,VIIRS,n,2,293.46,3.76,N,0
38.17551,23.49277,305.99,0.58,0.7,2023-07-18,0122,N,VIIRS,n,2,292.69,3.76,N,0
38.17367,23.49872,307.48,0.58,0.7,2023-07-18,0122,N,VIIRS,n,2,292.2,26.07,N,0
38.17094,23.48478,332.68,0.58,0.7,2023-07-18,0122,N,VIIRS,n,2,294.44,4.95,N,0
38.16522,23.5033,367,0.58,0.7,2023-07-18,0122,N,VIIRS,h,2,296.98,21.44,N,0
38.16308,23.51021,345.22,0.58,0.7,2023-07-18,0122,N,VIIRS,n,2,304.24,26.06,N,0
38.16103,23.51682,342.83,0.59,0.7,2023-07-18,0122,N,VIIRS,n,2,293.89,26.06,N,0
38.16913,23.49066,311.33,0.58,0.7,2023-07-18,0122,N,VIIRS,n,2,292.83,4.95,N,0
38.16723,23.49678,307.76,0.58,0.7,2023-07-18,0122,N,VIIRS,n,2,292.31,21.44,N,0
38.16468,23.48233,351.88,0.58,0.7,2023-07-18,0122,N,VIIRS,n,2,295.38,4.95,N,0
38.15855,23.50212,320.57,0.58,0.7,2023-07-18,0122,N,VIIRS,n,2,293.74,21.44,N,0
38.15639,23.50909,344.12,0.58,0.7,2023-07-18,0122,N,VIIRS,n,2,293.67,26.06,N,0
38.16285,23.48822,319.63,0.58,0.7,2023-07-18,0122,N,VIIRS,n,2,293.6,4.95,N,0
38.16082,23.49476,310.51,0.58,0.7,2023-07-18,0122,N,VIIRS,n,2,293.31,21.44,N,0
38.15445,23.51534,305.36,0.59,0.7,2023-07-18,0122,N,VIIRS,n,2,293.23,26.06,N,0
38.16197,23.46837,326.97,0.58,0.7,2023-07-18,0122,N,VIIRS,n,2,292.45,10.43,N,0
38.15827,23.48032,357.52,0.58,0.7,2023-07-18,0122,N,VIIRS,n,2,295.06,4.98,N,0
38.15205,23.50038,333.49,0.58,0.7,2023-07-18,0122,N,VIIRS,n,2,294.99,12.42,N,0
38.14989,23.50733,357.59,0.58,0.7,2023-07-18,0122,N,VIIRS,n,2,296.83,37.83,N,0
38.15631,23.48662,314.74,0.58,0.7,2023-07-18,0122,N,VIIRS,n,2,293.86,4.98,N,0
38.15423,23.49335,319.76,0.58,0.7,2023-07-18,0122,N,VIIRS,n,2,293.83,12.42,N,0
38.14765,23.51457,308.19,0.59,0.7,2023-07-18,0122,N,VIIRS,n,2,293.57,37.83,N,0
38.15036,23.48315,322.04,0.58,0.7,2023-07-18,0122,N,VIIRS,n,2,293.44,4.98,N,0
38.14845,23.48929,320.82,0.58,0.7,2023-07-18,0122,N,VIIRS,n,2,293.39,12.42,N,0
38.14617,23.49664,334.75,0.58,0.7,2023-07-18,0122,N,VIIRS,n,2,294.72,12.42,N,0
38.14384,23.50413,367,0.58,0.7,2023-07-18,0122,N,VIIRS,h,2,306.23,37.83,N,0
38.1416,23.51135,345.65,0.59,0.7,2023-07-18,0122,N,VIIRS,n,2,304.5,37.83,N,0
38.1521,23.47751,308.21,0.58,0.7,2023-07-18,0122,N,VIIRS,n,2,291.93,4.98,N,0
38.13958,23.51787,313.99,0.59,0.7,2023-07-18,0122,N,VIIRS,n,2,293.98,7.61,N,0
38.13745,23.5247,304.54,0.59,0.7,2023-07-18,0122,N,VIIRS,n,2,293.22,7.61,N,0
38.19118,23.4858,349.21,0.58,0.7,2023-07-18,0122,N,VIIRS,n,2,293.6,8.92,N,0
38.18362,23.51081,323.57,0.58,0.7,2023-07-18,0122,N,VIIRS,n,2,291.44,3.93,N,0
38.18464,23.48428,339.62,0.58,0.7,2023-07-18,0122,N,VIIRS,n,2,294.02,3.67,N,0
38.17747,23.50797,367,0.58,0.7,2023-07-18,0122,N,VIIRS,h,2,296.29,56.59,N,0
38.1755,23.51448,367,0.59,0.7,2023-07-18,0122,N,VIIRS,h,2,298.99,56.59,N,0
38.18293,23.48993,313.93,0.58,0.7,2023-07-18,0122,N,VIIRS,n,2,293.27,3.67,N,0
38.17353,23.52098,306.43,0.59,0.7,2023-07-18,0122,N,VIIRS,n,2,291.7,24.13,N,0
38.17818,23.48246,321.64,0.58,0.7,2023-07-18,0122,N,VIIRS,n,2,293.07,3.67,N,0
38.17098,23.50622,367,0.58,0.7,2023-07-18,0122,N,VIIRS,h,2,296.79,56.59,N,0
38.16902,23.51272,346.1,0.59,0.7,2023-07-18,0122,N,VIIRS,n,2,309.94,56.59,N,0
38.167,23.5194,330.49,0.59,0.7,2023-07-18,0122,N,VIIRS,n,2,293.9,24.13,N,0
38.17648,23.48808,317.03,0.58,0.7,2023-07-18,0122,N,VIIRS,n,2,293.38,3.67,N,0
38.17476,23.49374,306.15,0.58,0.7,2023-07-18,0122,N,VIIRS,n,2,292.58,12.24,N,0
38.17293,23.49981,307.97,0.58,0.7,2023-07-18,0122,N,VIIRS,n,2,292.44,12.24,N,0
38.17019,23.48569,332.1,0.58,0.7,2023-07-18,0122,N,VIIRS,n,2,294.41,10.22,N,0
38.16449,23.50449,367,0.58,0.7,2023-07-18,0122,N,VIIRS,h,2,296.61,39.77,N,0
38.16238,23.51147,345.81,0.59,0.7,2023-07-18,0122,N,VIIRS,n,2,301.92,39.77,N,0
38.16041,23.51794,332.78,0.59,0.7,2023-07-18,0122,N,VIIRS,n,2,293.76,22.84,N,0
38.16839,23.49162,311.01,0.58,0.7,2023-07-18,0122,N,VIIRS,n,2,292.88,6.35,N,0
38.16651,23.49784,308.31,0.58,0.7,2023-07-18,0122,N,VIIRS,n,2,292.51,6.35,N,0
38.16393,23.48321,355.4,0.58,0.7,2023-07-18,0122,N,VIIRS,n,2,295.73,10.22,N,0
38.15778,23.5035,320.9,0.58,0.7,2023-07-18,0122,N,VIIRS,n,2,293.55,39.77,N,0
38.15574,23.51023,324.49,0.59,0.7,2023-07-18,0122,N,VIIRS,n,2,293.42,39.77,N,0
38.16212,23.48917,319.81,0.58,0.7,2023-07-18,0122,N,VIIRS,n,2,293.79,6.35,N,0
38.16005,23.49599,310.64,0.58,0.7,2023-07-18,0122,N,VIIRS,n,2,293.52,6.35,N,0
38.16116,23.46922,326.98,0.58,0.7,2023-07-18,0122,N,VIIRS,n,2,292.84,3.66,N,0
38.15751,23.48128,352.15,0.58,0.7,2023-07-18,0122,N,VIIRS,n,2,294.42,7.67,N,0
38.15351,23.49444,320.24,0.58,0.7,2023-07-18,0122,N,VIIRS,n,2,294.01,4.75,N,0
38.15136,23.5015,335.06,0.58,0.7,2023-07-18,0122,N,VIIRS,n,2,294.92,36.56,N,0
38.14923,23.50853,367,0.59,0.7,2023-07-18,0122,N,VIIRS,h,2,297.56,36.56,N,0
38.15556,23.48769,314.35,0.58,0.7,2023-07-18,0122,N,VIIRS,n,2,293.6,4.75,N,0
38.1497,23.48388,322.66,0.58,0.7,2023-07-18,0122,N,VIIRS,n,2,293.41,4.75,N,0
38.14778,23.49017,321.52,0.58,0.7,2023-07-18,0122,N,VIIRS,n,2,293.53,4.75,N,0
38.14545,23.49782,336.48,0.58,0.7,2023-07-18,0122,N,VIIRS,n,2,294.6,36.56,N,0
38.1432,23.50527,367,0.59,0.7,2023-07-18,0122,N,VIIRS,h,2,306.2,36.56,N,0
38.14103,23.5124,345.22,0.59,0.7,2023-07-18,0122,N,VIIRS,n,2,304.49,21.9,N,0
38.15143,23.47818,307.73,0.58,0.7,2023-07-18,0122,N,VIIRS,n,2,291.74,7.67,N,0
38.13904,23.51891,314.22,0.59,0.7,2023-07-18,0122,N,VIIRS,n,2,294.39,21.9,N,0
38.14381,23.48017,328.65,0.58,0.7,2023-07-18,0122,N,VIIRS,n,2,292.78,5.71,N,0
38.14161,23.4874,327.46,0.58,0.7,2023-07-18,0122,N,VIIRS,n,2,294.02,5.71,N,0
38.1391,23.49562,328.03,0.58,0.7,2023-07-18,0122,N,VIIRS,n,2,294.89,20.38,N,0
38.13704,23.50238,367,0.59,0.7,2023-07-18,0122,N,VIIRS,h,2,297.86,20.38,N,0
38.13486,23.50954,355.46,0.59,0.7,2023-07-18,0122,N,VIIRS,n,2,301.57,23.03,N,0
38.13266,23.51678,313.7,0.59,0.7,2023-07-18,0122,N,VIIRS,n,2,293.15,23.03,N,0
38.13042,23.52411,306.03,0.59,0.7,2023-07-18,0122,N,VIIRS,n,2,293.04,3.05,N,2
38.13514,23.48558,335.92,0.58,0.7,2023-07-18,0122,N,VIIRS,n,2,293.9,5.71,N,0
38.13274,23.49347,340.96,0.58,0.7,2023-07-18,0122,N,VIIRS,n,2,294.7,20.38,N,0
38.13049,23.50084,367,0.59,0.7,2023-07-18,0122,N,VIIRS,h,2,296.56,20.38,N,0
38.12836,23.50784,367,0.59,0.7,2023-07-18,0122,N,VIIRS,h,2,300.23,23.03,N,0
38.12635,23.51442,345.09,0.59,0.7,2023-07-18,0122,N,VIIRS,n,2,294.49,23.03,N,0
38.13758,23.47756,319.82,0.58,0.7,2023-07-18,0122,N,VIIRS,n,2,292.11,5.71,N,0
38.12431,23.52109,310.97,0.59,0.7,2023-07-18,0122,N,VIIRS,n,2,293.09,3.05,N,0
38.12871,23.48364,323.04,0.58,0.7,2023-07-18,0122,N,VIIRS,n,2,294.12,3.28,N,0
38.12675,23.49004,333.04,0.58,0.7,2023-07-18,0122,N,VIIRS,n,2,294.68,20.91,N,0
38.12485,23.49628,350.06,0.59,0.7,2023-07-18,0122,N,VIIRS,n,2,296.23,20.91,N,0
38.12273,23.5032,367,0.59,0.7,2023-07-18,0122,N,VIIRS,h,2,307.94,82.19,N,0
38.13078,23.47686,314.04,0.58,0.7,2023-07-18,0122,N,VIIRS,n,2,293.35,3.28,N,0
38.1185,23.51706,315.63,0.59,0.7,2023-07-18,0122,N,VIIRS,n,2,292.84,8.51,N,0
38.11652,23.52354,306.21,0.59,0.7,2023-07-18,0122,N,VIIRS,n,2,292.49,8.51,N,0
38.12116,23.48534,326.46,0.58,0.7,2023-07-18,0122,N,VIIRS,n,2,293.86,20.91,N,0
38.11916,23.49187,333.81,0.59,0.7,2023-07-18,0122,N,VIIRS,n,2,294.64,20.91,N,0
38.11685,23.49944,354.9,0.59,0.7,2023-07-18,0122,N,VIIRS,n,2,296.86,82.19,N,0
38.11459,23.50682,367,0.59,0.7,2023-07-18,0122,N,VIIRS,h,2,298.38,82.19,N,0
38.11271,23.51298,321.56,0.59,0.7,2023-07-18,0122,N,VIIRS,n,2,293.24,8.51,N,0
38.12486,23.47323,305.05,0.58,0.7,2023-07-18,0122,N,VIIRS,n,2,292.27,3.28,N,0
38.12307,23.4791,315.57,0.58,0.7,2023-07-18,0122,N,VIIRS,n,2,292.91,3.28,N,0
38.11495,23.48267,328.17,0.58,0.7,2023-07-18,0122,N,VIIRS,n,2,294.63,3.32,N,0
38.11284,23.48956,327.26,0.59,0.7,2023-07-18,0122,N,VIIRS,n,2,294.71,3.32,N,0
38.11054,23.49707,324.72,0.59,0.7,2023-07-18,0122,N,VIIRS,n,2,294.06,7.22,N,0
38.10844,23.48098,307.83,0.58,0.7,2023-07-18,0122,N,VIIRS,n,2,293.08,3.32,N,0
38.10628,23.48802,306.4,0.59,0.7,2023-07-18,0122,N,VIIRS,n,2,293.23,3.32,N,0
37.79018,23.9774,328.95,0.63,0.72,2023-07-18,0122,N,VIIRS,n,2,294.41,3.7,N,0
37.78341,23.97581,311.18,0.63,0.72,2023-07-18,0122,N,VIIRS,n,2,294.05,3.7,N,0
37.77163,23.96708,322.13,0.63,0.72,2023-07-18,0122,N,VIIRS,n,2,295.24,4.72,N,0
37.76934,23.97433,305.84,0.63,0.72,2023-07-18,0122,N,VIIRS,n,2,294.98,3.3,N,0
37.78784,23.97216,320.65,0.63,0.72,2023-07-18,0122,N,VIIRS,n,2,292.81,5.33,N,0
37.78441,23.98328,320.7,0.63,0.72,2023-07-18,0122,N,VIIRS,n,2,294.06,4.61,N,0
37.77527,23.96596,309.39,0.63,0.72,2023-07-18,0122,N,VIIRS,n,2,294.68,1.88,N,0
37.77298,23.97334,313.33,0.63,0.72,2023-07-18,0122,N,VIIRS,n,2,295.17,1.88,N,0
37.7685,23.96441,309.27,0.63,0.72,2023-07-18,0122,N,VIIRS,n,2,295.31,2.06,N,0
37.76633,23.9714,307.37,0.63,0.72,2023-07-18,0122,N,VIIRS,n,2,295.22,2.06,N,0
37.76207,23.96176,320.2,0.63,0.72,2023-07-18,0122,N,VIIRS,n,2,295.55,2.06,N,0
37.95725,23.02943,323.48,0.56,0.69,2023-07-18,0122,N,VIIRS,n,2,292.81,16,N,0
37.95529,23.03583,367,0.56,0.69,2023-07-18,0122,N,VIIRS,h,2,294.34,16,N,0
37.95105,23.02711,354.85,0.56,0.69,2023-07-18,0122,N,VIIRS,n,2,293.23,16,N,0
37.94898,23.03388,352.11,0.56,0.69,2023-07-18,0122,N,VIIRS,n,2,294.42,16,N,0
37.95845,23.03778,323.32,0.56,0.69,2023-07-18,0122,N,VIIRS,n,2,292.43,4.62,N,0
37.96028,23.03165,312.47,0.56,0.69,2023-07-18,0122,N,VIIRS,n,2,292.28,4.66,N,0
37.95426,23.02876,346.02,0.56,0.69,2023-07-18,0122,N,VIIRS,n,2,292.88,20.32,N,0
37.95221,23.0356,352.61,0.56,0.69,2023-07-18,0122,N,VIIRS,n,2,295.2,19.56,N,0
37.94784,23.02717,329.9,0.56,0.69,2023-07-18,0122,N,VIIRS,n,2,292.72,20.32,N,0
37.94585,23.03381,345.45,0.56,0.69,2023-07-18,0122,N,VIIRS,n,2,293.16,19.56,N,0
38.09644,23.46022,367,0.53,0.42,2023-07-18,1103,N,VIIRS,l,2,354.03,240.06,D,0
38.19142,23.48721,342.13,0.52,0.42,2023-07-18,1103,N,VIIRS,n,2,306.88,5.6,D,0
38.18639,23.48198,347.45,0.52,0.42,2023-07-18,1103,N,VIIRS,n,2,305.91,19.17,D,0
38.18261,23.48306,356.49,0.52,0.42,2023-07-18,1103,N,VIIRS,n,2,315.12,19.17,D,0
38.1776,23.47799,348.79,0.52,0.42,2023-07-18,1103,N,VIIRS,n,2,310.5,54.52,D,0
38.17883,23.48419,355.53,0.52,0.42,2023-07-18,1103,N,VIIRS,n,2,313.53,54.52,D,0
38.1837,23.50867,342.89,0.52,0.42,2023-07-18,1103,N,VIIRS,n,2,312.33,41.98,D,0
38.17507,23.48539,349.73,0.52,0.42,2023-07-18,1103,N,VIIRS,n,2,312.63,54.52,D,0
38.17385,23.47926,367,0.52,0.42,2023-07-18,1103,N,VIIRS,h,2,346.44,54.52,D,0
38.1701,23.48048,367,0.52,0.42,2023-07-18,1103,N,VIIRS,l,2,337.34,97.42,D,0
38.17857,23.52299,348.39,0.52,0.42,2023-07-18,1103,N,VIIRS,n,2,311.52,129.31,D,0
38.16388,23.46942,367,0.52,0.42,2023-07-18,1103,N,VIIRS,l,2,334.75,314.5,D,0
38.16633,23.48167,367,0.52,0.42,2023-07-18,1103,N,VIIRS,h,2,320.16,97.42,D,0
38.17478,23.52399,367,0.52,0.42,2023-07-18,1103,N,VIIRS,h,2,339.94,129.31,D,0
38.16011,23.47055,353.81,0.52,0.42,2023-07-18,1103,N,VIIRS,n,2,310.69,16.7,D,0
38.16133,23.47667,352.89,0.52,0.42,2023-07-18,1103,N,VIIRS,n,2,307.33,16.7,D,0
38.16257,23.48285,352.65,0.52,0.42,2023-07-18,1103,N,VIIRS,n,2,311.11,16.86,D,0
38.16859,23.51297,351.65,0.52,0.42,2023-07-18,1103,N,VIIRS,n,2,311.44,15.74,D,0
38.17097,23.52493,349.39,0.52,0.42,2023-07-18,1103,N,VIIRS,n,2,308.94,159.03,D,0
38.15514,23.46573,352.44,0.53,0.42,2023-07-18,1103,N,VIIRS,n,2,312.52,125.4,D,0
38.15634,23.47172,356.26,0.52,0.42,2023-07-18,1103,N,VIIRS,n,2,308.56,16.7,D,0
38.15259,23.47301,351.09,0.52,0.42,2023-07-18,1103,N,VIIRS,n,2,307.01,10.98,D,0
38.15139,23.46704,367,0.53,0.42,2023-07-18,1103,N,VIIRS,h,2,309.75,104.14,D,0
38.14767,23.46842,353.7,0.53,0.42,2023-07-18,1103,N,VIIRS,n,2,310.1,104.14,D,0
38.14888,23.47448,349.09,0.52,0.42,2023-07-18,1103,N,VIIRS,n,2,307.35,10.98,D,0
38.16091,23.53447,348.48,0.52,0.42,2023-07-18,1103,N,VIIRS,n,2,312.45,155.19,D,0
38.15963,23.52806,367,0.52,0.42,2023-07-18,1103,N,VIIRS,h,2,347.63,256.36,D,0
38.1572,23.53585,367,0.52,0.42,2023-07-18,1103,N,VIIRS,l,2,338.82,488.15,D,0
38.14272,23.46375,355.47,0.53,0.42,2023-07-18,1103,N,VIIRS,n,2,314.4,19.87,D,0
38.14394,23.46981,350.89,0.53,0.42,2023-07-18,1103,N,VIIRS,n,2,307.73,19.87,D,0
38.15462,23.523,350.17,0.52,0.42,2023-07-18,1103,N,VIIRS,n,2,312.82,242.46,D,0
38.15588,23.5293,367,0.52,0.42,2023-07-18,1103,N,VIIRS,h,2,355.18,242.46,D,0
38.15208,23.53024,367,0.52,0.42,2023-07-18,1103,N,VIIRS,l,2,360.14,242.46,D,0
38.15342,23.53694,367,0.52,0.42,2023-07-18,1103,N,VIIRS,l,2,335.96,488.15,D,0
38.14021,23.47118,356.69,0.53,0.42,2023-07-18,1103,N,VIIRS,n,2,309.62,19.87,D,0
38.15079,23.52379,354.74,0.52,0.42,2023-07-18,1103,N,VIIRS,n,2,313.01,242.46,D,0
38.13899,23.4651,367,0.53,0.42,2023-07-18,1103,N,VIIRS,h,2,310.57,19.87,D,0
38.14955,23.53753,367,0.52,0.42,2023-07-18,1103,N,VIIRS,l,2,335.09,303.19,D,0
38.14694,23.52452,353.98,0.52,0.42,2023-07-18,1103,N,VIIRS,n,2,308.77,120.3,D,0
38.1352,23.46618,367,0.53,0.42,2023-07-18,1103,N,VIIRS,h,2,307.72,20.03,D,0
38.13643,23.47231,367,0.53,0.42,2023-07-18,1103,N,VIIRS,h,2,309.81,20.03,D,0
38.14822,23.53092,367,0.52,0.42,2023-07-18,1103,N,VIIRS,h,2,343.16,120.3,D,0
38.13259,23.47312,351.87,0.53,0.42,2023-07-18,1103,N,VIIRS,n,2,306.44,20.03,D,0
38.1444,23.53175,355.41,0.52,0.42,2023-07-18,1103,N,VIIRS,n,2,305.08,120.3,D,0
38.13136,23.46703,367,0.53,0.42,2023-07-18,1103,N,VIIRS,h,2,310.73,20.03,D,0
38.12759,23.46823,355.56,0.53,0.42,2023-07-18,1103,N,VIIRS,n,2,309.34,12.11,D,0
38.12877,23.47404,351.98,0.53,0.42,2023-07-18,1103,N,VIIRS,n,2,307.98,12.11,D,0
38.1239,23.46979,355.01,0.53,0.42,2023-07-18,1103,N,VIIRS,n,2,308.9,12.11,D,0
38.12507,23.47555,355.01,0.53,0.42,2023-07-18,1103,N,VIIRS,n,2,309.28,12.11,D,0
38.12274,23.46404,367,0.53,0.42,2023-07-18,1103,N,VIIRS,h,2,311.12,121.99,D,0
38.1318,23.52872,351.36,0.52,0.42,2023-07-18,1103,N,VIIRS,n,2,304.83,6.45,D,2
38.119,23.46535,367,0.53,0.42,2023-07-18,1103,N,VIIRS,h,2,313.09,124.99,D,0
38.12019,23.47122,367,0.53,0.42,2023-07-18,1103,N,VIIRS,h,2,310.45,28.95,D,0
38.11399,23.46045,367,0.53,0.42,2023-07-18,1103,N,VIIRS,h,2,331.22,124.99,D,0
38.1152,23.46637,367,0.53,0.42,2023-07-18,1103,N,VIIRS,h,2,311.29,124.99,D,0
38.11019,23.46147,355.17,0.53,0.42,2023-07-18,1103,N,VIIRS,n,2,306.46,51.43,D,0
38.10638,23.46246,353.44,0.53,0.42,2023-07-18,1103,N,VIIRS,n,2,316.29,51.43,D,0
38.10999,23.48023,352.02,0.53,0.42,2023-07-18,1103,N,VIIRS,n,2,308.12,9.72,D,0
38.10497,23.47529,355.54,0.53,0.42,2023-07-18,1103,N,VIIRS,n,2,322.71,51.22,D,0
38.10617,23.48116,349.61,0.53,0.42,2023-07-18,1103,N,VIIRS,n,2,314.14,51.22,D,0
38.0988,23.46465,367,0.53,0.42,2023-07-18,1103,N,VIIRS,l,2,325.85,260.39,D,0
38.09999,23.4705,367,0.53,0.42,2023-07-18,1103,N,VIIRS,l,2,330.3,260.39,D,0
38.10118,23.47635,351.61,0.53,0.42,2023-07-18,1103,N,VIIRS,l,2,321.73,51.22,D,0
38.09761,23.45882,367,0.53,0.42,2023-07-18,1103,N,VIIRS,h,2,335.59,383,D,0
38.09737,23.47737,367,0.53,0.42,2023-07-18,1103,N,VIIRS,l,2,326.78,211.8,D,0
38.09618,23.47151,354.29,0.53,0.42,2023-07-18,1103,N,VIIRS,n,2,323.78,140.41,D,0
38.09384,23.46001,367,0.53,0.42,2023-07-18,1103,N,VIIRS,h,2,331.43,217.83,D,0
38.09502,23.46581,367,0.53,0.42,2023-07-18,1103,N,VIIRS,h,2,336.52,140.41,D,0
38.10213,23.50076,367,0.52,0.42,2023-07-18,1103,N,VIIRS,h,2,328.08,500.81,D,0
38.09125,23.46697,367,0.53,0.42,2023-07-18,1103,N,VIIRS,l,2,334.32,140.41,D,0
38.09008,23.46125,367,0.53,0.42,2023-07-18,1103,N,VIIRS,h,2,334.92,217.83,D,0
38.0924,23.47267,367,0.53,0.42,2023-07-18,1103,N,VIIRS,h,2,345.05,140.41,D,0
38.08746,23.46811,367,0.53,0.42,2023-07-18,1103,N,VIIRS,l,2,336.72,195.05,D,0
38.08861,23.47375,367,0.53,0.42,2023-07-18,1103,N,VIIRS,l,2,330.07,195.05,D,0
38.08246,23.46328,341.88,0.53,0.42,2023-07-18,1103,N,VIIRS,n,2,301.85,106.34,D,0
38.09759,23.46604,367,0.53,0.42,2023-07-18,1103,N,VIIRS,l,2,325.39,240.06,D,0
38.09989,23.47767,367,0.53,0.42,2023-07-18,1103,N,VIIRS,l,2,326.13,78.72,D,0
38.09527,23.45432,342.18,0.53,0.42,2023-07-18,1103,N,VIIRS,n,2,302.36,16.02,D,0
38.09875,23.47189,355,0.53,0.42,2023-07-18,1103,N,VIIRS,n,2,324.32,78.72,D,0
38.09267,23.46144,310.82,0.53,0.42,2023-07-18,1103,N,VIIRS,l,2,321.47,240.06,D,0
38.09495,23.47291,367,0.53,0.42,2023-07-18,1103,N,VIIRS,l,2,327.91,78.72,D,0
38.09152,23.45564,338.42,0.53,0.42,2023-07-18,1103,N,VIIRS,n,2,300.35,16.02,D,0
38.0961,23.47874,348.44,0.53,0.42,2023-07-18,1103,N,VIIRS,n,2,315.43,78.72,D,0
38.10188,23.50796,349.84,0.52,0.42,2023-07-18,1103,N,VIIRS,n,2,296.3,179.26,D,0
38.09381,23.46717,367,0.53,0.42,2023-07-18,1103,N,VIIRS,h,2,339.56,240.06,D,0
38.10074,23.50217,367,0.52,0.42,2023-07-18,1103,N,VIIRS,h,2,337.3,425.89,D,0
38.09117,23.47408,367,0.53,0.42,2023-07-18,1103,N,VIIRS,l,2,353.55,106.25,D,0
38.08776,23.45691,337.21,0.53,0.42,2023-07-18,1103,N,VIIRS,n,2,301.23,11.01,D,0
38.0923,23.47976,345.7,0.53,0.42,2023-07-18,1103,N,VIIRS,n,2,306.52,106.25,D,0
38.09695,23.50327,345.35,0.52,0.42,2023-07-18,1103,N,VIIRS,n,2,302.25,6.42,D,0
38.0889,23.46265,367,0.53,0.42,2023-07-18,1103,N,VIIRS,h,2,332.24,126.81,D,0
38.09003,23.46838,367,0.53,0.42,2023-07-18,1103,N,VIIRS,h,2,334.45,126.81,D,0
38.08509,23.46362,341.11,0.53,0.42,2023-07-18,1103,N,VIIRS,n,2,312.78,126.81,D,0
38.08738,23.47515,353.91,0.53,0.42,2023-07-18,1103,N,VIIRS,n,2,304.61,106.25,D,0
38.08624,23.4694,367,0.53,0.42,2023-07-18,1103,N,VIIRS,h,2,332.06,126.81,D,0
38.08242,23.47037,349.99,0.53,0.42,2023-07-18,1103,N,VIIRS,n,2,302.64,13.26,D,0
37.95147,23.04295,349.7,0.55,0.43,2023-07-18,1103,N,VIIRS,l,2,323.27,43.44,D,0
37.94759,23.04402,351.81,0.55,0.43,2023-07-18,1103,N,VIIRS,l,2,325.77,34.09,D,0
37.94236,23.03861,347.9,0.55,0.43,2023-07-18,1103,N,VIIRS,l,2,320.19,23.5,D,0
37.9437,23.0451,352.12,0.55,0.43,2023-07-18,1103,N,VIIRS,n,2,320.49,34.09,D,0
37.93846,23.03961,355.66,0.55,0.43,2023-07-18,1103,N,VIIRS,n,2,322.12,67.7,D,0
37.93455,23.04063,350.07,0.55,0.43,2023-07-18,1103,N,VIIRS,l,2,328.85,67.7,D,0
37.9359,23.04714,367,0.55,0.43,2023-07-18,1103,N,VIIRS,l,2,328.15,115.49,D,0
37.93065,23.04165,356.86,0.55,0.43,2023-07-18,1103,N,VIIRS,n,2,314.9,22.52,D,0
38.02192,23.62724,333.24,0.52,0.41,2023-07-18,1103,N,VIIRS,l,2,308.22,1.87,D,0
37.77286,23.97368,337.61,0.51,0.41,2023-07-18,1103,N,VIIRS,l,2,312.31,7.6,D,0
40.76049,22.45673,343.42,0.52,0.42,2023-07-18,1104,N,VIIRS,n,2,303.35,4.31,D,0
38.17793,23.46681,305.47,0.52,0.67,2023-07-18,2323,N,VIIRS,n,2,292.99,2.35,N,0
38.17249,23.52762,331.2,0.52,0.67,2023-07-18,2323,N,VIIRS,n,2,292.58,3.51,N,0
38.17459,23.46832,313.46,0.52,0.67,2023-07-18,2323,N,VIIRS,n,2,293.19,3.58,N,0
38.17226,23.53387,318.47,0.52,0.66,2023-07-18,2323,N,VIIRS,n,2,291.84,3.51,N,0
38.16859,23.46099,367,0.52,0.67,2023-07-18,2323,N,VIIRS,h,2,296.91,10.1,N,0
38.1663,23.52602,323.47,0.52,0.67,2023-07-18,2323,N,VIIRS,n,2,292.59,19.76,N,0
38.16605,23.53297,367,0.52,0.66,2023-07-18,2323,N,VIIRS,h,2,296.79,19.76,N,0
38.16578,23.54082,311.94,0.52,0.66,2023-07-18,2323,N,VIIRS,n,2,291.51,11.2,N,0
38.15337,23.53881,343.81,0.52,0.66,2023-07-18,2323,N,VIIRS,n,2,294.07,7.63,N,0
38.16835,23.46769,310.21,0.52,0.67,2023-07-18,2323,N,VIIRS,n,2,293.08,10.1,N,0
36.22622,27.94296,317.66,0.57,0.52,2023-07-18,2323,N,VIIRS,n,2,298.64,5,N,0
36.22671,27.93671,331.73,0.57,0.52,2023-07-18,2323,N,VIIRS,n,2,299.14,8.76,N,0
36.23102,27.94364,309.31,0.57,0.52,2023-07-18,2323,N,VIIRS,n,2,299.07,4.26,N,0
36.23201,27.93107,309.54,0.57,0.52,2023-07-18,2323,N,VIIRS,n,2,298.73,6.77,N,0
36.23151,27.9374,352.54,0.57,0.52,2023-07-18,2323,N,VIIRS,n,2,303.73,6.77,N,0
36.2363,27.93825,314.17,0.57,0.52,2023-07-18,2323,N,VIIRS,n,2,299.19,6.77,N,0
36.23682,27.93172,314.39,0.57,0.52,2023-07-18,2323,N,VIIRS,n,2,299.14,6.77,N,0
36.24161,27.93253,354.65,0.57,0.52,2023-07-18,2323,N,VIIRS,n,2,304.36,24.71,N,0
37.92244,23.0548,328.8,0.54,0.68,2023-07-18,2323,N,VIIRS,n,2,293.67,9.98,N,0
37.92267,23.04832,351.5,0.54,0.68,2023-07-18,2323,N,VIIRS,n,2,294.35,15.46,N,0
37.92407,23.05479,336.06,0.54,0.68,2023-07-18,2323,N,VIIRS,n,2,293.89,11.21,N,0
37.92427,23.04804,357.05,0.55,0.68,2023-07-18,2323,N,VIIRS,n,2,295.75,11.21,N,0
37.93041,23.0564,310.77,0.54,0.68,2023-07-18,2323,N,VIIRS,n,2,293.23,4.8,N,0
37.93082,23.04248,308.66,0.55,0.68,2023-07-18,2323,N,VIIRS,n,2,293.43,5.12,N,0
37.93062,23.04923,351.67,0.55,0.68,2023-07-18,2323,N,VIIRS,n,2,296.74,4.8,N,0
37.93694,23.05153,311.77,0.55,0.68,2023-07-18,2323,N,VIIRS,n,2,293.23,4.8,N,0
37.93716,23.04432,313.42,0.55,0.68,2023-07-18,2323,N,VIIRS,n,2,293.39,5.12,N,0
38.02757,23.44717,316.4,0.52,0.67,2023-07-18,2323,N,VIIRS,n,2,294.43,3.85,N,0
38.03951,23.46473,312.07,0.52,0.67,2023-07-18,2323,N,VIIRS,n,2,293.65,3.5,N,0
38.04075,23.42785,308.27,0.52,0.67,2023-07-18,2323,N,VIIRS,n,2,293.16,3,N,0
38.04558,23.47013,307.11,0.52,0.67,2023-07-18,2323,N,VIIRS,n,2,293.22,1.91,N,0
38.0474,23.41669,316.05,0.52,0.67,2023-07-18,2323,N,VIIRS,n,2,292.65,3.49,N,0
38.04765,23.40929,317.79,0.52,0.67,2023-07-18,2323,N,VIIRS,n,2,293.47,3.49,N,0
38.0518,23.47088,316.57,0.52,0.67,2023-07-18,2323,N,VIIRS,n,2,293.94,1.91,N,0
38.05804,23.47122,322.11,0.52,0.67,2023-07-18,2323,N,VIIRS,n,2,293.98,4.66,N,0
38.07238,23.41969,306.03,0.52,0.67,2023-07-18,2323,N,VIIRS,n,2,292.3,1.76,N,0
38.07257,23.41427,311.85,0.52,0.67,2023-07-18,2323,N,VIIRS,n,2,292.85,1.76,N,0
38.07862,23.42052,315.38,0.52,0.67,2023-07-18,2323,N,VIIRS,n,2,293.11,1.76,N,0
38.08802,23.50664,305.76,0.52,0.67,2023-07-18,2323,N,VIIRS,n,2,292.09,1.32,N,0
38.09113,23.42148,309.4,0.52,0.67,2023-07-18,2323,N,VIIRS,n,2,292.75,2.88,N,0
38.09423,23.50769,306.03,0.52,0.67,2023-07-18,2323,N,VIIRS,n,2,292.52,1.69,N,0
38.09719,23.42719,306.76,0.52,0.67,2023-07-18,2323,N,VIIRS,n,2,292.52,1.95,N,0
38.07607,23.41504,308.62,0.52,0.67,2023-07-18,2323,N,VIIRS,n,2,292.68,3.8,N,0
38.07591,23.42004,320.27,0.52,0.67,2023-07-18,2323,N,VIIRS,n,2,293.61,2.1,N,0
38.08216,23.42078,307.29,0.52,0.67,2023-07-18,2323,N,VIIRS,n,2,292.69,2.1,N,0
38.08842,23.4214,311.06,0.52,0.67,2023-07-18,2323,N,VIIRS,n,2,293.06,2.83,N,0
38.09201,23.50721,315.27,0.52,0.67,2023-07-18,2323,N,VIIRS,n,2,292.7,4.5,N,0
38.13476,23.53591,310.6,0.51,0.66,2023-07-18,2323,N,VIIRS,n,2,293.96,3.04,N,0
38.13496,23.52992,311.62,0.52,0.66,2023-07-18,2323,N,VIIRS,n,2,294.25,3.04,N,0
38.13449,23.54389,323.54,0.51,0.66,2023-07-18,2323,N,VIIRS,n,2,294.19,6.53,N,0
38.14092,23.53812,317.09,0.51,0.66,2023-07-18,2323,N,VIIRS,n,2,294.33,3.04,N,0
38.144,23.44724,310.23,0.52,0.67,2023-07-18,2323,N,VIIRS,n,2,293.15,2.65,N,0
38.14705,23.54121,337.75,0.51,0.66,2023-07-18,2323,N,VIIRS,n,2,294.15,7.63,N,0
38.14729,23.53457,352.2,0.52,0.66,2023-07-18,2323,N,VIIRS,n,2,294.27,7.63,N,0
35.16885,25.20227,312.28,0.39,0.6,2023-07-18,2324,N,VIIRS,n,2,291.89,2.34,N,0
35.1691,25.19817,339.36,0.4,0.6,2023-07-18,2324,N,VIIRS,n,2,293.13,4.39,N,0
38.139,23.44582,316.07,0.33,0.56,2023-07-19,0103,N,VIIRS,n,2,293.95,1.6,N,0
38.09482,23.50486,308.27,0.34,0.56,2023-07-19,0103,N,VIIRS,n,2,294.35,1.31,N,0
38.05278,23.434,338.43,0.34,0.56,2023-07-19,0103,N,VIIRS,n,2,295.46,3.92,N,0
38.0436,23.46944,319.96,0.34,0.56,2023-07-19,0103,N,VIIRS,n,2,295.72,2.85,N,0
38.05247,23.41407,340.72,0.33,0.56,2023-07-19,0103,N,VIIRS,n,2,296.66,4.48,N,0
38.03771,23.47096,328.97,0.34,0.56,2023-07-19,0103,N,VIIRS,n,2,295.93,2.36,N,0
37.92302,23.05039,312.23,0.32,0.55,2023-07-19,0103,N,VIIRS,n,2,294.89,2.53,N,0
37.92211,23.05396,318.03,0.32,0.55,2023-07-19,0103,N,VIIRS,n,2,295.31,2.53,N,0
38.1338,23.52908,318.27,0.34,0.56,2023-07-19,0103,N,VIIRS,n,2,295.23,3.28,N,0
38.05159,23.41745,310.88,0.34,0.56,2023-07-19,0103,N,VIIRS,n,2,295.39,1.76,N,0
38.05071,23.42085,314.9,0.34,0.56,2023-07-19,0103,N,VIIRS,n,2,294.88,1.76,N,0
38.04881,23.42821,318.86,0.34,0.56,2023-07-19,0103,N,VIIRS,n,2,295.33,3.45,N,0
38.04379,23.44757,308.27,0.34,0.56,2023-07-19,0103,N,VIIRS,n,2,294.64,1.86,N,0
38.03878,23.46685,309.15,0.34,0.56,2023-07-19,0103,N,VIIRS,n,2,294.93,1.76,N,0
38.04734,23.41275,336.87,0.33,0.56,2023-07-19,0103,N,VIIRS,n,2,297.37,4.48,N,0
38.04647,23.41613,321.48,0.34,0.56,2023-07-19,0103,N,VIIRS,n,2,296.53,1.76,N,0
38.04559,23.41951,318.07,0.34,0.56,2023-07-19,0103,N,VIIRS,n,2,295.3,1.76,N,0
38.04271,23.43061,319.58,0.34,0.56,2023-07-19,0103,N,VIIRS,n,2,295.29,1.88,N,0
38.04171,23.43446,315.91,0.34,0.56,2023-07-19,0103,N,VIIRS,n,2,294.83,1.88,N,0
37.93908,23.05065,338.09,0.32,0.55,2023-07-19,0103,N,VIIRS,n,2,295.61,3.58,N,0
37.9382,23.0541,348.96,0.32,0.55,2023-07-19,0103,N,VIIRS,n,2,295.35,5.65,N,0
37.93995,23.04725,308.71,0.32,0.55,2023-07-19,0103,N,VIIRS,n,2,294.29,3.58,N,0
37.9331,23.05304,367,0.32,0.55,2023-07-19,0103,N,VIIRS,h,2,299.77,9.5,N,0
37.93217,23.05668,344.15,0.32,0.55,2023-07-19,0103,N,VIIRS,n,2,296.01,9.5,N,0
37.93398,23.04959,312.88,0.32,0.55,2023-07-19,0103,N,VIIRS,n,2,295.05,5.89,N,0
37.92894,23.04827,335.5,0.32,0.55,2023-07-19,0103,N,VIIRS,n,2,296.92,5.89,N,0
37.92807,23.05169,327.26,0.32,0.55,2023-07-19,0103,N,VIIRS,n,2,297.39,9.5,N,0
37.92717,23.05523,367,0.32,0.55,2023-07-19,0103,N,VIIRS,h,2,301.17,9.5,N,0
37.92624,23.05885,317.24,0.32,0.55,2023-07-19,0103,N,VIIRS,n,2,295.32,9.21,N,0
37.92393,23.04682,350.42,0.32,0.55,2023-07-19,0103,N,VIIRS,n,2,295.75,6.47,N,0
38.13278,23.53298,330.95,0.34,0.56,2023-07-19,0103,N,VIIRS,n,2,296.8,3.28,N,0
38.13443,23.54778,314.44,0.34,0.56,2023-07-19,0103,N,VIIRS,n,2,294.55,5.46,N,0
38.13356,23.5511,367,0.34,0.56,2023-07-19,0103,N,VIIRS,h,2,298.62,6.61,N,0
38.13802,23.55512,305.4,0.34,0.56,2023-07-19,0103,N,VIIRS,n,2,294.02,6.61,N,0
38.14128,23.54257,319.38,0.34,0.56,2023-07-19,0103,N,VIIRS,n,2,295.85,3.81,N,0
38.13883,23.55199,367,0.34,0.56,2023-07-19,0103,N,VIIRS,h,2,298.82,6.61,N,0
38.13961,23.54898,333.77,0.34,0.56,2023-07-19,0103,N,VIIRS,n,2,296.25,5.46,N,0
38.14042,23.54588,320.52,0.34,0.56,2023-07-19,0103,N,VIIRS,n,2,295.82,5.46,N,0
38.1422,23.539,340.3,0.34,0.56,2023-07-19,0103,N,VIIRS,n,2,297.48,3.81,N,0
38.14648,23.54368,322.67,0.34,0.56,2023-07-19,0103,N,VIIRS,n,2,294.49,3.52,N,0
38.1476,23.53936,330.99,0.34,0.56,2023-07-19,0103,N,VIIRS,n,2,294.71,3.52,N,0
38.16654,23.46619,323.94,0.33,0.56,2023-07-19,0103,N,VIIRS,n,2,296.05,2.61,N,0
38.16747,23.46259,335.94,0.33,0.56,2023-07-19,0103,N,VIIRS,n,2,296.42,3.36,N,0
38.17248,23.46436,309.24,0.33,0.56,2023-07-19,0103,N,VIIRS,n,2,294.99,3.36,N,0
38.15186,23.54412,342.07,0.34,0.56,2023-07-19,0103,N,VIIRS,n,2,294.42,3.52,N,0
38.15302,23.53966,339.84,0.34,0.56,2023-07-19,0103,N,VIIRS,n,2,293.64,3.52,N,0
38.17157,23.46786,321.28,0.33,0.56,2023-07-19,0103,N,VIIRS,n,2,295.31,2.61,N,0
38.17652,23.46986,328.28,0.33,0.56,2023-07-19,0103,N,VIIRS,n,2,295.86,1.85,N,0
38.18059,23.47528,312.29,0.33,0.56,2023-07-19,0103,N,VIIRS,n,2,294.76,1.85,N,0
38.16491,23.53607,336.33,0.34,0.56,2023-07-19,0103,N,VIIRS,n,2,293.8,8.47,N,0
38.16576,23.53283,367,0.34,0.56,2023-07-19,0103,N,VIIRS,h,2,296.21,18.06,N,0
38.16663,23.52944,367,0.34,0.56,2023-07-19,0103,N,VIIRS,h,2,297.75,18.06,N,0
38.16758,23.52575,326.07,0.34,0.56,2023-07-19,0103,N,VIIRS,n,2,293.4,11.17,N,0
38.18151,23.47169,325.64,0.33,0.56,2023-07-19,0103,N,VIIRS,n,2,295.92,1.85,N,0
38.1699,23.538,313.57,0.34,0.56,2023-07-19,0103,N,VIIRS,n,2,292.6,3.78,N,0
38.17271,23.52713,318.02,0.34,0.56,2023-07-19,0103,N,VIIRS,n,2,292.37,4.3,N,0
38.18567,23.47679,307.42,0.33,0.56,2023-07-19,0103,N,VIIRS,n,2,294.47,1.67,N,0
38.17079,23.53456,367,0.34,0.56,2023-07-19,0103,N,VIIRS,h,2,296.07,7.84,N,0
38.17173,23.53095,352.37,0.34,0.56,2023-07-19,0103,N,VIIRS,n,2,294.59,7.84,N,0
38.0633,23.43566,308.02,0.34,0.56,2023-07-19,0103,N,VIIRS,n,2,294.9,1.9,N,0
38.05456,23.46948,312.65,0.34,0.56,2023-07-19,0103,N,VIIRS,n,2,295.72,3.7,N,0
38.04852,23.47162,333.76,0.34,0.56,2023-07-19,0103,N,VIIRS,n,2,295.99,2.85,N,0
38.05856,23.43284,314.13,0.34,0.56,2023-07-19,0103,N,VIIRS,n,2,294.58,2.19,N,0
38.05367,23.45174,317.21,0.34,0.56,2023-07-19,0103,N,VIIRS,n,2,295.31,1.36,N,0
38.04745,23.47577,312.16,0.34,0.56,2023-07-19,0103,N,VIIRS,n,2,295.46,2.68,N,0
38.05469,23.42663,321.51,0.34,0.56,2023-07-19,0103,N,VIIRS,n,2,295.18,2.19,N,0
38.04872,23.44968,309.63,0.34,0.56,2023-07-19,0103,N,VIIRS,n,2,294.57,1.36,N,0
38.08979,23.50307,318.95,0.34,0.56,2023-07-19,0103,N,VIIRS,n,2,294.17,1.31,N,0
38.08877,23.50706,314.34,0.34,0.56,2023-07-19,0103,N,VIIRS,n,2,294.52,1.31,N,0
38.08829,23.42352,333.23,0.33,0.56,2023-07-19,0103,N,VIIRS,n,2,294.65,3.02,N,0
38.07486,23.47581,309.33,0.34,0.56,2023-07-19,0103,N,VIIRS,n,2,294.94,1.05,N,0
38.06421,23.47455,324.19,0.34,0.56,2023-07-19,0103,N,VIIRS,n,2,295.47,2.18,N,0
38.07844,23.41933,314.33,0.33,0.56,2023-07-19,0103,N,VIIRS,n,2,294.86,2.16,N,0
38.07299,23.4405,312.36,0.34,0.56,2023-07-19,0103,N,VIIRS,n,2,294.2,1.52,N,0
38.06523,23.47063,306.57,0.34,0.56,2023-07-19,0103,N,VIIRS,n,2,294.15,2.03,N,0
38.07347,23.41739,347.03,0.33,0.56,2023-07-19,0103,N,VIIRS,n,2,295.53,5.43,N,0
38.05347,23.4737,353.36,0.34,0.56,2023-07-19,0103,N,VIIRS,n,2,298.72,3.7,N,0
36.22847,27.92662,311.54,0.64,0.72,2023-07-19,0104,N,VIIRS,n,2,297.88,14.63,N,0
36.2239,27.94153,340.68,0.64,0.72,2023-07-19,0104,N,VIIRS,n,2,297.98,15.44,N,0
36.22617,27.93412,367,0.64,0.72,2023-07-19,0104,N,VIIRS,h,2,300.25,15.44,N,0
36.23464,27.93013,312.69,0.64,0.72,2023-07-19,0104,N,VIIRS,n,2,297.07,5.54,N,0
36.23024,27.94449,321.53,0.64,0.72,2023-07-19,0104,N,VIIRS,n,2,297.31,8.19,N,0
36.2325,27.9371,349.9,0.64,0.72,2023-07-19,0104,N,VIIRS,n,2,300.05,8.19,N,0
36.24324,27.92566,311.76,0.64,0.72,2023-07-19,0104,N,VIIRS,n,2,296.82,5.54,N,0
36.2411,27.93268,332.51,0.64,0.72,2023-07-19,0104,N,VIIRS,n,2,298.36,5.54,N,0
36.24747,27.89507,336.47,0.39,0.44,2023-07-19,1044,N,VIIRS,l,2,309.11,45.49,D,0
36.26813,27.91317,344.53,0.39,0.44,2023-07-19,1044,N,VIIRS,n,2,300.87,33.29,D,0
36.26913,27.91797,344.02,0.39,0.44,2023-07-19,1044,N,VIIRS,n,2,318.43,33.29,D,0
36.2701,27.92265,345.08,0.39,0.44,2023-07-19,1044,N,VIIRS,n,2,308.02,43.08,D,0
36.26511,27.91894,367,0.39,0.44,2023-07-19,1044,N,VIIRS,l,2,335.09,40.68,D,0
36.26414,27.91428,355.96,0.39,0.44,2023-07-19,1044,N,VIIRS,n,2,316.74,40.68,D,0
36.26704,27.92822,344.93,0.39,0.44,2023-07-19,1044,N,VIIRS,n,2,304.4,87.52,D,0
36.26609,27.92363,367,0.39,0.44,2023-07-19,1044,N,VIIRS,h,2,349.3,87.52,D,0
36.25914,27.91049,340.75,0.39,0.44,2023-07-19,1044,N,VIIRS,n,2,305.37,12.35,D,0
36.26106,27.91975,354.49,0.39,0.44,2023-07-19,1044,N,VIIRS,n,2,328.02,40.68,D,0
36.263,27.92907,353.9,0.39,0.44,2023-07-19,1044,N,VIIRS,n,2,319.91,87.52,D,0
36.2601,27.91514,367,0.39,0.44,2023-07-19,1044,N,VIIRS,h,2,322.27,40.68,D,0
36.26203,27.92443,367,0.39,0.44,2023-07-19,1044,N,VIIRS,h,2,347.49,87.52,D,0
36.25794,27.92503,367,0.39,0.44,2023-07-19,1044,N,VIIRS,l,2,327.38,82.61,D,0
36.25235,27.89819,355.06,0.39,0.44,2023-07-19,1044,N,VIIRS,n,2,322.08,30.02,D,0
36.25508,27.91131,353.85,0.39,0.44,2023-07-19,1044,N,VIIRS,n,2,319.91,21.59,D,0
36.25888,27.92955,351.14,0.39,0.44,2023-07-19,1044,N,VIIRS,n,2,314.56,82.61,D,0
36.25324,27.90248,367,0.39,0.44,2023-07-19,1044,N,VIIRS,h,2,310.41,30.02,D,0
36.25602,27.91582,367,0.39,0.44,2023-07-19,1044,N,VIIRS,h,2,326.12,21.64,D,0
36.25698,27.9204,367,0.39,0.44,2023-07-19,1044,N,VIIRS,h,2,321.45,21.64,D,0
36.24836,27.89932,355.99,0.39,0.44,2023-07-19,1044,N,VIIRS,n,2,321.63,30.02,D,0
36.25198,27.91666,356.38,0.39,0.44,2023-07-19,1044,N,VIIRS,n,2,325.61,21.64,D,0
36.24925,27.9036,367,0.39,0.44,2023-07-19,1044,N,VIIRS,h,2,319.07,30.02,D,0
36.25014,27.9079,367,0.39,0.44,2023-07-19,1044,N,VIIRS,h,2,313.96,21.59,D,0
36.25105,27.91224,367,0.39,0.44,2023-07-19,1044,N,VIIRS,h,2,323.61,21.59,D,0
36.2529,27.92112,367,0.39,0.44,2023-07-19,1044,N,VIIRS,h,2,320.21,21.64,D,0
36.25385,27.92563,367,0.39,0.44,2023-07-19,1044,N,VIIRS,h,2,328.86,82.61,D,0
36.25477,27.93006,367,0.39,0.44,2023-07-19,1044,N,VIIRS,h,2,358.39,82.61,D,0
36.24614,27.90895,355.17,0.39,0.44,2023-07-19,1044,N,VIIRS,n,2,319.01,12.38,D,0
36.24704,27.91325,352.97,0.39,0.44,2023-07-19,1044,N,VIIRS,n,2,320.31,12.38,D,0
36.24886,27.92199,352.66,0.39,0.44,2023-07-19,1044,N,VIIRS,n,2,320.35,9.79,D,0
36.24979,27.92641,356,0.39,0.44,2023-07-19,1044,N,VIIRS,n,2,319.66,8.58,D,0
36.24527,27.90477,367,0.39,0.44,2023-07-19,1044,N,VIIRS,h,2,326.05,47.29,D,0
36.24795,27.91761,367,0.39,0.44,2023-07-19,1044,N,VIIRS,h,2,325.54,9.79,D,0
36.2507,27.93079,367,0.39,0.44,2023-07-19,1044,N,VIIRS,h,2,320.59,8.58,D,0
36.24132,27.90609,354.33,0.39,0.44,2023-07-19,1044,N,VIIRS,n,2,327.46,47.29,D,0
36.24306,27.91441,354.84,0.39,0.44,2023-07-19,1044,N,VIIRS,n,2,320.01,12.38,D,0
36.24395,27.91866,354.14,0.39,0.44,2023-07-19,1044,N,VIIRS,n,2,321.41,9.79,D,0
36.24484,27.92293,345.01,0.39,0.44,2023-07-19,1044,N,VIIRS,n,2,319.66,9.79,D,0
36.24665,27.93163,343.62,0.39,0.44,2023-07-19,1044,N,VIIRS,n,2,318.59,8.58,D,0
36.24756,27.93595,339.14,0.39,0.44,2023-07-19,1044,N,VIIRS,n,2,309.78,7.77,D,0
36.24218,27.91022,367,0.39,0.44,2023-07-19,1044,N,VIIRS,h,2,320.09,12.38,D,0
36.24356,27.937,367,0.39,0.44,2023-07-19,1044,N,VIIRS,l,2,353.66,78.97,D,0
36.23909,27.91563,356.15,0.39,0.44,2023-07-19,1044,N,VIIRS,n,2,319.24,23.37,D,0
36.23996,27.9198,350.32,0.39,0.44,2023-07-19,1044,N,VIIRS,n,2,318.96,6.06,D,0
36.24085,27.92406,355.73,0.39,0.44,2023-07-19,1044,N,VIIRS,n,2,321.16,6.06,D,0
36.24174,27.92833,346.33,0.39,0.44,2023-07-19,1044,N,VIIRS,l,2,320.54,12.29,D,0
36.24266,27.9327,345.61,0.39,0.44,2023-07-19,1044,N,VIIRS,l,2,318.17,12.29,D,0
36.24444,27.94121,344.36,0.39,0.44,2023-07-19,1044,N,VIIRS,n,2,311.07,78.97,D,0
36.23822,27.91149,367,0.39,0.44,2023-07-19,1044,N,VIIRS,h,2,320.42,23.37,D,0
36.23428,27.91281,367,0.39,0.44,2023-07-19,1044,N,VIIRS,l,2,343.99,23.37,D,0
36.23514,27.91693,354.83,0.39,0.44,2023-07-19,1044,N,VIIRS,n,2,320.45,23.37,D,0
36.236,27.92105,353.72,0.39,0.44,2023-07-19,1044,N,VIIRS,n,2,320.37,6.06,D,0
36.23687,27.92521,352.47,0.39,0.44,2023-07-19,1044,N,VIIRS,n,2,319.18,6.06,D,0
36.23776,27.92946,351.33,0.39,0.44,2023-07-19,1044,N,VIIRS,n,2,319.14,12.29,D,0
36.23959,27.93821,347.55,0.39,0.44,2023-07-19,1044,N,VIIRS,l,2,321.29,78.97,D,0
36.2338,27.9307,367,0.39,0.44,2023-07-19,1044,N,VIIRS,l,2,325.06,25.06,D,0
36.23033,27.91416,347.94,0.39,0.44,2023-07-19,1044,N,VIIRS,n,2,317.41,12.15,D,0
36.2312,27.91828,353.54,0.39,0.44,2023-07-19,1044,N,VIIRS,n,2,320.39,12.15,D,0
36.23292,27.9265,349.45,0.39,0.44,2023-07-19,1044,N,VIIRS,n,2,320.44,25.42,D,0
36.23471,27.93504,347.58,0.39,0.44,2023-07-19,1044,N,VIIRS,n,2,320.92,25.06,D,0
36.2356,27.93932,344.67,0.39,0.44,2023-07-19,1044,N,VIIRS,l,2,318.32,13.9,D,0
36.23648,27.94351,348.33,0.39,0.44,2023-07-19,1044,N,VIIRS,l,2,320.35,13.9,D,0
36.23205,27.92236,367,0.39,0.44,2023-07-19,1044,N,VIIRS,h,2,318.97,25.42,D,0
36.23072,27.93617,346.52,0.39,0.44,2023-07-19,1044,N,VIIRS,n,2,318.62,25.06,D,0
36.2325,27.94463,351.1,0.39,0.44,2023-07-19,1044,N,VIIRS,n,2,318.32,13.9,D,0
36.22897,27.9278,367,0.39,0.44,2023-07-19,1044,N,VIIRS,h,2,323.63,25.42,D,0
36.22984,27.93194,367,0.39,0.44,2023-07-19,1044,N,VIIRS,h,2,323.05,25.06,D,0
36.22675,27.93732,352.99,0.39,0.44,2023-07-19,1044,N,VIIRS,n,2,322.6,17.22,D,0
36.22853,27.94581,348.1,0.39,0.44,2023-07-19,1044,N,VIIRS,l,2,320.59,6.43,D,0
36.22588,27.9332,367,0.39,0.44,2023-07-19,1044,N,VIIRS,h,2,328.85,17.22,D,0
36.22279,27.93859,345.43,0.39,0.44,2023-07-19,1044,N,VIIRS,n,2,319.6,17.22,D,0
36.22367,27.94278,344.88,0.39,0.44,2023-07-19,1044,N,VIIRS,l,2,316.72,6.43,D,0
38.05558,23.44226,345.75,0.6,0.53,2023-07-19,1045,N,VIIRS,n,2,304.71,97.95,D,0
38.04736,23.48111,343.56,0.6,0.53,2023-07-19,1045,N,VIIRS,n,2,305.74,170.44,D,0
38.04593,23.454,335.77,0.6,0.53,2023-07-19,1045,N,VIIRS,n,2,304.37,41,D,0
38.0444,23.44772,343.43,0.6,0.53,2023-07-19,1045,N,VIIRS,n,2,303.41,41,D,0
38.04277,23.44106,350.83,0.61,0.53,2023-07-19,1045,N,VIIRS,n,2,306.73,14.43,D,0
38.04103,23.43397,350.96,0.61,0.53,2023-07-19,1045,N,VIIRS,n,2,304.96,14.43,D,0
38.05076,23.45246,344.63,0.6,0.53,2023-07-19,1045,N,VIIRS,n,2,304.51,41,D,0
38.04919,23.44604,345.6,0.6,0.53,2023-07-19,1045,N,VIIRS,n,2,315.09,41,D,0
38.04599,23.43296,344.28,0.61,0.53,2023-07-19,1045,N,VIIRS,n,2,303.22,14.43,D,0
38.04426,23.42586,346.06,0.61,0.53,2023-07-19,1045,N,VIIRS,n,2,303.78,10.24,D,0
38.04235,23.41803,341.65,0.61,0.53,2023-07-19,1045,N,VIIRS,n,2,305.1,10.24,D,0
38.0555,23.45058,367,0.6,0.53,2023-07-19,1045,N,VIIRS,h,2,305.83,19.07,D,0
38.05715,23.45734,356.51,0.6,0.53,2023-07-19,1045,N,VIIRS,n,2,307.49,206.03,D,0
38.05391,23.44408,346.47,0.6,0.53,2023-07-19,1045,N,VIIRS,n,2,304.01,19.07,D,0
38.04912,23.42443,351.35,0.61,0.53,2023-07-19,1045,N,VIIRS,n,2,309.61,11.98,D,0
38.04729,23.41694,344.66,0.61,0.53,2023-07-19,1045,N,VIIRS,n,2,306.53,11.98,D,0
38.06338,23.46158,352.24,0.6,0.53,2023-07-19,1045,N,VIIRS,n,2,318.94,206.03,D,0
38.05857,23.44184,348.15,0.6,0.53,2023-07-19,1045,N,VIIRS,n,2,305.42,19.07,D,0
38.05707,23.43569,335.72,0.61,0.53,2023-07-19,1045,N,VIIRS,l,2,306.58,10.59,D,0
38.05389,23.42266,344.9,0.61,0.53,2023-07-19,1045,N,VIIRS,n,2,304.01,11.98,D,0
38.06178,23.45502,367,0.6,0.53,2023-07-19,1045,N,VIIRS,l,2,335.37,206.03,D,0
38.06947,23.46523,338.37,0.6,0.53,2023-07-19,1045,N,VIIRS,n,2,305.34,7.68,D,0
38.06792,23.45889,350.09,0.6,0.53,2023-07-19,1045,N,VIIRS,n,2,305.12,11.72,D,0
38.06477,23.44591,337.33,0.6,0.53,2023-07-19,1045,N,VIIRS,n,2,304.47,47.35,D,0
38.06321,23.43952,351.51,0.6,0.53,2023-07-19,1045,N,VIIRS,n,2,315.03,47.35,D,0
38.06792,23.43751,339.66,0.6,0.53,2023-07-19,1045,N,VIIRS,n,2,306.01,47.35,D,0
38.05247,23.4507,350.86,0.6,0.53,2023-07-19,1045,N,VIIRS,n,2,307.46,95.53,D,0
38.04587,23.42436,341.91,0.61,0.53,2023-07-19,1045,N,VIIRS,n,2,307.32,18.59,D,0
38.04388,23.41644,342.06,0.61,0.53,2023-07-19,1045,N,VIIRS,n,2,305.69,16.85,D,0
38.05885,23.45531,367,0.6,0.53,2023-07-19,1045,N,VIIRS,h,2,329.4,95.53,D,0
38.05068,23.42271,367,0.61,0.53,2023-07-19,1045,N,VIIRS,h,2,308.97,18.59,D,0
38.05715,23.44855,347.02,0.6,0.53,2023-07-19,1045,N,VIIRS,n,2,305.03,95.53,D,0
38.0605,23.46193,347,0.6,0.53,2023-07-19,1045,N,VIIRS,n,2,308.88,117.69,D,0
38.06665,23.46571,343.77,0.6,0.53,2023-07-19,1045,N,VIIRS,n,2,305.74,106.02,D,0
38.06509,23.45946,354.13,0.6,0.53,2023-07-19,1045,N,VIIRS,n,2,317.85,106.02,D,0
38.0602,23.43992,349.59,0.6,0.53,2023-07-19,1045,N,VIIRS,n,2,305.46,99.52,D,0
38.06644,23.44402,343.26,0.6,0.53,2023-07-19,1045,N,VIIRS,n,2,305.49,218.34,D,0
38.09373,23.42805,367,0.6,0.53,2023-07-19,1045,N,VIIRS,h,2,307.11,11.31,D,0
38.09216,23.42174,340.99,0.6,0.53,2023-07-19,1045,N,VIIRS,n,2,304.29,11.31,D,0
38.0985,23.42627,367,0.6,0.53,2023-07-19,1045,N,VIIRS,h,2,306.65,12.93,D,0
38.13148,23.55978,353.56,0.59,0.53,2023-07-19,1045,N,VIIRS,n,2,313.17,65.87,D,0
38.09689,23.41981,341.03,0.6,0.53,2023-07-19,1045,N,VIIRS,n,2,303.16,12.93,D,0
38.13454,23.55123,367,0.59,0.53,2023-07-19,1045,N,VIIRS,h,2,307.72,65.87,D,0
38.13657,23.55946,348.45,0.59,0.53,2023-07-19,1045,N,VIIRS,n,2,307.98,65.87,D,0
38.14392,23.54736,356.61,0.59,0.53,2023-07-19,1045,N,VIIRS,n,2,309.34,78.29,D,0
38.15075,23.55414,345.19,0.59,0.53,2023-07-19,1045,N,VIIRS,l,2,316.01,189.49,D,0
38.14713,23.53938,341.26,0.59,0.53,2023-07-19,1045,N,VIIRS,n,2,306.64,9.66,D,0
38.1557,23.55328,345.91,0.59,0.53,2023-07-19,1045,N,VIIRS,n,2,310.24,189.49,D,0
38.15223,23.53911,339.79,0.59,0.53,2023-07-19,1045,N,VIIRS,n,2,306.19,9.66,D,0
38.13028,23.44968,346.24,0.6,0.53,2023-07-19,1045,N,VIIRS,n,2,310.54,60.59,D,0
38.16068,23.55257,342.01,0.59,0.53,2023-07-19,1045,N,VIIRS,n,2,305.3,21.46,D,0
38.15886,23.54512,355.64,0.59,0.53,2023-07-19,1045,N,VIIRS,n,2,313.82,21.46,D,0
38.13518,23.44848,345.83,0.6,0.53,2023-07-19,1045,N,VIIRS,n,2,310.28,63.52,D,0
38.16547,23.55106,335.77,0.59,0.53,2023-07-19,1045,N,VIIRS,n,2,304.87,21.46,D,0
38.16367,23.54363,345.71,0.59,0.53,2023-07-19,1045,N,VIIRS,n,2,307.73,21.46,D,0
38.16822,23.54114,344.76,0.59,0.53,2023-07-19,1045,N,VIIRS,n,2,308.45,11.93,D,0
38.17284,23.53892,347.07,0.59,0.53,2023-07-19,1045,N,VIIRS,n,2,307.42,11.93,D,0
38.17112,23.53188,349.74,0.59,0.53,2023-07-19,1045,N,VIIRS,n,2,312.93,18.41,D,0
38.17596,23.53057,350.11,0.59,0.53,2023-07-19,1045,N,VIIRS,n,2,309.73,19.78,D,0
38.16525,23.46531,346.82,0.6,0.53,2023-07-19,1045,N,VIIRS,n,2,312.58,33.68,D,0
38.16353,23.45827,339.98,0.6,0.53,2023-07-19,1045,N,VIIRS,n,2,307.05,13.51,D,0
38.17176,23.47077,350.29,0.6,0.53,2023-07-19,1045,N,VIIRS,n,2,315.14,35.47,D,0
38.17003,23.46366,354.9,0.6,0.53,2023-07-19,1045,N,VIIRS,n,2,317.55,35.47,D,0
38.17645,23.46875,352.78,0.6,0.53,2023-07-19,1045,N,VIIRS,n,2,312.35,35.47,D,0
38.17476,23.46177,343.34,0.6,0.53,2023-07-19,1045,N,VIIRS,n,2,308.08,35.47,D,0
38.16654,23.46333,347.83,0.6,0.53,2023-07-19,1045,N,VIIRS,n,2,311.47,49.51,D,0
38.17307,23.46867,367,0.6,0.53,2023-07-19,1045,N,VIIRS,h,2,319.18,75.62,D,0
38.1713,23.46163,342.53,0.6,0.53,2023-07-19,1045,N,VIIRS,n,2,314.9,49.51,D,0
38.17776,23.46667,355.56,0.6,0.53,2023-07-19,1045,N,VIIRS,n,2,307.82,18.33,D,0
38.29137,23.48661,339.47,0.59,0.53,2023-07-19,1045,N,VIIRS,n,2,306.31,4.1,D,0
38.2943,23.48631,342.41,0.59,0.53,2023-07-19,1045,N,VIIRS,n,2,307.41,5.18,D,0
39.58649,21.86892,354.16,0.33,0.55,2023-07-19,1045,N,VIIRS,n,2,299.61,3.94,D,0
41.11853,25.33796,367,0.41,0.45,2023-07-19,1045,N,VIIRS,h,2,308.94,7.9,D,0
40.72493,23.3,334.25,0.53,0.5,2023-07-19,1045,N,VIIRS,n,2,302.72,4.32,D,0
38.09692,23.42328,356.35,0.58,0.7,2023-07-19,1225,N,VIIRS,n,2,303.85,7.87,D,0
36.96378,22.54613,367,0.51,0.66,2023-07-19,1225,N,VIIRS,h,2,302.44,120.48,D,0
36.96984,22.54187,346.88,0.51,0.66,2023-07-19,1225,N,VIIRS,n,2,294.69,7.4,D,0
38.03277,23.43198,367,0.58,0.7,2023-07-19,1225,N,VIIRS,h,2,304.98,14.12,D,0
38.03261,23.42546,356.31,0.58,0.7,2023-07-19,1225,N,VIIRS,n,2,304.86,14.12,D,0
38.03924,23.42922,367,0.58,0.7,2023-07-19,1225,N,VIIRS,h,2,307.41,14.12,D,0
38.03909,23.42312,367,0.58,0.7,2023-07-19,1225,N,VIIRS,h,2,303.96,14.12,D,0
38.03973,23.44892,338.59,0.58,0.7,2023-07-19,1225,N,VIIRS,n,2,303.31,10.55,D,0
38.03956,23.44215,337.07,0.58,0.7,2023-07-19,1225,N,VIIRS,n,2,303.42,13.5,D,0
38.0394,23.43554,335.39,0.58,0.7,2023-07-19,1225,N,VIIRS,n,2,303.22,13.5,D,0
38.04606,23.44021,367,0.58,0.7,2023-07-19,1225,N,VIIRS,h,2,315.96,56.87,D,0
38.04704,23.47894,330.79,0.58,0.7,2023-07-19,1225,N,VIIRS,l,2,302.9,5.49,D,0
38.04625,23.44787,339.49,0.58,0.7,2023-07-19,1225,N,VIIRS,n,2,304.6,23.1,D,0
38.04588,23.43328,336.3,0.58,0.7,2023-07-19,1225,N,VIIRS,n,2,304.45,56.87,D,0
38.04571,23.42645,345.66,0.58,0.7,2023-07-19,1225,N,VIIRS,n,2,303.58,10.79,D,0
38.04556,23.42043,346.07,0.58,0.7,2023-07-19,1225,N,VIIRS,n,2,304.35,10.79,D,0
38.0528,23.44786,367,0.58,0.7,2023-07-19,1225,N,VIIRS,h,2,304.09,23.1,D,0
38.05297,23.45481,343.99,0.58,0.7,2023-07-19,1225,N,VIIRS,n,2,303.08,23.1,D,0
38.0526,23.44009,333.47,0.58,0.7,2023-07-19,1225,N,VIIRS,n,2,302.14,56.87,D,0
38.05953,23.45515,367,0.58,0.7,2023-07-19,1225,N,VIIRS,h,2,303.91,12.62,D,0
38.05971,23.46196,337.41,0.58,0.7,2023-07-19,1225,N,VIIRS,n,2,303.82,9.61,D,0
38.05917,23.44139,354.56,0.58,0.7,2023-07-19,1225,N,VIIRS,n,2,304.6,5.67,D,0
38.0663,23.46358,341.1,0.58,0.7,2023-07-19,1225,N,VIIRS,n,2,303.93,9.61,D,0
38.06612,23.45647,337.01,0.58,0.7,2023-07-19,1225,N,VIIRS,n,2,301.99,12.62,D,0
38.06575,23.44246,342.12,0.58,0.7,2023-07-19,1225,N,VIIRS,n,2,302.9,5.67,D,0
38.09142,23.42427,335.71,0.58,0.7,2023-07-19,1225,N,VIIRS,n,2,303.12,4.41,D,0
38.09119,23.4163,331.11,0.58,0.7,2023-07-19,1225,N,VIIRS,l,2,301.72,4.41,D,0
38.09816,23.43185,332.7,0.58,0.7,2023-07-19,1225,N,VIIRS,n,2,302.39,5.53,D,0
38.09795,23.42441,356.51,0.58,0.7,2023-07-19,1225,N,VIIRS,n,2,303.33,9.78,D,0
38.1049,23.4387,332.31,0.58,0.7,2023-07-19,1225,N,VIIRS,n,2,302.05,5.53,D,0
38.09037,23.423,338.95,0.58,0.7,2023-07-19,1225,N,VIIRS,n,2,302.9,8.17,D,0
38.09709,23.43076,340.34,0.58,0.7,2023-07-19,1225,N,VIIRS,n,2,303.09,7.87,D,0
38.10378,23.43753,333.36,0.58,0.7,2023-07-19,1225,N,VIIRS,n,2,302.3,5.02,D,0
38.12357,23.44433,348.36,0.58,0.7,2023-07-19,1225,N,VIIRS,n,2,304.86,42.37,D,0
38.12341,23.43756,355.97,0.58,0.7,2023-07-19,1225,N,VIIRS,n,2,306.17,42.37,D,0
38.13299,23.56633,367,0.59,0.7,2023-07-19,1225,N,VIIRS,h,2,303.64,19.71,D,0
38.13284,23.55979,367,0.59,0.7,2023-07-19,1225,N,VIIRS,h,2,305.86,19.71,D,0
38.13012,23.44431,367,0.58,0.7,2023-07-19,1225,N,VIIRS,h,2,314.07,42.37,D,0
38.13029,23.45147,343.59,0.58,0.7,2023-07-19,1225,N,VIIRS,n,2,305.77,40.84,D,0
38.12996,23.43737,348.03,0.58,0.7,2023-07-19,1225,N,VIIRS,n,2,302.67,42.37,D,0
38.13937,23.5574,367,0.59,0.7,2023-07-19,1225,N,VIIRS,h,2,304.29,48.3,D,0
38.13924,23.55212,367,0.59,0.7,2023-07-19,1225,N,VIIRS,h,2,307.1,46.34,D,0
38.13913,23.54717,355.28,0.59,0.7,2023-07-19,1225,N,VIIRS,n,2,303.42,46.34,D,0
38.14595,23.5574,367,0.59,0.7,2023-07-19,1225,N,VIIRS,h,2,312.75,48.3,D,0
38.14583,23.55216,355.61,0.59,0.7,2023-07-19,1225,N,VIIRS,n,2,316.21,46.34,D,0
38.14569,23.54649,354.28,0.59,0.7,2023-07-19,1225,N,VIIRS,n,2,311.1,46.34,D,0
38.15262,23.56131,367,0.59,0.7,2023-07-19,1225,N,VIIRS,h,2,304.62,31.73,D,0
38.15249,23.55574,356.69,0.59,0.7,2023-07-19,1225,N,VIIRS,n,2,305.24,31.73,D,0
38.15236,23.54993,354.63,0.59,0.7,2023-07-19,1225,N,VIIRS,n,2,310.34,20.93,D,0
38.15219,23.54321,342.17,0.59,0.7,2023-07-19,1225,N,VIIRS,n,2,304.85,20.93,D,0
38.15886,23.54713,367,0.59,0.7,2023-07-19,1225,N,VIIRS,h,2,307.52,20.93,D,0
38.15901,23.55336,345,0.59,0.7,2023-07-19,1225,N,VIIRS,n,2,304.58,31.73,D,0
38.16338,23.46446,367,0.58,0.7,2023-07-19,1225,N,VIIRS,h,2,310.86,32.14,D,0
38.16555,23.55175,345.73,0.59,0.7,2023-07-19,1225,N,VIIRS,n,2,303.84,9.49,D,0
38.16541,23.5461,340.62,0.59,0.7,2023-07-19,1225,N,VIIRS,n,2,306.89,6.93,D,0
38.16528,23.54048,336.01,0.59,0.7,2023-07-19,1225,N,VIIRS,n,2,305.73,6.93,D,0
38.16321,23.45798,354.68,0.58,0.7,2023-07-19,1225,N,VIIRS,n,2,304.38,22.61,D,0
38.1699,23.46363,367,0.58,0.7,2023-07-19,1225,N,VIIRS,h,2,309.03,32.14,D,0
38.17187,23.54085,337.4,0.59,0.7,2023-07-19,1225,N,VIIRS,n,2,304.03,6.93,D,0
38.17171,23.53463,356.88,0.59,0.7,2023-07-19,1225,N,VIIRS,n,2,307.46,18.74,D,0
38.17007,23.4699,354.09,0.58,0.7,2023-07-19,1225,N,VIIRS,n,2,307.29,32.14,D,0
38.16974,23.45728,350.61,0.58,0.7,2023-07-19,1225,N,VIIRS,n,2,302.91,22.61,D,0
38.17662,23.46978,350.04,0.58,0.7,2023-07-19,1225,N,VIIRS,n,2,303.28,10.69,D,0
38.17645,23.46339,352.57,0.58,0.7,2023-07-19,1225,N,VIIRS,n,2,303.07,10.69,D,0
38.17494,23.46739,367,0.58,0.7,2023-07-19,1225,N,VIIRS,h,2,307.42,19.52,D,0
38.17624,23.53121,343.62,0.59,0.7,2023-07-19,1225,N,VIIRS,n,2,303.88,8.16,D,0
38.17508,23.47377,330.59,0.58,0.7,2023-07-19,1225,N,VIIRS,n,2,302.98,19.52,D,0
38.17481,23.46096,337.17,0.58,0.7,2023-07-19,1225,N,VIIRS,n,2,302.78,17.03,D,0
38.18175,23.47955,330.5,0.58,0.7,2023-07-19,1225,N,VIIRS,l,2,303.48,11.93,D,0
36.25371,27.89903,316.65,0.53,0.67,2023-07-19,2304,N,VIIRS,n,2,296.71,3.36,N,0
36.25187,27.94629,308.53,0.52,0.67,2023-07-19,2304,N,VIIRS,n,2,295.52,1.83,N,0
36.24118,27.89777,331.1,0.53,0.67,2023-07-19,2304,N,VIIRS,n,2,297.47,5.64,N,0
36.22147,27.92073,310.18,0.52,0.67,2023-07-19,2304,N,VIIRS,n,2,296.21,2.69,N,0
36.27514,27.91347,307.97,0.52,0.67,2023-07-19,2304,N,VIIRS,n,2,296.44,2.3,N,0
36.25208,27.94087,310.93,0.52,0.67,2023-07-19,2304,N,VIIRS,n,2,295.91,1.83,N,0
36.27184,27.9174,306.85,0.52,0.67,2023-07-19,2304,N,VIIRS,n,2,296.13,3.01,N,0
36.26023,27.89327,305.87,0.53,0.67,2023-07-19,2304,N,VIIRS,n,2,295.78,3.72,N,0
36.2597,27.90675,310.94,0.52,0.67,2023-07-19,2304,N,VIIRS,n,2,297.41,4.4,N,0
36.25348,27.90501,327.47,0.52,0.67,2023-07-19,2304,N,VIIRS,n,2,297.66,4.98,N,0
36.25393,27.89342,309.43,0.53,0.67,2023-07-19,2304,N,VIIRS,n,2,296.33,3.36,N,0
40.70535,22.81473,307.12,0.49,0.4,2023-07-20,0044,N,VIIRS,n,2,296.02,1.31,N,2
39.35525,22.98336,308.82,0.52,0.42,2023-07-20,0044,N,VIIRS,n,2,297.63,2.85,N,2
38.11138,23.53335,323.73,0.39,0.44,2023-07-20,0045,N,VIIRS,n,2,296.51,3.15,N,0
38.11038,23.53802,316.53,0.39,0.44,2023-07-20,0045,N,VIIRS,n,2,296.36,2.1,N,0
38.09883,23.41534,318.21,0.38,0.44,2023-07-20,0045,N,VIIRS,n,2,296.47,2.07,N,0
38.06071,23.45116,315.41,0.39,0.44,2023-07-20,0045,N,VIIRS,n,2,297.34,2.16,N,0
38.0551,23.47771,307.06,0.39,0.44,2023-07-20,0045,N,VIIRS,n,2,296.79,1.58,N,0
36.27293,27.92094,309.05,0.36,0.57,2023-07-20,0045,N,VIIRS,n,2,296.93,2.92,N,0
36.25985,27.90633,336.44,0.36,0.57,2023-07-20,0045,N,VIIRS,n,2,298.28,3.25,N,0
36.25889,27.90998,317.13,0.36,0.57,2023-07-20,0045,N,VIIRS,n,2,297.99,3.25,N,0
36.25658,27.8973,330.09,0.36,0.57,2023-07-20,0045,N,VIIRS,n,2,298.07,4.8,N,0
36.25556,27.90119,325.58,0.36,0.57,2023-07-20,0045,N,VIIRS,n,2,297.68,4.8,N,0
36.25454,27.90511,367,0.36,0.57,2023-07-20,0045,N,VIIRS,h,2,301.42,4.57,N,0
36.25351,27.90904,309.05,0.36,0.57,2023-07-20,0045,N,VIIRS,n,2,297.31,4.57,N,0
36.2602,27.90789,342.36,0.36,0.57,2023-07-20,0045,N,VIIRS,n,2,299.34,5.33,N,0
36.25683,27.89905,335.68,0.36,0.57,2023-07-20,0045,N,VIIRS,n,2,298.45,5.7,N,0
36.25585,27.90291,346.7,0.36,0.57,2023-07-20,0045,N,VIIRS,n,2,299.19,5.7,N,0
36.25486,27.9068,353.96,0.36,0.57,2023-07-20,0045,N,VIIRS,n,2,300.94,7.77,N,0
36.24044,27.8972,346.98,0.36,0.57,2023-07-20,0045,N,VIIRS,n,2,298.19,7.85,N,0
36.23946,27.90106,339.55,0.36,0.57,2023-07-20,0045,N,VIIRS,n,2,298.77,5.89,N,0
36.96115,22.52984,304.01,0.55,0.43,2023-07-20,0045,N,VIIRS,n,2,293.94,1.16,N,0
36.96199,22.52979,306.19,0.55,0.43,2023-07-20,0045,N,VIIRS,n,2,294.28,0.66,N,0
38.14858,23.55691,335.87,0.39,0.44,2023-07-20,0045,N,VIIRS,n,2,296.36,2.72,N,0
38.15755,23.55439,352.33,0.39,0.44,2023-07-20,0045,N,VIIRS,n,2,311.69,18.46,N,0
38.15847,23.55007,314.81,0.39,0.44,2023-07-20,0045,N,VIIRS,n,2,296.16,18.46,N,0
38.1535,23.55365,346.45,0.39,0.44,2023-07-20,0045,N,VIIRS,n,2,303.6,18.46,N,0
38.15441,23.54935,313.52,0.39,0.44,2023-07-20,0045,N,VIIRS,n,2,296.47,18.46,N,0
38.15262,23.55778,306.39,0.39,0.44,2023-07-20,0045,N,VIIRS,n,2,295.18,7.41,N,0
38.14457,23.55593,323.54,0.39,0.44,2023-07-20,0045,N,VIIRS,n,2,296.82,2.72,N,0
38.14373,23.55986,324.7,0.39,0.44,2023-07-20,0045,N,VIIRS,n,2,296.77,2.72,N,0
38.14284,23.56404,307.72,0.39,0.44,2023-07-20,0045,N,VIIRS,n,2,294.6,1.26,N,0
38.13978,23.55859,322.11,0.39,0.44,2023-07-20,0045,N,VIIRS,n,2,295.26,2.78,N,0
38.13295,23.53121,307.92,0.39,0.44,2023-07-20,0045,N,VIIRS,n,2,296.12,1.28,N,0
38.11531,23.53474,311.89,0.39,0.44,2023-07-20,0045,N,VIIRS,n,2,296.12,1.8,N,0
38.11434,23.53926,308.96,0.39,0.44,2023-07-20,0045,N,VIIRS,n,2,296.5,1.43,N,0
36.21982,27.93658,367,0.35,0.56,2023-07-20,1025,N,VIIRS,h,2,323.77,36.83,D,0
36.22071,27.9401,350.56,0.35,0.56,2023-07-20,1025,N,VIIRS,n,2,309.88,26.1,D,0
36.21894,27.9331,352.83,0.35,0.56,2023-07-20,1025,N,VIIRS,n,2,308.36,36.83,D,0
36.22635,27.91862,367,0.35,0.56,2023-07-20,1025,N,VIIRS,h,2,314.59,9.83,D,0
36.22543,27.91495,367,0.35,0.56,2023-07-20,1025,N,VIIRS,h,2,311.66,9.83,D,0
36.25682,27.90798,338.55,0.35,0.56,2023-07-20,1025,N,VIIRS,l,2,310.26,4.8,D,0
36.25742,27.90751,341.51,0.35,0.56,2023-07-20,1025,N,VIIRS,n,2,310.08,6.5,D,0
36.21646,27.9336,367,0.55,0.68,2023-07-20,1206,N,VIIRS,h,2,309.92,14.03,D,0
36.22286,27.93377,367,0.55,0.68,2023-07-20,1206,N,VIIRS,h,2,310.31,14.03,D,0
36.22311,27.94075,342.4,0.55,0.68,2023-07-20,1206,N,VIIRS,n,2,308.08,24.89,D,0
36.22261,27.92653,334.96,0.55,0.68,2023-07-20,1206,N,VIIRS,n,2,309.3,14.03,D,0
36.96219,22.55039,348.81,0.56,0.51,2023-07-20,1206,N,VIIRS,n,2,317.64,61.55,D,0
36.96173,22.54427,353.02,0.56,0.51,2023-07-20,1206,N,VIIRS,n,2,320.48,31.06,D,0
36.96699,22.55018,367,0.56,0.51,2023-07-20,1206,N,VIIRS,h,2,354.96,229.02,D,0
36.96654,22.54426,367,0.56,0.51,2023-07-20,1206,N,VIIRS,h,2,336.7,215.95,D,0
36.97181,22.55009,344.56,0.56,0.51,2023-07-20,1206,N,VIIRS,n,2,307.89,229.02,D,0
38.05124,23.47769,367,0.32,0.55,2023-07-20,1206,N,VIIRS,h,2,306.06,8.8,D,0
38.0515,23.48183,344.53,0.32,0.55,2023-07-20,1206,N,VIIRS,n,2,305.99,9.39,D,0
38.05335,23.42995,367,0.32,0.55,2023-07-20,1206,N,VIIRS,h,2,313.83,67.24,D,0
38.05287,23.42234,342.43,0.32,0.55,2023-07-20,1206,N,VIIRS,n,2,308.87,21.09,D,0
38.13403,23.44422,341.67,0.32,0.55,2023-07-20,1206,N,VIIRS,n,2,310.2,6.74,D,0
38.13381,23.44058,367,0.32,0.55,2023-07-20,1206,N,VIIRS,h,2,313.45,6.74,D,0
38.13591,23.44069,367,0.32,0.55,2023-07-20,1206,N,VIIRS,h,2,312.51,11.58,D,0
38.05946,23.44566,354.41,0.32,0.55,2023-07-20,1206,N,VIIRS,n,2,305.66,3.82,D,0
38.0597,23.44936,337.43,0.32,0.55,2023-07-20,1206,N,VIIRS,n,2,302.86,3.4,D,0
38.05311,23.42616,367,0.32,0.55,2023-07-20,1206,N,VIIRS,l,2,335.98,67.24,D,0
36.22924,27.90233,353.74,0.41,0.45,2023-07-21,0026,N,VIIRS,n,2,307.07,14.94,N,0
39.16953,22.83929,313.35,0.39,0.36,2023-07-21,0026,N,VIIRS,n,2,297.27,1.15,N,2
38.37462,24.06061,310.51,0.41,0.37,2023-07-21,0026,N,VIIRS,n,2,298.03,1.99,N,2
38.12892,23.5236,312.39,0.4,0.37,2023-07-21,0026,N,VIIRS,n,2,296.86,1.87,N,2
38.05564,23.47787,312.39,0.4,0.37,2023-07-21,0026,N,VIIRS,n,2,296.95,1.87,N,0
36.26968,27.92878,313.13,0.41,0.45,2023-07-21,0026,N,VIIRS,n,2,298.19,2.52,N,0
36.23268,27.90095,333.92,0.41,0.45,2023-07-21,0026,N,VIIRS,n,2,300.88,2.4,N,0
36.23172,27.90536,309.27,0.41,0.45,2023-07-21,0026,N,VIIRS,n,2,299.02,2.4,N,0
36.22865,27.89972,334.39,0.41,0.45,2023-07-21,0026,N,VIIRS,n,2,300.19,21.95,N,0
36.22768,27.90417,367,0.41,0.45,2023-07-21,0026,N,VIIRS,h,2,310.9,21.95,N,0
36.22673,27.90855,354.2,0.41,0.45,2023-07-21,0026,N,VIIRS,n,2,306.22,5.63,N,0
36.22577,27.91292,331.43,0.41,0.45,2023-07-21,0026,N,VIIRS,n,2,301.56,5.63,N,0
36.22267,27.90741,352.11,0.41,0.45,2023-07-21,0026,N,VIIRS,n,2,301.77,5.63,N,0
36.22173,27.91173,312.71,0.41,0.45,2023-07-21,0026,N,VIIRS,n,2,300.24,5.63,N,0
36.21882,27.92509,318.2,0.41,0.45,2023-07-21,0026,N,VIIRS,n,2,300.02,3.82,N,0
36.22831,27.90674,349.26,0.41,0.45,2023-07-21,0026,N,VIIRS,n,2,306.59,14.94,N,0
36.22739,27.91111,337.41,0.41,0.45,2023-07-21,0026,N,VIIRS,n,2,303.16,4.8,N,0
36.23019,27.89789,318.29,0.41,0.45,2023-07-21,0026,N,VIIRS,n,2,299.12,4.77,N,0
36.22426,27.9056,355.01,0.41,0.45,2023-07-21,0026,N,VIIRS,n,2,301.67,14.94,N,0
36.22334,27.90994,347.72,0.41,0.45,2023-07-21,0026,N,VIIRS,n,2,303.84,4.8,N,0
36.22242,27.91429,312.22,0.41,0.45,2023-07-21,0026,N,VIIRS,n,2,300.02,4.8,N,0
36.21956,27.92785,316.76,0.41,0.45,2023-07-21,0026,N,VIIRS,n,2,299.5,3.01,N,0
36.21743,27.91755,347.36,0.41,0.45,2023-07-21,0026,N,VIIRS,n,2,302.46,3.54,N,0
36.21649,27.92203,315.53,0.41,0.45,2023-07-21,0026,N,VIIRS,n,2,300.71,3.54,N,0
36.21242,27.92092,313.92,0.41,0.45,2023-07-21,0026,N,VIIRS,n,2,300.1,3.54,N,0
39.23314,25.98107,334.85,0.63,0.72,2023-07-21,1007,N,VIIRS,n,2,300.15,3.72,D,0
39.2291,25.97898,331.05,0.63,0.72,2023-07-21,1007,N,VIIRS,n,2,300.77,3.86,D,0
41.35658,26.49849,332.8,0.51,0.66,2023-07-21,1008,N,VIIRS,n,2,298.89,3.39,D,0
41.35641,26.49634,337.39,0.51,0.66,2023-07-21,1008,N,VIIRS,n,2,299.03,3.14,D,0
36.27056,27.92821,341.97,0.59,0.53,2023-07-21,1147,N,VIIRS,n,2,308.25,8.83,D,0
36.26888,27.92969,342.84,0.59,0.53,2023-07-21,1147,N,VIIRS,n,2,310.16,10.07,D,0
36.27104,27.93497,342.58,0.6,0.53,2023-07-21,1147,N,VIIRS,n,2,311.19,8.83,D,0
36.22302,27.91237,356.48,0.59,0.53,2023-07-21,1147,N,VIIRS,n,2,323.08,37.17,D,0
36.26941,27.93658,341.52,0.59,0.53,2023-07-21,1147,N,VIIRS,n,2,309.46,7.64,D,0
40.69161,23.28876,330.92,0.57,0.43,2023-07-21,1148,N,VIIRS,l,2,305.74,4.41,D,0
40.69229,23.29572,331.22,0.57,0.43,2023-07-21,1148,N,VIIRS,l,2,306.11,4.58,D,0
36.15938,27.9535,340.45,0.4,0.37,2023-07-22,0007,N,VIIRS,n,2,308.44,13.34,N,0
36.18333,27.93661,320.43,0.4,0.37,2023-07-22,0007,N,VIIRS,n,2,302.3,5.34,N,0
36.18361,27.9553,317.57,0.4,0.37,2023-07-22,0007,N,VIIRS,n,2,303.07,1.18,N,0
36.18744,27.93306,340.64,0.4,0.37,2023-07-22,0007,N,VIIRS,n,2,304.46,6.62,N,0
36.18618,27.96071,316.56,0.4,0.37,2023-07-22,0007,N,VIIRS,n,2,301.83,1.06,N,0
36.18696,27.95619,314.76,0.4,0.37,2023-07-22,0007,N,VIIRS,n,2,302.68,1.06,N,0
36.18927,27.94278,314.5,0.4,0.37,2023-07-22,0007,N,VIIRS,n,2,303.8,3.66,N,0
36.19079,27.93397,316.59,0.4,0.37,2023-07-22,0007,N,VIIRS,n,2,302.61,2.37,N,0
36.19413,27.93489,315.69,0.4,0.37,2023-07-22,0007,N,VIIRS,n,2,301.93,2.37,N,0
36.19779,27.95433,311.77,0.4,0.37,2023-07-22,0007,N,VIIRS,n,2,301.36,2.26,N,0
36.19856,27.94989,317.35,0.4,0.37,2023-07-22,0007,N,VIIRS,n,2,302.44,2.26,N,0
36.2039,27.91887,342.03,0.4,0.37,2023-07-22,0007,N,VIIRS,n,2,304.77,7.33,N,0
36.20421,27.9374,313.28,0.4,0.37,2023-07-22,0007,N,VIIRS,n,2,302.79,4.04,N,0
36.20344,27.94189,334.12,0.4,0.37,2023-07-22,0007,N,VIIRS,n,2,302.21,5.27,N,0
36.20833,27.93382,341.95,0.4,0.37,2023-07-22,0007,N,VIIRS,n,2,303.99,4.04,N,0
36.20909,27.92942,349.59,0.4,0.37,2023-07-22,0007,N,VIIRS,n,2,307.47,15,N,0
38.1285,23.52624,314.56,0.43,0.38,2023-07-22,0007,N,VIIRS,n,2,296.96,1.73,N,2
38.37473,24.0622,309.77,0.42,0.38,2023-07-22,0007,N,VIIRS,n,2,297.29,2,N,2
36.18025,27.95441,312.76,0.4,0.37,2023-07-22,0007,N,VIIRS,n,2,302.02,1.18,N,0
36.1586,27.95799,356.51,0.4,0.37,2023-07-22,0007,N,VIIRS,n,2,313.4,11.09,N,0
36.15783,27.96245,317.1,0.4,0.37,2023-07-22,0007,N,VIIRS,n,2,300.9,11.09,N,0
36.15525,27.95708,347.42,0.4,0.37,2023-07-22,0007,N,VIIRS,n,2,303.43,9.21,N,0
36.15448,27.96154,367,0.4,0.37,2023-07-22,0007,N,VIIRS,h,2,309.29,9.21,N,0
36.15113,27.96062,350.58,0.4,0.37,2023-07-22,0007,N,VIIRS,n,2,303.48,9.21,N,0
36.15036,27.96504,328.53,0.4,0.37,2023-07-22,0007,N,VIIRS,n,2,301.19,2.43,N,0
36.16195,27.95892,354.61,0.4,0.37,2023-07-22,0007,N,VIIRS,n,2,306.24,11.09,N,0
36.16272,27.95441,343.63,0.4,0.37,2023-07-22,0007,N,VIIRS,n,2,305.44,13.34,N,0
36.16607,27.95533,321.29,0.4,0.37,2023-07-22,0007,N,VIIRS,n,2,302.07,2.32,N,0
36.17921,27.94016,312.88,0.4,0.37,2023-07-22,0007,N,VIIRS,n,2,300.7,2.26,N,0
36.14352,27.97038,356.59,0.51,0.41,2023-07-22,1128,N,VIIRS,n,2,328.66,83.35,D,0
36.06371,28.01033,330.79,0.51,0.41,2023-07-22,1128,N,VIIRS,n,2,297.87,5.44,D,3
36.06307,28.00468,338.93,0.51,0.41,2023-07-22,1128,N,VIIRS,n,2,298.8,5.44,D,3
36.06242,27.99897,337.05,0.51,0.41,2023-07-22,1128,N,VIIRS,n,2,300.15,9.06,D,3
36.06748,28.0096,330.07,0.51,0.41,2023-07-22,1128,N,VIIRS,l,2,300.33,5.44,D,3
36.06619,27.99818,354.76,0.51,0.41,2023-07-22,1128,N,VIIRS,n,2,306.9,9.06,D,3
36.06556,27.99261,353.53,0.51,0.41,2023-07-22,1128,N,VIIRS,n,2,307.99,9.06,D,0
36.06994,27.9973,367,0.51,0.41,2023-07-22,1128,N,VIIRS,h,2,351.78,235.18,D,0
36.06932,27.99186,367,0.51,0.41,2023-07-22,1128,N,VIIRS,h,2,330.77,235.18,D,0
36.07059,28.00306,355.17,0.51,0.41,2023-07-22,1128,N,VIIRS,n,2,309.31,25.76,D,0
36.0687,27.98635,355.96,0.51,0.41,2023-07-22,1128,N,VIIRS,n,2,309.61,39.13,D,0
36.06805,27.98065,346.03,0.5,0.41,2023-07-22,1128,N,VIIRS,n,2,308.13,39.13,D,0
36.07434,28.00213,367,0.51,0.41,2023-07-22,1128,N,VIIRS,h,2,310.31,25.76,D,0
36.07368,27.99636,367,0.51,0.41,2023-07-22,1128,N,VIIRS,h,2,347.04,235.18,D,0
36.07246,27.98563,367,0.51,0.41,2023-07-22,1128,N,VIIRS,h,2,336.93,39.13,D,0
36.07182,27.97989,354.08,0.5,0.41,2023-07-22,1128,N,VIIRS,n,2,309.29,39.13,D,0
36.07309,27.99109,367,0.51,0.41,2023-07-22,1128,N,VIIRS,l,2,351.64,235.18,D,0
36.07557,27.97911,367,0.5,0.41,2023-07-22,1128,N,VIIRS,h,2,330.86,173.73,D,0
36.07807,28.00103,357.59,0.51,0.41,2023-07-22,1128,N,VIIRS,n,2,318.23,110.69,D,0
36.07742,27.99531,367,0.51,0.41,2023-07-22,1128,N,VIIRS,l,2,377.46,0,D,0
36.07684,27.99018,367,0.51,0.41,2023-07-22,1128,N,VIIRS,l,2,376.02,0,D,0
36.07623,27.98484,367,0.51,0.41,2023-07-22,1128,N,VIIRS,l,2,356.33,173.73,D,0
36.07998,27.98398,367,0.51,0.41,2023-07-22,1128,N,VIIRS,h,2,345.83,173.73,D,0
36.07933,27.97827,367,0.5,0.41,2023-07-22,1128,N,VIIRS,h,2,351.71,173.73,D,0
36.08253,28.00639,348.35,0.51,0.41,2023-07-22,1128,N,VIIRS,n,2,309.77,110.69,D,0
36.08184,28.00033,352.26,0.51,0.41,2023-07-22,1128,N,VIIRS,l,2,323.62,110.69,D,0
36.07869,27.97271,348.18,0.5,0.41,2023-07-22,1128,N,VIIRS,n,2,309.07,17.56,D,0
36.0812,27.99468,367,0.51,0.41,2023-07-22,1128,N,VIIRS,l,2,374.93,0,D,0
36.08059,27.98934,367,0.51,0.41,2023-07-22,1128,N,VIIRS,l,2,375,0,D,0
36.08374,27.98319,367,0.51,0.41,2023-07-22,1128,N,VIIRS,h,2,338.77,102.31,D,0
36.08308,27.97748,367,0.5,0.41,2023-07-22,1128,N,VIIRS,h,2,336.26,102.31,D,0
36.08633,28.00587,352.35,0.51,0.41,2023-07-22,1128,N,VIIRS,n,2,307.32,121.39,D,0
36.08563,27.99973,352.91,0.51,0.41,2023-07-22,1128,N,VIIRS,l,2,325.16,121.39,D,0
36.08244,27.97186,352.37,0.5,0.41,2023-07-22,1128,N,VIIRS,n,2,308.27,16.94,D,0
36.08498,27.99411,367,0.51,0.41,2023-07-22,1128,N,VIIRS,l,2,378.75,0,D,0
36.08437,27.98872,367,0.51,0.41,2023-07-22,1128,N,VIIRS,l,2,365.82,0,D,0
36.08814,27.988,367,0.51,0.41,2023-07-22,1128,N,VIIRS,h,2,350.29,0,D,0
36.09012,28.0053,348.45,0.51,0.41,2023-07-22,1128,N,VIIRS,n,2,309.48,121.39,D,0
36.08943,27.99929,354.45,0.51,0.41,2023-07-22,1128,N,VIIRS,n,2,317.04,121.39,D,0
36.08619,27.971,353.83,0.5,0.41,2023-07-22,1128,N,VIIRS,n,2,310,16.94,D,0
36.08878,27.99361,367,0.51,0.41,2023-07-22,1128,N,VIIRS,l,2,373.78,0,D,0
36.08749,27.98234,351.01,0.51,0.41,2023-07-22,1128,N,VIIRS,l,2,329.66,102.31,D,0
36.08684,27.97663,367,0.5,0.41,2023-07-22,1128,N,VIIRS,l,2,330.61,102.31,D,0
36.09192,27.98741,367,0.51,0.41,2023-07-22,1128,N,VIIRS,h,2,336.05,316.67,D,0
36.0906,27.97587,367,0.5,0.41,2023-07-22,1128,N,VIIRS,h,2,343.95,143.81,D,0
36.08994,27.97018,367,0.5,0.41,2023-07-22,1128,N,VIIRS,h,2,332.59,315.67,D,0
36.09394,28.00495,348.03,0.51,0.41,2023-07-22,1128,N,VIIRS,n,2,310.48,120.57,D,0
36.09325,27.99891,355.35,0.51,0.41,2023-07-22,1128,N,VIIRS,n,2,316.32,120.57,D,0
36.09258,27.99307,367,0.51,0.41,2023-07-22,1128,N,VIIRS,l,2,379.61,316.67,D,0
36.09126,27.98163,367,0.51,0.41,2023-07-22,1128,N,VIIRS,l,2,329.06,143.81,D,0
36.09705,27.9985,367,0.51,0.41,2023-07-22,1128,N,VIIRS,h,2,317.53,120.57,D,0
36.09571,27.98679,367,0.51,0.41,2023-07-22,1128,N,VIIRS,h,2,347.37,316.67,D,0
36.09369,27.96934,367,0.5,0.41,2023-07-22,1128,N,VIIRS,h,2,356.58,315.67,D,0
36.09637,27.99258,367,0.51,0.41,2023-07-22,1128,N,VIIRS,l,2,373.47,316.67,D,0
36.09502,27.98085,351.78,0.51,0.41,2023-07-22,1128,N,VIIRS,l,2,328.07,143.81,D,0
36.09435,27.97505,367,0.5,0.41,2023-07-22,1128,N,VIIRS,l,2,336.87,143.81,D,0
36.08494,27.99791,367,0.51,0.41,2023-07-22,1128,N,VIIRS,h,2,347.97,0,D,0
36.08252,27.9757,367,0.51,0.41,2023-07-22,1128,N,VIIRS,h,2,329.48,53.05,D,0
36.08557,28.00368,355.4,0.51,0.41,2023-07-22,1128,N,VIIRS,n,2,308.29,20.35,D,0
36.08189,27.97,346.7,0.5,0.41,2023-07-22,1128,N,VIIRS,n,2,308.14,53.05,D,0
36.08434,27.99234,367,0.51,0.41,2023-07-22,1128,N,VIIRS,l,2,386.17,0,D,0
36.08374,27.98691,367,0.51,0.41,2023-07-22,1128,N,VIIRS,l,2,359.71,130.46,D,0
36.08313,27.98135,367,0.51,0.41,2023-07-22,1128,N,VIIRS,l,2,333.89,130.46,D,0
36.08874,27.99744,367,0.51,0.41,2023-07-22,1128,N,VIIRS,h,2,342.51,0,D,0
36.08752,27.98622,367,0.51,0.41,2023-07-22,1128,N,VIIRS,h,2,342.08,130.46,D,0
36.08937,28.00321,353.73,0.51,0.41,2023-07-22,1128,N,VIIRS,n,2,309.32,20.35,D,0
36.08565,27.96914,348.51,0.5,0.41,2023-07-22,1128,N,VIIRS,n,2,309.08,53.05,D,0
36.08812,27.99178,367,0.51,0.41,2023-07-22,1128,N,VIIRS,l,2,376.34,0,D,0
36.08689,27.9805,351.83,0.51,0.41,2023-07-22,1128,N,VIIRS,l,2,327.19,130.46,D,0
36.08628,27.97485,367,0.51,0.41,2023-07-22,1128,N,VIIRS,l,2,326.97,53.05,D,0
36.09255,27.99706,367,0.51,0.41,2023-07-22,1128,N,VIIRS,h,2,342.55,380.92,D,0
36.09003,27.97398,367,0.51,0.41,2023-07-22,1128,N,VIIRS,h,2,354.64,257.15,D,0
36.09318,28.00283,353.38,0.51,0.41,2023-07-22,1128,N,VIIRS,n,2,309.59,15.6,D,0
36.09066,27.97976,351.19,0.51,0.41,2023-07-22,1128,N,VIIRS,n,2,324.33,64.68,D,0
36.08941,27.96827,344.89,0.5,0.41,2023-07-22,1128,N,VIIRS,n,2,311,257.15,D,0
36.09192,27.99123,367,0.51,0.41,2023-07-22,1128,N,VIIRS,l,2,372.84,380.92,D,0
36.09129,27.98554,367,0.51,0.41,2023-07-22,1128,N,VIIRS,l,2,331.52,64.68,D,0
36.09379,27.9732,367,0.51,0.41,2023-07-22,1128,N,VIIRS,h,2,353.91,257.15,D,0
36.09317,27.96747,367,0.5,0.41,2023-07-22,1128,N,VIIRS,h,2,340.76,257.15,D,0
36.097,28.00251,348.03,0.51,0.41,2023-07-22,1128,N,VIIRS,n,2,311.14,15.6,D,0
36.09442,27.97896,352.61,0.51,0.41,2023-07-22,1128,N,VIIRS,n,2,323.81,64.68,D,0
36.09636,27.99664,367,0.51,0.41,2023-07-22,1128,N,VIIRS,l,2,341.11,380.92,D,0
36.0957,27.99066,367,0.51,0.41,2023-07-22,1128,N,VIIRS,l,2,376.99,380.92,D,0
36.09506,27.98481,367,0.51,0.41,2023-07-22,1128,N,VIIRS,l,2,337.06,64.68,D,0
36.09949,27.99003,367,0.51,0.41,2023-07-22,1128,N,VIIRS,h,2,351.3,148.47,D,0
36.09755,27.97238,367,0.51,0.41,2023-07-22,1128,N,VIIRS,h,2,352.42,241.63,D,0
36.10077,28.00176,345.53,0.51,0.41,2023-07-22,1128,N,VIIRS,n,2,311.43,15.58,D,0
36.0982,27.97828,356.52,0.51,0.41,2023-07-22,1128,N,VIIRS,n,2,323.45,40.21,D,0
36.10014,27.99599,367,0.51,0.41,2023-07-22,1128,N,VIIRS,l,2,337.27,148.47,D,0
36.09884,27.98414,351.12,0.51,0.41,2023-07-22,1128,N,VIIRS,l,2,328.64,40.21,D,0
36.10393,27.99539,367,0.51,0.41,2023-07-22,1128,N,VIIRS,h,2,356.63,148.47,D,0
36.10327,27.98941,367,0.51,0.41,2023-07-22,1128,N,VIIRS,h,2,354.97,148.47,D,0
36.10132,27.9717,367,0.51,0.41,2023-07-22,1128,N,VIIRS,h,2,344.78,241.63,D,0
36.1007,27.96598,367,0.5,0.41,2023-07-22,1128,N,VIIRS,h,2,338.74,241.63,D,0
36.10261,27.9834,353.76,0.51,0.41,2023-07-22,1128,N,VIIRS,n,2,327.82,40.21,D,0
36.10197,27.97755,355.71,0.51,0.41,2023-07-22,1128,N,VIIRS,n,2,324.73,40.21,D,0
36.10769,27.99462,367,0.51,0.41,2023-07-22,1128,N,VIIRS,h,2,355.35,108.44,D,0
36.10704,27.98866,367,0.51,0.41,2023-07-22,1128,N,VIIRS,h,2,349.52,108.44,D,0
36.10574,27.97685,367,0.51,0.41,2023-07-22,1128,N,VIIRS,h,2,320.8,28.07,D,0
36.10446,27.96524,367,0.5,0.41,2023-07-22,1128,N,VIIRS,h,2,345.53,131.18,D,0
36.10639,27.98276,356.64,0.51,0.41,2023-07-22,1128,N,VIIRS,n,2,328.99,28.07,D,0
36.10509,27.97094,356.04,0.51,0.41,2023-07-22,1128,N,VIIRS,n,2,322.58,131.18,D,0
36.11016,27.98199,367,0.51,0.41,2023-07-22,1128,N,VIIRS,h,2,330.66,28.07,D,0
36.10885,27.97019,367,0.51,0.41,2023-07-22,1128,N,VIIRS,h,2,321.19,131.18,D,0
36.10822,27.96445,367,0.5,0.41,2023-07-22,1128,N,VIIRS,h,2,357.98,131.18,D,0
36.1121,27.99962,345.12,0.51,0.41,2023-07-22,1128,N,VIIRS,n,2,312.07,39.18,D,0
36.1095,27.97604,357.65,0.51,0.41,2023-07-22,1128,N,VIIRS,n,2,322.02,28.07,D,0
36.11147,27.99393,367,0.51,0.41,2023-07-22,1128,N,VIIRS,l,2,339.52,108.44,D,0
36.11083,27.98808,351.6,0.51,0.41,2023-07-22,1128,N,VIIRS,l,2,333.65,108.44,D,0
36.1076,27.95888,367,0.5,0.41,2023-07-22,1128,N,VIIRS,l,2,328.73,101.72,D,0
36.11393,27.98133,367,0.51,0.41,2023-07-22,1128,N,VIIRS,h,2,322.64,19.98,D,0
36.11262,27.96943,367,0.51,0.41,2023-07-22,1128,N,VIIRS,h,2,324.07,119.02,D,0
36.11198,27.96366,367,0.5,0.41,2023-07-22,1128,N,VIIRS,h,2,356.6,119.02,D,0
36.11136,27.9581,367,0.5,0.41,2023-07-22,1128,N,VIIRS,h,2,340,280.44,D,0
36.11328,27.97538,356.86,0.51,0.41,2023-07-22,1128,N,VIIRS,n,2,318.67,19.98,D,0
36.11523,27.9931,367,0.51,0.41,2023-07-22,1128,N,VIIRS,l,2,330.07,55.95,D,0
36.1146,27.98734,351.69,0.51,0.41,2023-07-22,1128,N,VIIRS,l,2,326.85,55.95,D,0
36.11837,27.98664,367,0.51,0.41,2023-07-22,1128,N,VIIRS,h,2,320.01,55.95,D,0
36.11772,27.98075,367,0.51,0.41,2023-07-22,1128,N,VIIRS,h,2,321.47,19.98,D,0
36.11707,27.97488,367,0.51,0.41,2023-07-22,1128,N,VIIRS,h,2,318.18,19.98,D,0
36.11641,27.9689,367,0.51,0.41,2023-07-22,1128,N,VIIRS,h,2,319.46,119.02,D,0
36.11576,27.96302,367,0.5,0.41,2023-07-22,1128,N,VIIRS,h,2,346.81,119.02,D,0
36.11514,27.9574,367,0.5,0.41,2023-07-22,1128,N,VIIRS,l,2,372.61,280.44,D,0
36.12087,27.97442,367,0.51,0.41,2023-07-22,1128,N,VIIRS,h,2,320.61,26.72,D,0
36.1202,27.96842,367,0.51,0.41,2023-07-22,1128,N,VIIRS,h,2,317.39,59.78,D,0
36.1189,27.95671,367,0.5,0.41,2023-07-22,1128,N,VIIRS,h,2,372.45,386.57,D,0
36.12151,27.98022,355.65,0.51,0.41,2023-07-22,1128,N,VIIRS,n,2,325.85,26.72,D,0
36.11953,27.96238,356.05,0.5,0.41,2023-07-22,1128,N,VIIRS,n,2,329.26,59.78,D,0
36.12214,27.9859,367,0.51,0.41,2023-07-22,1128,N,VIIRS,l,2,328.9,144.03,D,0
36.12591,27.98516,367,0.51,0.41,2023-07-22,1128,N,VIIRS,h,2,364.92,144.03,D,0
36.12465,27.97374,367,0.51,0.41,2023-07-22,1128,N,VIIRS,h,2,321.97,26.72,D,0
36.124,27.9679,367,0.51,0.41,2023-07-22,1128,N,VIIRS,h,2,318.31,59.78,D,0
36.12268,27.95614,367,0.5,0.41,2023-07-22,1128,N,VIIRS,h,2,361.68,386.57,D,0
36.12654,27.99083,347.58,0.51,0.41,2023-07-22,1128,N,VIIRS,n,2,315.34,144.03,D,0
36.12527,27.97938,353.03,0.51,0.41,2023-07-22,1128,N,VIIRS,n,2,327.96,26.72,D,0
36.12333,27.96196,351.47,0.5,0.41,2023-07-22,1128,N,VIIRS,l,2,337.95,59.78,D,0
36.12968,27.98439,367,0.51,0.41,2023-07-22,1128,N,VIIRS,h,2,350.54,114.8,D,0
36.12904,27.97861,367,0.51,0.41,2023-07-22,1128,N,VIIRS,h,2,335.77,45.46,D,0
36.12842,27.97309,367,0.51,0.41,2023-07-22,1128,N,VIIRS,h,2,322.55,45.46,D,0
36.12779,27.96745,367,0.51,0.41,2023-07-22,1128,N,VIIRS,h,2,318.59,38.53,D,0
36.12648,27.95571,367,0.5,0.41,2023-07-22,1128,N,VIIRS,h,2,353.68,219.28,D,0
36.12714,27.9616,353.91,0.5,0.41,2023-07-22,1128,N,VIIRS,l,2,331.41,38.53,D,0
36.13282,27.97802,367,0.51,0.41,2023-07-22,1128,N,VIIRS,h,2,335.07,45.46,D,0
36.1322,27.97248,367,0.51,0.41,2023-07-22,1128,N,VIIRS,h,2,325.17,45.46,D,0
36.13157,27.96684,367,0.51,0.41,2023-07-22,1128,N,VIIRS,h,2,317.26,38.53,D,0
36.13346,27.98381,347.08,0.51,0.41,2023-07-22,1128,N,VIIRS,n,2,319.95,114.8,D,0
36.13093,27.96109,351.7,0.5,0.41,2023-07-22,1128,N,VIIRS,n,2,316.81,38.53,D,0
36.13535,27.96615,367,0.51,0.41,2023-07-22,1128,N,VIIRS,h,2,320.33,61.17,D,0
36.13471,27.96049,367,0.5,0.41,2023-07-22,1128,N,VIIRS,h,2,339.72,61.17,D,0
36.13661,27.97746,350.43,0.51,0.41,2023-07-22,1128,N,VIIRS,n,2,324.45,43.54,D,0
36.13597,27.97178,356.37,0.51,0.41,2023-07-22,1128,N,VIIRS,n,2,322.71,43.54,D,0
36.14039,27.97682,367,0.51,0.41,2023-07-22,1128,N,VIIRS,h,2,341.98,43.54,D,0
36.13974,27.97105,355.54,0.51,0.41,2023-07-22,1128,N,VIIRS,n,2,324.76,43.54,D,0
36.13912,27.96548,354.65,0.51,0.41,2023-07-22,1128,N,VIIRS,n,2,320.15,61.17,D,0
36.13849,27.95988,367,0.5,0.41,2023-07-22,1128,N,VIIRS,l,2,342.77,61.17,D,0
36.14163,27.95357,367,0.5,0.41,2023-07-22,1128,N,VIIRS,h,2,342.05,151.18,D,0
36.14289,27.96482,355.84,0.51,0.41,2023-07-22,1128,N,VIIRS,n,2,320.24,77.83,D,0
36.14416,27.97609,367,0.51,0.41,2023-07-22,1128,N,VIIRS,l,2,338.28,83.35,D,0
36.14227,27.95922,353.2,0.5,0.41,2023-07-22,1128,N,VIIRS,l,2,343.73,77.83,D,0
36.1473,27.96979,367,0.51,0.41,2023-07-22,1128,N,VIIRS,h,2,349.31,83.35,D,0
36.14668,27.9642,367,0.51,0.41,2023-07-22,1128,N,VIIRS,h,2,321.73,77.83,D,0
36.1454,27.95285,367,0.5,0.41,2023-07-22,1128,N,VIIRS,h,2,336.3,151.18,D,0
36.14605,27.95857,357.18,0.5,0.41,2023-07-22,1128,N,VIIRS,n,2,321.83,77.83,D,0
36.14794,27.97547,367,0.51,0.41,2023-07-22,1128,N,VIIRS,l,2,332.34,83.35,D,0
36.14917,27.9522,367,0.5,0.41,2023-07-22,1128,N,VIIRS,h,2,364.04,217.11,D,0
36.1511,27.9693,354.13,0.51,0.41,2023-07-22,1128,N,VIIRS,n,2,321.69,51.92,D,0
36.15046,27.96366,348.55,0.51,0.41,2023-07-22,1128,N,VIIRS,n,2,316.8,14.83,D,0
36.14983,27.95801,352.62,0.5,0.41,2023-07-22,1128,N,VIIRS,n,2,319.16,14.83,D,0
36.15295,27.95159,367,0.5,0.41,2023-07-22,1128,N,VIIRS,h,2,348.83,217.11,D,0
36.15426,27.96315,351.94,0.51,0.41,2023-07-22,1128,N,VIIRS,n,2,319.15,14.83,D,0
36.15361,27.95743,356.11,0.5,0.41,2023-07-22,1128,N,VIIRS,n,2,320.12,14.83,D,0
36.15672,27.95091,367,0.5,0.41,2023-07-22,1128,N,VIIRS,h,2,348.19,144.21,D,0
36.15739,27.95685,367,0.5,0.41,2023-07-22,1128,N,VIIRS,l,2,326.16,46.98,D,0
36.1605,27.95031,367,0.5,0.41,2023-07-22,1128,N,VIIRS,h,2,351.48,144.21,D,0
36.16183,27.96204,348.58,0.51,0.41,2023-07-22,1128,N,VIIRS,l,2,319.26,46.98,D,0
36.16117,27.95619,351.37,0.5,0.41,2023-07-22,1128,N,VIIRS,n,2,324.82,46.98,D,0
36.16496,27.95564,367,0.5,0.41,2023-07-22,1128,N,VIIRS,l,2,327.95,165.64,D,0
36.16429,27.94976,367,0.5,0.41,2023-07-22,1128,N,VIIRS,l,2,351.02,204.32,D,0
36.17564,27.94797,367,0.5,0.41,2023-07-22,1128,N,VIIRS,l,2,328.17,93.04,D,0
36.17499,27.94228,367,0.5,0.41,2023-07-22,1128,N,VIIRS,l,2,335.31,93.04,D,0
36.17875,27.94159,353.16,0.5,0.41,2023-07-22,1128,N,VIIRS,l,2,323.17,18.82,D,0
36.17811,27.93595,350.01,0.5,0.41,2023-07-22,1128,N,VIIRS,l,2,320.91,9.58,D,0
36.18188,27.93531,350.76,0.5,0.41,2023-07-22,1128,N,VIIRS,n,2,320.56,9.58,D,0
36.18566,27.93467,350.98,0.5,0.41,2023-07-22,1128,N,VIIRS,n,2,323.2,47.9,D,0
36.18944,27.93408,350.58,0.5,0.41,2023-07-22,1128,N,VIIRS,l,2,329.9,47.9,D,0
36.1958,27.95603,367,0.51,0.41,2023-07-22,1128,N,VIIRS,h,2,352.48,61.05,D,0
36.19958,27.95536,356.85,0.51,0.41,2023-07-22,1128,N,VIIRS,n,2,322.75,61.05,D,0
36.19893,27.94966,351.73,0.5,0.41,2023-07-22,1128,N,VIIRS,n,2,324.98,61.05,D,0
36.18778,27.96104,348.85,0.51,0.41,2023-07-22,1128,N,VIIRS,n,2,318.08,70,D,0
36.18714,27.95512,347.82,0.51,0.41,2023-07-22,1128,N,VIIRS,n,2,316.68,70,D,0
36.18843,27.93175,354.87,0.5,0.41,2023-07-22,1128,N,VIIRS,l,2,331.33,88.34,D,0
36.19533,27.95961,367,0.51,0.41,2023-07-22,1128,N,VIIRS,h,2,337.14,82.44,D,0
36.19469,27.95372,367,0.51,0.41,2023-07-22,1128,N,VIIRS,h,2,333.36,82.44,D,0
36.19222,27.93119,351.29,0.5,0.41,2023-07-22,1128,N,VIIRS,l,2,323.27,42.31,D,0
36.19846,27.95302,356.69,0.51,0.41,2023-07-22,1128,N,VIIRS,n,2,324.71,82.44,D,0
36.20163,27.94679,352.27,0.51,0.41,2023-07-22,1128,N,VIIRS,n,2,321.53,29.89,D,0
36.21167,27.93319,349.91,0.5,0.41,2023-07-22,1128,N,VIIRS,n,2,319.05,14.87,D,0
36.22235,27.92549,346.62,0.5,0.41,2023-07-22,1128,N,VIIRS,l,2,317.34,9.66,D,0
38.44851,23.55538,345.19,0.39,0.36,2023-07-22,1128,N,VIIRS,l,2,316.85,10.03,D,0
38.40741,23.22135,367,0.39,0.36,2023-07-22,1128,N,VIIRS,h,2,341.23,54.72,D,0
38.41072,23.22058,349.93,0.39,0.36,2023-07-22,1128,N,VIIRS,n,2,322.18,54.72,D,0
40.77784,23.21718,348.18,0.39,0.37,2023-07-22,1129,N,VIIRS,n,2,311.85,9.65,D,0
36.07449,27.94581,334.32,0.42,0.38,2023-07-22,2349,N,VIIRS,n,2,304.9,21.12,N,0
36.07671,27.95592,320.74,0.42,0.38,2023-07-22,2349,N,VIIRS,n,2,305.91,8.55,N,0
36.07734,27.95123,337.87,0.42,0.38,2023-07-22,2349,N,VIIRS,n,2,315,8.55,N,0
36.07796,27.9465,339.79,0.42,0.38,2023-07-22,2349,N,VIIRS,n,2,316.76,42.21,N,0
36.0808,27.95197,329.56,0.42,0.38,2023-07-22,2349,N,VIIRS,n,2,308.16,8.55,N,0
36.08142,27.94723,336.38,0.42,0.38,2023-07-22,2349,N,VIIRS,n,2,323.42,42.21,N,0
36.08364,27.95738,325.25,0.42,0.38,2023-07-22,2349,N,VIIRS,n,2,310.87,13.31,N,0
36.08426,27.95266,344.99,0.42,0.38,2023-07-22,2349,N,VIIRS,n,2,313.77,13.31,N,0
36.08489,27.94794,345.65,0.42,0.38,2023-07-22,2349,N,VIIRS,n,2,317.95,19.91,N,0
36.07041,27.94976,355.9,0.42,0.38,2023-07-22,2349,N,VIIRS,n,2,318.99,13.99,N,0
36.06979,27.95441,339.41,0.42,0.38,2023-07-22,2349,N,VIIRS,n,2,310.55,13.99,N,0
36.06917,27.9591,332.65,0.42,0.38,2023-07-22,2349,N,VIIRS,n,2,307.17,4.66,N,0
36.06756,27.94442,333.91,0.42,0.38,2023-07-22,2349,N,VIIRS,n,2,305.08,23.72,N,0
36.06695,27.94902,348.32,0.42,0.38,2023-07-22,2349,N,VIIRS,n,2,323.99,17.26,N,0
36.06634,27.95367,328.36,0.42,0.38,2023-07-22,2349,N,VIIRS,n,2,309.34,17.26,N,0
36.07325,27.95514,331.91,0.42,0.38,2023-07-22,2349,N,VIIRS,n,2,308.63,13.99,N,0
36.07388,27.95048,343.7,0.42,0.38,2023-07-22,2349,N,VIIRS,n,2,320.64,13.99,N,0
36.06572,27.95835,331.48,0.42,0.38,2023-07-22,2349,N,VIIRS,n,2,308.24,2.01,N,0
36.0651,27.963,319.73,0.42,0.38,2023-07-22,2349,N,VIIRS,n,2,306.49,2.01,N,0
36.06348,27.94832,353.27,0.42,0.38,2023-07-22,2349,N,VIIRS,n,2,325.34,17.26,N,0
36.06287,27.95295,347.31,0.42,0.38,2023-07-22,2349,N,VIIRS,n,2,311.69,17.26,N,0
36.06226,27.95761,327.26,0.42,0.38,2023-07-22,2349,N,VIIRS,n,2,307.75,2.01,N,0
36.06164,27.96225,317.49,0.42,0.38,2023-07-22,2349,N,VIIRS,n,2,305.79,2.01,N,0
36.06002,27.94755,352.38,0.42,0.38,2023-07-22,2349,N,VIIRS,n,2,319.15,18.79,N,0
36.05941,27.95219,348.17,0.42,0.38,2023-07-22,2349,N,VIIRS,n,2,313.99,18.79,N,0
36.05879,27.95688,327.69,0.42,0.38,2023-07-22,2349,N,VIIRS,n,2,309.15,2.3,N,0
36.05818,27.96153,320.63,0.42,0.38,2023-07-22,2349,N,VIIRS,n,2,306.47,2.3,N,0
36.05657,27.94676,338.86,0.42,0.38,2023-07-22,2349,N,VIIRS,n,2,312.69,18.79,N,0
36.05595,27.95142,351.74,0.42,0.38,2023-07-22,2349,N,VIIRS,n,2,318.96,18.79,N,0
36.05533,27.95613,333.65,0.42,0.38,2023-07-22,2349,N,VIIRS,n,2,309.65,2.3,N,0
36.05471,27.9608,322.49,0.42,0.38,2023-07-22,2349,N,VIIRS,n,2,307.31,2.3,N,0
36.0541,27.96546,316.76,0.42,0.38,2023-07-22,2349,N,VIIRS,n,2,305.16,3.37,N,0
36.05311,27.94598,333.03,0.42,0.38,2023-07-22,2349,N,VIIRS,n,2,305.24,16.11,N,0
36.0525,27.95065,355.05,0.42,0.38,2023-07-22,2349,N,VIIRS,n,2,319.35,16.11,N,0
36.05188,27.95538,337.55,0.42,0.38,2023-07-22,2349,N,VIIRS,n,2,310.16,4.07,N,0
36.05126,27.96004,324.69,0.42,0.38,2023-07-22,2349,N,VIIRS,n,2,307.56,4.07,N,0
36.05064,27.96471,315.43,0.42,0.38,2023-07-22,2349,N,VIIRS,n,2,305.38,1.97,N,0
36.04966,27.94522,325.5,0.42,0.38,2023-07-22,2349,N,VIIRS,n,2,304.42,16.11,N,0
36.04904,27.94989,352.5,0.42,0.38,2023-07-22,2349,N,VIIRS,n,2,323.24,16.11,N,0
36.04842,27.9546,352.09,0.42,0.38,2023-07-22,2349,N,VIIRS,n,2,312.13,4.07,N,0
36.04781,27.95924,327.08,0.42,0.38,2023-07-22,2349,N,VIIRS,n,2,304.82,4.07,N,3
36.04558,27.94912,355.36,0.42,0.38,2023-07-22,2349,N,VIIRS,n,2,315.65,16.14,N,0
36.04496,27.95381,328.72,0.42,0.38,2023-07-22,2349,N,VIIRS,n,2,303,2.92,N,3
36.08552,27.94322,332.81,0.42,0.38,2023-07-22,2349,N,VIIRS,n,2,304.56,19.91,N,0
36.08773,27.95335,350.71,0.42,0.38,2023-07-22,2349,N,VIIRS,n,2,312.03,13.31,N,0
36.08836,27.94865,353.74,0.42,0.38,2023-07-22,2349,N,VIIRS,n,2,317.12,19.91,N,0
36.09118,27.95415,319.75,0.42,0.38,2023-07-22,2349,N,VIIRS,n,2,305.77,2.81,N,0
36.09182,27.9494,350.18,0.42,0.38,2023-07-22,2349,N,VIIRS,n,2,316.62,19.17,N,0
36.09245,27.94466,334.6,0.42,0.38,2023-07-22,2349,N,VIIRS,n,2,304.36,19.17,N,0
36.09527,27.95019,339.9,0.42,0.38,2023-07-22,2349,N,VIIRS,n,2,308.98,19.17,N,0
36.09591,27.94541,348.88,0.42,0.38,2023-07-22,2349,N,VIIRS,n,2,316.81,19.17,N,0
36.09872,27.95098,327.35,0.42,0.38,2023-07-22,2349,N,VIIRS,n,2,305.69,34.4,N,0
36.09936,27.9462,367,0.42,0.38,2023-07-22,2349,N,VIIRS,h,2,326.77,34.4,N,0
36.09999,27.94146,336.71,0.42,0.38,2023-07-22,2349,N,VIIRS,n,2,303.45,47.13,N,0
36.24471,27.96591,332.07,0.43,0.38,2023-07-22,2349,N,VIIRS,n,2,303.36,15.74,N,0
36.24408,27.97067,351.12,0.42,0.38,2023-07-22,2349,N,VIIRS,n,2,307.83,29.37,N,0
36.24124,27.96518,334.91,0.43,0.38,2023-07-22,2349,N,VIIRS,n,2,309.35,15.74,N,0
36.24062,27.96994,351.25,0.42,0.38,2023-07-22,2349,N,VIIRS,n,2,305.84,29.37,N,0
36.24,27.9747,344.03,0.42,0.38,2023-07-22,2349,N,VIIRS,n,2,314.48,29.37,N,0
36.23653,27.97396,314.98,0.42,0.38,2023-07-22,2349,N,VIIRS,n,2,301.51,2.16,N,0
36.23183,27.98267,312.68,0.42,0.38,2023-07-22,2349,N,VIIRS,n,2,300.51,1.49,N,0
36.23029,27.98511,341.07,0.42,0.38,2023-07-22,2349,N,VIIRS,n,2,303.63,4.93,N,0
36.22873,27.9702,321.23,0.42,0.38,2023-07-22,2349,N,VIIRS,n,2,303.74,7.33,N,0
36.22683,27.98436,345.55,0.42,0.38,2023-07-22,2349,N,VIIRS,n,2,309.2,11.94,N,0
36.22527,27.9695,348.46,0.42,0.38,2023-07-22,2349,N,VIIRS,n,2,313.98,7.33,N,0
36.22337,27.98361,327.52,0.42,0.38,2023-07-22,2349,N,VIIRS,n,2,300.76,11.94,N,0
36.22274,27.98835,338.43,0.42,0.38,2023-07-22,2349,N,VIIRS,n,2,305.3,8.27,N,0
36.2218,27.96881,352.7,0.42,0.38,2023-07-22,2349,N,VIIRS,n,2,310.9,8.27,N,0
36.22117,27.9735,329.75,0.42,0.38,2023-07-22,2349,N,VIIRS,n,2,306.89,8.27,N,0
36.21927,27.98765,337.39,0.42,0.38,2023-07-22,2349,N,VIIRS,n,2,302.95,4.16,N,0
36.22054,27.97816,316.16,0.42,0.38,2023-07-22,2349,N,VIIRS,n,2,302.75,2.15,N,0
36.21992,27.98286,311.85,0.42,0.38,2023-07-22,2349,N,VIIRS,n,2,301.22,2.15,N,0
36.21833,27.96809,334.7,0.42,0.38,2023-07-22,2349,N,VIIRS,n,2,306.34,8.27,N,0
36.2177,27.97276,355.5,0.42,0.38,2023-07-22,2349,N,VIIRS,n,2,314.56,8.27,N,0
36.21645,27.98217,333.13,0.42,0.38,2023-07-22,2349,N,VIIRS,n,2,304.17,2.15,N,0
36.21581,27.98694,333.48,0.42,0.38,2023-07-22,2349,N,VIIRS,n,2,303.45,4.16,N,0
36.21708,27.97743,318.52,0.42,0.38,2023-07-22,2349,N,VIIRS,n,2,303.05,2.15,N,0
36.21425,27.97198,355.48,0.42,0.38,2023-07-22,2349,N,VIIRS,n,2,319.65,16.24,N,0
36.21362,27.97668,335.41,0.42,0.38,2023-07-22,2349,N,VIIRS,n,2,315,17.19,N,0
36.21235,27.98622,320.51,0.42,0.38,2023-07-22,2349,N,VIIRS,n,2,302.09,2.56,N,0
36.21487,27.96733,316.45,0.42,0.38,2023-07-22,2349,N,VIIRS,n,2,302.58,16.24,N,0
36.21299,27.98144,315.38,0.42,0.38,2023-07-22,2349,N,VIIRS,n,2,302.55,17.19,N,0
36.21079,27.97123,350.89,0.42,0.38,2023-07-22,2349,N,VIIRS,n,2,307.1,16.24,N,0
36.21016,27.97595,346.7,0.42,0.38,2023-07-22,2349,N,VIIRS,n,2,312.35,17.19,N,0
36.20952,27.9807,320.43,0.42,0.38,2023-07-22,2349,N,VIIRS,n,2,303.71,17.19,N,0
36.20824,27.99028,344.41,0.42,0.38,2023-07-22,2349,N,VIIRS,n,2,304.53,2.56,N,0
36.20889,27.98546,313.24,0.42,0.38,2023-07-22,2349,N,VIIRS,n,2,301.84,2.56,N,0
36.20669,27.97523,339.45,0.42,0.38,2023-07-22,2349,N,VIIRS,n,2,310.64,10.36,N,0
36.20607,27.97996,335.88,0.42,0.38,2023-07-22,2349,N,VIIRS,n,2,306.76,10.36,N,0
36.20479,27.9895,313.59,0.42,0.38,2023-07-22,2349,N,VIIRS,n,2,301.86,2.18,N,0
36.20323,27.97451,332.74,0.42,0.38,2023-07-22,2349,N,VIIRS,n,2,304.48,10.36,N,0
36.2026,27.97923,340.05,0.42,0.38,2023-07-22,2349,N,VIIRS,n,2,308.88,10.36,N,0
36.20197,27.98398,330.53,0.42,0.38,2023-07-22,2349,N,VIIRS,n,2,305.48,2.18,N,0
36.20069,27.99359,336.72,0.42,0.38,2023-07-22,2349,N,VIIRS,n,2,303.66,4.1,N,0
36.2082,27.93717,318.89,0.43,0.38,2023-07-22,2349,N,VIIRS,n,2,300.64,1.34,N,0
36.20758,27.94184,317.24,0.43,0.38,2023-07-22,2349,N,VIIRS,n,2,301.47,1.34,N,0
36.20696,27.94646,314.07,0.43,0.38,2023-07-22,2349,N,VIIRS,n,2,300.36,0.71,N,0
36.20133,27.98876,318.12,0.42,0.38,2023-07-22,2349,N,VIIRS,n,2,303.46,2.18,N,0
36.19914,27.97851,345.98,0.42,0.38,2023-07-22,2349,N,VIIRS,n,2,306.41,11.3,N,0
36.19851,27.98326,347.94,0.42,0.38,2023-07-22,2349,N,VIIRS,n,2,317.17,15.07,N,0
36.19786,27.9881,331.57,0.42,0.38,2023-07-22,2349,N,VIIRS,n,2,305.33,15.07,N,0
36.19721,27.99293,347.1,0.42,0.38,2023-07-22,2349,N,VIIRS,n,2,312.46,18.38,N,0
36.19754,27.96372,331.83,0.42,0.38,2023-07-22,2349,N,VIIRS,n,2,303.07,2.67,N,0
36.19692,27.9684,321.68,0.42,0.38,2023-07-22,2349,N,VIIRS,n,2,303.35,2.67,N,0
36.19567,27.9778,333.73,0.42,0.38,2023-07-22,2349,N,VIIRS,n,2,305.95,11.3,N,0
36.19504,27.98257,353.29,0.42,0.38,2023-07-22,2349,N,VIIRS,n,2,317.82,15.07,N,0
36.19439,27.98738,336.34,0.42,0.38,2023-07-22,2349,N,VIIRS,n,2,308.17,15.07,N,0
36.19375,27.99221,348.93,0.42,0.38,2023-07-22,2349,N,VIIRS,n,2,309.19,18.38,N,0
36.19345,27.96768,328.22,0.42,0.38,2023-07-22,2349,N,VIIRS,n,2,304.03,3.22,N,0
36.10218,27.95176,314.99,0.42,0.38,2023-07-22,2349,N,VIIRS,n,2,303.53,34.4,N,0
36.19283,27.97238,320.8,0.42,0.38,2023-07-22,2349,N,VIIRS,n,2,302.43,7.11,N,0
36.19221,27.97709,322.27,0.42,0.38,2023-07-22,2349,N,VIIRS,n,2,302.78,7.11,N,0
36.04211,27.9484,318.68,0.42,0.38,2023-07-22,2349,N,VIIRS,n,2,301.3,16.14,N,0
36.22139,22.92576,336.1,0.48,0.48,2023-07-22,2349,N,VIIRS,n,2,300.98,4.91,N,0
36.21699,22.92462,330.78,0.48,0.48,2023-07-22,2349,N,VIIRS,n,2,299.87,4.91,N,0
36.17227,27.9394,323.5,0.43,0.38,2023-07-22,2349,N,VIIRS,n,2,301.68,0.95,N,0
36.1688,27.93875,344.63,0.43,0.38,2023-07-22,2349,N,VIIRS,n,2,307,12.01,N,0
36.17488,27.97351,315.75,0.42,0.38,2023-07-22,2349,N,VIIRS,n,2,300.85,0.86,N,0
36.19157,27.98186,367,0.42,0.38,2023-07-22,2349,N,VIIRS,h,2,355.94,108.72,N,0
36.19093,27.98667,367,0.42,0.38,2023-07-22,2349,N,VIIRS,h,2,341,108.72,N,0
36.19029,27.99149,344.56,0.42,0.38,2023-07-22,2349,N,VIIRS,n,2,312.12,17.19,N,0
36.18811,27.98113,348.14,0.42,0.38,2023-07-22,2349,N,VIIRS,n,2,322.12,108.72,N,0
36.18747,27.98594,367,0.42,0.38,2023-07-22,2349,N,VIIRS,h,2,341.95,108.72,N,0
36.18683,27.99075,345.37,0.42,0.38,2023-07-22,2349,N,VIIRS,n,2,309.76,17.19,N,0
36.18937,27.97166,311.07,0.42,0.38,2023-07-22,2349,N,VIIRS,n,2,300.96,7.11,N,0
36.18874,27.97638,312.81,0.42,0.38,2023-07-22,2349,N,VIIRS,n,2,302.08,7.11,N,0
36.18401,27.98519,320.51,0.42,0.38,2023-07-22,2349,N,VIIRS,n,2,304.82,1.94,N,0
36.18465,27.98037,313.73,0.42,0.38,2023-07-22,2349,N,VIIRS,n,2,303.24,1.94,N,0
36.17897,27.96951,313.79,0.42,0.38,2023-07-22,2349,N,VIIRS,n,2,301.06,0.86,N,0
36.17835,27.97421,312.89,0.42,0.38,2023-07-22,2349,N,VIIRS,n,2,300.75,0.86,N,0
36.10282,27.947,367,0.42,0.38,2023-07-22,2349,N,VIIRS,h,2,335.64,34.4,N,0
36.10345,27.94224,337.79,0.42,0.38,2023-07-22,2349,N,VIIRS,n,2,309.36,47.13,N,0
36.10627,27.9478,345.79,0.42,0.38,2023-07-22,2349,N,VIIRS,n,2,311.59,23.08,N,0
36.1069,27.94303,335.22,0.42,0.38,2023-07-22,2349,N,VIIRS,n,2,305.92,19.95,N,0
36.10973,27.94858,341.37,0.42,0.38,2023-07-22,2349,N,VIIRS,n,2,316.45,23.08,N,0
36.11036,27.94381,342.56,0.42,0.38,2023-07-22,2349,N,VIIRS,n,2,305.28,19.95,N,0
36.11255,27.95407,313.35,0.42,0.38,2023-07-22,2349,N,VIIRS,n,2,301.85,26.78,N,0
36.11446,27.93977,316.35,0.42,0.38,2023-07-22,2349,N,VIIRS,n,2,301.91,104.04,N,0
36.11318,27.94934,339.73,0.42,0.38,2023-07-22,2349,N,VIIRS,n,2,322.97,26.78,N,0
36.11382,27.94458,367,0.42,0.38,2023-07-22,2349,N,VIIRS,h,2,338.48,104.04,N,0
36.11792,27.94053,317.11,0.42,0.38,2023-07-22,2349,N,VIIRS,n,2,301.86,104.04,N,0
36.11664,27.95008,341.27,0.42,0.38,2023-07-22,2349,N,VIIRS,n,2,308.23,26.78,N,0
36.11728,27.94533,367,0.42,0.38,2023-07-22,2349,N,VIIRS,h,2,352.1,104.04,N,0
36.1201,27.95082,329.75,0.42,0.38,2023-07-22,2349,N,VIIRS,n,2,304.63,3,N,0
36.12074,27.94604,343.6,0.42,0.38,2023-07-22,2349,N,VIIRS,n,2,332.21,35.9,N,0
36.12138,27.94128,323.08,0.42,0.38,2023-07-22,2349,N,VIIRS,n,2,301.65,35.9,N,0
36.12357,27.95147,317.19,0.42,0.38,2023-07-22,2349,N,VIIRS,n,2,302.47,3,N,0
36.12421,27.94669,345.56,0.42,0.38,2023-07-22,2349,N,VIIRS,n,2,320.72,35.9,N,0
36.12486,27.94195,320.43,0.42,0.38,2023-07-22,2349,N,VIIRS,n,2,301.77,35.9,N,0
36.12705,27.95209,314.79,0.42,0.38,2023-07-22,2349,N,VIIRS,n,2,303.3,1.97,N,0
36.12769,27.94732,336.67,0.42,0.38,2023-07-22,2349,N,VIIRS,n,2,309.67,23.46,N,0
36.12833,27.94259,332.68,0.42,0.38,2023-07-22,2349,N,VIIRS,n,2,301.96,23.46,N,0
36.13117,27.94796,367,0.42,0.38,2023-07-22,2349,N,VIIRS,h,2,327.33,23.46,N,0
36.1318,27.94324,333.36,0.42,0.38,2023-07-22,2349,N,VIIRS,n,2,304.16,23.46,N,0
36.12814,27.95008,321.29,0.42,0.38,2023-07-22,2349,N,VIIRS,n,2,305.12,2.78,N,0
36.12877,27.94531,346.22,0.42,0.38,2023-07-22,2349,N,VIIRS,n,2,315.08,46.85,N,0
36.13162,27.9507,319.37,0.42,0.38,2023-07-22,2349,N,VIIRS,n,2,304.24,2.78,N,0
36.13224,27.94596,343.58,0.42,0.38,2023-07-22,2349,N,VIIRS,n,2,325.98,46.85,N,0
36.13571,27.9466,346.59,0.42,0.38,2023-07-22,2349,N,VIIRS,n,2,306.4,3.92,N,0
36.13918,27.9473,317.61,0.42,0.38,2023-07-22,2349,N,VIIRS,n,2,303.79,3.92,N,0
36.13425,27.98489,322.13,0.42,0.38,2023-07-22,2349,N,VIIRS,n,2,302.44,1.55,N,0
36.07103,27.94513,341.51,0.42,0.38,2023-07-22,2349,N,VIIRS,n,2,316.86,21.12,N,0
36.13979,27.94261,335.91,0.42,0.38,2023-07-22,2349,N,VIIRS,n,2,304.73,3.92,N,0
36.14326,27.94335,347.41,0.42,0.38,2023-07-22,2349,N,VIIRS,n,2,307.02,7.18,N,0
36.14735,27.93934,312.33,0.43,0.38,2023-07-22,2349,N,VIIRS,n,2,302.07,4.65,N,0
36.14672,27.9441,339.05,0.42,0.38,2023-07-22,2349,N,VIIRS,n,2,308.54,7.18,N,0
36.15019,27.94484,316.44,0.42,0.38,2023-07-22,2349,N,VIIRS,n,2,304.1,1.17,N,0
36.15142,27.93545,313.42,0.43,0.38,2023-07-22,2349,N,VIIRS,n,2,301.38,2.57,N,0
36.15427,27.94086,316.25,0.43,0.38,2023-07-22,2349,N,VIIRS,n,2,301.81,2.57,N,0
36.15488,27.93619,347.04,0.43,0.38,2023-07-22,2349,N,VIIRS,n,2,303.97,2.57,N,0
36.15836,27.93684,331.84,0.43,0.38,2023-07-22,2349,N,VIIRS,n,2,303.14,4.28,N,0
36.15897,27.93224,347.15,0.43,0.38,2023-07-22,2349,N,VIIRS,n,2,307.87,13.29,N,0
36.16184,27.93749,335.5,0.43,0.38,2023-07-22,2349,N,VIIRS,n,2,303.89,4.28,N,0
36.16245,27.93289,332.65,0.43,0.38,2023-07-22,2349,N,VIIRS,n,2,304.92,13.29,N,0
36.16531,27.93814,347.27,0.43,0.38,2023-07-22,2349,N,VIIRS,n,2,305.15,12.01,N,0
40.66386,22.86133,308.39,0.55,0.68,2023-07-23,0128,N,VIIRS,n,2,293.29,1.35,N,0
40.66109,22.86101,305.6,0.55,0.68,2023-07-23,0128,N,VIIRS,n,2,293.55,0.9,N,0
36.20423,27.97236,351.94,0.38,0.36,2023-07-23,1109,N,VIIRS,n,2,320.17,21.53,D,0
36.80935,21.94063,334.41,0.55,0.43,2023-07-23,1109,N,VIIRS,l,2,307.86,16.82,D,3
36.22722,27.98904,353.52,0.38,0.36,2023-07-23,1109,N,VIIRS,n,2,317.99,36.07,D,0
36.22392,27.9898,367,0.38,0.36,2023-07-23,1109,N,VIIRS,l,2,332.79,55.15,D,0
36.22007,27.96431,350.55,0.38,0.36,2023-07-23,1109,N,VIIRS,n,2,320.49,11.14,D,0
36.21677,27.96507,350.15,0.38,0.36,2023-07-23,1109,N,VIIRS,n,2,320.02,11.14,D,0
36.21347,27.96583,367,0.38,0.36,2023-07-23,1109,N,VIIRS,l,2,326.15,21.54,D,0
36.20753,27.9716,353.84,0.38,0.36,2023-07-23,1109,N,VIIRS,l,2,323.99,21.53,D,0
36.20094,27.97312,367,0.38,0.36,2023-07-23,1109,N,VIIRS,l,2,329.69,39.41,D,0
36.20085,27.99511,349.51,0.38,0.36,2023-07-23,1109,N,VIIRS,l,2,320.92,31.55,D,0
36.19756,27.99586,367,0.38,0.36,2023-07-23,1109,N,VIIRS,l,2,326.4,21.36,D,0
36.1982,28.00011,367,0.38,0.36,2023-07-23,1109,N,VIIRS,l,2,331.71,46.42,D,0
36.1949,28.00087,367,0.38,0.36,2023-07-23,1109,N,VIIRS,l,2,327.43,46.42,D,0
36.19426,27.99662,351.02,0.38,0.36,2023-07-23,1109,N,VIIRS,n,2,322.06,21.36,D,0
36.19097,27.99738,355.95,0.38,0.36,2023-07-23,1109,N,VIIRS,n,2,320.48,22.65,D,0
36.1851,27.98116,357.06,0.38,0.36,2023-07-23,1109,N,VIIRS,n,2,324.29,38.43,D,0
36.17207,27.94024,354.97,0.38,0.36,2023-07-23,1109,N,VIIRS,n,2,325.4,38.8,D,0
36.17915,27.98693,351.96,0.38,0.36,2023-07-23,1109,N,VIIRS,n,2,317.13,57.1,D,0
36.17979,27.99117,367,0.38,0.36,2023-07-23,1109,N,VIIRS,h,2,334.73,57.1,D,0
36.17649,27.99194,346.97,0.38,0.36,2023-07-23,1109,N,VIIRS,n,2,311.65,12.18,D,0
36.16813,27.93675,367,0.38,0.36,2023-07-23,1109,N,VIIRS,h,2,320.85,11.88,D,0
36.16484,27.93751,367,0.38,0.36,2023-07-23,1109,N,VIIRS,l,2,326.76,11.88,D,0
36.16355,27.92902,346.91,0.38,0.36,2023-07-23,1109,N,VIIRS,l,2,317.72,6.77,D,0
36.16419,27.93326,355.06,0.38,0.36,2023-07-23,1109,N,VIIRS,n,2,319.98,6.77,D,0
36.16026,27.92978,353.98,0.38,0.36,2023-07-23,1109,N,VIIRS,n,2,322.94,31.33,D,0
36.15631,27.92629,319.63,0.38,0.36,2023-07-23,1109,N,VIIRS,l,2,321.87,29.91,D,0
36.15696,27.93054,355.06,0.38,0.36,2023-07-23,1109,N,VIIRS,l,2,333.26,31.33,D,0
36.15388,27.93044,354.88,0.38,0.36,2023-07-23,1109,N,VIIRS,n,2,318.13,70.61,D,0
36.15059,27.9312,367,0.38,0.36,2023-07-23,1109,N,VIIRS,h,2,350.16,70.61,D,0
36.14732,27.93196,367,0.38,0.36,2023-07-23,1109,N,VIIRS,l,2,343.47,57.88,D,0
36.14797,27.93621,349.13,0.38,0.36,2023-07-23,1109,N,VIIRS,n,2,319.89,57.88,D,0
36.14338,27.92848,367,0.38,0.36,2023-07-23,1109,N,VIIRS,l,2,329.35,86.89,D,0
36.14467,27.93697,354.7,0.38,0.36,2023-07-23,1109,N,VIIRS,n,2,327.95,57.88,D,0
36.14532,27.94121,350.77,0.38,0.36,2023-07-23,1109,N,VIIRS,l,2,321.83,13.37,D,0
36.14402,27.93273,367,0.38,0.36,2023-07-23,1109,N,VIIRS,h,2,349.49,57.88,D,0
36.14008,27.92924,367,0.38,0.36,2023-07-23,1109,N,VIIRS,l,2,326.57,74.61,D,0
36.14138,27.93773,367,0.38,0.36,2023-07-23,1109,N,VIIRS,l,2,339.61,108.34,D,0
36.14202,27.94197,348.58,0.38,0.36,2023-07-23,1109,N,VIIRS,n,2,322.08,15.35,D,0
36.14073,27.93349,367,0.38,0.36,2023-07-23,1109,N,VIIRS,h,2,359.63,108.34,D,0
36.13872,27.94274,352.29,0.38,0.36,2023-07-23,1109,N,VIIRS,n,2,322.16,15.35,D,0
36.13744,27.93425,367,0.38,0.36,2023-07-23,1109,N,VIIRS,h,2,354.3,108.34,D,0
36.13808,27.93849,367,0.38,0.36,2023-07-23,1109,N,VIIRS,h,2,349.11,108.34,D,0
36.13478,27.93925,367,0.38,0.36,2023-07-23,1109,N,VIIRS,l,2,339.27,98.5,D,0
36.13543,27.9435,352.2,0.38,0.36,2023-07-23,1109,N,VIIRS,n,2,323.61,12.64,D,0
36.13414,27.93501,367,0.38,0.36,2023-07-23,1109,N,VIIRS,h,2,348.76,98.5,D,0
36.13148,27.94001,354.66,0.38,0.36,2023-07-23,1109,N,VIIRS,l,2,333.49,98.5,D,0
36.13213,27.94426,348.67,0.38,0.36,2023-07-23,1109,N,VIIRS,l,2,321.71,12.64,D,0
36.13084,27.93577,367,0.38,0.36,2023-07-23,1109,N,VIIRS,h,2,359.6,98.5,D,0
36.12819,27.94077,355.32,0.38,0.36,2023-07-23,1109,N,VIIRS,n,2,318.84,34.15,D,0
36.13462,27.9832,350.34,0.38,0.36,2023-07-23,1109,N,VIIRS,n,2,321.77,9.79,D,0
36.12755,27.93653,367,0.38,0.36,2023-07-23,1109,N,VIIRS,h,2,336.56,34.15,D,0
36.12425,27.93729,367,0.38,0.36,2023-07-23,1109,N,VIIRS,l,2,328.25,34.15,D,0
36.12489,27.94153,350.58,0.38,0.36,2023-07-23,1109,N,VIIRS,n,2,316.04,34.15,D,0
36.1216,27.94229,352.75,0.38,0.36,2023-07-23,1109,N,VIIRS,n,2,316.13,53.61,D,0
36.12095,27.93805,367,0.38,0.36,2023-07-23,1109,N,VIIRS,h,2,339.11,53.61,D,0
36.11766,27.93881,367,0.38,0.36,2023-07-23,1109,N,VIIRS,l,2,331.65,53.61,D,0
36.11372,27.93533,322.78,0.38,0.36,2023-07-23,1109,N,VIIRS,l,2,324.78,47.62,D,0
36.11436,27.93957,354.53,0.38,0.36,2023-07-23,1109,N,VIIRS,l,2,329.07,31.94,D,0
36.11106,27.94033,347.43,0.38,0.36,2023-07-23,1109,N,VIIRS,n,2,317.25,31.94,D,0
36.10383,27.93761,349.73,0.38,0.36,2023-07-23,1109,N,VIIRS,n,2,315.04,17.81,D,0
36.10054,27.93837,350.3,0.38,0.36,2023-07-23,1109,N,VIIRS,n,2,314.6,22.13,D,0
36.09724,27.93913,346.52,0.38,0.36,2023-07-23,1109,N,VIIRS,n,2,314.98,22.13,D,0
36.0933,27.93565,345.35,0.38,0.36,2023-07-23,1109,N,VIIRS,l,2,319.19,15.93,D,0
36.09394,27.93989,349.8,0.38,0.36,2023-07-23,1109,N,VIIRS,n,2,316.98,15.93,D,0
36.09,27.93641,349.37,0.38,0.36,2023-07-23,1109,N,VIIRS,n,2,317.77,15.93,D,0
36.08671,27.93717,350.9,0.38,0.36,2023-07-23,1109,N,VIIRS,l,2,323.41,27.24,D,0
36.08341,27.93793,351.62,0.38,0.36,2023-07-23,1109,N,VIIRS,n,2,317.08,27.24,D,0
36.08012,27.93869,346.22,0.38,0.36,2023-07-23,1109,N,VIIRS,n,2,317.07,11.94,D,0
36.07947,27.93445,367,0.38,0.36,2023-07-23,1109,N,VIIRS,h,2,348.18,205.05,D,0
36.05905,27.93477,346.37,0.38,0.36,2023-07-23,1109,N,VIIRS,l,2,318.62,13.87,D,0
38.40541,23.2124,367,0.46,0.39,2023-07-23,1110,N,VIIRS,h,2,357.7,139.68,D,0
38.40734,23.22258,345.46,0.46,0.39,2023-07-23,1110,N,VIIRS,n,2,320.17,29.68,D,0
38.40991,23.21636,356.28,0.46,0.39,2023-07-23,1110,N,VIIRS,n,2,321,139.68,D,0
38.40121,23.21622,367,0.46,0.39,2023-07-23,1110,N,VIIRS,l,2,366.59,243.33,D,0
38.40216,23.22132,367,0.46,0.39,2023-07-23,1110,N,VIIRS,l,2,325.95,123.2,D,0
38.40025,23.21104,346.18,0.46,0.39,2023-07-23,1110,N,VIIRS,n,2,312.76,243.33,D,0
38.39768,23.21737,342.03,0.46,0.39,2023-07-23,1110,N,VIIRS,n,2,309.28,5.15,D,0
38.04233,24.55435,367,0.42,0.38,2023-07-23,1110,N,VIIRS,l,2,335.53,28.54,D,0
38.04313,24.55881,347.14,0.42,0.38,2023-07-23,1110,N,VIIRS,n,2,313.49,28.54,D,0
38.03889,24.55516,341.72,0.42,0.38,2023-07-23,1110,N,VIIRS,n,2,311.27,28.54,D,0
38.03118,24.55212,367,0.42,0.38,2023-07-23,1110,N,VIIRS,l,2,327.84,63.23,D,0
38.02855,24.55748,367,0.42,0.38,2023-07-23,1110,N,VIIRS,l,2,326.03,76.68,D,0
38.02773,24.55283,367,0.42,0.38,2023-07-23,1110,N,VIIRS,h,2,336.91,141.2,D,0
38.02425,24.55349,367,0.42,0.38,2023-07-23,1110,N,VIIRS,h,2,355.96,141.2,D,0
38.0251,24.55825,367,0.42,0.38,2023-07-23,1110,N,VIIRS,h,2,338.92,76.68,D,0
38.01491,24.52111,344.03,0.42,0.38,2023-07-23,1110,N,VIIRS,l,2,318.29,12.18,D,0
38.02079,24.55421,352.38,0.42,0.38,2023-07-23,1110,N,VIIRS,n,2,317.18,30.51,D,0
38.40475,23.21511,367,0.46,0.39,2023-07-23,1110,N,VIIRS,l,2,373.2,243.33,D,0
38.4083,23.214,367,0.46,0.39,2023-07-23,1110,N,VIIRS,h,2,337.07,137.2,D,0
38.40924,23.21908,353.4,0.46,0.39,2023-07-23,1110,N,VIIRS,n,2,326.04,35.25,D,0
38.40637,23.21749,367,0.46,0.39,2023-07-23,1110,N,VIIRS,h,2,365.45,139.68,D,0
38.4057,23.22017,367,0.46,0.39,2023-07-23,1110,N,VIIRS,h,2,347.48,123.2,D,0
38.00249,24.54804,337.12,0.37,0.58,2023-07-23,2329,N,VIIRS,n,2,299.78,34.6,N,0
38.00273,24.54407,367,0.37,0.58,2023-07-23,2329,N,VIIRS,h,2,315.46,34.6,N,0
38.00299,24.53974,367,0.37,0.58,2023-07-23,2329,N,VIIRS,h,2,297.75,15.44,N,0
38.00748,24.55582,312.55,0.37,0.58,2023-07-23,2329,N,VIIRS,n,2,296.98,20.02,N,0
39.74116,19.90263,322.1,0.67,0.74,2023-07-23,2329,N,VIIRS,n,2,294.78,7.28,N,0
38.00771,24.55189,347.52,0.37,0.58,2023-07-23,2329,N,VIIRS,n,2,305.99,20.02,N,0
38.00794,24.5481,367,0.37,0.58,2023-07-23,2329,N,VIIRS,h,2,300.35,34.6,N,0
38.00817,24.54412,327.88,0.37,0.58,2023-07-23,2329,N,VIIRS,n,2,297.04,34.6,N,0
38.00844,24.53958,353.89,0.37,0.58,2023-07-23,2329,N,VIIRS,n,2,298.3,15.44,N,0
39.74289,19.89123,333.62,0.67,0.74,2023-07-23,2329,N,VIIRS,n,2,295.89,7.03,N,0
39.74306,19.8787,328.54,0.68,0.74,2023-07-23,2329,N,VIIRS,n,2,294.45,22.61,N,0
39.74968,19.90128,306.1,0.67,0.74,2023-07-23,2329,N,VIIRS,n,2,293.99,7.03,N,0
38.01291,24.55595,316.73,0.37,0.58,2023-07-23,2329,N,VIIRS,n,2,297.21,17.01,N,0
38.01316,24.55173,352.9,0.37,0.58,2023-07-23,2329,N,VIIRS,n,2,307.72,17.01,N,0
38.0134,24.54771,337.72,0.37,0.58,2023-07-23,2329,N,VIIRS,n,2,296.42,25.16,N,0
38.0296,24.54996,320.99,0.37,0.58,2023-07-23,2329,N,VIIRS,n,2,296.27,4.04,N,0
38.02983,24.54621,327.62,0.37,0.58,2023-07-23,2329,N,VIIRS,n,2,296.84,4.75,N,0
39.74135,19.88094,313.55,0.68,0.74,2023-07-23,2329,N,VIIRS,n,2,295.01,8.09,N,0
39.7566,19.90209,355.56,0.67,0.74,2023-07-23,2329,N,VIIRS,n,2,295.43,14.43,N,0
39.75693,19.87941,305.51,0.68,0.74,2023-07-23,2329,N,VIIRS,n,2,292.53,7.89,N,0
39.75652,19.90794,314.2,0.67,0.74,2023-07-23,2329,N,VIIRS,n,2,293.85,5.15,N,0
39.73438,19.88429,314.22,0.68,0.74,2023-07-23,2329,N,VIIRS,n,2,294.58,8.09,N,0
39.73432,19.89047,306.15,0.67,0.74,2023-07-23,2329,N,VIIRS,n,2,294.11,7.28,N,0
39.76376,19.88662,333.14,0.68,0.74,2023-07-23,2329,N,VIIRS,n,2,293.86,7.89,N,0
39.76363,19.89545,367,0.67,0.74,2023-07-23,2329,N,VIIRS,h,2,296.69,14.43,N,0
39.76354,19.90136,337.35,0.67,0.74,2023-07-23,2329,N,VIIRS,n,2,295.66,14.43,N,0
39.7639,19.87721,306.59,0.68,0.74,2023-07-23,2329,N,VIIRS,n,2,293.36,7.89,N,0
39.76346,19.90717,313.37,0.67,0.74,2023-07-23,2329,N,VIIRS,n,2,293.79,5.15,N,0
38.0152,24.55029,367,0.37,0.58,2023-07-23,2329,N,VIIRS,h,2,302.09,24.79,N,0
38.02671,24.53897,308.82,0.37,0.58,2023-07-23,2329,N,VIIRS,n,2,296.1,3.19,N,0
38.03162,24.54884,341.65,0.37,0.58,2023-07-23,2329,N,VIIRS,n,2,297.42,5.75,N,0
38.03182,24.54524,351.83,0.37,0.58,2023-07-23,2329,N,VIIRS,n,2,298.69,8.84,N,0
38.03202,24.54173,351.52,0.37,0.58,2023-07-23,2329,N,VIIRS,n,2,298.02,8.84,N,0
38.04198,24.55843,313.91,0.37,0.58,2023-07-23,2329,N,VIIRS,n,2,296.64,5.94,N,0
38.04296,24.54084,309.02,0.37,0.58,2023-07-23,2329,N,VIIRS,n,2,294.4,1.6,N,0
38.04217,24.55518,367,0.37,0.58,2023-07-23,2329,N,VIIRS,h,2,299.59,12,N,0
38.15493,22.18219,319.36,0.5,0.66,2023-07-23,2329,N,VIIRS,n,2,298.85,4.67,N,0
38.15979,22.21932,313.75,0.5,0.66,2023-07-23,2329,N,VIIRS,n,2,298.61,3.17,N,0
38.16612,22.2142,311.27,0.5,0.66,2023-07-23,2329,N,VIIRS,n,2,299.23,3.17,N,0
38.16691,22.19203,309.95,0.5,0.66,2023-07-23,2329,N,VIIRS,n,2,299.24,4.89,N,0
38.16585,22.22168,320.56,0.5,0.66,2023-07-23,2329,N,VIIRS,n,2,300.89,5.91,N,0
38.16599,22.21789,323.18,0.5,0.66,2023-07-23,2329,N,VIIRS,n,2,300.85,3.17,N,0
38.17238,22.21122,318.24,0.5,0.66,2023-07-23,2329,N,VIIRS,n,2,301.25,7.8,N,0
38.17255,22.2066,313.11,0.5,0.66,2023-07-23,2329,N,VIIRS,n,2,299.84,5.89,N,0
38.17317,22.18907,314.5,0.5,0.66,2023-07-23,2329,N,VIIRS,n,2,298.68,5.13,N,0
38.17208,22.21928,347.73,0.5,0.66,2023-07-23,2329,N,VIIRS,n,2,300.96,7.29,N,0
38.17223,22.21528,340.4,0.5,0.66,2023-07-23,2329,N,VIIRS,n,2,303.01,7.8,N,0
38.17336,22.18393,329.23,0.5,0.66,2023-07-23,2329,N,VIIRS,n,2,300.82,5.13,N,0
38.17834,22.21631,318.57,0.5,0.66,2023-07-23,2329,N,VIIRS,n,2,298.79,7.29,N,0
38.17913,22.1944,317.78,0.5,0.66,2023-07-23,2329,N,VIIRS,n,2,299.88,5.89,N,0
38.17852,22.21139,347.22,0.5,0.66,2023-07-23,2329,N,VIIRS,n,2,303.33,7.8,N,0
39.73589,19.89682,316.22,0.67,0.74,2023-07-23,2329,N,VIIRS,n,2,294.29,7.78,N,0
39.736,19.8881,341.82,0.67,0.74,2023-07-23,2329,N,VIIRS,n,2,294.75,7.78,N,0
39.73608,19.88254,321.9,0.68,0.74,2023-07-23,2329,N,VIIRS,n,2,294.97,11.76,N,0
39.74299,19.88416,319.39,0.68,0.74,2023-07-23,2329,N,VIIRS,n,2,294.96,22.61,N,0
39.74313,19.87385,305.49,0.68,0.74,2023-07-23,2329,N,VIIRS,n,2,293.64,19.69,N,0
39.74278,19.89951,337.62,0.67,0.74,2023-07-23,2329,N,VIIRS,n,2,295.71,7.03,N,0
38.41712,23.18123,328.42,0.44,0.63,2023-07-23,2329,N,VIIRS,n,2,298.18,6.46,N,0
38.41688,23.18714,327.74,0.44,0.63,2023-07-23,2329,N,VIIRS,n,2,298.55,4.53,N,0
38.41666,23.19246,342.77,0.44,0.63,2023-07-23,2329,N,VIIRS,n,2,299.83,4.53,N,0
38.41083,23.19158,313.43,0.44,0.63,2023-07-23,2329,N,VIIRS,n,2,296.18,4.53,N,0
38.41043,23.20119,308.91,0.44,0.62,2023-07-23,2329,N,VIIRS,n,2,297.2,4.15,N,0
38.41861,23.18162,325.15,0.44,0.63,2023-07-23,2329,N,VIIRS,n,2,297.95,3.95,N,0
38.41808,23.19293,320.8,0.44,0.62,2023-07-23,2329,N,VIIRS,n,2,298.31,5.16,N,0
38.41833,23.18759,308.03,0.44,0.63,2023-07-23,2329,N,VIIRS,n,2,297.67,3.95,N,0
38.37334,24.06087,308.45,0.4,0.6,2023-07-23,2329,N,VIIRS,n,2,297.23,2.36,N,2
38.41225,23.19209,344.7,0.44,0.62,2023-07-23,2329,N,VIIRS,n,2,297.39,5.16,N,0
38.41249,23.18694,317.3,0.44,0.63,2023-07-23,2329,N,VIIRS,n,2,295.84,3.95,N,0
38.4118,23.20153,308.26,0.44,0.62,2023-07-23,2329,N,VIIRS,n,2,297.05,2.82,N,0
38.17889,22.20116,342.22,0.5,0.66,2023-07-23,2329,N,VIIRS,n,2,301.62,5.89,N,0
38.17868,22.20689,345.27,0.5,0.66,2023-07-23,2329,N,VIIRS,n,2,302.79,7.8,N,0
39.7623,19.86627,327.55,0.68,0.74,2023-07-23,2329,N,VIIRS,n,2,293.34,5.32,N,0
39.76224,19.8729,321.48,0.68,0.74,2023-07-23,2329,N,VIIRS,n,2,292.88,5.32,N,0
39.76206,19.89138,344.18,0.68,0.74,2023-07-23,2329,N,VIIRS,n,2,294.67,14.7,N,0
39.762,19.89859,367,0.67,0.74,2023-07-23,2329,N,VIIRS,h,2,299.75,20.47,N,0
39.76194,19.90439,349.91,0.67,0.74,2023-07-23,2329,N,VIIRS,n,2,296.39,20.47,N,0
39.76215,19.8822,314.25,0.68,0.74,2023-07-23,2329,N,VIIRS,n,2,293.24,14.7,N,0
39.75527,19.87548,327.37,0.68,0.74,2023-07-23,2329,N,VIIRS,n,2,293.76,16.51,N,0
39.75534,19.86817,308.59,0.68,0.74,2023-07-23,2329,N,VIIRS,n,2,292.88,16.51,N,0
39.75506,19.89907,318.52,0.67,0.74,2023-07-23,2329,N,VIIRS,n,2,294.18,3.3,N,0
39.74999,19.87942,367,0.68,0.74,2023-07-23,2329,N,VIIRS,h,2,303.87,22.61,N,0
39.74989,19.88666,330.73,0.68,0.74,2023-07-23,2329,N,VIIRS,n,2,294.74,22.61,N,0
39.75007,19.87333,313.18,0.68,0.74,2023-07-23,2329,N,VIIRS,n,2,293.45,19.69,N,0
38.03004,24.5426,340.11,0.37,0.58,2023-07-23,2329,N,VIIRS,n,2,297.71,4.75,N,0
38.01023,24.54145,307.64,0.37,0.58,2023-07-23,2329,N,VIIRS,n,2,295.61,11.02,N,0
38.00956,24.55391,341.33,0.37,0.58,2023-07-23,2329,N,VIIRS,n,2,300.7,24.79,N,0
38.00978,24.54986,367,0.37,0.58,2023-07-23,2329,N,VIIRS,h,2,309.93,24.79,N,0
38.00999,24.54583,325.14,0.37,0.58,2023-07-23,2329,N,VIIRS,n,2,296.6,11.02,N,0
38.01542,24.54622,312.24,0.37,0.58,2023-07-23,2329,N,VIIRS,n,2,295.65,11.02,N,0
38.01498,24.55442,325.71,0.37,0.58,2023-07-23,2329,N,VIIRS,n,2,296.75,24.79,N,0
39.75704,19.8711,353.02,0.68,0.74,2023-07-23,2329,N,VIIRS,n,2,293.62,15.84,N,0
39.75668,19.89631,331.49,0.67,0.74,2023-07-23,2329,N,VIIRS,n,2,294.05,14.43,N,0
39.755,19.9049,309.87,0.67,0.74,2023-07-23,2329,N,VIIRS,n,2,293.86,3.3,N,0
39.74833,19.8762,356.76,0.68,0.74,2023-07-23,2329,N,VIIRS,n,2,295.86,16.51,N,0
39.74828,19.88226,345.65,0.68,0.74,2023-07-23,2329,N,VIIRS,n,2,300.78,32.18,N,0
39.74838,19.87041,304.56,0.68,0.74,2023-07-23,2329,N,VIIRS,n,2,293.24,16.51,N,0
39.74821,19.88945,306.89,0.68,0.74,2023-07-23,2329,N,VIIRS,n,2,294.28,32.18,N,0
39.74808,19.90398,311.27,0.67,0.74,2023-07-23,2329,N,VIIRS,n,2,294.23,3.3,N,0
39.7413,19.8863,348.97,0.68,0.74,2023-07-23,2329,N,VIIRS,n,2,296.87,8.09,N,0
38.00325,24.5353,308.02,0.37,0.58,2023-07-23,2329,N,VIIRS,n,2,296.39,15.44,N,0
39.74123,19.89481,348.77,0.67,0.74,2023-07-23,2329,N,VIIRS,n,2,296.11,7.28,N,0
36.10688,27.92368,333.82,0.46,0.47,2023-07-23,2330,N,VIIRS,n,2,332.86,155,N,0
36.22277,28.00934,340.9,0.46,0.47,2023-07-23,2330,N,VIIRS,n,2,302.41,6.06,N,0
36.22708,27.96233,331.21,0.46,0.47,2023-07-23,2330,N,VIIRS,n,2,303.43,4.8,N,0
36.22808,27.99968,318.22,0.46,0.47,2023-07-23,2330,N,VIIRS,n,2,301.17,5.76,N,0
36.2271,28.01029,350.81,0.46,0.47,2023-07-23,2330,N,VIIRS,n,2,304.98,6.06,N,0
36.22759,28.00498,341.84,0.46,0.47,2023-07-23,2330,N,VIIRS,n,2,303.07,5.76,N,0
36.23777,27.99071,341.29,0.46,0.47,2023-07-23,2330,N,VIIRS,n,2,303.22,12.93,N,0
36.24213,27.99144,312.28,0.46,0.47,2023-07-23,2330,N,VIIRS,n,2,299.73,0.97,N,0
36.11035,27.93442,315.68,0.46,0.47,2023-07-23,2330,N,VIIRS,n,2,300.91,4.19,N,0
36.11175,27.91896,317.44,0.46,0.47,2023-07-23,2330,N,VIIRS,n,2,300.38,10.22,N,0
36.11081,27.92928,367,0.46,0.47,2023-07-23,2330,N,VIIRS,h,2,327.1,155,N,0
36.11128,27.92416,334.22,0.46,0.47,2023-07-23,2330,N,VIIRS,n,2,328.69,155,N,0
36.11471,27.93523,311.91,0.46,0.47,2023-07-23,2330,N,VIIRS,n,2,300.42,3.91,N,0
36.11614,27.91954,318.78,0.46,0.47,2023-07-23,2330,N,VIIRS,n,2,299.51,23.27,N,0
36.11519,27.9299,355.59,0.46,0.47,2023-07-23,2330,N,VIIRS,n,2,311.16,46.61,N,0
36.11567,27.92472,344.46,0.46,0.47,2023-07-23,2330,N,VIIRS,n,2,320.65,46.61,N,0
36.12052,27.92016,318.35,0.46,0.47,2023-07-23,2330,N,VIIRS,n,2,299.76,23.27,N,0
36.11956,27.93064,342.65,0.46,0.47,2023-07-23,2330,N,VIIRS,n,2,307.16,46.61,N,0
36.12005,27.92533,352.04,0.46,0.47,2023-07-23,2330,N,VIIRS,n,2,327.16,46.61,N,0
36.05753,27.92932,321.21,0.46,0.47,2023-07-23,2330,N,VIIRS,n,2,301.15,3.32,N,0
36.05703,27.93467,328.95,0.46,0.47,2023-07-23,2330,N,VIIRS,n,2,301.79,3.32,N,0
36.12394,27.9314,332.11,0.46,0.47,2023-07-23,2330,N,VIIRS,n,2,303.13,12.31,N,0
36.12442,27.9261,356.83,0.46,0.47,2023-07-23,2330,N,VIIRS,n,2,311.78,12.31,N,0
36.12879,27.92687,337.12,0.46,0.47,2023-07-23,2330,N,VIIRS,n,2,302.13,12.31,N,0
36.13269,27.93269,310.4,0.46,0.47,2023-07-23,2330,N,VIIRS,n,2,299,2.5,N,0
36.13317,27.92754,337.91,0.46,0.47,2023-07-23,2330,N,VIIRS,n,2,301.06,2.5,N,0
36.1424,27.92375,319.69,0.46,0.47,2023-07-23,2330,N,VIIRS,n,2,300.21,3.24,N,0
36.14677,27.92445,335.88,0.46,0.47,2023-07-23,2330,N,VIIRS,n,2,302.73,3.24,N,0
36.15112,27.92544,314.79,0.46,0.47,2023-07-23,2330,N,VIIRS,n,2,300.12,1,N,0
36.1638,27.93236,328.14,0.46,0.47,2023-07-23,2330,N,VIIRS,n,2,300.37,2.75,N,0
36.16822,27.93258,332.11,0.46,0.47,2023-07-23,2330,N,VIIRS,n,2,302.04,3.31,N,0
36.17262,27.93293,326.45,0.46,0.47,2023-07-23,2330,N,VIIRS,n,2,300.52,3.31,N,0
36.18472,27.99221,312.59,0.46,0.47,2023-07-23,2330,N,VIIRS,n,2,300.74,1.19,N,0
36.20187,27.99587,320.92,0.46,0.47,2023-07-23,2330,N,VIIRS,n,2,301.18,1.88,N,0
36.19991,27.96849,326.51,0.46,0.47,2023-07-23,2330,N,VIIRS,n,2,301.35,2.34,N,0
36.18877,27.99392,356.43,0.46,0.47,2023-07-23,2330,N,VIIRS,n,2,303.12,10.69,N,0
36.20429,27.96914,320.43,0.46,0.47,2023-07-23,2330,N,VIIRS,n,2,301.85,2.34,N,0
36.21058,27.99752,312.28,0.46,0.47,2023-07-23,2330,N,VIIRS,n,2,300.49,1.06,N,0
36.21394,27.96048,315.49,0.46,0.47,2023-07-23,2330,N,VIIRS,n,2,301.95,1.79,N,0
36.21262,28.02356,318.61,0.46,0.47,2023-07-23,2330,N,VIIRS,n,2,301.52,2.33,N,0
36.21831,27.96121,330.31,0.46,0.47,2023-07-23,2330,N,VIIRS,n,2,301.44,4.85,N,0
36.22318,27.95645,312.97,0.46,0.47,2023-07-23,2330,N,VIIRS,n,2,301.62,4.85,N,0
36.21745,28.01918,324,0.46,0.47,2023-07-23,2330,N,VIIRS,n,2,302.4,2.33,N,0
36.22269,27.96185,340.46,0.46,0.47,2023-07-23,2330,N,VIIRS,n,2,305.16,4.85,N,0
36.22177,28.0202,341.28,0.46,0.47,2023-07-23,2330,N,VIIRS,n,2,302.18,4.72,N,0
36.22227,28.0147,335.14,0.46,0.47,2023-07-23,2330,N,VIIRS,n,2,302.59,6.06,N,0
36.07537,27.92878,316.61,0.46,0.47,2023-07-23,2330,N,VIIRS,n,2,301.77,2.45,N,0
36.07974,27.92949,329.68,0.46,0.47,2023-07-23,2330,N,VIIRS,n,2,301.65,2.83,N,0
36.08413,27.93,322.45,0.46,0.47,2023-07-23,2330,N,VIIRS,n,2,301.47,2.83,N,0
36.08851,27.93061,342.15,0.46,0.47,2023-07-23,2330,N,VIIRS,n,2,301.93,49.12,N,0
36.08896,27.92556,320.38,0.46,0.47,2023-07-23,2330,N,VIIRS,n,2,300.76,23.63,N,0
36.09333,27.92629,342.27,0.46,0.47,2023-07-23,2330,N,VIIRS,n,2,303.1,23.63,N,0
36.09678,27.93734,311.89,0.46,0.47,2023-07-23,2330,N,VIIRS,n,2,300.44,60.05,N,0
36.09815,27.92211,313.97,0.46,0.47,2023-07-23,2330,N,VIIRS,n,2,300.71,43.45,N,0
36.18443,27.993,318.66,0.46,0.47,2023-07-23,2330,N,VIIRS,n,2,300.8,2.33,N,0
36.08371,27.93387,318.79,0.46,0.47,2023-07-23,2330,N,VIIRS,n,2,300.37,2.72,N,0
36.07982,27.92818,329.09,0.46,0.47,2023-07-23,2330,N,VIIRS,n,2,301.7,4.26,N,0
36.07494,27.9328,315.89,0.46,0.47,2023-07-23,2330,N,VIIRS,n,2,301.25,1.6,N,0
36.06188,27.93021,335.27,0.46,0.47,2023-07-23,2330,N,VIIRS,n,2,303.32,2.79,N,0
36.06137,27.93562,311.76,0.46,0.47,2023-07-23,2330,N,VIIRS,n,2,301.03,2.79,N,0
36.09724,27.93217,367,0.46,0.47,2023-07-23,2330,N,VIIRS,h,2,330.17,60.05,N,0
36.0977,27.9271,345.23,0.46,0.47,2023-07-23,2330,N,VIIRS,n,2,306.75,43.45,N,0
36.10298,27.91778,311.59,0.46,0.47,2023-07-23,2330,N,VIIRS,n,2,300.35,2.31,N,0
36.10161,27.93297,367,0.46,0.47,2023-07-23,2330,N,VIIRS,h,2,321.22,60.05,N,0
36.10206,27.92794,351.48,0.46,0.47,2023-07-23,2330,N,VIIRS,n,2,305.63,43.45,N,0
36.10251,27.923,342.63,0.46,0.47,2023-07-23,2330,N,VIIRS,n,2,302.35,43.45,N,0
36.10551,27.9389,314,0.46,0.47,2023-07-23,2330,N,VIIRS,n,2,300.19,4.19,N,0
36.10597,27.93372,351.5,0.46,0.47,2023-07-23,2330,N,VIIRS,n,2,303.74,4.19,N,0
36.10736,27.91845,320.85,0.46,0.47,2023-07-23,2330,N,VIIRS,n,2,300.28,10.22,N,0
39.74242,19.87469,335.28,0.49,0.48,2023-07-24,0109,N,VIIRS,n,2,295.52,12.89,N,0
39.76118,19.89523,346.43,0.49,0.48,2023-07-24,0109,N,VIIRS,n,2,296.49,11.64,N,0
39.75969,19.90168,367,0.49,0.48,2023-07-24,0109,N,VIIRS,h,2,302.68,16.84,N,0
39.75817,19.9082,345.08,0.49,0.48,2023-07-24,0109,N,VIIRS,n,2,297,16.84,N,0
39.75771,19.8697,330.25,0.49,0.48,2023-07-24,0109,N,VIIRS,n,2,295.94,5.16,N,0
39.75643,19.8752,327.43,0.49,0.48,2023-07-24,0109,N,VIIRS,n,2,295.44,8.84,N,0
39.75086,19.87889,342.2,0.49,0.48,2023-07-24,0109,N,VIIRS,n,2,299.62,8.84,N,0
39.7466,19.87694,344.38,0.49,0.48,2023-07-24,0109,N,VIIRS,n,2,301.5,12.89,N,0
39.74501,19.88375,339.96,0.49,0.48,2023-07-24,0109,N,VIIRS,n,2,298.39,15.03,N,0
39.74091,19.90135,335.1,0.49,0.48,2023-07-24,0109,N,VIIRS,n,2,298.14,14.03,N,0
39.73948,19.90748,331.49,0.49,0.48,2023-07-24,0109,N,VIIRS,n,2,297.1,6.41,N,0
39.74065,19.88228,326.58,0.49,0.48,2023-07-24,0109,N,VIIRS,n,2,296.83,15.03,N,0
39.76242,19.88992,350.89,0.49,0.48,2023-07-24,0109,N,VIIRS,n,2,297.41,11.64,N,0
39.76364,19.8847,322.82,0.49,0.48,2023-07-24,0109,N,VIIRS,n,2,295.41,4.47,N,0
39.76484,19.87952,321.01,0.49,0.48,2023-07-24,0109,N,VIIRS,n,2,296.13,4.47,N,0
39.76664,19.89203,307.44,0.49,0.48,2023-07-24,0109,N,VIIRS,n,2,294.58,3.37,N,0
39.76237,19.91047,328.86,0.49,0.48,2023-07-24,0109,N,VIIRS,n,2,296.08,4.36,N,0
39.76381,19.90423,331.68,0.49,0.48,2023-07-24,0109,N,VIIRS,n,2,296.65,4.36,N,0
39.76704,19.88125,310.82,0.49,0.48,2023-07-24,0109,N,VIIRS,n,2,295.68,3.6,N,0
39.73908,19.88896,356.76,0.49,0.48,2023-07-24,0109,N,VIIRS,n,2,303.45,15.03,N,0
39.73781,19.89441,354.99,0.49,0.48,2023-07-24,0109,N,VIIRS,n,2,302.78,14.03,N,0
39.73645,19.90025,340.13,0.49,0.48,2023-07-24,0109,N,VIIRS,n,2,297.44,14.03,N,0
39.73455,19.8882,335.14,0.49,0.48,2023-07-24,0109,N,VIIRS,n,2,296.7,8.49,N,0
39.76015,19.91007,339.92,0.49,0.48,2023-07-24,0109,N,VIIRS,n,2,297.52,8.68,N,0
39.76168,19.9037,367,0.49,0.48,2023-07-24,0109,N,VIIRS,h,2,303.74,19.5,N,0
39.76324,19.89717,354.46,0.49,0.48,2023-07-24,0109,N,VIIRS,n,2,298.09,19.5,N,0
39.76456,19.89165,347.01,0.49,0.48,2023-07-24,0109,N,VIIRS,n,2,297,9.13,N,0
39.7658,19.88645,333.91,0.49,0.48,2023-07-24,0109,N,VIIRS,n,2,295.54,9.13,N,0
40.69967,22.95033,306.32,0.33,0.55,2023-07-24,0109,N,VIIRS,n,2,295.47,1.17,N,0
36.05626,27.92745,319.45,0.77,0.78,2023-07-24,0110,N,VIIRS,n,2,296.63,3.7,N,0
38.03304,24.54508,367,0.46,0.64,2023-07-24,0110,N,VIIRS,h,2,300.63,15.2,N,0
38.03096,24.55236,347.85,0.46,0.64,2023-07-24,0110,N,VIIRS,n,2,296.98,15.2,N,0
38.03066,24.53125,315.41,0.46,0.64,2023-07-24,0110,N,VIIRS,n,2,295.72,8.11,N,0
38.02388,24.53282,326.32,0.46,0.64,2023-07-24,0110,N,VIIRS,n,2,297.21,3.79,N,0
38.02181,24.54005,308.22,0.46,0.64,2023-07-24,0110,N,VIIRS,n,2,296.75,3.79,N,0
38.01404,24.54503,332.77,0.46,0.64,2023-07-24,0110,N,VIIRS,n,2,298.1,6.35,N,0
38.01238,24.55078,346.33,0.46,0.64,2023-07-24,0110,N,VIIRS,n,2,298.82,6.35,N,0
38.00867,24.54161,346.78,0.46,0.64,2023-07-24,0110,N,VIIRS,n,2,299.32,20.87,N,0
38.0073,24.5464,367,0.46,0.64,2023-07-24,0110,N,VIIRS,h,2,300.03,20.87,N,0
38.00569,24.552,336.43,0.46,0.64,2023-07-24,0110,N,VIIRS,n,2,298.49,10.03,N,0
38.00329,24.53828,367,0.46,0.64,2023-07-24,0110,N,VIIRS,h,2,300.22,20.87,N,0
38.00174,24.54368,348.57,0.46,0.64,2023-07-24,0110,N,VIIRS,n,2,307.59,20.87,N,0
37.99997,24.54981,344.05,0.46,0.64,2023-07-24,0110,N,VIIRS,n,2,299.14,10.03,N,0
37.99551,24.54326,308.66,0.46,0.64,2023-07-24,0110,N,VIIRS,n,2,297.78,4.33,N,0
38.02544,24.53143,321.76,0.46,0.64,2023-07-24,0110,N,VIIRS,n,2,297.24,6.26,N,0
38.02346,24.53852,321.04,0.46,0.64,2023-07-24,0110,N,VIIRS,n,2,297.21,5.46,N,0
38.01387,24.55018,350.79,0.46,0.64,2023-07-24,0110,N,VIIRS,n,2,299.16,5.37,N,0
38.01549,24.54444,318.86,0.46,0.64,2023-07-24,0110,N,VIIRS,n,2,297.29,5.46,N,0
38.01233,24.55568,313.43,0.46,0.64,2023-07-24,0110,N,VIIRS,n,2,297.52,5.37,N,0
38.00858,24.54648,328.21,0.46,0.64,2023-07-24,0110,N,VIIRS,n,2,297.89,16.82,N,0
38.00703,24.55202,328.21,0.46,0.64,2023-07-24,0110,N,VIIRS,n,2,297.71,16.82,N,0
38.00465,24.53793,367,0.46,0.64,2023-07-24,0110,N,VIIRS,h,2,298.95,37.83,N,0
38.00323,24.543,356.45,0.46,0.64,2023-07-24,0110,N,VIIRS,n,2,310.53,16.82,N,0
38.00158,24.54884,367,0.46,0.64,2023-07-24,0110,N,VIIRS,h,2,301.38,16.82,N,0
37.99704,24.5425,341.15,0.46,0.64,2023-07-24,0110,N,VIIRS,n,2,298.15,4.91,N,0
37.99549,24.54801,311.3,0.46,0.64,2023-07-24,0110,N,VIIRS,n,2,297.41,4.91,N,0
38.41582,23.19376,309.92,0.39,0.59,2023-07-24,0110,N,VIIRS,n,2,296.62,1.29,N,0
38.41701,23.18941,307.87,0.39,0.59,2023-07-24,0110,N,VIIRS,n,2,296.16,1.29,N,0
38.37468,24.05923,308.94,0.43,0.62,2023-07-24,0110,N,VIIRS,n,2,297.36,2.74,N,2
38.16669,22.19416,315.69,0.35,0.57,2023-07-24,0110,N,VIIRS,n,2,300.42,2.87,N,0
38.16597,22.19692,313.98,0.35,0.57,2023-07-24,0110,N,VIIRS,n,2,300.45,4.58,N,0
38.03546,24.53662,332.14,0.46,0.64,2023-07-24,0110,N,VIIRS,n,2,295.11,8.11,N,0
38.18248,22.19765,332.15,0.35,0.57,2023-07-24,0110,N,VIIRS,n,2,299.8,2.53,N,0
38.1816,22.20108,334.26,0.35,0.57,2023-07-24,0110,N,VIIRS,n,2,300.31,4.38,N,0
38.18068,22.20464,350.71,0.35,0.57,2023-07-24,0110,N,VIIRS,n,2,301.88,4.38,N,0
38.17959,22.20885,329.28,0.35,0.57,2023-07-24,0110,N,VIIRS,n,2,299.73,3.73,N,0
38.18344,22.19394,311.66,0.35,0.57,2023-07-24,0110,N,VIIRS,n,2,297.1,2.53,N,0
38.1681,22.18876,315.14,0.35,0.57,2023-07-24,0110,N,VIIRS,n,2,299.69,2.41,N,0
38.16886,22.18581,318.24,0.35,0.57,2023-07-24,0110,N,VIIRS,n,2,299.68,2.41,N,0
38.17,22.1814,310.02,0.35,0.57,2023-07-24,0110,N,VIIRS,n,2,298.32,3.31,N,0
38.17851,22.21302,312.11,0.35,0.57,2023-07-24,0110,N,VIIRS,n,2,299.66,3.73,N,0
38.17749,22.21696,319.43,0.35,0.57,2023-07-24,0110,N,VIIRS,n,2,299.14,1.71,N,0
38.17889,22.19005,322.88,0.35,0.57,2023-07-24,0110,N,VIIRS,n,2,299.56,2.53,N,0
38.17782,22.19415,320.41,0.35,0.57,2023-07-24,0110,N,VIIRS,n,2,300.09,2.53,N,0
38.17701,22.19731,312.86,0.35,0.57,2023-07-24,0110,N,VIIRS,n,2,300.49,4.38,N,0
38.17353,22.21073,316.27,0.35,0.57,2023-07-24,0110,N,VIIRS,n,2,300.03,1.71,N,0
38.17233,22.21536,312.12,0.35,0.57,2023-07-24,0110,N,VIIRS,n,2,299.48,1.71,N,0
38.17103,22.22039,313.72,0.35,0.57,2023-07-24,0110,N,VIIRS,n,2,299.33,2.45,N,0
38.18477,22.14585,348.05,0.35,0.56,2023-07-24,0110,N,VIIRS,n,2,301.66,7.19,N,0
38.17306,22.19108,327.23,0.35,0.57,2023-07-24,0110,N,VIIRS,n,2,301.75,2.41,N,0
38.17235,22.19379,348.8,0.35,0.57,2023-07-24,0110,N,VIIRS,n,2,305.85,2.87,N,0
38.17167,22.19642,322.64,0.35,0.57,2023-07-24,0110,N,VIIRS,n,2,301.95,2.87,N,0
38.17639,22.15674,310.71,0.35,0.56,2023-07-24,0110,N,VIIRS,n,2,298.08,2.95,N,0
38.16739,22.19149,327.41,0.35,0.57,2023-07-24,0110,N,VIIRS,n,2,300.09,2.87,N,0
38.17715,22.15379,345.5,0.35,0.56,2023-07-24,0110,N,VIIRS,n,2,299.88,5.57,N,0
38.17784,22.15114,347.3,0.35,0.56,2023-07-24,0110,N,VIIRS,n,2,300.54,5.57,N,0
38.16716,22.2138,309.88,0.35,0.57,2023-07-24,0110,N,VIIRS,n,2,298.63,2.4,N,0
38.17383,22.18809,313.39,0.35,0.57,2023-07-24,0110,N,VIIRS,n,2,299.71,2.41,N,0
38.184,22.14879,319.28,0.35,0.56,2023-07-24,0110,N,VIIRS,n,2,300.53,7.12,N,0
38.15723,22.18774,320.83,0.35,0.57,2023-07-24,0110,N,VIIRS,n,2,300.09,4.56,N,0
38.15882,22.18163,312.05,0.35,0.57,2023-07-24,0110,N,VIIRS,n,2,298.7,2.7,N,0
38.15804,22.18467,319.6,0.35,0.57,2023-07-24,0110,N,VIIRS,n,2,299.66,2.7,N,0
38.14894,22.19821,338.65,0.35,0.57,2023-07-24,0110,N,VIIRS,n,2,299.9,4.95,N,0
38.14812,22.20134,346.59,0.35,0.57,2023-07-24,0110,N,VIIRS,n,2,300.34,4.95,N,0
38.15384,22.17941,309.46,0.35,0.57,2023-07-24,0110,N,VIIRS,n,2,298.14,3.17,N,0
38.15133,22.18906,310.03,0.35,0.57,2023-07-24,0110,N,VIIRS,n,2,298.25,2.83,N,0
36.23801,27.99043,345.16,0.77,0.77,2023-07-24,0110,N,VIIRS,n,2,297.21,10.79,N,0
36.22311,28.01227,314.77,0.77,0.78,2023-07-24,0110,N,VIIRS,n,2,296.51,7.93,N,0
36.22065,28.01989,318.02,0.77,0.78,2023-07-24,0110,N,VIIRS,n,2,296.25,5.58,N,0
36.22532,27.9569,313.08,0.77,0.77,2023-07-24,0110,N,VIIRS,n,2,296.43,5.47,N,0
36.17163,27.92911,318.22,0.77,0.77,2023-07-24,0110,N,VIIRS,n,2,296.74,5.9,N,0
36.16272,27.93233,312.86,0.77,0.77,2023-07-24,0110,N,VIIRS,n,2,296.19,4.5,N,0
36.16844,27.93075,328.65,0.77,0.77,2023-07-24,0110,N,VIIRS,n,2,296.72,7.9,N,0
36.14174,27.91634,313.44,0.77,0.77,2023-07-24,0110,N,VIIRS,n,2,296.9,6.7,N,0
36.13206,27.92207,322.25,0.77,0.77,2023-07-24,0110,N,VIIRS,n,2,297.59,15.28,N,0
36.12923,27.93083,312.91,0.77,0.77,2023-07-24,0110,N,VIIRS,n,2,296.85,10.52,N,0
36.1251,27.91935,356.91,0.77,0.77,2023-07-24,0110,N,VIIRS,n,2,299.29,15.28,N,0
36.12231,27.92798,343.37,0.77,0.77,2023-07-24,0110,N,VIIRS,n,2,299.3,10.52,N,0
36.11818,27.91651,353.08,0.77,0.77,2023-07-24,0110,N,VIIRS,n,2,298.71,60.34,N,0
36.11547,27.92488,356.98,0.77,0.77,2023-07-24,0110,N,VIIRS,n,2,306.24,33.59,N,0
36.11277,27.93323,322.36,0.77,0.77,2023-07-24,0110,N,VIIRS,n,2,297.92,33.59,N,0
36.10884,27.92112,367,0.77,0.77,2023-07-24,0110,N,VIIRS,h,2,302.32,33.59,N,0
36.10597,27.92998,357.22,0.77,0.77,2023-07-24,0110,N,VIIRS,n,2,303.89,33.59,N,0
36.10313,27.93874,313.19,0.77,0.78,2023-07-24,0110,N,VIIRS,n,2,297.31,19.13,N,0
36.102,27.91803,344.22,0.77,0.77,2023-07-24,0110,N,VIIRS,n,2,298.29,29.58,N,0
36.09907,27.92705,367,0.77,0.77,2023-07-24,0110,N,VIIRS,h,2,304.38,29.58,N,0
36.09614,27.93608,317.1,0.77,0.78,2023-07-24,0110,N,VIIRS,n,2,296.82,11.85,N,0
36.09208,27.92439,367,0.77,0.77,2023-07-24,0110,N,VIIRS,h,2,299.19,29.58,N,0
36.08913,27.93347,309.56,0.77,0.78,2023-07-24,0110,N,VIIRS,n,2,297.09,11.85,N,0
36.08245,27.92986,333.96,0.77,0.78,2023-07-24,0110,N,VIIRS,n,2,298.36,9.15,N,0
36.05874,27.93026,328.26,0.77,0.78,2023-07-24,0110,N,VIIRS,n,2,298.24,8.73,N,0
36.11287,27.92198,367,0.77,0.77,2023-07-24,0110,N,VIIRS,h,2,303.89,38.38,N,0
36.11015,27.93054,356.32,0.77,0.78,2023-07-24,0110,N,VIIRS,n,2,300.9,36.88,N,0
36.1155,27.9137,314.1,0.77,0.77,2023-07-24,0110,N,VIIRS,n,2,297.18,38.38,N,0
36.10623,27.91824,367,0.77,0.77,2023-07-24,0110,N,VIIRS,h,2,299.02,38.38,N,0
36.10344,27.927,353.5,0.77,0.78,2023-07-24,0110,N,VIIRS,n,2,305.71,36.88,N,0
36.10049,27.93628,330.93,0.77,0.78,2023-07-24,0110,N,VIIRS,n,2,297.94,36.88,N,0
36.09643,27.92441,367,0.77,0.78,2023-07-24,0110,N,VIIRS,h,2,303.02,11.22,N,0
36.09352,27.93354,324.4,0.77,0.78,2023-07-24,0110,N,VIIRS,n,2,297.41,11.22,N,0
36.08953,27.92149,315.33,0.77,0.78,2023-07-24,0110,N,VIIRS,n,2,297.36,11.22,N,0
36.08662,27.93062,310.14,0.77,0.78,2023-07-24,0110,N,VIIRS,n,2,297.46,11.22,N,0
36.07993,27.927,334.21,0.77,0.78,2023-07-24,0110,N,VIIRS,n,2,298.04,9.58,N,0
36.06327,27.93007,317.63,0.77,0.78,2023-07-24,0110,N,VIIRS,n,2,297.95,3.7,N,0
36.20988,28.03073,367,0.49,0.4,2023-07-24,1050,N,VIIRS,h,2,345.57,97.55,D,0
36.03,27.93157,344.84,0.5,0.41,2023-07-24,1050,N,VIIRS,l,2,318.07,6.08,D,0
36.03473,27.93594,352.28,0.5,0.41,2023-07-24,1050,N,VIIRS,n,2,317.57,7.08,D,0
36.03371,27.93059,350.75,0.5,0.41,2023-07-24,1050,N,VIIRS,n,2,321.36,7.08,D,0
36.03947,27.94035,348.52,0.5,0.41,2023-07-24,1050,N,VIIRS,l,2,320.04,23.12,D,0
36.03844,27.93495,354.08,0.5,0.41,2023-07-24,1050,N,VIIRS,n,2,322.95,7.08,D,0
36.03741,27.92955,347.15,0.5,0.41,2023-07-24,1050,N,VIIRS,l,2,321.41,7.08,D,0
36.04215,27.93397,348.44,0.5,0.41,2023-07-24,1050,N,VIIRS,l,2,321.88,9.82,D,0
36.04585,27.93293,348.81,0.5,0.41,2023-07-24,1050,N,VIIRS,l,2,323.54,9.82,D,0
36.036,27.93907,367,0.5,0.41,2023-07-24,1050,N,VIIRS,h,2,319.65,14.54,D,0
36.03493,27.93366,348.32,0.5,0.41,2023-07-24,1050,N,VIIRS,n,2,318.47,14.54,D,0
36.03969,27.93801,356.34,0.5,0.41,2023-07-24,1050,N,VIIRS,n,2,324.09,14.54,D,0
36.03865,27.93269,348.48,0.5,0.41,2023-07-24,1050,N,VIIRS,n,2,321.51,14.54,D,0
36.0434,27.93703,348.69,0.5,0.41,2023-07-24,1050,N,VIIRS,l,2,321.72,11.84,D,0
36.04711,27.93607,351.18,0.5,0.41,2023-07-24,1050,N,VIIRS,l,2,323.51,11.84,D,0
36.05081,27.93503,350.09,0.5,0.41,2023-07-24,1050,N,VIIRS,n,2,319.74,17.91,D,0
36.05505,27.9168,352.96,0.5,0.41,2023-07-24,1050,N,VIIRS,n,2,325.16,36.87,D,0
36.05769,27.91037,367,0.5,0.41,2023-07-24,1050,N,VIIRS,h,2,378,379.63,D,0
36.05875,27.91578,367,0.5,0.41,2023-07-24,1050,N,VIIRS,l,2,328.14,36.87,D,0
36.06566,27.93118,351.65,0.5,0.41,2023-07-24,1050,N,VIIRS,n,2,320.78,11.88,D,0
36.06247,27.91485,367,0.5,0.41,2023-07-24,1050,N,VIIRS,l,2,338.65,111.07,D,0
36.06935,27.9301,353.32,0.5,0.41,2023-07-24,1050,N,VIIRS,n,2,321.11,11.88,D,0
36.06987,27.91277,367,0.5,0.41,2023-07-24,1050,N,VIIRS,h,2,330.75,84.88,D,0
36.07306,27.92915,349.25,0.5,0.41,2023-07-24,1050,N,VIIRS,n,2,318.17,75.43,D,0
36.0709,27.91806,367,0.5,0.41,2023-07-24,1050,N,VIIRS,l,2,329.71,84.88,D,0
36.07458,27.91696,367,0.5,0.41,2023-07-24,1050,N,VIIRS,h,2,346.53,84.88,D,0
36.07935,27.9214,348.05,0.5,0.41,2023-07-24,1050,N,VIIRS,n,2,321.37,25.76,D,0
36.08518,27.93133,351.93,0.5,0.41,2023-07-24,1050,N,VIIRS,n,2,316.59,15.12,D,0
36.08199,27.91487,367,0.5,0.41,2023-07-24,1050,N,VIIRS,l,2,333.96,57.34,D,0
36.09787,27.91637,367,0.5,0.41,2023-07-24,1050,N,VIIRS,h,2,363.93,460.93,D,0
36.10158,27.91537,367,0.5,0.41,2023-07-24,1050,N,VIIRS,h,2,334.72,154.57,D,0
36.10637,27.91996,367,0.5,0.41,2023-07-24,1050,N,VIIRS,l,2,341.79,154.57,D,0
36.11003,27.91878,367,0.5,0.41,2023-07-24,1050,N,VIIRS,h,2,352.43,118.77,D,0
36.11581,27.92856,350.33,0.5,0.41,2023-07-24,1050,N,VIIRS,l,2,321.47,22.01,D,0
36.11371,27.91765,367,0.5,0.41,2023-07-24,1050,N,VIIRS,l,2,335.94,118.77,D,0
36.11739,27.91656,367,0.5,0.41,2023-07-24,1050,N,VIIRS,h,2,328.65,47.08,D,0
36.11845,27.92203,351.39,0.5,0.41,2023-07-24,1050,N,VIIRS,l,2,333.65,44.22,D,0
36.12214,27.92097,367,0.5,0.41,2023-07-24,1050,N,VIIRS,l,2,326.75,44.22,D,0
36.12795,27.93093,367,0.5,0.41,2023-07-24,1050,N,VIIRS,l,2,339.92,103.15,D,0
36.13164,27.92987,367,0.5,0.41,2023-07-24,1050,N,VIIRS,h,2,340.77,103.15,D,0
36.1306,27.92446,367,0.5,0.41,2023-07-24,1050,N,VIIRS,h,2,339.48,113.23,D,0
36.13532,27.92878,367,0.5,0.41,2023-07-24,1050,N,VIIRS,h,2,339.6,130.76,D,0
36.14477,27.9375,349.22,0.5,0.41,2023-07-24,1050,N,VIIRS,n,2,322.77,12.62,D,0
36.14847,27.93652,367,0.5,0.41,2023-07-24,1050,N,VIIRS,h,2,323.56,12.62,D,0
36.15219,27.93561,351.77,0.5,0.41,2023-07-24,1050,N,VIIRS,n,2,320.75,10.79,D,0
36.14573,27.94061,348.72,0.5,0.41,2023-07-24,1050,N,VIIRS,l,2,319.57,7.78,D,0
36.14943,27.93962,343.1,0.5,0.41,2023-07-24,1050,N,VIIRS,l,2,318.04,7.78,D,0
36.14837,27.93419,350.24,0.5,0.41,2023-07-24,1050,N,VIIRS,l,2,322.36,17.53,D,0
36.15104,27.92793,347.75,0.5,0.41,2023-07-24,1050,N,VIIRS,l,2,322.22,19.97,D,0
36.18415,27.99797,340.29,0.49,0.41,2023-07-24,1050,N,VIIRS,l,2,314.47,22.66,D,0
36.18522,28.00346,314.4,0.49,0.41,2023-07-24,1050,N,VIIRS,l,2,319.39,22.66,D,0
36.20246,28.03242,344.48,0.49,0.4,2023-07-24,1050,N,VIIRS,n,2,315.26,13.28,D,0
36.2072,28.03691,367,0.49,0.4,2023-07-24,1050,N,VIIRS,h,2,339.2,69.6,D,0
36.20824,28.04227,340.3,0.49,0.4,2023-07-24,1050,N,VIIRS,n,2,314.31,69.6,D,0
36.20617,28.03154,345.53,0.49,0.4,2023-07-24,1050,N,VIIRS,n,2,318.47,13.28,D,0
36.20514,28.02626,348.44,0.49,0.4,2023-07-24,1050,N,VIIRS,n,2,316.02,13.28,D,0
36.21194,28.04144,340.76,0.49,0.4,2023-07-24,1050,N,VIIRS,n,2,313.17,211.31,D,0
36.21093,28.03617,367,0.49,0.4,2023-07-24,1050,N,VIIRS,l,2,373.87,211.31,D,0
36.21463,28.0353,367,0.49,0.4,2023-07-24,1050,N,VIIRS,h,2,359.89,211.31,D,0
36.21358,28.02985,367,0.49,0.4,2023-07-24,1050,N,VIIRS,l,2,340.05,97.55,D,0
36.21727,28.02895,367,0.49,0.4,2023-07-24,1050,N,VIIRS,h,2,356.09,79.36,D,0
36.21831,28.03431,367,0.49,0.4,2023-07-24,1050,N,VIIRS,l,2,331.89,71.05,D,0
36.21617,28.02321,367,0.49,0.4,2023-07-24,1050,N,VIIRS,l,2,331.03,79.36,D,0
36.22095,28.02793,367,0.49,0.4,2023-07-24,1050,N,VIIRS,h,2,350.68,79.36,D,0
36.22198,28.03329,340.73,0.49,0.4,2023-07-24,1050,N,VIIRS,n,2,314.89,71.05,D,0
36.21986,28.02229,367,0.49,0.4,2023-07-24,1050,N,VIIRS,l,2,331.64,79.36,D,0
36.22462,28.0269,347.64,0.49,0.4,2023-07-24,1050,N,VIIRS,n,2,314.04,35.17,D,0
36.22355,28.02136,367,0.49,0.4,2023-07-24,1050,N,VIIRS,l,2,326.23,35.17,D,0
36.2277,28.00264,367,0.49,0.4,2023-07-24,1050,N,VIIRS,l,2,338.29,31.21,D,0
36.23137,28.0016,341.08,0.49,0.4,2023-07-24,1050,N,VIIRS,l,2,314.3,31.21,D,0
38.00589,24.5542,348.33,0.44,0.46,2023-07-24,1051,N,VIIRS,n,2,308.37,5.62,D,0
37.98532,24.5373,367,0.44,0.46,2023-07-24,1051,N,VIIRS,h,2,308.33,17.7,D,0
37.98738,24.54679,356.81,0.44,0.46,2023-07-24,1051,N,VIIRS,n,2,317.38,28.78,D,0
37.98635,24.54201,348,0.44,0.46,2023-07-24,1051,N,VIIRS,n,2,309.73,28.78,D,0
37.98429,24.53256,346.46,0.44,0.46,2023-07-24,1051,N,VIIRS,n,2,309.53,17.7,D,0
37.98367,24.53503,367,0.44,0.46,2023-07-24,1051,N,VIIRS,h,2,306.26,19.92,D,0
37.98685,24.54929,348.3,0.44,0.46,2023-07-24,1051,N,VIIRS,n,2,310.46,15.28,D,0
37.98578,24.5445,353.42,0.44,0.46,2023-07-24,1051,N,VIIRS,n,2,314.58,15.28,D,0
37.98473,24.53978,347.57,0.44,0.46,2023-07-24,1051,N,VIIRS,n,2,307.43,19.92,D,0
37.99323,24.55777,347.49,0.44,0.46,2023-07-24,1051,N,VIIRS,n,2,313.17,12.09,D,0
37.99104,24.54795,343.48,0.44,0.46,2023-07-24,1051,N,VIIRS,l,2,313.97,15.28,D,0
37.98997,24.54315,347.11,0.44,0.46,2023-07-24,1051,N,VIIRS,n,2,310.23,15.28,D,0
37.98891,24.53843,349.11,0.44,0.46,2023-07-24,1051,N,VIIRS,n,2,307.85,19.92,D,0
37.98785,24.53369,351.13,0.44,0.46,2023-07-24,1051,N,VIIRS,n,2,318.55,19.92,D,0
37.99746,24.5566,346.85,0.44,0.46,2023-07-24,1051,N,VIIRS,n,2,315.57,9.61,D,0
37.99525,24.5467,352.12,0.44,0.46,2023-07-24,1051,N,VIIRS,n,2,316.36,41.25,D,0
37.99416,24.54181,352.26,0.44,0.46,2023-07-24,1051,N,VIIRS,n,2,310.73,41.25,D,0
37.99956,24.54592,367,0.44,0.46,2023-07-24,1051,N,VIIRS,h,2,325.4,41.25,D,0
38.00167,24.5554,352.78,0.44,0.46,2023-07-24,1051,N,VIIRS,n,2,312.26,9.61,D,0
37.99844,24.54088,321.49,0.44,0.46,2023-07-24,1051,N,VIIRS,l,2,324.81,41.25,D,0
38.00275,24.54009,350.55,0.44,0.46,2023-07-24,1051,N,VIIRS,n,2,314.07,7.44,D,0
38.0016,24.53492,344.63,0.44,0.46,2023-07-24,1051,N,VIIRS,n,2,308.37,12.99,D,0
38.0058,24.53363,367,0.44,0.46,2023-07-24,1051,N,VIIRS,h,2,310.63,12.99,D,0
38.00999,24.55251,339.64,0.44,0.46,2023-07-24,1051,N,VIIRS,l,2,313.59,5.62,D,0
38.00898,24.54792,343.6,0.44,0.46,2023-07-24,1051,N,VIIRS,n,2,312.99,5.62,D,0
38.00796,24.54334,342.86,0.44,0.46,2023-07-24,1051,N,VIIRS,n,2,309.25,7.44,D,0
38.00687,24.53843,351.24,0.44,0.46,2023-07-24,1051,N,VIIRS,n,2,309.07,7.44,D,0
38.01947,24.53456,347.39,0.44,0.46,2023-07-24,1051,N,VIIRS,l,2,320.27,33.75,D,0
38.01838,24.52964,367,0.44,0.46,2023-07-24,1051,N,VIIRS,l,2,325.29,117.66,D,0
38.02606,24.54408,346.02,0.44,0.46,2023-07-24,1051,N,VIIRS,n,2,315.67,11.4,D,0
38.02498,24.5392,344.74,0.44,0.46,2023-07-24,1051,N,VIIRS,n,2,312.48,33.75,D,0
38.02389,24.53426,352.08,0.44,0.46,2023-07-24,1051,N,VIIRS,n,2,320.8,33.75,D,0
38.03049,24.54384,345.06,0.44,0.46,2023-07-24,1051,N,VIIRS,n,2,310,25.96,D,0
38.02945,24.53913,351.41,0.44,0.46,2023-07-24,1051,N,VIIRS,n,2,323.9,39.07,D,0
38.02835,24.53418,355.6,0.44,0.46,2023-07-24,1051,N,VIIRS,n,2,319.45,39.07,D,0
38.02722,24.52905,353.54,0.44,0.46,2023-07-24,1051,N,VIIRS,l,2,324.52,123.44,D,0
38.0421,24.55589,339.69,0.44,0.46,2023-07-24,1051,N,VIIRS,l,2,312.06,9.31,D,0
39.74299,19.90583,342.46,0.34,0.56,2023-07-24,1051,N,VIIRS,n,2,301.48,6.14,D,0
39.74915,19.86535,335.96,0.35,0.56,2023-07-24,1051,N,VIIRS,n,2,302.37,3.29,D,0
39.76495,19.90494,347.48,0.34,0.56,2023-07-24,1051,N,VIIRS,n,2,304.3,9.7,D,0
39.75488,19.866,334.71,0.35,0.56,2023-07-24,1051,N,VIIRS,l,2,306.52,9.61,D,0
39.75401,19.86266,354.98,0.35,0.56,2023-07-24,1051,N,VIIRS,n,2,303.13,3.29,D,0
39.76562,19.90102,367,0.34,0.56,2023-07-24,1052,N,VIIRS,h,2,307.23,7.04,D,0
39.76013,19.85923,350,0.35,0.56,2023-07-24,1052,N,VIIRS,n,2,304.06,5.08,D,0
41.07628,24.99168,331.96,0.55,0.42,2023-07-24,1052,N,VIIRS,n,2,301.16,6.02,D,0
39.75525,19.86183,367,0.35,0.56,2023-07-24,1052,N,VIIRS,h,2,305.86,5.29,D,0
39.7664,19.90396,344.12,0.34,0.56,2023-07-24,1052,N,VIIRS,n,2,302.53,7.04,D,0
39.76484,19.89808,339.57,0.34,0.56,2023-07-24,1052,N,VIIRS,n,2,307.98,9.32,D,0
39.75697,19.86834,353.58,0.34,0.56,2023-07-24,1052,N,VIIRS,n,2,307.98,8.38,D,0
39.75613,19.86515,342.43,0.35,0.56,2023-07-24,1052,N,VIIRS,n,2,307.45,8.38,D,0
39.7697,19.89541,343.2,0.34,0.56,2023-07-24,1052,N,VIIRS,n,2,304.25,3.17,D,0
39.76876,19.8919,332.09,0.34,0.56,2023-07-24,1052,N,VIIRS,l,2,304.89,3.17,D,0
39.76263,19.86872,338.84,0.34,0.56,2023-07-24,1052,N,VIIRS,n,2,302.82,5.19,D,0
39.76183,19.86567,349.84,0.34,0.56,2023-07-24,1052,N,VIIRS,n,2,301.09,5.04,D,0
39.76104,19.86267,332.65,0.35,0.56,2023-07-24,1052,N,VIIRS,n,2,301.96,5.04,D,0
39.75037,19.86443,343,0.35,0.56,2023-07-24,1052,N,VIIRS,n,2,303.63,5.29,D,0
39.75469,19.86549,334.48,0.47,0.64,2023-07-24,1232,N,VIIRS,n,2,303.52,5.68,D,0
38.17085,22.18718,341,0.61,0.71,2023-07-24,1232,N,VIIRS,n,2,307.52,9,D,0
38.17688,22.15597,334.14,0.61,0.71,2023-07-24,1232,N,VIIRS,l,2,306.03,11.42,D,0
39.76766,19.89061,367,0.47,0.64,2023-07-24,1232,N,VIIRS,h,2,310.64,18.72,D,0
38.16764,22.18817,337.46,0.61,0.71,2023-07-24,1232,N,VIIRS,n,2,304.4,10.55,D,0
38.18022,22.15987,337.7,0.61,0.71,2023-07-24,1232,N,VIIRS,n,2,309.05,9.33,D,0
39.76968,19.88782,354.16,0.47,0.64,2023-07-24,1232,N,VIIRS,n,2,301.96,13.39,D,0
39.76987,19.89339,367,0.47,0.64,2023-07-24,1232,N,VIIRS,h,2,306.08,22.16,D,0
39.76312,19.87105,341.91,0.47,0.64,2023-07-24,1232,N,VIIRS,n,2,299.83,5.18,D,0
39.75683,19.862,335.11,0.47,0.64,2023-07-24,1232,N,VIIRS,n,2,300.29,4.78,D,0
39.75706,19.86925,333.34,0.47,0.64,2023-07-24,1232,N,VIIRS,l,2,303.41,5,D,0
39.75101,19.86738,330.29,0.47,0.64,2023-07-24,1232,N,VIIRS,l,2,304.38,5,D,0
39.76075,19.86732,348.63,0.47,0.64,2023-07-24,1232,N,VIIRS,n,2,301.65,5.68,D,0
38.02347,24.56477,305.97,0.67,0.74,2023-07-24,2310,N,VIIRS,n,2,293.43,2.36,N,0
38.03115,24.50784,351.38,0.67,0.74,2023-07-24,2310,N,VIIRS,n,2,295.84,10.33,N,0
38.02425,24.50568,304.44,0.67,0.74,2023-07-24,2310,N,VIIRS,n,2,293.48,10.33,N,0
38.02417,24.51215,337.02,0.67,0.74,2023-07-24,2310,N,VIIRS,n,2,294.63,7.02,N,0
38.01705,24.56993,340.54,0.67,0.73,2023-07-24,2310,N,VIIRS,n,2,295.03,7.38,N,0
38.01717,24.56291,331.69,0.67,0.73,2023-07-24,2310,N,VIIRS,n,2,293.65,7.38,N,0
38.04002,23.50376,305.36,0.76,0.77,2023-07-24,2310,N,VIIRS,n,2,293.99,2.36,N,0
38.039,23.50471,308.26,0.76,0.77,2023-07-24,2310,N,VIIRS,n,2,293.55,1.88,N,0
38.02501,24.51271,346.08,0.67,0.74,2023-07-24,2310,N,VIIRS,n,2,295.73,11.77,N,0
38.03184,24.5181,320.72,0.67,0.74,2023-07-24,2310,N,VIIRS,n,2,292.75,6.54,N,0
38.03201,24.50864,345.96,0.67,0.74,2023-07-24,2310,N,VIIRS,n,2,294.5,6.54,N,0
38.01649,24.56972,333.22,0.67,0.73,2023-07-24,2310,N,VIIRS,n,2,294.87,8.98,N,0
38.01658,24.56258,336.55,0.67,0.74,2023-07-24,2310,N,VIIRS,n,2,294.23,11.99,N,0
38.03103,24.51724,326.57,0.67,0.74,2023-07-24,2310,N,VIIRS,n,2,293.39,7.02,N,0
36.05742,27.90458,334.76,0.43,0.62,2023-07-24,2311,N,VIIRS,n,2,300.44,3.53,N,0
36.23253,28.0098,308.91,0.42,0.61,2023-07-24,2311,N,VIIRS,n,2,298.11,2.02,N,0
36.20447,27.99681,308.3,0.42,0.61,2023-07-24,2311,N,VIIRS,n,2,297.58,1.62,N,0
36.18634,28.01362,309.01,0.42,0.61,2023-07-24,2311,N,VIIRS,n,2,298.7,0.82,N,0
36.18371,28.06414,312.17,0.42,0.61,2023-07-24,2311,N,VIIRS,n,2,299.72,1.49,N,0
36.13204,27.92341,310.49,0.43,0.62,2023-07-24,2311,N,VIIRS,n,2,299.27,2.53,N,0
36.12632,27.92261,367,0.43,0.62,2023-07-24,2311,N,VIIRS,h,2,302.68,11.13,N,0
36.12657,27.91782,313.67,0.43,0.62,2023-07-24,2311,N,VIIRS,n,2,299.04,9.58,N,0
36.06987,27.89743,326.54,0.43,0.62,2023-07-24,2311,N,VIIRS,n,2,300.44,10.55,N,0
36.06963,27.90227,331.81,0.43,0.62,2023-07-24,2311,N,VIIRS,n,2,302.47,10.55,N,0
36.06392,27.90111,367,0.43,0.62,2023-07-24,2311,N,VIIRS,h,2,311.16,10.55,N,0
36.06367,27.9059,353.47,0.43,0.62,2023-07-24,2311,N,VIIRS,n,2,303.13,17.69,N,0
36.06415,27.89631,314.44,0.43,0.62,2023-07-24,2311,N,VIIRS,n,2,299.38,10.55,N,0
36.05819,27.90017,348.2,0.43,0.62,2023-07-24,2311,N,VIIRS,n,2,301.23,10.91,N,0
36.05795,27.90506,328.69,0.43,0.62,2023-07-24,2311,N,VIIRS,n,2,300.33,7.34,N,0
36.06913,27.90177,342.26,0.43,0.62,2023-07-24,2311,N,VIIRS,n,2,303.31,15.23,N,0
36.0694,27.89696,315.52,0.43,0.62,2023-07-24,2311,N,VIIRS,n,2,299.66,15.72,N,0
36.06342,27.90063,367,0.43,0.62,2023-07-24,2311,N,VIIRS,h,2,307.62,15.23,N,0
36.06314,27.90544,352.97,0.43,0.62,2023-07-24,2311,N,VIIRS,n,2,306.05,15.23,N,0
36.05769,27.89973,326.64,0.43,0.62,2023-07-24,2311,N,VIIRS,n,2,299.63,3.53,N,0
39.7444,19.90648,306.9,0.45,0.39,2023-07-25,0051,N,VIIRS,n,2,296.71,1.22,N,0
39.35543,22.98505,309.26,0.41,0.45,2023-07-25,0051,N,VIIRS,n,2,297.28,2.24,N,2
39.77748,19.88955,335.84,0.45,0.39,2023-07-25,0051,N,VIIRS,n,2,300.67,7.97,N,0
39.77649,19.89471,349.27,0.45,0.39,2023-07-25,0051,N,VIIRS,n,2,302.93,7.97,N,0
39.77401,19.88823,348.06,0.45,0.39,2023-07-25,0051,N,VIIRS,n,2,304.5,17.17,N,0
39.76648,19.86919,321.95,0.45,0.39,2023-07-25,0051,N,VIIRS,n,2,297.84,3.32,N,0
39.76409,19.86231,340.16,0.45,0.39,2023-07-25,0051,N,VIIRS,n,2,302.61,7.78,N,0
39.76303,19.86781,346.32,0.45,0.39,2023-07-25,0051,N,VIIRS,n,2,302.95,7.78,N,0
39.7651,19.85705,307.63,0.45,0.39,2023-07-25,0051,N,VIIRS,n,2,297.43,2.6,N,0
39.76201,19.87312,313.16,0.45,0.39,2023-07-25,0051,N,VIIRS,n,2,296.79,2.4,N,0
39.76165,19.85565,327.41,0.45,0.39,2023-07-25,0051,N,VIIRS,n,2,297.84,2.6,N,0
39.75064,19.87418,318.11,0.45,0.39,2023-07-25,0051,N,VIIRS,n,2,296.35,2.44,N,0
36.18392,28.06186,309.3,0.45,0.63,2023-07-25,0051,N,VIIRS,n,2,298.41,2.91,N,0
36.13014,27.92161,329.45,0.44,0.62,2023-07-25,0051,N,VIIRS,n,2,298.34,4.09,N,0
36.12451,27.91967,330.57,0.44,0.62,2023-07-25,0051,N,VIIRS,n,2,297.71,5.04,N,0
36.0726,27.9025,341.31,0.44,0.62,2023-07-25,0051,N,VIIRS,n,2,300.42,4.58,N,0
36.0739,27.89772,311.87,0.44,0.62,2023-07-25,0051,N,VIIRS,n,2,298.32,4.23,N,0
36.06702,27.90036,367,0.44,0.62,2023-07-25,0051,N,VIIRS,h,2,310.51,13.24,N,0
36.06565,27.90536,325.4,0.44,0.62,2023-07-25,0051,N,VIIRS,n,2,299.93,13.24,N,0
36.06838,27.89537,313.76,0.44,0.62,2023-07-25,0051,N,VIIRS,n,2,298.5,22.31,N,0
36.06132,27.89864,367,0.44,0.62,2023-07-25,0051,N,VIIRS,h,2,300.63,13.24,N,0
36.06,27.9035,351.9,0.44,0.62,2023-07-25,0051,N,VIIRS,n,2,301.2,13.24,N,0
39.74607,19.87856,338.91,0.45,0.39,2023-07-25,0051,N,VIIRS,n,2,296.7,2.59,N,0
39.74718,19.87281,319.95,0.45,0.39,2023-07-25,0051,N,VIIRS,n,2,297.45,3.81,N,0
39.74257,19.87736,308.4,0.45,0.39,2023-07-25,0051,N,VIIRS,n,2,296.36,2.59,N,0
39.73438,19.88112,309.71,0.45,0.39,2023-07-25,0051,N,VIIRS,n,2,298.15,2.12,N,0
39.73367,19.87287,312.27,0.45,0.39,2023-07-25,0051,N,VIIRS,n,2,295.47,2.19,N,0
39.73255,19.87886,317.92,0.45,0.39,2023-07-25,0051,N,VIIRS,n,2,297.5,3.28,N,0
38.03333,24.5106,350.26,0.53,0.5,2023-07-25,0051,N,VIIRS,n,2,301.87,27.42,N,0
38.03193,24.51648,328.1,0.53,0.5,2023-07-25,0051,N,VIIRS,n,2,295.21,14.27,N,0
38.01979,24.56762,341.42,0.53,0.5,2023-07-25,0051,N,VIIRS,n,2,296.91,6.91,N,0
38.01815,24.5745,324.97,0.53,0.5,2023-07-25,0051,N,VIIRS,n,2,296.46,6.91,N,0
38.02851,24.51039,367,0.53,0.5,2023-07-25,0051,N,VIIRS,h,2,301.81,27.42,N,0
38.02711,24.51628,367,0.53,0.5,2023-07-25,0051,N,VIIRS,h,2,300.99,14.27,N,0
38.02388,24.50934,350.61,0.53,0.5,2023-07-25,0051,N,VIIRS,n,2,297.57,16.21,N,0
38.02233,24.51587,315.71,0.53,0.5,2023-07-25,0051,N,VIIRS,n,2,295.89,1.99,N,0
38.02085,24.52211,305.85,0.53,0.5,2023-07-25,0051,N,VIIRS,n,2,295.32,1.99,N,0
38.01624,24.52096,305.63,0.53,0.5,2023-07-25,0051,N,VIIRS,n,2,295.02,1.99,N,0
38.1713,22.18866,307.56,0.4,0.44,2023-07-25,0051,N,VIIRS,n,2,297.53,2.45,N,0
36.22994,28.00743,320.3,0.44,0.63,2023-07-25,0051,N,VIIRS,n,2,297.86,7.07,N,0
36.22869,28.01199,347.72,0.44,0.63,2023-07-25,0051,N,VIIRS,n,2,299.01,7.11,N,0
36.07403,27.89662,355.27,0.58,0.52,2023-07-25,1031,N,VIIRS,n,2,322.62,77.42,D,0
36.06784,27.89197,367,0.58,0.52,2023-07-25,1031,N,VIIRS,h,2,349.57,141.78,D,0
36.06629,27.88553,320.83,0.58,0.52,2023-07-25,1031,N,VIIRS,l,2,321.33,141.78,D,0
36.05613,27.90246,367,0.58,0.52,2023-07-25,1031,N,VIIRS,h,2,319.27,10.55,D,0
36.06085,27.90096,367,0.58,0.52,2023-07-25,1031,N,VIIRS,l,2,325.31,42.26,D,0
36.05515,27.90253,367,0.58,0.52,2023-07-25,1031,N,VIIRS,h,2,317.18,13.02,D,0
36.05986,27.90101,367,0.58,0.52,2023-07-25,1031,N,VIIRS,l,2,325.25,18.66,D,0
36.06305,27.8932,353.6,0.58,0.52,2023-07-25,1031,N,VIIRS,n,2,323.86,22.52,D,0
36.06153,27.88688,349.8,0.58,0.52,2023-07-25,1031,N,VIIRS,n,2,324.02,22.52,D,0
36.06937,27.89831,367,0.58,0.52,2023-07-25,1031,N,VIIRS,h,2,329.62,77.42,D,0
39.7829,19.87342,340.88,0.59,0.7,2023-07-25,1033,N,VIIRS,n,2,312.9,85.41,D,0
39.77831,19.90435,367,0.59,0.7,2023-07-25,1033,N,VIIRS,h,2,309.13,11.64,D,0
39.76754,19.86961,367,0.59,0.7,2023-07-25,1033,N,VIIRS,h,2,317.94,42.74,D,0
39.77982,19.90921,337.79,0.59,0.7,2023-07-25,1033,N,VIIRS,n,2,304.58,11.64,D,0
39.77689,19.89978,334.81,0.59,0.7,2023-07-25,1033,N,VIIRS,n,2,305.51,23.79,D,0
39.77363,19.88926,342.89,0.59,0.7,2023-07-25,1033,N,VIIRS,n,2,306.84,22.89,D,0
39.77164,19.88283,356.65,0.59,0.7,2023-07-25,1033,N,VIIRS,n,2,304.58,22.89,D,0
39.76952,19.87598,338.01,0.59,0.7,2023-07-25,1033,N,VIIRS,n,2,302.85,42.74,D,0
39.76604,19.86479,341.13,0.59,0.7,2023-07-25,1033,N,VIIRS,n,2,310.32,19.79,D,0
39.76449,19.8598,355.12,0.59,0.7,2023-07-25,1033,N,VIIRS,n,2,306.14,19.79,D,0
39.78567,19.90524,367,0.59,0.7,2023-07-25,1033,N,VIIRS,h,2,307.9,11.64,D,0
39.77927,19.88459,367,0.59,0.7,2023-07-25,1033,N,VIIRS,h,2,317.3,22.89,D,0
39.77733,19.87833,367,0.59,0.7,2023-07-25,1033,N,VIIRS,h,2,308.97,22.89,D,0
39.77348,19.8659,367,0.59,0.7,2023-07-25,1033,N,VIIRS,h,2,308.55,42.74,D,0
39.78412,19.90023,342.23,0.59,0.7,2023-07-25,1033,N,VIIRS,n,2,306.35,11.64,D,0
39.781,19.89017,334.19,0.59,0.7,2023-07-25,1033,N,VIIRS,n,2,305.28,23.79,D,0
39.77528,19.87171,346.62,0.59,0.7,2023-07-25,1033,N,VIIRS,n,2,302.9,42.74,D,0
39.77183,19.86056,337.1,0.59,0.7,2023-07-25,1033,N,VIIRS,n,2,303.81,19.79,D,0
39.77006,19.85486,337.33,0.59,0.7,2023-07-25,1033,N,VIIRS,n,2,302.32,19.79,D,0
39.7896,19.89509,367,0.59,0.7,2023-07-25,1033,N,VIIRS,h,2,313.62,132.68,D,0
39.7848,19.87956,367,0.59,0.7,2023-07-25,1033,N,VIIRS,h,2,309.88,85.41,D,0
39.78648,19.885,343.62,0.59,0.7,2023-07-25,1033,N,VIIRS,n,2,304.13,69.13,D,0
39.76873,19.87047,367,0.59,0.7,2023-07-25,1033,N,VIIRS,h,2,309.69,61.74,D,0
39.76558,19.86048,367,0.59,0.7,2023-07-25,1033,N,VIIRS,h,2,308.86,15.61,D,0
39.77815,19.90028,345.46,0.59,0.7,2023-07-25,1033,N,VIIRS,n,2,307.01,12.25,D,0
39.7749,19.89,346.13,0.59,0.7,2023-07-25,1033,N,VIIRS,n,2,306.41,30.4,D,0
39.7708,19.87701,333.56,0.59,0.7,2023-07-25,1033,N,VIIRS,n,2,301.17,24.16,D,0
39.78697,19.90577,367,0.59,0.7,2023-07-25,1033,N,VIIRS,h,2,308.08,36.76,D,0
39.78049,19.88522,367,0.59,0.7,2023-07-25,1033,N,VIIRS,h,2,311.41,30.4,D,0
39.77656,19.87276,367,0.59,0.7,2023-07-25,1033,N,VIIRS,h,2,305.61,24.16,D,0
39.78535,19.90063,346.78,0.59,0.7,2023-07-25,1033,N,VIIRS,n,2,307.09,12.25,D,0
39.78378,19.89565,334.06,0.59,0.7,2023-07-25,1033,N,VIIRS,n,2,307.16,12.25,D,0
39.78219,19.89061,337.59,0.59,0.7,2023-07-25,1033,N,VIIRS,n,2,306.74,30.4,D,0
39.77859,19.8792,348.71,0.59,0.7,2023-07-25,1033,N,VIIRS,n,2,310.12,24.16,D,0
39.77463,19.86663,351.15,0.59,0.7,2023-07-25,1033,N,VIIRS,n,2,302.59,61.74,D,0
39.77293,19.86126,348.74,0.59,0.7,2023-07-25,1033,N,VIIRS,n,2,305.35,61.74,D,0
39.77114,19.8556,331.62,0.59,0.7,2023-07-25,1033,N,VIIRS,n,2,301.64,15.61,D,0
39.79087,19.89562,367,0.59,0.7,2023-07-25,1033,N,VIIRS,h,2,310.3,119.82,D,0
39.78602,19.88025,367,0.59,0.7,2023-07-25,1033,N,VIIRS,h,2,302.97,181.61,D,0
39.78209,19.86777,367,0.59,0.7,2023-07-25,1033,N,VIIRS,h,2,306.41,67.31,D,0
39.78924,19.89046,354.29,0.59,0.7,2023-07-25,1033,N,VIIRS,n,2,319.22,119.82,D,0
39.78412,19.87421,346,0.59,0.7,2023-07-25,1033,N,VIIRS,n,2,313.41,67.31,D,0
39.78091,19.86698,356.08,0.59,0.7,2023-07-25,1033,N,VIIRS,n,2,302.66,30.67,D,0
39.79136,19.90077,208,0.59,0.7,2023-07-25,1033,N,VIIRS,l,2,316.71,132.68,D,0
39.78804,19.89002,354.27,0.59,0.7,2023-07-25,1033,N,VIIRS,l,2,330.35,69.13,D,0
39.79359,19.88508,337.09,0.59,0.7,2023-07-25,1033,N,VIIRS,n,2,300.31,69.13,D,0
39.7796,19.90487,367,0.59,0.7,2023-07-25,1033,N,VIIRS,h,2,311.73,12.25,D,0
39.77291,19.88371,367,0.59,0.7,2023-07-25,1033,N,VIIRS,h,2,307.84,24.16,D,0
38.02064,24.52144,338.49,0.45,0.63,2023-07-25,1212,N,VIIRS,n,2,305.81,7.77,D,0
36.04381,27.91298,367,0.67,0.73,2023-07-25,1212,N,VIIRS,h,2,311.38,112.89,D,0
36.04364,27.90379,367,0.67,0.73,2023-07-25,1212,N,VIIRS,h,2,333.37,112.89,D,0
36.04349,27.89573,348.65,0.67,0.73,2023-07-25,1212,N,VIIRS,n,2,312.6,50.98,D,0
36.05055,27.90393,367,0.67,0.73,2023-07-25,1212,N,VIIRS,h,2,326.92,33.91,D,0
36.05071,27.91267,343.06,0.67,0.73,2023-07-25,1212,N,VIIRS,n,2,312.1,33.91,D,0
36.0504,27.89629,350.6,0.67,0.73,2023-07-25,1212,N,VIIRS,n,2,311.77,42.39,D,0
36.05745,27.90396,341.54,0.67,0.73,2023-07-25,1212,N,VIIRS,n,2,316.38,33.91,D,0
36.06403,27.88781,367,0.66,0.73,2023-07-25,1212,N,VIIRS,h,2,328.97,67.89,D,0
36.07122,27.90198,349.54,0.67,0.73,2023-07-25,1212,N,VIIRS,n,2,319.41,54.06,D,0
36.07106,27.89413,356.76,0.67,0.73,2023-07-25,1212,N,VIIRS,n,2,328.09,67.89,D,0
36.0709,27.88625,356.11,0.66,0.73,2023-07-25,1212,N,VIIRS,n,2,314.11,67.89,D,0
36.21148,28.04464,339.37,0.68,0.74,2023-07-25,1212,N,VIIRS,l,2,312.31,11.25,D,0
36.04384,27.90891,367,0.67,0.73,2023-07-25,1212,N,VIIRS,h,2,327.89,135.33,D,0
36.04363,27.90022,321.41,0.67,0.73,2023-07-25,1212,N,VIIRS,l,2,323.94,212.06,D,0
36.05074,27.90878,367,0.67,0.73,2023-07-25,1212,N,VIIRS,h,2,316.41,135.33,D,0
36.06412,27.89213,367,0.66,0.73,2023-07-25,1212,N,VIIRS,h,2,321.34,63.19,D,0
36.06393,27.8845,347.03,0.66,0.73,2023-07-25,1212,N,VIIRS,n,2,316.75,40.55,D,0
36.07118,27.89857,367,0.67,0.73,2023-07-25,1212,N,VIIRS,h,2,325.44,48.63,D,0
36.07098,27.89074,349.3,0.66,0.73,2023-07-25,1212,N,VIIRS,n,2,321.59,48.63,D,0
39.7729,19.87066,345.17,0.52,0.5,2023-07-25,1213,N,VIIRS,n,2,308.98,11.92,D,0
39.79736,19.88467,354.53,0.52,0.5,2023-07-25,1213,N,VIIRS,n,2,305.28,9.4,D,0
39.79264,19.88429,354.1,0.52,0.5,2023-07-25,1213,N,VIIRS,n,2,321.09,69.16,D,0
39.79316,19.89127,367,0.52,0.5,2023-07-25,1213,N,VIIRS,h,2,315.19,27.35,D,0
39.7874,19.87692,355.57,0.52,0.5,2023-07-25,1213,N,VIIRS,n,2,312.69,69.16,D,0
39.78842,19.89054,345.92,0.52,0.5,2023-07-25,1213,N,VIIRS,n,2,313.56,27.35,D,0
39.78893,19.89738,339.19,0.52,0.5,2023-07-25,1213,N,VIIRS,n,2,313.02,27.35,D,0
39.78135,19.85842,315.23,0.52,0.5,2023-07-25,1213,N,VIIRS,l,2,319.04,94.79,D,0
39.7818,19.86461,345.68,0.52,0.5,2023-07-25,1213,N,VIIRS,n,2,305.66,47.31,D,0
39.78225,19.87057,349.87,0.52,0.5,2023-07-25,1213,N,VIIRS,n,2,310.86,47.31,D,0
39.78317,19.88301,351.19,0.52,0.5,2023-07-25,1213,N,VIIRS,n,2,318.15,29.93,D,0
39.78367,19.88972,347.85,0.52,0.5,2023-07-25,1213,N,VIIRS,n,2,313.75,29.57,D,0
39.7847,19.90364,338.5,0.52,0.5,2023-07-25,1213,N,VIIRS,l,2,311.46,7.59,D,0
39.78525,19.91108,342.71,0.52,0.5,2023-07-25,1213,N,VIIRS,n,2,308.31,7.59,D,0
39.7827,19.87666,367,0.52,0.5,2023-07-25,1213,N,VIIRS,h,2,314.3,29.93,D,0
39.77662,19.8578,312.64,0.52,0.5,2023-07-25,1213,N,VIIRS,l,2,324.72,94.79,D,0
39.77709,19.86414,349.77,0.52,0.5,2023-07-25,1213,N,VIIRS,n,2,319.65,47.31,D,0
39.77755,19.87038,343.13,0.52,0.5,2023-07-25,1213,N,VIIRS,n,2,313.69,47.31,D,0
39.77801,19.87651,351.02,0.52,0.5,2023-07-25,1213,N,VIIRS,n,2,313.33,29.93,D,0
39.77847,19.8827,347,0.52,0.5,2023-07-25,1213,N,VIIRS,n,2,313.42,29.93,D,0
39.77893,19.88899,345.04,0.52,0.5,2023-07-25,1213,N,VIIRS,n,2,313.78,29.57,D,0
39.77998,19.90328,341.72,0.52,0.5,2023-07-25,1213,N,VIIRS,l,2,312.79,7.59,D,0
39.78053,19.91068,341.98,0.52,0.5,2023-07-25,1213,N,VIIRS,n,2,308.51,7.59,D,0
39.7719,19.8572,335.33,0.52,0.5,2023-07-25,1213,N,VIIRS,n,2,305.11,6.94,D,0
39.77238,19.86378,348.66,0.52,0.5,2023-07-25,1213,N,VIIRS,n,2,316.42,11.92,D,0
39.77334,19.87667,356.89,0.52,0.5,2023-07-25,1213,N,VIIRS,n,2,316.2,31.55,D,0
39.77378,19.88271,348.55,0.52,0.5,2023-07-25,1213,N,VIIRS,n,2,311.47,31.55,D,0
39.77529,19.90324,355.35,0.52,0.5,2023-07-25,1213,N,VIIRS,n,2,310.01,11.07,D,0
39.76719,19.85672,344.26,0.52,0.5,2023-07-25,1213,N,VIIRS,n,2,308.31,6.94,D,0
39.76769,19.86353,346.39,0.52,0.5,2023-07-25,1213,N,VIIRS,n,2,311.94,11.92,D,0
39.76822,19.87073,346.25,0.52,0.5,2023-07-25,1213,N,VIIRS,n,2,308.22,11.92,D,0
39.76955,19.88882,350.92,0.52,0.5,2023-07-25,1213,N,VIIRS,n,2,314.62,24.86,D,0
39.7691,19.88276,367,0.52,0.5,2023-07-25,1213,N,VIIRS,h,2,317.39,31.55,D,0
39.76299,19.86321,344.66,0.52,0.5,2023-07-25,1213,N,VIIRS,n,2,310.65,13.37,D,0
39.76355,19.87082,345.93,0.52,0.5,2023-07-25,1213,N,VIIRS,n,2,309.09,13.37,D,0
39.764,19.87692,344.44,0.52,0.5,2023-07-25,1213,N,VIIRS,n,2,305.98,9.16,D,0
39.76487,19.88881,350.01,0.52,0.5,2023-07-25,1213,N,VIIRS,n,2,314.14,15.17,D,0
39.75931,19.87683,345.92,0.52,0.5,2023-07-25,1213,N,VIIRS,n,2,313.26,9.16,D,0
39.7606,19.86601,348.06,0.52,0.5,2023-07-25,1213,N,VIIRS,n,2,310.74,9.83,D,0
39.76117,19.87313,344.46,0.52,0.5,2023-07-25,1213,N,VIIRS,n,2,309.03,9.75,D,0
39.76164,19.87909,345.07,0.52,0.5,2023-07-25,1213,N,VIIRS,n,2,312.23,9.75,D,0
39.73598,19.91038,335.07,0.52,0.5,2023-07-25,1213,N,VIIRS,l,2,305.79,5.3,D,0
38.01937,24.52442,348.52,0.45,0.63,2023-07-25,1213,N,VIIRS,n,2,308.6,9.53,D,0
36.02224,27.87583,314.58,0.78,0.78,2023-07-25,2252,N,VIIRS,n,2,299.65,8.68,N,0
36.02268,27.88564,354.69,0.78,0.78,2023-07-25,2252,N,VIIRS,n,2,303.55,10.89,N,0
36.02275,27.87739,328.26,0.78,0.78,2023-07-25,2252,N,VIIRS,n,2,301.03,12.17,N,0
36.02999,27.88789,320.72,0.78,0.78,2023-07-25,2252,N,VIIRS,n,2,301.21,10.89,N,0
36.03007,27.87961,327.91,0.78,0.78,2023-07-25,2252,N,VIIRS,n,2,301.9,12.17,N,0
36.03746,27.8731,309.8,0.78,0.78,2023-07-25,2252,N,VIIRS,n,2,298.6,9.64,N,0
36.03731,27.88918,331.01,0.78,0.78,2023-07-25,2252,N,VIIRS,n,2,301.01,8.96,N,0
36.03739,27.88115,351.36,0.78,0.78,2023-07-25,2252,N,VIIRS,n,2,305.06,9.64,N,0
36.04434,27.91932,309.51,0.78,0.78,2023-07-25,2252,N,VIIRS,n,2,299.35,9.34,N,0
36.04442,27.91152,343.14,0.78,0.78,2023-07-25,2252,N,VIIRS,n,2,302.21,16.55,N,0
36.04465,27.88741,326.28,0.78,0.78,2023-07-25,2252,N,VIIRS,n,2,300.26,8.96,N,0
36.07352,27.87736,367,0.78,0.78,2023-07-25,2252,N,VIIRS,h,2,302.79,11.09,N,0
36.07338,27.88637,333.18,0.78,0.78,2023-07-25,2252,N,VIIRS,n,2,300.28,11.09,N,0
36.07324,27.89515,349.57,0.78,0.78,2023-07-25,2252,N,VIIRS,n,2,301.83,13.72,N,0
36.06621,27.87615,323.38,0.78,0.78,2023-07-25,2252,N,VIIRS,n,2,300.01,11.09,N,0
36.0513,27.89297,323.52,0.78,0.78,2023-07-25,2252,N,VIIRS,n,2,299.45,5.89,N,0
36.05104,27.91021,340.22,0.78,0.78,2023-07-25,2252,N,VIIRS,n,2,302.31,12.14,N,0
36.05116,27.90193,315.1,0.78,0.78,2023-07-25,2252,N,VIIRS,n,2,299.58,5.89,N,0
36.04407,27.88615,337.96,0.78,0.78,2023-07-25,2252,N,VIIRS,n,2,301.28,8.03,N,0
36.04372,27.9101,329.6,0.78,0.78,2023-07-25,2252,N,VIIRS,n,2,300.69,5.15,N,0
36.0436,27.91788,321.97,0.78,0.78,2023-07-25,2252,N,VIIRS,n,2,299.69,5.15,N,0
36.04419,27.87829,316.81,0.78,0.78,2023-07-25,2252,N,VIIRS,n,2,299.34,8.03,N,0
36.04473,27.87963,324.32,0.78,0.78,2023-07-25,2252,N,VIIRS,n,2,299.57,9.64,N,0
36.05182,27.90369,314.53,0.78,0.78,2023-07-25,2252,N,VIIRS,n,2,299.77,5.97,N,0
36.05173,27.91183,339.19,0.78,0.78,2023-07-25,2252,N,VIIRS,n,2,302.1,5.97,N,0
36.05191,27.89445,324.69,0.78,0.78,2023-07-25,2252,N,VIIRS,n,2,299.42,8.41,N,0
36.06673,27.87802,325.54,0.78,0.78,2023-07-25,2252,N,VIIRS,n,2,299.92,15.01,N,0
36.07386,27.89687,344.92,0.78,0.78,2023-07-25,2252,N,VIIRS,n,2,300.89,11.94,N,0
36.07396,27.88818,331.29,0.78,0.78,2023-07-25,2252,N,VIIRS,n,2,300.08,11.94,N,0
36.07406,27.87926,367,0.78,0.78,2023-07-25,2252,N,VIIRS,h,2,303.43,15.01,N,0
36.21862,28.05053,316.05,0.77,0.77,2023-07-25,2252,N,VIIRS,n,2,300.07,3.93,N,0
36.03683,27.87977,345.86,0.78,0.78,2023-07-25,2252,N,VIIRS,n,2,304.12,8.03,N,0
36.03672,27.88772,334.26,0.78,0.78,2023-07-25,2252,N,VIIRS,n,2,301.36,8.03,N,0
36.0363,27.91704,311.6,0.78,0.78,2023-07-25,2252,N,VIIRS,n,2,299.63,5.15,N,0
36.02953,27.8781,323.9,0.78,0.78,2023-07-25,2252,N,VIIRS,n,2,300.84,8.68,N,0
36.02942,27.88617,324.24,0.78,0.78,2023-07-25,2252,N,VIIRS,n,2,302.73,8.68,N,0
35.99255,27.90545,321.09,0.78,0.78,2023-07-25,2252,N,VIIRS,n,2,299.06,9.45,N,0
35.99986,27.90589,353.48,0.78,0.78,2023-07-25,2252,N,VIIRS,n,2,303.94,9.45,N,0
35.99997,27.89716,327.18,0.78,0.78,2023-07-25,2252,N,VIIRS,n,2,301.68,20.88,N,0
36.00706,27.91511,312.19,0.78,0.78,2023-07-25,2252,N,VIIRS,n,2,298.82,4.57,N,0
36.02212,27.88396,367,0.78,0.78,2023-07-25,2252,N,VIIRS,h,2,305.3,8.68,N,0
36.00717,27.90668,337.15,0.78,0.78,2023-07-25,2252,N,VIIRS,n,2,302.58,4.57,N,0
36.00728,27.89805,322.73,0.78,0.78,2023-07-25,2252,N,VIIRS,n,2,301.6,15.38,N,0
36.01437,27.91562,310.41,0.78,0.78,2023-07-25,2252,N,VIIRS,n,2,299.79,4.57,N,0
36.01448,27.90746,323.34,0.78,0.78,2023-07-25,2252,N,VIIRS,n,2,301.42,4.57,N,0
36.03923,27.91972,350.83,0.5,0.49,2023-07-26,0032,N,VIIRS,n,2,310.86,20.72,N,0
39.35542,22.98663,308.99,0.41,0.37,2023-07-26,0032,N,VIIRS,n,2,296.97,1.73,N,2
39.7958,19.89029,316.23,0.39,0.36,2023-07-26,0032,N,VIIRS,n,2,297.74,2.61,N,0
39.79049,19.87987,326.83,0.39,0.36,2023-07-26,0032,N,VIIRS,n,2,297.76,4.49,N,0
39.78717,19.87911,324.26,0.39,0.36,2023-07-26,0032,N,VIIRS,n,2,296.73,2.38,N,0
39.7865,19.8836,319.45,0.39,0.36,2023-07-26,0032,N,VIIRS,n,2,296.42,1.85,N,0
39.7792,19.90966,337.61,0.39,0.36,2023-07-26,0032,N,VIIRS,n,2,298.81,4.27,N,0
39.78385,19.87834,308.28,0.39,0.36,2023-07-26,0032,N,VIIRS,n,2,295.94,2.38,N,0
39.78318,19.88285,310.76,0.39,0.36,2023-07-26,0032,N,VIIRS,n,2,295.56,1.85,N,0
39.78323,19.85945,309,0.39,0.36,2023-07-26,0032,N,VIIRS,n,2,297.53,2.19,N,0
39.77588,19.90889,315.52,0.39,0.36,2023-07-26,0032,N,VIIRS,n,2,296.77,2.31,N,0
39.78057,19.85418,313.66,0.39,0.36,2023-07-26,0032,N,VIIRS,n,2,299.31,2.19,N,0
39.77726,19.85344,332.99,0.39,0.36,2023-07-26,0032,N,VIIRS,n,2,300.92,4.81,N,0
39.77658,19.85796,327.01,0.39,0.36,2023-07-26,0032,N,VIIRS,n,2,298.82,4.81,N,0
39.15362,20.56463,311.47,0.38,0.36,2023-07-26,0032,N,VIIRS,n,2,297.64,2.25,N,0
38.12843,23.52552,310.63,0.44,0.38,2023-07-26,0032,N,VIIRS,n,2,296.61,1.81,N,2
36.21557,28.0538,317.91,0.5,0.49,2023-07-26,0032,N,VIIRS,n,2,301.03,4.53,N,0
36.21491,28.05117,314.08,0.5,0.49,2023-07-26,0032,N,VIIRS,n,2,300.04,2.55,N,0
36.07759,27.89673,344.82,0.49,0.49,2023-07-26,0032,N,VIIRS,n,2,302.51,5.44,N,0
36.07886,27.8912,310.68,0.49,0.49,2023-07-26,0032,N,VIIRS,n,2,298.63,5.44,N,0
36.07634,27.90224,313.56,0.49,0.49,2023-07-26,0032,N,VIIRS,n,2,298.54,4.75,N,0
36.07578,27.88406,336.61,0.49,0.49,2023-07-26,0032,N,VIIRS,n,2,300.5,9.25,N,0
36.07452,27.88953,357.01,0.49,0.49,2023-07-26,0032,N,VIIRS,n,2,304.12,12.83,N,0
36.07328,27.89496,348.25,0.49,0.49,2023-07-26,0032,N,VIIRS,n,2,300.26,12.83,N,0
36.07205,27.90035,330.56,0.49,0.49,2023-07-26,0032,N,VIIRS,n,2,299.26,5.03,N,0
36.07139,27.88263,343.68,0.49,0.49,2023-07-26,0032,N,VIIRS,n,2,304.98,9.25,N,0
36.07263,27.87723,308,0.49,0.49,2023-07-26,0032,N,VIIRS,n,2,297.14,9.25,N,0
36.06821,27.87593,339.29,0.49,0.49,2023-07-26,0032,N,VIIRS,n,2,300.46,8.29,N,0
36.05439,27.89501,339.23,0.49,0.49,2023-07-26,0032,N,VIIRS,n,2,299.56,5.34,N,0
36.05193,27.90569,367,0.5,0.49,2023-07-26,0032,N,VIIRS,h,2,304.47,23.1,N,0
36.05317,27.90033,311.05,0.49,0.49,2023-07-26,0032,N,VIIRS,n,2,298.21,5.34,N,0
36.04934,27.91692,314.86,0.5,0.49,2023-07-26,0032,N,VIIRS,n,2,300.18,3.95,N,0
36.04497,27.91537,349.58,0.5,0.49,2023-07-26,0032,N,VIIRS,n,2,304.48,3.95,N,0
36.04363,27.92115,319.48,0.5,0.49,2023-07-26,0032,N,VIIRS,n,2,300.06,3.95,N,0
36.04578,27.89137,339.34,0.49,0.49,2023-07-26,0032,N,VIIRS,n,2,301.14,3.65,N,0
36.04054,27.91406,340.05,0.5,0.49,2023-07-26,0032,N,VIIRS,n,2,301.79,20.72,N,0
36.04154,27.88926,333.63,0.49,0.49,2023-07-26,0032,N,VIIRS,n,2,302.84,3.65,N,0
36.03485,27.91816,317.91,0.5,0.49,2023-07-26,0032,N,VIIRS,n,2,300.8,20.72,N,0
36.03861,27.88154,349.66,0.49,0.49,2023-07-26,0032,N,VIIRS,n,2,309.61,26.3,N,0
36.03732,27.88712,334.99,0.49,0.49,2023-07-26,0032,N,VIIRS,n,2,303.18,5.36,N,0
36.03594,27.89309,339.81,0.49,0.49,2023-07-26,0032,N,VIIRS,n,2,302.41,5.36,N,0
36.03051,27.91649,311.71,0.5,0.49,2023-07-26,0032,N,VIIRS,n,2,300.46,2.02,N,0
36.03423,27.88006,340.26,0.49,0.49,2023-07-26,0032,N,VIIRS,n,2,302.76,26.3,N,0
36.03289,27.88584,327.33,0.49,0.49,2023-07-26,0032,N,VIIRS,n,2,302.72,5.36,N,0
36.03159,27.89144,323.92,0.49,0.49,2023-07-26,0032,N,VIIRS,n,2,301.31,5.36,N,0
36.02842,27.88472,341.86,0.49,0.49,2023-07-26,0032,N,VIIRS,n,2,304.7,4.64,N,0
36.02716,27.89018,332.96,0.49,0.49,2023-07-26,0032,N,VIIRS,n,2,304.91,4.64,N,0
36.02396,27.88361,335.98,0.49,0.49,2023-07-26,0032,N,VIIRS,n,2,303.8,4.64,N,0
36.02267,27.88915,340.18,0.49,0.49,2023-07-26,0032,N,VIIRS,n,2,304.01,4.64,N,0
36.01603,27.91766,311.79,0.5,0.49,2023-07-26,0032,N,VIIRS,n,2,301.13,1.79,N,0
36.01949,27.88251,354.16,0.49,0.49,2023-07-26,0032,N,VIIRS,n,2,305.69,14.46,N,0
36.01294,27.91062,323.8,0.5,0.49,2023-07-26,0032,N,VIIRS,n,2,302.46,2.46,N,0
36.00984,27.90362,322.18,0.5,0.49,2023-07-26,0032,N,VIIRS,n,2,302.87,2.46,N,0
36.00854,27.90918,313.91,0.5,0.49,2023-07-26,0032,N,VIIRS,n,2,302.2,2.46,N,0
36.02454,27.89412,331.18,0.5,0.49,2023-07-26,0033,N,VIIRS,n,2,303.37,6.44,N,0
36.0257,27.88893,336.83,0.5,0.49,2023-07-26,0033,N,VIIRS,n,2,304.11,6.44,N,0
36.0029,27.9063,342.9,0.5,0.49,2023-07-26,0033,N,VIIRS,n,2,305.52,5.33,N,0
36.01168,27.90925,319.37,0.5,0.49,2023-07-26,0033,N,VIIRS,n,2,302.29,1.95,N,0
36.02697,27.88332,336.46,0.49,0.49,2023-07-26,0033,N,VIIRS,n,2,303.32,9.77,N,0
36.03143,27.88444,340.9,0.49,0.49,2023-07-26,0033,N,VIIRS,n,2,305.84,9.77,N,0
36.01042,27.91484,312.09,0.5,0.49,2023-07-26,0033,N,VIIRS,n,2,302.06,1.95,N,0
36.00854,27.90221,313.49,0.5,0.49,2023-07-26,0033,N,VIIRS,n,2,302.62,5.28,N,0
36.0161,27.91059,315.27,0.5,0.49,2023-07-26,0033,N,VIIRS,n,2,301.68,1.95,N,0
36.00729,27.90778,313.31,0.5,0.49,2023-07-26,0033,N,VIIRS,n,2,302.57,5.33,N,0
36.00415,27.90078,340.37,0.5,0.49,2023-07-26,0033,N,VIIRS,n,2,303.49,5.28,N,0
36.0225,27.88222,345.15,0.49,0.49,2023-07-26,0033,N,VIIRS,n,2,305.84,8.67,N,0
35.9985,27.90483,326.13,0.5,0.49,2023-07-26,0033,N,VIIRS,n,2,303.06,4.8,N,0
36.01805,27.88107,339.44,0.49,0.49,2023-07-26,0033,N,VIIRS,n,2,302.15,8.67,N,0
39.32631,22.79617,303.93,0.43,0.46,2023-07-27,2354,N,VIIRS,n,2,291.83,1.22,N,0
39.31506,22.82494,307.81,0.43,0.46,2023-07-27,2354,N,VIIRS,n,2,291.83,1.84,N,0
39.3126,22.80475,317.97,0.43,0.46,2023-07-27,2354,N,VIIRS,n,2,291.74,1.39,N,0
39.28833,22.83492,309.08,0.43,0.46,2023-07-27,2354,N,VIIRS,n,2,292.82,1.87,N,0
39.28926,22.82455,309.97,0.43,0.46,2023-07-27,2354,N,VIIRS,n,2,292.87,1.95,N,0
39.29345,22.82584,317.46,0.43,0.46,2023-07-27,2354,N,VIIRS,n,2,292.87,1.25,N,0
39.24467,20.8805,308.46,0.54,0.51,2023-07-27,2354,N,VIIRS,n,2,293.46,1.09,N,0
39.29769,22.8266,307.88,0.43,0.46,2023-07-27,2354,N,VIIRS,n,2,293.06,1.25,N,0
39.31684,22.80542,308.13,0.43,0.46,2023-07-27,2354,N,VIIRS,n,2,291.73,1.39,N,0
39.3146,22.83006,316.07,0.43,0.46,2023-07-27,2354,N,VIIRS,n,2,291.83,1.31,N,0
39.25453,20.87613,303.15,0.54,0.51,2023-07-27,2354,N,VIIRS,n,2,292.82,1.45,N,0
39.27301,22.77915,315.4,0.43,0.46,2023-07-27,2354,N,VIIRS,n,2,292.96,1.59,N,0
39.39284,22.85317,342.06,0.43,0.46,2023-07-27,2354,N,VIIRS,n,2,293.61,5.19,N,0
39.39008,22.85155,305.92,0.43,0.46,2023-07-27,2354,N,VIIRS,n,2,291.21,1.08,N,0
39.29232,22.75763,302.13,0.43,0.46,2023-07-27,2354,N,VIIRS,n,2,290.55,0.64,N,0
39.29082,22.75887,304.44,0.44,0.46,2023-07-27,2354,N,VIIRS,n,2,290.98,0.52,N,0
39.30695,22.77171,303.42,0.43,0.46,2023-07-27,2354,N,VIIRS,n,2,291.12,0.96,N,0
39.31259,22.75699,308.58,0.44,0.46,2023-07-27,2354,N,VIIRS,n,2,291.18,1.65,N,0
39.31213,22.76208,322.01,0.44,0.46,2023-07-27,2354,N,VIIRS,n,2,291.33,1.65,N,0
39.31441,22.82367,300.56,0.72,0.75,2023-07-28,0134,N,VIIRS,n,2,288.57,1.17,N,0
39.31376,22.8022,303.75,0.71,0.75,2023-07-28,0134,N,VIIRS,n,2,288.11,1.43,N,0
39.24942,20.8844,302.93,0.58,0.7,2023-07-28,0134,N,VIIRS,n,2,291.44,0.89,N,0
39.24977,20.88221,303.55,0.58,0.7,2023-07-28,0134,N,VIIRS,n,2,292.25,1.62,N,0
39.39441,22.85293,310.88,0.71,0.75,2023-07-28,0134,N,VIIRS,n,2,288.65,1.97,N,0
39.31281,22.75832,320.8,0.71,0.75,2023-07-28,0134,N,VIIRS,n,2,287.67,3.27,N,0
39.39433,22.85561,303.55,0.71,0.75,2023-07-28,0134,N,VIIRS,n,2,288.74,1.62,N,0
39.31247,22.7545,311.99,0.71,0.75,2023-07-28,0134,N,VIIRS,n,2,287.46,2.83,N,0
39.39161,22.85539,341.43,0.41,0.37,2023-07-28,1116,N,VIIRS,l,2,315.98,9.66,D,0
40.80923,22.14203,338.15,0.42,0.37,2023-07-28,1117,N,VIIRS,n,2,312.93,3.09,D,0
39.39144,22.85044,310.79,0.38,0.59,2023-07-28,2335,N,VIIRS,n,2,289.08,1.2,N,0
37.67945,21.51694,342.72,0.53,0.5,2023-07-29,1057,N,VIIRS,n,2,309.28,28.35,D,0
37.6781,21.51114,356,0.53,0.5,2023-07-29,1057,N,VIIRS,n,2,310.05,31.14,D,0
37.67494,21.51855,332.67,0.53,0.5,2023-07-29,1057,N,VIIRS,n,2,303.76,13.78,D,0
37.67358,21.51273,346.71,0.53,0.5,2023-07-29,1057,N,VIIRS,n,2,311.94,21.99,D,0
37.67366,21.52225,352.41,0.68,0.74,2023-07-29,1238,N,VIIRS,n,2,300.65,15.56,D,0
37.67351,21.51372,352.54,0.68,0.74,2023-07-29,1238,N,VIIRS,n,2,302.13,12.02,D,0
37.67237,21.5205,367,0.68,0.74,2023-07-29,1238,N,VIIRS,h,2,302.01,11.57,D,0
37.67227,21.51222,338.54,0.68,0.74,2023-07-29,1238,N,VIIRS,n,2,301.15,11.57,D,0
39.38713,22.80557,303.25,0.48,0.48,2023-07-30,0057,N,VIIRS,n,2,292.44,0.72,N,2
39.61842,22.41474,338.45,0.43,0.62,2023-07-30,1219,N,VIIRS,n,2,304.65,1.71,D,0
38.47551,25.98932,304.65,0.42,0.45,2023-07-31,0038,N,VIIRS,n,2,293.65,5.88,N,0
38.46697,25.98372,319.4,0.42,0.45,2023-07-31,0038,N,VIIRS,n,2,296.47,4.81,N,0
38.46292,25.98214,344.29,0.42,0.45,2023-07-31,0038,N,VIIRS,n,2,301.43,18.98,N,0
38.46199,25.9864,346.49,0.42,0.45,2023-07-31,0038,N,VIIRS,n,2,297.19,5.52,N,0
38.46508,25.99235,338.56,0.42,0.45,2023-07-31,0038,N,VIIRS,n,2,297.37,8.05,N,0
38.46606,25.98788,348.09,0.42,0.45,2023-07-31,0038,N,VIIRS,n,2,300.49,8.05,N,0
38.46923,25.99346,341.05,0.42,0.45,2023-07-31,0038,N,VIIRS,n,2,302.45,8.05,N,0
38.47016,25.98923,346.46,0.42,0.45,2023-07-31,0038,N,VIIRS,n,2,298.15,8.05,N,0
38.47431,25.99035,337.28,0.42,0.45,2023-07-31,0038,N,VIIRS,n,2,296.52,3.72,N,0
38.47044,25.99233,355.04,0.42,0.45,2023-07-31,0038,N,VIIRS,n,2,299.78,5.88,N,0
38.47136,25.9882,347.99,0.42,0.45,2023-07-31,0038,N,VIIRS,n,2,300.59,5.88,N,0
41.09045,25.01139,347.36,0.43,0.62,2023-07-31,1020,N,VIIRS,n,2,293.32,6.44,D,0
39.5551,22.48587,345.41,0.49,0.48,2023-07-31,1200,N,VIIRS,n,2,308.43,3.22,D,0
39.55959,22.48538,332.31,0.49,0.48,2023-07-31,1200,N,VIIRS,l,2,305.64,3.22,D,0
38.13044,23.52398,316.74,0.38,0.36,2023-08-01,0020,N,VIIRS,n,2,295.45,1.54,N,2
38.37446,24.06173,313.12,0.39,0.36,2023-08-01,0020,N,VIIRS,n,2,295.49,1.67,N,2
37.91826,23.07386,309.01,0.38,0.36,2023-08-01,0020,N,VIIRS,n,2,295.97,1.81,N,2
38.1298,23.52441,311.45,0.49,0.4,2023-08-02,0001,N,VIIRS,n,2,294.24,1.48,N,2
39.06566,22.54919,305.92,0.56,0.43,2023-08-02,0001,N,VIIRS,n,2,290.78,0.85,N,0
38.3737,24.06351,304.78,0.47,0.4,2023-08-02,0001,N,VIIRS,n,2,293.66,1.28,N,2
39.35417,22.98248,304.93,0.51,0.66,2023-08-03,0122,N,VIIRS,n,2,293.7,1.38,N,2
38.07589,23.63913,338.54,0.52,0.41,2023-08-03,1103,N,VIIRS,l,2,312.87,8.99,D,0
40.76302,22.45913,340.53,0.52,0.41,2023-08-03,1104,N,VIIRS,n,2,304.89,4.04,D,0
38.37287,24.05884,309.56,0.36,0.57,2023-08-04,0103,N,VIIRS,n,2,296.17,1.59,N,2
35.01437,25.71735,341.67,0.54,0.51,2023-08-04,1044,N,VIIRS,n,2,305.82,2.1,D,0
35.01177,25.71875,341.12,0.54,0.51,2023-08-04,1044,N,VIIRS,n,2,305.57,2.69,D,0
40.94606,26.19688,347.17,0.57,0.43,2023-08-04,1045,N,VIIRS,n,2,309.87,21.01,D,0
40.94218,26.19832,350.8,0.57,0.43,2023-08-04,1045,N,VIIRS,n,2,311.75,7.41,D,0
36.95708,27.01134,308.84,0.62,0.54,2023-08-05,0045,N,VIIRS,n,2,295.91,3.15,N,0
36.95541,27.01813,311.43,0.62,0.54,2023-08-05,0045,N,VIIRS,n,2,295.96,2.86,N,0
36.95651,27.01784,311.09,0.62,0.54,2023-08-05,0045,N,VIIRS,n,2,295.61,3.45,N,0
39.43242,22.68348,342.91,0.6,0.53,2023-08-05,1207,N,VIIRS,n,2,304.19,9.97,D,0
39.43196,22.67607,335.97,0.6,0.53,2023-08-05,1207,N,VIIRS,n,2,303.59,9.97,D,0
39.43199,22.68325,343.78,0.6,0.53,2023-08-05,1207,N,VIIRS,n,2,304.63,11.4,D,0
38.11981,23.58285,307.31,0.4,0.37,2023-08-06,0026,N,VIIRS,n,2,295.59,1.36,N,0
38.12975,23.52492,314.62,0.4,0.37,2023-08-06,0026,N,VIIRS,n,2,297.8,1.66,N,2
38.12057,23.57844,321.45,0.4,0.37,2023-08-06,0026,N,VIIRS,n,2,296.09,2.58,N,0
38.12393,23.57919,312.87,0.4,0.37,2023-08-06,0026,N,VIIRS,n,2,295.02,1.53,N,0
38.37513,24.06197,309.83,0.41,0.37,2023-08-06,0026,N,VIIRS,n,2,297.21,2.1,N,3
39.38732,22.80583,309.23,0.39,0.36,2023-08-06,0026,N,VIIRS,n,2,295.58,1.2,N,2
38.11733,23.96774,344.33,0.39,0.44,2023-08-06,1147,N,VIIRS,n,2,309.73,3.92,D,0
39.39544,22.3969,347.96,0.51,0.41,2023-08-06,1148,N,VIIRS,n,2,308.74,15.67,D,0
41.06972,24.77185,330.88,0.46,0.47,2023-08-06,1148,N,VIIRS,l,2,302.77,3.22,D,0
39.46177,21.88863,331.93,0.48,0.4,2023-08-06,1148,N,VIIRS,l,2,305.78,4.58,D,0
39.40426,22.37145,348.23,0.51,0.41,2023-08-06,1148,N,VIIRS,n,2,309.29,6.08,D,0
39.40111,22.37797,337.85,0.51,0.41,2023-08-06,1148,N,VIIRS,l,2,310.17,4.64,D,0
39.39734,22.37875,344.87,0.51,0.41,2023-08-06,1148,N,VIIRS,n,2,311.28,4.64,D,0
39.39987,22.40227,335.18,0.51,0.41,2023-08-06,1148,N,VIIRS,l,2,306.42,3.64,D,0
39.39166,22.39763,340.46,0.51,0.41,2023-08-06,1148,N,VIIRS,l,2,310.62,15.67,D,0
38.12989,23.52543,311.23,0.43,0.38,2023-08-07,0007,N,VIIRS,n,2,295.8,1.47,N,2
38.37607,24.05952,308.79,0.42,0.37,2023-08-07,0007,N,VIIRS,n,2,296.67,1.64,N,3
38.0371,23.78438,344.16,0.39,0.36,2023-08-07,1128,N,VIIRS,n,2,312.35,2.29,D,0
38.31879,23.62832,341.03,0.39,0.36,2023-08-07,1128,N,VIIRS,l,2,315.78,3.99,D,0
40.57158,22.18702,335.94,0.39,0.36,2023-08-07,1129,N,VIIRS,n,2,305.09,1.91,D,0
38.37382,24.05897,305.96,0.44,0.46,2023-08-07,2348,N,VIIRS,n,2,295.44,1.23,N,2
38.12868,23.52175,305.34,0.46,0.47,2023-08-07,2348,N,VIIRS,n,2,294.39,0.91,N,2
37.63059,25.17401,330.51,0.57,0.43,2023-08-07,2348,N,VIIRS,n,2,298.21,9.05,N,0
41.52343,26.53669,335.34,0.38,0.36,2023-08-08,1110,N,VIIRS,n,2,301.15,33.03,D,0
41.52933,26.53037,333.91,0.38,0.36,2023-08-08,1110,N,VIIRS,n,2,300.39,5.2,D,0
41.53001,26.53496,344.2,0.38,0.36,2023-08-08,1110,N,VIIRS,n,2,301.17,5.2,D,0
41.52604,26.53124,288.84,0.38,0.36,2023-08-08,1110,N,VIIRS,l,2,319.93,33.03,D,0
41.52672,26.53582,344.53,0.38,0.36,2023-08-08,1110,N,VIIRS,n,2,312.35,33.03,D,0
41.52274,26.53211,338.6,0.38,0.36,2023-08-08,1110,N,VIIRS,n,2,307.1,33.03,D,0
40.80687,21.55308,339.24,0.49,0.4,2023-08-08,1110,N,VIIRS,n,2,306.2,6.42,D,0
40.81161,21.55749,339.74,0.49,0.4,2023-08-08,1110,N,VIIRS,n,2,306.95,6.42,D,0
40.79351,21.56376,348.6,0.49,0.4,2023-08-08,1110,N,VIIRS,n,2,308.91,5.74,D,0
40.79827,21.56829,333.2,0.49,0.4,2023-08-08,1110,N,VIIRS,l,2,304.15,3.32,D,0
40.79714,21.56253,340.58,0.49,0.4,2023-08-08,1110,N,VIIRS,n,2,309.61,5.74,D,0
40.796,21.55679,339.2,0.49,0.4,2023-08-08,1110,N,VIIRS,n,2,305.46,5.74,D,0
40.79963,21.55556,346.68,0.49,0.4,2023-08-08,1110,N,VIIRS,n,2,309.28,17.03,D,0
40.80912,21.56447,333.85,0.49,0.4,2023-08-08,1110,N,VIIRS,l,2,305.31,5.67,D,0
40.808,21.55878,342.25,0.49,0.4,2023-08-08,1110,N,VIIRS,n,2,310.16,6.42,D,0
40.79102,21.57072,334.82,0.49,0.4,2023-08-08,1110,N,VIIRS,l,2,305.76,11.19,D,0
38.12876,23.52061,300.9,0.42,0.61,2023-08-08,2329,N,VIIRS,n,2,289.78,0.87,N,0
38.07655,23.63189,305.86,0.41,0.61,2023-08-08,2329,N,VIIRS,n,2,290.57,0.81,N,0
37.63228,25.16994,309.37,0.34,0.56,2023-08-08,2329,N,VIIRS,n,2,293.61,0.96,N,0
38.37343,24.05908,306.81,0.43,0.62,2023-08-09,0110,N,VIIRS,n,2,290.57,1,N,2
41.12914,25.38216,309.75,0.49,0.49,2023-08-10,0050,N,VIIRS,n,2,286.55,0.72,N,0
38.37395,24.05826,305.21,0.49,0.49,2023-08-10,0051,N,VIIRS,n,2,291.69,1.33,N,2
39.35577,22.98241,304.15,0.41,0.45,2023-08-10,0051,N,VIIRS,n,2,291.09,1.87,N,2
39.35382,22.98508,308.63,0.41,0.45,2023-08-10,0051,N,VIIRS,n,2,291.6,0.81,N,2
36.87902,22.67067,367,0.51,0.66,2023-08-10,1032,N,VIIRS,h,2,297.37,8.04,D,0
36.88503,22.66856,338.15,0.51,0.66,2023-08-10,1032,N,VIIRS,n,2,295.45,8.04,D,0
36.87849,22.66827,356.33,0.51,0.66,2023-08-10,1032,N,VIIRS,n,2,296.51,7.1,D,0
38.13095,23.52409,305.86,0.44,0.38,2023-08-11,0032,N,VIIRS,n,2,291.07,0.99,N,2
37.91883,23.07184,307.4,0.42,0.38,2023-08-11,0032,N,VIIRS,n,2,295.42,1.57,N,2
39.35441,22.98694,302.27,0.41,0.37,2023-08-11,0032,N,VIIRS,n,2,291.24,0.85,N,2
38.37394,24.06277,305.33,0.45,0.39,2023-08-11,0032,N,VIIRS,n,2,291.71,0.62,N,2
37.04113,21.82422,303.84,0.4,0.37,2023-08-11,0033,N,VIIRS,n,2,288.64,0.65,N,0
38.09621,24.41689,355.05,0.67,0.74,2023-08-11,1013,N,VIIRS,n,2,292.34,33.45,D,0
38.09466,24.41875,367,0.67,0.74,2023-08-11,1013,N,VIIRS,h,2,293.48,28.59,D,0
38.09772,24.42854,348.14,0.67,0.74,2023-08-11,1013,N,VIIRS,n,2,288.47,40.55,D,0
38.10137,24.4164,341.58,0.67,0.74,2023-08-11,1013,N,VIIRS,n,2,286.36,28.59,D,0
38.09882,24.42507,356.14,0.67,0.74,2023-08-11,1013,N,VIIRS,n,2,289.2,33.45,D,0
38.09412,24.41034,331.1,0.67,0.74,2023-08-11,1013,N,VIIRS,n,2,286.51,17.4,D,0
38.09987,24.4123,354.6,0.49,0.49,2023-08-11,1154,N,VIIRS,n,2,296.3,43.12,D,0
38.09541,24.41354,345.75,0.49,0.49,2023-08-11,1154,N,VIIRS,n,2,308.98,43.12,D,0
37.91908,23.07355,307.2,0.4,0.37,2023-08-12,0013,N,VIIRS,n,2,295.68,1.68,N,2
38.13122,23.52546,303.75,0.39,0.37,2023-08-12,0013,N,VIIRS,n,2,291.6,0.62,N,2
38.0353,23.47504,338.69,0.39,0.44,2023-08-12,2354,N,VIIRS,n,2,294.75,8.72,N,0
38.03137,23.47336,339.04,0.39,0.44,2023-08-12,2354,N,VIIRS,n,2,295.07,8.72,N,0
38.03089,23.47807,339.19,0.39,0.44,2023-08-12,2354,N,VIIRS,n,2,295.8,6.02,N,0
38.12869,23.52382,307.24,0.39,0.44,2023-08-12,2354,N,VIIRS,n,2,292.96,0.91,N,2
38.03487,23.4792,333.2,0.39,0.44,2023-08-12,2354,N,VIIRS,n,2,293.57,6.02,N,0
40.9663,25.16807,341.46,0.38,0.36,2023-08-13,1116,N,VIIRS,n,2,302.41,3.53,D,0
40.90691,25.9599,304.52,0.54,0.51,2023-08-13,2335,N,VIIRS,n,2,291.88,1,N,0
38.11978,20.76031,312.62,0.49,0.65,2023-08-13,2336,N,VIIRS,n,2,287.91,2.83,N,0
38.1077,20.75738,314.92,0.49,0.65,2023-08-13,2336,N,VIIRS,n,2,287.92,2.66,N,0
38.11969,20.75763,303.34,0.49,0.65,2023-08-13,2336,N,VIIRS,n,2,287.37,0.79,N,0
38.1138,20.75256,341.9,0.49,0.65,2023-08-13,2336,N,VIIRS,n,2,288.82,5.54,N,0
38.11409,20.74906,300.16,0.49,0.65,2023-08-13,2336,N,VIIRS,n,2,287.04,6.97,N,0
38.11326,20.76564,307.49,0.49,0.65,2023-08-13,2336,N,VIIRS,n,2,288.03,2.05,N,0
38.11387,20.75515,367,0.49,0.65,2023-08-13,2336,N,VIIRS,h,2,290.9,6.97,N,0
38.11363,20.762,323.51,0.49,0.65,2023-08-13,2336,N,VIIRS,n,2,289.22,2.83,N,0
38.10763,20.7544,312.13,0.49,0.65,2023-08-13,2336,N,VIIRS,n,2,288.17,5.54,N,0
38.11352,20.75936,348.12,0.49,0.65,2023-08-13,2336,N,VIIRS,n,2,289.95,5.54,N,0
38.11278,20.75585,367,0.36,0.57,2023-08-14,0116,N,VIIRS,h,2,291.97,2.1,N,0
38.11193,20.75912,301.38,0.36,0.57,2023-08-14,0116,N,VIIRS,n,2,288.39,2.1,N,0
38.11767,20.75869,300.76,0.36,0.57,2023-08-14,0116,N,VIIRS,n,2,288,2.1,N,0
40.9802,22.06368,301.16,0.41,0.37,2023-08-16,0038,N,VIIRS,n,2,289.72,0.8,N,0
39.35537,22.98338,308.55,0.46,0.39,2023-08-16,0038,N,VIIRS,n,2,294.52,1.61,N,2
38.12958,23.52613,305.69,0.5,0.41,2023-08-16,0038,N,VIIRS,n,2,294.57,0.89,N,2
35.0393,25.20829,341.47,0.62,0.71,2023-08-16,1018,N,VIIRS,n,2,301.95,4.63,D,0
35.04751,25.21194,341.8,0.62,0.71,2023-08-16,1018,N,VIIRS,n,2,301.66,6.22,D,0
35.04523,25.21105,355.77,0.62,0.71,2023-08-16,1018,N,VIIRS,n,2,302.73,12.82,D,0
39.26402,21.99599,347.05,0.46,0.47,2023-08-16,1200,N,VIIRS,n,2,307.56,5.93,D,0
39.25997,21.99832,356.73,0.46,0.47,2023-08-16,1200,N,VIIRS,n,2,306.63,10.58,D,0
39.26434,21.99779,348.42,0.46,0.47,2023-08-16,1200,N,VIIRS,n,2,306.79,7.71,D,0
39.25966,21.99655,344.72,0.46,0.47,2023-08-16,1200,N,VIIRS,n,2,308.08,8.85,D,0
40.51772,21.14294,343.43,0.43,0.46,2023-08-16,1201,N,VIIRS,n,2,305.98,4.87,D,0
39.35563,22.98517,313.08,0.39,0.36,2023-08-17,0019,N,VIIRS,n,2,296,1.46,N,2
38.37589,24.06331,306.3,0.39,0.36,2023-08-17,0019,N,VIIRS,n,2,295.73,1.41,N,2
38.12849,23.5243,311.13,0.38,0.36,2023-08-17,0020,N,VIIRS,n,2,294.97,0.89,N,2
40.03911,22.1627,344.45,0.44,0.38,2023-08-17,1141,N,VIIRS,n,2,311.38,6.6,D,0
39.54,22.30854,337.91,0.44,0.38,2023-08-17,1141,N,VIIRS,l,2,307.92,4.98,D,0
40.04227,22.16481,343.06,0.44,0.38,2023-08-17,1142,N,VIIRS,n,2,308.76,4.13,D,0
38.12862,23.52341,307.43,0.49,0.4,2023-08-18,0001,N,VIIRS,n,2,297.12,1.86,N,2
38.37413,24.06079,308.27,0.47,0.4,2023-08-18,0001,N,VIIRS,n,2,297.04,1.97,N,2
40.72477,22.69023,342.21,0.39,0.36,2023-08-18,1123,N,VIIRS,n,2,309.94,2.52,D,0
40.6874,22.81682,348.09,0.38,0.36,2023-08-18,1123,N,VIIRS,n,2,310.77,4.35,D,0
40.63544,22.44416,332.18,0.39,0.36,2023-08-18,1123,N,VIIRS,n,2,301.96,2.83,D,0
39.17624,20.89338,306.91,0.41,0.61,2023-08-19,0122,N,VIIRS,n,2,291.98,0.81,N,0
38.37919,23.26501,338.65,0.53,0.42,2023-08-19,1103,N,VIIRS,n,2,310.97,9.05,D,0
40.92627,26.08035,348.82,0.4,0.37,2023-08-19,1104,N,VIIRS,n,2,311.64,13.56,D,0
40.9272,26.06525,356.14,0.4,0.37,2023-08-19,1104,N,VIIRS,n,2,315.14,15.08,D,0
40.92959,26.07933,352.54,0.4,0.37,2023-08-19,1104,N,VIIRS,n,2,312.6,13.56,D,0
40.92228,26.05688,367,0.4,0.37,2023-08-19,1104,N,VIIRS,l,2,327.82,82.94,D,0
40.92308,26.06153,353.01,0.4,0.37,2023-08-19,1104,N,VIIRS,n,2,310.9,15.08,D,0
40.92387,26.06624,355.26,0.4,0.37,2023-08-19,1104,N,VIIRS,n,2,314.54,15.08,D,0
40.92467,26.07096,355.46,0.4,0.37,2023-08-19,1104,N,VIIRS,n,2,315.74,12.52,D,0
40.92547,26.07566,336.74,0.4,0.37,2023-08-19,1104,N,VIIRS,n,2,307.8,12.52,D,0
40.928,26.06995,353.12,0.4,0.37,2023-08-19,1104,N,VIIRS,n,2,315.59,12.52,D,0
40.92879,26.07465,340.66,0.4,0.37,2023-08-19,1104,N,VIIRS,n,2,310.73,12.52,D,0
40.9264,26.06056,356.63,0.4,0.37,2023-08-19,1104,N,VIIRS,n,2,311.02,15.08,D,0
40.92562,26.05589,367,0.4,0.37,2023-08-19,1104,N,VIIRS,l,2,327.45,82.94,D,0
40.93133,26.06898,367,0.4,0.37,2023-08-19,1104,N,VIIRS,h,2,312.78,15.68,D,0
40.93292,26.07838,342.94,0.4,0.37,2023-08-19,1104,N,VIIRS,n,2,312.2,5.88,D,0
40.63066,22.46454,332.53,0.52,0.42,2023-08-19,1104,N,VIIRS,n,2,300.42,4.63,D,0
40.9239,25.99823,309.67,0.4,0.6,2023-08-19,2322,N,VIIRS,n,2,291.31,1.64,N,0
40.9384,26.04698,307.97,0.39,0.6,2023-08-19,2322,N,VIIRS,n,2,288.85,1,N,0
40.93325,26.03782,317.7,0.39,0.6,2023-08-19,2322,N,VIIRS,n,2,283.87,1.94,N,0
40.93282,26.04688,304.84,0.39,0.6,2023-08-19,2322,N,VIIRS,n,2,285.6,1,N,0
40.9324,26.056,302.73,0.39,0.6,2023-08-19,2322,N,VIIRS,n,2,285.38,2.42,N,0
40.92924,26.00397,307.15,0.4,0.6,2023-08-19,2322,N,VIIRS,n,2,291.89,1.64,N,0
40.92366,26.00355,330.56,0.4,0.6,2023-08-19,2322,N,VIIRS,n,2,290.59,1.64,N,0
40.92011,26.07998,327.12,0.39,0.59,2023-08-19,2322,N,VIIRS,n,2,284.9,2.33,N,0
40.91989,26.08469,328.47,0.39,0.59,2023-08-19,2322,N,VIIRS,n,2,289.58,3.87,N,0
40.91436,26.08375,328.46,0.39,0.59,2023-08-19,2322,N,VIIRS,n,2,292.06,3.41,N,0
40.91458,26.07909,305.88,0.39,0.59,2023-08-19,2322,N,VIIRS,n,2,290.48,2.12,N,0
40.90926,26.07365,306.77,0.39,0.59,2023-08-19,2322,N,VIIRS,n,2,291.49,2.12,N,0
40.90392,26.06829,367,0.39,0.59,2023-08-19,2322,N,VIIRS,h,2,295.72,6.29,N,0
40.90416,26.06309,310.31,0.39,0.59,2023-08-19,2322,N,VIIRS,n,2,291.45,6.29,N,0
40.89859,26.06297,352.33,0.39,0.59,2023-08-19,2322,N,VIIRS,n,2,294.69,6.29,N,0
40.89835,26.06833,350.01,0.39,0.59,2023-08-19,2322,N,VIIRS,n,2,293.08,6.29,N,0
40.89883,26.05767,313.71,0.39,0.59,2023-08-19,2322,N,VIIRS,n,2,291.7,5.71,N,0
40.89776,25.95666,325.85,0.4,0.6,2023-08-19,2322,N,VIIRS,n,2,291.73,3.58,N,0
40.89755,25.96137,334.93,0.4,0.6,2023-08-19,2322,N,VIIRS,n,2,292.04,3.58,N,0
40.89302,26.06266,356.38,0.39,0.59,2023-08-19,2322,N,VIIRS,n,2,294.7,4.42,N,0
40.89327,26.05713,318.01,0.39,0.59,2023-08-19,2322,N,VIIRS,n,2,292.77,4.78,N,0
40.88834,26.04262,320.15,0.39,0.6,2023-08-19,2322,N,VIIRS,n,2,289.41,4.45,N,0
40.88793,26.05175,336.48,0.39,0.6,2023-08-19,2322,N,VIIRS,n,2,293.48,4.78,N,0
40.88771,26.05669,333.53,0.39,0.59,2023-08-19,2322,N,VIIRS,n,2,292.89,4.78,N,0
40.88855,26.03801,311.81,0.39,0.6,2023-08-19,2322,N,VIIRS,n,2,289.14,1.47,N,0
40.88746,26.06231,305.38,0.39,0.59,2023-08-19,2322,N,VIIRS,n,2,291.43,4.42,N,0
40.88597,25.9697,334.74,0.4,0.6,2023-08-19,2322,N,VIIRS,n,2,293.3,4.52,N,0
40.88577,25.97432,367,0.4,0.6,2023-08-19,2322,N,VIIRS,h,2,295.37,7.77,N,0
40.88236,26.05146,355.74,0.39,0.6,2023-08-19,2322,N,VIIRS,n,2,293.44,5.3,N,0
40.88213,26.05668,327.48,0.39,0.59,2023-08-19,2322,N,VIIRS,n,2,292.22,5.3,N,0
40.8868,25.95072,311.57,0.4,0.6,2023-08-19,2322,N,VIIRS,n,2,291.7,1.58,N,0
40.88301,26.03695,316.47,0.39,0.6,2023-08-19,2322,N,VIIRS,n,2,292.06,2.3,N,0
40.87766,26.03154,333.51,0.39,0.6,2023-08-19,2322,N,VIIRS,n,2,294.44,2.3,N,0
40.87746,26.03611,327.01,0.39,0.6,2023-08-19,2322,N,VIIRS,n,2,293.03,2.3,N,0
40.88081,25.95941,305.67,0.4,0.6,2023-08-19,2322,N,VIIRS,n,2,292.21,1.39,N,0
40.8804,25.96884,308.22,0.4,0.6,2023-08-19,2322,N,VIIRS,n,2,292.01,4.52,N,0
40.87524,25.95852,320.66,0.4,0.6,2023-08-19,2322,N,VIIRS,n,2,292.44,1.3,N,0
40.87211,26.03058,327.79,0.39,0.6,2023-08-19,2322,N,VIIRS,n,2,293.59,1.76,N,0
40.87544,25.95387,303.93,0.4,0.6,2023-08-19,2322,N,VIIRS,n,2,291.83,1.3,N,0
40.8719,26.0353,308.6,0.39,0.6,2023-08-19,2322,N,VIIRS,n,2,292.08,1.76,N,0
40.8819,25.97243,333.15,0.4,0.6,2023-08-19,2322,N,VIIRS,n,2,292.96,2.32,N,0
40.87881,26.0349,322.19,0.39,0.6,2023-08-19,2322,N,VIIRS,n,2,293.19,3.41,N,0
40.88213,25.96776,306.15,0.4,0.6,2023-08-19,2322,N,VIIRS,n,2,291.64,2.32,N,0
40.87903,26.03037,307.16,0.39,0.6,2023-08-19,2322,N,VIIRS,n,2,292.53,2.92,N,0
40.87702,25.9576,323.59,0.4,0.6,2023-08-19,2322,N,VIIRS,n,2,292.57,1.88,N,0
40.87326,26.03419,336.12,0.39,0.6,2023-08-19,2322,N,VIIRS,n,2,293.12,3.41,N,0
40.8768,25.96222,310.61,0.4,0.6,2023-08-19,2322,N,VIIRS,n,2,292.29,1.88,N,0
40.87349,26.02939,316.91,0.39,0.6,2023-08-19,2322,N,VIIRS,n,2,292.39,2.92,N,0
40.91477,26.08686,311.52,0.39,0.59,2023-08-20,0102,N,VIIRS,n,2,292.13,1.49,N,0
40.93355,26.06147,311.76,0.38,0.59,2023-08-20,0102,N,VIIRS,n,2,291.61,1.87,N,0
40.93234,26.06584,321.1,0.38,0.59,2023-08-20,0102,N,VIIRS,n,2,291.99,1.63,N,0
40.93477,26.05706,320.94,0.38,0.59,2023-08-20,0102,N,VIIRS,n,2,292.35,1.87,N,0
40.93721,26.04819,325.74,0.38,0.59,2023-08-20,0102,N,VIIRS,n,2,292.92,3.35,N,0
40.934,26.08115,325.88,0.39,0.59,2023-08-20,0102,N,VIIRS,n,2,292.48,2.29,N,0
40.92651,26.002,327.2,0.38,0.59,2023-08-20,0102,N,VIIRS,n,2,293.45,1.37,N,0
40.91606,26.08222,305.86,0.39,0.59,2023-08-20,0102,N,VIIRS,n,2,291.56,1.8,N,0
40.87191,25.95829,309.98,0.38,0.59,2023-08-20,0102,N,VIIRS,n,2,292.74,0.97,N,0
40.8759,25.96508,349.19,0.38,0.59,2023-08-20,0102,N,VIIRS,n,2,293.73,4.69,N,0
40.87714,25.96053,336.63,0.38,0.59,2023-08-20,0102,N,VIIRS,n,2,293.79,4.69,N,0
40.87991,25.97183,319.25,0.38,0.59,2023-08-20,0102,N,VIIRS,n,2,293,3.38,N,0
40.88115,25.96726,325.33,0.38,0.59,2023-08-20,0102,N,VIIRS,n,2,293.03,4.69,N,0
40.88238,25.96277,356.15,0.38,0.59,2023-08-20,0102,N,VIIRS,n,2,295.01,4.69,N,0
40.8728,25.96331,322.31,0.38,0.59,2023-08-20,0102,N,VIIRS,n,2,292.84,4.44,N,0
40.8741,25.95869,329.65,0.38,0.59,2023-08-20,0102,N,VIIRS,n,2,293.76,4.44,N,0
40.87679,25.97001,315.78,0.38,0.59,2023-08-20,0102,N,VIIRS,n,2,292.61,2.89,N,0
40.87806,25.9655,349.7,0.38,0.59,2023-08-20,0102,N,VIIRS,n,2,294.14,4.44,N,0
40.87933,25.96094,353.83,0.38,0.59,2023-08-20,0102,N,VIIRS,n,2,294.45,4.44,N,0
40.88203,25.97226,317.34,0.38,0.59,2023-08-20,0102,N,VIIRS,n,2,292.89,1.45,N,0
40.8833,25.96771,305.1,0.38,0.59,2023-08-20,0102,N,VIIRS,n,2,292.54,1.05,N,0
40.88457,25.96316,304.19,0.38,0.59,2023-08-20,0102,N,VIIRS,n,2,292.52,1.05,N,0
40.87116,26.03214,307.79,0.38,0.59,2023-08-20,0102,N,VIIRS,n,2,292.27,1.25,N,0
40.89357,25.9519,306.25,0.38,0.59,2023-08-20,0102,N,VIIRS,n,2,292.22,6.03,N,0
40.86763,26.04476,349.8,0.39,0.59,2023-08-20,0102,N,VIIRS,n,2,293.49,10.13,N,0
40.86874,26.04077,355.33,0.38,0.59,2023-08-20,0102,N,VIIRS,n,2,294.01,13.19,N,0
40.8923,25.95646,367,0.38,0.59,2023-08-20,0102,N,VIIRS,h,2,293.94,7.09,N,0
40.87513,26.03898,312.51,0.38,0.59,2023-08-20,0102,N,VIIRS,n,2,292.66,15.02,N,0
40.87638,26.03449,318.57,0.38,0.59,2023-08-20,0102,N,VIIRS,n,2,293.45,3.01,N,0
40.89622,25.96341,304.76,0.38,0.59,2023-08-20,0102,N,VIIRS,n,2,292.12,1.62,N,0
40.8718,26.05092,353.28,0.39,0.59,2023-08-20,0102,N,VIIRS,n,2,294.72,14.95,N,0
40.87284,26.04719,347.61,0.39,0.59,2023-08-20,0102,N,VIIRS,n,2,304.74,14.95,N,0
40.87395,26.04319,367,0.38,0.59,2023-08-20,0102,N,VIIRS,h,2,297.21,15.02,N,0
40.89746,25.95896,322.58,0.38,0.59,2023-08-20,0102,N,VIIRS,n,2,293.04,1.62,N,0
40.87696,26.0535,333.4,0.39,0.59,2023-08-20,0102,N,VIIRS,n,2,292.93,14.95,N,0
40.87806,26.04957,367,0.39,0.59,2023-08-20,0102,N,VIIRS,h,2,300.34,14.95,N,0
40.87918,26.04555,326.7,0.38,0.59,2023-08-20,0102,N,VIIRS,n,2,292.88,15.02,N,0
40.90136,25.96597,331.98,0.38,0.59,2023-08-20,0102,N,VIIRS,n,2,294.24,1.62,N,0
40.8821,26.05619,367,0.39,0.59,2023-08-20,0102,N,VIIRS,h,2,294.79,4.49,N,0
40.88323,26.05212,320.64,0.39,0.59,2023-08-20,0102,N,VIIRS,n,2,293.52,4.49,N,0
40.88837,26.05479,312.73,0.39,0.59,2023-08-20,0102,N,VIIRS,n,2,292.38,4.49,N,0
40.88619,26.06262,321.72,0.39,0.59,2023-08-20,0102,N,VIIRS,n,2,292.43,6.75,N,0
40.88727,26.05874,347.86,0.39,0.59,2023-08-20,0102,N,VIIRS,n,2,295.61,4.49,N,0
40.89249,26.06114,316.86,0.39,0.59,2023-08-20,0102,N,VIIRS,n,2,292.64,8.82,N,0
40.89031,26.06894,321.65,0.39,0.59,2023-08-20,0102,N,VIIRS,n,2,292.64,12.72,N,0
40.8914,26.06503,367,0.39,0.59,2023-08-20,0102,N,VIIRS,h,2,301.87,12.72,N,0
40.91206,25.99071,329.68,0.38,0.59,2023-08-20,0102,N,VIIRS,n,2,293.42,3.64,N,0
40.89769,26.0636,308.08,0.39,0.59,2023-08-20,0102,N,VIIRS,n,2,292.13,8.82,N,0
40.91615,25.99709,309.49,0.38,0.59,2023-08-20,0102,N,VIIRS,n,2,292.55,1.35,N,0
40.8955,26.07147,355.68,0.39,0.59,2023-08-20,0102,N,VIIRS,n,2,297.24,12.72,N,0
40.8966,26.06752,349.48,0.39,0.59,2023-08-20,0102,N,VIIRS,n,2,294.95,12.72,N,0
40.92024,26.00348,304.23,0.38,0.59,2023-08-20,0102,N,VIIRS,n,2,291.7,1.37,N,0
40.90059,26.07433,350.4,0.39,0.59,2023-08-20,0102,N,VIIRS,n,2,294.04,3.31,N,0
40.90173,26.07023,326.34,0.39,0.59,2023-08-20,0102,N,VIIRS,n,2,293.07,3.31,N,0
40.92133,25.99956,320.71,0.38,0.59,2023-08-20,0102,N,VIIRS,n,2,293.35,1.37,N,0
40.90685,26.07297,307.78,0.39,0.59,2023-08-20,0102,N,VIIRS,n,2,292.47,3.31,N,0
38.03864,23.5133,308.08,0.34,0.56,2023-08-20,0103,N,VIIRS,n,2,296.13,1.09,N,2
39.35327,22.98623,305.22,0.59,0.53,2023-08-20,0103,N,VIIRS,n,2,293.73,2.07,N,2
40.88528,25.94526,336.84,0.39,0.44,2023-08-20,1045,N,VIIRS,l,2,308.08,3.46,D,0
40.87238,26.06246,347.62,0.39,0.44,2023-08-20,1045,N,VIIRS,n,2,310.41,21.25,D,0
40.87139,26.05783,343.16,0.39,0.44,2023-08-20,1045,N,VIIRS,n,2,308.8,21.25,D,0
40.86831,26.04356,339.71,0.39,0.44,2023-08-20,1045,N,VIIRS,n,2,306.05,4.84,D,0
40.87334,26.06692,367,0.39,0.44,2023-08-20,1045,N,VIIRS,l,2,326.35,67.67,D,0
40.87917,26.07442,345.28,0.39,0.44,2023-08-20,1045,N,VIIRS,n,2,303.54,7.58,D,0
40.92424,26.02876,343.19,0.39,0.44,2023-08-20,1045,N,VIIRS,n,2,306.21,9.53,D,0
40.93265,26.06841,350.26,0.38,0.44,2023-08-20,1045,N,VIIRS,n,2,309.25,6.78,D,0
40.89616,25.93664,291.18,0.39,0.44,2023-08-20,1045,N,VIIRS,l,2,323.74,42.4,D,0
40.89516,25.93196,337.95,0.39,0.44,2023-08-20,1045,N,VIIRS,n,2,304.96,42.4,D,0
40.89713,25.94119,355.94,0.39,0.44,2023-08-20,1045,N,VIIRS,n,2,314.77,40.9,D,0
40.89904,25.95011,334.66,0.39,0.44,2023-08-20,1045,N,VIIRS,l,2,306.29,3.55,D,0
40.90189,25.96348,340.15,0.39,0.44,2023-08-20,1045,N,VIIRS,n,2,305.65,3.09,D,0
40.88923,25.92407,330.06,0.39,0.44,2023-08-20,1045,N,VIIRS,n,2,304.28,17.29,D,0
40.89024,25.92879,353.74,0.39,0.44,2023-08-20,1045,N,VIIRS,n,2,310.28,17.29,D,0
40.89125,25.93349,353.75,0.39,0.44,2023-08-20,1045,N,VIIRS,n,2,314.1,42.4,D,0
40.8932,25.94265,354.19,0.39,0.44,2023-08-20,1045,N,VIIRS,n,2,313.23,40.9,D,0
40.89223,25.9381,367,0.39,0.44,2023-08-20,1045,N,VIIRS,h,2,315.18,42.4,D,0
40.8833,25.91622,354.75,0.39,0.44,2023-08-20,1045,N,VIIRS,n,2,307.69,35.33,D,0
40.88531,25.9256,351.19,0.39,0.44,2023-08-20,1045,N,VIIRS,n,2,322.63,40.01,D,0
40.88828,25.93947,351.7,0.39,0.44,2023-08-20,1045,N,VIIRS,n,2,309.25,9.29,D,0
40.88924,25.94397,342.59,0.39,0.44,2023-08-20,1045,N,VIIRS,n,2,307.94,3.46,D,0
40.91996,26.08793,343.59,0.38,0.43,2023-08-20,1045,N,VIIRS,n,2,306.93,3.97,D,0
40.92089,26.0923,341.76,0.38,0.43,2023-08-20,1045,N,VIIRS,n,2,305.22,3.97,D,0
40.87822,26.07,351.69,0.39,0.44,2023-08-20,1045,N,VIIRS,n,2,309.28,6.17,D,0
40.87723,26.0654,343.6,0.39,0.44,2023-08-20,1045,N,VIIRS,n,2,308.28,6.17,D,0
40.87623,26.06076,332.24,0.39,0.44,2023-08-20,1045,N,VIIRS,l,2,307.04,3.35,D,0
40.92721,26.0229,345.28,0.39,0.44,2023-08-20,1045,N,VIIRS,n,2,311.53,41.94,D,0
40.92625,26.01838,351.01,0.39,0.44,2023-08-20,1045,N,VIIRS,n,2,309.83,41.94,D,0
40.92239,26.00018,339.91,0.39,0.44,2023-08-20,1045,N,VIIRS,n,2,304.96,4.62,D,0
40.92138,25.99538,332.9,0.39,0.44,2023-08-20,1045,N,VIIRS,l,2,304.08,3.03,D,0
40.93761,26.05207,341.01,0.39,0.44,2023-08-20,1045,N,VIIRS,n,2,308.15,6.54,D,0
40.93667,26.04761,346.32,0.39,0.44,2023-08-20,1045,N,VIIRS,n,2,308.11,65.92,D,0
40.93484,26.03899,354.31,0.39,0.44,2023-08-20,1045,N,VIIRS,n,2,310.76,46.95,D,0
40.93207,26.02593,346.45,0.39,0.44,2023-08-20,1045,N,VIIRS,n,2,304.16,51.55,D,0
40.93391,26.0346,367,0.39,0.44,2023-08-20,1045,N,VIIRS,l,2,325.4,46.95,D,0
40.93964,26.04178,356.84,0.39,0.44,2023-08-20,1045,N,VIIRS,n,2,304,30.29,D,0
39.50233,21.89872,335.39,0.33,0.55,2023-08-20,1045,N,VIIRS,n,2,300.19,1.46,D,0
40.86442,26.06467,344.19,0.39,0.44,2023-08-20,1045,N,VIIRS,l,2,319.06,123.03,D,0
40.86249,26.05573,349.51,0.39,0.44,2023-08-20,1045,N,VIIRS,n,2,319.14,42.02,D,0
40.8615,26.05114,353.41,0.39,0.44,2023-08-20,1045,N,VIIRS,n,2,313.63,42.02,D,0
40.86646,26.05455,367,0.39,0.44,2023-08-20,1045,N,VIIRS,h,2,310.47,9.01,D,0
40.86938,26.06813,352.56,0.39,0.44,2023-08-20,1045,N,VIIRS,n,2,310.02,67.67,D,0
40.86843,26.0637,353.87,0.39,0.44,2023-08-20,1045,N,VIIRS,n,2,318.38,21.25,D,0
40.86742,26.05904,355.95,0.39,0.44,2023-08-20,1045,N,VIIRS,n,2,317.17,21.25,D,0
40.86544,26.04984,342.35,0.39,0.44,2023-08-20,1045,N,VIIRS,n,2,307.14,9.01,D,0
40.8743,26.07138,346.96,0.39,0.44,2023-08-20,1045,N,VIIRS,n,2,321.8,67.67,D,0
40.88401,26.07733,367,0.38,0.44,2023-08-20,1045,N,VIIRS,h,2,311.12,7.58,D,0
40.88493,26.08164,342.76,0.38,0.44,2023-08-20,1045,N,VIIRS,n,2,306.8,8.22,D,0
40.88309,26.07305,343.75,0.39,0.44,2023-08-20,1045,N,VIIRS,n,2,309.4,7.58,D,0
40.88886,26.0803,356.03,0.38,0.44,2023-08-20,1045,N,VIIRS,n,2,312.23,16.68,D,0
40.89377,26.08354,342.38,0.38,0.44,2023-08-20,1045,N,VIIRS,n,2,305.83,16.68,D,0
40.8928,26.07903,345.85,0.38,0.44,2023-08-20,1045,N,VIIRS,n,2,307.82,16.68,D,0
40.88884,26.06054,337.65,0.39,0.44,2023-08-20,1045,N,VIIRS,n,2,306.67,2.93,D,0
40.89766,26.08206,348.7,0.38,0.44,2023-08-20,1045,N,VIIRS,n,2,308.53,13.92,D,0
40.89671,26.07763,335.7,0.38,0.44,2023-08-20,1045,N,VIIRS,l,2,306.42,13.92,D,0
40.87139,25.95958,342.88,0.39,0.44,2023-08-20,1045,N,VIIRS,n,2,306.33,5.14,D,0
40.90151,26.08037,346.22,0.38,0.44,2023-08-20,1045,N,VIIRS,n,2,307.17,13.92,D,0
40.87342,25.94928,352.03,0.39,0.44,2023-08-20,1045,N,VIIRS,n,2,313.22,79.26,D,0
40.87146,25.94017,344.83,0.39,0.44,2023-08-20,1045,N,VIIRS,n,2,305.56,66.51,D,0
40.87244,25.94471,367,0.39,0.44,2023-08-20,1045,N,VIIRS,l,2,329.85,66.51,D,0
40.87737,25.94794,367,0.39,0.44,2023-08-20,1045,N,VIIRS,h,2,339,101.85,D,0
40.90538,26.07878,339.21,0.38,0.44,2023-08-20,1045,N,VIIRS,n,2,305.1,1.81,D,0
40.87835,25.95247,345.57,0.39,0.44,2023-08-20,1045,N,VIIRS,n,2,305.96,101.85,D,0
40.87542,25.93883,346.76,0.39,0.44,2023-08-20,1045,N,VIIRS,n,2,309.07,109.16,D,0
40.87444,25.93425,338.22,0.39,0.44,2023-08-20,1045,N,VIIRS,n,2,307.61,5.59,D,0
40.87542,25.91909,367,0.39,0.44,2023-08-20,1045,N,VIIRS,h,2,311.54,36.89,D,0
40.87838,25.93289,349.06,0.39,0.44,2023-08-20,1045,N,VIIRS,n,2,310.09,5.59,D,0
40.87741,25.92834,355.15,0.39,0.44,2023-08-20,1045,N,VIIRS,n,2,308.28,5.59,D,0
40.87444,25.91449,340.87,0.39,0.44,2023-08-20,1045,N,VIIRS,n,2,307.15,10.47,D,0
40.88136,25.92695,367,0.39,0.44,2023-08-20,1045,N,VIIRS,h,2,310.86,40.01,D,0
40.88334,25.93622,335.67,0.39,0.44,2023-08-20,1045,N,VIIRS,n,2,308.67,9.29,D,0
40.88234,25.93156,351.94,0.39,0.44,2023-08-20,1045,N,VIIRS,n,2,310.05,40.01,D,0
40.88035,25.92225,357.21,0.39,0.44,2023-08-20,1045,N,VIIRS,n,2,320.74,35.33,D,0
40.87937,25.91768,342.81,0.39,0.44,2023-08-20,1045,N,VIIRS,n,2,313.37,35.33,D,0
40.87838,25.91307,343,0.39,0.44,2023-08-20,1045,N,VIIRS,n,2,303.2,14.75,D,0
40.8873,25.9349,367,0.39,0.44,2023-08-20,1045,N,VIIRS,h,2,313.08,9.29,D,0
40.8843,25.92086,367,0.39,0.44,2023-08-20,1045,N,VIIRS,h,2,308.66,35.33,D,0
40.92909,26.03177,343.44,0.39,0.44,2023-08-20,1045,N,VIIRS,n,2,318.22,51.55,D,0
40.93002,26.03614,353.09,0.39,0.44,2023-08-20,1045,N,VIIRS,n,2,310.17,46.95,D,0
40.93095,26.04052,334.78,0.39,0.44,2023-08-20,1045,N,VIIRS,l,2,305.93,46.95,D,0
40.92816,26.02735,367,0.39,0.44,2023-08-20,1045,N,VIIRS,h,2,310.85,51.55,D,0
40.9165,25.99237,350.64,0.39,0.44,2023-08-20,1045,N,VIIRS,n,2,308.43,11.77,D,0
40.91748,25.99697,355.71,0.39,0.44,2023-08-20,1045,N,VIIRS,n,2,306.34,11.77,D,0
40.92329,26.02431,355.02,0.39,0.44,2023-08-20,1045,N,VIIRS,n,2,309.62,14.12,D,0
40.49032,21.79442,337.84,0.5,0.66,2023-08-20,1226,N,VIIRS,n,2,301.41,6.32,D,0
40.49091,21.79179,344.81,0.5,0.65,2023-08-20,1226,N,VIIRS,n,2,302.79,3.73,D,0
40.89504,26.08512,325.45,0.69,0.74,2023-08-20,2303,N,VIIRS,n,2,293.86,3.34,N,0
40.88803,26.08389,304.04,0.69,0.74,2023-08-20,2303,N,VIIRS,n,2,293.5,1.77,N,0
40.88105,26.07604,307.73,0.69,0.74,2023-08-20,2303,N,VIIRS,n,2,293.65,1.77,N,0
41.09123,25.11578,347.07,0.77,0.78,2023-08-20,2303,N,VIIRS,n,2,293,9.97,N,0
41.0906,25.11974,339.93,0.77,0.78,2023-08-20,2303,N,VIIRS,n,2,293.12,6.61,N,0
41.09058,25.11003,310.63,0.77,0.78,2023-08-20,2303,N,VIIRS,n,2,291.27,6.61,N,0
40.95147,25.98632,303.79,0.7,0.75,2023-08-20,2303,N,VIIRS,n,2,293.48,2.1,N,0
40.93929,26.01722,312.52,0.7,0.75,2023-08-20,2303,N,VIIRS,n,2,293.87,3.57,N,0
40.93262,25.97379,308.29,0.7,0.75,2023-08-20,2303,N,VIIRS,n,2,294.67,3.87,N,0
40.92566,25.96363,312.23,0.7,0.75,2023-08-20,2303,N,VIIRS,n,2,294.15,2.14,N,0
40.90371,26.08297,304.73,0.69,0.74,2023-08-20,2303,N,VIIRS,n,2,292.54,1.13,N,0
40.8967,26.08404,316.62,0.69,0.74,2023-08-20,2303,N,VIIRS,n,2,293.54,3.52,N,0
40.94444,25.98651,338.81,0.7,0.75,2023-08-20,2303,N,VIIRS,n,2,295.52,6.05,N,0
40.94447,25.97755,304.87,0.7,0.75,2023-08-20,2303,N,VIIRS,n,2,293.88,6.05,N,0
40.9444,25.99505,303.54,0.7,0.75,2023-08-20,2303,N,VIIRS,n,2,293.34,4.22,N,0
40.94431,26.01852,314.12,0.7,0.75,2023-08-20,2303,N,VIIRS,n,2,294.84,5.84,N,0
40.94429,26.02546,315.06,0.7,0.75,2023-08-20,2303,N,VIIRS,n,2,294.67,3.32,N,0
40.94419,26.04956,312.9,0.69,0.74,2023-08-20,2303,N,VIIRS,n,2,292.24,1.73,N,0
40.86178,26.07184,310.59,0.69,0.74,2023-08-20,2303,N,VIIRS,n,2,293.63,2.06,N,0
40.86877,26.07397,304.6,0.69,0.74,2023-08-20,2303,N,VIIRS,n,2,293.59,2.06,N,0
40.87577,26.07486,333.38,0.69,0.74,2023-08-20,2303,N,VIIRS,n,2,294.03,6.54,N,0
40.93041,25.97425,307.07,0.7,0.75,2023-08-20,2303,N,VIIRS,n,2,293.78,2.87,N,0
40.9256,25.97194,304.42,0.7,0.75,2023-08-20,2303,N,VIIRS,n,2,293.09,2.14,N,0
40.9234,25.96426,313.78,0.7,0.75,2023-08-20,2303,N,VIIRS,n,2,293.83,5.58,N,0
40.88965,26.09087,317.51,0.69,0.74,2023-08-20,2303,N,VIIRS,n,2,293.16,3.52,N,0
40.90203,26.08443,312.89,0.69,0.74,2023-08-20,2303,N,VIIRS,n,2,293.15,3.34,N,0
40.94862,26.03174,317.09,0.45,0.47,2023-08-21,0044,N,VIIRS,n,2,296.47,2.57,N,0
40.89975,26.08587,304.7,0.45,0.47,2023-08-21,0044,N,VIIRS,n,2,294.29,2.82,N,0
40.86196,26.07156,344.73,0.45,0.47,2023-08-21,0044,N,VIIRS,n,2,298.85,7,N,0
40.86748,26.06747,305.64,0.45,0.47,2023-08-21,0044,N,VIIRS,n,2,294.75,39.72,N,0
40.86502,26.07802,325.71,0.45,0.47,2023-08-21,0044,N,VIIRS,n,2,298.1,24.49,N,0
40.86623,26.07282,339.94,0.45,0.47,2023-08-21,0044,N,VIIRS,n,2,324.12,39.72,N,0
40.86926,26.07943,337.83,0.45,0.47,2023-08-21,0044,N,VIIRS,n,2,296.61,24.49,N,0
40.8705,26.07411,340.22,0.45,0.47,2023-08-21,0044,N,VIIRS,n,2,300.56,39.72,N,0
41.0877,25.12075,352.08,0.4,0.45,2023-08-21,0044,N,VIIRS,n,2,295.25,7.58,N,0
40.87347,26.08101,338.99,0.45,0.47,2023-08-21,0044,N,VIIRS,n,2,297.17,3.86,N,0
40.87762,26.0828,337.34,0.45,0.47,2023-08-21,0044,N,VIIRS,n,2,298.01,3.86,N,0
40.91338,24.64823,303.68,0.39,0.44,2023-08-21,0044,N,VIIRS,n,2,291.23,0.59,N,0
40.94379,26.05291,324.42,0.45,0.47,2023-08-21,0044,N,VIIRS,n,2,295.26,1.86,N,0
40.94802,26.0543,310.68,0.45,0.47,2023-08-21,0044,N,VIIRS,n,2,294.96,1.86,N,0
38.37523,24.06084,309.09,0.41,0.45,2023-08-21,0044,N,VIIRS,n,2,297.1,1.68,N,3
40.88885,26.09348,341.39,0.45,0.47,2023-08-21,0044,N,VIIRS,n,2,300.18,9.7,N,0
40.88177,26.0846,324.21,0.45,0.47,2023-08-21,0044,N,VIIRS,n,2,296.76,2.67,N,0
40.85347,26.06874,346.46,0.45,0.47,2023-08-21,0044,N,VIIRS,n,2,296.62,8.12,N,0
40.85651,26.07531,319.81,0.45,0.47,2023-08-21,0044,N,VIIRS,n,2,294.13,2.84,N,0
40.92616,25.97125,346.46,0.45,0.47,2023-08-21,0044,N,VIIRS,n,2,300.38,40.08,N,0
40.90267,26.09298,315.34,0.45,0.47,2023-08-21,0044,N,VIIRS,n,2,294.06,2.54,N,0
40.9291,25.97816,311.06,0.45,0.47,2023-08-21,0044,N,VIIRS,n,2,295.97,5.77,N,0
40.90387,26.08782,329.61,0.45,0.47,2023-08-21,0044,N,VIIRS,n,2,295.52,2.82,N,0
40.93038,25.97262,367,0.45,0.47,2023-08-21,0044,N,VIIRS,h,2,326.12,40.08,N,0
40.93162,25.96719,339.52,0.45,0.47,2023-08-21,0044,N,VIIRS,n,2,297.26,40.08,N,0
40.93335,25.97945,307.16,0.45,0.47,2023-08-21,0044,N,VIIRS,n,2,296.84,1.39,N,0
40.93463,25.97383,340.78,0.45,0.47,2023-08-21,0044,N,VIIRS,n,2,298.21,6.61,N,0
40.85772,26.07013,338.6,0.45,0.47,2023-08-21,0044,N,VIIRS,n,2,298.12,7,N,0
40.86076,26.0767,321.53,0.45,0.47,2023-08-21,0044,N,VIIRS,n,2,295.28,2.84,N,0
40.89854,26.09111,335.15,0.45,0.47,2023-08-21,0044,N,VIIRS,n,2,296.06,2.54,N,0
40.93633,25.98622,306.69,0.45,0.47,2023-08-21,0044,N,VIIRS,n,2,296.52,1.39,N,0
40.94366,25.99381,314.12,0.45,0.47,2023-08-21,0044,N,VIIRS,n,2,296.74,4.22,N,0
40.94489,25.98844,338.82,0.45,0.47,2023-08-21,0044,N,VIIRS,n,2,298.18,5.72,N,0
40.9454,26.00605,307.53,0.45,0.47,2023-08-21,0044,N,VIIRS,n,2,296.07,2.01,N,0
40.94783,25.99541,313.36,0.45,0.47,2023-08-21,0044,N,VIIRS,n,2,296.79,2.97,N,0
40.94164,26.02252,334.07,0.45,0.47,2023-08-21,0044,N,VIIRS,n,2,298.41,3.49,N,0
40.94902,25.99021,330.02,0.45,0.47,2023-08-21,0044,N,VIIRS,n,2,297.41,3.6,N,0
40.92738,25.96589,314.78,0.45,0.47,2023-08-21,0044,N,VIIRS,n,2,296.9,40.08,N,0
40.9249,25.97671,305.47,0.45,0.47,2023-08-21,0044,N,VIIRS,n,2,295.3,5.77,N,0
40.89309,26.0949,330.47,0.45,0.47,2023-08-21,0044,N,VIIRS,n,2,296.33,9.7,N,0
40.89437,26.08938,336.04,0.45,0.47,2023-08-21,0044,N,VIIRS,n,2,296.58,9.7,N,0
40.92194,25.96986,335.66,0.45,0.47,2023-08-21,0044,N,VIIRS,n,2,297.35,5.89,N,0
40.94574,26.02444,318,0.45,0.47,2023-08-21,0044,N,VIIRS,n,2,297.47,3.49,N,0
40.94497,26.04775,311.32,0.45,0.47,2023-08-21,0044,N,VIIRS,n,2,293.12,2.25,N,0
40.85518,26.06412,367,0.33,0.55,2023-08-21,1026,N,VIIRS,h,2,319.3,13.51,D,0
41.06684,24.73521,343.18,0.37,0.58,2023-08-21,1026,N,VIIRS,n,2,304.21,3.76,D,0
41.19253,25.55571,367,0.34,0.56,2023-08-21,1026,N,VIIRS,h,2,311.95,67.96,D,0
41.1854,25.5497,307.91,0.34,0.56,2023-08-21,1026,N,VIIRS,l,2,321.45,42.57,D,0
41.18639,25.55342,367,0.34,0.56,2023-08-21,1026,N,VIIRS,l,2,336.01,42.57,D,0
41.1874,25.55725,367,0.34,0.56,2023-08-21,1026,N,VIIRS,h,2,310.25,44.62,D,0
41.1804,25.55175,335.76,0.34,0.56,2023-08-21,1026,N,VIIRS,n,2,304.09,42.57,D,0
41.11501,26.17876,367,0.64,0.54,2023-08-21,1026,N,VIIRS,l,2,332.41,155.6,D,0
41.11259,26.16945,334.09,0.32,0.54,2023-08-21,1026,N,VIIRS,n,2,302.84,122,D,0
41.11685,26.18588,343.13,0.64,0.54,2023-08-21,1026,N,VIIRS,n,2,306.02,155.6,D,0
41.10874,26.1753,367,0.32,0.54,2023-08-21,1026,N,VIIRS,l,2,332.24,122,D,0
41.10777,26.17154,356,0.32,0.54,2023-08-21,1026,N,VIIRS,n,2,303.28,122,D,0
41.11022,26.18102,346.2,0.64,0.54,2023-08-21,1026,N,VIIRS,n,2,311.74,155.6,D,0
40.9503,25.99947,367,0.33,0.55,2023-08-21,1026,N,VIIRS,l,2,336.09,155.82,D,0
40.95118,26.00283,367,0.33,0.55,2023-08-21,1026,N,VIIRS,l,2,337.58,155.82,D,0
40.95393,26.01336,311.33,0.33,0.55,2023-08-21,1026,N,VIIRS,l,2,321.23,145.54,D,0
40.94656,25.98518,342.64,0.33,0.55,2023-08-21,1026,N,VIIRS,n,2,315.26,37.12,D,0
40.94942,25.9961,347.49,0.33,0.55,2023-08-21,1026,N,VIIRS,n,2,305.06,46.3,D,0
40.95208,26.00626,354.57,0.33,0.55,2023-08-21,1026,N,VIIRS,n,2,313.82,63.75,D,0
40.95301,26.00982,353,0.33,0.55,2023-08-21,1026,N,VIIRS,n,2,313.61,63.75,D,0
40.95591,26.02097,347.68,0.33,0.55,2023-08-21,1026,N,VIIRS,n,2,321.07,56.03,D,0
40.95694,26.02489,356.19,0.33,0.55,2023-08-21,1026,N,VIIRS,n,2,305.81,56.03,D,0
40.94756,25.989,367,0.33,0.55,2023-08-21,1026,N,VIIRS,h,2,322.03,37.12,D,0
40.94852,25.99265,367,0.33,0.55,2023-08-21,1026,N,VIIRS,h,2,305.19,46.3,D,0
40.94457,25.9984,208,0.33,0.55,2023-08-21,1026,N,VIIRS,l,2,324.38,66.78,D,0
40.94555,26.00215,367,0.33,0.55,2023-08-21,1026,N,VIIRS,l,2,372.48,154.93,D,0
40.94646,26.00563,367,0.33,0.55,2023-08-21,1026,N,VIIRS,l,2,337.39,154.93,D,0
40.95193,26.0265,367,0.33,0.55,2023-08-21,1026,N,VIIRS,l,2,331.22,34.15,D,0
40.93559,25.96408,333.87,0.33,0.55,2023-08-21,1026,N,VIIRS,n,2,302.18,25.15,D,0
40.93663,25.96808,347.68,0.33,0.55,2023-08-21,1026,N,VIIRS,n,2,301.94,25.15,D,0
40.93858,25.97553,346.33,0.33,0.55,2023-08-21,1026,N,VIIRS,n,2,307.45,57.01,D,0
40.9405,25.98284,337.64,0.33,0.55,2023-08-21,1026,N,VIIRS,n,2,302.31,44.08,D,0
40.9436,25.99467,354.92,0.33,0.55,2023-08-21,1026,N,VIIRS,n,2,308.1,66.78,D,0
40.94738,26.00914,354.41,0.33,0.55,2023-08-21,1026,N,VIIRS,n,2,323.82,25.28,D,0
40.95005,26.01931,353.25,0.33,0.55,2023-08-21,1026,N,VIIRS,n,2,322.25,17.19,D,0
40.95395,26.03426,339.87,0.33,0.55,2023-08-21,1026,N,VIIRS,n,2,304.92,60.74,D,0
40.93765,25.97196,367,0.33,0.55,2023-08-21,1026,N,VIIRS,h,2,302.73,57.01,D,0
40.93952,25.97911,367,0.33,0.55,2023-08-21,1026,N,VIIRS,h,2,305.75,44.08,D,0
40.94153,25.98677,367,0.33,0.55,2023-08-21,1026,N,VIIRS,h,2,307.71,12.4,D,0
40.94257,25.99076,367,0.33,0.55,2023-08-21,1026,N,VIIRS,h,2,313.46,12.4,D,0
40.94828,26.0126,367,0.33,0.55,2023-08-21,1026,N,VIIRS,h,2,312.57,25.28,D,0
40.94917,26.01595,367,0.33,0.55,2023-08-21,1026,N,VIIRS,h,2,311.27,17.19,D,0
40.95097,26.02283,367,0.33,0.55,2023-08-21,1026,N,VIIRS,h,2,320.82,34.15,D,0
40.95294,26.03037,367,0.33,0.55,2023-08-21,1026,N,VIIRS,h,2,324.49,60.74,D,0
40.93152,25.96941,334.86,0.33,0.55,2023-08-21,1026,N,VIIRS,n,2,309.52,25.15,D,0
40.93347,25.97684,355.61,0.33,0.55,2023-08-21,1026,N,VIIRS,n,2,312.69,57.01,D,0
40.93639,25.98795,337.71,0.33,0.55,2023-08-21,1026,N,VIIRS,n,2,305.95,12.4,D,0
40.9425,26.0113,344.28,0.33,0.55,2023-08-21,1026,N,VIIRS,n,2,310.18,25.28,D,0
40.9452,26.02157,348.07,0.33,0.55,2023-08-21,1026,N,VIIRS,n,2,310.12,17.19,D,0
40.94606,26.0249,338.16,0.33,0.55,2023-08-21,1026,N,VIIRS,n,2,307.67,34.15,D,0
40.94696,26.02833,345.13,0.33,0.55,2023-08-21,1026,N,VIIRS,n,2,309.43,34.15,D,0
40.92949,25.96167,367,0.33,0.55,2023-08-21,1026,N,VIIRS,h,2,307.96,11.99,D,0
40.93051,25.96556,367,0.33,0.55,2023-08-21,1026,N,VIIRS,h,2,309.46,25.15,D,0
40.93251,25.97316,367,0.33,0.55,2023-08-21,1026,N,VIIRS,h,2,328.68,57.01,D,0
40.9354,25.98418,367,0.33,0.55,2023-08-21,1026,N,VIIRS,h,2,308.23,44.08,D,0
40.94344,26.01487,367,0.33,0.55,2023-08-21,1026,N,VIIRS,h,2,313.13,25.28,D,0
40.94432,26.01824,367,0.33,0.55,2023-08-21,1026,N,VIIRS,h,2,310.95,17.19,D,0
40.92442,25.96314,333.68,0.33,0.55,2023-08-21,1026,N,VIIRS,n,2,303.9,4.26,D,0
40.94788,26.0526,354.13,0.33,0.55,2023-08-21,1026,N,VIIRS,n,2,309.25,10.58,D,0
40.92543,25.96702,367,0.33,0.55,2023-08-21,1026,N,VIIRS,h,2,309.33,8.6,D,0
40.92643,25.97083,367,0.33,0.55,2023-08-21,1026,N,VIIRS,h,2,309.71,8.6,D,0
40.94684,26.04864,367,0.33,0.55,2023-08-21,1026,N,VIIRS,h,2,309.55,10.58,D,0
40.94297,26.0546,350.23,0.33,0.55,2023-08-21,1026,N,VIIRS,n,2,310.74,10.58,D,0
40.94399,26.05848,353.89,0.33,0.55,2023-08-21,1026,N,VIIRS,n,2,319.76,37.44,D,0
40.94502,26.0624,367,0.32,0.55,2023-08-21,1026,N,VIIRS,h,2,309.48,37.44,D,0
40.93807,26.05662,356.62,0.33,0.55,2023-08-21,1026,N,VIIRS,n,2,312.79,13.35,D,0
40.93907,26.06044,367,0.33,0.55,2023-08-21,1026,N,VIIRS,h,2,315.06,20.13,D,0
40.89871,25.94859,340.33,0.33,0.55,2023-08-21,1026,N,VIIRS,n,2,306.06,5.51,D,0
40.89967,25.95223,367,0.33,0.55,2023-08-21,1026,N,VIIRS,h,2,307.44,7.96,D,0
40.8974,25.95378,339.88,0.33,0.55,2023-08-21,1026,N,VIIRS,n,2,307.66,1.79,D,0
40.90131,26.09538,367,0.32,0.55,2023-08-21,1026,N,VIIRS,h,2,311.82,8.41,D,0
40.90226,26.09904,367,0.32,0.55,2023-08-21,1026,N,VIIRS,h,2,313.32,8.41,D,0
40.89738,26.10113,342.52,0.32,0.55,2023-08-21,1026,N,VIIRS,n,2,307.62,8.41,D,0
40.89645,26.09752,367,0.32,0.55,2023-08-21,1026,N,VIIRS,h,2,316.29,8.41,D,0
40.87885,26.09239,333.79,0.33,0.55,2023-08-21,1026,N,VIIRS,n,2,307.25,12.61,D,0
40.87975,26.09588,337.22,0.33,0.55,2023-08-21,1026,N,VIIRS,n,2,308.95,7.6,D,0
40.88068,26.09945,350.1,0.32,0.55,2023-08-21,1026,N,VIIRS,n,2,309.89,7.6,D,0
40.85703,26.02945,335.94,0.33,0.55,2023-08-21,1026,N,VIIRS,l,2,308.4,1.76,D,0
40.87305,26.09096,350.15,0.33,0.55,2023-08-21,1026,N,VIIRS,n,2,315.32,12.61,D,0
40.87397,26.09453,367,0.33,0.55,2023-08-21,1026,N,VIIRS,h,2,317.84,12.61,D,0
40.86715,26.08919,347.36,0.33,0.55,2023-08-21,1026,N,VIIRS,n,2,310.17,7.2,D,0
40.86811,26.09285,367,0.33,0.55,2023-08-21,1026,N,VIIRS,h,2,316.13,10.69,D,0
40.85221,26.05276,337.03,0.33,0.55,2023-08-21,1026,N,VIIRS,l,2,310.03,8.59,D,0
40.85322,26.0566,356.27,0.33,0.55,2023-08-21,1026,N,VIIRS,n,2,313.12,16.44,D,0
40.85418,26.06027,354.51,0.33,0.55,2023-08-21,1026,N,VIIRS,n,2,315.63,16.44,D,0
40.85617,26.06791,344.91,0.33,0.55,2023-08-21,1026,N,VIIRS,n,2,312.43,13.51,D,0
40.86314,26.09462,334.66,0.33,0.55,2023-08-21,1026,N,VIIRS,n,2,309.3,10.69,D,0
40.84925,26.0414,367,0.33,0.55,2023-08-21,1026,N,VIIRS,h,2,310.96,6.47,D,0
40.85023,26.04515,367,0.33,0.55,2023-08-21,1026,N,VIIRS,h,2,311.55,6.47,D,0
40.86217,26.0909,367,0.33,0.55,2023-08-21,1026,N,VIIRS,h,2,311.55,7.2,D,0
40.8463,26.05095,337.14,0.33,0.55,2023-08-21,1026,N,VIIRS,n,2,311.11,4.75,D,0
40.85124,26.06986,338.1,0.33,0.55,2023-08-21,1026,N,VIIRS,n,2,311.99,2.69,D,0
40.84335,26.03969,367,0.33,0.55,2023-08-21,1026,N,VIIRS,h,2,311.31,22.98,D,0
40.84434,26.04345,367,0.33,0.55,2023-08-21,1026,N,VIIRS,h,2,317.11,10.36,D,0
40.84532,26.04721,367,0.33,0.55,2023-08-21,1026,N,VIIRS,h,2,314.72,10.36,D,0
40.83549,26.03049,339.25,0.33,0.55,2023-08-21,1026,N,VIIRS,n,2,305.71,34.69,D,0
40.83747,26.03804,355.33,0.33,0.55,2023-08-21,1026,N,VIIRS,n,2,310.53,22.98,D,0
40.83944,26.04557,345.02,0.33,0.55,2023-08-21,1026,N,VIIRS,n,2,310.35,10.36,D,0
40.84043,26.04934,336.29,0.33,0.55,2023-08-21,1026,N,VIIRS,n,2,310.21,10.36,D,0
40.84141,26.0531,337.09,0.33,0.55,2023-08-21,1026,N,VIIRS,n,2,310.85,4.75,D,0
40.8424,26.05685,341.66,0.33,0.55,2023-08-21,1026,N,VIIRS,n,2,309.85,4.75,D,0
40.84534,26.06809,341,0.33,0.55,2023-08-21,1026,N,VIIRS,n,2,308.03,2.69,D,0
40.84633,26.0719,341.66,0.33,0.55,2023-08-21,1026,N,VIIRS,n,2,308.34,2.69,D,0
40.83648,26.03427,367,0.33,0.55,2023-08-21,1026,N,VIIRS,h,2,309.21,34.69,D,0
40.83846,26.04182,367,0.33,0.55,2023-08-21,1026,N,VIIRS,h,2,309.71,22.98,D,0
40.8306,26.03266,354.85,0.33,0.55,2023-08-21,1026,N,VIIRS,n,2,314.99,32.57,D,0
40.83456,26.04774,338.19,0.33,0.55,2023-08-21,1026,N,VIIRS,n,2,310.44,5.84,D,0
40.83554,26.0515,351.37,0.33,0.55,2023-08-21,1026,N,VIIRS,n,2,312.97,5.84,D,0
40.83653,26.05525,347.38,0.33,0.55,2023-08-21,1026,N,VIIRS,n,2,310.82,7.41,D,0
40.8316,26.03644,367,0.33,0.55,2023-08-21,1026,N,VIIRS,h,2,314.65,32.57,D,0
40.83258,26.04021,367,0.33,0.55,2023-08-21,1026,N,VIIRS,h,2,314.3,16.89,D,0
40.83358,26.04398,367,0.33,0.55,2023-08-21,1026,N,VIIRS,h,2,313.3,16.89,D,0
40.82572,26.03483,354.06,0.33,0.55,2023-08-21,1026,N,VIIRS,n,2,321.2,32.57,D,0
40.82671,26.03861,349.33,0.33,0.55,2023-08-21,1026,N,VIIRS,n,2,308.59,32.57,D,0
38.56493,23.66323,352.81,0.49,0.65,2023-08-21,1026,N,VIIRS,n,2,305.42,13.26,D,0
38.56159,23.65189,367,0.5,0.65,2023-08-21,1026,N,VIIRS,h,2,304.99,13.74,D,0
38.56326,23.65756,367,0.5,0.65,2023-08-21,1026,N,VIIRS,h,2,305.59,13.74,D,0
38.55597,23.65504,353.4,0.5,0.65,2023-08-21,1026,N,VIIRS,n,2,325.29,80.2,D,0
38.55766,23.66078,349.76,0.5,0.65,2023-08-21,1026,N,VIIRS,n,2,320.85,80.2,D,0
38.55408,23.64864,367,0.5,0.65,2023-08-21,1026,N,VIIRS,h,2,308.3,23.71,D,0
38.55932,23.66642,367,0.49,0.65,2023-08-21,1026,N,VIIRS,h,2,310,133.67,D,0
38.54839,23.65157,367,0.5,0.65,2023-08-21,1026,N,VIIRS,h,2,306.46,23.71,D,0
38.55021,23.65772,367,0.5,0.65,2023-08-21,1026,N,VIIRS,h,2,325.84,80.2,D,0
38.55203,23.66391,367,0.5,0.65,2023-08-21,1026,N,VIIRS,h,2,329.11,80.2,D,0
38.56814,23.65845,330.92,0.5,0.65,2023-08-21,1026,N,VIIRS,n,2,304.12,2.56,D,0
38.55906,23.64959,349.61,0.5,0.66,2023-08-21,1026,N,VIIRS,n,2,306.16,45.12,D,0
38.56076,23.65551,356.47,0.5,0.65,2023-08-21,1026,N,VIIRS,n,2,313.82,45.12,D,0
38.5641,23.66713,347.61,0.5,0.65,2023-08-21,1026,N,VIIRS,n,2,303.08,43.43,D,0
38.5624,23.66121,367,0.5,0.65,2023-08-21,1026,N,VIIRS,h,2,308.21,43.43,D,0
38.55516,23.65878,367,0.5,0.65,2023-08-21,1026,N,VIIRS,l,2,327.1,45.12,D,0
38.55343,23.65278,353.05,0.5,0.66,2023-08-21,1026,N,VIIRS,n,2,319.49,45.12,D,0
38.55845,23.67018,332.92,0.5,0.65,2023-08-21,1026,N,VIIRS,n,2,302.17,43.43,D,0
38.55682,23.66451,367,0.5,0.65,2023-08-21,1026,N,VIIRS,h,2,324.49,43.43,D,0
38.54948,23.66176,367,0.5,0.65,2023-08-21,1026,N,VIIRS,l,2,327.35,67.86,D,0
38.54769,23.65553,354.96,0.5,0.66,2023-08-21,1026,N,VIIRS,n,2,311.21,67.86,D,0
38.5512,23.66772,367,0.5,0.65,2023-08-21,1026,N,VIIRS,h,2,304.45,55.53,D,0
38.25825,22.90062,367,0.55,0.68,2023-08-21,1026,N,VIIRS,h,2,313.1,77.28,D,0
38.24924,22.89346,353.49,0.55,0.68,2023-08-21,1026,N,VIIRS,n,2,302.25,86.13,D,0
38.2517,22.90164,345.12,0.55,0.68,2023-08-21,1026,N,VIIRS,n,2,303.48,77.28,D,0
38.24288,22.89512,336.71,0.55,0.68,2023-08-21,1026,N,VIIRS,n,2,303.08,5.88,D,0
38.24569,22.90442,335.99,0.55,0.68,2023-08-21,1026,N,VIIRS,n,2,301.88,7.02,D,0
38.24736,22.90999,330.21,0.55,0.68,2023-08-21,1026,N,VIIRS,l,2,301.71,7.02,D,0
38.24896,22.91528,337.33,0.55,0.68,2023-08-21,1026,N,VIIRS,n,2,301.37,11.22,D,0
38.23721,22.89905,353.35,0.55,0.68,2023-08-21,1026,N,VIIRS,n,2,302.6,5.88,D,0
38.2398,22.90765,342.92,0.55,0.68,2023-08-21,1026,N,VIIRS,n,2,303.78,7.02,D,0
38.23183,22.90396,344.84,0.55,0.68,2023-08-21,1026,N,VIIRS,n,2,301.87,6.32,D,0
38.23377,22.91036,337.51,0.55,0.68,2023-08-21,1026,N,VIIRS,n,2,303.84,11.32,D,0
38.22338,22.89871,353.09,0.55,0.68,2023-08-21,1026,N,VIIRS,n,2,300.04,6.32,D,0
38.22609,22.90764,348.64,0.55,0.68,2023-08-21,1026,N,VIIRS,n,2,304.11,6.32,D,0
38.2181,22.90392,345.33,0.55,0.68,2023-08-21,1026,N,VIIRS,n,2,301.73,15.22,D,0
38.21186,22.906,367,0.55,0.68,2023-08-21,1026,N,VIIRS,h,2,304.9,15.22,D,0
38.25294,22.89217,335.43,0.55,0.68,2023-08-21,1026,N,VIIRS,n,2,304.5,38.99,D,0
38.25718,22.90656,339.34,0.55,0.68,2023-08-21,1026,N,VIIRS,n,2,302.81,24.77,D,0
38.24896,22.9019,331.72,0.55,0.68,2023-08-21,1026,N,VIIRS,n,2,301.94,38.99,D,0
38.25238,22.91345,331.86,0.55,0.68,2023-08-21,1026,N,VIIRS,n,2,301.32,24.77,D,0
38.2402,22.89536,345.26,0.55,0.68,2023-08-21,1026,N,VIIRS,n,2,303.05,4.92,D,0
38.24307,22.90512,345.73,0.55,0.68,2023-08-21,1026,N,VIIRS,n,2,302.59,4.92,D,0
38.09995,23.57447,367,0.52,0.66,2023-08-21,1026,N,VIIRS,h,2,309.54,17.87,D,0
38.10124,23.57763,350.2,0.51,0.66,2023-08-21,1026,N,VIIRS,n,2,306.76,12.15,D,0
38.09949,23.57172,356.81,0.52,0.66,2023-08-21,1026,N,VIIRS,n,2,307.64,12.15,D,0
38.20251,22.90683,367,0.55,0.68,2023-08-21,1026,N,VIIRS,h,2,305.44,13.13,D,0
38.20011,22.89875,339.79,0.55,0.68,2023-08-21,1026,N,VIIRS,n,2,294.82,13.13,D,3
38.20915,22.90611,367,0.55,0.68,2023-08-21,1026,N,VIIRS,h,2,302.45,11.26,D,0
38.21542,22.90417,367,0.55,0.68,2023-08-21,1026,N,VIIRS,h,2,301.62,11.26,D,0
38.22358,22.90861,341.9,0.55,0.68,2023-08-21,1026,N,VIIRS,n,2,303.32,6.65,D,0
38.22115,22.90041,351.81,0.55,0.68,2023-08-21,1026,N,VIIRS,n,2,300.02,7.16,D,0
38.23109,22.91085,336.61,0.55,0.68,2023-08-21,1026,N,VIIRS,n,2,303.7,6.65,D,0
38.22931,22.90485,348.92,0.55,0.68,2023-08-21,1026,N,VIIRS,n,2,302.67,6.65,D,0
38.23717,22.90828,340.2,0.55,0.68,2023-08-21,1026,N,VIIRS,n,2,304.67,4.92,D,0
38.23482,22.90032,334.01,0.55,0.68,2023-08-21,1026,N,VIIRS,n,2,298.01,4.92,D,0
38.24469,22.91059,334.54,0.55,0.68,2023-08-21,1026,N,VIIRS,n,2,302.5,12.6,D,0
38.25521,22.89989,367,0.55,0.68,2023-08-21,1026,N,VIIRS,h,2,320.24,38.99,D,0
38.24637,22.89307,330.42,0.55,0.68,2023-08-21,1026,N,VIIRS,n,2,301.27,38.99,D,0
38.22689,22.89776,367,0.6,0.53,2023-08-21,1206,N,VIIRS,h,2,313.64,59.34,D,0
38.22193,22.89806,354.94,0.6,0.53,2023-08-21,1206,N,VIIRS,n,2,313.87,6.17,D,0
38.22226,22.90301,341.81,0.61,0.53,2023-08-21,1206,N,VIIRS,n,2,313.11,18.85,D,0
38.21698,22.89857,343.47,0.6,0.53,2023-08-21,1206,N,VIIRS,n,2,310.8,6.17,D,0
38.2124,22.90479,340.33,0.61,0.53,2023-08-21,1206,N,VIIRS,l,2,312.84,9.51,D,0
38.21286,22.9117,348.4,0.61,0.53,2023-08-21,1206,N,VIIRS,n,2,312.36,9.51,D,0
38.20749,22.90605,352.45,0.61,0.53,2023-08-21,1206,N,VIIRS,n,2,312.88,9.51,D,0
38.2026,22.90751,347.29,0.61,0.53,2023-08-21,1206,N,VIIRS,n,2,311.59,15.28,D,0
38.2069,22.90722,349.15,0.6,0.53,2023-08-21,1206,N,VIIRS,n,2,311.91,10.92,D,0
38.20155,22.90217,344.08,0.6,0.53,2023-08-21,1206,N,VIIRS,n,2,307.49,10.92,D,0
38.20201,22.90863,343.88,0.6,0.53,2023-08-21,1206,N,VIIRS,n,2,312.06,10.92,D,0
38.10199,23.5747,341.28,0.33,0.55,2023-08-21,1206,N,VIIRS,l,2,311.28,3.22,D,0
38.25069,22.88085,338.43,0.6,0.53,2023-08-21,1206,N,VIIRS,n,2,309.61,17.78,D,0
38.25116,22.88772,358.07,0.6,0.53,2023-08-21,1206,N,VIIRS,n,2,320.1,26.56,D,0
38.55938,23.65588,353.66,0.34,0.56,2023-08-21,1206,N,VIIRS,n,2,314.77,7.87,D,0
38.5596,23.65962,367,0.34,0.56,2023-08-21,1206,N,VIIRS,h,2,315.17,7.87,D,0
38.56003,23.66716,367,0.34,0.56,2023-08-21,1206,N,VIIRS,h,2,318.3,44.86,D,0
38.55461,23.66364,367,0.34,0.56,2023-08-21,1206,N,VIIRS,l,2,341.36,204.6,D,0
38.55505,23.67122,351.08,0.34,0.56,2023-08-21,1206,N,VIIRS,n,2,308.35,84.7,D,0
38.56479,23.65931,339.84,0.34,0.56,2023-08-21,1206,N,VIIRS,n,2,313.6,7.87,D,0
38.56502,23.66318,367,0.34,0.56,2023-08-21,1206,N,VIIRS,h,2,313.64,44.86,D,0
38.55916,23.65218,338.87,0.33,0.56,2023-08-21,1206,N,VIIRS,n,2,311.63,3.73,D,0
38.55396,23.65239,367,0.33,0.56,2023-08-21,1206,N,VIIRS,h,2,321.05,6.74,D,0
38.55418,23.65606,367,0.34,0.56,2023-08-21,1206,N,VIIRS,h,2,320.03,30.25,D,0
38.5544,23.65991,367,0.34,0.56,2023-08-21,1206,N,VIIRS,h,2,317.82,30.25,D,0
38.55483,23.66741,367,0.34,0.56,2023-08-21,1206,N,VIIRS,h,2,358.07,204.6,D,0
38.54941,23.66391,367,0.34,0.56,2023-08-21,1206,N,VIIRS,l,2,382.08,204.6,D,0
38.54879,23.65302,347.78,0.33,0.56,2023-08-21,1206,N,VIIRS,n,2,315.87,6.74,D,0
38.54921,23.66026,353.02,0.34,0.56,2023-08-21,1206,N,VIIRS,n,2,316.91,30.25,D,0
38.54984,23.67134,349.83,0.34,0.56,2023-08-21,1206,N,VIIRS,n,2,304.97,84.7,D,0
38.549,23.65665,367,0.34,0.56,2023-08-21,1206,N,VIIRS,h,2,316.06,30.25,D,0
38.54963,23.66768,367,0.34,0.56,2023-08-21,1206,N,VIIRS,h,2,330.02,204.6,D,0
38.56413,23.66017,347.94,0.33,0.56,2023-08-21,1206,N,VIIRS,n,2,314.56,11.74,D,0
38.56438,23.66396,367,0.34,0.56,2023-08-21,1206,N,VIIRS,h,2,315.11,37.68,D,0
38.55844,23.65281,347.7,0.33,0.56,2023-08-21,1206,N,VIIRS,n,2,315.46,8.53,D,0
38.5587,23.65671,367,0.33,0.56,2023-08-21,1206,N,VIIRS,h,2,317.51,11.74,D,0
38.55893,23.66046,367,0.33,0.56,2023-08-21,1206,N,VIIRS,h,2,315.3,11.74,D,0
38.55917,23.66419,367,0.34,0.56,2023-08-21,1206,N,VIIRS,h,2,326.98,37.68,D,0
38.55941,23.66797,367,0.34,0.56,2023-08-21,1206,N,VIIRS,h,2,318.74,37.68,D,0
38.55397,23.66445,367,0.34,0.56,2023-08-21,1206,N,VIIRS,l,2,366.91,195.98,D,0
38.55303,23.64966,336.22,0.33,0.56,2023-08-21,1206,N,VIIRS,n,2,311.11,5.29,D,0
38.55373,23.66062,351.5,0.33,0.56,2023-08-21,1206,N,VIIRS,n,2,320.96,53.59,D,0
38.55445,23.67194,346.15,0.34,0.56,2023-08-21,1206,N,VIIRS,n,2,307.9,56.99,D,0
38.55326,23.65322,367,0.33,0.56,2023-08-21,1206,N,VIIRS,h,2,322.58,5.29,D,0
38.55349,23.65687,367,0.33,0.56,2023-08-21,1206,N,VIIRS,h,2,319.55,53.59,D,0
38.55421,23.66821,367,0.34,0.56,2023-08-21,1206,N,VIIRS,h,2,338.29,195.98,D,0
38.54877,23.66466,367,0.34,0.56,2023-08-21,1206,N,VIIRS,l,2,374.95,195.98,D,0
38.54808,23.65385,347.35,0.33,0.56,2023-08-21,1206,N,VIIRS,n,2,314.32,5.29,D,0
38.54923,23.672,342.08,0.34,0.56,2023-08-21,1206,N,VIIRS,n,2,303.84,56.99,D,0
38.54831,23.65747,367,0.33,0.56,2023-08-21,1206,N,VIIRS,h,2,315.07,53.59,D,0
38.549,23.66834,367,0.34,0.56,2023-08-21,1206,N,VIIRS,h,2,312.54,195.98,D,0
38.26131,22.89037,338.57,0.6,0.53,2023-08-21,1206,N,VIIRS,n,2,311.76,133.21,D,0
38.26176,22.89688,352.67,0.61,0.53,2023-08-21,1206,N,VIIRS,n,2,312.3,107.38,D,0
38.25692,22.89904,367,0.61,0.53,2023-08-21,1206,N,VIIRS,l,2,334.28,107.38,D,0
38.25647,22.8924,367,0.6,0.53,2023-08-21,1206,N,VIIRS,h,2,333.64,133.21,D,0
38.2516,22.89412,341.78,0.6,0.53,2023-08-21,1206,N,VIIRS,n,2,309.66,26.56,D,0
38.25304,22.9152,339.91,0.61,0.53,2023-08-21,1206,N,VIIRS,l,2,311.36,8.83,D,0
38.24578,22.88199,345.22,0.6,0.53,2023-08-21,1206,N,VIIRS,n,2,313.57,17.78,D,0
38.2467,22.89545,336.57,0.6,0.53,2023-08-21,1206,N,VIIRS,n,2,310.46,26.56,D,0
38.2481,22.91598,346.53,0.61,0.53,2023-08-21,1206,N,VIIRS,n,2,315.08,8.83,D,0
38.24627,22.88914,367,0.6,0.53,2023-08-21,1206,N,VIIRS,h,2,317.83,26.56,D,0
38.24176,22.89617,339.93,0.6,0.53,2023-08-21,1206,N,VIIRS,n,2,312.6,8.29,D,0
38.2426,22.90843,335.27,0.61,0.53,2023-08-21,1206,N,VIIRS,l,2,309.98,13.78,D,0
38.23682,22.89688,352.75,0.6,0.53,2023-08-21,1206,N,VIIRS,n,2,314.44,8.29,D,0
38.23222,22.90267,341.29,0.61,0.53,2023-08-21,1206,N,VIIRS,n,2,313.83,13.16,D,0
38.22725,22.90304,345.3,0.61,0.53,2023-08-21,1206,N,VIIRS,n,2,313.91,13.16,D,0
41.08345,26.16238,367,0.48,0.64,2023-08-21,1207,N,VIIRS,h,2,293.99,47.01,D,0
40.94885,25.99606,356.8,0.47,0.64,2023-08-21,1207,N,VIIRS,l,2,292.14,68.53,D,0
40.95611,26.0324,367,0.47,0.64,2023-08-21,1207,N,VIIRS,h,2,291.33,31.47,D,0
40.95591,26.02659,367,0.47,0.64,2023-08-21,1207,N,VIIRS,h,2,299.85,31.47,D,0
41.0343,24.88746,340.4,0.41,0.61,2023-08-21,1207,N,VIIRS,n,2,305.8,1.52,D,0
41.07611,26.1165,330.42,0.47,0.64,2023-08-21,1207,N,VIIRS,n,2,300.8,112.69,D,0
41.07642,26.12754,347.8,0.48,0.64,2023-08-21,1207,N,VIIRS,n,2,303.57,97.4,D,0
41.07658,26.13302,349.78,0.48,0.64,2023-08-21,1207,N,VIIRS,n,2,300.93,97.4,D,0
41.07673,26.13834,349.21,0.48,0.64,2023-08-21,1207,N,VIIRS,n,2,302.07,60.77,D,0
41.0774,26.16204,355.01,0.48,0.64,2023-08-21,1207,N,VIIRS,n,2,292.29,12.15,D,0
41.07756,26.16746,344.56,0.48,0.64,2023-08-21,1207,N,VIIRS,n,2,293.03,12.15,D,0
41.07772,26.17319,344.68,0.48,0.65,2023-08-21,1207,N,VIIRS,n,2,292.34,14.64,D,0
41.07688,26.14358,367,0.48,0.64,2023-08-21,1207,N,VIIRS,h,2,295.42,60.77,D,0
41.07705,26.14959,367,0.48,0.64,2023-08-21,1207,N,VIIRS,h,2,291.06,18.11,D,0
41.07723,26.15603,367,0.48,0.64,2023-08-21,1207,N,VIIRS,h,2,291.41,18.11,D,0
41.0701,26.11747,355.96,0.47,0.64,2023-08-21,1207,N,VIIRS,l,2,297.78,112.69,D,0
41.07088,26.14501,351.66,0.48,0.64,2023-08-21,1207,N,VIIRS,n,2,291.36,60.77,D,0
40.95551,26.01525,367,0.47,0.64,2023-08-21,1207,N,VIIRS,h,2,294.63,29.28,D,0
40.95531,26.00934,367,0.47,0.64,2023-08-21,1207,N,VIIRS,h,2,291.85,21.07,D,0
40.95509,26.00323,367,0.47,0.64,2023-08-21,1207,N,VIIRS,h,2,294.02,21.07,D,0
40.95487,25.99695,367,0.47,0.64,2023-08-21,1207,N,VIIRS,h,2,290.4,14.28,D,0
41.07106,26.15121,347.05,0.48,0.64,2023-08-21,1207,N,VIIRS,n,2,291.3,18.11,D,0
41.07139,26.16325,339.39,0.48,0.64,2023-08-21,1207,N,VIIRS,n,2,292.5,12.15,D,0
41.07611,26.15901,367,0.48,0.64,2023-08-21,1207,N,VIIRS,h,2,292.35,18.62,D,0
41.07589,26.15272,367,0.48,0.64,2023-08-21,1207,N,VIIRS,h,2,291.23,52.16,D,0
41.07568,26.14647,367,0.48,0.64,2023-08-21,1207,N,VIIRS,h,2,293.2,52.16,D,0
41.06858,26.11448,336.6,0.47,0.64,2023-08-21,1207,N,VIIRS,n,2,295.7,15.26,D,0
41.06912,26.13061,356.21,0.47,0.64,2023-08-21,1207,N,VIIRS,n,2,295.08,25.91,D,0
41.0693,26.13599,354.13,0.48,0.64,2023-08-21,1207,N,VIIRS,n,2,293.09,17.91,D,0
41.07549,26.14087,367,0.48,0.64,2023-08-21,1207,N,VIIRS,h,2,297.96,112.63,D,0
41.07668,26.17596,336.17,0.48,0.64,2023-08-21,1207,N,VIIRS,n,2,293.6,8.15,D,0
41.07647,26.1698,338.68,0.48,0.64,2023-08-21,1207,N,VIIRS,n,2,293.7,8.15,D,0
40.95633,26.03857,348.86,0.47,0.64,2023-08-21,1207,N,VIIRS,n,2,288.49,23.26,D,0
40.95571,26.02093,352.23,0.47,0.64,2023-08-21,1207,N,VIIRS,n,2,293.9,29.28,D,0
41.0763,26.16465,346.79,0.48,0.64,2023-08-21,1207,N,VIIRS,n,2,293.04,18.62,D,0
41.07531,26.13547,351.24,0.48,0.64,2023-08-21,1207,N,VIIRS,n,2,299.08,112.63,D,0
41.07513,26.13011,350.21,0.47,0.64,2023-08-21,1207,N,VIIRS,n,2,300.15,143.51,D,0
41.07494,26.12461,347.22,0.47,0.64,2023-08-21,1207,N,VIIRS,n,2,305.72,143.51,D,0
41.07457,26.11359,352.14,0.47,0.64,2023-08-21,1207,N,VIIRS,n,2,297.75,103.36,D,0
41.08234,26.16465,367,0.48,0.64,2023-08-21,1207,N,VIIRS,h,2,292.84,18.62,D,0
41.08214,26.15866,367,0.48,0.64,2023-08-21,1207,N,VIIRS,h,2,293.47,18.62,D,0
41.08191,26.15207,367,0.48,0.64,2023-08-21,1207,N,VIIRS,h,2,293.41,52.16,D,0
41.08169,26.14563,367,0.48,0.64,2023-08-21,1207,N,VIIRS,h,2,299.1,52.16,D,0
41.08275,26.17669,339.38,0.48,0.64,2023-08-21,1207,N,VIIRS,n,2,295.81,8.15,D,0
41.08253,26.17022,347.49,0.48,0.64,2023-08-21,1207,N,VIIRS,n,2,294.22,8.15,D,0
41.0815,26.14003,351.34,0.48,0.64,2023-08-21,1207,N,VIIRS,n,2,305.13,112.63,D,0
41.08132,26.13464,341.95,0.48,0.64,2023-08-21,1207,N,VIIRS,n,2,305.18,112.63,D,0
41.08113,26.12916,343.9,0.47,0.64,2023-08-21,1207,N,VIIRS,n,2,307.75,143.51,D,0
41.08075,26.11794,349.7,0.47,0.64,2023-08-21,1207,N,VIIRS,n,2,298.53,103.36,D,0
41.08093,26.12343,305.85,0.47,0.64,2023-08-21,1207,N,VIIRS,l,2,307.94,143.51,D,0
40.95464,25.99027,348.76,0.47,0.64,2023-08-21,1207,N,VIIRS,n,2,288.7,14.28,D,0
40.96207,26.0314,332.04,0.47,0.64,2023-08-21,1207,N,VIIRS,n,2,288.56,31.47,D,0
40.96185,26.025,348.58,0.47,0.64,2023-08-21,1207,N,VIIRS,n,2,288.68,31.47,D,0
41.08841,26.16545,367,0.48,0.64,2023-08-21,1207,N,VIIRS,h,2,297.81,84.46,D,0
41.0882,26.15935,367,0.48,0.64,2023-08-21,1207,N,VIIRS,h,2,303.15,84.46,D,0
40.96164,26.01897,341.06,0.47,0.64,2023-08-21,1207,N,VIIRS,n,2,288.17,29.28,D,0
40.96143,26.01316,354.83,0.47,0.64,2023-08-21,1207,N,VIIRS,n,2,289.17,29.28,D,0
40.96124,26.00763,333.56,0.47,0.64,2023-08-21,1207,N,VIIRS,n,2,290.04,21.07,D,0
40.95078,25.99905,367,0.47,0.64,2023-08-21,1207,N,VIIRS,h,2,290.54,49.78,D,0
40.95184,26.03549,339.02,0.47,0.64,2023-08-21,1207,N,VIIRS,n,2,287.6,29.03,D,0
40.95167,26.02983,343.68,0.47,0.64,2023-08-21,1207,N,VIIRS,n,2,289.17,29.03,D,0
40.9515,26.024,339.22,0.47,0.64,2023-08-21,1207,N,VIIRS,n,2,289.22,33.96,D,0
40.95132,26.01785,340.49,0.47,0.64,2023-08-21,1207,N,VIIRS,n,2,288.67,33.96,D,0
40.95115,26.0116,339.76,0.47,0.64,2023-08-21,1207,N,VIIRS,n,2,287.49,26.99,D,0
40.95097,26.00544,347.8,0.47,0.64,2023-08-21,1207,N,VIIRS,n,2,287.94,26.99,D,0
40.95026,25.9811,332.23,0.47,0.64,2023-08-21,1207,N,VIIRS,n,2,287.94,120.56,D,0
40.86604,26.09628,337.91,0.47,0.64,2023-08-21,1207,N,VIIRS,l,2,310.37,6.29,D,0
40.85984,26.09097,353.98,0.47,0.64,2023-08-21,1207,N,VIIRS,n,2,311.31,16.86,D,0
40.85327,26.07478,340.16,0.47,0.64,2023-08-21,1207,N,VIIRS,l,2,311.73,7.49,D,0
40.85347,26.08046,341.42,0.47,0.64,2023-08-21,1207,N,VIIRS,l,2,312.2,7.49,D,0
40.87202,26.09541,356.72,0.47,0.64,2023-08-21,1207,N,VIIRS,n,2,311.25,6.29,D,0
40.87826,26.10151,348.37,0.47,0.64,2023-08-21,1207,N,VIIRS,n,2,308.57,3.88,D,0
40.87804,26.09533,343.25,0.47,0.64,2023-08-21,1207,N,VIIRS,n,2,307.86,3.88,D,0
40.88426,26.10119,336.12,0.47,0.64,2023-08-21,1207,N,VIIRS,n,2,308.92,3.88,D,0
40.85365,26.08577,355.25,0.47,0.64,2023-08-21,1207,N,VIIRS,n,2,318.86,16.86,D,0
40.85384,26.09139,367,0.47,0.64,2023-08-21,1207,N,VIIRS,h,2,315.42,16.86,D,0
40.84709,26.0697,353.55,0.47,0.64,2023-08-21,1207,N,VIIRS,n,2,309.47,10.85,D,0
40.84729,26.07547,349.15,0.47,0.64,2023-08-21,1207,N,VIIRS,n,2,312.89,58.41,D,0
40.84748,26.08101,355.82,0.47,0.64,2023-08-21,1207,N,VIIRS,n,2,320.73,58.41,D,0
40.84767,26.0867,356.54,0.47,0.64,2023-08-21,1207,N,VIIRS,n,2,311.79,31.62,D,0
40.84109,26.07008,356.87,0.47,0.64,2023-08-21,1207,N,VIIRS,n,2,306.77,10.85,D,0
40.8407,26.05856,367,0.47,0.64,2023-08-21,1207,N,VIIRS,h,2,308.55,10.65,D,0
40.83335,26.01879,340.64,0.47,0.64,2023-08-21,1207,N,VIIRS,n,2,302.61,13.96,D,0
40.83355,26.0245,349.71,0.47,0.64,2023-08-21,1207,N,VIIRS,n,2,304.58,13.96,D,0
40.83432,26.0474,342.29,0.47,0.64,2023-08-21,1207,N,VIIRS,n,2,307.22,17.81,D,0
40.83452,26.05313,356.55,0.47,0.64,2023-08-21,1207,N,VIIRS,n,2,309.42,36.97,D,0
40.83471,26.05889,339.14,0.47,0.64,2023-08-21,1207,N,VIIRS,n,2,305.16,36.97,D,0
40.82795,26.03626,342.42,0.47,0.64,2023-08-21,1207,N,VIIRS,n,2,309.72,24.2,D,0
40.82833,26.0477,339.4,0.47,0.64,2023-08-21,1207,N,VIIRS,n,2,301.64,17.81,D,0
40.82717,26.01339,367,0.47,0.64,2023-08-21,1207,N,VIIRS,h,2,305.67,28.41,D,0
40.82737,26.0191,367,0.47,0.64,2023-08-21,1207,N,VIIRS,h,2,307.22,13.96,D,0
40.82756,26.02482,367,0.47,0.64,2023-08-21,1207,N,VIIRS,h,2,305.91,13.96,D,0
40.82814,26.04198,367,0.47,0.64,2023-08-21,1207,N,VIIRS,h,2,313.87,17.81,D,0
40.82853,26.05344,367,0.47,0.64,2023-08-21,1207,N,VIIRS,h,2,312.09,36.97,D,0
40.82215,26.04229,367,0.47,0.64,2023-08-21,1207,N,VIIRS,h,2,307.65,27.37,D,0
40.88404,26.0951,344.91,0.47,0.64,2023-08-21,1207,N,VIIRS,n,2,310.34,3.88,D,0
40.84973,26.08697,367,0.47,0.64,2023-08-21,1207,N,VIIRS,h,2,317.52,38.19,D,0
40.84958,26.08153,367,0.47,0.64,2023-08-21,1207,N,VIIRS,h,2,320.58,38.19,D,0
40.84941,26.07583,367,0.47,0.64,2023-08-21,1207,N,VIIRS,h,2,310.97,15.18,D,0
40.84925,26.07023,338.1,0.47,0.64,2023-08-21,1207,N,VIIRS,n,2,309.88,15.18,D,0
40.85588,26.09186,367,0.47,0.64,2023-08-21,1207,N,VIIRS,h,2,313.49,31.99,D,0
40.85572,26.08627,367,0.47,0.64,2023-08-21,1207,N,VIIRS,h,2,314.61,38.19,D,0
40.86805,26.09656,349.43,0.47,0.64,2023-08-21,1207,N,VIIRS,n,2,309.87,9.07,D,0
40.87405,26.096,353.81,0.47,0.64,2023-08-21,1207,N,VIIRS,n,2,309.61,5.96,D,0
40.88025,26.10202,337.95,0.47,0.64,2023-08-21,1207,N,VIIRS,n,2,308.47,10.38,D,0
40.88007,26.09588,348.99,0.47,0.64,2023-08-21,1207,N,VIIRS,n,2,309.59,5.96,D,0
40.88607,26.09559,367,0.47,0.64,2023-08-21,1207,N,VIIRS,h,2,311.96,11.72,D,0
40.88626,26.10166,336.74,0.47,0.64,2023-08-21,1207,N,VIIRS,n,2,308.48,8.13,D,0
40.89225,26.10072,353.63,0.47,0.64,2023-08-21,1207,N,VIIRS,n,2,309.65,8.13,D,0
40.89824,26.09985,353.61,0.47,0.64,2023-08-21,1207,N,VIIRS,n,2,307.36,9.2,D,0
40.93917,26.06387,330.83,0.47,0.64,2023-08-21,1207,N,VIIRS,n,2,287.61,2.95,D,0
40.93657,25.987,339.89,0.47,0.64,2023-08-21,1207,N,VIIRS,n,2,288.87,14.27,D,0
40.93593,25.96847,355.91,0.46,0.64,2023-08-21,1207,N,VIIRS,n,2,289.97,16.22,D,0
40.93636,25.98085,357.27,0.47,0.64,2023-08-21,1207,N,VIIRS,l,2,291.41,14.27,D,0
40.93615,25.97446,357.27,0.47,0.64,2023-08-21,1207,N,VIIRS,l,2,292.17,16.22,D,0
40.94515,26.06305,332.97,0.47,0.64,2023-08-21,1207,N,VIIRS,n,2,287.92,6.6,D,0
40.94496,26.05758,330.55,0.47,0.64,2023-08-21,1207,N,VIIRS,n,2,287.71,7.44,D,0
40.94268,25.99072,345.64,0.47,0.64,2023-08-21,1207,N,VIIRS,n,2,290.81,68.53,D,0
40.94249,25.98519,354.12,0.47,0.64,2023-08-21,1207,N,VIIRS,n,2,290.13,21.05,D,0
40.9423,25.9796,332.95,0.47,0.64,2023-08-21,1207,N,VIIRS,n,2,288.41,21.05,D,0
40.95059,25.99264,357.08,0.47,0.64,2023-08-21,1207,N,VIIRS,l,2,302.97,49.78,D,0
40.95781,26.03475,367,0.47,0.64,2023-08-21,1207,N,VIIRS,h,2,290.25,29.03,D,0
40.95763,26.02851,367,0.47,0.64,2023-08-21,1207,N,VIIRS,h,2,294.52,29.03,D,0
40.9573,26.01701,367,0.47,0.64,2023-08-21,1207,N,VIIRS,h,2,294.07,33.96,D,0
40.95713,26.01121,367,0.47,0.64,2023-08-21,1207,N,VIIRS,h,2,293.91,26.99,D,0
40.95015,26.03353,338.45,0.47,0.64,2023-08-21,1207,N,VIIRS,n,2,287.12,6.08,D,0
40.95696,26.0054,367,0.47,0.64,2023-08-21,1207,N,VIIRS,h,2,294.87,26.99,D,0
40.958,26.04132,332.95,0.47,0.64,2023-08-21,1207,N,VIIRS,n,2,287.21,17.69,D,0
40.95747,26.02277,346.54,0.47,0.64,2023-08-21,1207,N,VIIRS,n,2,297.37,33.96,D,0
40.95678,25.99927,348.02,0.47,0.64,2023-08-21,1207,N,VIIRS,n,2,290.72,49.78,D,0
40.95658,25.99274,331.12,0.47,0.64,2023-08-21,1207,N,VIIRS,n,2,289.16,49.78,D,0
41.06894,26.12542,367,0.47,0.64,2023-08-21,1207,N,VIIRS,h,2,296.08,25.91,D,0
41.06877,26.12015,367,0.47,0.64,2023-08-21,1207,N,VIIRS,h,2,296.44,15.26,D,0
41.08749,26.13874,367,0.48,0.64,2023-08-21,1207,N,VIIRS,h,2,308.43,93.09,D,0
41.08861,26.17125,347.11,0.48,0.64,2023-08-21,1207,N,VIIRS,n,2,298.53,34.43,D,0
41.08773,26.14566,351.92,0.48,0.64,2023-08-21,1207,N,VIIRS,n,2,307.53,86.9,D,0
41.07029,26.16554,334.31,0.48,0.64,2023-08-21,1207,N,VIIRS,n,2,292.99,8.63,D,0
41.07011,26.16021,340.77,0.48,0.64,2023-08-21,1207,N,VIIRS,n,2,291.25,8.63,D,0
41.27216,26.37554,336.13,0.49,0.65,2023-08-21,1207,N,VIIRS,n,2,305.83,6.66,D,0
41.272,26.37167,346.57,0.49,0.65,2023-08-21,1207,N,VIIRS,n,2,305.32,6.31,D,0
41.2659,26.37233,352.73,0.49,0.65,2023-08-21,1207,N,VIIRS,n,2,304.18,6.31,D,0
41.08691,26.12185,357.24,0.47,0.64,2023-08-21,1207,N,VIIRS,n,2,298.72,174.36,D,0
41.26627,26.38449,331.33,0.49,0.65,2023-08-21,1207,N,VIIRS,l,2,304.85,14.22,D,0
41.19164,25.55533,344.23,0.44,0.63,2023-08-21,1207,N,VIIRS,n,2,306.3,5.78,D,0
41.185,25.53308,356.99,0.44,0.63,2023-08-21,1207,N,VIIRS,n,2,305.18,73.68,D,0
41.18561,25.55075,352.42,0.44,0.63,2023-08-21,1207,N,VIIRS,n,2,310.62,13.1,D,0
41.18518,25.53819,367,0.44,0.63,2023-08-21,1207,N,VIIRS,h,2,315.19,51.7,D,0
41.18539,25.54449,367,0.44,0.63,2023-08-21,1207,N,VIIRS,h,2,312.61,51.7,D,0
41.18581,25.55657,367,0.44,0.63,2023-08-21,1207,N,VIIRS,h,2,311.11,13.1,D,0
41.17916,25.53358,305.44,0.44,0.63,2023-08-21,1207,N,VIIRS,l,2,323.37,73.68,D,0
41.17955,25.5451,336.05,0.44,0.63,2023-08-21,1207,N,VIIRS,n,2,303.29,51.7,D,0
41.17933,25.53881,367,0.44,0.63,2023-08-21,1207,N,VIIRS,h,2,322.79,51.7,D,0
41.15373,25.3053,367,0.43,0.62,2023-08-21,1207,N,VIIRS,h,2,306.27,13.78,D,0
40.94995,26.02768,334.13,0.47,0.64,2023-08-21,1207,N,VIIRS,n,2,287.75,6.08,D,0
40.94973,26.02149,334.22,0.47,0.64,2023-08-21,1207,N,VIIRS,n,2,288.23,7.58,D,0
40.94951,26.01495,336.4,0.47,0.64,2023-08-21,1207,N,VIIRS,n,2,287.39,7.58,D,0
40.94929,26.00867,339.4,0.47,0.64,2023-08-21,1207,N,VIIRS,n,2,286.87,15.01,D,0
40.94908,26.00246,347.9,0.47,0.64,2023-08-21,1207,N,VIIRS,n,2,287.24,15.01,D,0
40.94864,25.98994,341.46,0.47,0.64,2023-08-21,1207,N,VIIRS,n,2,307.61,68.53,D,0
40.94845,25.98441,354.64,0.47,0.64,2023-08-21,1207,N,VIIRS,n,2,289.53,21.05,D,0
41.17506,25.53249,356.27,0.44,0.63,2023-08-21,1207,N,VIIRS,n,2,302.82,13.62,D,0
41.17526,25.53741,367,0.44,0.63,2023-08-21,1207,N,VIIRS,h,2,304.56,21.12,D,0
41.1542,25.30359,355.04,0.43,0.62,2023-08-21,1207,N,VIIRS,n,2,304.2,7.23,D,0
41.15444,25.30946,349.03,0.43,0.62,2023-08-21,1207,N,VIIRS,n,2,304.54,7.23,D,0
41.06731,24.72843,352.15,0.4,0.6,2023-08-21,1207,N,VIIRS,n,2,306.24,11.01,D,0
41.06755,24.73392,367,0.4,0.6,2023-08-21,1207,N,VIIRS,h,2,309.73,11.01,D,0
41.06151,24.7244,343.98,0.4,0.6,2023-08-21,1207,N,VIIRS,n,2,305.74,36.3,D,0
41.06197,24.73519,341.76,0.4,0.6,2023-08-21,1207,N,VIIRS,n,2,307.23,20.56,D,0
41.06991,26.15416,340.8,0.48,0.64,2023-08-21,1207,N,VIIRS,n,2,291.35,12.31,D,0
41.0697,26.14801,343.82,0.48,0.64,2023-08-21,1207,N,VIIRS,n,2,291.44,12.31,D,0
41.06949,26.14189,345.48,0.48,0.64,2023-08-21,1207,N,VIIRS,n,2,290.32,17.91,D,0
41.06174,24.7298,367,0.4,0.6,2023-08-21,1207,N,VIIRS,h,2,311.53,20.56,D,0
41.11384,26.16827,333.25,0.48,0.64,2023-08-21,1207,N,VIIRS,n,2,302.11,19.62,D,0
41.11401,26.17369,367,0.48,0.65,2023-08-21,1207,N,VIIRS,h,2,307.67,43.43,D,0
41.0378,24.89048,338.94,0.41,0.61,2023-08-21,1207,N,VIIRS,n,2,307.21,4.16,D,0
41.08797,26.15264,307.72,0.48,0.64,2023-08-21,1207,N,VIIRS,l,2,309.22,86.9,D,0
41.08729,26.13295,367,0.48,0.64,2023-08-21,1207,N,VIIRS,l,2,330.2,93.09,D,0
41.0947,26.17253,367,0.48,0.64,2023-08-21,1207,N,VIIRS,h,2,301.96,34.43,D,0
41.09377,26.14565,367,0.48,0.64,2023-08-21,1207,N,VIIRS,h,2,309.13,86.9,D,0
41.0933,26.13232,367,0.48,0.64,2023-08-21,1207,N,VIIRS,h,2,299.69,93.09,D,0
41.09617,26.21521,331.81,0.48,0.65,2023-08-21,1207,N,VIIRS,n,2,298.73,2.88,D,0
41.09449,26.16618,355.62,0.48,0.64,2023-08-21,1207,N,VIIRS,n,2,306.46,84.46,D,0
41.09426,26.15982,349.49,0.48,0.64,2023-08-21,1207,N,VIIRS,n,2,308.92,84.46,D,0
41.09403,26.15311,355.96,0.48,0.64,2023-08-21,1207,N,VIIRS,n,2,310.64,86.9,D,0
41.09348,26.1377,355.61,0.48,0.64,2023-08-21,1207,N,VIIRS,n,2,307.85,93.09,D,0
41.07071,26.139,367,0.48,0.64,2023-08-21,1207,N,VIIRS,h,2,291.52,60.77,D,0
41.07056,26.13345,367,0.48,0.64,2023-08-21,1207,N,VIIRS,h,2,294.44,97.4,D,0
41.0704,26.12811,367,0.48,0.64,2023-08-21,1207,N,VIIRS,h,2,296.38,97.4,D,0
41.07026,26.12295,367,0.47,0.64,2023-08-21,1207,N,VIIRS,h,2,298.28,112.69,D,0
41.11418,26.17943,367,0.48,0.65,2023-08-21,1207,N,VIIRS,h,2,309.43,43.43,D,0
41.11435,26.18515,367,0.48,0.65,2023-08-21,1207,N,VIIRS,h,2,310.57,65.57,D,0
41.05572,24.72042,344.56,0.4,0.6,2023-08-21,1207,N,VIIRS,n,2,314.73,36.3,D,0
41.05594,24.72559,353.74,0.4,0.6,2023-08-21,1207,N,VIIRS,n,2,316.55,36.3,D,0
41.10707,26.14384,338.87,0.48,0.64,2023-08-21,1207,N,VIIRS,n,2,302.07,12.58,D,0
41.10798,26.17426,350.83,0.48,0.65,2023-08-21,1207,N,VIIRS,n,2,313.8,43.43,D,0
41.10815,26.18013,345.58,0.48,0.65,2023-08-21,1207,N,VIIRS,n,2,318.96,43.43,D,0
41.05616,24.73076,367,0.4,0.6,2023-08-21,1207,N,VIIRS,h,2,312.1,20.56,D,0
41.10727,26.15026,367,0.48,0.64,2023-08-21,1207,N,VIIRS,h,2,303.37,23.47,D,0
41.10745,26.15657,367,0.48,0.64,2023-08-21,1207,N,VIIRS,h,2,302.37,23.47,D,0
41.10763,26.16269,367,0.48,0.64,2023-08-21,1207,N,VIIRS,h,2,309.43,19.62,D,0
41.1078,26.16847,367,0.48,0.64,2023-08-21,1207,N,VIIRS,h,2,312.18,19.62,D,0
41.10832,26.18597,367,0.48,0.65,2023-08-21,1207,N,VIIRS,h,2,314.93,65.57,D,0
41.101,26.14263,367,0.48,0.64,2023-08-21,1207,N,VIIRS,l,2,325.48,71.24,D,0
41.1012,26.14956,350.19,0.48,0.64,2023-08-21,1207,N,VIIRS,l,2,331.56,101.28,D,0
41.10305,26.21277,356.95,0.48,0.65,2023-08-21,1207,N,VIIRS,l,2,288.9,9.7,D,0
41.1008,26.13614,335.6,0.48,0.64,2023-08-21,1207,N,VIIRS,n,2,301.62,71.24,D,0
41.1014,26.15633,356.89,0.48,0.64,2023-08-21,1207,N,VIIRS,n,2,320.33,101.28,D,0
41.10178,26.16919,349.99,0.48,0.64,2023-08-21,1207,N,VIIRS,n,2,310,61.37,D,0
41.10196,26.17531,341.09,0.48,0.65,2023-08-21,1207,N,VIIRS,n,2,315.55,62.92,D,0
41.10232,26.18768,335.18,0.48,0.65,2023-08-21,1207,N,VIIRS,n,2,302.41,24.19,D,0
41.10287,26.2065,342.92,0.48,0.65,2023-08-21,1207,N,VIIRS,n,2,299.06,10.67,D,0
41.1016,26.16286,367,0.48,0.64,2023-08-21,1207,N,VIIRS,h,2,310.54,61.37,D,0
41.10214,26.18143,367,0.48,0.65,2023-08-21,1207,N,VIIRS,h,2,307.17,62.92,D,0
41.09473,26.13501,355,0.48,0.64,2023-08-21,1207,N,VIIRS,n,2,302.73,71.24,D,0
41.09518,26.14989,355.37,0.48,0.64,2023-08-21,1207,N,VIIRS,n,2,312.3,101.28,D,0
41.09538,26.15689,353.48,0.48,0.64,2023-08-21,1207,N,VIIRS,n,2,311.73,101.28,D,0
41.07123,26.15742,345.75,0.48,0.64,2023-08-21,1207,N,VIIRS,n,2,291.63,18.11,D,0
41.09557,26.1634,351.2,0.48,0.64,2023-08-21,1207,N,VIIRS,n,2,308.07,61.37,D,0
41.09593,26.17598,351.48,0.48,0.65,2023-08-21,1207,N,VIIRS,n,2,301.56,62.92,D,0
41.09699,26.2127,344.38,0.48,0.65,2023-08-21,1207,N,VIIRS,n,2,295.03,9.7,D,0
41.09494,26.14182,367,0.48,0.64,2023-08-21,1207,N,VIIRS,h,2,311.73,71.24,D,0
41.09576,26.16985,367,0.48,0.64,2023-08-21,1207,N,VIIRS,h,2,305.65,61.37,D,0
41.08856,26.13027,208,0.48,0.64,2023-08-21,1207,N,VIIRS,l,2,320.53,164.72,D,0
41.08841,26.12482,352.58,0.48,0.64,2023-08-21,1207,N,VIIRS,n,2,300.66,164.72,D,0
41.08873,26.1358,356.16,0.48,0.64,2023-08-21,1207,N,VIIRS,n,2,310.96,110.31,D,0
41.08892,26.14236,354.93,0.48,0.64,2023-08-21,1207,N,VIIRS,n,2,306.33,110.31,D,0
41.08932,26.15654,344.78,0.48,0.64,2023-08-21,1207,N,VIIRS,n,2,309.76,131.2,D,0
41.08951,26.16295,367,0.48,0.64,2023-08-21,1207,N,VIIRS,h,2,300.18,47.01,D,0
41.08968,26.16886,367,0.48,0.64,2023-08-21,1207,N,VIIRS,h,2,299.16,47.01,D,0
41.04015,24.89203,340.79,0.41,0.61,2023-08-21,1207,N,VIIRS,n,2,307.47,2.48,D,0
41.08225,26.12055,339.65,0.47,0.64,2023-08-21,1207,N,VIIRS,n,2,299.97,109.79,D,0
41.08258,26.13181,339.75,0.48,0.64,2023-08-21,1207,N,VIIRS,l,2,313.97,164.72,D,0
41.08273,26.13723,350.22,0.48,0.64,2023-08-21,1207,N,VIIRS,n,2,307.09,110.31,D,0
41.0829,26.14295,356.29,0.48,0.64,2023-08-21,1207,N,VIIRS,n,2,303.13,110.31,D,0
41.08361,26.16787,348.85,0.48,0.64,2023-08-21,1207,N,VIIRS,n,2,295.23,47.01,D,0
41.08378,26.17395,338.3,0.48,0.65,2023-08-21,1207,N,VIIRS,n,2,296.73,18.36,D,0
41.08308,26.14925,367,0.48,0.64,2023-08-21,1207,N,VIIRS,h,2,298.7,131.2,D,0
41.08327,26.15592,367,0.48,0.64,2023-08-21,1207,N,VIIRS,h,2,295.18,131.2,D,0
41.08641,26.09944,333.72,0.43,0.38,2023-08-22,0025,N,VIIRS,n,2,297.12,3.24,N,0
41.11818,26.18716,337.61,0.43,0.38,2023-08-22,0025,N,VIIRS,n,2,299.02,2.76,N,0
41.11913,26.1821,307.3,0.43,0.38,2023-08-22,0025,N,VIIRS,n,2,295.91,2.76,N,0
41.11758,26.17081,332.42,0.43,0.38,2023-08-22,0025,N,VIIRS,n,2,297.19,3.53,N,0
41.11508,26.16465,328.61,0.43,0.38,2023-08-22,0025,N,VIIRS,n,2,295.74,3.25,N,0
41.11415,26.16958,333.32,0.43,0.38,2023-08-22,0025,N,VIIRS,n,2,297.52,3.53,N,0
41.11258,26.15846,329.48,0.43,0.38,2023-08-22,0025,N,VIIRS,n,2,296.98,2.44,N,0
41.10688,26.18887,348.34,0.43,0.38,2023-08-22,0025,N,VIIRS,n,2,306.03,19.51,N,0
41.11164,26.16346,313.49,0.43,0.38,2023-08-22,0025,N,VIIRS,n,2,296.18,2.44,N,0
41.10916,26.15724,328.5,0.43,0.38,2023-08-22,0025,N,VIIRS,n,2,297.68,2.44,N,0
41.1034,26.1879,354.14,0.43,0.38,2023-08-22,0025,N,VIIRS,n,2,306.49,19.51,N,0
41.10437,26.18273,315.43,0.43,0.38,2023-08-22,0025,N,VIIRS,n,2,298.73,3.97,N,0
41.10765,26.14576,326.72,0.43,0.38,2023-08-22,0025,N,VIIRS,n,2,297.37,2.6,N,0
41.1067,26.15086,322.35,0.43,0.38,2023-08-22,0025,N,VIIRS,n,2,296.9,2.6,N,0
41.10091,26.18166,326.99,0.43,0.38,2023-08-22,0025,N,VIIRS,n,2,300.72,8.84,N,0
41.09994,26.18682,348.8,0.43,0.38,2023-08-22,0025,N,VIIRS,n,2,303.59,23.8,N,0
41.09898,26.19196,315,0.43,0.38,2023-08-22,0025,N,VIIRS,n,2,296.61,23.8,N,0
41.10521,26.13935,320.47,0.43,0.38,2023-08-22,0025,N,VIIRS,n,2,296.62,2.63,N,0
41.09842,26.17545,342.61,0.43,0.38,2023-08-22,0025,N,VIIRS,n,2,302.13,8.84,N,0
41.09745,26.18059,348.37,0.43,0.38,2023-08-22,0025,N,VIIRS,n,2,304.87,8.84,N,0
41.09649,26.18573,341.18,0.43,0.38,2023-08-22,0025,N,VIIRS,n,2,329.3,23.8,N,0
41.09552,26.19084,333.72,0.43,0.38,2023-08-22,0025,N,VIIRS,n,2,298.02,23.8,N,0
41.09456,26.19593,309.34,0.43,0.38,2023-08-22,0025,N,VIIRS,n,2,296.23,2.84,N,0
41.10274,26.13302,327.22,0.43,0.38,2023-08-22,0025,N,VIIRS,n,2,297.53,2.17,N,0
41.09497,26.17431,337.08,0.43,0.38,2023-08-22,0025,N,VIIRS,n,2,300.55,20.76,N,0
41.09401,26.17942,355.59,0.43,0.38,2023-08-22,0025,N,VIIRS,n,2,308.89,20.76,N,0
41.09305,26.18456,367,0.43,0.38,2023-08-22,0025,N,VIIRS,h,2,370.13,314.18,N,0
41.09208,26.18967,367,0.43,0.38,2023-08-22,0025,N,VIIRS,h,2,332.45,314.18,N,0
41.1018,26.13804,308.24,0.43,0.38,2023-08-22,0025,N,VIIRS,n,2,295.87,2.17,N,0
41.09113,26.19474,316.47,0.43,0.38,2023-08-22,0025,N,VIIRS,n,2,295.83,3.19,N,0
41.10118,26.12186,324.38,0.43,0.38,2023-08-22,0025,N,VIIRS,n,2,295.44,2.24,N,0
41.10025,26.12683,320.03,0.43,0.38,2023-08-22,0025,N,VIIRS,n,2,295.12,2.24,N,0
41.09156,26.17302,336.07,0.43,0.38,2023-08-22,0025,N,VIIRS,n,2,300.74,20.76,N,0
41.09059,26.17818,367,0.43,0.38,2023-08-22,0025,N,VIIRS,h,2,317.09,20.76,N,0
41.08961,26.18335,367,0.43,0.38,2023-08-22,0025,N,VIIRS,h,2,371.2,314.18,N,0
41.08865,26.18849,329.16,0.43,0.38,2023-08-22,0025,N,VIIRS,n,2,317.66,314.18,N,0
41.09252,26.16793,309.98,0.43,0.38,2023-08-22,0025,N,VIIRS,n,2,296.46,3.11,N,0
41.08769,26.19356,315.45,0.43,0.38,2023-08-22,0025,N,VIIRS,n,2,295.93,3.19,N,0
41.09871,26.11563,331.87,0.43,0.38,2023-08-22,0025,N,VIIRS,n,2,296.91,2.31,N,0
41.08815,26.17172,350.27,0.43,0.38,2023-08-22,0025,N,VIIRS,n,2,309.82,106.73,N,0
41.08717,26.17689,367,0.43,0.38,2023-08-22,0025,N,VIIRS,h,2,355.44,106.73,N,0
41.08522,26.18725,340.1,0.43,0.38,2023-08-22,0025,N,VIIRS,n,2,298.84,136.41,N,0
41.09776,26.12065,312.22,0.43,0.38,2023-08-22,0025,N,VIIRS,n,2,295.71,1.82,N,0
41.0891,26.16668,309.01,0.43,0.38,2023-08-22,0025,N,VIIRS,n,2,295.7,1.7,N,0
41.08425,26.19238,310.94,0.43,0.38,2023-08-22,0025,N,VIIRS,n,2,295.56,5.04,N,0
41.09621,26.10948,325.57,0.43,0.38,2023-08-22,0025,N,VIIRS,n,2,295.83,2.31,N,0
41.08473,26.17044,352.94,0.43,0.38,2023-08-22,0025,N,VIIRS,n,2,317.89,106.73,N,0
41.08377,26.17557,367,0.43,0.38,2023-08-22,0025,N,VIIRS,h,2,362.57,106.73,N,0
41.08279,26.18076,334.02,0.43,0.38,2023-08-22,0025,N,VIIRS,n,2,320.84,136.41,N,0
41.0818,26.18597,329.52,0.43,0.38,2023-08-22,0025,N,VIIRS,n,2,297.35,136.41,N,0
41.09528,26.11445,310.64,0.43,0.38,2023-08-22,0025,N,VIIRS,n,2,294.98,2.31,N,0
41.08567,26.16545,310.19,0.43,0.38,2023-08-22,0025,N,VIIRS,n,2,296.28,1.7,N,0
41.09277,26.10835,332.76,0.43,0.38,2023-08-22,0025,N,VIIRS,n,2,297.35,2.69,N,0
41.08131,26.16918,347.18,0.43,0.38,2023-08-22,0025,N,VIIRS,n,2,316.91,46.89,N,0
41.08035,26.17425,340.34,0.43,0.38,2023-08-22,0025,N,VIIRS,n,2,319.9,46.89,N,0
41.07937,26.17945,337.92,0.43,0.38,2023-08-22,0025,N,VIIRS,n,2,297.44,11.93,N,0
41.08224,26.16422,309.38,0.43,0.38,2023-08-22,0025,N,VIIRS,n,2,296.57,3.17,N,0
41.07787,26.16801,340.73,0.43,0.38,2023-08-22,0025,N,VIIRS,n,2,301.39,46.89,N,0
41.07692,26.17305,345.45,0.43,0.38,2023-08-22,0025,N,VIIRS,n,2,307.36,46.89,N,0
41.09027,26.10224,319.67,0.43,0.38,2023-08-22,0025,N,VIIRS,n,2,295.06,1.96,N,0
41.08933,26.10722,308.19,0.43,0.38,2023-08-22,0025,N,VIIRS,n,2,294.69,2.69,N,0
41.07594,26.17823,310.57,0.43,0.38,2023-08-22,0025,N,VIIRS,n,2,295.89,11.93,N,0
41.08683,26.10115,320.76,0.43,0.38,2023-08-22,0025,N,VIIRS,n,2,295.89,2.8,N,0
41.07441,26.16694,313.02,0.43,0.38,2023-08-22,0025,N,VIIRS,n,2,295.91,1.87,N,0
41.07347,26.17193,315.73,0.43,0.38,2023-08-22,0025,N,VIIRS,n,2,296.32,1.87,N,0
41.0843,26.09516,340.36,0.43,0.38,2023-08-22,0025,N,VIIRS,n,2,297.11,2.8,N,0
41.08336,26.10013,315.53,0.43,0.38,2023-08-22,0025,N,VIIRS,n,2,295.27,2.8,N,0
41.07094,26.16594,315.77,0.43,0.38,2023-08-22,0025,N,VIIRS,n,2,296.76,1.87,N,0
41.07423,26.16534,309.05,0.43,0.38,2023-08-22,0025,N,VIIRS,n,2,295.5,1.92,N,0
41.07331,26.17027,312.83,0.43,0.38,2023-08-22,0025,N,VIIRS,n,2,296.27,1.66,N,0
41.08295,26.09841,329.08,0.43,0.38,2023-08-22,0025,N,VIIRS,n,2,296.3,3.24,N,0
41.18608,25.53214,311.93,0.42,0.37,2023-08-22,0025,N,VIIRS,n,2,296.78,1.71,N,0
41.08388,26.09341,319.19,0.43,0.38,2023-08-22,0025,N,VIIRS,n,2,294.1,2.85,N,0
41.07076,26.16435,314.14,0.43,0.38,2023-08-22,0025,N,VIIRS,n,2,296.42,1.92,N,0
41.06984,26.16927,311.24,0.43,0.38,2023-08-22,0025,N,VIIRS,n,2,296.15,1.66,N,0
41.08231,26.08214,313.96,0.43,0.38,2023-08-22,0025,N,VIIRS,n,2,296.43,3.57,N,0
41.06823,26.15824,309.6,0.43,0.38,2023-08-22,0025,N,VIIRS,n,2,295.36,2.07,N,0
41.06729,26.16334,313.24,0.43,0.38,2023-08-22,0025,N,VIIRS,n,2,296.59,2.07,N,0
41.07886,26.08109,341.88,0.43,0.38,2023-08-22,0025,N,VIIRS,n,2,297.21,3.57,N,0
41.0779,26.08626,332.45,0.43,0.38,2023-08-22,0025,N,VIIRS,n,2,295.34,4.32,N,0
41.06382,26.16231,339.08,0.43,0.38,2023-08-22,0025,N,VIIRS,n,2,301.16,2.07,N,0
41.06477,26.15718,316.14,0.43,0.38,2023-08-22,0025,N,VIIRS,n,2,296.56,2.07,N,0
41.07636,26.07488,339.72,0.43,0.38,2023-08-22,0025,N,VIIRS,n,2,298.43,3.09,N,0
41.06132,26.15611,337.45,0.43,0.38,2023-08-22,0025,N,VIIRS,n,2,300.16,26.97,N,0
41.06036,26.16124,337.78,0.43,0.38,2023-08-22,0025,N,VIIRS,n,2,321.43,26.97,N,0
41.06227,26.15102,312.85,0.43,0.38,2023-08-22,0025,N,VIIRS,n,2,297.09,2.1,N,0
41.07386,26.06875,333.95,0.43,0.38,2023-08-22,0025,N,VIIRS,n,2,298.16,4.94,N,0
41.0588,26.14999,324.03,0.43,0.38,2023-08-22,0025,N,VIIRS,n,2,299.75,2.1,N,0
41.05786,26.15506,342.53,0.43,0.38,2023-08-22,0025,N,VIIRS,n,2,307.48,26.97,N,0
41.05691,26.16017,342.98,0.43,0.38,2023-08-22,0025,N,VIIRS,n,2,310.73,26.97,N,0
41.17166,25.53274,305.77,0.42,0.37,2023-08-22,0025,N,VIIRS,n,2,294.92,1.33,N,0
41.07291,26.07383,319.42,0.43,0.38,2023-08-22,0025,N,VIIRS,n,2,295.85,3.09,N,0
41.05974,26.14492,312.88,0.43,0.38,2023-08-22,0025,N,VIIRS,n,2,297.75,2.1,N,0
41.0704,26.06774,324.41,0.43,0.38,2023-08-22,0025,N,VIIRS,n,2,297.45,5.01,N,0
41.05534,26.14898,320.53,0.43,0.38,2023-08-22,0025,N,VIIRS,n,2,298.96,2.19,N,0
41.0544,26.154,348.27,0.43,0.38,2023-08-22,0025,N,VIIRS,n,2,318.58,51.01,N,0
41.05627,26.14393,312.89,0.43,0.38,2023-08-22,0025,N,VIIRS,n,2,298.14,2.19,N,0
41.06695,26.06671,335.83,0.43,0.38,2023-08-22,0025,N,VIIRS,n,2,300.22,5.01,N,0
41.05188,26.14791,327.62,0.43,0.38,2023-08-22,0025,N,VIIRS,n,2,299.8,2.19,N,0
41.05095,26.1529,342.31,0.43,0.38,2023-08-22,0025,N,VIIRS,n,2,318.71,51.01,N,0
41.05001,26.15793,331.97,0.43,0.38,2023-08-22,0025,N,VIIRS,n,2,297.87,51.01,N,0
41.05375,26.13784,314.15,0.43,0.38,2023-08-22,0025,N,VIIRS,n,2,296.73,3.75,N,0
41.05281,26.1429,310.38,0.43,0.38,2023-08-22,0025,N,VIIRS,n,2,296.61,2.19,N,0
41.04935,26.14183,347.54,0.43,0.38,2023-08-22,0025,N,VIIRS,n,2,302.15,15.78,N,0
41.04842,26.14684,335.98,0.43,0.38,2023-08-22,0025,N,VIIRS,n,2,301.62,15.78,N,0
41.0475,26.1518,339.82,0.43,0.38,2023-08-22,0025,N,VIIRS,n,2,309.72,28.41,N,0
41.06349,26.06567,309.22,0.43,0.38,2023-08-22,0025,N,VIIRS,n,2,295.1,1.34,N,0
41.0503,26.13677,313.75,0.43,0.38,2023-08-22,0025,N,VIIRS,n,2,297.71,2.67,N,0
41.0629,26.0492,330.59,0.43,0.38,2023-08-22,0025,N,VIIRS,n,2,298.44,3.03,N,0
41.0459,26.14075,353.17,0.43,0.38,2023-08-22,0025,N,VIIRS,n,2,304.85,15.78,N,0
41.04497,26.14577,338.03,0.43,0.38,2023-08-22,0025,N,VIIRS,n,2,299.62,15.78,N,0
41.04404,26.15073,332.94,0.43,0.38,2023-08-22,0025,N,VIIRS,n,2,308.33,28.41,N,0
41.06194,26.05441,317.71,0.43,0.38,2023-08-22,0025,N,VIIRS,n,2,297.2,3.03,N,0
41.06098,26.05954,309.77,0.43,0.38,2023-08-22,0025,N,VIIRS,n,2,295.52,1.34,N,0
41.04969,26.12037,311.99,0.43,0.38,2023-08-22,0025,N,VIIRS,n,2,296.29,2.15,N,0
41.04875,26.12544,313.8,0.43,0.38,2023-08-22,0025,N,VIIRS,n,2,296.19,2.15,N,0
41.04684,26.13568,312.94,0.43,0.38,2023-08-22,0025,N,VIIRS,n,2,297.82,2.67,N,0
41.05949,26.04792,344.85,0.43,0.38,2023-08-22,0025,N,VIIRS,n,2,305.49,10.46,N,0
41.0453,26.12434,320.49,0.43,0.38,2023-08-22,0025,N,VIIRS,n,2,298.07,2.16,N,0
41.04245,26.13963,340.36,0.43,0.38,2023-08-22,0025,N,VIIRS,n,2,300.99,31.26,N,0
41.04151,26.14471,324.73,0.43,0.38,2023-08-22,0025,N,VIIRS,n,2,297.97,31.26,N,0
41.06046,26.04271,309.44,0.43,0.38,2023-08-22,0025,N,VIIRS,n,2,296.53,1.85,N,0
41.05853,26.05311,308.47,0.43,0.38,2023-08-22,0025,N,VIIRS,n,2,294.93,10.46,N,0
41.0472,26.11411,311.54,0.43,0.38,2023-08-22,0025,N,VIIRS,n,2,295.28,1.3,N,0
41.04625,26.11924,316.51,0.43,0.38,2023-08-22,0025,N,VIIRS,n,2,297.52,2.16,N,0
41.04435,26.12944,318.58,0.43,0.38,2023-08-22,0025,N,VIIRS,n,2,299.48,2.97,N,0
41.0434,26.13454,319.18,0.43,0.38,2023-08-22,0025,N,VIIRS,n,2,299.73,2.97,N,0
41.05801,26.03629,329.1,0.43,0.38,2023-08-22,0025,N,VIIRS,n,2,297.18,1.85,N,0
41.0428,26.11813,324.84,0.43,0.38,2023-08-22,0025,N,VIIRS,n,2,298.1,2.16,N,0
41.04185,26.12325,324.87,0.43,0.38,2023-08-22,0025,N,VIIRS,n,2,298.99,2.16,N,0
41.0409,26.12835,328.43,0.43,0.38,2023-08-22,0025,N,VIIRS,n,2,301.15,2.97,N,0
41.03996,26.13342,337.27,0.43,0.38,2023-08-22,0025,N,VIIRS,n,2,302.11,2.97,N,0
41.03901,26.13849,356.82,0.43,0.38,2023-08-22,0025,N,VIIRS,n,2,321.6,31.26,N,0
41.03806,26.14361,327.82,0.43,0.38,2023-08-22,0025,N,VIIRS,n,2,318.17,31.26,N,0
41.05894,26.03124,307.71,0.43,0.38,2023-08-22,0025,N,VIIRS,n,2,294.52,1.64,N,0
41.05705,26.04144,319.42,0.43,0.38,2023-08-22,0025,N,VIIRS,n,2,296.02,1.85,N,0
41.04471,26.10791,308.49,0.43,0.38,2023-08-22,0025,N,VIIRS,n,2,293.98,1.3,N,0
41.04376,26.113,314.31,0.43,0.38,2023-08-22,0025,N,VIIRS,n,2,295.32,1.3,N,0
41.03712,26.1486,309.94,0.43,0.38,2023-08-22,0025,N,VIIRS,n,2,296.62,4.41,N,0
41.05553,26.03003,323.41,0.43,0.38,2023-08-22,0025,N,VIIRS,n,2,295.41,2.38,N,0
41.03936,26.11702,334.65,0.43,0.38,2023-08-22,0025,N,VIIRS,n,2,299.73,3.01,N,0
41.0384,26.12214,328.35,0.43,0.38,2023-08-22,0025,N,VIIRS,n,2,300.29,3.01,N,0
41.03745,26.12725,331.47,0.43,0.38,2023-08-22,0025,N,VIIRS,n,2,300.71,38.73,N,0
41.0365,26.13233,347.27,0.43,0.38,2023-08-22,0025,N,VIIRS,n,2,305.23,38.73,N,0
41.03556,26.1374,367,0.43,0.38,2023-08-22,0025,N,VIIRS,h,2,360.16,334.95,N,0
41.05458,26.03512,313.81,0.43,0.38,2023-08-22,0025,N,VIIRS,n,2,295.18,2.03,N,0
41.0422,26.10174,312.91,0.43,0.38,2023-08-22,0025,N,VIIRS,n,2,296.27,2.21,N,0
41.04125,26.10685,315.31,0.43,0.38,2023-08-22,0025,N,VIIRS,n,2,295.39,1.72,N,0
41.04031,26.11193,314.53,0.43,0.38,2023-08-22,0025,N,VIIRS,n,2,296.02,1.72,N,0
41.03461,26.14247,319.8,0.43,0.38,2023-08-22,0025,N,VIIRS,n,2,305.13,334.95,N,0
41.03368,26.14746,313.55,0.43,0.38,2023-08-22,0025,N,VIIRS,n,2,296.55,3.06,N,0
41.05209,26.02891,322.7,0.43,0.38,2023-08-22,0025,N,VIIRS,n,2,296.55,2.38,N,0
41.03874,26.10074,328.88,0.43,0.38,2023-08-22,0025,N,VIIRS,n,2,297.26,2.21,N,0
41.03686,26.11085,321.86,0.43,0.38,2023-08-22,0025,N,VIIRS,n,2,297.79,1.72,N,0
41.03591,26.11593,320.48,0.43,0.38,2023-08-22,0025,N,VIIRS,n,2,299.28,3.01,N,0
41.03496,26.12103,328.02,0.43,0.38,2023-08-22,0025,N,VIIRS,n,2,300.64,3.01,N,0
41.034,26.12615,336.79,0.43,0.38,2023-08-22,0025,N,VIIRS,n,2,301.5,38.73,N,0
41.03305,26.13125,352.61,0.43,0.38,2023-08-22,0025,N,VIIRS,n,2,308.8,38.73,N,0
41.03116,26.14136,332.74,0.43,0.38,2023-08-22,0025,N,VIIRS,n,2,303.06,334.95,N,0
41.03969,26.09563,319.73,0.43,0.38,2023-08-22,0025,N,VIIRS,n,2,296.26,2.21,N,0
41.03779,26.10581,319.89,0.43,0.38,2023-08-22,0025,N,VIIRS,n,2,297.07,1.72,N,0
41.03024,26.14634,313.61,0.43,0.38,2023-08-22,0025,N,VIIRS,n,2,297.02,3.06,N,0
41.03624,26.09456,343.64,0.43,0.38,2023-08-22,0025,N,VIIRS,n,2,300.7,8.98,N,0
41.03529,26.09963,338.09,0.43,0.38,2023-08-22,0025,N,VIIRS,n,2,298.88,8.98,N,0
41.03435,26.1047,333.74,0.43,0.38,2023-08-22,0025,N,VIIRS,n,2,300.7,3.54,N,0
41.0334,26.10979,327.47,0.43,0.38,2023-08-22,0025,N,VIIRS,n,2,300.58,3.54,N,0
41.03245,26.11486,328.67,0.43,0.38,2023-08-22,0025,N,VIIRS,n,2,300.45,5.47,N,0
41.03151,26.11991,339.51,0.43,0.38,2023-08-22,0025,N,VIIRS,n,2,301.68,5.47,N,0
41.03056,26.12503,351.25,0.43,0.38,2023-08-22,0025,N,VIIRS,n,2,304.02,23.49,N,0
41.02959,26.13017,353.94,0.43,0.38,2023-08-22,0025,N,VIIRS,n,2,307.52,23.49,N,0
41.0277,26.14032,322.11,0.43,0.38,2023-08-22,0025,N,VIIRS,n,2,297.41,36.19,N,0
41.04959,26.02281,308.44,0.43,0.38,2023-08-22,0025,N,VIIRS,n,2,295.83,1.78,N,0
41.04865,26.02788,318.62,0.43,0.38,2023-08-22,0025,N,VIIRS,n,2,296.32,1.78,N,0
41.02677,26.14529,310.21,0.43,0.38,2023-08-22,0025,N,VIIRS,n,2,296.83,3.68,N,0
41.04613,26.02183,327.33,0.43,0.38,2023-08-22,0025,N,VIIRS,n,2,297.36,1.78,N,0
41.03281,26.09337,349.46,0.43,0.38,2023-08-22,0025,N,VIIRS,n,2,307,8.98,N,0
41.03186,26.09845,349.19,0.43,0.38,2023-08-22,0025,N,VIIRS,n,2,302.75,8.98,N,0
41.03091,26.10356,341.31,0.43,0.38,2023-08-22,0025,N,VIIRS,n,2,302.76,3.54,N,0
41.02995,26.10871,329.42,0.43,0.38,2023-08-22,0025,N,VIIRS,n,2,301.35,3.54,N,0
41.029,26.11376,352.65,0.43,0.38,2023-08-22,0025,N,VIIRS,n,2,304.28,5.47,N,0
41.02806,26.1188,344.9,0.43,0.38,2023-08-22,0025,N,VIIRS,n,2,303.25,5.47,N,0
41.02711,26.12392,347.7,0.43,0.38,2023-08-22,0025,N,VIIRS,n,2,304.5,23.49,N,0
41.02614,26.1291,367,0.43,0.38,2023-08-22,0025,N,VIIRS,h,2,310.62,23.49,N,0
41.02518,26.13423,339.28,0.43,0.38,2023-08-22,0025,N,VIIRS,n,2,308.26,36.19,N,0
41.03376,26.08829,315.75,0.43,0.38,2023-08-22,0025,N,VIIRS,n,2,296.16,4.08,N,0
41.02424,26.13928,311.36,0.43,0.38,2023-08-22,0025,N,VIIRS,n,2,296.68,36.19,N,0
41.03032,26.08714,326.57,0.43,0.38,2023-08-22,0025,N,VIIRS,n,2,298.55,2.91,N,0
41.02938,26.09221,351.56,0.43,0.38,2023-08-22,0025,N,VIIRS,n,2,319.03,71.68,N,0
41.02843,26.09727,337.51,0.43,0.38,2023-08-22,0025,N,VIIRS,n,2,331.07,71.68,N,0
41.02747,26.10239,332.91,0.43,0.38,2023-08-22,0025,N,VIIRS,n,2,301.11,3.89,N,0
41.02652,26.10749,332.14,0.43,0.38,2023-08-22,0025,N,VIIRS,n,2,301.73,3.89,N,0
41.02557,26.11256,348.28,0.43,0.38,2023-08-22,0025,N,VIIRS,n,2,304.52,8.2,N,0
41.02462,26.11765,355.05,0.43,0.38,2023-08-22,0025,N,VIIRS,n,2,305.07,8.2,N,0
41.02366,26.12282,367,0.43,0.38,2023-08-22,0025,N,VIIRS,h,2,308.09,30.92,N,0
41.02268,26.12804,355.4,0.43,0.38,2023-08-22,0025,N,VIIRS,n,2,315.4,30.92,N,0
41.02172,26.13315,330.2,0.43,0.38,2023-08-22,0025,N,VIIRS,n,2,297.56,14.17,N,0
41.04268,26.02081,319.69,0.43,0.38,2023-08-22,0025,N,VIIRS,n,2,297.51,2.15,N,0
41.0313,26.08191,312.9,0.43,0.38,2023-08-22,0025,N,VIIRS,n,2,296.08,2.91,N,0
41.04019,26.0146,330.81,0.43,0.38,2023-08-22,0025,N,VIIRS,n,2,298.46,4.34,N,0
41.02786,26.08076,324.22,0.43,0.38,2023-08-22,0025,N,VIIRS,n,2,298.02,2.91,N,0
41.02689,26.08595,340.05,0.43,0.38,2023-08-22,0025,N,VIIRS,n,2,299.72,2.91,N,0
41.02594,26.09106,354.57,0.43,0.38,2023-08-22,0025,N,VIIRS,n,2,311.57,71.68,N,0
41.02499,26.09615,367,0.43,0.38,2023-08-22,0025,N,VIIRS,h,2,333.66,71.68,N,0
41.02404,26.10123,328.07,0.43,0.38,2023-08-22,0025,N,VIIRS,n,2,301.46,3.89,N,0
41.0231,26.10628,338.59,0.43,0.38,2023-08-22,0025,N,VIIRS,n,2,302.85,3.89,N,0
41.02215,26.11133,348.93,0.43,0.38,2023-08-22,0025,N,VIIRS,n,2,304.63,8.2,N,0
41.02119,26.11645,354.16,0.43,0.38,2023-08-22,0025,N,VIIRS,n,2,307.5,8.2,N,0
41.02022,26.12163,353.37,0.43,0.38,2023-08-22,0025,N,VIIRS,n,2,327.7,30.92,N,0
41.01925,26.12684,333.52,0.43,0.38,2023-08-22,0025,N,VIIRS,n,2,300.46,30.92,N,0
41.03923,26.01974,317.18,0.43,0.38,2023-08-22,0025,N,VIIRS,n,2,297.4,2.15,N,0
41.02882,26.07565,315.87,0.43,0.38,2023-08-22,0025,N,VIIRS,n,2,296.33,3.05,N,0
41.03866,26.00326,328.02,0.43,0.38,2023-08-22,0025,N,VIIRS,n,2,297.14,2.69,N,0
41.0377,26.0084,343.72,0.43,0.38,2023-08-22,0025,N,VIIRS,n,2,299.2,3.74,N,0
41.02536,26.0746,331.02,0.43,0.38,2023-08-22,0025,N,VIIRS,n,2,298.77,7.45,N,0
41.02442,26.07966,334.44,0.43,0.38,2023-08-22,0025,N,VIIRS,n,2,300.18,29.57,N,0
41.02346,26.08478,344.35,0.43,0.38,2023-08-22,0025,N,VIIRS,n,2,302.08,29.57,N,0
41.02251,26.08989,339.85,0.43,0.38,2023-08-22,0025,N,VIIRS,n,2,302.51,4.79,N,0
41.02155,26.09502,334.6,0.43,0.38,2023-08-22,0025,N,VIIRS,n,2,302.52,4.79,N,0
41.02061,26.10006,341.11,0.43,0.38,2023-08-22,0025,N,VIIRS,n,2,301.45,5.34,N,0
41.01967,26.10507,341.69,0.43,0.38,2023-08-22,0025,N,VIIRS,n,2,303.23,5.34,N,0
41.01873,26.11011,342.48,0.43,0.38,2023-08-22,0025,N,VIIRS,n,2,303.28,41.73,N,0
41.01777,26.11523,356.07,0.43,0.38,2023-08-22,0025,N,VIIRS,n,2,311.74,41.73,N,0
41.0168,26.1204,367,0.43,0.38,2023-08-22,0025,N,VIIRS,h,2,345.49,51.73,N,0
41.02728,26.06431,310.93,0.43,0.38,2023-08-22,0025,N,VIIRS,n,2,294.87,4.29,N,0
41.02631,26.06951,319.65,0.43,0.38,2023-08-22,0025,N,VIIRS,n,2,297.82,7.45,N,0
41.01583,26.1256,314.21,0.43,0.38,2023-08-22,0025,N,VIIRS,n,2,298.03,51.73,N,0
41.03521,26.00223,320.91,0.43,0.38,2023-08-22,0025,N,VIIRS,n,2,297.17,2.69,N,0
41.02383,26.06326,348.38,0.43,0.38,2023-08-22,0025,N,VIIRS,n,2,302.37,4.29,N,0
41.02286,26.06846,340.35,0.43,0.38,2023-08-22,0025,N,VIIRS,n,2,302.37,7.45,N,0
41.02191,26.07357,351.64,0.43,0.38,2023-08-22,0025,N,VIIRS,n,2,308.39,7.45,N,0
41.02097,26.07858,345.73,0.43,0.38,2023-08-22,0025,N,VIIRS,n,2,314.1,29.57,N,0
41.02003,26.08362,335.57,0.43,0.38,2023-08-22,0025,N,VIIRS,n,2,328.73,29.57,N,0
41.01908,26.08869,336.71,0.43,0.38,2023-08-22,0025,N,VIIRS,n,2,303.38,4.79,N,0
41.01812,26.09381,330.63,0.43,0.38,2023-08-22,0025,N,VIIRS,n,2,301.66,4.79,N,0
41.01718,26.09885,338.42,0.43,0.38,2023-08-22,0025,N,VIIRS,n,2,301.45,5.34,N,0
41.01625,26.10385,349.83,0.43,0.38,2023-08-22,0025,N,VIIRS,n,2,304.42,5.34,N,0
41.0153,26.10889,356.5,0.43,0.38,2023-08-22,0025,N,VIIRS,n,2,308.42,41.73,N,0
41.01434,26.11401,367,0.43,0.38,2023-08-22,0025,N,VIIRS,h,2,344.41,41.73,N,0
41.01337,26.11916,328.26,0.43,0.38,2023-08-22,0025,N,VIIRS,n,2,303.77,51.73,N,0
41.16462,25.29399,309.05,0.41,0.37,2023-08-22,0025,N,VIIRS,n,2,296.86,1.91,N,0
41.16372,25.29899,319.3,0.41,0.37,2023-08-22,0025,N,VIIRS,n,2,297.93,1.77,N,0
41.16282,25.304,315,0.41,0.37,2023-08-22,0025,N,VIIRS,n,2,298.23,1.77,N,0
41.03426,26.00737,311.54,0.43,0.38,2023-08-22,0025,N,VIIRS,n,2,297.23,3.74,N,0
41.02481,26.05805,309.92,0.43,0.38,2023-08-22,0025,N,VIIRS,n,2,294.88,4.29,N,0
41.16389,25.27817,348.45,0.41,0.37,2023-08-22,0025,N,VIIRS,n,2,301.91,8.09,N,0
41.16301,25.28312,329.7,0.41,0.37,2023-08-22,0025,N,VIIRS,n,2,299.15,8.09,N,0
41.16211,25.28809,339.84,0.41,0.37,2023-08-22,0025,N,VIIRS,n,2,299.76,2.6,N,0
41.16123,25.29303,320.8,0.41,0.37,2023-08-22,0025,N,VIIRS,n,2,298.91,2.6,N,0
41.16033,25.29802,324.85,0.41,0.37,2023-08-22,0025,N,VIIRS,n,2,297.13,3.6,N,0
41.15943,25.30305,332.94,0.41,0.37,2023-08-22,0025,N,VIIRS,n,2,300.01,3.6,N,0
41.0337,25.99083,325.41,0.43,0.38,2023-08-22,0025,N,VIIRS,n,2,297.73,1.86,N,0
41.03274,25.99598,344.68,0.43,0.38,2023-08-22,0025,N,VIIRS,n,2,299.84,3.99,N,0
41.02137,26.05693,332.38,0.43,0.38,2023-08-22,0025,N,VIIRS,n,2,299.21,34.96,N,0
41.02039,26.06216,355.18,0.43,0.38,2023-08-22,0025,N,VIIRS,n,2,310.38,34.96,N,0
41.01943,26.0673,354.15,0.43,0.38,2023-08-22,0025,N,VIIRS,n,2,307.5,21,N,0
41.01848,26.07239,349.1,0.43,0.38,2023-08-22,0025,N,VIIRS,n,2,310.86,21,N,0
41.01754,26.07737,353.81,0.43,0.38,2023-08-22,0025,N,VIIRS,n,2,306.82,16.98,N,0
41.0166,26.08241,351.78,0.43,0.38,2023-08-22,0025,N,VIIRS,n,2,316.09,16.98,N,0
41.01565,26.0875,342.3,0.43,0.38,2023-08-22,0025,N,VIIRS,n,2,302.83,4.71,N,0
41.0147,26.09259,335.07,0.43,0.38,2023-08-22,0025,N,VIIRS,n,2,301.38,4.71,N,0
41.01376,26.09762,350.52,0.43,0.38,2023-08-22,0025,N,VIIRS,n,2,305.03,16.44,N,0
41.01282,26.10262,354.98,0.43,0.38,2023-08-22,0025,N,VIIRS,n,2,305.86,16.44,N,0
41.01187,26.10769,356.56,0.43,0.38,2023-08-22,0025,N,VIIRS,n,2,323.7,105.13,N,0
41.01091,26.11282,367,0.43,0.38,2023-08-22,0025,N,VIIRS,h,2,336.37,105.13,N,0
41.03176,26.00121,313.13,0.43,0.38,2023-08-22,0025,N,VIIRS,n,2,296.85,3.99,N,0
41.0308,26.00637,310.44,0.43,0.38,2023-08-22,0025,N,VIIRS,n,2,296.87,2.28,N,0
41.00994,26.11799,313.66,0.43,0.38,2023-08-22,0025,N,VIIRS,n,2,297.56,5.15,N,0
41.16318,25.26235,348.8,0.41,0.37,2023-08-22,0025,N,VIIRS,n,2,301.06,8.34,N,0
41.1605,25.27727,367,0.41,0.37,2023-08-22,0025,N,VIIRS,h,2,310.12,8.09,N,0
41.15784,25.29212,325.35,0.41,0.37,2023-08-22,0025,N,VIIRS,n,2,298.28,2.6,N,0
41.15515,25.30705,332.6,0.41,0.37,2023-08-22,0025,N,VIIRS,n,2,301.04,5.79,N,0
41.01793,26.05579,342.3,0.43,0.38,2023-08-22,0025,N,VIIRS,n,2,303.43,34.96,N,0
41.01698,26.06088,339.96,0.43,0.38,2023-08-22,0025,N,VIIRS,n,2,336,34.96,N,0
41.01602,26.066,352.15,0.43,0.38,2023-08-22,0025,N,VIIRS,n,2,317.41,21,N,0
41.01506,26.07115,345.03,0.43,0.38,2023-08-22,0025,N,VIIRS,n,2,304.19,21,N,0
41.01413,26.07614,344.96,0.43,0.38,2023-08-22,0025,N,VIIRS,n,2,303.78,16.98,N,0
41.01318,26.08119,350.33,0.43,0.38,2023-08-22,0025,N,VIIRS,n,2,305.83,16.98,N,0
41.01222,26.0863,338.38,0.43,0.38,2023-08-22,0025,N,VIIRS,n,2,302.25,4.71,N,0
41.01128,26.09137,333.75,0.43,0.38,2023-08-22,0025,N,VIIRS,n,2,300.82,4.71,N,0
41.01033,26.09639,367,0.43,0.38,2023-08-22,0025,N,VIIRS,h,2,308.3,16.44,N,0
41.0094,26.1014,367,0.43,0.38,2023-08-22,0025,N,VIIRS,h,2,315.7,16.44,N,0
41.00844,26.10648,367,0.43,0.38,2023-08-22,0025,N,VIIRS,h,2,358.95,105.13,N,0
41.00747,26.11166,325.09,0.43,0.38,2023-08-22,0025,N,VIIRS,n,2,309.58,105.13,N,0
41.16227,25.26739,309.19,0.41,0.37,2023-08-22,0025,N,VIIRS,n,2,296.49,4.47,N,0
41.15961,25.28221,315.87,0.41,0.37,2023-08-22,0025,N,VIIRS,n,2,299.36,8.09,N,0
41.15872,25.28718,313.88,0.41,0.37,2023-08-22,0025,N,VIIRS,n,2,297.72,2.6,N,0
41.03118,25.98482,316.17,0.43,0.38,2023-08-22,0025,N,VIIRS,n,2,296.01,1.86,N,0
41.03025,25.9898,310.01,0.43,0.38,2023-08-22,0025,N,VIIRS,n,2,295.47,1.86,N,0
41.01887,26.05077,311.53,0.43,0.38,2023-08-22,0025,N,VIIRS,n,2,296.25,3.03,N,0
41.16068,25.2565,332.91,0.41,0.37,2023-08-22,0025,N,VIIRS,n,2,299.39,3.95,N,0
41.15979,25.26146,340.49,0.41,0.37,2023-08-22,0025,N,VIIRS,n,2,300.62,3.95,N,0
41.15889,25.26647,353.2,0.41,0.37,2023-08-22,0025,N,VIIRS,n,2,302.3,7.46,N,0
41.15799,25.27145,324.21,0.41,0.37,2023-08-22,0025,N,VIIRS,n,2,301.32,7.46,N,0
41.1571,25.27637,342.46,0.41,0.37,2023-08-22,0025,N,VIIRS,n,2,300.34,4.74,N,0
41.02772,25.98386,330.39,0.43,0.38,2023-08-22,0025,N,VIIRS,n,2,297.47,3.02,N,0
41.01541,26.04977,335.93,0.43,0.38,2023-08-22,0025,N,VIIRS,n,2,302.33,4.62,N,0
41.01449,26.0547,355.71,0.43,0.38,2023-08-22,0025,N,VIIRS,n,2,310.44,15.16,N,0
41.01357,26.05966,367,0.43,0.38,2023-08-22,0025,N,VIIRS,h,2,311.33,15.16,N,0
41.01262,26.06471,351.27,0.43,0.38,2023-08-22,0025,N,VIIRS,n,2,308.28,9.71,N,0
41.01165,26.06989,347.97,0.43,0.38,2023-08-22,0025,N,VIIRS,n,2,304.03,9.71,N,0
41.0107,26.07496,353.46,0.43,0.38,2023-08-22,0025,N,VIIRS,n,2,308.72,11.5,N,0
41.00975,26.08003,349.79,0.43,0.38,2023-08-22,0025,N,VIIRS,n,2,304.3,11.5,N,0
41.00879,26.08512,336.13,0.43,0.38,2023-08-22,0025,N,VIIRS,n,2,301.59,10.73,N,0
41.00785,26.09016,341.11,0.43,0.38,2023-08-22,0025,N,VIIRS,n,2,301.49,10.73,N,0
41.00692,26.09515,353.49,0.43,0.38,2023-08-22,0025,N,VIIRS,n,2,308.23,128.77,N,0
41.00598,26.10017,344.27,0.43,0.38,2023-08-22,0025,N,VIIRS,n,2,340.28,128.77,N,0
41.15176,25.30611,316.14,0.41,0.37,2023-08-22,0025,N,VIIRS,n,2,297.96,3.1,N,0
41.02584,25.99394,308.53,0.43,0.38,2023-08-22,0025,N,VIIRS,n,2,296.26,1.78,N,0
41.00404,26.11048,315.64,0.43,0.38,2023-08-22,0025,N,VIIRS,n,2,297.03,38.07,N,0
41.15728,25.25562,343.46,0.41,0.37,2023-08-22,0025,N,VIIRS,n,2,300.87,3.95,N,0
41.02427,25.98289,323.1,0.43,0.38,2023-08-22,0025,N,VIIRS,n,2,297.53,3.02,N,0
41.01287,26.04383,335.12,0.43,0.38,2023-08-22,0025,N,VIIRS,n,2,299.27,4.62,N,0
41.01196,26.04875,339.8,0.43,0.38,2023-08-22,0025,N,VIIRS,n,2,302.44,4.62,N,0
41.01104,26.05362,355.48,0.43,0.38,2023-08-22,0025,N,VIIRS,n,2,311.21,15.16,N,0
41.01012,26.05854,353.79,0.43,0.38,2023-08-22,0025,N,VIIRS,n,2,309.56,15.16,N,0
41.00919,26.06352,342.45,0.43,0.38,2023-08-22,0025,N,VIIRS,n,2,303.79,9.71,N,0
41.00823,26.06868,347.81,0.43,0.38,2023-08-22,0025,N,VIIRS,n,2,303.73,9.71,N,0
41.00726,26.0738,356.56,0.43,0.38,2023-08-22,0025,N,VIIRS,n,2,308.75,11.5,N,0
41.00631,26.0789,356.07,0.43,0.38,2023-08-22,0025,N,VIIRS,n,2,306.83,11.5,N,0
41.00536,26.08397,354.49,0.43,0.38,2023-08-22,0025,N,VIIRS,n,2,305.83,10.73,N,0
41.00442,26.08898,367,0.43,0.38,2023-08-22,0025,N,VIIRS,h,2,312.33,10.73,N,0
41.00349,26.09397,367,0.43,0.38,2023-08-22,0025,N,VIIRS,h,2,356.78,128.77,N,0
41.00254,26.099,367,0.43,0.38,2023-08-22,0025,N,VIIRS,h,2,335.39,128.77,N,0
41.15639,25.26057,310.3,0.41,0.37,2023-08-22,0025,N,VIIRS,n,2,298.68,3.95,N,0
41.15549,25.26555,310.56,0.41,0.37,2023-08-22,0025,N,VIIRS,n,2,299.11,7.46,N,0
41.1546,25.27053,310.75,0.41,0.37,2023-08-22,0025,N,VIIRS,n,2,298.14,7.46,N,0
41.15371,25.27549,311.32,0.41,0.37,2023-08-22,0025,N,VIIRS,n,2,297.41,4.74,N,0
41.00158,26.10414,319.48,0.43,0.38,2023-08-22,0025,N,VIIRS,n,2,297.88,38.07,N,0
41.0006,26.10932,309.78,0.43,0.38,2023-08-22,0025,N,VIIRS,n,2,296.73,38.07,N,0
41.14676,25.29432,331.52,0.41,0.37,2023-08-22,0025,N,VIIRS,n,2,300.29,2.68,N,0
41.00944,26.04271,337.44,0.43,0.38,2023-08-22,0025,N,VIIRS,n,2,299.95,6.84,N,0
41.00851,26.04767,338.83,0.43,0.38,2023-08-22,0025,N,VIIRS,n,2,303.95,6.84,N,0
41.0076,26.05254,353,0.43,0.38,2023-08-22,0025,N,VIIRS,n,2,305.23,10.1,N,0
41.00669,26.05743,367,0.43,0.38,2023-08-22,0025,N,VIIRS,h,2,306.81,10.1,N,0
41.00576,26.06237,345.09,0.43,0.38,2023-08-22,0025,N,VIIRS,n,2,302.59,6.58,N,0
41.0048,26.06749,346.28,0.43,0.38,2023-08-22,0025,N,VIIRS,n,2,303.91,6.58,N,0
41.00383,26.07265,367,0.43,0.38,2023-08-22,0025,N,VIIRS,h,2,310.52,13.32,N,0
41.00286,26.0778,356,0.43,0.38,2023-08-22,0025,N,VIIRS,n,2,308.94,13.32,N,0
41.00191,26.08287,367,0.43,0.38,2023-08-22,0025,N,VIIRS,h,2,312.89,73.62,N,0
41.00098,26.08786,355.27,0.43,0.38,2023-08-22,0025,N,VIIRS,n,2,325.74,73.62,N,0
41.00004,26.09285,367,0.43,0.38,2023-08-22,0025,N,VIIRS,h,2,354.15,100.1,N,0
40.9991,26.0979,339.03,0.43,0.38,2023-08-22,0025,N,VIIRS,n,2,299.19,100.1,N,0
41.15743,25.23499,307.75,0.41,0.37,2023-08-22,0025,N,VIIRS,n,2,295.71,1.85,N,0
41.15657,25.23978,318.53,0.41,0.37,2023-08-22,0025,N,VIIRS,n,2,296.73,1.85,N,0
41.15477,25.2498,309.66,0.41,0.37,2023-08-22,0025,N,VIIRS,n,2,297.72,1.51,N,0
40.99813,26.10304,312.38,0.43,0.38,2023-08-22,0025,N,VIIRS,n,2,296.36,5.42,N,0
41.15488,25.22939,345.73,0.41,0.37,2023-08-22,0025,N,VIIRS,n,2,299.44,8.19,N,0
41.14337,25.2934,328.58,0.41,0.37,2023-08-22,0025,N,VIIRS,n,2,299.17,2.68,N,0
41.00601,26.04156,349.85,0.43,0.38,2023-08-22,0025,N,VIIRS,n,2,305.16,6.84,N,0
41.00507,26.04659,353.11,0.43,0.38,2023-08-22,0025,N,VIIRS,n,2,307.68,6.84,N,0
41.00416,26.05145,367,0.43,0.38,2023-08-22,0025,N,VIIRS,h,2,310.31,10.1,N,0
41.00324,26.05633,348.05,0.43,0.38,2023-08-22,0025,N,VIIRS,n,2,303.18,10.1,N,0
41.00232,26.06129,341.87,0.43,0.38,2023-08-22,0025,N,VIIRS,n,2,301.81,6.58,N,0
41.00135,26.06639,353.16,0.43,0.38,2023-08-22,0025,N,VIIRS,n,2,304.64,6.58,N,0
41.00038,26.07157,367,0.43,0.38,2023-08-22,0025,N,VIIRS,h,2,308.75,13.32,N,0
40.99942,26.07673,367,0.43,0.38,2023-08-22,0025,N,VIIRS,h,2,311.18,13.32,N,0
40.99846,26.0818,356.54,0.43,0.38,2023-08-22,0025,N,VIIRS,n,2,315.87,73.62,N,0
40.99753,26.08677,367,0.43,0.38,2023-08-22,0025,N,VIIRS,h,2,346.24,73.62,N,0
40.99659,26.09176,367,0.43,0.38,2023-08-22,0025,N,VIIRS,h,2,331.56,100.1,N,0
40.99564,26.09683,321.29,0.43,0.38,2023-08-22,0025,N,VIIRS,n,2,297.59,100.1,N,0
41.15405,25.23405,319.2,0.41,0.37,2023-08-22,0025,N,VIIRS,n,2,297.12,1.85,N,0
41.15227,25.24393,319.33,0.41,0.37,2023-08-22,0025,N,VIIRS,n,2,298,1.51,N,0
41.15137,25.24893,312.12,0.41,0.37,2023-08-22,0025,N,VIIRS,n,2,298.31,1.51,N,0
41.01827,25.97599,308.78,0.43,0.38,2023-08-22,0025,N,VIIRS,n,2,295.92,2.19,N,0
41.00696,26.0365,315.13,0.43,0.38,2023-08-22,0025,N,VIIRS,n,2,296.85,3.2,N,0
41.01389,25.97995,320.72,0.43,0.38,2023-08-22,0025,N,VIIRS,n,2,296.04,2.72,N,0
41.00353,26.03534,334.48,0.43,0.38,2023-08-22,0025,N,VIIRS,n,2,300.88,4.81,N,0
41.00257,26.04041,352.75,0.43,0.38,2023-08-22,0025,N,VIIRS,n,2,306.3,12.34,N,0
41.00163,26.04548,356.29,0.43,0.38,2023-08-22,0025,N,VIIRS,n,2,309.73,12.34,N,0
41.00071,26.05035,367,0.43,0.38,2023-08-22,0025,N,VIIRS,h,2,312.42,16.24,N,0
40.9998,26.05525,356.87,0.43,0.38,2023-08-22,0025,N,VIIRS,n,2,311.36,16.24,N,0
40.99887,26.06022,353.12,0.43,0.38,2023-08-22,0025,N,VIIRS,n,2,314.02,26.15,N,0
40.99791,26.0653,356.88,0.43,0.38,2023-08-22,0025,N,VIIRS,n,2,318.34,26.15,N,0
40.99693,26.0705,367,0.43,0.38,2023-08-22,0025,N,VIIRS,h,2,316.65,28.68,N,0
40.99596,26.07567,367,0.43,0.38,2023-08-22,0025,N,VIIRS,h,2,313.18,28.68,N,0
40.99501,26.08076,351.88,0.43,0.38,2023-08-22,0025,N,VIIRS,n,2,333.16,303.42,N,0
40.99314,26.09072,340.71,0.43,0.38,2023-08-22,0025,N,VIIRS,n,2,298.67,8.09,N,0
41.15148,25.22853,311.07,0.41,0.37,2023-08-22,0025,N,VIIRS,n,2,296.61,2.44,N,0
41.14888,25.24304,309.99,0.41,0.37,2023-08-22,0025,N,VIIRS,n,2,298.09,3.41,N,0
41.00446,26.03035,318.02,0.43,0.38,2023-08-22,0025,N,VIIRS,n,2,297.8,4.81,N,0
40.99218,26.0958,313.17,0.43,0.38,2023-08-22,0025,N,VIIRS,n,2,296.78,8.09,N,0
41.00101,26.02929,342.77,0.43,0.38,2023-08-22,0025,N,VIIRS,n,2,301.31,4.81,N,0
41.00008,26.0343,350.46,0.43,0.38,2023-08-22,0025,N,VIIRS,n,2,303.26,4.81,N,0
40.99913,26.03934,354.5,0.43,0.38,2023-08-22,0025,N,VIIRS,n,2,308.81,12.34,N,0
40.99819,26.04434,367,0.43,0.38,2023-08-22,0025,N,VIIRS,h,2,313.01,12.34,N,0
40.99728,26.04924,367,0.43,0.38,2023-08-22,0025,N,VIIRS,h,2,316.38,16.24,N,0
40.99635,26.05416,367,0.43,0.38,2023-08-22,0025,N,VIIRS,h,2,313.16,16.24,N,0
40.99542,26.05914,367,0.43,0.38,2023-08-22,0025,N,VIIRS,h,2,311.3,26.15,N,0
40.99446,26.06421,367,0.43,0.38,2023-08-22,0025,N,VIIRS,h,2,314.92,26.15,N,0
40.99349,26.0694,367,0.43,0.38,2023-08-22,0025,N,VIIRS,h,2,314.91,28.68,N,0
40.99252,26.07459,352.87,0.43,0.38,2023-08-22,0025,N,VIIRS,n,2,324.43,28.68,N,0
40.99155,26.07971,367,0.43,0.38,2023-08-22,0025,N,VIIRS,h,2,350.18,303.42,N,0
40.99061,26.08469,367,0.43,0.38,2023-08-22,0025,N,VIIRS,h,2,334.02,303.42,N,0
40.98967,26.0897,323.14,0.43,0.38,2023-08-22,0025,N,VIIRS,n,2,298.28,8.09,N,0
41.14636,25.23726,309.25,0.41,0.37,2023-08-22,0025,N,VIIRS,n,2,297.27,2.73,N,0
41.14368,25.25218,310.76,0.41,0.37,2023-08-22,0025,N,VIIRS,n,2,299.83,3.08,N,0
41.01231,25.96896,313.46,0.43,0.38,2023-08-22,0025,N,VIIRS,n,2,295.99,2.71,N,0
41.00194,26.02435,314.06,0.43,0.38,2023-08-22,0025,N,VIIRS,n,2,296.9,2.79,N,0
40.98872,26.09479,311.46,0.43,0.38,2023-08-22,0025,N,VIIRS,n,2,296.63,8.09,N,0
40.99849,26.0233,335.81,0.43,0.38,2023-08-22,0025,N,VIIRS,n,2,300.47,6.12,N,0
40.99757,26.02822,344.58,0.43,0.38,2023-08-22,0025,N,VIIRS,n,2,302.36,5.19,N,0
40.99662,26.03325,333.29,0.43,0.38,2023-08-22,0025,N,VIIRS,n,2,300.7,5.19,N,0
40.99568,26.0383,367,0.43,0.38,2023-08-22,0025,N,VIIRS,h,2,310.04,24.69,N,0
40.99475,26.04324,367,0.43,0.38,2023-08-22,0025,N,VIIRS,h,2,310.79,24.69,N,0
40.99383,26.04815,356.21,0.43,0.38,2023-08-22,0025,N,VIIRS,n,2,309.87,20.81,N,0
40.99291,26.05308,355.44,0.43,0.38,2023-08-22,0025,N,VIIRS,n,2,308.88,20.81,N,0
40.99197,26.05808,367,0.43,0.38,2023-08-22,0025,N,VIIRS,h,2,312.64,43.55,N,0
40.99102,26.06314,367,0.43,0.38,2023-08-22,0025,N,VIIRS,h,2,314.57,43.55,N,0
40.99004,26.06831,344.52,0.43,0.38,2023-08-22,0025,N,VIIRS,n,2,338.95,312.01,N,0
40.98906,26.0735,367,0.43,0.38,2023-08-22,0025,N,VIIRS,h,2,346.19,312.01,N,0
40.98809,26.07867,367,0.43,0.38,2023-08-22,0025,N,VIIRS,h,2,334.89,64.54,N,0
40.98715,26.08368,340.5,0.43,0.38,2023-08-22,0025,N,VIIRS,n,2,298.68,64.54,N,0
41.00888,25.96786,315.64,0.43,0.38,2023-08-22,0025,N,VIIRS,n,2,296.59,2.5,N,0
40.99942,26.01833,314.41,0.43,0.38,2023-08-22,0025,N,VIIRS,n,2,296.77,6.12,N,0
40.98621,26.08869,315.34,0.43,0.38,2023-08-22,0025,N,VIIRS,n,2,297.15,2.9,N,0
41.00925,25.94641,333.31,0.43,0.38,2023-08-22,0025,N,VIIRS,n,2,296.02,5.8,N,0
41.00831,25.95146,350.46,0.43,0.38,2023-08-22,0025,N,VIIRS,n,2,298.37,5.8,N,0
40.99504,26.02222,353.34,0.43,0.38,2023-08-22,0025,N,VIIRS,n,2,301.8,6.12,N,0
40.99412,26.02718,344.57,0.43,0.38,2023-08-22,0025,N,VIIRS,n,2,300.96,5.19,N,0
40.99317,26.03221,335.17,0.43,0.38,2023-08-22,0025,N,VIIRS,n,2,300.14,5.19,N,0
40.99222,26.03729,355.5,0.43,0.38,2023-08-22,0025,N,VIIRS,n,2,315.23,24.69,N,0
40.9913,26.04219,354.51,0.43,0.38,2023-08-22,0025,N,VIIRS,n,2,327.73,24.69,N,0
40.99039,26.04705,355.94,0.43,0.38,2023-08-22,0025,N,VIIRS,n,2,322.18,20.81,N,0
40.98946,26.05201,367,0.43,0.38,2023-08-22,0025,N,VIIRS,h,2,316.82,20.81,N,0
40.98852,26.05701,351.88,0.43,0.38,2023-08-22,0025,N,VIIRS,n,2,328.26,43.55,N,0
40.98756,26.06208,367,0.43,0.38,2023-08-22,0025,N,VIIRS,h,2,341.03,43.55,N,0
40.9866,26.06722,367,0.43,0.38,2023-08-22,0025,N,VIIRS,h,2,348.45,312.01,N,0
40.98464,26.0776,327.16,0.43,0.38,2023-08-22,0025,N,VIIRS,n,2,319.21,64.54,N,0
40.98368,26.08267,321.25,0.43,0.38,2023-08-22,0025,N,VIIRS,n,2,298.15,64.54,N,0
41.1421,25.22141,310.52,0.41,0.37,2023-08-22,0025,N,VIIRS,n,2,298.44,2.39,N,0
40.98274,26.0877,312.13,0.43,0.38,2023-08-22,0025,N,VIIRS,n,2,296.85,2.9,N,0
41.00676,25.94031,332.62,0.43,0.38,2023-08-22,0025,N,VIIRS,n,2,297.3,5.89,N,0
41.00584,25.94523,341.46,0.43,0.38,2023-08-22,0025,N,VIIRS,n,2,297.8,2.35,N,0
41.00489,25.95031,320.28,0.43,0.38,2023-08-22,0025,N,VIIRS,n,2,296.02,2.35,N,0
40.99349,26.0111,341.53,0.43,0.38,2023-08-22,0025,N,VIIRS,n,2,299.86,11.95,N,0
40.98877,26.03626,340.81,0.43,0.38,2023-08-22,0025,N,VIIRS,n,2,313.46,51.17,N,0
40.98785,26.04116,367,0.43,0.38,2023-08-22,0025,N,VIIRS,h,2,339.48,51.17,N,0
40.98694,26.04599,352.59,0.43,0.38,2023-08-22,0025,N,VIIRS,n,2,331.57,72.12,N,0
40.98601,26.05096,354.18,0.43,0.38,2023-08-22,0025,N,VIIRS,n,2,325.96,72.12,N,0
40.98506,26.05598,367,0.43,0.38,2023-08-22,0025,N,VIIRS,h,2,353.36,939.83,N,0
40.98218,26.0713,352.4,0.43,0.38,2023-08-22,0025,N,VIIRS,n,2,301.78,115.77,N,0
40.98119,26.07653,325.44,0.43,0.38,2023-08-22,0025,N,VIIRS,n,2,298.83,4.12,N,0
40.99444,26.00605,311.15,0.43,0.38,2023-08-22,0025,N,VIIRS,n,2,296.34,11.95,N,0
40.99067,26.02612,318.99,0.43,0.38,2023-08-22,0025,N,VIIRS,n,2,297.15,4.69,N,0
40.98022,26.08165,314.56,0.43,0.38,2023-08-22,0025,N,VIIRS,n,2,297.67,4.12,N,0
41.00333,25.93919,351.33,0.43,0.38,2023-08-22,0025,N,VIIRS,n,2,299.76,5.89,N,0
40.99101,26.00489,336.08,0.43,0.38,2023-08-22,0025,N,VIIRS,n,2,308.31,11.95,N,0
40.99006,26.00995,341.99,0.43,0.38,2023-08-22,0025,N,VIIRS,n,2,303.53,11.95,N,0
40.98818,26.01998,331.72,0.43,0.38,2023-08-22,0025,N,VIIRS,n,2,299.67,5.11,N,0
40.98532,26.03518,328.85,0.43,0.38,2023-08-22,0025,N,VIIRS,n,2,298.04,51.17,N,0
40.98439,26.04014,346.79,0.43,0.38,2023-08-22,0025,N,VIIRS,n,2,331.39,51.17,N,0
40.98349,26.04496,367,0.43,0.38,2023-08-22,0025,N,VIIRS,h,2,346.75,72.12,N,0
40.98255,26.04992,367,0.43,0.38,2023-08-22,0025,N,VIIRS,h,2,340.44,72.12,N,0
40.97969,26.0651,338.63,0.43,0.38,2023-08-22,0025,N,VIIRS,n,2,316.53,115.77,N,0
40.97873,26.07021,326.75,0.43,0.38,2023-08-22,0025,N,VIIRS,n,2,299.2,115.77,N,0
41.00241,25.9441,313.47,0.43,0.38,2023-08-22,0025,N,VIIRS,n,2,295.12,2.35,N,0
41.00147,25.94917,307.82,0.43,0.38,2023-08-22,0025,N,VIIRS,n,2,294.68,2.35,N,0
40.97775,26.07541,315.47,0.43,0.38,2023-08-22,0025,N,VIIRS,n,2,298.89,4.12,N,0
41.00566,25.94275,348.73,0.43,0.38,2023-08-22,0025,N,VIIRS,n,2,299.55,6.23,N,0
41.00474,25.94774,330.91,0.43,0.38,2023-08-22,0025,N,VIIRS,n,2,296.49,1.9,N,0
40.99356,26.00868,341.05,0.43,0.38,2023-08-22,0025,N,VIIRS,n,2,301.8,20.57,N,0
40.988,26.03886,339.41,0.43,0.38,2023-08-22,0025,N,VIIRS,n,2,327.44,68.84,N,0
40.9871,26.04371,346.21,0.43,0.38,2023-08-22,0025,N,VIIRS,n,2,338.9,68.84,N,0
40.98619,26.04864,355.64,0.43,0.38,2023-08-22,0025,N,VIIRS,n,2,320.76,101.37,N,0
40.98526,26.05365,367,0.43,0.38,2023-08-22,0025,N,VIIRS,h,2,340.36,101.37,N,0
40.98433,26.05871,367,0.43,0.38,2023-08-22,0025,N,VIIRS,h,2,365.52,509.48,N,0
40.98244,26.06892,340.98,0.43,0.38,2023-08-22,0025,N,VIIRS,n,2,306.46,22.81,N,0
40.98149,26.07412,339.76,0.43,0.38,2023-08-22,0025,N,VIIRS,n,2,299.24,22.81,N,0
41.0038,25.9529,311.08,0.43,0.38,2023-08-22,0025,N,VIIRS,n,2,295.17,1.9,N,0
40.99078,26.02374,315.84,0.43,0.38,2023-08-22,0025,N,VIIRS,n,2,296.44,3.62,N,0
40.98891,26.03387,318.87,0.43,0.38,2023-08-22,0025,N,VIIRS,n,2,296.7,6.58,N,0
40.98053,26.07936,316.92,0.43,0.38,2023-08-22,0025,N,VIIRS,n,2,297.85,3.75,N,0
41.00313,25.93674,334.36,0.43,0.38,2023-08-22,0025,N,VIIRS,n,2,299.49,6.23,N,0
41.00223,25.94165,326.8,0.43,0.38,2023-08-22,0025,N,VIIRS,n,2,296.89,6.23,N,0
40.99106,26.00245,334.69,0.43,0.38,2023-08-22,0025,N,VIIRS,n,2,299.22,24.41,N,0
40.99013,26.00752,346.17,0.43,0.38,2023-08-22,0025,N,VIIRS,n,2,319.02,20.57,N,0
40.98734,26.02263,332.4,0.43,0.38,2023-08-22,0025,N,VIIRS,n,2,302,3.62,N,0
40.98455,26.03782,349.88,0.43,0.38,2023-08-22,0025,N,VIIRS,n,2,302.06,68.84,N,0
40.98365,26.04268,367,0.43,0.38,2023-08-22,0025,N,VIIRS,h,2,352.14,68.84,N,0
40.98274,26.0476,367,0.43,0.38,2023-08-22,0025,N,VIIRS,h,2,342.31,101.37,N,0
40.9818,26.05263,367,0.43,0.38,2023-08-22,0025,N,VIIRS,h,2,357.31,101.37,N,0
40.97993,26.06276,367,0.43,0.38,2023-08-22,0025,N,VIIRS,h,2,341.56,509.48,N,0
40.979,26.06786,342.52,0.43,0.38,2023-08-22,0025,N,VIIRS,n,2,299.08,22.81,N,0
41.00132,25.94662,309.87,0.43,0.38,2023-08-22,0025,N,VIIRS,n,2,294.44,1.9,N,0
40.98547,26.03279,317.1,0.43,0.38,2023-08-22,0025,N,VIIRS,n,2,298.16,6.58,N,0
40.97805,26.073,318.8,0.43,0.38,2023-08-22,0025,N,VIIRS,n,2,298.72,22.81,N,0
40.97709,26.07823,311.7,0.43,0.38,2023-08-22,0025,N,VIIRS,n,2,297.97,3.75,N,0
40.99969,25.93568,323.87,0.43,0.38,2023-08-22,0025,N,VIIRS,n,2,296.71,2.29,N,0
40.99879,25.94059,323.14,0.43,0.38,2023-08-22,0025,N,VIIRS,n,2,297.27,2.29,N,0
40.98763,26.00128,341.19,0.43,0.38,2023-08-22,0025,N,VIIRS,n,2,300.76,9.3,N,0
40.9867,26.00635,355.09,0.43,0.38,2023-08-22,0025,N,VIIRS,n,2,313.74,23.51,N,0
40.98577,26.01139,324.95,0.43,0.38,2023-08-22,0025,N,VIIRS,n,2,298.04,23.51,N,0
40.98391,26.02149,332.33,0.43,0.38,2023-08-22,0025,N,VIIRS,n,2,299.56,6.58,N,0
40.98109,26.03677,345.05,0.43,0.38,2023-08-22,0025,N,VIIRS,n,2,305.05,157.08,N,0
40.97741,26.05668,367,0.43,0.38,2023-08-22,0025,N,VIIRS,h,2,344.86,105.96,N,0
40.97648,26.06175,353.28,0.43,0.38,2023-08-22,0025,N,VIIRS,n,2,300.06,105.96,N,0
40.97554,26.0668,322.89,0.43,0.38,2023-08-22,0025,N,VIIRS,n,2,297.79,3.06,N,0
40.98857,25.9962,315.55,0.43,0.38,2023-08-22,0025,N,VIIRS,n,2,296.35,9.3,N,0
40.98203,26.03169,317.01,0.43,0.38,2023-08-22,0025,N,VIIRS,n,2,298.5,2.5,N,0
40.97461,26.07188,313.48,0.43,0.38,2023-08-22,0025,N,VIIRS,n,2,297.94,3.06,N,0
40.98422,26.00004,332.99,0.43,0.38,2023-08-22,0025,N,VIIRS,n,2,299.54,9.3,N,0
40.98329,26.0051,350.84,0.43,0.38,2023-08-22,0025,N,VIIRS,n,2,313.45,23.51,N,0
40.97765,26.03568,343.22,0.43,0.38,2023-08-22,0025,N,VIIRS,n,2,299.65,157.08,N,0
40.97673,26.04064,367,0.43,0.38,2023-08-22,0025,N,VIIRS,h,2,331.33,157.08,N,0
40.97395,26.05567,367,0.43,0.38,2023-08-22,0025,N,VIIRS,h,2,325.91,105.96,N,0
40.97302,26.06073,341.29,0.43,0.38,2023-08-22,0025,N,VIIRS,n,2,298.48,105.96,N,0
40.99535,25.93954,312.4,0.43,0.38,2023-08-22,0025,N,VIIRS,n,2,296.55,2.29,N,0
40.987,25.98496,316.1,0.43,0.38,2023-08-22,0025,N,VIIRS,n,2,296.28,3.61,N,0
40.9786,26.03057,315.75,0.43,0.38,2023-08-22,0025,N,VIIRS,n,2,298.77,2.5,N,0
40.97209,26.06575,314.96,0.43,0.38,2023-08-22,0025,N,VIIRS,n,2,297.59,3.06,N,0
40.99372,25.92866,348.13,0.43,0.38,2023-08-22,0025,N,VIIRS,n,2,302.5,10.74,N,0
40.99282,25.93359,321.95,0.43,0.38,2023-08-22,0025,N,VIIRS,n,2,297.86,2.66,N,0
40.97988,26.00385,332.23,0.43,0.38,2023-08-22,0025,N,VIIRS,n,2,297.91,4.38,N,0
40.97422,26.03455,328.51,0.43,0.38,2023-08-22,0025,N,VIIRS,n,2,299.3,19.78,N,0
40.97328,26.03962,353.51,0.43,0.38,2023-08-22,0025,N,VIIRS,n,2,301.29,19.78,N,0
40.97143,26.04958,367,0.43,0.38,2023-08-22,0025,N,VIIRS,h,2,310.55,217.9,N,0
40.9705,26.05464,355.14,0.43,0.38,2023-08-22,0025,N,VIIRS,n,2,299.1,9.22,N,0
40.96957,26.05967,320.89,0.43,0.38,2023-08-22,0025,N,VIIRS,n,2,298.14,9.22,N,0
40.98729,25.96367,318.5,0.43,0.38,2023-08-22,0025,N,VIIRS,n,2,297.66,5.38,N,0
40.98542,25.97381,319.55,0.43,0.38,2023-08-22,0025,N,VIIRS,n,2,298.56,3.64,N,0
40.98081,25.99878,314.71,0.43,0.38,2023-08-22,0025,N,VIIRS,n,2,297.79,4.2,N,0
40.97517,26.02939,315.01,0.43,0.38,2023-08-22,0025,N,VIIRS,n,2,298.59,2.53,N,0
40.96864,26.06469,310.15,0.43,0.38,2023-08-22,0025,N,VIIRS,n,2,297.06,4.19,N,0
40.9903,25.92759,348.84,0.43,0.38,2023-08-22,0025,N,VIIRS,n,2,301.22,10.74,N,0
40.98293,25.96755,339.97,0.43,0.38,2023-08-22,0025,N,VIIRS,n,2,302.64,5.38,N,0
40.982,25.97263,332.01,0.43,0.38,2023-08-22,0025,N,VIIRS,n,2,300.24,3.64,N,0
40.97079,26.03337,325.98,0.43,0.38,2023-08-22,0025,N,VIIRS,n,2,298.04,19.78,N,0
40.96983,26.03856,344.53,0.43,0.38,2023-08-22,0025,N,VIIRS,n,2,299.46,19.78,N,0
40.9689,26.04356,356.14,0.43,0.38,2023-08-22,0025,N,VIIRS,n,2,301.75,217.9,N,0
40.96798,26.04858,350.56,0.43,0.38,2023-08-22,0025,N,VIIRS,n,2,299.88,217.9,N,0
40.96705,26.05357,320.26,0.43,0.38,2023-08-22,0025,N,VIIRS,n,2,298.27,9.22,N,0
40.98939,25.93253,311.46,0.43,0.38,2023-08-22,0025,N,VIIRS,n,2,296.39,2.66,N,0
40.9848,25.95741,315.65,0.43,0.38,2023-08-22,0025,N,VIIRS,n,2,296.82,3.21,N,0
40.97923,25.98762,317.82,0.43,0.38,2023-08-22,0025,N,VIIRS,n,2,296.58,2.69,N,0
40.97174,26.02818,316.88,0.43,0.38,2023-08-22,0025,N,VIIRS,n,2,297.48,2.53,N,0
40.9887,25.91654,331.2,0.43,0.38,2023-08-22,0025,N,VIIRS,n,2,298.87,4.27,N,0
40.98777,25.92157,326.72,0.43,0.38,2023-08-22,0025,N,VIIRS,n,2,297.92,2.76,N,0
40.98137,25.95628,324.43,0.43,0.38,2023-08-22,0025,N,VIIRS,n,2,299.02,2.72,N,0
40.98046,25.96124,323.28,0.43,0.38,2023-08-22,0025,N,VIIRS,n,2,299.08,10.03,N,0
40.97952,25.96632,356.45,0.43,0.38,2023-08-22,0025,N,VIIRS,n,2,305.72,10.03,N,0
40.97858,25.97143,345.29,0.43,0.38,2023-08-22,0025,N,VIIRS,n,2,302.79,7.27,N,0
40.97765,25.97647,347.85,0.43,0.38,2023-08-22,0025,N,VIIRS,n,2,301.06,7.27,N,0
40.97672,25.9815,350.03,0.43,0.38,2023-08-22,0025,N,VIIRS,n,2,300.92,9.68,N,0
40.9758,25.9865,346.25,0.43,0.38,2023-08-22,0025,N,VIIRS,n,2,301.31,9.68,N,0
40.96736,26.03218,326.72,0.43,0.38,2023-08-22,0025,N,VIIRS,n,2,296.24,3.48,N,0
40.96639,26.03744,336.14,0.43,0.38,2023-08-22,0025,N,VIIRS,n,2,296.23,3.48,N,0
40.96545,26.04252,335.78,0.43,0.38,2023-08-22,0025,N,VIIRS,n,2,297.61,2.68,N,0
40.96452,26.04753,322.45,0.43,0.38,2023-08-22,0025,N,VIIRS,n,2,298.41,2.68,N,0
40.98686,25.92652,312.13,0.43,0.38,2023-08-22,0025,N,VIIRS,n,2,296.74,2.76,N,0
40.97488,25.99146,318.17,0.43,0.38,2023-08-22,0025,N,VIIRS,n,2,298.47,1.9,N,0
40.97397,25.99639,313.75,0.43,0.38,2023-08-22,0025,N,VIIRS,n,2,298.11,1.9,N,0
40.97306,26.00133,314.23,0.43,0.38,2023-08-22,0025,N,VIIRS,n,2,297.82,1.98,N,0
40.96832,26.02699,317.16,0.43,0.38,2023-08-22,0025,N,VIIRS,n,2,296.69,4.55,N,0
40.98805,25.9003,335.28,0.43,0.38,2023-08-22,0025,N,VIIRS,n,2,300.3,10.89,N,0
40.98714,25.90527,367,0.43,0.38,2023-08-22,0025,N,VIIRS,h,2,306.02,10.89,N,0
40.9862,25.91039,333.27,0.43,0.38,2023-08-22,0025,N,VIIRS,n,2,300.02,4.27,N,0
40.98526,25.91549,327.14,0.43,0.38,2023-08-22,0025,N,VIIRS,n,2,298.3,4.27,N,0
40.97704,25.96006,337.65,0.43,0.38,2023-08-22,0025,N,VIIRS,n,2,301.82,10.03,N,0
40.97611,25.96509,339.75,0.43,0.38,2023-08-22,0025,N,VIIRS,n,2,301.75,10.03,N,0
40.97517,25.97021,338.06,0.43,0.38,2023-08-22,0025,N,VIIRS,n,2,300.3,7.27,N,0
40.96584,26.0207,329.11,0.43,0.38,2023-08-22,0025,N,VIIRS,n,2,297.19,4.55,N,0
40.96489,26.0258,349.98,0.43,0.38,2023-08-22,0025,N,VIIRS,n,2,298.3,4.55,N,0
40.96394,26.03097,326.92,0.43,0.38,2023-08-22,0025,N,VIIRS,n,2,293.61,3.48,N,0
40.96296,26.03626,323.89,0.43,0.38,2023-08-22,0025,N,VIIRS,n,2,294.94,3.48,N,0
40.96201,26.04141,326.43,0.43,0.38,2023-08-22,0025,N,VIIRS,n,2,296.66,2.68,N,0
40.97886,25.95026,311.77,0.43,0.38,2023-08-22,0025,N,VIIRS,n,2,296.95,2.72,N,0
40.96775,26.01037,310.63,0.43,0.38,2023-08-22,0025,N,VIIRS,n,2,295.17,1.55,N,0
40.9668,26.01554,317.16,0.43,0.38,2023-08-22,0025,N,VIIRS,n,2,295.48,1.55,N,0
40.96106,26.04651,314.11,0.43,0.38,2023-08-22,0025,N,VIIRS,n,2,298.3,2.68,N,0
40.98462,25.89928,330.81,0.43,0.38,2023-08-22,0025,N,VIIRS,n,2,322.97,36.83,N,0
40.9837,25.90424,339.94,0.43,0.38,2023-08-22,0025,N,VIIRS,n,2,304.15,36.83,N,0
40.97453,25.95395,323.22,0.43,0.38,2023-08-22,0025,N,VIIRS,n,2,297.81,2.12,N,0
40.9605,26.02986,342.27,0.43,0.38,2023-08-22,0025,N,VIIRS,n,2,296.21,6.3,N,0
40.95953,26.03509,349.95,0.43,0.38,2023-08-22,0025,N,VIIRS,n,2,296.11,6.3,N,0
40.98276,25.90934,310.25,0.43,0.38,2023-08-22,0025,N,VIIRS,n,2,296.61,2,N,0
40.97543,25.94908,312.48,0.43,0.38,2023-08-22,0025,N,VIIRS,n,2,297.21,2.12,N,0
40.96239,26.01961,311.17,0.43,0.38,2023-08-22,0025,N,VIIRS,n,2,293.46,1.37,N,0
40.96145,26.02473,319.87,0.43,0.38,2023-08-22,0025,N,VIIRS,n,2,295.86,1.37,N,0
40.95858,26.04027,319,0.43,0.38,2023-08-22,0025,N,VIIRS,n,2,298.7,77.52,N,0
40.95762,26.04541,312.02,0.43,0.38,2023-08-22,0025,N,VIIRS,n,2,297.76,77.52,N,0
40.98118,25.89824,348.33,0.43,0.38,2023-08-22,0025,N,VIIRS,n,2,311.48,36.83,N,0
40.98026,25.90321,325.37,0.43,0.38,2023-08-22,0025,N,VIIRS,n,2,299.61,36.83,N,0
40.95704,26.02886,323.12,0.43,0.38,2023-08-22,0025,N,VIIRS,n,2,294.98,6.3,N,0
40.95609,26.03396,342.65,0.43,0.38,2023-08-22,0025,N,VIIRS,n,2,297.95,6.3,N,0
40.95515,26.03908,367,0.43,0.38,2023-08-22,0025,N,VIIRS,h,2,344.95,77.52,N,0
40.95418,26.04428,335.27,0.43,0.38,2023-08-22,0025,N,VIIRS,n,2,327.6,77.52,N,0
40.95324,26.04938,346.11,0.43,0.38,2023-08-22,0025,N,VIIRS,n,2,303.96,17.57,N,0
40.95045,26.06436,340.73,0.43,0.38,2023-08-22,0025,N,VIIRS,n,2,298.57,7.6,N,0
40.97933,25.90828,312.26,0.43,0.38,2023-08-22,0025,N,VIIRS,n,2,297.39,2,N,0
40.9757,25.92793,312.44,0.43,0.38,2023-08-22,0025,N,VIIRS,n,2,297.1,2.01,N,0
40.97478,25.93288,310.65,0.43,0.38,2023-08-22,0025,N,VIIRS,n,2,296.46,2.01,N,0
40.97386,25.9379,311.04,0.43,0.38,2023-08-22,0025,N,VIIRS,n,2,296.53,3.58,N,0
40.97112,25.95276,319.96,0.43,0.38,2023-08-22,0025,N,VIIRS,n,2,297.85,2.12,N,0
40.95798,26.02377,307.41,0.43,0.38,2023-08-22,0025,N,VIIRS,n,2,293.24,1.37,N,0
40.97775,25.89714,353.68,0.43,0.38,2023-08-22,0025,N,VIIRS,n,2,310.56,9.92,N,0
40.97684,25.90212,321.96,0.43,0.38,2023-08-22,0025,N,VIIRS,n,2,298.2,9.92,N,0
40.95265,26.0329,321.23,0.43,0.38,2023-08-22,0025,N,VIIRS,n,2,297.55,2.6,N,0
40.95171,26.03796,347.98,0.43,0.38,2023-08-22,0025,N,VIIRS,n,2,304.57,28.69,N,0
40.95074,26.04318,341.95,0.43,0.38,2023-08-22,0025,N,VIIRS,n,2,304.73,28.69,N,0
40.94699,26.06336,345.11,0.43,0.38,2023-08-22,0025,N,VIIRS,n,2,298.3,8.61,N,0
40.94604,26.06848,331.98,0.43,0.38,2023-08-22,0025,N,VIIRS,n,2,298.3,12.66,N,0
40.9741,25.91697,313.32,0.43,0.38,2023-08-22,0025,N,VIIRS,n,2,296.97,2.26,N,0
40.97321,25.92175,315.83,0.43,0.38,2023-08-22,0025,N,VIIRS,n,2,298.15,2.26,N,0
40.97231,25.9266,314.57,0.43,0.38,2023-08-22,0025,N,VIIRS,n,2,296.47,3.57,N,0
40.95358,26.02787,311.32,0.43,0.38,2023-08-22,0025,N,VIIRS,n,2,294.09,2.6,N,0
40.97433,25.89599,342.91,0.43,0.38,2023-08-22,0025,N,VIIRS,n,2,301.45,9.92,N,0
40.97068,25.91581,321.37,0.43,0.38,2023-08-22,0025,N,VIIRS,n,2,298.46,2.26,N,0
40.9698,25.92057,336.7,0.43,0.38,2023-08-22,0025,N,VIIRS,n,2,300.25,2.26,N,0
40.94259,26.0674,338.07,0.43,0.38,2023-08-22,0025,N,VIIRS,n,2,304.46,12.66,N,0
40.97341,25.901,317.41,0.43,0.38,2023-08-22,0025,N,VIIRS,n,2,298.93,9.92,N,0
40.97184,25.88982,338.15,0.43,0.38,2023-08-22,0025,N,VIIRS,n,2,301.48,6.26,N,0
40.97091,25.89486,367,0.43,0.38,2023-08-22,0025,N,VIIRS,h,2,309.99,5.3,N,0
40.96999,25.89991,336.32,0.43,0.38,2023-08-22,0025,N,VIIRS,n,2,303.36,5.3,N,0
40.96906,25.90493,322.23,0.43,0.38,2023-08-22,0025,N,VIIRS,n,2,299.81,2.03,N,0
40.96814,25.90989,316.3,0.43,0.38,2023-08-22,0025,N,VIIRS,n,2,298.54,2.03,N,0
40.96724,25.91476,319.05,0.43,0.38,2023-08-22,0025,N,VIIRS,n,2,299.11,1.81,N,0
40.96635,25.9196,315.32,0.43,0.38,2023-08-22,0025,N,VIIRS,n,2,297.79,1.81,N,0
40.96842,25.88872,344.33,0.43,0.38,2023-08-22,0025,N,VIIRS,n,2,301.47,6.26,N,0
40.96561,25.90392,328.53,0.43,0.38,2023-08-22,0025,N,VIIRS,n,2,301.1,2.03,N,0
40.96748,25.89381,312.12,0.43,0.38,2023-08-22,0025,N,VIIRS,n,2,298.22,5.3,N,0
40.96654,25.89889,317.07,0.43,0.38,2023-08-22,0025,N,VIIRS,n,2,298.49,5.3,N,0
40.9647,25.90886,316.1,0.43,0.38,2023-08-22,0025,N,VIIRS,n,2,298.07,2.03,N,0
40.96379,25.91375,313.75,0.43,0.38,2023-08-22,0025,N,VIIRS,n,2,297.03,1.81,N,0
40.96593,25.88255,315.94,0.43,0.38,2023-08-22,0025,N,VIIRS,n,2,298.35,1.78,N,0
40.96499,25.88766,317.41,0.43,0.38,2023-08-22,0025,N,VIIRS,n,2,298.71,1.78,N,0
40.96252,25.88138,313.58,0.43,0.38,2023-08-22,0025,N,VIIRS,n,2,298.31,1.78,N,0
40.95873,25.90188,313.29,0.43,0.38,2023-08-22,0025,N,VIIRS,n,2,296.81,2.76,N,0
40.96006,25.87504,340.62,0.43,0.38,2023-08-22,0025,N,VIIRS,n,2,300.19,4.16,N,0
40.961,25.86999,314.65,0.43,0.38,2023-08-22,0025,N,VIIRS,n,2,298.04,4.16,N,0
40.9585,25.86389,342.38,0.43,0.38,2023-08-22,0025,N,VIIRS,n,2,300.54,6.95,N,0
40.95759,25.8688,351.75,0.43,0.38,2023-08-22,0025,N,VIIRS,n,2,305.53,4.16,N,0
40.95666,25.87382,320.55,0.43,0.38,2023-08-22,0025,N,VIIRS,n,2,298.49,4.16,N,0
40.95572,25.87892,309.78,0.43,0.38,2023-08-22,0025,N,VIIRS,n,2,296.13,3.53,N,0
40.95509,25.86271,348.1,0.43,0.38,2023-08-22,0025,N,VIIRS,n,2,311.57,18.29,N,0
40.95417,25.86768,333.67,0.43,0.38,2023-08-22,0025,N,VIIRS,n,2,299.69,1.98,N,0
40.95324,25.8727,311.88,0.43,0.38,2023-08-22,0025,N,VIIRS,n,2,296.12,1.98,N,0
40.9523,25.8778,311.96,0.43,0.38,2023-08-22,0025,N,VIIRS,n,2,295.49,1.25,N,0
40.95255,25.85683,332.03,0.43,0.38,2023-08-22,0025,N,VIIRS,n,2,299.77,18.29,N,0
40.95165,25.86172,343.1,0.43,0.38,2023-08-22,0025,N,VIIRS,n,2,302.16,18.29,N,0
40.95073,25.8667,311.29,0.43,0.38,2023-08-22,0025,N,VIIRS,n,2,297.55,1.98,N,0
40.94979,25.87173,313.13,0.43,0.38,2023-08-22,0025,N,VIIRS,n,2,296.16,1.98,N,0
40.94886,25.87679,309.56,0.43,0.38,2023-08-22,0025,N,VIIRS,n,2,295.95,1.25,N,0
40.94792,25.88186,311.15,0.43,0.38,2023-08-22,0025,N,VIIRS,n,2,295.65,1.25,N,0
40.94603,25.89205,310.44,0.43,0.38,2023-08-22,0025,N,VIIRS,n,2,295.33,2.89,N,0
40.94411,25.90235,313.25,0.43,0.38,2023-08-22,0025,N,VIIRS,n,2,297.67,2.91,N,0
40.94818,25.86087,321.27,0.43,0.38,2023-08-22,0025,N,VIIRS,n,2,299.45,3.29,N,0
40.90212,26.10788,331.43,0.43,0.38,2023-08-22,0025,N,VIIRS,n,2,297.09,2.22,N,0
40.94727,25.86579,309.29,0.43,0.38,2023-08-22,0025,N,VIIRS,n,2,296.99,1.28,N,0
40.94634,25.87079,311.54,0.43,0.38,2023-08-22,0025,N,VIIRS,n,2,297.16,1.28,N,0
40.94541,25.8758,312.62,0.43,0.38,2023-08-22,0025,N,VIIRS,n,2,296.55,2,N,0
40.94448,25.88082,311.92,0.43,0.38,2023-08-22,0025,N,VIIRS,n,2,296.42,2,N,0
40.9426,25.89092,312.82,0.43,0.38,2023-08-22,0025,N,VIIRS,n,2,298.92,3.77,N,0
40.94473,25.85995,329.6,0.43,0.38,2023-08-22,0025,N,VIIRS,n,2,299.67,3.29,N,0
40.94382,25.86483,309.84,0.43,0.38,2023-08-22,0025,N,VIIRS,n,2,297.8,1.28,N,0
40.89867,26.1068,307.41,0.43,0.38,2023-08-22,0025,N,VIIRS,n,2,295.13,2.22,N,0
40.89771,26.11191,318.31,0.43,0.38,2023-08-22,0025,N,VIIRS,n,2,296.9,2.22,N,0
40.94128,25.85895,310.52,0.43,0.38,2023-08-22,0025,N,VIIRS,n,2,298.76,3.03,N,0
40.94038,25.86382,315.14,0.43,0.38,2023-08-22,0025,N,VIIRS,n,2,299.26,1.91,N,0
40.92915,25.92423,307.56,0.43,0.38,2023-08-22,0025,N,VIIRS,n,2,293.02,2.4,N,0
40.93602,25.86777,309.58,0.43,0.38,2023-08-22,0025,N,VIIRS,n,2,296.8,1.91,N,0
40.93509,25.87276,313.33,0.43,0.38,2023-08-22,0025,N,VIIRS,n,2,298.99,4.05,N,0
40.92943,25.9032,309.98,0.43,0.38,2023-08-22,0025,N,VIIRS,n,2,295.01,1.68,N,0
40.92849,25.90827,310.69,0.43,0.38,2023-08-22,0025,N,VIIRS,n,2,294.24,1.68,N,0
40.92506,25.90715,322.22,0.43,0.38,2023-08-22,0025,N,VIIRS,n,2,295.61,4.22,N,0
40.93256,25.86681,311.54,0.43,0.38,2023-08-22,0025,N,VIIRS,n,2,298.99,4.33,N,0
40.92979,25.88172,308.73,0.43,0.38,2023-08-22,0025,N,VIIRS,n,2,294.38,1.31,N,0
40.92696,25.89693,313.06,0.43,0.38,2023-08-22,0025,N,VIIRS,n,2,294.89,1.81,N,0
40.92601,25.90207,315.68,0.43,0.38,2023-08-22,0025,N,VIIRS,n,2,295.19,4.22,N,0
40.92412,25.91218,308.59,0.43,0.38,2023-08-22,0025,N,VIIRS,n,2,293.51,3.61,N,0
40.9282,25.87078,320.55,0.43,0.38,2023-08-22,0025,N,VIIRS,n,2,298.39,2.52,N,0
40.92258,25.90094,324.33,0.43,0.38,2023-08-22,0025,N,VIIRS,n,2,296.98,4.22,N,0
40.92163,25.90603,351.93,0.43,0.38,2023-08-22,0025,N,VIIRS,n,2,300.13,4.22,N,0
40.9207,25.91108,337.56,0.43,0.38,2023-08-22,0025,N,VIIRS,n,2,297.69,3.61,N,0
40.91883,25.92107,324.5,0.43,0.38,2023-08-22,0025,N,VIIRS,n,2,293.77,4.66,N,0
40.92728,25.8757,312.67,0.43,0.38,2023-08-22,0025,N,VIIRS,n,2,296.2,2.52,N,0
40.92636,25.88069,311.33,0.43,0.38,2023-08-22,0025,N,VIIRS,n,2,295.48,1.31,N,0
40.92542,25.88574,310.88,0.43,0.38,2023-08-22,0025,N,VIIRS,n,2,295.71,1.31,N,0
40.92447,25.8908,311.97,0.43,0.38,2023-08-22,0025,N,VIIRS,n,2,294.76,1.81,N,0
40.92353,25.89583,317.16,0.43,0.38,2023-08-22,0025,N,VIIRS,n,2,295.75,1.81,N,0
40.91975,25.91609,308.38,0.43,0.38,2023-08-22,0025,N,VIIRS,n,2,292.91,3.61,N,0
40.92852,25.84954,327.97,0.43,0.38,2023-08-22,0025,N,VIIRS,n,2,298.86,1.99,N,0
40.92386,25.87458,321.5,0.43,0.38,2023-08-22,0025,N,VIIRS,n,2,298.97,3.41,N,0
40.92292,25.87964,329.8,0.43,0.38,2023-08-22,0025,N,VIIRS,n,2,298.9,24,N,0
40.92197,25.88474,353.23,0.43,0.38,2023-08-22,0025,N,VIIRS,n,2,302.61,24,N,0
40.92102,25.8898,334.75,0.43,0.38,2023-08-22,0025,N,VIIRS,n,2,298.9,8.17,N,0
40.91915,25.89985,332.04,0.43,0.38,2023-08-22,0025,N,VIIRS,n,2,298.08,12.6,N,0
40.9182,25.90495,357.38,0.43,0.38,2023-08-22,0025,N,VIIRS,n,2,305.85,12.6,N,0
40.91726,25.90999,339.52,0.43,0.38,2023-08-22,0025,N,VIIRS,n,2,304.14,11.21,N,0
40.91539,25.91998,325.31,0.43,0.38,2023-08-22,0025,N,VIIRS,n,2,295.05,3.81,N,0
40.9201,25.89478,317.28,0.43,0.38,2023-08-22,0025,N,VIIRS,n,2,295.79,8.17,N,0
40.91632,25.91502,318.96,0.43,0.38,2023-08-22,0025,N,VIIRS,n,2,293.62,11.21,N,0
40.92604,25.84337,338.76,0.43,0.38,2023-08-22,0025,N,VIIRS,n,2,302.33,5.57,N,0
40.92045,25.87341,339.24,0.43,0.38,2023-08-22,0025,N,VIIRS,n,2,299.97,3.41,N,0
40.9195,25.8785,353.81,0.43,0.38,2023-08-22,0025,N,VIIRS,n,2,303.99,24,N,0
40.91854,25.8836,342.61,0.43,0.38,2023-08-22,0025,N,VIIRS,n,2,326.94,24,N,0
40.91759,25.88871,336.89,0.43,0.38,2023-08-22,0025,N,VIIRS,n,2,302.55,8.17,N,0
40.91666,25.89374,327.99,0.43,0.38,2023-08-22,0025,N,VIIRS,n,2,297.07,8.17,N,0
40.91571,25.89882,341.86,0.43,0.38,2023-08-22,0025,N,VIIRS,n,2,301.06,12.6,N,0
40.91476,25.90389,338.72,0.43,0.38,2023-08-22,0025,N,VIIRS,n,2,297.43,12.6,N,0
40.91382,25.90892,338.86,0.43,0.38,2023-08-22,0025,N,VIIRS,n,2,295.31,11.21,N,0
40.91289,25.91392,335.66,0.43,0.38,2023-08-22,0025,N,VIIRS,n,2,295.69,11.21,N,0
40.91196,25.9189,327.04,0.43,0.38,2023-08-22,0025,N,VIIRS,n,2,295.48,3.81,N,0
40.87793,26.10025,326.53,0.43,0.38,2023-08-22,0025,N,VIIRS,n,2,297.79,3.29,N,0
40.9251,25.8484,314.71,0.43,0.38,2023-08-22,0025,N,VIIRS,n,2,299.85,1.99,N,0
40.92416,25.85347,310.99,0.43,0.38,2023-08-22,0025,N,VIIRS,n,2,298.75,1.99,N,0
40.92139,25.86834,314.87,0.43,0.38,2023-08-22,0025,N,VIIRS,n,2,297.13,3.41,N,0
40.92356,25.83725,332.61,0.43,0.38,2023-08-22,0025,N,VIIRS,n,2,300.71,5.11,N,0
40.92263,25.84223,334.74,0.43,0.38,2023-08-22,0025,N,VIIRS,n,2,301.4,5.11,N,0
40.91799,25.86712,328.1,0.43,0.38,2023-08-22,0025,N,VIIRS,n,2,297.31,37.09,N,0
40.91705,25.87217,351.63,0.43,0.38,2023-08-22,0025,N,VIIRS,n,2,320.67,37.09,N,0
40.9161,25.87727,346.83,0.43,0.38,2023-08-22,0025,N,VIIRS,n,2,324.24,48.28,N,0
40.91515,25.8824,338.14,0.43,0.38,2023-08-22,0025,N,VIIRS,n,2,320.48,48.28,N,0
40.91418,25.88756,342.32,0.43,0.38,2023-08-22,0025,N,VIIRS,n,2,299.16,11.09,N,0
40.91322,25.89267,349.77,0.43,0.38,2023-08-22,0025,N,VIIRS,n,2,300.59,11.09,N,0
40.91227,25.89779,349.31,0.43,0.38,2023-08-22,0025,N,VIIRS,n,2,300.48,5.86,N,0
40.87352,26.10423,321.6,0.43,0.38,2023-08-22,0025,N,VIIRS,n,2,296.76,1.5,N,0
40.92169,25.84725,318.4,0.43,0.38,2023-08-22,0025,N,VIIRS,n,2,299.67,1.48,N,0
40.92075,25.85233,312.61,0.43,0.38,2023-08-22,0025,N,VIIRS,n,2,298.16,1.48,N,0
40.91983,25.85725,309.96,0.43,0.38,2023-08-22,0025,N,VIIRS,n,2,296.65,1.98,N,0
40.91893,25.86213,317.13,0.43,0.38,2023-08-22,0025,N,VIIRS,n,2,296.53,1.98,N,0
40.91133,25.90282,316.76,0.43,0.38,2023-08-22,0025,N,VIIRS,n,2,295.4,5.86,N,0
40.91039,25.90785,309.76,0.43,0.38,2023-08-22,0025,N,VIIRS,n,2,294.81,2.02,N,0
40.90945,25.91284,308.34,0.43,0.38,2023-08-22,0025,N,VIIRS,n,2,294.31,2.02,N,0
40.8745,26.0991,308.89,0.43,0.38,2023-08-22,0025,N,VIIRS,n,2,295.52,1.5,N,0
40.92014,25.8361,350.31,0.43,0.38,2023-08-22,0025,N,VIIRS,n,2,307.05,5.11,N,0
40.91551,25.86097,330.48,0.43,0.38,2023-08-22,0025,N,VIIRS,n,2,296.37,1.98,N,0
40.91459,25.86593,352.04,0.43,0.38,2023-08-22,0025,N,VIIRS,n,2,297.01,37.09,N,0
40.91365,25.87093,342.97,0.43,0.38,2023-08-22,0025,N,VIIRS,n,2,325.86,37.09,N,0
40.9127,25.87604,333.3,0.43,0.38,2023-08-22,0025,N,VIIRS,n,2,332.76,48.28,N,0
40.91173,25.88122,353.74,0.43,0.38,2023-08-22,0025,N,VIIRS,n,2,302.91,48.28,N,0
40.91076,25.88642,341.72,0.43,0.38,2023-08-22,0025,N,VIIRS,n,2,299.62,11.09,N,0
40.9098,25.89156,353.52,0.43,0.38,2023-08-22,0025,N,VIIRS,n,2,309.02,11.09,N,0
40.90883,25.8967,355.98,0.43,0.38,2023-08-22,0025,N,VIIRS,n,2,304.34,5.86,N,0
40.92107,25.83112,308.8,0.43,0.38,2023-08-22,0025,N,VIIRS,n,2,296.64,4.28,N,0
40.91922,25.84109,319.23,0.43,0.38,2023-08-22,0025,N,VIIRS,n,2,298.65,5.11,N,0
40.91829,25.84607,318.63,0.43,0.38,2023-08-22,0025,N,VIIRS,n,2,298.93,1.48,N,0
40.91735,25.85109,311.08,0.43,0.38,2023-08-22,0025,N,VIIRS,n,2,297.51,1.48,N,0
40.91643,25.85605,316.33,0.43,0.38,2023-08-22,0025,N,VIIRS,n,2,295.92,1.98,N,0
40.90789,25.90175,314.6,0.43,0.38,2023-08-22,0025,N,VIIRS,n,2,296.24,5.86,N,0
40.87008,26.10309,311.68,0.43,0.38,2023-08-22,0025,N,VIIRS,n,2,294.86,1.5,N,0
40.91764,25.83008,333.46,0.43,0.38,2023-08-22,0025,N,VIIRS,n,2,299.4,7.24,N,0
40.91671,25.83506,346.9,0.43,0.38,2023-08-22,0025,N,VIIRS,n,2,308.01,3.5,N,0
40.91303,25.85483,320.84,0.43,0.38,2023-08-22,0025,N,VIIRS,n,2,295.76,5.2,N,0
40.9121,25.85982,342.41,0.43,0.38,2023-08-22,0025,N,VIIRS,n,2,298.14,5.2,N,0
40.91117,25.86481,367,0.43,0.38,2023-08-22,0025,N,VIIRS,h,2,306.44,436.8,N,0
40.90927,25.87496,352.34,0.43,0.38,2023-08-22,0025,N,VIIRS,n,2,322.35,24.43,N,0
40.9083,25.88014,354.11,0.43,0.38,2023-08-22,0025,N,VIIRS,n,2,302.74,24.43,N,0
40.90733,25.88531,341.99,0.43,0.38,2023-08-22,0025,N,VIIRS,n,2,300.86,16.06,N,0
40.90637,25.89045,353.72,0.43,0.38,2023-08-22,0025,N,VIIRS,n,2,306.92,16.06,N,0
40.90541,25.89559,356.14,0.43,0.38,2023-08-22,0025,N,VIIRS,n,2,310.64,17.37,N,0
40.91579,25.84,316.21,0.43,0.38,2023-08-22,0025,N,VIIRS,n,2,298.24,3.5,N,0
40.91488,25.8449,308.41,0.43,0.38,2023-08-22,0025,N,VIIRS,n,2,296.05,1.2,N,0
40.91396,25.84986,310.44,0.43,0.38,2023-08-22,0025,N,VIIRS,n,2,296.5,1.2,N,0
40.90446,25.90069,315,0.43,0.38,2023-08-22,0025,N,VIIRS,n,2,297.06,17.37,N,0
40.91512,25.82412,337.41,0.43,0.38,2023-08-22,0025,N,VIIRS,n,2,298.24,7.24,N,0
40.9142,25.82909,355.04,0.43,0.38,2023-08-22,0025,N,VIIRS,n,2,306.15,7.24,N,0
40.91327,25.83405,327.46,0.43,0.38,2023-08-22,0025,N,VIIRS,n,2,300.59,3.5,N,0
40.9096,25.85376,326.42,0.43,0.38,2023-08-22,0025,N,VIIRS,n,2,296.03,5.2,N,0
40.90867,25.85874,349.03,0.43,0.38,2023-08-22,0025,N,VIIRS,n,2,298.42,5.2,N,0
40.90774,25.86373,367,0.43,0.38,2023-08-22,0025,N,VIIRS,h,2,341.03,436.8,N,0
40.90584,25.8739,356.37,0.43,0.38,2023-08-22,0025,N,VIIRS,n,2,308.19,24.43,N,0
40.90487,25.87908,356.65,0.43,0.38,2023-08-22,0025,N,VIIRS,n,2,302.49,24.43,N,0
40.9039,25.88422,356.18,0.43,0.38,2023-08-22,0025,N,VIIRS,n,2,304.34,16.06,N,0
40.90294,25.88936,354.36,0.43,0.38,2023-08-22,0025,N,VIIRS,n,2,310.07,16.06,N,0
40.90198,25.8945,334.14,0.43,0.38,2023-08-22,0025,N,VIIRS,n,2,313.9,17.37,N,0
40.91236,25.83895,316.46,0.43,0.38,2023-08-22,0025,N,VIIRS,n,2,297.9,3.5,N,0
40.91146,25.84381,314.99,0.43,0.38,2023-08-22,0025,N,VIIRS,n,2,296.77,1.2,N,0
40.91053,25.84875,316.8,0.43,0.38,2023-08-22,0025,N,VIIRS,n,2,295.99,1.2,N,0
40.90102,25.8996,318,0.43,0.38,2023-08-22,0025,N,VIIRS,n,2,295.68,17.37,N,0
40.90009,25.9046,309.23,0.43,0.38,2023-08-22,0025,N,VIIRS,n,2,294.35,3.82,N,0
40.91574,25.83295,353.56,0.43,0.38,2023-08-22,0025,N,VIIRS,n,2,306.96,8.59,N,0
40.91483,25.83791,320.13,0.43,0.38,2023-08-22,0025,N,VIIRS,n,2,299.7,1.83,N,0
40.91121,25.85771,337.96,0.43,0.38,2023-08-22,0025,N,VIIRS,n,2,297.84,44.04,N,0
40.91029,25.8627,355.13,0.43,0.38,2023-08-22,0025,N,VIIRS,n,2,300.62,44.04,N,0
40.90938,25.86771,367,0.43,0.38,2023-08-22,0025,N,VIIRS,h,2,368.2,302.31,N,0
40.90844,25.87282,338.64,0.43,0.38,2023-08-22,0025,N,VIIRS,n,2,328.21,302.31,N,0
40.90749,25.87801,367,0.43,0.38,2023-08-22,0025,N,VIIRS,h,2,306.29,12.18,N,0
40.90655,25.88319,346.59,0.43,0.38,2023-08-22,0025,N,VIIRS,n,2,301.18,12.18,N,0
40.90561,25.88835,351.17,0.43,0.38,2023-08-22,0025,N,VIIRS,n,2,305.11,32.53,N,0
40.90466,25.89351,355.18,0.43,0.38,2023-08-22,0025,N,VIIRS,n,2,319.03,32.53,N,0
40.90373,25.89861,336.08,0.43,0.38,2023-08-22,0025,N,VIIRS,n,2,297.63,3.85,N,0
40.91756,25.82296,307.34,0.43,0.38,2023-08-22,0025,N,VIIRS,n,2,295.5,2.91,N,0
40.91665,25.82796,313.83,0.43,0.38,2023-08-22,0025,N,VIIRS,n,2,296.54,8.59,N,0
40.91394,25.84278,313.17,0.43,0.38,2023-08-22,0025,N,VIIRS,n,2,296.6,1.83,N,0
40.91304,25.84771,310.42,0.43,0.38,2023-08-22,0025,N,VIIRS,n,2,296.33,1.94,N,0
40.91212,25.85272,318.24,0.43,0.38,2023-08-22,0025,N,VIIRS,n,2,295.6,1.94,N,0
40.90281,25.90365,309.97,0.43,0.38,2023-08-22,0025,N,VIIRS,n,2,295.55,3.85,N,0
40.91411,25.82201,337.3,0.43,0.38,2023-08-22,0025,N,VIIRS,n,2,297.98,2.91,N,0
40.91321,25.82698,367,0.43,0.38,2023-08-22,0025,N,VIIRS,h,2,313.4,8.59,N,0
40.9123,25.83195,327.36,0.43,0.38,2023-08-22,0025,N,VIIRS,n,2,300.03,8.59,N,0
40.90869,25.85166,324.94,0.43,0.38,2023-08-22,0025,N,VIIRS,n,2,296.2,1.94,N,0
40.90778,25.85664,346.47,0.43,0.38,2023-08-22,0025,N,VIIRS,n,2,299.09,44.04,N,0
40.90686,25.86162,351.46,0.43,0.38,2023-08-22,0025,N,VIIRS,n,2,323.57,44.04,N,0
40.90501,25.87177,352.5,0.43,0.38,2023-08-22,0025,N,VIIRS,n,2,310.03,302.31,N,0
40.90406,25.87695,354.28,0.43,0.38,2023-08-22,0025,N,VIIRS,n,2,302.45,12.18,N,0
40.90311,25.88212,356.65,0.43,0.38,2023-08-22,0025,N,VIIRS,n,2,305.72,12.18,N,0
40.90218,25.88726,367,0.43,0.38,2023-08-22,0025,N,VIIRS,h,2,304.62,32.53,N,0
40.90123,25.89241,340.42,0.43,0.38,2023-08-22,0025,N,VIIRS,n,2,311.91,32.53,N,0
40.9003,25.89752,328.2,0.43,0.38,2023-08-22,0025,N,VIIRS,n,2,295.65,3.85,N,0
40.91503,25.81698,307.04,0.43,0.38,2023-08-22,0025,N,VIIRS,n,2,294.51,2.91,N,0
40.9114,25.83688,317.47,0.43,0.38,2023-08-22,0025,N,VIIRS,n,2,298.39,1.83,N,0
40.9105,25.84176,317.66,0.43,0.38,2023-08-22,0025,N,VIIRS,n,2,296.96,1.83,N,0
40.9096,25.84667,318.24,0.43,0.38,2023-08-22,0025,N,VIIRS,n,2,296.42,1.94,N,0
40.89938,25.90255,312.29,0.43,0.38,2023-08-22,0025,N,VIIRS,n,2,294.49,3.85,N,0
40.89846,25.90755,306.42,0.43,0.38,2023-08-22,0025,N,VIIRS,n,2,293.52,3.37,N,0
40.91069,25.82096,331.24,0.43,0.38,2023-08-22,0025,N,VIIRS,n,2,313.28,31.36,N,0
40.90977,25.82594,352.71,0.43,0.38,2023-08-22,0025,N,VIIRS,n,2,306.63,8.9,N,0
40.90615,25.84572,321.44,0.43,0.38,2023-08-22,0025,N,VIIRS,n,2,295.85,5.32,N,0
40.90525,25.85066,339.21,0.43,0.38,2023-08-22,0025,N,VIIRS,n,2,297.35,5.32,N,0
40.90434,25.85561,350.47,0.43,0.38,2023-08-22,0025,N,VIIRS,n,2,314.12,55.26,N,0
40.90343,25.86058,345.4,0.43,0.38,2023-08-22,0025,N,VIIRS,n,2,319.6,55.26,N,0
40.90251,25.86562,347.78,0.43,0.38,2023-08-22,0025,N,VIIRS,n,2,317.43,27.99,N,0
40.90157,25.87074,367,0.43,0.38,2023-08-22,0025,N,VIIRS,h,2,310.34,27.99,N,0
40.90062,25.87591,354.81,0.43,0.38,2023-08-22,0025,N,VIIRS,n,2,302.71,46.35,N,0
40.89968,25.88107,356.02,0.43,0.38,2023-08-22,0025,N,VIIRS,n,2,329.25,46.35,N,0
40.89874,25.88622,329.84,0.43,0.38,2023-08-22,0025,N,VIIRS,n,2,300.93,16.82,N,0
40.8978,25.89134,333.03,0.43,0.38,2023-08-22,0025,N,VIIRS,n,2,296.11,16.82,N,0
40.89687,25.89644,320.43,0.43,0.38,2023-08-22,0025,N,VIIRS,n,2,294.49,1.66,N,0
40.9116,25.81594,310.69,0.43,0.38,2023-08-22,0025,N,VIIRS,n,2,296.06,31.36,N,0
40.90886,25.83092,319.67,0.43,0.38,2023-08-22,0025,N,VIIRS,n,2,299.68,8.9,N,0
40.90796,25.83588,317.83,0.43,0.38,2023-08-22,0025,N,VIIRS,n,2,298.26,1.76,N,0
40.90706,25.8408,318.09,0.43,0.38,2023-08-22,0025,N,VIIRS,n,2,296.58,1.76,N,0
40.89594,25.90146,310.76,0.43,0.38,2023-08-22,0025,N,VIIRS,n,2,294.45,1.66,N,0
40.90818,25.81485,337.24,0.43,0.38,2023-08-22,0025,N,VIIRS,n,2,305.04,31.36,N,0
40.90727,25.81986,356.09,0.43,0.38,2023-08-22,0025,N,VIIRS,n,2,307.19,31.36,N,0
40.90635,25.82486,323.34,0.43,0.38,2023-08-22,0025,N,VIIRS,n,2,296.88,8.9,N,0
40.90361,25.83983,320.2,0.43,0.38,2023-08-22,0025,N,VIIRS,n,2,296.75,1.76,N,0
40.90271,25.84476,334.26,0.43,0.38,2023-08-22,0025,N,VIIRS,n,2,297.26,5.32,N,0
40.9018,25.84969,352.28,0.43,0.38,2023-08-22,0025,N,VIIRS,n,2,298.49,5.32,N,0
40.90089,25.85465,351.24,0.43,0.38,2023-08-22,0025,N,VIIRS,n,2,316.22,55.26,N,0
40.89998,25.85962,347.81,0.43,0.38,2023-08-22,0025,N,VIIRS,n,2,318.78,55.26,N,0
40.89906,25.86465,367,0.43,0.38,2023-08-22,0025,N,VIIRS,h,2,311.44,27.99,N,0
40.89812,25.86975,367,0.43,0.38,2023-08-22,0025,N,VIIRS,h,2,312.17,27.99,N,0
40.89719,25.87489,367,0.43,0.38,2023-08-22,0025,N,VIIRS,h,2,308.81,46.35,N,0
40.89624,25.88003,343.58,0.43,0.38,2023-08-22,0025,N,VIIRS,n,2,327.06,46.35,N,0
40.8953,25.88516,342.82,0.43,0.38,2023-08-22,0025,N,VIIRS,n,2,298.7,16.82,N,0
40.89436,25.89027,324.95,0.43,0.38,2023-08-22,0025,N,VIIRS,n,2,295.14,16.82,N,0
40.90543,25.82988,319.16,0.43,0.38,2023-08-22,0025,N,VIIRS,n,2,298.01,8.9,N,0
40.90452,25.83488,314.74,0.43,0.38,2023-08-22,0025,N,VIIRS,n,2,297.22,1.76,N,0
40.89344,25.89534,316.47,0.43,0.38,2023-08-22,0025,N,VIIRS,n,2,293.94,1.66,N,0
40.89251,25.90037,309.23,0.43,0.38,2023-08-22,0025,N,VIIRS,n,2,294,1.66,N,0
40.90476,25.81376,339.5,0.43,0.38,2023-08-22,0025,N,VIIRS,n,2,315.84,26.18,N,0
40.90385,25.81876,337.23,0.43,0.38,2023-08-22,0025,N,VIIRS,n,2,299.96,26.18,N,0
40.90108,25.83386,321.39,0.43,0.38,2023-08-22,0025,N,VIIRS,n,2,297.22,3,N,0
40.90017,25.83883,329.23,0.43,0.38,2023-08-22,0025,N,VIIRS,n,2,296.98,3,N,0
40.89927,25.84376,342.94,0.43,0.38,2023-08-22,0025,N,VIIRS,n,2,300.49,66.06,N,0
40.89835,25.84872,367,0.43,0.38,2023-08-22,0025,N,VIIRS,h,2,311.92,66.06,N,0
40.89653,25.85868,342.88,0.43,0.38,2023-08-22,0025,N,VIIRS,n,2,314.68,730.52,N,0
40.89561,25.8637,367,0.43,0.38,2023-08-22,0025,N,VIIRS,h,2,314.87,36.65,N,0
40.89468,25.86877,367,0.43,0.38,2023-08-22,0025,N,VIIRS,h,2,316.78,36.65,N,0
40.89374,25.87388,352.21,0.43,0.38,2023-08-22,0025,N,VIIRS,n,2,321.98,43.66,N,0
40.8928,25.87899,344.97,0.43,0.38,2023-08-22,0025,N,VIIRS,n,2,313.12,43.66,N,0
40.89187,25.88409,334.86,0.43,0.38,2023-08-22,0025,N,VIIRS,n,2,296.11,2.77,N,0
40.90568,25.80872,308.36,0.43,0.38,2023-08-22,0025,N,VIIRS,n,2,296.43,8.15,N,0
40.90293,25.82378,319.19,0.43,0.38,2023-08-22,0025,N,VIIRS,n,2,297.32,2.04,N,0
40.90201,25.82882,318.59,0.43,0.38,2023-08-22,0025,N,VIIRS,n,2,296.93,2.04,N,0
40.89093,25.88918,319.79,0.43,0.38,2023-08-22,0025,N,VIIRS,n,2,294.91,2.77,N,0
40.89001,25.89425,313.04,0.43,0.38,2023-08-22,0025,N,VIIRS,n,2,294.32,1.4,N,0
40.88908,25.89928,307.22,0.43,0.38,2023-08-22,0025,N,VIIRS,n,2,293.88,1.4,N,0
40.90226,25.80765,333.52,0.43,0.38,2023-08-22,0025,N,VIIRS,n,2,300.36,8.15,N,0
40.90134,25.81269,336.81,0.43,0.38,2023-08-22,0025,N,VIIRS,n,2,310.99,26.18,N,0
40.90042,25.81769,326.35,0.43,0.38,2023-08-22,0025,N,VIIRS,n,2,299.48,26.18,N,0
40.89951,25.8227,321.96,0.43,0.38,2023-08-22,0025,N,VIIRS,n,2,297.7,2.04,N,0
40.89765,25.83281,322.5,0.43,0.38,2023-08-22,0025,N,VIIRS,n,2,296.27,3,N,0
40.89674,25.83781,330.4,0.43,0.38,2023-08-22,0025,N,VIIRS,n,2,296.31,3,N,0
40.89582,25.84276,355.59,0.43,0.38,2023-08-22,0025,N,VIIRS,n,2,300.22,66.06,N,0
40.89491,25.84774,351.07,0.43,0.38,2023-08-22,0025,N,VIIRS,n,2,320.94,66.06,N,0
40.89216,25.86273,355.35,0.43,0.38,2023-08-22,0025,N,VIIRS,n,2,313.07,36.65,N,0
40.89123,25.8678,350.28,0.43,0.38,2023-08-22,0025,N,VIIRS,n,2,314.13,36.65,N,0
40.8903,25.87288,345.46,0.43,0.38,2023-08-22,0025,N,VIIRS,n,2,319.22,43.66,N,0
40.88937,25.87795,342.94,0.43,0.38,2023-08-22,0025,N,VIIRS,n,2,298.68,43.66,N,0
40.88843,25.88303,323.67,0.43,0.38,2023-08-22,0025,N,VIIRS,n,2,295.12,2.77,N,0
40.89858,25.82774,318.32,0.43,0.38,2023-08-22,0025,N,VIIRS,n,2,296.22,2.04,N,0
40.8875,25.8881,314.42,0.43,0.38,2023-08-22,0025,N,VIIRS,n,2,294.77,2.77,N,0
40.88657,25.89316,309.3,0.43,0.38,2023-08-22,0025,N,VIIRS,n,2,294.64,1.4,N,0
40.89883,25.80657,354.93,0.43,0.38,2023-08-22,0025,N,VIIRS,n,2,305.25,15.42,N,0
40.89791,25.81162,322.81,0.43,0.38,2023-08-22,0025,N,VIIRS,n,2,299.12,3.83,N,0
40.89423,25.83173,325.22,0.43,0.38,2023-08-22,0025,N,VIIRS,n,2,295.82,13.37,N,0
40.8933,25.83677,334.21,0.43,0.38,2023-08-22,0025,N,VIIRS,n,2,296.86,13.37,N,0
40.89239,25.84174,355.35,0.43,0.38,2023-08-22,0025,N,VIIRS,n,2,302.98,64.95,N,0
40.89148,25.84673,339.24,0.43,0.38,2023-08-22,0025,N,VIIRS,n,2,327.23,64.95,N,0
40.89055,25.85176,334.17,0.43,0.38,2023-08-22,0025,N,VIIRS,n,2,317.1,39.7,N,0
40.88963,25.85677,352.03,0.43,0.38,2023-08-22,0025,N,VIIRS,n,2,303.71,39.7,N,0
40.88871,25.86177,356.18,0.43,0.38,2023-08-22,0025,N,VIIRS,n,2,307.53,24.87,N,0
40.88778,25.86683,355.19,0.43,0.38,2023-08-22,0025,N,VIIRS,n,2,311.79,24.87,N,0
40.88686,25.87188,343.55,0.43,0.38,2023-08-22,0025,N,VIIRS,n,2,297.86,3.17,N,0
40.88593,25.87692,322.48,0.43,0.38,2023-08-22,0025,N,VIIRS,n,2,295.99,3.17,N,0
40.897,25.81663,319.92,0.43,0.38,2023-08-22,0025,N,VIIRS,n,2,299.44,3.83,N,0
40.89608,25.82163,319.19,0.43,0.38,2023-08-22,0025,N,VIIRS,n,2,297.71,2.05,N,0
40.89515,25.82667,316.68,0.43,0.38,2023-08-22,0025,N,VIIRS,n,2,296.76,2.05,N,0
40.885,25.88197,316.12,0.43,0.38,2023-08-22,0025,N,VIIRS,n,2,294.99,1.6,N,0
40.88407,25.88703,310.16,0.43,0.38,2023-08-22,0025,N,VIIRS,n,2,294.55,1.6,N,0
40.89541,25.8055,353.29,0.43,0.38,2023-08-22,0025,N,VIIRS,n,2,303.79,15.42,N,0
40.89449,25.81055,335.2,0.43,0.38,2023-08-22,0025,N,VIIRS,n,2,301.06,3.83,N,0
40.89357,25.81557,340.31,0.43,0.38,2023-08-22,0025,N,VIIRS,n,2,300.76,3.83,N,0
40.89173,25.82559,323.59,0.43,0.38,2023-08-22,0025,N,VIIRS,n,2,296.24,2.05,N,0
40.8908,25.83063,333.3,0.43,0.38,2023-08-22,0025,N,VIIRS,n,2,296.55,13.37,N,0
40.88988,25.83569,342.2,0.43,0.38,2023-08-22,0025,N,VIIRS,n,2,307.01,13.37,N,0
40.88895,25.8407,357.49,0.43,0.38,2023-08-22,0025,N,VIIRS,n,2,304.88,64.95,N,0
40.88803,25.84571,340.35,0.43,0.38,2023-08-22,0025,N,VIIRS,n,2,317.7,64.95,N,0
40.88711,25.85074,350.79,0.43,0.38,2023-08-22,0025,N,VIIRS,n,2,299.11,39.7,N,0
40.88619,25.85576,344.37,0.43,0.38,2023-08-22,0025,N,VIIRS,n,2,296.52,39.7,N,0
40.88527,25.86077,354.18,0.43,0.38,2023-08-22,0025,N,VIIRS,n,2,302.98,24.87,N,0
40.88435,25.8658,342.45,0.43,0.38,2023-08-22,0025,N,VIIRS,n,2,297.05,24.87,N,0
40.88342,25.87083,321.91,0.43,0.38,2023-08-22,0025,N,VIIRS,n,2,295.64,3.17,N,0
40.89265,25.82057,317.66,0.43,0.38,2023-08-22,0025,N,VIIRS,n,2,297.07,2.05,N,0
40.88249,25.87586,314.72,0.43,0.38,2023-08-22,0025,N,VIIRS,n,2,295.13,3.17,N,0
40.88157,25.88091,309.66,0.43,0.38,2023-08-22,0025,N,VIIRS,n,2,295.01,1.6,N,0
40.89291,25.7994,327.82,0.43,0.38,2023-08-22,0025,N,VIIRS,n,2,296.89,6.69,N,0
40.89199,25.80444,351.14,0.43,0.38,2023-08-22,0025,N,VIIRS,n,2,302.45,6.69,N,0
40.89106,25.80948,324.13,0.43,0.38,2023-08-22,0025,N,VIIRS,n,2,297.79,4.22,N,0
40.89014,25.81451,349.66,0.43,0.38,2023-08-22,0025,N,VIIRS,n,2,299.55,4.22,N,0
40.88922,25.81951,342.49,0.43,0.38,2023-08-22,0025,N,VIIRS,n,2,297.04,16.04,N,0
40.88831,25.82451,330.26,0.43,0.38,2023-08-22,0025,N,VIIRS,n,2,294.87,16.04,N,0
40.88738,25.82953,331.64,0.43,0.38,2023-08-22,0025,N,VIIRS,n,2,297.59,7.4,N,0
40.88645,25.83459,346.88,0.43,0.38,2023-08-22,0025,N,VIIRS,n,2,298.57,7.4,N,0
40.88553,25.83962,356.68,0.43,0.38,2023-08-22,0025,N,VIIRS,n,2,307.36,18.01,N,0
40.88461,25.84465,349.07,0.43,0.38,2023-08-22,0025,N,VIIRS,n,2,299.94,18.01,N,0
40.88368,25.84968,334.98,0.43,0.38,2023-08-22,0025,N,VIIRS,n,2,295.63,3.27,N,0
40.88275,25.8547,331.72,0.43,0.38,2023-08-22,0025,N,VIIRS,n,2,295.78,3.27,N,0
40.88183,25.85972,327.73,0.43,0.38,2023-08-22,0025,N,VIIRS,n,2,295.63,2.18,N,0
40.88091,25.86476,322.45,0.43,0.38,2023-08-22,0025,N,VIIRS,n,2,295.08,2.18,N,0
40.87998,25.86978,315.11,0.43,0.38,2023-08-22,0025,N,VIIRS,n,2,295.08,1.39,N,0
40.87906,25.87481,309.21,0.43,0.38,2023-08-22,0025,N,VIIRS,n,2,295.12,1.39,N,0
40.88948,25.79835,355.61,0.43,0.38,2023-08-22,0025,N,VIIRS,n,2,303.95,6.69,N,0
40.88856,25.80339,335.67,0.43,0.38,2023-08-22,0025,N,VIIRS,n,2,300.14,6.69,N,0
40.88763,25.80843,325.9,0.43,0.38,2023-08-22,0025,N,VIIRS,n,2,299.85,4.22,N,0
40.88671,25.81346,322.74,0.43,0.38,2023-08-22,0025,N,VIIRS,n,2,297.26,4.22,N,0
40.88579,25.81845,353.44,0.43,0.38,2023-08-22,0025,N,VIIRS,n,2,300.74,16.04,N,0
40.88487,25.82345,354.44,0.43,0.38,2023-08-22,0025,N,VIIRS,n,2,305.28,16.04,N,0
40.88396,25.82845,354.23,0.43,0.38,2023-08-22,0025,N,VIIRS,n,2,300.88,7.4,N,0
40.88303,25.83347,347.76,0.43,0.38,2023-08-22,0025,N,VIIRS,n,2,300.24,7.4,N,0
40.88211,25.83851,335.55,0.43,0.38,2023-08-22,0025,N,VIIRS,n,2,296.25,18.01,N,0
40.88118,25.84357,325.58,0.43,0.38,2023-08-22,0025,N,VIIRS,n,2,294.8,18.01,N,0
40.88025,25.84862,324.59,0.43,0.38,2023-08-22,0025,N,VIIRS,n,2,294.45,3.27,N,0
40.87933,25.85364,323,0.43,0.38,2023-08-22,0025,N,VIIRS,n,2,294.31,3.27,N,0
40.89041,25.79333,309.12,0.43,0.38,2023-08-22,0025,N,VIIRS,n,2,295.24,3.03,N,0
40.8784,25.85866,319.21,0.43,0.38,2023-08-22,0025,N,VIIRS,n,2,294.55,2.18,N,0
40.87747,25.86369,313.76,0.43,0.38,2023-08-22,0025,N,VIIRS,n,2,294.65,2.18,N,0
40.87655,25.8687,308.01,0.43,0.38,2023-08-22,0025,N,VIIRS,n,2,294.74,1.39,N,0
40.88698,25.79228,346.75,0.43,0.38,2023-08-22,0025,N,VIIRS,n,2,299.93,7.78,N,0
40.88605,25.79729,344.98,0.43,0.38,2023-08-22,0025,N,VIIRS,n,2,304.07,5.74,N,0
40.88513,25.80233,331.64,0.43,0.38,2023-08-22,0025,N,VIIRS,n,2,301.28,5.74,N,0
40.88421,25.80737,329.84,0.43,0.38,2023-08-22,0025,N,VIIRS,n,2,301.02,3.43,N,0
40.88328,25.81243,327.1,0.43,0.38,2023-08-22,0025,N,VIIRS,n,2,299.3,3.43,N,0
40.88236,25.81742,348.74,0.43,0.38,2023-08-22,0025,N,VIIRS,n,2,311.31,23.74,N,0
40.88145,25.82239,345.71,0.43,0.38,2023-08-22,0025,N,VIIRS,n,2,299.54,23.74,N,0
40.88053,25.82738,353.11,0.43,0.38,2023-08-22,0025,N,VIIRS,n,2,309.47,17.93,N,0
40.87961,25.83238,331.19,0.43,0.38,2023-08-22,0025,N,VIIRS,n,2,299.73,17.93,N,0
40.8879,25.78728,308.22,0.43,0.38,2023-08-22,0025,N,VIIRS,n,2,295.2,7.78,N,0
40.87868,25.8374,316.68,0.43,0.38,2023-08-22,0025,N,VIIRS,n,2,295.65,1.64,N,0
40.87775,25.84247,317.19,0.43,0.38,2023-08-22,0025,N,VIIRS,n,2,294.68,1.64,N,0
40.87682,25.84753,316.68,0.43,0.38,2023-08-22,0025,N,VIIRS,n,2,294.49,1.76,N,0
40.8759,25.85255,314.17,0.43,0.38,2023-08-22,0025,N,VIIRS,n,2,294.28,1.76,N,0
40.87497,25.85758,309.42,0.43,0.38,2023-08-22,0025,N,VIIRS,n,2,294.95,1.55,N,0
40.87405,25.8626,307.44,0.43,0.38,2023-08-22,0025,N,VIIRS,n,2,294.28,1.55,N,0
40.88354,25.79125,353.57,0.43,0.38,2023-08-22,0025,N,VIIRS,n,2,304.02,7.78,N,0
40.88263,25.79625,344.27,0.43,0.38,2023-08-22,0025,N,VIIRS,n,2,304.17,5.74,N,0
40.88171,25.80127,333.19,0.43,0.38,2023-08-22,0025,N,VIIRS,n,2,299.58,5.74,N,0
40.88078,25.80634,326.45,0.43,0.38,2023-08-22,0025,N,VIIRS,n,2,298.29,3.43,N,0
40.87985,25.8114,330.14,0.43,0.38,2023-08-22,0025,N,VIIRS,n,2,300.08,3.43,N,0
40.87893,25.81638,352.96,0.43,0.38,2023-08-22,0025,N,VIIRS,n,2,313.4,23.74,N,0
40.87801,25.82135,367,0.43,0.38,2023-08-22,0025,N,VIIRS,h,2,311.22,23.74,N,0
40.8771,25.82633,348.62,0.43,0.38,2023-08-22,0025,N,VIIRS,n,2,310.02,17.93,N,0
40.88538,25.78127,308.55,0.43,0.38,2023-08-22,0025,N,VIIRS,n,2,293.76,2.45,N,0
40.88446,25.78625,318.82,0.43,0.38,2023-08-22,0025,N,VIIRS,n,2,294.37,7.78,N,0
40.87617,25.83132,319.31,0.43,0.38,2023-08-22,0025,N,VIIRS,n,2,295.93,17.93,N,0
40.87526,25.83632,312.44,0.43,0.38,2023-08-22,0025,N,VIIRS,n,2,295.31,1.64,N,0
40.87432,25.84137,312.27,0.43,0.38,2023-08-22,0025,N,VIIRS,n,2,294.56,1.64,N,0
40.87339,25.84642,309.39,0.43,0.38,2023-08-22,0025,N,VIIRS,n,2,294.28,1.76,N,0
40.84177,26.01734,310.5,0.43,0.38,2023-08-22,0025,N,VIIRS,n,2,291.97,0.85,N,0
40.88103,25.78524,339.1,0.43,0.38,2023-08-22,0025,N,VIIRS,n,2,306.69,20.25,N,0
40.88012,25.79023,352.79,0.43,0.38,2023-08-22,0025,N,VIIRS,n,2,306.21,20.25,N,0
40.8792,25.79521,338.97,0.43,0.38,2023-08-22,0025,N,VIIRS,n,2,300.58,5.11,N,0
40.87828,25.80023,334.61,0.43,0.38,2023-08-22,0025,N,VIIRS,n,2,299.26,5.11,N,0
40.87735,25.80529,330.06,0.43,0.38,2023-08-22,0025,N,VIIRS,n,2,298.71,5.91,N,0
40.87642,25.81036,338.07,0.43,0.38,2023-08-22,0025,N,VIIRS,n,2,299.5,5.91,N,0
40.87549,25.81535,367,0.43,0.38,2023-08-22,0025,N,VIIRS,h,2,309.83,41.16,N,0
40.87458,25.82032,345.76,0.43,0.38,2023-08-22,0025,N,VIIRS,n,2,328.64,41.16,N,0
40.87366,25.82529,335.71,0.43,0.38,2023-08-22,0025,N,VIIRS,n,2,297.67,5.71,N,0
40.83832,26.01623,328.85,0.43,0.38,2023-08-22,0025,N,VIIRS,n,2,293.19,3.67,N,0
40.88195,25.78026,315.85,0.43,0.38,2023-08-22,0025,N,VIIRS,n,2,293.93,2.26,N,0
40.87275,25.83028,316.12,0.43,0.38,2023-08-22,0025,N,VIIRS,n,2,293.57,5.71,N,0
40.87183,25.83527,310.08,0.43,0.38,2023-08-22,0025,N,VIIRS,n,2,294.22,1.21,N,0
40.8709,25.84028,307.74,0.43,0.38,2023-08-22,0025,N,VIIRS,n,2,294.13,1.21,N,0
40.87851,25.77925,322.31,0.43,0.38,2023-08-22,0025,N,VIIRS,n,2,294.78,2.26,N,0
40.8776,25.78424,367,0.43,0.38,2023-08-22,0025,N,VIIRS,h,2,303.71,20.25,N,0
40.87668,25.78922,346.48,0.43,0.38,2023-08-22,0025,N,VIIRS,n,2,300.5,20.25,N,0
40.87576,25.7942,334.5,0.43,0.38,2023-08-22,0025,N,VIIRS,n,2,298.18,5.11,N,0
40.87484,25.79921,343.64,0.43,0.38,2023-08-22,0025,N,VIIRS,n,2,297.89,5.11,N,0
40.87391,25.80425,341.06,0.43,0.38,2023-08-22,0025,N,VIIRS,n,2,299.44,5.91,N,0
40.87299,25.80931,347.9,0.43,0.38,2023-08-22,0025,N,VIIRS,n,2,298.22,5.91,N,0
40.87206,25.81431,355.89,0.43,0.38,2023-08-22,0025,N,VIIRS,n,2,315.3,41.16,N,0
40.87114,25.81928,338.18,0.43,0.38,2023-08-22,0025,N,VIIRS,n,2,308.54,41.16,N,0
40.87944,25.77419,308.48,0.43,0.38,2023-08-22,0025,N,VIIRS,n,2,294.84,2.26,N,0
40.87023,25.82426,318.88,0.43,0.38,2023-08-22,0025,N,VIIRS,n,2,294.21,5.71,N,0
40.86931,25.82924,311.36,0.43,0.38,2023-08-22,0025,N,VIIRS,n,2,292.73,5.71,N,0
40.86839,25.83423,306.19,0.43,0.38,2023-08-22,0025,N,VIIRS,n,2,293.48,1.21,N,0
40.87508,25.77823,345.23,0.43,0.38,2023-08-22,0025,N,VIIRS,n,2,304.71,21.02,N,0
40.87416,25.78324,356.09,0.43,0.38,2023-08-22,0025,N,VIIRS,n,2,303.95,16.73,N,0
40.87324,25.78823,346.59,0.43,0.38,2023-08-22,0025,N,VIIRS,n,2,298.1,16.73,N,0
40.87233,25.79318,342.14,0.43,0.38,2023-08-22,0025,N,VIIRS,n,2,296.85,39.35,N,0
40.87141,25.79818,354.79,0.43,0.38,2023-08-22,0025,N,VIIRS,n,2,299.66,39.35,N,0
40.87048,25.80322,348.2,0.43,0.38,2023-08-22,0025,N,VIIRS,n,2,298.92,10.63,N,0
40.86955,25.80826,345.1,0.43,0.38,2023-08-22,0025,N,VIIRS,n,2,297.66,10.63,N,0
40.86863,25.81327,351.16,0.43,0.38,2023-08-22,0025,N,VIIRS,n,2,297.54,4.46,N,0
40.86771,25.81825,325.1,0.43,0.38,2023-08-22,0025,N,VIIRS,n,2,293.76,4.46,N,0
40.87601,25.77319,315.71,0.43,0.38,2023-08-22,0025,N,VIIRS,n,2,294.8,21.02,N,0
40.86679,25.82323,312.08,0.43,0.38,2023-08-22,0025,N,VIIRS,n,2,292.92,1.31,N,0
40.86587,25.8282,307.75,0.43,0.38,2023-08-22,0025,N,VIIRS,n,2,292.79,1.31,N,0
41.06417,24.70157,320.05,0.4,0.37,2023-08-22,0025,N,VIIRS,n,2,297.21,2.37,N,0
41.06249,24.71123,330.28,0.4,0.37,2023-08-22,0025,N,VIIRS,n,2,297.91,2.8,N,0
40.87165,25.77722,336.38,0.43,0.38,2023-08-22,0025,N,VIIRS,n,2,307.94,21.02,N,0
40.87072,25.78224,367,0.43,0.38,2023-08-22,0025,N,VIIRS,h,2,304.74,16.73,N,0
40.8698,25.78724,355.61,0.43,0.38,2023-08-22,0025,N,VIIRS,n,2,299.96,16.73,N,0
40.86889,25.79217,355.05,0.43,0.38,2023-08-22,0025,N,VIIRS,n,2,311.43,39.35,N,0
40.86798,25.79716,367,0.43,0.38,2023-08-22,0025,N,VIIRS,h,2,331.53,39.35,N,0
40.86705,25.80216,350,0.43,0.38,2023-08-22,0025,N,VIIRS,n,2,299.97,10.63,N,0
41.06165,24.71603,314.26,0.4,0.37,2023-08-22,0025,N,VIIRS,n,2,296.16,2.8,N,0
40.8735,25.76717,307.33,0.42,0.38,2023-08-22,0025,N,VIIRS,n,2,294.47,2.33,N,0
40.87258,25.77219,319.85,0.43,0.38,2023-08-22,0025,N,VIIRS,n,2,294.68,21.02,N,0
40.86612,25.8072,319.33,0.43,0.38,2023-08-22,0025,N,VIIRS,n,2,294.28,10.63,N,0
40.8652,25.81222,312.66,0.43,0.38,2023-08-22,0025,N,VIIRS,n,2,293.77,4.46,N,0
40.86428,25.81721,310.67,0.43,0.38,2023-08-22,0025,N,VIIRS,n,2,292.88,4.46,N,0
40.86336,25.82218,307.84,0.43,0.38,2023-08-22,0025,N,VIIRS,n,2,292.7,1.31,N,0
40.86821,25.7762,341.55,0.43,0.38,2023-08-22,0025,N,VIIRS,n,2,295.71,2.93,N,0
40.86729,25.78122,343.41,0.43,0.38,2023-08-22,0025,N,VIIRS,n,2,324.95,62.68,N,0
40.86637,25.78621,343.43,0.43,0.38,2023-08-22,0025,N,VIIRS,n,2,308.96,62.68,N,0
40.86546,25.79116,367,0.43,0.38,2023-08-22,0025,N,VIIRS,h,2,306.63,44.48,N,0
40.86454,25.79613,321.06,0.43,0.38,2023-08-22,0025,N,VIIRS,n,2,317.78,44.48,N,0
40.86362,25.80112,331.27,0.43,0.38,2023-08-22,0025,N,VIIRS,n,2,294.41,2.05,N,0
41.06083,24.70064,310.77,0.4,0.37,2023-08-22,0025,N,VIIRS,n,2,295.93,1.5,N,0
41.05999,24.70545,310.97,0.4,0.37,2023-08-22,0025,N,VIIRS,n,2,297.26,1.5,N,0
40.87006,25.76617,307.17,0.42,0.38,2023-08-22,0025,N,VIIRS,n,2,294.25,2.56,N,0
40.86914,25.77118,315.79,0.43,0.38,2023-08-22,0025,N,VIIRS,n,2,294.41,2.93,N,0
40.8627,25.80614,314.99,0.43,0.38,2023-08-22,0025,N,VIIRS,n,2,293.79,2.05,N,0
40.86177,25.81117,307.99,0.43,0.38,2023-08-22,0025,N,VIIRS,n,2,294.09,1.68,N,0
40.86084,25.81616,306.35,0.43,0.38,2023-08-22,0025,N,VIIRS,n,2,293.15,1.68,N,0
40.86479,25.77517,322.4,0.43,0.38,2023-08-22,0025,N,VIIRS,n,2,295.02,2.93,N,0
40.86386,25.7802,336.37,0.43,0.38,2023-08-22,0025,N,VIIRS,n,2,308.17,62.68,N,0
40.86294,25.78518,357.07,0.43,0.38,2023-08-22,0025,N,VIIRS,n,2,306.18,62.68,N,0
40.86203,25.79014,348.68,0.43,0.38,2023-08-22,0025,N,VIIRS,n,2,295.68,44.48,N,0
40.86111,25.7951,333.05,0.43,0.38,2023-08-22,0025,N,VIIRS,n,2,294.63,44.48,N,0
40.86571,25.77016,310.05,0.43,0.38,2023-08-22,0025,N,VIIRS,n,2,294.81,2.93,N,0
40.86019,25.80009,317.73,0.43,0.38,2023-08-22,0025,N,VIIRS,n,2,294.08,2.05,N,0
40.85926,25.8051,309.28,0.43,0.38,2023-08-22,0025,N,VIIRS,n,2,294.05,2.05,N,0
40.86043,25.77916,348.87,0.43,0.38,2023-08-22,0025,N,VIIRS,n,2,297.92,3.86,N,0
40.85951,25.78414,328.09,0.43,0.38,2023-08-22,0025,N,VIIRS,n,2,295.62,3.86,N,0
40.86135,25.77414,313.33,0.43,0.38,2023-08-22,0025,N,VIIRS,n,2,295.01,1.75,N,0
40.85859,25.78911,319.2,0.43,0.38,2023-08-22,0025,N,VIIRS,n,2,294.64,1.22,N,0
40.85768,25.79408,314.06,0.43,0.38,2023-08-22,0025,N,VIIRS,n,2,294.09,1.22,N,0
40.85675,25.79907,309.66,0.43,0.38,2023-08-22,0025,N,VIIRS,n,2,293.46,2.86,N,0
41.05327,24.68359,326.71,0.4,0.37,2023-08-22,0025,N,VIIRS,n,2,298.08,3.48,N,0
40.85792,25.77312,306.56,0.43,0.38,2023-08-22,0025,N,VIIRS,n,2,294.14,1.75,N,0
40.857,25.77811,309.92,0.43,0.38,2023-08-22,0025,N,VIIRS,n,2,294.48,3.86,N,0
40.85608,25.78309,311.42,0.43,0.38,2023-08-22,0025,N,VIIRS,n,2,294.88,3.86,N,0
40.85516,25.78807,309.69,0.43,0.38,2023-08-22,0025,N,VIIRS,n,2,294.15,1.22,N,0
40.85424,25.79305,307.58,0.43,0.38,2023-08-22,0025,N,VIIRS,n,2,293.62,1.22,N,0
40.91474,24.65041,329.05,0.4,0.37,2023-08-22,0025,N,VIIRS,n,2,291.23,2.11,N,0
40.8046,21.51503,300.46,0.39,0.36,2023-08-22,0025,N,VIIRS,n,2,287.68,0.61,N,0
39.35374,22.98358,311.92,0.39,0.36,2023-08-22,0025,N,VIIRS,n,2,297.5,2.4,N,2
37.30997,24.39226,335.78,0.42,0.38,2023-08-22,0026,N,VIIRS,n,2,304.78,40.02,N,0
37.3091,24.39707,318.12,0.42,0.38,2023-08-22,0026,N,VIIRS,n,2,297.68,37.24,N,0
37.31083,24.38747,337.23,0.42,0.38,2023-08-22,0026,N,VIIRS,n,2,314.62,40.02,N,0
37.31253,24.39799,339.51,0.42,0.38,2023-08-22,0026,N,VIIRS,n,2,318.13,37.24,N,0
37.3134,24.39317,347.1,0.42,0.38,2023-08-22,0026,N,VIIRS,n,2,321.51,40.02,N,0
37.31427,24.38836,335.68,0.42,0.38,2023-08-22,0026,N,VIIRS,n,2,309.9,40.02,N,0
37.31596,24.39892,324.01,0.42,0.38,2023-08-22,0026,N,VIIRS,n,2,300.67,4.6,N,0
37.31683,24.39409,336.31,0.42,0.38,2023-08-22,0026,N,VIIRS,n,2,302.25,24.11,N,0
37.3177,24.38927,333.94,0.42,0.38,2023-08-22,0026,N,VIIRS,n,2,310.93,24.11,N,0
37.3194,24.39985,346.21,0.42,0.38,2023-08-22,0026,N,VIIRS,n,2,301.58,4.6,N,0
37.32027,24.39501,330.47,0.42,0.38,2023-08-22,0026,N,VIIRS,n,2,300.98,24.11,N,0
37.32113,24.39019,332.25,0.42,0.38,2023-08-22,0026,N,VIIRS,n,2,317,24.11,N,0
37.32283,24.40076,319.95,0.42,0.38,2023-08-22,0026,N,VIIRS,n,2,299.08,2.25,N,0
37.3237,24.39594,347.7,0.42,0.38,2023-08-22,0026,N,VIIRS,n,2,304.03,9.15,N,0
37.32456,24.39112,341.47,0.42,0.38,2023-08-22,0026,N,VIIRS,n,2,305.47,9.15,N,0
37.32713,24.39686,333.65,0.42,0.38,2023-08-22,0026,N,VIIRS,n,2,300.1,9.15,N,0
37.32799,24.39206,331.21,0.42,0.38,2023-08-22,0026,N,VIIRS,n,2,298.75,9.15,N,0
37.3297,24.40257,332.56,0.42,0.38,2023-08-22,0026,N,VIIRS,n,2,299.97,5.16,N,0
37.33568,24.40934,313.65,0.42,0.38,2023-08-22,0026,N,VIIRS,n,2,297.96,1.16,N,0
37.33647,24.41159,312.29,0.42,0.38,2023-08-22,0026,N,VIIRS,n,2,297.81,0.86,N,0
38.07184,23.6344,312.21,0.4,0.37,2023-08-22,0026,N,VIIRS,n,2,297.15,2,N,0
38.22706,22.88056,330.86,0.39,0.36,2023-08-22,0026,N,VIIRS,n,2,299.94,4.46,N,0
38.22779,22.87614,328.01,0.39,0.36,2023-08-22,0026,N,VIIRS,n,2,300.38,6.46,N,0
38.23585,22.86905,311.46,0.39,0.36,2023-08-22,0026,N,VIIRS,n,2,299.8,2.31,N,0
38.12946,23.52271,309.23,0.4,0.37,2023-08-22,0026,N,VIIRS,n,2,297.95,1.88,N,2
38.23916,22.86988,314.12,0.39,0.36,2023-08-22,0026,N,VIIRS,n,2,299.91,2.31,N,0
38.24393,22.86182,312.05,0.39,0.36,2023-08-22,0026,N,VIIRS,n,2,299.79,12.99,N,0
38.2432,22.86626,347.52,0.39,0.36,2023-08-22,0026,N,VIIRS,n,2,311.07,20.07,N,0
38.24357,22.88494,314.46,0.39,0.36,2023-08-22,0026,N,VIIRS,n,2,300.42,3.53,N,0
38.2443,22.88049,320.14,0.39,0.36,2023-08-22,0026,N,VIIRS,n,2,300.41,4.56,N,0
38.24651,22.86708,348.37,0.39,0.36,2023-08-22,0026,N,VIIRS,n,2,309.87,20.07,N,0
38.24834,22.8769,316.1,0.39,0.36,2023-08-22,0026,N,VIIRS,n,2,300.47,3.01,N,0
38.24908,22.87239,317.35,0.39,0.36,2023-08-22,0026,N,VIIRS,n,2,300.68,3.51,N,0
38.24688,22.88578,324.46,0.39,0.36,2023-08-22,0026,N,VIIRS,n,2,300.85,2.5,N,0
38.24761,22.88134,334.18,0.39,0.36,2023-08-22,0026,N,VIIRS,n,2,301.81,3.01,N,0
38.24981,22.86791,345.03,0.39,0.36,2023-08-22,0026,N,VIIRS,n,2,303.6,3.51,N,0
38.25019,22.88657,312.91,0.39,0.36,2023-08-22,0026,N,VIIRS,n,2,300.17,2.5,N,0
38.25092,22.88217,329.14,0.39,0.36,2023-08-22,0026,N,VIIRS,n,2,301.51,3.01,N,0
38.25164,22.87775,345.73,0.39,0.36,2023-08-22,0026,N,VIIRS,n,2,302.47,3.01,N,0
38.25238,22.87325,332.39,0.39,0.36,2023-08-22,0026,N,VIIRS,n,2,301.91,3.51,N,0
38.25312,22.86874,333.41,0.39,0.36,2023-08-22,0026,N,VIIRS,n,2,302.02,3.51,N,0
38.2484,22.91824,314.21,0.39,0.36,2023-08-22,0026,N,VIIRS,n,2,299.28,2.04,N,0
38.25422,22.88298,310.98,0.39,0.36,2023-08-22,0026,N,VIIRS,n,2,300.08,8.08,N,0
38.25495,22.87857,347.49,0.39,0.36,2023-08-22,0026,N,VIIRS,n,2,303.2,8.08,N,0
38.25568,22.8741,356.43,0.39,0.36,2023-08-22,0026,N,VIIRS,n,2,305.56,13.27,N,0
38.25642,22.86959,327.23,0.39,0.36,2023-08-22,0026,N,VIIRS,n,2,300.7,13.27,N,0
38.25753,22.88376,313.25,0.39,0.36,2023-08-22,0026,N,VIIRS,n,2,299.51,8.08,N,0
38.2517,22.91911,320.22,0.39,0.36,2023-08-22,0026,N,VIIRS,n,2,299.04,2.04,N,0
38.25826,22.87938,350.34,0.39,0.36,2023-08-22,0026,N,VIIRS,n,2,310.59,8.08,N,0
38.25899,22.87494,348.01,0.39,0.36,2023-08-22,0026,N,VIIRS,n,2,309.89,13.27,N,0
38.25392,22.91727,315.91,0.39,0.36,2023-08-22,0026,N,VIIRS,n,2,299.21,2.7,N,0
38.25688,22.89953,311.05,0.39,0.36,2023-08-22,0026,N,VIIRS,n,2,298.82,1.94,N,0
38.25835,22.89071,314.2,0.39,0.36,2023-08-22,0026,N,VIIRS,n,2,298.48,1.23,N,0
38.25908,22.88632,314.68,0.39,0.36,2023-08-22,0026,N,VIIRS,n,2,298.6,1.23,N,0
38.2598,22.88195,333.01,0.39,0.36,2023-08-22,0026,N,VIIRS,n,2,300.96,6.12,N,0
38.26054,22.87755,346.55,0.39,0.36,2023-08-22,0026,N,VIIRS,n,2,305.83,6.12,N,0
38.26167,22.89148,315.69,0.39,0.36,2023-08-22,0026,N,VIIRS,n,2,298.21,1.23,N,0
38.26241,22.88709,312.16,0.39,0.36,2023-08-22,0026,N,VIIRS,n,2,297.94,1.23,N,0
38.26312,22.88273,311.46,0.39,0.36,2023-08-22,0026,N,VIIRS,n,2,298.77,6.12,N,0
38.2602,22.90032,325.83,0.39,0.36,2023-08-22,0026,N,VIIRS,n,2,298.91,1.94,N,0
38.26094,22.89588,320.48,0.39,0.36,2023-08-22,0026,N,VIIRS,n,2,298.4,1.94,N,0
38.31451,22.71754,308.71,0.39,0.36,2023-08-22,0026,N,VIIRS,n,2,297.48,39.47,N,0
38.3171,22.72272,311.52,0.39,0.36,2023-08-22,0026,N,VIIRS,n,2,297.18,39.47,N,0
38.31781,22.71835,339.04,0.39,0.36,2023-08-22,0026,N,VIIRS,n,2,316.72,39.47,N,0
38.31853,22.71398,323.73,0.39,0.36,2023-08-22,0026,N,VIIRS,n,2,298.57,12.7,N,0
38.31925,22.70959,321.85,0.39,0.36,2023-08-22,0026,N,VIIRS,n,2,298.56,12.7,N,0
38.31997,22.70519,323.56,0.39,0.36,2023-08-22,0026,N,VIIRS,n,2,298.95,4.35,N,0
38.32068,22.70086,347.14,0.39,0.36,2023-08-22,0026,N,VIIRS,n,2,302.75,4.35,N,0
38.32256,22.71038,310.21,0.39,0.36,2023-08-22,0026,N,VIIRS,n,2,297.36,2.47,N,0
38.32399,22.70165,317.41,0.39,0.36,2023-08-22,0026,N,VIIRS,n,2,297.64,8.13,N,0
38.32469,22.69737,314.43,0.39,0.36,2023-08-22,0026,N,VIIRS,n,2,298.04,17.42,N,0
38.32039,22.72358,328.06,0.39,0.36,2023-08-22,0026,N,VIIRS,n,2,298.72,32.99,N,0
38.32111,22.71919,367,0.39,0.36,2023-08-22,0026,N,VIIRS,h,2,327.16,32.99,N,0
38.32183,22.71479,322.42,0.39,0.36,2023-08-22,0026,N,VIIRS,n,2,297.9,2.47,N,0
38.32329,22.70597,344.19,0.39,0.36,2023-08-22,0026,N,VIIRS,n,2,306.02,8.13,N,0
38.32296,22.72888,309.12,0.39,0.36,2023-08-22,0026,N,VIIRS,n,2,298,3.8,N,0
38.32513,22.71564,314.97,0.39,0.36,2023-08-22,0026,N,VIIRS,n,2,297.77,2.47,N,0
38.32939,22.68964,315.92,0.39,0.36,2023-08-22,0026,N,VIIRS,n,2,300.01,18.32,N,0
38.33081,22.68097,312.73,0.39,0.36,2023-08-22,0026,N,VIIRS,n,2,297.58,7.91,N,0
38.32368,22.72448,350.26,0.39,0.36,2023-08-22,0026,N,VIIRS,n,2,315.31,32.99,N,0
38.32441,22.72007,350.2,0.39,0.36,2023-08-22,0026,N,VIIRS,n,2,307.07,32.99,N,0
38.32659,22.70678,325.54,0.39,0.36,2023-08-22,0026,N,VIIRS,n,2,297.92,8.13,N,0
38.3273,22.70243,328.38,0.39,0.36,2023-08-22,0026,N,VIIRS,n,2,297.61,8.13,N,0
38.328,22.69816,328.39,0.39,0.36,2023-08-22,0026,N,VIIRS,n,2,309.25,17.42,N,0
38.3301,22.68531,352.76,0.39,0.36,2023-08-22,0026,N,VIIRS,n,2,313.37,18.32,N,0
38.32843,22.71651,316.96,0.39,0.36,2023-08-22,0026,N,VIIRS,n,2,298.39,1.88,N,0
38.32916,22.71206,310.66,0.39,0.36,2023-08-22,0026,N,VIIRS,n,2,297.59,1.88,N,0
38.32625,22.72979,321.6,0.39,0.36,2023-08-22,0026,N,VIIRS,n,2,303.88,11.8,N,0
38.32697,22.72538,345.47,0.39,0.36,2023-08-22,0026,N,VIIRS,n,2,331.07,19.01,N,0
38.3277,22.72096,339.98,0.39,0.36,2023-08-22,0026,N,VIIRS,n,2,300.84,19.01,N,0
38.32989,22.70762,323.87,0.39,0.36,2023-08-22,0026,N,VIIRS,n,2,297.52,2.11,N,0
38.3306,22.70326,325.97,0.39,0.36,2023-08-22,0026,N,VIIRS,n,2,297.14,2.11,N,0
38.3313,22.69901,346.74,0.39,0.36,2023-08-22,0026,N,VIIRS,n,2,301.17,4.41,N,0
38.33199,22.69476,331.49,0.39,0.36,2023-08-22,0026,N,VIIRS,n,2,300.62,4.41,N,0
38.33269,22.69047,354.94,0.39,0.36,2023-08-22,0026,N,VIIRS,n,2,312.27,57.55,N,0
38.3334,22.68615,367,0.39,0.36,2023-08-22,0026,N,VIIRS,h,2,341.87,57.55,N,0
38.33318,22.70849,317.26,0.39,0.36,2023-08-22,0026,N,VIIRS,n,2,296.7,2.11,N,0
38.32954,22.73069,334.68,0.39,0.36,2023-08-22,0026,N,VIIRS,n,2,304.45,11.8,N,0
38.33026,22.72628,339.06,0.39,0.36,2023-08-22,0026,N,VIIRS,n,2,301.68,19.01,N,0
38.33099,22.72187,326.76,0.39,0.36,2023-08-22,0026,N,VIIRS,n,2,299.08,19.01,N,0
38.33246,22.71292,322.81,0.39,0.36,2023-08-22,0026,N,VIIRS,n,2,298.24,1.88,N,0
38.3339,22.70411,326.45,0.39,0.36,2023-08-22,0026,N,VIIRS,n,2,297.24,2.11,N,0
38.33459,22.69988,330.66,0.39,0.36,2023-08-22,0026,N,VIIRS,n,2,299.78,4.41,N,0
38.33529,22.69564,324.88,0.39,0.36,2023-08-22,0026,N,VIIRS,n,2,300.11,4.41,N,0
38.33599,22.69132,367,0.39,0.36,2023-08-22,0026,N,VIIRS,h,2,308.33,57.55,N,0
38.3367,22.68699,367,0.39,0.36,2023-08-22,0026,N,VIIRS,h,2,346.65,57.55,N,0
38.33141,22.74023,316.38,0.39,0.36,2023-08-22,0026,N,VIIRS,n,2,298.32,31.55,N,0
38.33648,22.70936,315.94,0.39,0.36,2023-08-22,0026,N,VIIRS,n,2,296.44,1.67,N,0
38.3407,22.68354,312.42,0.39,0.36,2023-08-22,0026,N,VIIRS,n,2,299.65,2.91,N,0
38.33212,22.73588,353.7,0.39,0.36,2023-08-22,0026,N,VIIRS,n,2,313.86,30.12,N,0
38.33284,22.73154,342.22,0.39,0.36,2023-08-22,0026,N,VIIRS,n,2,310.81,30.12,N,0
38.33355,22.72717,330.2,0.39,0.36,2023-08-22,0026,N,VIIRS,n,2,300.71,2.66,N,0
38.33428,22.72276,328.31,0.39,0.36,2023-08-22,0026,N,VIIRS,n,2,299.3,2.66,N,0
38.33575,22.71378,327.81,0.39,0.36,2023-08-22,0026,N,VIIRS,n,2,298.13,2.22,N,0
38.33719,22.70501,322.38,0.39,0.36,2023-08-22,0026,N,VIIRS,n,2,296.71,1.67,N,0
38.33788,22.70076,328.68,0.39,0.36,2023-08-22,0026,N,VIIRS,n,2,298.76,3.42,N,0
38.33858,22.69651,328.63,0.39,0.36,2023-08-22,0026,N,VIIRS,n,2,300,3.42,N,0
38.33929,22.6922,356.35,0.39,0.36,2023-08-22,0026,N,VIIRS,n,2,305.92,17.48,N,0
38.33999,22.68788,350.38,0.39,0.36,2023-08-22,0026,N,VIIRS,n,2,303.3,17.48,N,0
38.33829,22.71922,314.89,0.39,0.36,2023-08-22,0026,N,VIIRS,n,2,297.97,2.22,N,0
38.33975,22.71033,318.59,0.39,0.36,2023-08-22,0026,N,VIIRS,n,2,296.85,1.67,N,0
38.33543,22.7367,353.36,0.39,0.36,2023-08-22,0026,N,VIIRS,n,2,324.77,30.12,N,0
38.33614,22.73238,322.92,0.39,0.36,2023-08-22,0026,N,VIIRS,n,2,299.75,30.12,N,0
38.33685,22.72804,334.45,0.39,0.36,2023-08-22,0026,N,VIIRS,n,2,301.42,2.66,N,0
38.33757,22.72365,327.48,0.39,0.36,2023-08-22,0026,N,VIIRS,n,2,299.7,2.66,N,0
38.33903,22.71473,321.36,0.39,0.36,2023-08-22,0026,N,VIIRS,n,2,297.84,2.22,N,0
38.34047,22.70599,321.22,0.39,0.36,2023-08-22,0026,N,VIIRS,n,2,297.68,1.67,N,0
38.34117,22.7017,325.31,0.39,0.36,2023-08-22,0026,N,VIIRS,n,2,299.08,3.42,N,0
38.34187,22.69739,348.66,0.39,0.36,2023-08-22,0026,N,VIIRS,n,2,302.87,3.42,N,0
38.34258,22.69308,351.91,0.39,0.36,2023-08-22,0026,N,VIIRS,n,2,311.78,17.48,N,0
38.33802,22.74185,310.25,0.39,0.36,2023-08-22,0026,N,VIIRS,n,2,297.82,3.72,N,0
38.3423,22.71571,318.78,0.39,0.36,2023-08-22,0026,N,VIIRS,n,2,298.1,2.15,N,0
38.34303,22.71132,318.8,0.39,0.36,2023-08-22,0026,N,VIIRS,n,2,297.62,1.47,N,0
38.34373,22.70699,315.72,0.39,0.36,2023-08-22,0026,N,VIIRS,n,2,298.47,1.47,N,0
38.34445,22.70266,315.54,0.39,0.36,2023-08-22,0026,N,VIIRS,n,2,299.53,9.99,N,0
38.33873,22.73753,343.88,0.39,0.36,2023-08-22,0026,N,VIIRS,n,2,309.58,18.91,N,0
38.33944,22.73321,352.02,0.39,0.36,2023-08-22,0026,N,VIIRS,n,2,309.71,18.91,N,0
38.34015,22.72887,323.12,0.39,0.36,2023-08-22,0026,N,VIIRS,n,2,299.06,4.02,N,0
38.34086,22.72452,326.06,0.39,0.36,2023-08-22,0026,N,VIIRS,n,2,300.32,4.02,N,0
38.34158,22.72016,330.25,0.39,0.36,2023-08-22,0026,N,VIIRS,n,2,300.4,2.15,N,0
38.34516,22.69828,351.13,0.39,0.36,2023-08-22,0026,N,VIIRS,n,2,308.81,9.99,N,0
38.34587,22.69395,324.22,0.39,0.36,2023-08-22,0026,N,VIIRS,n,2,300.17,10.54,N,0
38.34702,22.70795,314.24,0.39,0.36,2023-08-22,0026,N,VIIRS,n,2,298.82,1.47,N,0
38.34773,22.70359,318.07,0.39,0.36,2023-08-22,0026,N,VIIRS,n,2,300.45,9.99,N,0
38.34274,22.73404,340,0.39,0.36,2023-08-22,0026,N,VIIRS,n,2,301.1,18.91,N,0
38.34345,22.72969,344.82,0.39,0.36,2023-08-22,0026,N,VIIRS,n,2,302.7,4.02,N,0
38.34416,22.72537,329.41,0.39,0.36,2023-08-22,0026,N,VIIRS,n,2,299.41,4.02,N,0
38.34487,22.72107,323.27,0.39,0.36,2023-08-22,0026,N,VIIRS,n,2,300.3,2.15,N,0
38.56711,23.66522,313.12,0.4,0.37,2023-08-22,0026,N,VIIRS,n,2,299.58,1.46,N,0
38.56378,23.6643,328.45,0.4,0.37,2023-08-22,0026,N,VIIRS,n,2,301.14,1.46,N,0
38.56455,23.6598,306.85,0.4,0.37,2023-08-22,0026,N,VIIRS,n,2,296.72,1.46,N,0
38.56268,23.66592,315.77,0.4,0.37,2023-08-22,0026,N,VIIRS,n,2,297.9,1.64,N,0
38.55449,23.67299,329.22,0.4,0.37,2023-08-22,0026,N,VIIRS,n,2,327.15,33.74,N,0
38.55525,23.66852,307.24,0.4,0.37,2023-08-22,0026,N,VIIRS,n,2,297.05,33.74,N,0
38.55372,23.67746,309.64,0.4,0.37,2023-08-22,0026,N,VIIRS,n,2,298.03,12.31,N,0
38.55116,23.67204,338.49,0.4,0.37,2023-08-22,0026,N,VIIRS,n,2,304.3,33.74,N,0
38.5504,23.6765,343.7,0.4,0.37,2023-08-22,0026,N,VIIRS,n,2,311.91,12.31,N,0
38.55193,23.66756,310.12,0.4,0.37,2023-08-22,0026,N,VIIRS,n,2,297.17,33.74,N,0
38.54783,23.67108,333.74,0.4,0.37,2023-08-22,0026,N,VIIRS,n,2,300.97,2.84,N,0
38.54707,23.67554,347.98,0.4,0.37,2023-08-22,0026,N,VIIRS,n,2,302.78,8.19,N,0
38.5463,23.68002,336.78,0.4,0.37,2023-08-22,0026,N,VIIRS,n,2,305.95,8.19,N,0
38.54298,23.67905,346.52,0.4,0.37,2023-08-22,0026,N,VIIRS,n,2,304.81,8.19,N,0
38.54451,23.67014,310.72,0.4,0.37,2023-08-22,0026,N,VIIRS,n,2,298.38,2.84,N,0
38.54374,23.67459,318.68,0.4,0.37,2023-08-22,0026,N,VIIRS,n,2,300.62,8.19,N,0
38.54117,23.66922,320.59,0.4,0.37,2023-08-22,0026,N,VIIRS,n,2,300.19,1.54,N,0
38.54041,23.67366,327.97,0.4,0.37,2023-08-22,0026,N,VIIRS,n,2,300.32,1.94,N,0
38.53965,23.67811,328.35,0.4,0.37,2023-08-22,0026,N,VIIRS,n,2,300.83,1.94,N,0
38.54193,23.66479,310.04,0.4,0.37,2023-08-22,0026,N,VIIRS,n,2,299.57,1.54,N,0
38.54013,23.65492,323.59,0.4,0.37,2023-08-22,0026,N,VIIRS,n,2,298.74,2.44,N,0
38.53708,23.67273,322.23,0.4,0.37,2023-08-22,0026,N,VIIRS,n,2,299.72,1.94,N,0
38.53632,23.67717,323.72,0.4,0.37,2023-08-22,0026,N,VIIRS,n,2,300.72,1.94,N,0
38.37472,24.0598,312.27,0.41,0.37,2023-08-22,0026,N,VIIRS,n,2,298.38,0.94,N,2
38.35288,22.71412,321.1,0.39,0.36,2023-08-22,0026,N,VIIRS,n,2,299.98,2.02,N,0
38.35217,22.71846,321.99,0.39,0.36,2023-08-22,0026,N,VIIRS,n,2,299.78,2.01,N,0
38.35175,22.70006,343.68,0.39,0.36,2023-08-22,0026,N,VIIRS,n,2,302.03,3.38,N,0
38.35102,22.70448,320.23,0.39,0.36,2023-08-22,0026,N,VIIRS,n,2,301.16,3.38,N,0
38.35031,22.70884,324.14,0.39,0.36,2023-08-22,0026,N,VIIRS,n,2,300.51,2.02,N,0
38.34816,22.72193,326.33,0.39,0.36,2023-08-22,0026,N,VIIRS,n,2,300.55,2.01,N,0
38.3496,22.71318,310.67,0.39,0.36,2023-08-22,0026,N,VIIRS,n,2,299.25,2.02,N,0
38.34888,22.71755,313.83,0.39,0.36,2023-08-22,0026,N,VIIRS,n,2,299.91,2.01,N,0
38.34746,22.72621,314.6,0.39,0.36,2023-08-22,0026,N,VIIRS,n,2,298.55,2.89,N,0
38.34917,22.69482,332.28,0.39,0.36,2023-08-22,0026,N,VIIRS,n,2,302.51,10.54,N,0
38.34845,22.69916,352.86,0.39,0.36,2023-08-22,0026,N,VIIRS,n,2,312.35,9.99,N,0
38.34631,22.71228,320.18,0.39,0.36,2023-08-22,0026,N,VIIRS,n,2,298.99,1.47,N,0
38.34559,22.71667,322.52,0.39,0.36,2023-08-22,0026,N,VIIRS,n,2,299.6,2.15,N,0
41.06137,26.04105,347.93,0.55,0.68,2023-08-22,1008,N,VIIRS,n,2,318.91,118.68,D,0
41.06825,26.06323,356.64,0.55,0.68,2023-08-22,1008,N,VIIRS,n,2,311.97,117.34,D,0
41.07035,26.07001,346.99,0.55,0.68,2023-08-22,1008,N,VIIRS,n,2,302.15,117.34,D,0
41.10654,26.18718,330.31,0.54,0.68,2023-08-22,1008,N,VIIRS,n,2,299.36,103.72,D,0
41.04511,25.98862,367,0.55,0.68,2023-08-22,1008,N,VIIRS,h,2,294.41,18.78,D,0
41.05054,26.00612,367,0.55,0.68,2023-08-22,1008,N,VIIRS,h,2,295.11,92,D,0
41.05249,26.0124,367,0.55,0.68,2023-08-22,1008,N,VIIRS,h,2,294.83,92,D,0
41.06446,26.05099,367,0.55,0.68,2023-08-22,1008,N,VIIRS,h,2,338,204.29,D,0
41.06623,26.0567,367,0.55,0.68,2023-08-22,1008,N,VIIRS,h,2,313.81,204.29,D,0
41.11038,26.19964,367,0.54,0.68,2023-08-22,1008,N,VIIRS,h,2,324.58,157.54,D,0
41.046,26.01377,367,0.55,0.68,2023-08-22,1008,N,VIIRS,l,2,331.73,220.94,D,0
41.03425,25.97596,339.44,0.55,0.68,2023-08-22,1008,N,VIIRS,n,2,293.7,16.92,D,0
41.03886,25.99081,353.3,0.55,0.68,2023-08-22,1008,N,VIIRS,n,2,301.47,41.84,D,0
41.04071,25.99674,351.99,0.55,0.68,2023-08-22,1008,N,VIIRS,n,2,301.13,56.21,D,0
41.04248,26.00244,355.55,0.55,0.68,2023-08-22,1008,N,VIIRS,n,2,307.44,56.21,D,0
41.05011,26.02699,356.07,0.55,0.68,2023-08-22,1008,N,VIIRS,n,2,301.47,94.65,D,0
41.05866,26.05455,338.33,0.55,0.68,2023-08-22,1008,N,VIIRS,n,2,300.26,15.39,D,0
41.03677,25.98405,367,0.55,0.68,2023-08-22,1008,N,VIIRS,h,2,295.5,41.84,D,0
41.04805,26.02036,367,0.55,0.68,2023-08-22,1008,N,VIIRS,h,2,307.7,94.65,D,0
41.06029,26.05979,367,0.55,0.68,2023-08-22,1008,N,VIIRS,h,2,304.96,15.39,D,0
41.06219,26.06594,367,0.55,0.68,2023-08-22,1008,N,VIIRS,h,2,304.72,30.01,D,0
41.10215,26.19515,367,0.54,0.68,2023-08-22,1008,N,VIIRS,h,2,302.37,45.51,D,0
41.10395,26.20098,367,0.54,0.68,2023-08-22,1008,N,VIIRS,h,2,306.22,40.43,D,0
41.0362,26.0045,338.07,0.55,0.68,2023-08-22,1008,N,VIIRS,n,2,300.04,56.21,D,0
41.03992,26.01646,344.07,0.55,0.68,2023-08-22,1008,N,VIIRS,n,2,303.11,220.94,D,0
41.04178,26.02246,343.47,0.55,0.68,2023-08-22,1008,N,VIIRS,n,2,302.23,94.65,D,0
41.09433,26.19201,355.68,0.54,0.68,2023-08-22,1008,N,VIIRS,n,2,301.42,45.51,D,0
41.05803,24.68109,367,0.63,0.72,2023-08-22,1008,N,VIIRS,h,2,300.55,17.4,D,0
41.06038,24.68831,367,0.63,0.72,2023-08-22,1008,N,VIIRS,h,2,299.06,17.4,D,0
41.0465,24.6684,340.28,0.64,0.72,2023-08-22,1008,N,VIIRS,n,2,297.87,15.35,D,0
41.0512,24.68275,340.27,0.63,0.72,2023-08-22,1008,N,VIIRS,n,2,301.02,18.43,D,0
41.0489,24.67572,367,0.63,0.72,2023-08-22,1008,N,VIIRS,h,2,298.82,15.35,D,0
41.0536,24.69012,367,0.63,0.72,2023-08-22,1008,N,VIIRS,h,2,303.97,18.43,D,0
41.05411,24.67961,355.1,0.63,0.72,2023-08-22,1008,N,VIIRS,n,2,301.06,24.39,D,0
41.05885,24.69439,334.44,0.63,0.72,2023-08-22,1008,N,VIIRS,n,2,301.02,30.62,D,0
41.0611,24.70141,339.23,0.63,0.72,2023-08-22,1008,N,VIIRS,n,2,300.87,12.38,D,0
41.05641,24.68678,367,0.63,0.72,2023-08-22,1008,N,VIIRS,h,2,306.54,30.62,D,0
41.04509,24.67441,367,0.64,0.72,2023-08-22,1008,N,VIIRS,h,2,301.69,24.39,D,0
41.16115,25.24224,337.29,0.59,0.7,2023-08-22,1008,N,VIIRS,n,2,296.23,10.31,D,0
41.16324,25.24882,352.84,0.59,0.7,2023-08-22,1008,N,VIIRS,n,2,297.31,14.45,D,0
41.16949,25.26848,348.17,0.59,0.7,2023-08-22,1008,N,VIIRS,n,2,299.89,16.77,D,0
41.16548,25.25588,367,0.59,0.7,2023-08-22,1008,N,VIIRS,h,2,299.79,14.45,D,0
41.16745,25.26207,367,0.59,0.7,2023-08-22,1008,N,VIIRS,h,2,299.76,16.77,D,0
41.15621,25.24919,333.38,0.59,0.7,2023-08-22,1008,N,VIIRS,n,2,297.38,14.45,D,0
41.15423,25.24298,367,0.59,0.7,2023-08-22,1008,N,VIIRS,h,2,298.16,10.31,D,0
41.13457,25.22621,350.65,0.6,0.7,2023-08-22,1008,N,VIIRS,n,2,300.35,9.24,D,0
41.17809,25.54109,344.75,0.57,0.69,2023-08-22,1008,N,VIIRS,n,2,299.05,29.59,D,0
41.1837,25.55871,332.53,0.57,0.69,2023-08-22,1008,N,VIIRS,n,2,298.82,9.3,D,0
41.17602,25.5346,367,0.57,0.69,2023-08-22,1008,N,VIIRS,h,2,304.42,30.93,D,0
41.17009,25.53818,355.64,0.57,0.69,2023-08-22,1008,N,VIIRS,n,2,302.45,33.52,D,0
41.18663,25.55219,335.97,0.57,0.69,2023-08-22,1008,N,VIIRS,n,2,301.43,9.22,D,0
41.17261,25.52985,335.1,0.57,0.69,2023-08-22,1008,N,VIIRS,n,2,297.16,26.16,D,0
41.175,25.53749,367,0.57,0.69,2023-08-22,1008,N,VIIRS,h,2,310.54,86.32,D,0
40.3464,23.4058,367,0.76,0.77,2023-08-22,1008,N,VIIRS,l,2,333.74,244.62,D,0
40.34296,23.39585,344.28,0.76,0.77,2023-08-22,1008,N,VIIRS,n,2,300.44,244.62,D,0
40.3531,23.4252,330.48,0.76,0.77,2023-08-22,1008,N,VIIRS,n,2,298.18,209.43,D,0
40.34945,23.41463,367,0.76,0.77,2023-08-22,1008,N,VIIRS,h,2,312.44,209.43,D,0
40.33919,23.40799,351.32,0.76,0.77,2023-08-22,1008,N,VIIRS,n,2,302.09,244.62,D,0
40.34238,23.41723,367,0.76,0.77,2023-08-22,1008,N,VIIRS,h,2,306.72,209.43,D,0
40.35057,23.40406,342.57,0.76,0.77,2023-08-22,1008,N,VIIRS,n,2,298.82,12.23,D,0
40.35373,23.41338,333.84,0.76,0.77,2023-08-22,1008,N,VIIRS,n,2,299.27,12.23,D,0
40.34376,23.4074,367,0.76,0.77,2023-08-22,1008,N,VIIRS,l,2,340.11,446.03,D,0
40.3404,23.39749,332.78,0.76,0.77,2023-08-22,1008,N,VIIRS,n,2,301.97,262.88,D,0
40.34681,23.41638,367,0.76,0.77,2023-08-22,1008,N,VIIRS,h,2,320.61,446.03,D,0
41.08856,26.08436,208,0.55,0.68,2023-08-22,1008,N,VIIRS,l,2,323.77,350.99,D,0
41.0904,26.09031,367,0.54,0.68,2023-08-22,1008,N,VIIRS,l,2,328.63,350.99,D,0
41.07461,26.03918,333.99,0.55,0.68,2023-08-22,1008,N,VIIRS,n,2,297.48,10.83,D,0
41.07648,26.04524,345.51,0.55,0.68,2023-08-22,1008,N,VIIRS,n,2,297.63,30.59,D,0
41.08057,26.05848,330.43,0.55,0.68,2023-08-22,1008,N,VIIRS,n,2,303.97,142.06,D,0
41.08281,26.06572,345.79,0.55,0.68,2023-08-22,1008,N,VIIRS,n,2,313.41,142.06,D,0
41.08677,26.07857,353.8,0.55,0.68,2023-08-22,1008,N,VIIRS,n,2,301.22,109.65,D,0
41.09636,26.10964,347.96,0.54,0.68,2023-08-22,1008,N,VIIRS,n,2,300.43,14.71,D,0
41.09832,26.11601,334.71,0.54,0.68,2023-08-22,1008,N,VIIRS,n,2,298.92,14.71,D,0
40.93797,25.80217,356,0.57,0.69,2023-08-22,1008,N,VIIRS,n,2,300.65,206.7,D,0
40.93997,25.80852,356.31,0.57,0.69,2023-08-22,1008,N,VIIRS,n,2,304.35,259.58,D,0
40.942,25.81495,349.44,0.57,0.69,2023-08-22,1008,N,VIIRS,n,2,300.23,259.58,D,0
40.94401,25.82132,340.42,0.57,0.69,2023-08-22,1008,N,VIIRS,n,2,306.42,111.2,D,0
40.94758,25.83265,354.63,0.56,0.69,2023-08-22,1008,N,VIIRS,n,2,297.7,51.47,D,0
40.95103,25.84362,354.37,0.56,0.69,2023-08-22,1008,N,VIIRS,n,2,294.47,66.43,D,0
40.95622,25.8601,340.62,0.56,0.69,2023-08-22,1008,N,VIIRS,n,2,295.05,11.94,D,0
40.95829,25.86667,353.71,0.56,0.69,2023-08-22,1008,N,VIIRS,n,2,297.4,11.94,D,0
40.93001,25.77694,367,0.57,0.69,2023-08-22,1008,N,VIIRS,h,2,293.49,42.87,D,0
40.93187,25.78284,367,0.57,0.69,2023-08-22,1008,N,VIIRS,h,2,294.81,209.52,D,0
40.93388,25.78919,367,0.57,0.69,2023-08-22,1008,N,VIIRS,h,2,297.5,209.52,D,0
40.93593,25.7957,367,0.57,0.69,2023-08-22,1008,N,VIIRS,h,2,297.23,206.7,D,0
40.94589,25.8273,367,0.57,0.69,2023-08-22,1008,N,VIIRS,h,2,297.69,111.2,D,0
40.94922,25.83786,367,0.56,0.69,2023-08-22,1008,N,VIIRS,h,2,301.94,51.47,D,0
41.05185,26.16565,367,0.54,0.68,2023-08-22,1008,N,VIIRS,h,2,303.54,6.97,D,0
40.89612,25.6921,330.48,0.58,0.69,2023-08-22,1008,N,VIIRS,n,2,288.59,7.52,D,0
40.8982,25.69868,330.26,0.57,0.69,2023-08-22,1008,N,VIIRS,n,2,290.18,7.52,D,0
40.90057,25.70612,331.52,0.57,0.69,2023-08-22,1008,N,VIIRS,n,2,290.39,9.46,D,0
40.90297,25.71372,334.82,0.57,0.69,2023-08-22,1008,N,VIIRS,n,2,290.13,9.46,D,0
40.90539,25.72135,335.06,0.57,0.69,2023-08-22,1008,N,VIIRS,n,2,290.55,12.19,D,0
40.90786,25.72915,336.66,0.57,0.69,2023-08-22,1008,N,VIIRS,n,2,290.45,12.19,D,0
40.91041,25.73721,340.87,0.57,0.69,2023-08-22,1008,N,VIIRS,n,2,290.34,16.89,D,0
40.91265,25.7443,344.65,0.57,0.69,2023-08-22,1008,N,VIIRS,n,2,290.39,16.89,D,0
40.91465,25.7506,349.12,0.57,0.69,2023-08-22,1008,N,VIIRS,n,2,290.92,11.62,D,0
40.91647,25.75634,352.26,0.57,0.69,2023-08-22,1008,N,VIIRS,n,2,291.6,11.62,D,0
40.91825,25.76198,356.75,0.57,0.69,2023-08-22,1008,N,VIIRS,n,2,292.43,16.3,D,0
40.92374,25.77934,356.06,0.57,0.69,2023-08-22,1008,N,VIIRS,n,2,296.51,42.87,D,0
40.93755,25.82306,354.14,0.57,0.69,2023-08-22,1008,N,VIIRS,n,2,305.19,111.2,D,0
40.94318,25.8409,352.55,0.56,0.69,2023-08-22,1008,N,VIIRS,n,2,298.26,51.47,D,0
40.99689,26.01179,338.23,0.55,0.68,2023-08-22,1008,N,VIIRS,n,2,300.57,4.44,D,0
41.04409,26.16284,333.71,0.54,0.68,2023-08-22,1008,N,VIIRS,n,2,304.58,6.97,D,0
41.04604,26.1691,356.55,0.54,0.68,2023-08-22,1008,N,VIIRS,n,2,304.92,6.97,D,0
40.92002,25.76758,367,0.57,0.69,2023-08-22,1008,N,VIIRS,h,2,293.26,16.3,D,0
40.9219,25.77351,367,0.57,0.69,2023-08-22,1008,N,VIIRS,h,2,293.91,42.87,D,0
40.93953,25.82932,367,0.57,0.69,2023-08-22,1008,N,VIIRS,h,2,299.69,111.2,D,0
40.94151,25.83561,367,0.56,0.69,2023-08-22,1008,N,VIIRS,h,2,298.57,51.47,D,0
40.89436,25.70879,357.76,0.57,0.69,2023-08-22,1008,N,VIIRS,l,2,286.57,46.88,D,0
40.89668,25.71613,357.86,0.57,0.69,2023-08-22,1008,N,VIIRS,l,2,287.85,46.88,D,0
40.89907,25.72365,357.76,0.57,0.69,2023-08-22,1008,N,VIIRS,l,2,288.17,73.07,D,0
40.90163,25.73172,357.86,0.57,0.69,2023-08-22,1008,N,VIIRS,l,2,289.08,73.07,D,0
40.91956,25.78833,208,0.57,0.69,2023-08-22,1008,N,VIIRS,l,2,305.93,289.81,D,0
40.92144,25.79429,208,0.57,0.69,2023-08-22,1008,N,VIIRS,l,2,314.89,289.81,D,0
40.92343,25.80056,367,0.57,0.69,2023-08-22,1008,N,VIIRS,l,2,326.27,430.21,D,0
40.92554,25.80725,208,0.57,0.69,2023-08-22,1008,N,VIIRS,l,2,323.36,430.21,D,0
40.92962,25.82014,367,0.57,0.69,2023-08-22,1008,N,VIIRS,l,2,347.47,607.03,D,0
40.88189,25.66953,330.95,0.58,0.7,2023-08-22,1008,N,VIIRS,n,2,274.67,16.52,D,0
40.8882,25.68941,345.7,0.58,0.69,2023-08-22,1008,N,VIIRS,n,2,279.47,25.03,D,0
40.88999,25.69504,351.96,0.58,0.69,2023-08-22,1008,N,VIIRS,n,2,284.58,35.01,D,0
40.89204,25.70148,357.43,0.57,0.69,2023-08-22,1008,N,VIIRS,n,2,286.62,35.01,D,0
40.91586,25.77664,355.22,0.57,0.69,2023-08-22,1008,N,VIIRS,n,2,296.69,138.62,D,0
40.91768,25.7824,343.29,0.57,0.69,2023-08-22,1008,N,VIIRS,n,2,299.27,138.62,D,0
40.93731,25.84448,350.67,0.56,0.69,2023-08-22,1008,N,VIIRS,n,2,297.91,145.2,D,0
40.97782,25.97313,348.89,0.56,0.68,2023-08-22,1008,N,VIIRS,n,2,301.26,8.36,D,0
40.99727,26.0351,347.29,0.55,0.68,2023-08-22,1008,N,VIIRS,n,2,301.77,7.92,D,0
41.03411,26.15289,334.65,0.54,0.68,2023-08-22,1008,N,VIIRS,n,2,304.63,14.42,D,0
41.03616,26.15945,352.46,0.54,0.68,2023-08-22,1008,N,VIIRS,n,2,306.57,14.42,D,0
40.90435,25.74032,367,0.57,0.69,2023-08-22,1008,N,VIIRS,h,2,290.41,279.41,D,0
40.9066,25.74742,367,0.57,0.69,2023-08-22,1008,N,VIIRS,h,2,291.28,279.41,D,0
40.90854,25.75352,367,0.57,0.69,2023-08-22,1008,N,VIIRS,h,2,291.46,116.21,D,0
40.91052,25.75978,367,0.57,0.69,2023-08-22,1008,N,VIIRS,h,2,292.52,116.21,D,0
40.9124,25.76572,367,0.57,0.69,2023-08-22,1008,N,VIIRS,h,2,294.18,247.85,D,0
40.91416,25.77128,367,0.57,0.69,2023-08-22,1008,N,VIIRS,h,2,295.34,247.85,D,0
40.93327,25.83172,367,0.57,0.69,2023-08-22,1008,N,VIIRS,h,2,300.89,314.04,D,0
40.93549,25.83874,367,0.56,0.69,2023-08-22,1008,N,VIIRS,h,2,302.31,145.2,D,0
40.99102,26.01516,367,0.55,0.68,2023-08-22,1008,N,VIIRS,h,2,300.05,20.57,D,0
41.03809,26.16566,367,0.54,0.68,2023-08-22,1008,N,VIIRS,h,2,309.5,23.28,D,0
41.03999,26.17174,367,0.54,0.68,2023-08-22,1008,N,VIIRS,h,2,304.8,23.28,D,0
40.88363,25.69725,357.17,0.58,0.69,2023-08-22,1008,N,VIIRS,l,2,284.72,35.01,D,0
40.8856,25.70346,357.09,0.57,0.69,2023-08-22,1008,N,VIIRS,l,2,286.7,35.01,D,0
40.88779,25.71037,357.17,0.57,0.69,2023-08-22,1008,N,VIIRS,l,2,287.39,46.88,D,0
40.89019,25.71792,357.09,0.57,0.69,2023-08-22,1008,N,VIIRS,l,2,288.68,46.88,D,0
40.92139,25.81631,208,0.57,0.69,2023-08-22,1008,N,VIIRS,l,2,319.15,607.03,D,0
40.92349,25.82294,367,0.57,0.69,2023-08-22,1008,N,VIIRS,l,2,329.43,607.03,D,0
40.92721,25.83471,208,0.57,0.69,2023-08-22,1008,N,VIIRS,l,2,307.88,314.04,D,0
40.87523,25.67084,354.36,0.58,0.7,2023-08-22,1008,N,VIIRS,n,2,276.31,16.52,D,0
40.88167,25.69108,355.12,0.58,0.69,2023-08-22,1008,N,VIIRS,n,2,278.88,25.03,D,0
40.89507,25.73325,351.12,0.57,0.69,2023-08-22,1008,N,VIIRS,n,2,292.97,73.07,D,0
40.90228,25.75597,347.71,0.57,0.69,2023-08-22,1008,N,VIIRS,n,2,302.51,116.21,D,0
40.90414,25.76185,350.15,0.57,0.69,2023-08-22,1008,N,VIIRS,n,2,301.18,116.21,D,0
40.90971,25.77944,349.39,0.57,0.69,2023-08-22,1008,N,VIIRS,n,2,307.72,138.62,D,0
40.91168,25.78564,352.46,0.57,0.69,2023-08-22,1008,N,VIIRS,n,2,303.44,138.62,D,0
40.91357,25.79163,352.26,0.57,0.69,2023-08-22,1008,N,VIIRS,n,2,306.26,289.81,D,0
40.91722,25.80315,346.52,0.57,0.69,2023-08-22,1008,N,VIIRS,n,2,310.32,430.21,D,0
40.92533,25.82876,354.66,0.57,0.69,2023-08-22,1008,N,VIIRS,n,2,314.13,314.04,D,0
40.93123,25.84741,352.06,0.56,0.69,2023-08-22,1008,N,VIIRS,n,2,298.29,145.2,D,0
40.97797,25.99573,344.14,0.55,0.68,2023-08-22,1008,N,VIIRS,n,2,300.6,9.58,D,0
40.98332,26.01275,350.86,0.55,0.68,2023-08-22,1008,N,VIIRS,n,2,301.28,12.66,D,0
41.02377,26.14183,331.91,0.54,0.68,2023-08-22,1008,N,VIIRS,n,2,304.06,9.77,D,0
41.02611,26.14931,353.47,0.54,0.68,2023-08-22,1008,N,VIIRS,n,2,305.46,9.77,D,0
40.89254,25.72531,367,0.57,0.69,2023-08-22,1008,N,VIIRS,h,2,290.91,73.07,D,0
41.02826,26.15619,367,0.54,0.68,2023-08-22,1008,N,VIIRS,h,2,308.28,14.42,D,0
41.03014,26.16224,367,0.54,0.68,2023-08-22,1008,N,VIIRS,h,2,308.77,14.42,D,0
40.87729,25.69953,356.32,0.58,0.69,2023-08-22,1008,N,VIIRS,l,2,285.02,24.51,D,0
40.87934,25.706,356.36,0.57,0.69,2023-08-22,1008,N,VIIRS,l,2,289.15,24.51,D,0
40.86645,25.6655,342.21,0.58,0.7,2023-08-22,1008,N,VIIRS,n,2,274.01,13.1,D,0
40.86862,25.67231,355.64,0.58,0.7,2023-08-22,1008,N,VIIRS,n,2,278.81,14.87,D,0
40.87074,25.67895,344.56,0.58,0.69,2023-08-22,1008,N,VIIRS,n,2,283.62,14.87,D,0
40.87515,25.69283,355.21,0.58,0.69,2023-08-22,1008,N,VIIRS,n,2,281.11,21.62,D,0
40.88908,25.73662,350.77,0.57,0.69,2023-08-22,1008,N,VIIRS,n,2,297.71,114.75,D,0
40.8961,25.75871,353.41,0.57,0.69,2023-08-22,1008,N,VIIRS,n,2,305.64,59.87,D,0
40.91725,25.82542,352.49,0.57,0.69,2023-08-22,1008,N,VIIRS,n,2,301.6,29.32,D,0
40.91942,25.83225,346.82,0.57,0.69,2023-08-22,1008,N,VIIRS,n,2,300.98,29.93,D,0
40.92337,25.84476,348.95,0.56,0.69,2023-08-22,1008,N,VIIRS,n,2,300.05,24.03,D,0
40.97587,26.01114,352.94,0.55,0.68,2023-08-22,1008,N,VIIRS,n,2,298.42,44.68,D,0
40.97754,26.01643,355.81,0.55,0.68,2023-08-22,1008,N,VIIRS,n,2,299.72,44.68,D,0
41.01567,26.13799,354.85,0.54,0.68,2023-08-22,1008,N,VIIRS,n,2,305.83,21.24,D,0
41.02016,26.15231,354.07,0.54,0.68,2023-08-22,1008,N,VIIRS,n,2,311.38,69.41,D,0
41.02222,26.1589,355.95,0.54,0.68,2023-08-22,1008,N,VIIRS,n,2,304.48,30.6,D,0
40.88145,25.71262,367,0.57,0.69,2023-08-22,1008,N,VIIRS,h,2,291.46,41.55,D,0
40.88379,25.71996,367,0.57,0.69,2023-08-22,1008,N,VIIRS,h,2,292.62,41.55,D,0
40.8862,25.72755,367,0.57,0.69,2023-08-22,1008,N,VIIRS,h,2,294.5,114.75,D,0
40.89426,25.7529,367,0.57,0.69,2023-08-22,1008,N,VIIRS,h,2,303.73,126.94,D,0
40.89785,25.76421,367,0.57,0.69,2023-08-22,1008,N,VIIRS,h,2,305.16,59.87,D,0
40.89964,25.76984,367,0.57,0.69,2023-08-22,1008,N,VIIRS,h,2,310.29,45.25,D,0
40.9015,25.77571,367,0.57,0.69,2023-08-22,1008,N,VIIRS,h,2,311.72,45.25,D,0
40.90339,25.78167,367,0.57,0.69,2023-08-22,1008,N,VIIRS,h,2,313.02,37.88,D,0
40.90531,25.78774,367,0.57,0.69,2023-08-22,1008,N,VIIRS,h,2,304.98,37.88,D,0
40.9073,25.79402,367,0.57,0.69,2023-08-22,1008,N,VIIRS,h,2,308.64,41.09,D,0
40.90924,25.80013,367,0.57,0.69,2023-08-22,1008,N,VIIRS,h,2,304.67,41.09,D,0
40.91112,25.80605,367,0.57,0.69,2023-08-22,1008,N,VIIRS,h,2,303.35,28.64,D,0
40.913,25.81199,367,0.57,0.69,2023-08-22,1008,N,VIIRS,h,2,303.24,28.64,D,0
40.91503,25.8184,367,0.57,0.69,2023-08-22,1008,N,VIIRS,h,2,306.58,29.32,D,0
40.97927,26.02196,367,0.55,0.68,2023-08-22,1008,N,VIIRS,h,2,300.15,25.72,D,0
41.01783,26.14487,367,0.54,0.68,2023-08-22,1008,N,VIIRS,h,2,307.72,69.41,D,0
40.87099,25.70196,356.99,0.58,0.69,2023-08-22,1008,N,VIIRS,l,2,288.21,24.51,D,0
40.85996,25.66736,337.57,0.58,0.7,2023-08-22,1008,N,VIIRS,n,2,273.27,13.1,D,0
40.86213,25.67414,354.43,0.58,0.7,2023-08-22,1008,N,VIIRS,n,2,279.48,14.87,D,0
40.86433,25.68106,344.76,0.58,0.69,2023-08-22,1008,N,VIIRS,n,2,288.04,14.87,D,0
40.86656,25.68805,342.7,0.58,0.69,2023-08-22,1008,N,VIIRS,n,2,289.82,21.62,D,0
40.86875,25.69491,350.92,0.58,0.69,2023-08-22,1008,N,VIIRS,n,2,287.82,21.62,D,0
40.88284,25.73916,354.28,0.57,0.69,2023-08-22,1008,N,VIIRS,n,2,308.36,114.75,D,0
40.89505,25.77756,353.9,0.57,0.69,2023-08-22,1008,N,VIIRS,n,2,305.17,45.25,D,0
40.89701,25.78375,350.09,0.57,0.69,2023-08-22,1008,N,VIIRS,n,2,303.11,37.88,D,0
40.89901,25.79002,346.31,0.57,0.69,2023-08-22,1008,N,VIIRS,n,2,302.16,37.88,D,0
40.96826,26.009,338.38,0.55,0.68,2023-08-22,1008,N,VIIRS,n,2,299.96,22.17,D,0
40.97008,26.01478,340.56,0.55,0.68,2023-08-22,1008,N,VIIRS,n,2,310.14,44.68,D,0
40.97692,26.03655,339.51,0.55,0.68,2023-08-22,1008,N,VIIRS,n,2,301.86,10.89,D,0
40.87307,25.70849,367,0.57,0.69,2023-08-22,1008,N,VIIRS,h,2,290.19,24.51,D,0
40.87518,25.71511,367,0.57,0.69,2023-08-22,1008,N,VIIRS,h,2,292.45,41.55,D,0
40.87753,25.72249,367,0.57,0.69,2023-08-22,1008,N,VIIRS,h,2,294.79,41.55,D,0
40.88571,25.74817,367,0.57,0.69,2023-08-22,1008,N,VIIRS,h,2,300.26,126.94,D,0
40.88764,25.75425,367,0.57,0.69,2023-08-22,1008,N,VIIRS,h,2,303.12,126.94,D,0
40.88947,25.76,367,0.57,0.69,2023-08-22,1008,N,VIIRS,h,2,306.79,59.87,D,0
40.89129,25.76575,367,0.57,0.69,2023-08-22,1008,N,VIIRS,h,2,311.65,59.87,D,0
40.89315,25.77159,367,0.57,0.69,2023-08-22,1008,N,VIIRS,h,2,310.1,45.25,D,0
40.97169,26.01991,367,0.55,0.68,2023-08-22,1008,N,VIIRS,h,2,305.32,44.68,D,0
40.97339,26.02531,367,0.55,0.68,2023-08-22,1008,N,VIIRS,h,2,307.9,25.72,D,0
40.97513,26.03084,367,0.55,0.68,2023-08-22,1008,N,VIIRS,h,2,304.18,25.72,D,0
41.00984,26.14137,367,0.54,0.68,2023-08-22,1008,N,VIIRS,h,2,307.94,21.24,D,0
40.97149,25.871,350.22,0.56,0.69,2023-08-22,1008,N,VIIRS,n,2,297.69,9.96,D,0
40.9733,25.87686,345.19,0.56,0.69,2023-08-22,1008,N,VIIRS,n,2,298.04,9.96,D,0
40.97513,25.8828,344.07,0.56,0.69,2023-08-22,1008,N,VIIRS,n,2,298,10.87,D,0
40.97701,25.88891,336.73,0.56,0.69,2023-08-22,1008,N,VIIRS,n,2,298.13,10.87,D,0
40.97894,25.89519,333.69,0.56,0.69,2023-08-22,1008,N,VIIRS,n,2,298.65,10.23,D,0
40.96745,25.85785,367,0.56,0.69,2023-08-22,1008,N,VIIRS,h,2,295.02,15.44,D,0
40.96954,25.86463,367,0.56,0.69,2023-08-22,1008,N,VIIRS,h,2,298.92,15.44,D,0
40.9364,25.77992,340.31,0.57,0.69,2023-08-22,1008,N,VIIRS,n,2,293.16,21.54,D,0
40.93827,25.78599,343.33,0.57,0.69,2023-08-22,1008,N,VIIRS,n,2,293.12,13.22,D,0
40.94019,25.79219,343.75,0.57,0.69,2023-08-22,1008,N,VIIRS,n,2,292.59,13.22,D,0
40.94214,25.79848,345.98,0.57,0.69,2023-08-22,1008,N,VIIRS,n,2,293.08,23.04,D,0
40.94837,25.81866,345.71,0.57,0.69,2023-08-22,1008,N,VIIRS,n,2,292.25,23.73,D,0
40.95017,25.82448,343.66,0.57,0.69,2023-08-22,1008,N,VIIRS,n,2,293.03,24.62,D,0
40.95187,25.82997,353.14,0.57,0.69,2023-08-22,1008,N,VIIRS,n,2,293.11,24.62,D,0
40.95341,25.83496,352.2,0.56,0.69,2023-08-22,1008,N,VIIRS,n,2,298.3,76.87,D,0
40.95513,25.84053,356.02,0.56,0.69,2023-08-22,1008,N,VIIRS,n,2,292.35,76.87,D,0
40.96394,25.86912,339.96,0.56,0.69,2023-08-22,1008,N,VIIRS,n,2,298.12,15.44,D,0
40.9657,25.87483,344.82,0.56,0.69,2023-08-22,1008,N,VIIRS,n,2,299.39,9.96,D,0
40.96742,25.88039,346.76,0.56,0.69,2023-08-22,1008,N,VIIRS,n,2,301.06,9.96,D,0
41.0542,26.16352,348,0.54,0.68,2023-08-22,1008,N,VIIRS,n,2,303,8.32,D,0
40.94419,25.80511,367,0.57,0.69,2023-08-22,1008,N,VIIRS,h,2,294.49,23.04,D,0
40.94635,25.81213,367,0.57,0.69,2023-08-22,1008,N,VIIRS,h,2,293.12,23.73,D,0
40.91922,25.74712,335.87,0.57,0.69,2023-08-22,1008,N,VIIRS,n,2,290.63,17.55,D,0
40.92096,25.75274,341.25,0.57,0.69,2023-08-22,1008,N,VIIRS,n,2,290.77,16.5,D,0
40.92282,25.75874,345.79,0.57,0.69,2023-08-22,1008,N,VIIRS,n,2,291.09,16.5,D,0
40.92477,25.76501,350.87,0.57,0.69,2023-08-22,1008,N,VIIRS,n,2,292.1,24.25,D,0
40.93214,25.78879,346.01,0.57,0.69,2023-08-22,1008,N,VIIRS,n,2,302.76,202.96,D,0
40.93419,25.7954,356.11,0.57,0.69,2023-08-22,1008,N,VIIRS,n,2,300.73,202.96,D,0
40.93621,25.80193,353.56,0.57,0.69,2023-08-22,1008,N,VIIRS,n,2,302.76,253.05,D,0
40.93814,25.8082,354.01,0.57,0.69,2023-08-22,1008,N,VIIRS,n,2,306.36,253.05,D,0
40.94008,25.81445,353.43,0.57,0.69,2023-08-22,1008,N,VIIRS,n,2,303.31,419.72,D,0
40.95141,25.8511,334.73,0.56,0.69,2023-08-22,1008,N,VIIRS,n,2,294.68,25.21,D,0
41.0484,26.16698,341.97,0.54,0.68,2023-08-22,1008,N,VIIRS,n,2,303.18,14.69,D,0
40.92663,25.77103,367,0.57,0.69,2023-08-22,1008,N,VIIRS,h,2,292.38,24.25,D,0
40.92835,25.77656,367,0.57,0.69,2023-08-22,1008,N,VIIRS,h,2,293.74,99.01,D,0
40.93016,25.78241,367,0.57,0.69,2023-08-22,1008,N,VIIRS,h,2,295.47,99.01,D,0
40.94394,25.82691,367,0.57,0.69,2023-08-22,1008,N,VIIRS,h,2,301.66,108.46,D,0
40.94568,25.83256,367,0.57,0.69,2023-08-22,1008,N,VIIRS,h,2,297.41,108.46,D,0
40.9473,25.8378,367,0.56,0.69,2023-08-22,1008,N,VIIRS,h,2,300.3,21.61,D,0
40.949,25.84329,367,0.56,0.69,2023-08-22,1008,N,VIIRS,h,2,296.97,21.61,D,0
40.95633,25.86703,367,0.56,0.69,2023-08-22,1008,N,VIIRS,h,2,298.48,19.11,D,0
40.92806,25.79823,316.96,0.57,0.69,2023-08-22,1008,N,VIIRS,l,2,320.45,202.96,D,0
40.93203,25.81106,208,0.57,0.69,2023-08-22,1008,N,VIIRS,l,2,321.24,253.05,D,0
40.93388,25.81701,367,0.57,0.69,2023-08-22,1008,N,VIIRS,l,2,342,419.72,D,0
40.93567,25.82278,208,0.57,0.69,2023-08-22,1008,N,VIIRS,l,2,320.57,419.72,D,0
40.89315,25.68578,336.11,0.58,0.69,2023-08-22,1008,N,VIIRS,n,2,282.97,14.01,D,0
40.89495,25.69158,336.18,0.58,0.69,2023-08-22,1008,N,VIIRS,n,2,286.05,14.01,D,0
40.89695,25.69802,336.38,0.58,0.69,2023-08-22,1008,N,VIIRS,n,2,288.83,15.02,D,0
40.89927,25.70548,336.93,0.57,0.69,2023-08-22,1008,N,VIIRS,n,2,289.5,15.02,D,0
40.90159,25.71294,340.74,0.57,0.69,2023-08-22,1008,N,VIIRS,n,2,289.32,17.54,D,0
40.90399,25.72066,342.51,0.57,0.69,2023-08-22,1008,N,VIIRS,n,2,289.79,17.54,D,0
40.90643,25.72853,342.61,0.57,0.69,2023-08-22,1008,N,VIIRS,n,2,290.07,20.54,D,0
40.90892,25.73657,344.8,0.57,0.69,2023-08-22,1008,N,VIIRS,n,2,290.39,20.54,D,0
40.9112,25.74389,349.55,0.57,0.69,2023-08-22,1008,N,VIIRS,n,2,290.42,17.55,D,0
40.91321,25.75039,353.1,0.57,0.69,2023-08-22,1008,N,VIIRS,n,2,290.39,17.55,D,0
40.91504,25.75625,355.67,0.57,0.69,2023-08-22,1008,N,VIIRS,n,2,291.45,16.5,D,0
40.94136,25.84115,350.26,0.56,0.69,2023-08-22,1008,N,VIIRS,n,2,298.32,21.61,D,0
40.94296,25.84634,338.09,0.56,0.69,2023-08-22,1008,N,VIIRS,n,2,296.68,21.61,D,0
40.99612,26.01874,349.16,0.55,0.68,2023-08-22,1008,N,VIIRS,n,2,297.34,13.61,D,0
41.0386,26.15735,331.16,0.54,0.68,2023-08-22,1008,N,VIIRS,n,2,303.14,8.9,D,0
41.04058,26.16383,355.72,0.54,0.68,2023-08-22,1008,N,VIIRS,n,2,306.39,8.9,D,0
40.9168,25.76193,367,0.57,0.69,2023-08-22,1008,N,VIIRS,h,2,292.02,16.5,D,0
40.91853,25.76748,367,0.57,0.69,2023-08-22,1008,N,VIIRS,h,2,293.25,24.25,D,0
40.92029,25.77318,367,0.57,0.69,2023-08-22,1008,N,VIIRS,h,2,294.06,24.25,D,0
40.9221,25.77898,367,0.57,0.69,2023-08-22,1008,N,VIIRS,h,2,296.07,99.01,D,0
40.93758,25.82896,367,0.57,0.69,2023-08-22,1008,N,VIIRS,h,2,305.14,108.46,D,0
40.93967,25.83571,367,0.57,0.69,2023-08-22,1008,N,VIIRS,h,2,299.98,108.46,D,0
40.99414,26.01232,367,0.55,0.68,2023-08-22,1008,N,VIIRS,h,2,300.81,13.02,D,0
41.04246,26.17,367,0.54,0.68,2023-08-22,1008,N,VIIRS,h,2,307.98,14.69,D,0
40.89074,25.70068,356.83,0.58,0.69,2023-08-22,1008,N,VIIRS,l,2,286.48,42.22,D,0
40.89298,25.70787,356.81,0.57,0.69,2023-08-22,1008,N,VIIRS,l,2,286.43,42.22,D,0
40.89528,25.71527,356.83,0.57,0.69,2023-08-22,1008,N,VIIRS,l,2,287.55,58.15,D,0
40.89763,25.72283,356.81,0.57,0.69,2023-08-22,1008,N,VIIRS,l,2,288.14,58.15,D,0
40.90006,25.73063,356.83,0.57,0.69,2023-08-22,1008,N,VIIRS,l,2,288.96,116.27,D,0
40.91976,25.79406,208,0.57,0.69,2023-08-22,1008,N,VIIRS,l,2,312.09,225.31,D,0
40.9216,25.79998,208,0.57,0.69,2023-08-22,1008,N,VIIRS,l,2,320.8,225.31,D,0
40.92366,25.80663,367,0.57,0.69,2023-08-22,1008,N,VIIRS,l,2,328.64,367.06,D,0
40.92581,25.81356,208,0.57,0.69,2023-08-22,1008,N,VIIRS,l,2,319.08,367.06,D,0
40.9278,25.81999,367,0.57,0.69,2023-08-22,1008,N,VIIRS,l,2,331.52,335.74,D,0
40.88073,25.66854,337.04,0.58,0.7,2023-08-22,1008,N,VIIRS,n,2,274.99,12.04,D,0
40.88702,25.68873,342.24,0.58,0.69,2023-08-22,1008,N,VIIRS,n,2,277.25,19.57,D,0
40.88881,25.6945,354.3,0.58,0.69,2023-08-22,1008,N,VIIRS,n,2,282.29,19.57,D,0
40.90282,25.73954,356.75,0.57,0.69,2023-08-22,1008,N,VIIRS,n,2,290.72,116.27,D,0
40.90515,25.74705,354.04,0.57,0.69,2023-08-22,1008,N,VIIRS,n,2,292.93,224.04,D,0
40.91265,25.77119,353.18,0.57,0.69,2023-08-22,1008,N,VIIRS,n,2,297.01,277.59,D,0
40.91431,25.7765,351.4,0.57,0.69,2023-08-22,1008,N,VIIRS,n,2,297.83,277.59,D,0
40.9161,25.78225,344.37,0.57,0.69,2023-08-22,1008,N,VIIRS,n,2,299.65,192.33,D,0
40.92952,25.82551,354.16,0.57,0.69,2023-08-22,1008,N,VIIRS,n,2,308.59,335.74,D,0
40.93353,25.83846,355.6,0.57,0.69,2023-08-22,1008,N,VIIRS,n,2,305.54,119.36,D,0
40.97536,25.97383,350.68,0.56,0.68,2023-08-22,1008,N,VIIRS,n,2,302.01,8.55,D,0
40.98111,25.9925,343.87,0.55,0.68,2023-08-22,1008,N,VIIRS,n,2,301.09,5.7,D,0
40.98645,26.00984,335.52,0.55,0.68,2023-08-22,1008,N,VIIRS,n,2,301.44,5.39,D,0
40.98832,26.01592,334.13,0.55,0.68,2023-08-22,1008,N,VIIRS,n,2,299.43,5.39,D,0
40.99432,26.03539,347.33,0.55,0.68,2023-08-22,1008,N,VIIRS,n,2,301.88,6.06,D,0
41.03078,26.15422,339.72,0.54,0.68,2023-08-22,1008,N,VIIRS,n,2,305.96,45.44,D,0
40.90702,25.75306,367,0.57,0.69,2023-08-22,1008,N,VIIRS,h,2,293.15,224.04,D,0
40.90895,25.75925,367,0.57,0.69,2023-08-22,1008,N,VIIRS,h,2,293.35,118.31,D,0
40.91084,25.76533,367,0.57,0.69,2023-08-22,1008,N,VIIRS,h,2,295.44,118.31,D,0
40.93134,25.83138,367,0.57,0.69,2023-08-22,1008,N,VIIRS,h,2,299.82,119.36,D,0
40.93541,25.84452,367,0.56,0.69,2023-08-22,1008,N,VIIRS,h,2,298.22,123.79,D,0
41.03268,26.16044,367,0.54,0.68,2023-08-22,1008,N,VIIRS,h,2,310.1,29.35,D,0
41.03452,26.16645,367,0.54,0.68,2023-08-22,1008,N,VIIRS,h,2,309.12,29.35,D,0
40.88242,25.6966,357.12,0.58,0.69,2023-08-22,1008,N,VIIRS,l,2,283.13,19.57,D,0
40.88437,25.70284,357.05,0.58,0.69,2023-08-22,1008,N,VIIRS,l,2,287.03,42.22,D,0
40.88648,25.70961,357.12,0.57,0.69,2023-08-22,1008,N,VIIRS,l,2,287.76,42.22,D,0
40.88881,25.71707,357.05,0.57,0.69,2023-08-22,1008,N,VIIRS,l,2,288.79,58.15,D,0
40.89666,25.74233,208,0.57,0.69,2023-08-22,1008,N,VIIRS,l,2,302.14,116.27,D,0
40.92741,25.84126,208,0.57,0.69,2023-08-22,1008,N,VIIRS,l,2,319.17,119.36,D,0
40.87409,25.66989,352.93,0.58,0.7,2023-08-22,1008,N,VIIRS,n,2,275.27,12.04,D,0
40.87622,25.67671,347.5,0.58,0.7,2023-08-22,1008,N,VIIRS,n,2,278.59,37.49,D,0
40.88046,25.69031,353.98,0.58,0.69,2023-08-22,1008,N,VIIRS,n,2,278.14,19.57,D,0
40.89357,25.73238,351.91,0.57,0.69,2023-08-22,1008,N,VIIRS,n,2,293.08,116.27,D,0
40.90083,25.75571,343.54,0.57,0.69,2023-08-22,1008,N,VIIRS,n,2,305.17,224.04,D,0
40.90261,25.76146,349.27,0.57,0.69,2023-08-22,1008,N,VIIRS,n,2,304.54,118.31,D,0
40.90446,25.7674,341.13,0.57,0.69,2023-08-22,1008,N,VIIRS,n,2,307.6,118.31,D,0
40.91,25.78521,355.77,0.57,0.69,2023-08-22,1008,N,VIIRS,n,2,304.41,192.33,D,0
40.91193,25.79142,355.29,0.57,0.69,2023-08-22,1008,N,VIIRS,n,2,308.27,192.33,D,0
40.91377,25.79732,354.49,0.57,0.69,2023-08-22,1008,N,VIIRS,n,2,306.66,225.31,D,0
40.91743,25.80911,355.86,0.57,0.69,2023-08-22,1008,N,VIIRS,n,2,305.54,367.06,D,0
40.92358,25.82892,355.31,0.57,0.69,2023-08-22,1008,N,VIIRS,n,2,317.43,335.74,D,0
40.92544,25.83492,353.31,0.57,0.69,2023-08-22,1008,N,VIIRS,n,2,307.19,119.36,D,0
40.97542,25.99652,335.52,0.55,0.68,2023-08-22,1008,N,VIIRS,n,2,299.42,5.7,D,0
40.98069,26.0136,346.63,0.55,0.68,2023-08-22,1008,N,VIIRS,n,2,301.19,5.39,D,0
41.02037,26.14266,356.67,0.54,0.68,2023-08-22,1008,N,VIIRS,n,2,304.31,27.01,D,0
41.02268,26.15021,350.1,0.54,0.68,2023-08-22,1008,N,VIIRS,n,2,312.27,45.44,D,0
40.89113,25.72454,367,0.57,0.69,2023-08-22,1008,N,VIIRS,h,2,291.04,58.15,D,0
40.91555,25.80306,367,0.57,0.69,2023-08-22,1008,N,VIIRS,h,2,306.48,225.31,D,0
40.92934,25.84749,367,0.56,0.69,2023-08-22,1008,N,VIIRS,h,2,300.91,123.79,D,0
41.02481,26.15716,367,0.54,0.68,2023-08-22,1008,N,VIIRS,h,2,310.78,45.44,D,0
40.87608,25.69885,356.68,0.58,0.69,2023-08-22,1008,N,VIIRS,l,2,284.42,18.58,D,0
40.87814,25.70543,356.74,0.58,0.69,2023-08-22,1008,N,VIIRS,l,2,288.14,25.86,D,0
40.86529,25.66431,337.87,0.58,0.7,2023-08-22,1008,N,VIIRS,n,2,273.39,14.4,D,0
40.86748,25.67131,355.55,0.58,0.7,2023-08-22,1008,N,VIIRS,n,2,277.37,14.4,D,0
40.86962,25.67816,348.23,0.58,0.7,2023-08-22,1008,N,VIIRS,n,2,284.49,13.98,D,0
40.87181,25.68518,345.94,0.58,0.69,2023-08-22,1008,N,VIIRS,n,2,284.27,13.98,D,0
40.87396,25.69206,352.12,0.58,0.69,2023-08-22,1008,N,VIIRS,n,2,282.39,18.58,D,0
40.88481,25.72684,355.26,0.57,0.69,2023-08-22,1008,N,VIIRS,n,2,295.37,49.31,D,0
40.88758,25.73573,354.43,0.57,0.69,2023-08-22,1008,N,VIIRS,n,2,298,88.73,D,0
40.89064,25.74557,349.95,0.57,0.69,2023-08-22,1008,N,VIIRS,n,2,303.72,88.73,D,0
40.90939,25.80579,353.97,0.57,0.69,2023-08-22,1008,N,VIIRS,n,2,303.24,17.98,D,0
40.91125,25.81176,350.73,0.57,0.69,2023-08-22,1008,N,VIIRS,n,2,303.07,22.46,D,0
40.91533,25.8249,352.7,0.57,0.69,2023-08-22,1008,N,VIIRS,n,2,300.78,31.65,D,0
40.97173,26.00702,338.85,0.55,0.68,2023-08-22,1008,N,VIIRS,n,2,299.22,24.09,D,0
40.97333,26.01221,332.68,0.55,0.68,2023-08-22,1008,N,VIIRS,n,2,303.02,24.09,D,0
40.97831,26.02834,349.3,0.55,0.68,2023-08-22,1008,N,VIIRS,n,2,299.98,17.63,D,0
41.01242,26.13918,356.41,0.54,0.68,2023-08-22,1008,N,VIIRS,n,2,306.27,16.84,D,0
40.88017,25.71194,367,0.57,0.69,2023-08-22,1008,N,VIIRS,h,2,291.43,25.86,D,0
40.88245,25.71927,367,0.57,0.69,2023-08-22,1008,N,VIIRS,h,2,293.57,49.31,D,0
40.89278,25.75242,367,0.57,0.69,2023-08-22,1008,N,VIIRS,h,2,304.94,57.07,D,0
40.8946,25.75827,367,0.57,0.69,2023-08-22,1008,N,VIIRS,h,2,303.41,57.07,D,0
40.89634,25.76384,367,0.57,0.69,2023-08-22,1008,N,VIIRS,h,2,306.09,43.21,D,0
40.89807,25.7694,367,0.57,0.69,2023-08-22,1008,N,VIIRS,h,2,307.81,43.21,D,0
40.89989,25.77526,367,0.57,0.69,2023-08-22,1008,N,VIIRS,h,2,310.26,24.35,D,0
40.90176,25.78126,367,0.57,0.69,2023-08-22,1008,N,VIIRS,h,2,309.85,24.35,D,0
40.90365,25.78733,367,0.57,0.69,2023-08-22,1008,N,VIIRS,h,2,306.39,18.11,D,0
40.90561,25.79361,367,0.57,0.69,2023-08-22,1008,N,VIIRS,h,2,305.95,18.11,D,0
40.90752,25.79977,367,0.57,0.69,2023-08-22,1008,N,VIIRS,h,2,304.72,17.98,D,0
40.96817,26.10736,350.79,0.55,0.68,2023-08-22,1008,N,VIIRS,n,2,304.71,25.26,D,0
40.96228,26.08833,352.64,0.55,0.68,2023-08-22,1008,N,VIIRS,n,2,306.83,18.2,D,0
40.95826,26.07535,335.64,0.55,0.68,2023-08-22,1008,N,VIIRS,n,2,306.11,8.65,D,0
40.95633,26.06912,330.48,0.55,0.68,2023-08-22,1008,N,VIIRS,n,2,304.9,8.65,D,0
40.95443,26.06299,338.94,0.55,0.68,2023-08-22,1008,N,VIIRS,n,2,304.29,16.76,D,0
40.94995,26.04854,355.9,0.55,0.68,2023-08-22,1008,N,VIIRS,n,2,303.08,19.06,D,0
40.90422,25.90147,336.62,0.56,0.69,2023-08-22,1008,N,VIIRS,n,2,300.92,5.33,D,0
40.97971,26.12237,367,0.55,0.68,2023-08-22,1008,N,VIIRS,h,2,309.02,17.37,D,0
40.97607,26.11061,367,0.55,0.68,2023-08-22,1008,N,VIIRS,h,2,305.52,25.26,D,0
40.9742,26.10454,367,0.55,0.68,2023-08-22,1008,N,VIIRS,h,2,308.43,25.26,D,0
40.97229,26.09837,367,0.55,0.68,2023-08-22,1008,N,VIIRS,h,2,305.34,16.86,D,0
40.96039,26.05991,367,0.55,0.68,2023-08-22,1008,N,VIIRS,h,2,302.79,16.76,D,0
40.95814,26.05263,367,0.55,0.68,2023-08-22,1008,N,VIIRS,h,2,302.83,16.76,D,0
40.86816,25.76361,367,0.57,0.69,2023-08-22,1008,N,VIIRS,h,2,307.63,43.45,D,0
40.86622,25.75742,367,0.57,0.69,2023-08-22,1008,N,VIIRS,h,2,309.04,43.45,D,0
40.86423,25.75107,367,0.57,0.69,2023-08-22,1008,N,VIIRS,h,2,308.89,83.35,D,0
40.86219,25.74454,367,0.57,0.69,2023-08-22,1008,N,VIIRS,h,2,312.59,83.35,D,0
40.8601,25.73787,367,0.57,0.69,2023-08-22,1008,N,VIIRS,h,2,310.73,205.72,D,0
40.98157,26.12842,331.26,0.55,0.68,2023-08-22,1008,N,VIIRS,n,2,302.28,16.01,D,0
40.97788,26.11648,336.16,0.55,0.68,2023-08-22,1008,N,VIIRS,n,2,303.01,17.37,D,0
40.96433,26.07264,352.79,0.55,0.68,2023-08-22,1008,N,VIIRS,n,2,303.33,8.65,D,0
40.96243,26.06649,353.24,0.55,0.68,2023-08-22,1008,N,VIIRS,n,2,301.65,8.65,D,0
40.91231,25.90504,336.41,0.56,0.69,2023-08-22,1008,N,VIIRS,n,2,300.93,5.33,D,0
40.8702,25.77011,345.25,0.57,0.69,2023-08-22,1008,N,VIIRS,n,2,300.68,31.9,D,0
40.99305,26.1433,367,0.54,0.68,2023-08-22,1008,N,VIIRS,h,2,308.29,84.03,D,0
40.87085,25.74973,367,0.57,0.69,2023-08-22,1008,N,VIIRS,h,2,301.83,83.23,D,0
40.86168,25.72044,367,0.57,0.69,2023-08-22,1008,N,VIIRS,h,2,325.9,662.54,D,0
40.98762,26.12569,347.73,0.55,0.68,2023-08-22,1008,N,VIIRS,n,2,312.09,77.05,D,0
40.98577,26.11968,352.88,0.55,0.68,2023-08-22,1008,N,VIIRS,n,2,305.08,15.27,D,0
40.98394,26.11375,333.75,0.55,0.68,2023-08-22,1008,N,VIIRS,n,2,302.86,15.27,D,0
40.98211,26.10782,331.17,0.55,0.68,2023-08-22,1008,N,VIIRS,n,2,302.6,6.05,D,0
40.96839,26.0634,337.65,0.55,0.68,2023-08-22,1008,N,VIIRS,n,2,301.19,3.68,D,0
40.91849,25.90247,333.6,0.56,0.69,2023-08-22,1008,N,VIIRS,n,2,299.79,5.08,D,0
40.88068,25.78118,349.21,0.57,0.69,2023-08-22,1008,N,VIIRS,n,2,302.87,11.19,D,0
40.87659,25.76808,338.21,0.57,0.69,2023-08-22,1008,N,VIIRS,n,2,301.14,12.52,D,0
40.87454,25.76155,340.5,0.57,0.69,2023-08-22,1008,N,VIIRS,n,2,301.25,12.86,D,0
40.8727,25.75564,344.29,0.57,0.69,2023-08-22,1008,N,VIIRS,n,2,302.72,12.86,D,0
40.85091,25.68604,330.49,0.58,0.7,2023-08-22,1008,N,VIIRS,n,2,293.68,50.85,D,3
40.9283,25.77151,354.6,0.57,0.69,2023-08-22,1008,N,VIIRS,n,2,292.54,42.87,D,0
40.92646,25.7657,348.92,0.57,0.69,2023-08-22,1008,N,VIIRS,n,2,291.71,16.3,D,0
40.92448,25.75946,343.21,0.57,0.69,2023-08-22,1008,N,VIIRS,n,2,291.29,16.3,D,0
40.92252,25.75326,339.01,0.57,0.69,2023-08-22,1008,N,VIIRS,n,2,290.81,11.62,D,0
40.9207,25.74748,334.25,0.57,0.69,2023-08-22,1008,N,VIIRS,n,2,290.39,11.62,D,0
40.95531,25.83494,367,0.56,0.69,2023-08-22,1008,N,VIIRS,h,2,291.55,19.22,D,0
40.94601,25.80543,367,0.57,0.69,2023-08-22,1008,N,VIIRS,h,2,292.38,15.42,D,0
40.97143,25.88626,340.06,0.56,0.69,2023-08-22,1008,N,VIIRS,n,2,300.09,12.26,D,0
40.96951,25.88013,346.19,0.56,0.69,2023-08-22,1008,N,VIIRS,n,2,300.29,12.26,D,0
40.96774,25.87448,352.95,0.56,0.69,2023-08-22,1008,N,VIIRS,n,2,299.55,19.76,D,0
40.9659,25.86865,349.34,0.56,0.69,2023-08-22,1008,N,VIIRS,n,2,298,19.76,D,0
40.96383,25.86205,345.17,0.56,0.69,2023-08-22,1008,N,VIIRS,n,2,296.1,19.03,D,0
40.95375,25.82999,347.93,0.56,0.69,2023-08-22,1008,N,VIIRS,n,2,291.97,19.22,D,0
40.95024,25.81886,336.79,0.57,0.69,2023-08-22,1008,N,VIIRS,n,2,292.07,19.24,D,0
40.94825,25.81254,339.83,0.57,0.69,2023-08-22,1008,N,VIIRS,n,2,291.97,15.42,D,0
40.94388,25.79866,341.79,0.57,0.69,2023-08-22,1008,N,VIIRS,n,2,292.18,12.51,D,0
40.9419,25.79239,338.9,0.57,0.69,2023-08-22,1008,N,VIIRS,n,2,291.97,12.51,D,0
40.93997,25.78627,338.94,0.57,0.69,2023-08-22,1008,N,VIIRS,n,2,292.38,10.09,D,0
40.93808,25.78026,336.52,0.57,0.69,2023-08-22,1008,N,VIIRS,n,2,292.79,10.09,D,0
40.93625,25.77446,333.23,0.57,0.69,2023-08-22,1008,N,VIIRS,n,2,292.9,7.99,D,0
40.93445,25.76875,330.62,0.57,0.69,2023-08-22,1008,N,VIIRS,n,2,292.64,7.99,D,0
40.98924,25.92079,367,0.56,0.69,2023-08-22,1008,N,VIIRS,h,2,304.12,12.2,D,0
40.97543,25.87674,367,0.56,0.69,2023-08-22,1008,N,VIIRS,h,2,297.69,12.26,D,0
40.97358,25.87086,367,0.56,0.69,2023-08-22,1008,N,VIIRS,h,2,296.63,19.76,D,0
40.97156,25.86441,367,0.56,0.69,2023-08-22,1008,N,VIIRS,h,2,297.83,19.76,D,0
40.99137,25.92759,348.48,0.56,0.69,2023-08-22,1008,N,VIIRS,n,2,301.93,16.58,D,0
40.98724,25.91441,349.1,0.56,0.69,2023-08-22,1008,N,VIIRS,n,2,302.91,12.2,D,0
40.98534,25.90835,337.95,0.56,0.69,2023-08-22,1008,N,VIIRS,n,2,300.52,19.34,D,0
40.98119,25.89512,355.23,0.56,0.69,2023-08-22,1008,N,VIIRS,n,2,298.61,14.36,D,0
40.97918,25.8887,344.08,0.56,0.69,2023-08-22,1008,N,VIIRS,n,2,296.94,14.36,D,0
40.97726,25.88256,354.99,0.56,0.69,2023-08-22,1008,N,VIIRS,n,2,296.86,12.26,D,0
40.96941,25.85759,356.86,0.56,0.69,2023-08-22,1008,N,VIIRS,n,2,298.29,19.03,D,0
40.96727,25.85075,342.98,0.56,0.69,2023-08-22,1008,N,VIIRS,n,2,292.53,19.03,D,0
40.99744,25.92477,367,0.56,0.69,2023-08-22,1008,N,VIIRS,h,2,296.65,27.63,D,0
40.99545,25.91838,367,0.56,0.69,2023-08-22,1008,N,VIIRS,h,2,300.73,126.95,D,0
40.98149,25.87379,367,0.56,0.69,2023-08-22,1008,N,VIIRS,h,2,292.26,83.41,D,0
40.97954,25.86757,367,0.56,0.69,2023-08-22,1008,N,VIIRS,h,2,291.52,19.07,D,0
41.07935,26.18791,340.39,0.54,0.68,2023-08-22,1008,N,VIIRS,n,2,300.21,17.66,D,0
41.00946,25.96322,341.24,0.55,0.68,2023-08-22,1008,N,VIIRS,n,2,300.11,3.63,D,0
40.99952,25.93139,343.35,0.56,0.69,2023-08-22,1008,N,VIIRS,n,2,294.89,27.63,D,0
40.99343,25.91194,356.14,0.56,0.69,2023-08-22,1008,N,VIIRS,n,2,304.43,126.95,D,0
40.98946,25.89926,354.13,0.56,0.69,2023-08-22,1008,N,VIIRS,n,2,296.45,173.95,D,0
40.98538,25.88624,354.65,0.56,0.69,2023-08-22,1008,N,VIIRS,n,2,297.15,255.28,D,0
40.98335,25.87972,352.61,0.56,0.69,2023-08-22,1008,N,VIIRS,n,2,296.56,83.41,D,0
40.97744,25.86087,351.63,0.56,0.69,2023-08-22,1008,N,VIIRS,n,2,291.27,19.07,D,0
40.9753,25.85405,340.81,0.56,0.69,2023-08-22,1008,N,VIIRS,n,2,291.15,16.83,D,0
40.99157,25.90599,298.65,0.56,0.69,2023-08-22,1008,N,VIIRS,l,2,314.11,173.95,D,0
41.09044,26.20158,367,0.54,0.68,2023-08-22,1008,N,VIIRS,h,2,302.98,44.06,D,0
41.00979,25.94202,367,0.56,0.69,2023-08-22,1008,N,VIIRS,h,2,294.43,24.34,D,0
41.00765,25.93517,367,0.56,0.69,2023-08-22,1008,N,VIIRS,h,2,292.92,24.34,D,0
41.08859,26.19563,340.89,0.54,0.68,2023-08-22,1008,N,VIIRS,n,2,306.86,44.06,D,0
41.03442,25.99877,367,0.55,0.68,2023-08-22,1008,N,VIIRS,h,2,305.15,56.21,D,0
41.09801,26.20393,347.98,0.54,0.68,2023-08-22,1008,N,VIIRS,n,2,301.28,40.43,D,0
41.09618,26.19799,354.05,0.54,0.68,2023-08-22,1008,N,VIIRS,n,2,312.05,45.51,D,0
40.84882,25.67938,334.19,0.58,0.7,2023-08-22,1008,N,VIIRS,n,2,290.17,14.55,D,3
40.84675,25.67278,337.93,0.58,0.7,2023-08-22,1008,N,VIIRS,n,2,287.32,14.55,D,3
40.84468,25.66619,335.59,0.58,0.7,2023-08-22,1008,N,VIIRS,n,2,285.03,8.7,D,3
40.84261,25.65959,333.19,0.58,0.7,2023-08-22,1008,N,VIIRS,n,2,283.2,8.7,D,3
40.84054,25.65299,330.19,0.58,0.7,2023-08-22,1008,N,VIIRS,n,2,282.34,25.1,D,3
40.99127,26.13753,367,0.55,0.68,2023-08-22,1008,N,VIIRS,l,2,328.94,84.03,D,0
41.00072,26.14587,367,0.54,0.68,2023-08-22,1008,N,VIIRS,h,2,306.73,72.81,D,0
40.99728,26.13467,367,0.55,0.68,2023-08-22,1008,N,VIIRS,h,2,309.97,84.03,D,0
40.87507,25.74072,367,0.57,0.69,2023-08-22,1008,N,VIIRS,h,2,301.08,83.23,D,0
40.86343,25.7035,367,0.58,0.69,2023-08-22,1008,N,VIIRS,h,2,292.98,187.61,D,0
40.999,26.14026,344.86,0.54,0.68,2023-08-22,1008,N,VIIRS,n,2,315.81,84.03,D,0
40.99552,26.12897,347.13,0.55,0.68,2023-08-22,1008,N,VIIRS,n,2,307.11,77.05,D,0
40.99373,26.12319,332.75,0.55,0.68,2023-08-22,1008,N,VIIRS,l,2,305.79,77.05,D,0
40.96478,26.02933,331.32,0.55,0.68,2023-08-22,1008,N,VIIRS,n,2,302.42,5.27,D,0
40.89113,25.79217,334.14,0.57,0.69,2023-08-22,1008,N,VIIRS,n,2,300.14,18,D,0
40.88908,25.78561,336.2,0.57,0.69,2023-08-22,1008,N,VIIRS,n,2,300.3,11.19,D,0
40.88702,25.779,343.25,0.57,0.69,2023-08-22,1008,N,VIIRS,n,2,301.96,11.19,D,0
40.88506,25.77273,345.79,0.57,0.69,2023-08-22,1008,N,VIIRS,n,2,302.51,12.52,D,0
40.88309,25.76641,342.77,0.57,0.69,2023-08-22,1008,N,VIIRS,n,2,301.34,12.52,D,0
40.88113,25.76012,350.86,0.57,0.69,2023-08-22,1008,N,VIIRS,n,2,302.51,12.86,D,0
40.87923,25.75404,347.2,0.57,0.69,2023-08-22,1008,N,VIIRS,n,2,302.09,12.86,D,0
40.87733,25.74796,344.11,0.57,0.69,2023-08-22,1008,N,VIIRS,n,2,299.23,83.23,D,0
40.8725,25.7325,346.5,0.57,0.69,2023-08-22,1008,N,VIIRS,n,2,305.36,336.34,D,0
40.8528,25.66953,344.41,0.58,0.7,2023-08-22,1008,N,VIIRS,n,2,283.82,14.55,D,3
40.85073,25.66293,339.9,0.58,0.7,2023-08-22,1008,N,VIIRS,n,2,281.87,8.7,D,3
40.84866,25.65633,334.67,0.58,0.7,2023-08-22,1008,N,VIIRS,n,2,280.03,8.7,D,3
40.87004,25.72462,304.32,0.57,0.69,2023-08-22,1008,N,VIIRS,l,2,311.17,336.34,D,0
41.0066,26.1426,367,0.54,0.68,2023-08-22,1008,N,VIIRS,h,2,308.2,16.84,D,0
40.9724,26.0316,367,0.55,0.68,2023-08-22,1008,N,VIIRS,h,2,305.57,17.63,D,0
40.97071,26.02613,367,0.55,0.68,2023-08-22,1008,N,VIIRS,h,2,309.35,47.37,D,0
40.96899,26.02059,367,0.55,0.68,2023-08-22,1008,N,VIIRS,h,2,306.16,47.37,D,0
40.89157,25.77109,367,0.57,0.69,2023-08-22,1008,N,VIIRS,h,2,308.85,43.21,D,0
40.88973,25.76519,367,0.57,0.69,2023-08-22,1008,N,VIIRS,h,2,310.92,43.21,D,0
40.88793,25.75941,367,0.57,0.69,2023-08-22,1008,N,VIIRS,h,2,306.86,57.07,D,0
40.88612,25.75359,367,0.57,0.69,2023-08-22,1008,N,VIIRS,h,2,303.21,57.07,D,0
40.88415,25.7473,367,0.57,0.69,2023-08-22,1008,N,VIIRS,h,2,300.65,88.73,D,0
40.8786,25.7295,367,0.57,0.69,2023-08-22,1008,N,VIIRS,h,2,297.06,49.31,D,0
40.87621,25.72182,367,0.57,0.69,2023-08-22,1008,N,VIIRS,h,2,294.13,49.31,D,0
40.87391,25.71448,367,0.57,0.69,2023-08-22,1008,N,VIIRS,h,2,291.89,25.86,D,0
40.87186,25.70791,367,0.58,0.69,2023-08-22,1008,N,VIIRS,h,2,290.06,25.86,D,0
41.00855,26.14896,346.91,0.54,0.68,2023-08-22,1008,N,VIIRS,n,2,302.68,16.84,D,0
41.00486,26.13696,334.15,0.54,0.68,2023-08-22,1008,N,VIIRS,n,2,307.22,12.39,D,0
40.97416,26.03731,341.29,0.55,0.68,2023-08-22,1008,N,VIIRS,n,2,302.12,17.63,D,0
40.9673,26.01511,340.75,0.55,0.68,2023-08-22,1008,N,VIIRS,n,2,301.41,24.09,D,0
40.90127,25.80219,345.02,0.57,0.69,2023-08-22,1008,N,VIIRS,n,2,302.13,17.98,D,0
40.89934,25.79601,339.76,0.57,0.69,2023-08-22,1008,N,VIIRS,n,2,302.03,18.11,D,0
40.89737,25.78968,344.66,0.57,0.69,2023-08-22,1008,N,VIIRS,n,2,302.41,18.11,D,0
40.89539,25.78334,347.86,0.57,0.69,2023-08-22,1008,N,VIIRS,n,2,302.45,24.35,D,0
40.89344,25.77708,354.05,0.57,0.69,2023-08-22,1008,N,VIIRS,n,2,305.34,24.35,D,0
40.88129,25.73811,346.94,0.57,0.69,2023-08-22,1008,N,VIIRS,n,2,306.75,88.73,D,0
40.86977,25.70123,355.78,0.58,0.69,2023-08-22,1008,N,VIIRS,n,2,288.52,18.58,D,0
40.86759,25.69425,347.95,0.58,0.69,2023-08-22,1008,N,VIIRS,n,2,289.9,18.58,D,0
40.86544,25.68737,343.67,0.58,0.69,2023-08-22,1008,N,VIIRS,n,2,290.71,13.98,D,0
40.86325,25.68036,349.02,0.58,0.7,2023-08-22,1008,N,VIIRS,n,2,285.63,13.98,D,0
40.86109,25.67345,351.54,0.58,0.7,2023-08-22,1008,N,VIIRS,n,2,278.21,14.4,D,0
41.01447,26.14583,367,0.54,0.68,2023-08-22,1008,N,VIIRS,h,2,307.01,16.84,D,0
40.97658,26.02271,367,0.55,0.68,2023-08-22,1008,N,VIIRS,h,2,304.54,47.37,D,0
40.97492,26.01736,367,0.55,0.68,2023-08-22,1008,N,VIIRS,h,2,302.5,47.37,D,0
40.91318,25.81795,367,0.57,0.69,2023-08-22,1008,N,VIIRS,h,2,303.37,22.46,D,0
41.104,26.13443,356.01,0.54,0.68,2023-08-22,1008,N,VIIRS,n,2,299.94,27.38,D,0
41.10735,26.14532,346.24,0.54,0.68,2023-08-22,1008,N,VIIRS,n,2,299.84,16.49,D,0
41.10898,26.1506,353.25,0.54,0.68,2023-08-22,1008,N,VIIRS,n,2,300.39,16.49,D,0
41.1107,26.15618,332.59,0.54,0.68,2023-08-22,1008,N,VIIRS,n,2,299.11,7.21,D,0
41.07839,26.05141,367,0.55,0.68,2023-08-22,1008,N,VIIRS,h,2,299.07,30.59,D,0
41.08491,26.07253,367,0.55,0.68,2023-08-22,1008,N,VIIRS,h,2,300.86,109.65,D,0
41.09231,26.09649,367,0.54,0.68,2023-08-22,1008,N,VIIRS,h,2,306.73,124.5,D,0
41.09429,26.10292,367,0.54,0.68,2023-08-22,1008,N,VIIRS,h,2,309.36,124.5,D,0
41.10571,26.13997,367,0.54,0.68,2023-08-22,1008,N,VIIRS,h,2,306.26,27.38,D,0
41.06871,26.04241,208,0.55,0.68,2023-08-22,1008,N,VIIRS,l,2,315.12,118.68,D,0
41.07042,26.04794,208,0.55,0.68,2023-08-22,1008,N,VIIRS,l,2,316.21,204.29,D,0
41.0723,26.05403,367,0.55,0.68,2023-08-22,1008,N,VIIRS,l,2,336.21,204.29,D,0
41.06015,26.01478,330.23,0.55,0.68,2023-08-22,1008,N,VIIRS,n,2,292.72,9.94,D,0
41.06173,26.0199,336.8,0.55,0.68,2023-08-22,1008,N,VIIRS,n,2,293.81,9.94,D,0
41.06348,26.02552,347.04,0.55,0.68,2023-08-22,1008,N,VIIRS,n,2,295.01,35.6,D,0
41.06707,26.03713,353.49,0.55,0.68,2023-08-22,1008,N,VIIRS,n,2,305.04,118.68,D,0
41.07449,26.06109,353.45,0.55,0.68,2023-08-22,1008,N,VIIRS,n,2,328.07,117.34,D,0
41.0766,26.06793,355.86,0.55,0.68,2023-08-22,1008,N,VIIRS,n,2,313.24,117.34,D,0
41.08638,26.09959,345.36,0.54,0.68,2023-08-22,1008,N,VIIRS,n,2,303.1,18.4,D,0
41.11631,26.19667,332.99,0.54,0.68,2023-08-22,1008,N,VIIRS,n,2,299.56,157.54,D,0
41.06531,26.03144,367,0.55,0.68,2023-08-22,1008,N,VIIRS,h,2,297.96,35.6,D,0
41.07853,26.07418,367,0.55,0.68,2023-08-22,1008,N,VIIRS,h,2,303.82,35.19,D,0
41.08038,26.08017,367,0.55,0.68,2023-08-22,1008,N,VIIRS,h,2,304.41,35.19,D,0
41.08218,26.08599,367,0.55,0.68,2023-08-22,1008,N,VIIRS,h,2,308.39,27.02,D,0
41.08419,26.0925,367,0.54,0.68,2023-08-22,1008,N,VIIRS,h,2,307.98,27.02,D,0
41.0629,26.04595,367,0.55,0.68,2023-08-22,1008,N,VIIRS,l,2,325.88,118.68,D,0
41.10851,26.19359,208,0.54,0.68,2023-08-22,1008,N,VIIRS,l,2,311.49,103.72,D,0
41.04304,25.98194,342.08,0.55,0.68,2023-08-22,1008,N,VIIRS,n,2,293.71,18.78,D,0
41.0469,25.99438,336.27,0.55,0.68,2023-08-22,1008,N,VIIRS,n,2,295.52,145.11,D,0
41.04869,26.00015,344.45,0.55,0.68,2023-08-22,1008,N,VIIRS,n,2,302.09,145.11,D,0
41.05436,26.01841,352.55,0.55,0.68,2023-08-22,1008,N,VIIRS,n,2,296.44,9.94,D,0
41.05616,26.02424,344.12,0.55,0.68,2023-08-22,1008,N,VIIRS,n,2,296.53,9.94,D,0
41.05793,26.02993,350.08,0.55,0.68,2023-08-22,1008,N,VIIRS,n,2,298.46,35.6,D,0
41.05975,26.03582,354.44,0.55,0.68,2023-08-22,1008,N,VIIRS,n,2,309.08,35.6,D,0
40.84178,26.02451,345.94,0.56,0.69,2023-08-22,1008,N,VIIRS,n,2,304.27,4.62,D,0
40.93807,26.07716,367,0.55,0.68,2023-08-22,1008,N,VIIRS,h,2,306.03,13.55,D,0
40.93596,26.07035,332.97,0.55,0.68,2023-08-22,1008,N,VIIRS,n,2,305.65,9.29,D,0
40.95028,26.09419,367,0.55,0.68,2023-08-22,1008,N,VIIRS,h,2,314.4,97.53,D,0
40.95223,26.10048,332.25,0.55,0.68,2023-08-22,1008,N,VIIRS,n,2,302.37,39.18,D,0
40.94622,26.08112,342.97,0.55,0.68,2023-08-22,1008,N,VIIRS,n,2,315.36,52.39,D,0
40.94403,26.07408,348.89,0.55,0.68,2023-08-22,1008,N,VIIRS,n,2,308.47,52.39,D,0
40.94196,26.06742,330.52,0.55,0.68,2023-08-22,1008,N,VIIRS,n,2,303.08,16.85,D,0
40.9483,26.08782,322.03,0.55,0.68,2023-08-22,1008,N,VIIRS,l,2,322.04,97.53,D,0
40.95835,26.09795,355.6,0.55,0.68,2023-08-22,1008,N,VIIRS,n,2,304.8,39.18,D,0
40.95641,26.09168,355.97,0.55,0.68,2023-08-22,1008,N,VIIRS,n,2,313.8,97.53,D,0
40.95441,26.08523,356.26,0.55,0.68,2023-08-22,1008,N,VIIRS,n,2,310.72,97.53,D,0
40.95229,26.07839,352.21,0.55,0.68,2023-08-22,1008,N,VIIRS,n,2,307.55,52.39,D,0
40.9501,26.07134,337.18,0.55,0.68,2023-08-22,1008,N,VIIRS,n,2,306.68,52.39,D,0
40.96629,26.10129,367,0.55,0.68,2023-08-22,1008,N,VIIRS,h,2,308.29,16.86,D,0
40.96022,26.0817,367,0.55,0.68,2023-08-22,1008,N,VIIRS,h,2,309.83,18.2,D,0
40.95219,26.05574,367,0.55,0.68,2023-08-22,1008,N,VIIRS,h,2,308.58,16.76,D,0
40.96435,26.09504,339.95,0.55,0.68,2023-08-22,1008,N,VIIRS,n,2,306.23,16.86,D,0
38.25976,22.87494,338.07,0.52,0.41,2023-08-22,1147,N,VIIRS,l,2,311.38,44.88,D,0
38.25903,22.86838,367,0.52,0.41,2023-08-22,1147,N,VIIRS,l,2,333.91,44.88,D,0
38.30494,22.73393,351.93,0.51,0.41,2023-08-22,1147,N,VIIRS,n,2,314.3,47.41,D,0
38.30866,22.73261,355.81,0.51,0.41,2023-08-22,1147,N,VIIRS,n,2,317.25,77.3,D,0
38.30809,22.7273,355.06,0.51,0.41,2023-08-22,1147,N,VIIRS,n,2,320.01,37.94,D,0
38.3124,22.73137,367,0.51,0.41,2023-08-22,1147,N,VIIRS,h,2,309.43,77.3,D,0
38.31181,22.72594,367,0.51,0.41,2023-08-22,1147,N,VIIRS,h,2,315.2,37.94,D,0
38.31365,22.74288,354.45,0.51,0.41,2023-08-22,1147,N,VIIRS,n,2,314.84,108.14,D,0
38.31303,22.73717,367,0.51,0.41,2023-08-22,1147,N,VIIRS,l,2,326.98,77.3,D,0
38.31749,22.74263,367,0.51,0.41,2023-08-22,1147,N,VIIRS,h,2,360.21,460.29,D,0
38.37197,23.25252,354.38,0.54,0.42,2023-08-22,1147,N,VIIRS,n,2,322.02,38.5,D,0
38.37129,23.24603,355.35,0.54,0.42,2023-08-22,1147,N,VIIRS,n,2,322.94,45.44,D,0
38.31621,22.73091,355.85,0.51,0.41,2023-08-22,1147,N,VIIRS,n,2,312.41,38.88,D,0
37.4318,22.55108,335.02,0.49,0.4,2023-08-22,1147,N,VIIRS,l,2,308.06,4.8,D,0
37.43115,22.54535,353.65,0.49,0.4,2023-08-22,1147,N,VIIRS,n,2,312.64,38.7,D,0
38.08518,23.65609,337.29,0.56,0.43,2023-08-22,1147,N,VIIRS,n,2,306.91,5.95,D,0
38.08329,23.63747,336.28,0.56,0.43,2023-08-22,1147,N,VIIRS,l,2,310.99,11.31,D,0
38.08263,23.63105,355.17,0.56,0.43,2023-08-22,1147,N,VIIRS,n,2,316.45,11.31,D,0
38.08973,23.66115,348.53,0.56,0.43,2023-08-22,1147,N,VIIRS,n,2,307.44,5.95,D,0
38.08912,23.65512,347.64,0.56,0.43,2023-08-22,1147,N,VIIRS,n,2,308.36,5.95,D,0
38.0885,23.64907,355,0.56,0.43,2023-08-22,1147,N,VIIRS,n,2,318.33,37.94,D,0
38.08784,23.64271,345.34,0.56,0.43,2023-08-22,1147,N,VIIRS,n,2,313.16,37.94,D,0
38.09238,23.64764,367,0.56,0.43,2023-08-22,1147,N,VIIRS,h,2,342.22,84.44,D,0
38.09428,23.66628,340.16,0.56,0.43,2023-08-22,1147,N,VIIRS,l,2,312.23,92.34,D,0
38.09302,23.65394,353.21,0.56,0.43,2023-08-22,1147,N,VIIRS,n,2,311.16,35.63,D,0
38.09174,23.64141,317.89,0.56,0.43,2023-08-22,1147,N,VIIRS,l,2,319.77,84.44,D,0
38.09626,23.64627,367,0.56,0.43,2023-08-22,1147,N,VIIRS,h,2,313.61,84.44,D,0
38.09758,23.65915,350.63,0.56,0.43,2023-08-22,1147,N,VIIRS,n,2,312.19,35.63,D,0
38.09694,23.65284,347.21,0.56,0.43,2023-08-22,1147,N,VIIRS,n,2,309.32,35.63,D,0
38.10153,23.65836,339.22,0.56,0.43,2023-08-22,1147,N,VIIRS,l,2,311.68,5.83,D,0
38.10087,23.65194,343.23,0.56,0.43,2023-08-22,1147,N,VIIRS,n,2,311.25,5.83,D,0
38.10023,23.64563,343.86,0.56,0.43,2023-08-22,1147,N,VIIRS,n,2,306.07,11.78,D,0
38.10618,23.6644,347.36,0.56,0.43,2023-08-22,1147,N,VIIRS,n,2,309.72,8.21,D,0
38.10483,23.65127,338.7,0.56,0.43,2023-08-22,1147,N,VIIRS,n,2,307.36,5.83,D,0
38.10421,23.64519,347.22,0.56,0.43,2023-08-22,1147,N,VIIRS,n,2,310.8,11.78,D,0
38.11144,23.6763,350.17,0.56,0.43,2023-08-22,1147,N,VIIRS,n,2,317.97,125.4,D,0
38.11081,23.67016,353.54,0.56,0.43,2023-08-22,1147,N,VIIRS,n,2,322.56,33.45,D,0
38.11017,23.66392,354.27,0.56,0.43,2023-08-22,1147,N,VIIRS,n,2,315.19,33.45,D,0
38.1095,23.65742,343.12,0.56,0.43,2023-08-22,1147,N,VIIRS,n,2,310.71,14.62,D,0
38.10883,23.65093,348.62,0.56,0.43,2023-08-22,1147,N,VIIRS,n,2,312.5,14.62,D,0
38.10818,23.6446,347.48,0.56,0.43,2023-08-22,1147,N,VIIRS,n,2,311.16,19.29,D,0
38.11534,23.67503,367,0.56,0.43,2023-08-22,1147,N,VIIRS,h,2,355.12,125.4,D,0
38.11595,23.68099,339.51,0.56,0.43,2023-08-22,1147,N,VIIRS,n,2,308.33,125.4,D,0
38.11473,23.6691,352.4,0.56,0.43,2023-08-22,1147,N,VIIRS,n,2,325.87,33.45,D,0
38.11412,23.66315,353.91,0.56,0.43,2023-08-22,1147,N,VIIRS,n,2,314.01,33.45,D,0
38.11348,23.65692,337.18,0.56,0.43,2023-08-22,1147,N,VIIRS,l,2,311.91,14.62,D,0
38.11282,23.65053,348.48,0.56,0.43,2023-08-22,1147,N,VIIRS,l,2,319.9,14.62,D,0
38.11213,23.64387,338.58,0.56,0.43,2023-08-22,1147,N,VIIRS,l,2,311.33,19.29,D,0
38.11984,23.67961,334.24,0.56,0.43,2023-08-22,1147,N,VIIRS,n,2,305.82,67.94,D,0
38.11922,23.6736,346.77,0.56,0.43,2023-08-22,1147,N,VIIRS,n,2,316.37,67.94,D,0
38.11862,23.66777,356.34,0.56,0.43,2023-08-22,1147,N,VIIRS,n,2,320.71,19.93,D,0
38.3156,22.72527,354.57,0.51,0.41,2023-08-22,1147,N,VIIRS,n,2,313.19,67.52,D,0
38.31685,22.73679,367,0.51,0.41,2023-08-22,1147,N,VIIRS,l,2,328.52,38.88,D,0
38.31442,22.71447,355.44,0.51,0.41,2023-08-22,1147,N,VIIRS,l,2,320.82,74.39,D,0
38.31382,22.70903,367,0.51,0.41,2023-08-22,1147,N,VIIRS,l,2,325.94,74.39,D,0
38.31327,22.70391,367,0.51,0.41,2023-08-22,1147,N,VIIRS,l,2,331.31,110.88,D,0
38.32005,22.73062,367,0.51,0.41,2023-08-22,1147,N,VIIRS,h,2,315.39,38.88,D,0
38.37589,23.252,354.78,0.54,0.42,2023-08-22,1147,N,VIIRS,n,2,319.41,38.5,D,0
38.37521,23.2456,354.59,0.54,0.42,2023-08-22,1147,N,VIIRS,n,2,322.86,45.44,D,0
38.32195,22.74798,353.3,0.51,0.41,2023-08-22,1147,N,VIIRS,n,2,319.3,460.29,D,0
38.32069,22.73652,353.99,0.51,0.41,2023-08-22,1147,N,VIIRS,n,2,326.41,38.88,D,0
38.31755,22.70774,358.05,0.51,0.41,2023-08-22,1147,N,VIIRS,n,2,318.95,74.39,D,0
38.32133,22.74232,367,0.51,0.41,2023-08-22,1147,N,VIIRS,l,2,373.75,460.29,D,0
38.31697,22.70253,367,0.51,0.41,2023-08-22,1147,N,VIIRS,l,2,326.06,110.88,D,0
38.32573,22.74727,367,0.51,0.41,2023-08-22,1147,N,VIIRS,h,2,348.18,70.35,D,0
38.32452,22.7361,367,0.51,0.41,2023-08-22,1147,N,VIIRS,h,2,317.88,16.02,D,0
38.32513,22.74175,351.41,0.51,0.41,2023-08-22,1147,N,VIIRS,n,2,318.24,70.35,D,0
38.32388,22.73025,353.7,0.51,0.41,2023-08-22,1147,N,VIIRS,n,2,313.97,16.02,D,0
38.32127,22.70644,355.48,0.51,0.41,2023-08-22,1147,N,VIIRS,n,2,311.71,58.69,D,0
38.32634,22.75277,367,0.51,0.41,2023-08-22,1147,N,VIIRS,l,2,327.94,110.24,D,0
38.3301,22.75185,367,0.51,0.41,2023-08-22,1147,N,VIIRS,h,2,339.69,110.24,D,0
38.32894,22.74114,353.19,0.51,0.41,2023-08-22,1147,N,VIIRS,n,2,317.33,70.35,D,0
38.32833,22.7356,353.96,0.51,0.41,2023-08-22,1147,N,VIIRS,n,2,315.02,16.02,D,0
38.32769,22.72981,351.51,0.51,0.41,2023-08-22,1147,N,VIIRS,n,2,314.3,16.02,D,0
38.32952,22.74649,367,0.51,0.41,2023-08-22,1147,N,VIIRS,l,2,334.25,70.35,D,0
38.32566,22.71128,367,0.51,0.41,2023-08-22,1147,N,VIIRS,l,2,327.19,58.69,D,0
38.33329,22.74556,349.54,0.51,0.41,2023-08-22,1147,N,VIIRS,n,2,322.49,30.34,D,0
38.33705,22.74462,355.61,0.51,0.41,2023-08-22,1147,N,VIIRS,n,2,314.87,30.34,D,0
38.34026,22.73854,367,0.51,0.41,2023-08-22,1147,N,VIIRS,h,2,315.81,37.97,D,0
38.34346,22.73245,367,0.51,0.41,2023-08-22,1147,N,VIIRS,l,2,334.96,126.97,D,0
38.34723,22.7316,367,0.51,0.41,2023-08-22,1147,N,VIIRS,h,2,353.76,100.18,D,0
38.34783,22.73703,367,0.51,0.41,2023-08-22,1147,N,VIIRS,l,2,326.8,52.19,D,0
38.34665,22.7263,367,0.51,0.41,2023-08-22,1147,N,VIIRS,l,2,330.63,100.18,D,0
38.3516,22.73615,348.19,0.51,0.41,2023-08-22,1147,N,VIIRS,n,2,313.82,52.19,D,0
38.34989,22.72056,349.58,0.51,0.41,2023-08-22,1147,N,VIIRS,n,2,319.22,19.7,D,0
38.35101,22.73081,353.28,0.51,0.41,2023-08-22,1147,N,VIIRS,l,2,333.3,100.18,D,0
38.35045,22.7257,354.6,0.51,0.41,2023-08-22,1147,N,VIIRS,l,2,331.35,100.18,D,0
38.35051,22.69125,367,0.51,0.41,2023-08-22,1147,N,VIIRS,h,2,319.5,56.23,D,0
38.3548,22.73008,347.79,0.51,0.41,2023-08-22,1147,N,VIIRS,n,2,315.2,32.85,D,0
38.35425,22.72503,357.52,0.51,0.41,2023-08-22,1147,N,VIIRS,n,2,314.19,32.85,D,0
38.35112,22.69684,356.2,0.51,0.41,2023-08-22,1147,N,VIIRS,n,2,320.68,56.23,D,0
38.54102,23.66452,343.27,0.57,0.43,2023-08-22,1147,N,VIIRS,l,2,314.4,7.71,D,0
38.34913,21.59552,345.53,0.46,0.39,2023-08-22,1147,N,VIIRS,n,2,316.82,22.92,D,0
38.34863,21.59127,356.4,0.46,0.39,2023-08-22,1147,N,VIIRS,n,2,321.2,34.53,D,0
38.34593,21.59465,341.66,0.46,0.39,2023-08-22,1147,N,VIIRS,l,2,313.13,8.38,D,0
38.34536,21.58985,340.34,0.46,0.39,2023-08-22,1147,N,VIIRS,n,2,311.07,8.38,D,0
38.34945,21.59318,354.83,0.46,0.39,2023-08-22,1147,N,VIIRS,n,2,322.15,34.91,D,0
38.34894,21.58883,348.23,0.46,0.39,2023-08-22,1147,N,VIIRS,n,2,315.54,34.91,D,0
38.35352,21.59634,343.59,0.46,0.39,2023-08-22,1147,N,VIIRS,n,2,313.24,25.96,D,0
38.35299,21.59182,367,0.46,0.39,2023-08-22,1147,N,VIIRS,l,2,333.58,34.91,D,0
38.35248,21.58758,351.99,0.46,0.39,2023-08-22,1147,N,VIIRS,l,2,329.14,34.91,D,0
38.3571,21.59538,367,0.46,0.39,2023-08-22,1147,N,VIIRS,h,2,376.45,112.5,D,0
38.35657,21.59092,367,0.46,0.39,2023-08-22,1147,N,VIIRS,h,2,358.86,81.9,D,0
38.35773,21.60087,337.06,0.46,0.39,2023-08-22,1147,N,VIIRS,n,2,305.19,112.5,D,0
38.35607,21.58671,352.63,0.46,0.39,2023-08-22,1147,N,VIIRS,n,2,312.61,81.9,D,0
38.36068,21.59451,367,0.46,0.39,2023-08-22,1147,N,VIIRS,h,2,330.2,112.5,D,0
38.36134,21.60012,336.46,0.46,0.39,2023-08-22,1147,N,VIIRS,n,2,305.17,112.5,D,0
38.36013,21.58985,311.43,0.46,0.39,2023-08-22,1147,N,VIIRS,l,2,319.33,81.9,D,0
38.93022,22.09515,353.11,0.49,0.4,2023-08-22,1147,N,VIIRS,n,2,320.62,32.38,D,0
38.92956,22.08942,354.53,0.49,0.4,2023-08-22,1147,N,VIIRS,n,2,319.46,14.21,D,0
38.92892,22.08381,353.32,0.49,0.4,2023-08-22,1147,N,VIIRS,n,2,314.27,14.21,D,0
38.92825,22.07806,344.18,0.49,0.4,2023-08-22,1147,N,VIIRS,n,2,310.87,9.41,D,0
38.93258,22.08281,367,0.49,0.4,2023-08-22,1147,N,VIIRS,h,2,362.76,166.62,D,0
38.93192,22.07708,367,0.49,0.4,2023-08-22,1147,N,VIIRS,h,2,335.22,143.58,D,0
38.9339,22.09423,354.14,0.49,0.4,2023-08-22,1147,N,VIIRS,n,2,321.79,53.73,D,0
38.93129,22.07155,332.28,0.49,0.4,2023-08-22,1147,N,VIIRS,n,2,301.93,143.58,D,0
38.93323,22.08846,351.57,0.49,0.4,2023-08-22,1147,N,VIIRS,l,2,341.69,166.62,D,0
38.93625,22.08178,367,0.49,0.4,2023-08-22,1147,N,VIIRS,h,2,337.79,166.62,D,0
38.93691,22.08756,350.9,0.49,0.4,2023-08-22,1147,N,VIIRS,n,2,311.3,166.62,D,0
38.93558,22.07598,321.06,0.49,0.4,2023-08-22,1147,N,VIIRS,l,2,322.92,143.58,D,0
38.93393,22.08587,367,0.49,0.4,2023-08-22,1147,N,VIIRS,h,2,344.42,52.86,D,0
38.9352,22.09747,341.33,0.49,0.4,2023-08-22,1147,N,VIIRS,n,2,309.57,7.48,D,0
38.93457,22.09166,356.23,0.49,0.4,2023-08-22,1147,N,VIIRS,n,2,315.88,52.86,D,0
38.93267,22.07438,335.78,0.49,0.4,2023-08-22,1147,N,VIIRS,n,2,305.61,206.94,D,0
38.93331,22.0802,367,0.49,0.4,2023-08-22,1147,N,VIIRS,l,2,384.73,206.94,D,0
38.93761,22.08488,339.29,0.49,0.4,2023-08-22,1147,N,VIIRS,n,2,309.96,52.86,D,0
38.93697,22.07904,340.68,0.49,0.4,2023-08-22,1147,N,VIIRS,n,2,310.65,206.94,D,0
38.93633,22.07326,341.95,0.49,0.4,2023-08-22,1147,N,VIIRS,n,2,302.07,206.94,D,0
38.11803,23.66204,352.72,0.56,0.43,2023-08-22,1147,N,VIIRS,n,2,315.34,19.93,D,0
38.11741,23.65603,338.09,0.56,0.43,2023-08-22,1147,N,VIIRS,n,2,312.99,15.15,D,0
38.12135,23.65509,345.65,0.56,0.43,2023-08-22,1147,N,VIIRS,n,2,314.1,15.15,D,0
38.12254,23.66672,350.26,0.56,0.43,2023-08-22,1147,N,VIIRS,n,2,310.49,19.93,D,0
38.12196,23.66107,367,0.56,0.43,2023-08-22,1147,N,VIIRS,h,2,319.06,19.93,D,0
38.11674,23.64956,346.1,0.56,0.43,2023-08-22,1147,N,VIIRS,l,2,318.58,15.15,D,0
38.12067,23.64854,349.59,0.56,0.43,2023-08-22,1147,N,VIIRS,n,2,319.49,15.15,D,0
38.12001,23.64214,344.59,0.56,0.43,2023-08-22,1147,N,VIIRS,n,2,310.53,49.28,D,0
38.12591,23.66023,367,0.56,0.43,2023-08-22,1147,N,VIIRS,h,2,338.25,92.5,D,0
38.12461,23.64771,345.12,0.56,0.43,2023-08-22,1147,N,VIIRS,n,2,309.56,44.79,D,0
38.12984,23.65931,331.84,0.56,0.43,2023-08-22,1147,N,VIIRS,n,2,306.25,92.5,D,0
38.12922,23.65327,350.36,0.56,0.43,2023-08-22,1147,N,VIIRS,n,2,308.84,44.79,D,0
38.2294,22.88194,348.47,0.52,0.41,2023-08-22,1147,N,VIIRS,n,2,317.18,42.95,D,0
38.23322,22.88128,339,0.52,0.41,2023-08-22,1147,N,VIIRS,l,2,310.48,6.48,D,0
38.2426,22.86029,354.44,0.52,0.41,2023-08-22,1147,N,VIIRS,n,2,321.24,43.77,D,0
38.24191,22.85395,344.89,0.52,0.41,2023-08-22,1147,N,VIIRS,n,2,315.33,28.73,D,0
38.24704,22.86536,347.18,0.52,0.41,2023-08-22,1147,N,VIIRS,n,2,313.3,34.65,D,0
38.24635,22.8591,356.7,0.52,0.41,2023-08-22,1147,N,VIIRS,n,2,317.08,34.65,D,0
38.25148,22.87036,337.9,0.52,0.41,2023-08-22,1147,N,VIIRS,l,2,312.76,8.7,D,0
38.2508,22.86421,355.59,0.52,0.41,2023-08-22,1147,N,VIIRS,n,2,318.38,34.65,D,0
38.25013,22.85804,367,0.52,0.41,2023-08-22,1147,N,VIIRS,l,2,332.75,34.65,D,0
38.25526,22.86942,349.69,0.52,0.41,2023-08-22,1147,N,VIIRS,n,2,315.96,44.88,D,0
38.25388,22.8569,339.86,0.52,0.41,2023-08-22,1147,N,VIIRS,n,2,309.66,55.5,D,0
38.25456,22.8631,367,0.52,0.41,2023-08-22,1147,N,VIIRS,l,2,327.14,55.5,D,0
40.99369,25.90722,367,0.52,0.5,2023-08-22,1148,N,VIIRS,h,2,306.33,18.44,D,0
41.17702,25.27205,330.06,0.49,0.48,2023-08-22,1148,N,VIIRS,l,2,301.63,4.6,D,0
41.16676,25.25624,341.18,0.49,0.48,2023-08-22,1148,N,VIIRS,n,2,304.18,10.67,D,0
41.16726,25.26274,330.15,0.49,0.48,2023-08-22,1148,N,VIIRS,l,2,302.38,7,D,0
41.16523,25.29593,334.95,0.49,0.48,2023-08-22,1148,N,VIIRS,l,2,305.24,5.94,D,0
41.18231,25.52505,342.32,0.5,0.49,2023-08-22,1148,N,VIIRS,n,2,307.79,13.72,D,0
41.18274,25.53083,354.38,0.5,0.49,2023-08-22,1148,N,VIIRS,n,2,315.38,54.12,D,0
41.18457,25.5559,341.92,0.5,0.49,2023-08-22,1148,N,VIIRS,n,2,309.21,8.56,D,0
41.15653,25.24067,333.6,0.48,0.48,2023-08-22,1148,N,VIIRS,n,2,300.18,13.77,D,0
41.17819,25.53142,350.93,0.5,0.49,2023-08-22,1148,N,VIIRS,n,2,312.66,11.44,D,0
41.15702,25.24726,367,0.48,0.48,2023-08-22,1148,N,VIIRS,h,2,306.04,13.77,D,0
41.15214,25.24246,343.71,0.48,0.48,2023-08-22,1148,N,VIIRS,n,2,304.77,13.77,D,0
41.15263,25.24895,347.21,0.48,0.48,2023-08-22,1148,N,VIIRS,n,2,306.59,13.77,D,0
41.17405,25.53768,342.45,0.5,0.49,2023-08-22,1148,N,VIIRS,n,2,309.03,11.44,D,0
41.17451,25.54394,345.15,0.5,0.49,2023-08-22,1148,N,VIIRS,n,2,305.34,9.21,D,0
41.18245,25.5273,346.18,0.5,0.49,2023-08-22,1148,N,VIIRS,n,2,314.76,21.97,D,0
41.1829,25.53294,344.7,0.5,0.49,2023-08-22,1148,N,VIIRS,n,2,310.29,21.97,D,0
41.18491,25.55821,337.72,0.5,0.49,2023-08-22,1148,N,VIIRS,n,2,306.53,5.8,D,0
41.15508,25.24416,352.83,0.48,0.48,2023-08-22,1148,N,VIIRS,n,2,306.71,23.22,D,0
41.1556,25.25048,343.31,0.48,0.48,2023-08-22,1148,N,VIIRS,n,2,307.28,24.05,D,0
41.17791,25.52792,343.77,0.5,0.49,2023-08-22,1148,N,VIIRS,n,2,307.34,21.97,D,0
41.17836,25.53357,346.19,0.5,0.49,2023-08-22,1148,N,VIIRS,n,2,312.25,21.97,D,0
41.1507,25.24593,334.77,0.48,0.48,2023-08-22,1148,N,VIIRS,n,2,304.63,6.58,D,0
41.17427,25.54,350.19,0.5,0.49,2023-08-22,1148,N,VIIRS,n,2,308.19,15.5,D,0
41.17477,25.54636,333.65,0.5,0.49,2023-08-22,1148,N,VIIRS,n,2,303.54,15.5,D,0
41.16838,25.5235,342.66,0.5,0.49,2023-08-22,1148,N,VIIRS,n,2,304.29,58.53,D,0
41.16883,25.5292,355.04,0.5,0.49,2023-08-22,1148,N,VIIRS,n,2,323.74,68.46,D,0
41.16971,25.54051,347.32,0.5,0.49,2023-08-22,1148,N,VIIRS,n,2,310.53,15.5,D,0
41.16926,25.5347,367,0.5,0.49,2023-08-22,1148,N,VIIRS,h,2,315.26,68.46,D,0
41.16428,25.5297,367,0.5,0.49,2023-08-22,1148,N,VIIRS,l,2,345.98,259.77,D,0
41.16471,25.53531,367,0.5,0.49,2023-08-22,1148,N,VIIRS,l,2,340.07,259.77,D,0
41.16336,25.51807,335.61,0.5,0.49,2023-08-22,1148,N,VIIRS,n,2,301.51,169.59,D,0
41.16517,25.54123,345.6,0.5,0.49,2023-08-22,1148,N,VIIRS,n,2,310.78,77.85,D,0
41.16384,25.52412,367,0.5,0.49,2023-08-22,1148,N,VIIRS,h,2,353.86,169.59,D,0
41.15975,25.53053,367,0.5,0.49,2023-08-22,1148,N,VIIRS,l,2,362.68,259.77,D,0
41.16018,25.53607,349.45,0.5,0.49,2023-08-22,1148,N,VIIRS,n,2,307.21,259.77,D,0
41.15523,25.53151,339.15,0.5,0.49,2023-08-22,1148,N,VIIRS,n,2,304.84,5.48,D,0
41.06305,24.67151,333.25,0.45,0.47,2023-08-22,1148,N,VIIRS,n,2,285.63,101.51,D,0
41.06448,24.68849,346.15,0.45,0.47,2023-08-22,1148,N,VIIRS,n,2,303.12,256.79,D,0
41.05925,24.67854,367,0.45,0.47,2023-08-22,1148,N,VIIRS,l,2,330.94,72.36,D,0
41.06019,24.68974,351.01,0.45,0.47,2023-08-22,1148,N,VIIRS,n,2,318.76,64.66,D,0
41.05973,24.68421,367,0.45,0.47,2023-08-22,1148,N,VIIRS,h,2,343.27,64.66,D,0
41.05448,24.67395,334.15,0.45,0.47,2023-08-22,1148,N,VIIRS,n,2,288.68,72.36,D,0
41.05496,24.6797,350.63,0.45,0.47,2023-08-22,1148,N,VIIRS,n,2,300.78,72.36,D,0
41.05544,24.68533,352.92,0.45,0.47,2023-08-22,1148,N,VIIRS,n,2,303.06,64.66,D,0
41.05589,24.69079,342.26,0.45,0.47,2023-08-22,1148,N,VIIRS,n,2,312.49,64.66,D,0
41.05019,24.67514,331.99,0.45,0.47,2023-08-22,1148,N,VIIRS,n,2,291.86,15.36,D,0
41.04543,24.67069,343.13,0.45,0.47,2023-08-22,1148,N,VIIRS,n,2,296.62,10.07,D,0
41.04589,24.6762,354.94,0.45,0.47,2023-08-22,1148,N,VIIRS,n,2,307.56,15.36,D,0
41.04636,24.68184,333.09,0.45,0.47,2023-08-22,1148,N,VIIRS,n,2,293.74,15.36,D,0
41.07002,25.43495,344.45,0.49,0.49,2023-08-22,1148,N,VIIRS,n,2,307.97,6.17,D,0
41.11816,26.17554,344.52,0.54,0.51,2023-08-22,1148,N,VIIRS,n,2,304.95,17.18,D,0
41.11772,26.16917,367,0.54,0.51,2023-08-22,1148,N,VIIRS,h,2,309.52,17.18,D,0
41.11122,26.14326,336.03,0.54,0.51,2023-08-22,1148,N,VIIRS,n,2,302.36,12.7,D,0
41.11214,26.15672,348.39,0.54,0.51,2023-08-22,1148,N,VIIRS,n,2,305.44,18.02,D,0
41.11474,26.19526,346.24,0.54,0.51,2023-08-22,1148,N,VIIRS,n,2,306.66,6.78,D,0
41.11522,26.2024,341.64,0.54,0.51,2023-08-22,1148,N,VIIRS,n,2,304.11,6.78,D,0
41.11169,26.15014,367,0.54,0.51,2023-08-22,1148,N,VIIRS,h,2,305.04,12.7,D,0
41.06902,25.43687,342.66,0.49,0.49,2023-08-22,1148,N,VIIRS,n,2,306.83,5.92,D,0
41.12103,26.17033,346.91,0.54,0.51,2023-08-22,1148,N,VIIRS,n,2,304.64,7.95,D,0
41.11583,26.16418,330.34,0.54,0.51,2023-08-22,1148,N,VIIRS,n,2,304.4,9.27,D,0
41.11676,26.17679,342.16,0.54,0.51,2023-08-22,1148,N,VIIRS,n,2,305.33,5.39,D,0
41.11724,26.18333,332.21,0.54,0.51,2023-08-22,1148,N,VIIRS,l,2,306.73,5.39,D,0
41.11822,26.19667,330.68,0.54,0.51,2023-08-22,1148,N,VIIRS,l,2,304.02,7.84,D,0
41.11628,26.17039,367,0.54,0.51,2023-08-22,1148,N,VIIRS,h,2,308.76,9.27,D,0
41.10912,26.13761,356.38,0.54,0.51,2023-08-22,1148,N,VIIRS,n,2,306.74,24,D,0
41.11063,26.15805,345.93,0.54,0.51,2023-08-22,1148,N,VIIRS,n,2,305.39,18.42,D,0
41.11346,26.19659,345.3,0.54,0.51,2023-08-22,1148,N,VIIRS,n,2,307.55,7.84,D,0
41.11399,26.20385,341.99,0.54,0.51,2023-08-22,1148,N,VIIRS,n,2,306.29,7.69,D,0
41.10963,26.14454,367,0.54,0.51,2023-08-22,1148,N,VIIRS,h,2,306.92,24,D,0
41.11014,26.15144,367,0.54,0.51,2023-08-22,1148,N,VIIRS,h,2,310.58,18.42,D,0
41.10247,26.11165,344.07,0.54,0.5,2023-08-22,1148,N,VIIRS,n,2,303.39,23.58,D,0
41.10295,26.11818,334.79,0.54,0.5,2023-08-22,1148,N,VIIRS,n,2,302.51,23.58,D,0
41.10342,26.12457,350.41,0.54,0.51,2023-08-22,1148,N,VIIRS,n,2,304.27,11.4,D,0
41.10389,26.13088,343.12,0.54,0.51,2023-08-22,1148,N,VIIRS,n,2,302.91,11.4,D,0
41.10437,26.13746,347.87,0.54,0.51,2023-08-22,1148,N,VIIRS,n,2,309.29,30.73,D,0
41.1088,26.19773,346.31,0.54,0.51,2023-08-22,1148,N,VIIRS,n,2,310.68,9.8,D,0
41.10931,26.20478,342.56,0.54,0.51,2023-08-22,1148,N,VIIRS,n,2,309.51,14.66,D,0
41.09684,26.09939,352.81,0.53,0.5,2023-08-22,1148,N,VIIRS,n,2,306.82,14.31,D,0
41.09731,26.1058,344.78,0.53,0.5,2023-08-22,1148,N,VIIRS,n,2,306.36,14.31,D,0
41.09776,26.1119,352.84,0.54,0.5,2023-08-22,1148,N,VIIRS,n,2,324.12,23.58,D,0
41.09824,26.11836,340.65,0.54,0.5,2023-08-22,1148,N,VIIRS,n,2,303.29,23.58,D,0
41.10415,26.19914,344.44,0.54,0.51,2023-08-22,1148,N,VIIRS,n,2,308.47,9.8,D,0
41.10464,26.20595,343.36,0.54,0.51,2023-08-22,1148,N,VIIRS,n,2,310.63,14.66,D,0
41.09068,26.07981,367,0.53,0.5,2023-08-22,1148,N,VIIRS,l,2,326.46,85.81,D,0
41.08973,26.06695,349.89,0.53,0.5,2023-08-22,1148,N,VIIRS,n,2,308.91,142.03,D,0
41.09119,26.0868,347.85,0.53,0.5,2023-08-22,1148,N,VIIRS,n,2,313.26,30.07,D,0
41.09169,26.09356,355.12,0.53,0.5,2023-08-22,1148,N,VIIRS,n,2,307.24,30.07,D,0
41.09216,26.09994,348.72,0.53,0.5,2023-08-22,1148,N,VIIRS,n,2,310.62,9.35,D,0
41.09945,26.19983,356.53,0.54,0.51,2023-08-22,1148,N,VIIRS,n,2,309.48,27.28,D,0
41.08507,26.06782,351.51,0.53,0.5,2023-08-22,1148,N,VIIRS,l,2,328.09,142.03,D,0
41.08605,26.0811,352.02,0.53,0.5,2023-08-22,1148,N,VIIRS,n,2,310.08,85.81,D,0
41.08655,26.08798,347.39,0.53,0.5,2023-08-22,1148,N,VIIRS,n,2,309.85,30.07,D,0
41.08703,26.09443,347.98,0.53,0.5,2023-08-22,1148,N,VIIRS,n,2,311.85,30.07,D,0
41.08747,26.10049,337.11,0.53,0.5,2023-08-22,1148,N,VIIRS,l,2,309.35,9.35,D,0
41.08554,26.07418,367,0.53,0.5,2023-08-22,1148,N,VIIRS,h,2,314.44,85.81,D,0
41.09473,26.20032,367,0.54,0.51,2023-08-22,1148,N,VIIRS,h,2,311.77,27.28,D,0
41.07861,26.04388,354.66,0.53,0.5,2023-08-22,1148,N,VIIRS,n,2,303.03,62.52,D,0
41.07909,26.05041,353.22,0.53,0.5,2023-08-22,1148,N,VIIRS,n,2,303.38,45.65,D,0
41.07954,26.05664,350.87,0.53,0.5,2023-08-22,1148,N,VIIRS,n,2,317.67,45.65,D,0
41.07997,26.06255,355.11,0.53,0.5,2023-08-22,1148,N,VIIRS,n,2,318.48,29.47,D,0
41.08043,26.06884,357.24,0.53,0.5,2023-08-22,1148,N,VIIRS,n,2,309.79,29.47,D,0
41.08092,26.07547,352.7,0.53,0.5,2023-08-22,1148,N,VIIRS,n,2,315.56,31.39,D,0
41.08142,26.08233,345.76,0.53,0.5,2023-08-22,1148,N,VIIRS,n,2,306.73,31.39,D,0
41.08236,26.09527,347.54,0.53,0.5,2023-08-22,1148,N,VIIRS,n,2,307.74,9.41,D,0
41.09,26.20059,355.08,0.54,0.51,2023-08-22,1148,N,VIIRS,n,2,313.71,52.59,D,0
41.07347,26.03802,346.96,0.53,0.5,2023-08-22,1148,N,VIIRS,n,2,302.96,62.52,D,0
41.07396,26.04466,345.59,0.53,0.5,2023-08-22,1148,N,VIIRS,n,2,320.33,62.52,D,0
41.07443,26.05124,357.18,0.53,0.5,2023-08-22,1148,N,VIIRS,n,2,306.54,45.65,D,0
41.07533,26.06354,348.47,0.53,0.5,2023-08-22,1148,N,VIIRS,n,2,306.82,29.47,D,0
41.07627,26.07649,351.29,0.53,0.5,2023-08-22,1148,N,VIIRS,n,2,307.01,31.39,D,0
41.07489,26.05746,367,0.53,0.5,2023-08-22,1148,N,VIIRS,h,2,309.36,45.65,D,0
41.06877,26.03831,355.48,0.53,0.5,2023-08-22,1148,N,VIIRS,n,2,317.99,44.75,D,0
41.06977,26.05195,348.03,0.53,0.5,2023-08-22,1148,N,VIIRS,n,2,306.47,6.89,D,0
41.07024,26.0584,343.57,0.53,0.5,2023-08-22,1148,N,VIIRS,n,2,306.87,6.89,D,0
41.06928,26.04526,367,0.53,0.5,2023-08-22,1148,N,VIIRS,h,2,308.49,44.75,D,0
41.06357,26.03156,355.93,0.53,0.5,2023-08-22,1148,N,VIIRS,n,2,309.96,132.95,D,0
41.06405,26.03815,356.92,0.53,0.5,2023-08-22,1148,N,VIIRS,n,2,306.94,44.75,D,0
41.06458,26.04543,345.45,0.53,0.5,2023-08-22,1148,N,VIIRS,n,2,306.89,44.75,D,0
41.0651,26.05259,340.43,0.53,0.5,2023-08-22,1148,N,VIIRS,n,2,306.99,6.89,D,0
41.07485,26.18806,339.35,0.54,0.51,2023-08-22,1148,N,VIIRS,n,2,305.1,7.92,D,0
41.0584,26.0251,338.8,0.53,0.5,2023-08-22,1148,N,VIIRS,n,2,297.53,16.45,D,0
41.05887,26.03158,367,0.53,0.5,2023-08-22,1148,N,VIIRS,h,2,304.02,16.45,D,0
41.05228,26.00561,353.78,0.53,0.5,2023-08-22,1148,N,VIIRS,n,2,317.81,176.44,D,0
41.05275,26.0121,351.64,0.53,0.5,2023-08-22,1148,N,VIIRS,n,2,302.47,40.31,D,0
41.05323,26.01869,356.57,0.53,0.5,2023-08-22,1148,N,VIIRS,n,2,301.15,40.31,D,0
41.0537,26.02525,341.68,0.53,0.5,2023-08-22,1148,N,VIIRS,n,2,299.97,16.45,D,0
41.05418,26.03185,345.74,0.53,0.5,2023-08-22,1148,N,VIIRS,n,2,301.93,16.45,D,0
41.04716,25.99982,355.36,0.53,0.5,2023-08-22,1148,N,VIIRS,n,2,306.58,54.26,D,0
41.04765,26.00664,356.87,0.53,0.5,2023-08-22,1148,N,VIIRS,n,2,314.97,54.26,D,0
41.04861,26.01987,350.78,0.53,0.5,2023-08-22,1148,N,VIIRS,n,2,303.33,13.25,D,0
41.04815,26.01341,367,0.53,0.5,2023-08-22,1148,N,VIIRS,h,2,306.12,13.25,D,0
41.04156,25.98725,341.7,0.53,0.5,2023-08-22,1148,N,VIIRS,n,2,301.67,11.79,D,0
41.04204,25.99386,343.89,0.53,0.5,2023-08-22,1148,N,VIIRS,n,2,302.31,11.79,D,0
41.04351,26.0144,346.79,0.53,0.5,2023-08-22,1148,N,VIIRS,n,2,302.46,13.25,D,0
41.04399,26.02098,343.88,0.53,0.5,2023-08-22,1148,N,VIIRS,n,2,301.42,13.25,D,0
41.04444,26.02728,343.1,0.53,0.5,2023-08-22,1148,N,VIIRS,n,2,305.24,11.59,D,0
41.05423,26.165,351.51,0.54,0.51,2023-08-22,1148,N,VIIRS,n,2,308.4,17.66,D,0
41.04999,26.17204,349.28,0.54,0.51,2023-08-22,1148,N,VIIRS,n,2,291.74,7.21,D,0
41.03328,26.00283,345.16,0.53,0.5,2023-08-22,1148,N,VIIRS,n,2,303.82,10.77,D,0
41.04528,26.17246,346.77,0.54,0.51,2023-08-22,1148,N,VIIRS,n,2,307.06,7.21,D,0
41.03565,26.10268,333.85,0.53,0.5,2023-08-22,1148,N,VIIRS,l,2,305.12,1.39,D,0
41.04013,26.16662,350.79,0.54,0.51,2023-08-22,1148,N,VIIRS,n,2,314.3,13.01,D,0
41.04059,26.17326,343.93,0.54,0.51,2023-08-22,1148,N,VIIRS,n,2,311.07,16.17,D,0
41.03454,26.15438,337.68,0.54,0.51,2023-08-22,1148,N,VIIRS,l,2,311.18,7.17,D,0
41.03545,26.16744,354.14,0.54,0.51,2023-08-22,1148,N,VIIRS,n,2,312.69,13.01,D,0
41.0303,26.1615,346.33,0.54,0.51,2023-08-22,1148,N,VIIRS,l,2,317.73,53.27,D,0
41.03077,26.16831,353.11,0.54,0.51,2023-08-22,1148,N,VIIRS,n,2,314.8,53.27,D,0
41.00982,25.93677,344.75,0.52,0.5,2023-08-22,1148,N,VIIRS,n,2,300.29,10.85,D,0
41.01024,25.94282,350.26,0.52,0.5,2023-08-22,1148,N,VIIRS,n,2,301,15.52,D,0
41.01162,25.96227,345.45,0.52,0.5,2023-08-22,1148,N,VIIRS,n,2,295.05,6.22,D,0
41.02561,26.16226,355.75,0.54,0.51,2023-08-22,1148,N,VIIRS,n,2,321.66,53.27,D,0
41.02047,26.15639,367,0.54,0.51,2023-08-22,1148,N,VIIRS,l,2,326.88,88.52,D,0
41.00516,25.93713,347.4,0.52,0.5,2023-08-22,1148,N,VIIRS,n,2,302.53,27.46,D,0
41.01963,26.14431,338.25,0.54,0.51,2023-08-22,1148,N,VIIRS,n,2,307.88,27.51,D,0
41.02092,26.16298,344.62,0.54,0.51,2023-08-22,1148,N,VIIRS,n,2,310.76,22.99,D,0
41.00474,25.93128,367,0.52,0.5,2023-08-22,1148,N,VIIRS,h,2,302.57,27.46,D,0
41.02005,26.15026,367,0.54,0.51,2023-08-22,1148,N,VIIRS,h,2,325.3,88.52,D,0
41.01536,26.151,367,0.54,0.51,2023-08-22,1148,N,VIIRS,l,2,328.19,88.52,D,0
40.99743,25.89404,346.86,0.52,0.5,2023-08-22,1148,N,VIIRS,n,2,297.47,45.94,D,0
40.99786,25.90012,353.72,0.52,0.5,2023-08-22,1148,N,VIIRS,n,2,308.43,45.94,D,0
40.9983,25.90637,355.88,0.52,0.5,2023-08-22,1148,N,VIIRS,n,2,302.25,35.65,D,0
40.99878,25.91309,341.63,0.52,0.5,2023-08-22,1148,N,VIIRS,n,2,297.93,35.65,D,0
40.99922,25.91937,354.15,0.52,0.5,2023-08-22,1148,N,VIIRS,n,2,304.46,69.01,D,0
40.99968,25.92579,355.75,0.52,0.5,2023-08-22,1148,N,VIIRS,n,2,312.02,69.01,D,0
41.01495,26.145,354.37,0.54,0.51,2023-08-22,1148,N,VIIRS,n,2,311.16,27.51,D,0
41.01579,26.1572,345.37,0.54,0.51,2023-08-22,1148,N,VIIRS,n,2,310.6,88.52,D,0
41.00011,25.93193,367,0.52,0.5,2023-08-22,1148,N,VIIRS,h,2,310.91,27.46,D,0
40.99102,25.86949,330.95,0.52,0.5,2023-08-22,1148,N,VIIRS,n,2,296.95,136.17,D,0
40.99147,25.87592,332.88,0.52,0.5,2023-08-22,1148,N,VIIRS,n,2,297.2,136.17,D,0
40.99192,25.88219,336.48,0.52,0.5,2023-08-22,1148,N,VIIRS,n,2,297.1,70.57,D,0
40.99236,25.88843,344.46,0.52,0.5,2023-08-22,1148,N,VIIRS,n,2,297.64,70.57,D,0
39.23073,22.4945,367,0.51,0.41,2023-08-22,1148,N,VIIRS,h,2,342.32,94.08,D,0
39.23139,22.50067,336.64,0.51,0.41,2023-08-22,1148,N,VIIRS,n,2,310.3,13.72,D,0
39.23518,22.49995,336.93,0.51,0.41,2023-08-22,1148,N,VIIRS,n,2,309.21,13.72,D,0
39.23452,22.49384,354.04,0.51,0.41,2023-08-22,1148,N,VIIRS,n,2,310.39,94.08,D,0
39.08776,20.75094,356.51,0.44,0.38,2023-08-22,1148,N,VIIRS,n,2,314.76,10.88,D,0
40.34364,23.41762,356.04,0.39,0.44,2023-08-22,1148,N,VIIRS,n,2,316.57,18.14,D,0
40.34319,23.41306,356.47,0.39,0.44,2023-08-22,1148,N,VIIRS,n,2,317.44,36.16,D,0
40.34229,23.40396,353.54,0.38,0.44,2023-08-22,1148,N,VIIRS,n,2,320.25,34.27,D,0
40.34184,23.39951,352.35,0.38,0.44,2023-08-22,1148,N,VIIRS,n,2,317.35,34.27,D,0
40.3414,23.39509,337.38,0.38,0.44,2023-08-22,1148,N,VIIRS,n,2,309.4,38.31,D,0
40.34764,23.41674,367,0.39,0.44,2023-08-22,1148,N,VIIRS,h,2,318.22,18.14,D,0
40.34673,23.40761,367,0.38,0.44,2023-08-22,1148,N,VIIRS,h,2,320.28,36.16,D,0
40.34628,23.40304,367,0.38,0.44,2023-08-22,1148,N,VIIRS,h,2,324.29,34.27,D,0
40.34541,23.39426,367,0.38,0.44,2023-08-22,1148,N,VIIRS,h,2,351.68,38.31,D,0
40.34719,23.41222,348.4,0.39,0.44,2023-08-22,1148,N,VIIRS,n,2,318.19,36.16,D,0
40.34498,23.38991,343.35,0.38,0.43,2023-08-22,1148,N,VIIRS,n,2,307.11,38.31,D,0
40.34584,23.39863,353.59,0.38,0.44,2023-08-22,1148,N,VIIRS,l,2,336.84,34.27,D,0
40.35031,23.4024,367,0.38,0.44,2023-08-22,1148,N,VIIRS,h,2,351.79,129.66,D,0
40.34986,23.39795,367,0.38,0.44,2023-08-22,1148,N,VIIRS,h,2,332.67,129.66,D,0
40.35164,23.41591,352.87,0.39,0.44,2023-08-22,1148,N,VIIRS,n,2,320.36,47.92,D,0
40.35075,23.40692,354.37,0.38,0.44,2023-08-22,1148,N,VIIRS,n,2,317.79,54.81,D,0
40.34943,23.39353,348.05,0.38,0.44,2023-08-22,1148,N,VIIRS,n,2,312.45,58.99,D,0
40.3512,23.41143,367,0.39,0.44,2023-08-22,1148,N,VIIRS,l,2,333.33,54.81,D,0
40.41503,21.8115,340.41,0.49,0.4,2023-08-22,1148,N,VIIRS,n,2,313.78,3.33,D,0
40.83075,26.06082,347.73,0.53,0.5,2023-08-22,1148,N,VIIRS,n,2,315.55,12.19,D,0
40.84242,26.02726,349.54,0.53,0.5,2023-08-22,1148,N,VIIRS,n,2,310.5,8.07,D,0
40.85819,25.74086,340.13,0.51,0.49,2023-08-22,1148,N,VIIRS,n,2,296.92,23.58,D,0
40.86518,25.77133,367,0.51,0.49,2023-08-22,1148,N,VIIRS,h,2,331.7,113.56,D,0
40.86614,25.78371,339.27,0.51,0.49,2023-08-22,1148,N,VIIRS,n,2,307.1,167.12,D,0
40.86471,25.76518,356.68,0.51,0.49,2023-08-22,1148,N,VIIRS,n,2,311.52,113.56,D,0
40.86371,25.75241,350.75,0.51,0.49,2023-08-22,1148,N,VIIRS,n,2,301.6,96.05,D,0
40.88557,25.97657,346.69,0.52,0.5,2023-08-22,1148,N,VIIRS,n,2,314.27,51.55,D,0
40.86974,25.77038,344.66,0.51,0.49,2023-08-22,1148,N,VIIRS,n,2,306.78,6.43,D,0
40.86926,25.7642,351.18,0.51,0.49,2023-08-22,1148,N,VIIRS,n,2,306.73,6.43,D,0
40.86876,25.75772,339.68,0.51,0.49,2023-08-22,1148,N,VIIRS,n,2,303.15,7.59,D,0
40.86825,25.75122,354.44,0.51,0.49,2023-08-22,1148,N,VIIRS,n,2,301.68,7.59,D,0
40.87431,25.76944,339.25,0.51,0.49,2023-08-22,1148,N,VIIRS,n,2,307.26,6.43,D,0
40.87381,25.76316,335.71,0.51,0.49,2023-08-22,1148,N,VIIRS,n,2,304.56,6.43,D,0
40.87331,25.75668,339.91,0.51,0.49,2023-08-22,1148,N,VIIRS,n,2,302.2,7.59,D,0
40.87277,25.74984,347.41,0.51,0.49,2023-08-22,1148,N,VIIRS,n,2,298.07,7.59,D,0
40.86719,25.67849,332.75,0.51,0.49,2023-08-22,1148,N,VIIRS,n,2,286.6,18.47,D,0
40.87228,25.74358,356.86,0.51,0.49,2023-08-22,1148,N,VIIRS,l,2,299.4,15.3,D,0
40.87836,25.76203,340.14,0.51,0.49,2023-08-22,1148,N,VIIRS,n,2,305.99,7.34,D,0
40.87785,25.75547,345.84,0.51,0.49,2023-08-22,1148,N,VIIRS,n,2,300.44,15.45,D,0
40.87732,25.74874,354.81,0.51,0.49,2023-08-22,1148,N,VIIRS,n,2,295.33,15.45,D,0
40.87597,25.73156,354.67,0.51,0.49,2023-08-22,1148,N,VIIRS,n,2,284.41,53.49,D,0
40.87552,25.72581,351.08,0.51,0.49,2023-08-22,1148,N,VIIRS,n,2,291.09,53.49,D,0
40.87684,25.74266,357.73,0.51,0.49,2023-08-22,1148,N,VIIRS,l,2,294.22,57.84,D,0
40.8834,25.76719,336.62,0.51,0.49,2023-08-22,1148,N,VIIRS,l,2,307.1,7.34,D,0
40.88288,25.76067,347.21,0.51,0.49,2023-08-22,1148,N,VIIRS,n,2,302.29,7.34,D,0
40.88235,25.7539,355.4,0.51,0.49,2023-08-22,1148,N,VIIRS,n,2,294.36,15.45,D,0
40.88184,25.74735,357.12,0.51,0.49,2023-08-22,1148,N,VIIRS,l,2,291.11,15.45,D,0
40.88008,25.72494,357.12,0.51,0.49,2023-08-22,1148,N,VIIRS,l,2,288.22,53.49,D,0
40.88845,25.7725,336.64,0.51,0.49,2023-08-22,1148,N,VIIRS,n,2,306.48,6.1,D,0
40.88792,25.76585,339.69,0.51,0.49,2023-08-22,1148,N,VIIRS,n,2,294.76,5.76,D,0
40.89351,25.77792,336.36,0.51,0.49,2023-08-22,1148,N,VIIRS,n,2,305.16,6.1,D,0
40.89299,25.77128,342.26,0.51,0.49,2023-08-22,1148,N,VIIRS,n,2,303.25,6.1,D,0
40.88839,25.97616,347.03,0.52,0.5,2023-08-22,1148,N,VIIRS,n,2,314.29,58.29,D,0
40.8728,25.75656,339.52,0.51,0.49,2023-08-22,1148,N,VIIRS,n,2,302.21,11.28,D,0
40.8723,25.7497,347.17,0.51,0.49,2023-08-22,1148,N,VIIRS,n,2,297.81,17.56,D,0
40.87186,25.74345,355.98,0.51,0.49,2023-08-22,1148,N,VIIRS,n,2,300.84,17.56,D,0
40.86712,25.67823,334.34,0.51,0.49,2023-08-22,1148,N,VIIRS,n,2,287.57,11.02,D,0
40.87734,25.75535,345.54,0.51,0.49,2023-08-22,1148,N,VIIRS,n,2,300.98,11.28,D,0
40.87685,25.7486,354.25,0.51,0.49,2023-08-22,1148,N,VIIRS,n,2,295.1,17.56,D,0
40.8756,25.73138,354.2,0.51,0.49,2023-08-22,1148,N,VIIRS,n,2,282.77,42.92,D,0
40.87519,25.72561,351.8,0.51,0.49,2023-08-22,1148,N,VIIRS,n,2,291.39,38.83,D,0
40.99324,25.90089,351.59,0.52,0.5,2023-08-22,1148,N,VIIRS,n,2,325.61,120.54,D,0
40.99505,25.92653,356.48,0.52,0.5,2023-08-22,1148,N,VIIRS,n,2,305.91,24.98,D,0
40.99547,25.93256,348.41,0.52,0.5,2023-08-22,1148,N,VIIRS,n,2,302.87,12.31,D,0
41.00982,26.13926,335.52,0.54,0.51,2023-08-22,1148,N,VIIRS,n,2,307.54,54.47,D,0
40.87477,25.71987,337.16,0.51,0.49,2023-08-22,1148,N,VIIRS,n,2,272.88,38.83,D,0
40.87642,25.74253,357.36,0.51,0.49,2023-08-22,1148,N,VIIRS,l,2,293.49,17.56,D,0
40.88235,25.76059,346.37,0.51,0.49,2023-08-22,1148,N,VIIRS,n,2,302.21,12.2,D,0
40.88186,25.75382,354.98,0.51,0.49,2023-08-22,1148,N,VIIRS,n,2,293.26,12.2,D,0
40.88139,25.74726,356.95,0.51,0.49,2023-08-22,1148,N,VIIRS,l,2,289.13,24.86,D,0
40.88736,25.76576,339.06,0.51,0.49,2023-08-22,1148,N,VIIRS,n,2,294.73,17.26,D,0
40.88254,25.6997,334.94,0.51,0.49,2023-08-22,1148,N,VIIRS,n,2,285.12,1.98,D,0
40.88207,25.69329,330.85,0.51,0.49,2023-08-22,1148,N,VIIRS,n,2,288.22,1.98,D,0
40.8924,25.77118,341.8,0.51,0.49,2023-08-22,1148,N,VIIRS,n,2,303.79,4.36,D,0
40.88709,25.69879,333.83,0.51,0.49,2023-08-22,1148,N,VIIRS,n,2,289.67,9.17,D,0
40.89743,25.7767,338.59,0.51,0.49,2023-08-22,1148,N,VIIRS,n,2,302.85,17.79,D,0
40.89694,25.77003,341.15,0.51,0.49,2023-08-22,1148,N,VIIRS,n,2,297.55,4.36,D,0
40.90247,25.78224,341.42,0.51,0.5,2023-08-22,1148,N,VIIRS,n,2,304.44,11.15,D,0
40.90199,25.77562,347.08,0.51,0.49,2023-08-22,1148,N,VIIRS,n,2,301.23,11.15,D,0
40.90799,25.79419,347.05,0.51,0.5,2023-08-22,1148,N,VIIRS,n,2,303.49,11.21,D,0
40.90752,25.78776,343.57,0.51,0.5,2023-08-22,1148,N,VIIRS,n,2,304.55,11.21,D,0
40.90705,25.78129,356.04,0.51,0.5,2023-08-22,1148,N,VIIRS,n,2,306.92,11.15,D,0
40.91306,25.79987,340.5,0.51,0.5,2023-08-22,1148,N,VIIRS,n,2,296.67,5.92,D,0
40.91162,25.78044,356.38,0.51,0.5,2023-08-22,1148,N,VIIRS,l,2,287.68,13.18,D,0
40.93838,26.0848,343.99,0.53,0.5,2023-08-22,1148,N,VIIRS,n,2,311.08,32.13,D,0
40.93793,26.07849,349.21,0.53,0.5,2023-08-22,1148,N,VIIRS,n,2,317.7,32.13,D,0
40.91905,25.81821,342.61,0.51,0.5,2023-08-22,1148,N,VIIRS,n,2,305.59,8.74,D,0
40.9186,25.81214,340.35,0.51,0.5,2023-08-22,1148,N,VIIRS,n,2,302.64,8.74,D,0
40.91814,25.80589,339.84,0.51,0.5,2023-08-22,1148,N,VIIRS,n,2,299.34,5.92,D,0
40.94259,26.07776,367,0.53,0.5,2023-08-22,1148,N,VIIRS,h,2,315.37,36.5,D,0
40.92318,25.81119,367,0.51,0.5,2023-08-22,1148,N,VIIRS,h,2,306.47,12.83,D,0
40.92273,25.80506,367,0.51,0.5,2023-08-22,1148,N,VIIRS,h,2,297.84,14.77,D,0
40.9435,26.09039,354.22,0.53,0.5,2023-08-22,1148,N,VIIRS,n,2,322.06,77.82,D,0
40.92505,25.83641,343.2,0.52,0.5,2023-08-22,1148,N,VIIRS,n,2,304.36,11.24,D,0
40.92458,25.8301,339.39,0.52,0.5,2023-08-22,1148,N,VIIRS,n,2,304.41,11.18,D,0
40.9241,25.82357,348.12,0.51,0.5,2023-08-22,1148,N,VIIRS,n,2,306.76,11.18,D,0
40.92363,25.81728,355.8,0.51,0.5,2023-08-22,1148,N,VIIRS,n,2,308.12,12.83,D,0
40.94769,26.08317,367,0.53,0.5,2023-08-22,1148,N,VIIRS,h,2,317.76,36.5,D,0
40.92967,25.83606,367,0.52,0.5,2023-08-22,1148,N,VIIRS,h,2,309.7,11.24,D,0
40.9287,25.82298,367,0.51,0.5,2023-08-22,1148,N,VIIRS,h,2,312.7,11.18,D,0
40.92822,25.81638,367,0.51,0.5,2023-08-22,1148,N,VIIRS,h,2,307.3,12.83,D,0
40.94862,26.09603,346.38,0.53,0.5,2023-08-22,1148,N,VIIRS,l,2,317,77.82,D,0
40.94725,26.07703,342.33,0.53,0.5,2023-08-22,1148,N,VIIRS,n,2,314.26,36.5,D,0
40.93012,25.84212,353.3,0.52,0.5,2023-08-22,1148,N,VIIRS,n,2,307.57,11.24,D,0
40.92921,25.82986,355.75,0.52,0.5,2023-08-22,1148,N,VIIRS,n,2,309.52,11.18,D,0
40.92775,25.81013,355.55,0.51,0.5,2023-08-22,1148,N,VIIRS,n,2,303.13,12.83,D,0
40.92728,25.80387,351.66,0.51,0.5,2023-08-22,1148,N,VIIRS,n,2,290.45,14.77,D,0
40.93425,25.83508,367,0.52,0.5,2023-08-22,1148,N,VIIRS,h,2,306.9,9.55,D,0
40.93186,25.80296,367,0.51,0.5,2023-08-22,1148,N,VIIRS,h,2,300.38,20.9,D,0
40.95374,26.10164,342.75,0.53,0.5,2023-08-22,1148,N,VIIRS,n,2,309.42,20.3,D,0
40.95327,26.09506,352.82,0.53,0.5,2023-08-22,1148,N,VIIRS,n,2,318.21,16.75,D,0
40.9528,26.08857,340.83,0.53,0.5,2023-08-22,1148,N,VIIRS,n,2,312.42,16.75,D,0
40.93472,25.8413,344.33,0.52,0.5,2023-08-22,1148,N,VIIRS,n,2,301.6,9.55,D,0
40.93381,25.8291,353.95,0.52,0.5,2023-08-22,1148,N,VIIRS,n,2,306.15,9.3,D,0
40.93331,25.82239,355.99,0.51,0.5,2023-08-22,1148,N,VIIRS,n,2,303.58,9.3,D,0
40.93282,25.81575,349.83,0.51,0.5,2023-08-22,1148,N,VIIRS,n,2,301.21,10.23,D,0
40.93233,25.8093,354.77,0.51,0.5,2023-08-22,1148,N,VIIRS,n,2,302.53,10.23,D,0
40.93645,25.80226,367,0.51,0.5,2023-08-22,1148,N,VIIRS,h,2,302.2,20.9,D,0
40.95793,26.09429,337.53,0.53,0.5,2023-08-22,1148,N,VIIRS,l,2,309.63,16.75,D,0
40.95519,26.05647,355.8,0.53,0.5,2023-08-22,1148,N,VIIRS,n,2,306.6,12.46,D,0
40.93885,25.83426,340.8,0.52,0.5,2023-08-22,1148,N,VIIRS,n,2,298.67,9.55,D,0
40.93839,25.82816,342.01,0.52,0.5,2023-08-22,1148,N,VIIRS,n,2,299.42,9.3,D,0
40.9379,25.82166,345.31,0.51,0.5,2023-08-22,1148,N,VIIRS,n,2,300.03,9.3,D,0
40.93742,25.81515,350.12,0.51,0.5,2023-08-22,1148,N,VIIRS,n,2,299.46,10.23,D,0
40.93693,25.80861,355.1,0.51,0.5,2023-08-22,1148,N,VIIRS,n,2,299.27,10.23,D,0
40.93599,25.79607,356.71,0.51,0.5,2023-08-22,1148,N,VIIRS,l,2,291.43,20.9,D,0
40.94199,25.81413,367,0.51,0.5,2023-08-22,1148,N,VIIRS,h,2,301.11,50.54,D,0
40.94106,25.80172,367,0.51,0.5,2023-08-22,1148,N,VIIRS,h,2,303.85,51.34,D,0
40.96307,26.10009,353,0.53,0.5,2023-08-22,1148,N,VIIRS,n,2,313.84,41.64,D,0
40.96029,26.06182,346.16,0.53,0.5,2023-08-22,1148,N,VIIRS,n,2,304.75,12.94,D,0
40.95985,26.05581,355.4,0.53,0.5,2023-08-22,1148,N,VIIRS,n,2,304.99,13.77,D,0
40.94398,25.84071,342.17,0.52,0.5,2023-08-22,1148,N,VIIRS,n,2,290.92,16.91,D,0
40.94296,25.82711,346.3,0.52,0.5,2023-08-22,1148,N,VIIRS,n,2,299.04,13.56,D,0
40.94247,25.82053,356.78,0.51,0.5,2023-08-22,1148,N,VIIRS,n,2,302.61,13.56,D,0
40.94153,25.8079,357.08,0.51,0.5,2023-08-22,1148,N,VIIRS,n,2,304.83,50.54,D,0
40.9406,25.79556,355.67,0.51,0.5,2023-08-22,1148,N,VIIRS,n,2,308.16,51.34,D,0
40.94754,25.82613,367,0.52,0.5,2023-08-22,1148,N,VIIRS,h,2,300.09,13.56,D,0
40.94521,25.79509,367,0.51,0.5,2023-08-22,1148,N,VIIRS,h,2,298.33,51.34,D,0
40.96822,26.10601,355.76,0.53,0.5,2023-08-22,1148,N,VIIRS,n,2,317.04,41.64,D,0
40.96774,26.09942,350.25,0.53,0.5,2023-08-22,1148,N,VIIRS,n,2,311.89,41.64,D,0
40.96495,26.0612,350.58,0.53,0.5,2023-08-22,1148,N,VIIRS,n,2,305.83,12.94,D,0
40.9491,25.8468,343.89,0.52,0.5,2023-08-22,1148,N,VIIRS,n,2,286.97,13.06,D,0
40.94704,25.81946,351.33,0.51,0.5,2023-08-22,1148,N,VIIRS,n,2,299,13.56,D,0
40.94657,25.8132,348.65,0.51,0.5,2023-08-22,1148,N,VIIRS,n,2,294.84,50.54,D,0
40.94613,25.80723,354.86,0.51,0.5,2023-08-22,1148,N,VIIRS,n,2,303.81,50.54,D,0
40.94567,25.80118,350.23,0.51,0.5,2023-08-22,1148,N,VIIRS,n,2,301.31,51.34,D,0
40.94473,25.78872,347.89,0.51,0.5,2023-08-22,1148,N,VIIRS,n,2,296.26,46.32,D,0
40.94807,25.83315,358.21,0.52,0.5,2023-08-22,1148,N,VIIRS,l,2,296.31,16.91,D,0
40.95409,25.85125,367,0.52,0.5,2023-08-22,1148,N,VIIRS,h,2,298.35,17.77,D,0
40.97337,26.11188,355.73,0.53,0.5,2023-08-22,1148,N,VIIRS,n,2,320,25.84,D,0
40.97289,26.10531,346.68,0.53,0.5,2023-08-22,1148,N,VIIRS,n,2,309.62,14.79,D,0
40.97242,26.09879,349.03,0.53,0.5,2023-08-22,1148,N,VIIRS,n,2,311.14,14.79,D,0
40.95493,25.86247,337.37,0.52,0.5,2023-08-22,1148,N,VIIRS,n,2,297.49,5.56,D,0
40.95448,25.85654,341.75,0.52,0.5,2023-08-22,1148,N,VIIRS,n,2,296.37,5.56,D,0
40.95214,25.82546,346.43,0.52,0.5,2023-08-22,1148,N,VIIRS,n,2,303.2,47.27,D,0
40.95116,25.81241,338.61,0.51,0.5,2023-08-22,1148,N,VIIRS,n,2,290.77,7.77,D,0
40.9507,25.80627,344.48,0.51,0.5,2023-08-22,1148,N,VIIRS,n,2,289.48,7.77,D,0
40.97903,26.12467,367,0.53,0.5,2023-08-22,1148,N,VIIRS,h,2,313.64,17.84,D,0
40.97854,26.11799,356.14,0.53,0.5,2023-08-22,1148,N,VIIRS,n,2,310.05,25.84,D,0
40.97805,26.11125,347.61,0.53,0.5,2023-08-22,1148,N,VIIRS,n,2,307.01,25.84,D,0
40.97245,26.03492,338.03,0.53,0.5,2023-08-22,1148,N,VIIRS,n,2,305.13,5.29,D,0
40.97192,26.0279,343.12,0.53,0.5,2023-08-22,1148,N,VIIRS,n,2,305,6.51,D,0
40.97142,26.02108,339.57,0.53,0.5,2023-08-22,1148,N,VIIRS,n,2,303.63,6.51,D,0
40.97088,26.01382,353.84,0.53,0.5,2023-08-22,1148,N,VIIRS,n,2,304.91,7.47,D,0
40.97038,26.007,343.76,0.53,0.5,2023-08-22,1148,N,VIIRS,n,2,303.81,7.47,D,0
40.95958,25.86234,342.01,0.52,0.5,2023-08-22,1148,N,VIIRS,n,2,292.64,5.56,D,0
40.95913,25.85641,346.05,0.52,0.5,2023-08-22,1148,N,VIIRS,n,2,290.59,5.56,D,0
40.95829,25.84526,346.41,0.52,0.5,2023-08-22,1148,N,VIIRS,n,2,293.35,17.77,D,0
40.95677,25.8251,344.61,0.52,0.5,2023-08-22,1148,N,VIIRS,n,2,294.07,47.27,D,0
40.97711,26.03435,367,0.53,0.5,2023-08-22,1148,N,VIIRS,h,2,308.4,35.8,D,0
40.97558,26.0138,367,0.53,0.5,2023-08-22,1148,N,VIIRS,h,2,309.04,17.72,D,0
40.96292,25.84488,367,0.52,0.5,2023-08-22,1148,N,VIIRS,h,2,297.04,36.52,D,0
40.96194,25.83195,367,0.52,0.5,2023-08-22,1148,N,VIIRS,h,2,325.42,138.08,D,0
40.98467,26.13718,344.75,0.54,0.5,2023-08-22,1148,N,VIIRS,n,2,309.59,124.69,D,0
40.98419,26.13057,353.94,0.53,0.5,2023-08-22,1148,N,VIIRS,n,2,321.57,74.36,D,0
40.97661,26.02759,354.15,0.53,0.5,2023-08-22,1148,N,VIIRS,n,2,313.41,91.61,D,0
40.9761,26.02079,355.72,0.53,0.5,2023-08-22,1148,N,VIIRS,n,2,305.61,91.61,D,0
40.97506,26.00687,344.5,0.53,0.5,2023-08-22,1148,N,VIIRS,n,2,301.23,17.72,D,0
40.96247,25.83881,357.49,0.52,0.5,2023-08-22,1148,N,VIIRS,n,2,300.84,138.08,D,0
40.96335,25.85054,357.5,0.52,0.5,2023-08-22,1148,N,VIIRS,l,2,291,36.52,D,0
40.96844,25.85613,367,0.52,0.5,2023-08-22,1148,N,VIIRS,h,2,293.58,36.64,D,0
40.96753,25.84416,367,0.52,0.5,2023-08-22,1148,N,VIIRS,h,2,299.51,36.52,D,0
40.98887,26.12987,353.01,0.53,0.5,2023-08-22,1148,N,VIIRS,n,2,311.9,74.36,D,0
40.98176,26.03368,353.06,0.53,0.5,2023-08-22,1148,N,VIIRS,n,2,303.78,35.8,D,0
40.98078,26.02043,355.77,0.53,0.5,2023-08-22,1148,N,VIIRS,n,2,304.71,91.61,D,0
40.98028,26.01378,334.82,0.53,0.5,2023-08-22,1148,N,VIIRS,n,2,303.25,17.72,D,0
40.9788,25.99391,340.09,0.53,0.5,2023-08-22,1148,N,VIIRS,n,2,305.45,6.13,D,0
40.97834,25.98775,342.92,0.53,0.5,2023-08-22,1148,N,VIIRS,n,2,305.58,4.63,D,0
40.96798,25.85014,356.45,0.52,0.5,2023-08-22,1148,N,VIIRS,n,2,302.44,36.52,D,0
40.96707,25.83814,356.63,0.52,0.5,2023-08-22,1148,N,VIIRS,n,2,299.83,138.08,D,0
40.96658,25.83169,353.7,0.52,0.5,2023-08-22,1148,N,VIIRS,n,2,297.9,138.08,D,0
40.98936,26.13658,367,0.54,0.5,2023-08-22,1148,N,VIIRS,l,2,325.26,124.69,D,0
40.96888,25.86206,356.76,0.52,0.5,2023-08-22,1148,N,VIIRS,l,2,285.17,36.64,D,0
40.99454,26.14272,367,0.54,0.5,2023-08-22,1148,N,VIIRS,h,2,312.79,15.04,D,0
40.97307,25.85574,367,0.52,0.5,2023-08-22,1148,N,VIIRS,h,2,297.96,113.14,D,0
40.99505,26.14956,343.24,0.54,0.51,2023-08-22,1148,N,VIIRS,n,2,308.75,11.9,D,0
40.99405,26.13593,347.08,0.54,0.5,2023-08-22,1148,N,VIIRS,n,2,312.79,15.04,D,0
40.98593,26.02646,338.09,0.53,0.5,2023-08-22,1148,N,VIIRS,n,2,303.65,8.68,D,0
40.98544,26.01995,345.75,0.53,0.5,2023-08-22,1148,N,VIIRS,n,2,307.33,8.68,D,0
40.98496,26.01352,354.78,0.53,0.5,2023-08-22,1148,N,VIIRS,n,2,308.83,11.32,D,0
40.98301,25.98741,341.19,0.53,0.5,2023-08-22,1148,N,VIIRS,n,2,305.5,6.68,D,0
40.97545,25.88709,337.32,0.52,0.5,2023-08-22,1148,N,VIIRS,n,2,297.03,10.11,D,0
40.97497,25.88073,346.47,0.52,0.5,2023-08-22,1148,N,VIIRS,n,2,294.76,10.11,D,0
40.97446,25.87414,351.84,0.52,0.5,2023-08-22,1148,N,VIIRS,n,2,294.4,34.92,D,0
40.97213,25.84344,350.02,0.52,0.5,2023-08-22,1148,N,VIIRS,n,2,295.95,108.68,D,0
40.97168,25.83745,338.78,0.52,0.5,2023-08-22,1148,N,VIIRS,n,2,294.8,14.25,D,0
40.9796,25.88026,367,0.52,0.5,2023-08-22,1148,N,VIIRS,h,2,295.64,10.11,D,0
40.97909,25.87358,367,0.52,0.5,2023-08-22,1148,N,VIIRS,h,2,300.43,34.92,D,0
40.99975,26.14906,344.7,0.54,0.51,2023-08-22,1148,N,VIIRS,n,2,310.33,11.9,D,0
40.99924,26.14225,351.58,0.54,0.5,2023-08-22,1148,N,VIIRS,n,2,312.97,15.04,D,0
40.99874,26.1354,336.86,0.54,0.5,2023-08-22,1148,N,VIIRS,n,2,311.16,15.04,D,0
40.98964,26.01318,352.67,0.53,0.5,2023-08-22,1148,N,VIIRS,n,2,306.31,11.32,D,0
40.98057,25.89297,337.12,0.52,0.5,2023-08-22,1148,N,VIIRS,n,2,297.71,10.52,D,0
40.98009,25.88663,351.14,0.52,0.5,2023-08-22,1148,N,VIIRS,n,2,294.85,10.11,D,0
40.97814,25.86114,352.03,0.52,0.5,2023-08-22,1148,N,VIIRS,n,2,296.38,113.14,D,0
40.97768,25.85506,343.34,0.52,0.5,2023-08-22,1148,N,VIIRS,n,2,299.39,113.14,D,0
40.97721,25.84889,352.52,0.52,0.5,2023-08-22,1148,N,VIIRS,n,2,296.75,108.68,D,0
40.97674,25.84275,339.78,0.52,0.5,2023-08-22,1148,N,VIIRS,n,2,295.92,108.68,D,0
40.9786,25.86725,356.88,0.52,0.5,2023-08-22,1148,N,VIIRS,l,2,294.38,34.92,D,0
40.98469,25.88577,367,0.52,0.5,2023-08-22,1148,N,VIIRS,h,2,302.29,193.88,D,0
40.98371,25.87292,367,0.52,0.5,2023-08-22,1148,N,VIIRS,h,2,325.85,147.74,D,0
41.00445,26.14857,343.71,0.54,0.51,2023-08-22,1148,N,VIIRS,n,2,309.26,52.84,D,0
41.00395,26.14185,347.34,0.54,0.5,2023-08-22,1148,N,VIIRS,n,2,310.17,24.71,D,0
40.99431,26.0128,339.76,0.53,0.5,2023-08-22,1148,N,VIIRS,n,2,305.53,6.8,D,0
40.98565,25.89837,342.11,0.52,0.5,2023-08-22,1148,N,VIIRS,n,2,300.35,32.77,D,0
40.98517,25.89214,354.01,0.52,0.5,2023-08-22,1148,N,VIIRS,n,2,300.54,32.77,D,0
40.98275,25.86039,356.54,0.52,0.5,2023-08-22,1148,N,VIIRS,n,2,294.72,18.21,D,0
40.98228,25.8543,342.6,0.52,0.5,2023-08-22,1148,N,VIIRS,n,2,295.6,18.21,D,0
40.98978,25.89126,367,0.52,0.5,2023-08-22,1148,N,VIIRS,h,2,300.57,32.77,D,0
41.00866,26.14148,340.85,0.54,0.5,2023-08-22,1148,N,VIIRS,n,2,309.87,24.71,D,0
40.99219,25.9229,344.02,0.52,0.5,2023-08-22,1148,N,VIIRS,n,2,300.53,6.9,D,0
40.99171,25.91664,347.22,0.52,0.5,2023-08-22,1148,N,VIIRS,n,2,302.4,6.9,D,0
40.99122,25.91018,354.77,0.52,0.5,2023-08-22,1148,N,VIIRS,n,2,303.85,17.8,D,0
40.99072,25.90361,356.33,0.52,0.5,2023-08-22,1148,N,VIIRS,n,2,303.72,17.8,D,0
40.99026,25.8976,355.94,0.52,0.5,2023-08-22,1148,N,VIIRS,n,2,306.8,32.77,D,0
40.98882,25.87876,352.06,0.52,0.5,2023-08-22,1148,N,VIIRS,n,2,297.97,193.88,D,0
40.98832,25.87225,353.05,0.52,0.5,2023-08-22,1148,N,VIIRS,n,2,297.52,147.74,D,0
40.98782,25.86577,349.53,0.52,0.5,2023-08-22,1148,N,VIIRS,n,2,296.68,147.74,D,0
41.00913,26.14787,367,0.54,0.51,2023-08-22,1148,N,VIIRS,l,2,326.39,52.84,D,0
40.9973,25.92848,367,0.52,0.5,2023-08-22,1148,N,VIIRS,h,2,309.69,32.67,D,0
40.99583,25.90933,367,0.52,0.5,2023-08-22,1148,N,VIIRS,h,2,306.48,76.74,D,0
41.01426,26.15319,351.26,0.54,0.51,2023-08-22,1148,N,VIIRS,n,2,309.57,86.32,D,0
41.01336,26.14103,344.66,0.54,0.5,2023-08-22,1148,N,VIIRS,n,2,309.27,40.84,D,0
40.99775,25.93436,350.28,0.52,0.5,2023-08-22,1148,N,VIIRS,n,2,304.45,32.67,D,0
40.99681,25.92205,355.27,0.52,0.5,2023-08-22,1148,N,VIIRS,n,2,314.74,46.21,D,0
40.99633,25.91583,355.07,0.52,0.5,2023-08-22,1148,N,VIIRS,n,2,306.22,46.21,D,0
40.99532,25.90273,350.74,0.52,0.5,2023-08-22,1148,N,VIIRS,n,2,318.94,76.74,D,0
40.99438,25.89046,339.41,0.52,0.5,2023-08-22,1148,N,VIIRS,n,2,297.37,115.15,D,0
41.01381,26.14719,367,0.54,0.51,2023-08-22,1148,N,VIIRS,l,2,325.5,86.32,D,0
40.99487,25.89676,367,0.52,0.5,2023-08-22,1148,N,VIIRS,l,2,325.76,115.15,D,0
41.01894,26.15237,367,0.54,0.51,2023-08-22,1148,N,VIIRS,h,2,344.41,86.32,D,0
41.00193,25.92778,367,0.52,0.5,2023-08-22,1148,N,VIIRS,h,2,307.64,32.67,D,0
41.01941,26.15872,352.93,0.54,0.51,2023-08-22,1148,N,VIIRS,n,2,316.73,79.43,D,0
41.0185,26.14648,343.39,0.54,0.51,2023-08-22,1148,N,VIIRS,n,2,310.34,86.32,D,0
41.00238,25.93373,350.52,0.52,0.5,2023-08-22,1148,N,VIIRS,n,2,306.01,32.67,D,0
41.00143,25.9214,347.25,0.52,0.5,2023-08-22,1148,N,VIIRS,n,2,300.82,46.21,D,0
40.99995,25.90202,351.61,0.52,0.5,2023-08-22,1148,N,VIIRS,n,2,298.39,76.74,D,0
41.00748,25.93914,367,0.52,0.5,2023-08-22,1148,N,VIIRS,h,2,304.38,9.57,D,0
41.02459,26.16463,345.53,0.54,0.51,2023-08-22,1148,N,VIIRS,n,2,310.88,49.95,D,0
41.02362,26.15165,355.2,0.54,0.51,2023-08-22,1148,N,VIIRS,n,2,311.05,18.26,D,0
41.00896,25.95843,339.35,0.52,0.5,2023-08-22,1148,N,VIIRS,n,2,298.93,1.31,D,0
41.00795,25.94524,334.15,0.52,0.5,2023-08-22,1148,N,VIIRS,n,2,300.6,9.57,D,0
41.00702,25.9332,353.46,0.52,0.5,2023-08-22,1148,N,VIIRS,n,2,300.19,8.01,D,0
41.02409,26.15794,367,0.54,0.51,2023-08-22,1148,N,VIIRS,l,2,329.84,49.95,D,0
41.02979,26.17071,343.99,0.54,0.51,2023-08-22,1148,N,VIIRS,n,2,310.56,16.4,D,0
41.02927,26.16391,351.77,0.54,0.51,2023-08-22,1148,N,VIIRS,n,2,321.09,49.95,D,0
41.02877,26.15721,341.29,0.54,0.51,2023-08-22,1148,N,VIIRS,l,2,312.05,49.95,D,0
41.01214,25.93883,338.9,0.52,0.5,2023-08-22,1148,N,VIIRS,n,2,298.18,9.57,D,0
40.9882,25.89572,367,0.52,0.5,2023-08-22,1148,N,VIIRS,h,2,301.95,120.54,D,0
40.98775,25.88927,367,0.52,0.5,2023-08-22,1148,N,VIIRS,h,2,306.72,70.57,D,0
41.00557,26.14627,350.41,0.54,0.51,2023-08-22,1148,N,VIIRS,n,2,312.06,54.47,D,0
40.98954,25.91471,337.09,0.52,0.5,2023-08-22,1148,N,VIIRS,n,2,301.35,18.44,D,0
40.98907,25.90809,340.61,0.52,0.5,2023-08-22,1148,N,VIIRS,n,2,301.4,18.44,D,0
40.98863,25.90174,342.04,0.52,0.5,2023-08-22,1148,N,VIIRS,n,2,300.78,120.54,D,0
40.98595,25.86375,351.04,0.52,0.5,2023-08-22,1148,N,VIIRS,n,2,296.16,16.7,D,0
40.98552,25.85762,334.53,0.52,0.5,2023-08-22,1148,N,VIIRS,n,2,296.74,16.7,D,0
40.9873,25.88301,307.06,0.52,0.5,2023-08-22,1148,N,VIIRS,l,2,317.26,70.57,D,0
40.9864,25.8701,277.69,0.52,0.5,2023-08-22,1148,N,VIIRS,l,2,313.68,136.17,D,0
41.01026,26.14566,367,0.54,0.51,2023-08-22,1148,N,VIIRS,h,2,333.96,54.47,D,0
40.9946,25.92012,367,0.52,0.5,2023-08-22,1148,N,VIIRS,h,2,307.07,24.98,D,0
40.99416,25.91391,367,0.52,0.5,2023-08-22,1148,N,VIIRS,h,2,304.89,18.44,D,0
41.01068,26.1518,344.97,0.54,0.51,2023-08-22,1148,N,VIIRS,n,2,308.55,52.91,D,0
40.97426,25.73383,321.91,0.4,0.37,2023-08-23,0006,N,VIIRS,n,2,297.56,2.37,N,0
40.9736,25.73859,310.71,0.4,0.37,2023-08-23,0006,N,VIIRS,n,2,297.29,2.29,N,0
40.97294,25.74332,310.27,0.4,0.37,2023-08-23,0006,N,VIIRS,n,2,296.77,2.29,N,0
40.95845,25.84647,307.25,0.4,0.37,2023-08-23,0006,N,VIIRS,n,2,295.52,2.05,N,0
40.95778,25.85129,319.67,0.4,0.37,2023-08-23,0006,N,VIIRS,n,2,296.62,1.75,N,0
40.97158,25.72823,309.03,0.4,0.37,2023-08-23,0006,N,VIIRS,n,2,296.83,1.58,N,0
40.97091,25.73302,309.79,0.4,0.37,2023-08-23,0006,N,VIIRS,n,2,297.03,1.58,N,0
40.95708,25.83169,310.59,0.4,0.37,2023-08-23,0006,N,VIIRS,n,2,295.77,1.3,N,0
40.95643,25.83626,311.88,0.4,0.37,2023-08-23,0006,N,VIIRS,n,2,295.88,1.3,N,0
40.95577,25.84093,308.51,0.4,0.37,2023-08-23,0006,N,VIIRS,n,2,295.53,2.19,N,0
40.95372,25.83092,313.79,0.4,0.37,2023-08-23,0006,N,VIIRS,n,2,295.56,1.3,N,0
40.95955,25.75749,310.59,0.4,0.37,2023-08-23,0006,N,VIIRS,n,2,295.74,1.57,N,0
40.95889,25.76217,311.64,0.4,0.37,2023-08-23,0006,N,VIIRS,n,2,296.38,1.57,N,0
40.95958,25.7084,329.36,0.4,0.37,2023-08-23,0006,N,VIIRS,n,2,296.71,2.81,N,0
40.95552,25.73699,313.95,0.4,0.37,2023-08-23,0006,N,VIIRS,n,2,298.6,2.6,N,0
40.95148,25.74099,329.5,0.4,0.37,2023-08-23,0006,N,VIIRS,n,2,298.01,2.45,N,0
40.95286,25.7068,318.01,0.4,0.37,2023-08-23,0006,N,VIIRS,n,2,295.44,2.25,N,0
40.94814,25.74017,310.42,0.4,0.37,2023-08-23,0006,N,VIIRS,n,2,295.67,2.45,N,0
40.9441,25.74418,331.16,0.4,0.37,2023-08-23,0006,N,VIIRS,n,2,295.19,2.89,N,0
40.94342,25.74893,328.34,0.4,0.37,2023-08-23,0006,N,VIIRS,n,2,296.32,2.89,N,0
40.94277,25.75361,328.57,0.4,0.37,2023-08-23,0006,N,VIIRS,n,2,296.12,2.07,N,0
40.95152,25.69175,311.54,0.4,0.37,2023-08-23,0006,N,VIIRS,n,2,295.08,1.16,N,0
40.9495,25.706,313.29,0.4,0.37,2023-08-23,0006,N,VIIRS,n,2,294.62,1.68,N,0
40.94144,25.76291,313.23,0.4,0.37,2023-08-23,0006,N,VIIRS,n,2,294.1,1.57,N,0
40.93875,25.7575,311.38,0.4,0.37,2023-08-23,0006,N,VIIRS,n,2,294.57,2.07,N,0
40.93605,25.75207,310.82,0.4,0.37,2023-08-23,0006,N,VIIRS,n,2,293.66,1.64,N,0
40.93145,25.78455,309.27,0.4,0.37,2023-08-23,0006,N,VIIRS,n,2,295.4,1.57,N,0
41.07206,24.70613,309.5,0.42,0.38,2023-08-23,0006,N,VIIRS,n,2,295.2,2.26,N,0
41.07079,24.71576,313.08,0.42,0.38,2023-08-23,0006,N,VIIRS,n,2,295.65,2.52,N,0
40.93204,25.7314,315.45,0.4,0.37,2023-08-23,0006,N,VIIRS,n,2,293.83,1.8,N,0
41.06863,24.70519,322.8,0.42,0.38,2023-08-23,0006,N,VIIRS,n,2,295.54,2.26,N,0
40.93004,25.72104,330.54,0.4,0.37,2023-08-23,0006,N,VIIRS,n,2,298.11,6.31,N,0
40.92936,25.72582,328.9,0.4,0.37,2023-08-23,0006,N,VIIRS,n,2,296.59,6.31,N,0
41.07118,24.68581,307.99,0.42,0.38,2023-08-23,0006,N,VIIRS,n,2,294.4,1.57,N,0
41.06776,24.68479,331.48,0.42,0.38,2023-08-23,0006,N,VIIRS,n,2,297.55,4.94,N,0
40.92533,25.72978,306.87,0.4,0.37,2023-08-23,0006,N,VIIRS,n,2,294.56,1.04,N,0
40.924,25.71462,332.71,0.4,0.37,2023-08-23,0006,N,VIIRS,n,2,296.55,4.34,N,0
40.92333,25.71941,308.2,0.4,0.37,2023-08-23,0006,N,VIIRS,n,2,294.52,1.77,N,0
40.92265,25.72418,315.81,0.4,0.37,2023-08-23,0006,N,VIIRS,n,2,294.86,1.77,N,0
40.92199,25.72895,308.95,0.4,0.37,2023-08-23,0006,N,VIIRS,n,2,294.37,1.04,N,0
40.91668,25.76652,308.02,0.4,0.37,2023-08-23,0006,N,VIIRS,n,2,295.24,1.31,N,0
40.91602,25.77117,312.68,0.4,0.37,2023-08-23,0006,N,VIIRS,n,2,295.24,1.31,N,0
40.91864,25.72811,320.36,0.4,0.37,2023-08-23,0006,N,VIIRS,n,2,295.75,2.19,N,0
40.91796,25.73289,333.83,0.4,0.37,2023-08-23,0006,N,VIIRS,n,2,297.73,2.19,N,0
40.922,25.70426,308.12,0.4,0.37,2023-08-23,0006,N,VIIRS,n,2,295.13,1.33,N,0
40.91398,25.7611,305.62,0.4,0.37,2023-08-23,0006,N,VIIRS,n,2,294.92,1.59,N,0
40.91332,25.76577,306.38,0.4,0.37,2023-08-23,0006,N,VIIRS,n,2,295.24,0.98,N,0
40.91596,25.72249,321.28,0.4,0.37,2023-08-23,0006,N,VIIRS,n,2,295.54,2.97,N,0
40.91529,25.72726,323.49,0.4,0.37,2023-08-23,0006,N,VIIRS,n,2,295.35,2.19,N,0
40.91462,25.73205,315.06,0.4,0.37,2023-08-23,0006,N,VIIRS,n,2,294.33,2.19,N,0
40.91462,25.70737,309.05,0.4,0.37,2023-08-23,0006,N,VIIRS,n,2,295.6,1.12,N,0
40.91127,25.70653,315.9,0.4,0.37,2023-08-23,0006,N,VIIRS,n,2,295.8,1.12,N,0
40.9106,25.71129,311.23,0.4,0.37,2023-08-23,0006,N,VIIRS,n,2,295.85,1.12,N,0
40.90926,25.72079,314.44,0.4,0.37,2023-08-23,0006,N,VIIRS,n,2,294.45,2.4,N,0
40.90725,25.71044,315.84,0.4,0.37,2023-08-23,0006,N,VIIRS,n,2,295.86,1.8,N,0
40.90658,25.7152,313.63,0.4,0.37,2023-08-23,0006,N,VIIRS,n,2,295.65,1.28,N,0
40.90458,25.7048,316.88,0.4,0.37,2023-08-23,0006,N,VIIRS,n,2,296.28,1.8,N,0
40.90322,25.68975,310.18,0.4,0.37,2023-08-23,0006,N,VIIRS,n,2,294.98,3.52,N,0
40.90117,25.67961,344.63,0.4,0.37,2023-08-23,0006,N,VIIRS,n,2,298.25,3.47,N,0
40.90052,25.68428,338.22,0.4,0.37,2023-08-23,0006,N,VIIRS,n,2,298.19,3.52,N,0
40.89986,25.68896,337.32,0.4,0.37,2023-08-23,0006,N,VIIRS,n,2,298.53,3.52,N,0
40.90183,25.6749,317.47,0.4,0.37,2023-08-23,0006,N,VIIRS,n,2,294.92,3.47,N,0
40.89847,25.67412,350.55,0.4,0.37,2023-08-23,0006,N,VIIRS,n,2,299.07,11.25,N,0
40.89781,25.67882,367,0.4,0.37,2023-08-23,0006,N,VIIRS,h,2,302.34,11.25,N,0
40.89716,25.68349,344.3,0.4,0.37,2023-08-23,0006,N,VIIRS,n,2,300.07,3.37,N,0
40.89585,25.69282,306.79,0.4,0.37,2023-08-23,0006,N,VIIRS,n,2,295.53,1.85,N,0
40.89511,25.67335,334.09,0.4,0.37,2023-08-23,0006,N,VIIRS,n,2,300.79,11.25,N,0
40.89445,25.67801,349.19,0.4,0.37,2023-08-23,0006,N,VIIRS,n,2,305.35,11.25,N,0
40.89314,25.68737,325.82,0.4,0.37,2023-08-23,0006,N,VIIRS,n,2,297.36,3.37,N,0
40.89577,25.66863,309.21,0.4,0.37,2023-08-23,0006,N,VIIRS,n,2,294.15,1.88,N,0
40.8938,25.68269,318.85,0.4,0.37,2023-08-23,0006,N,VIIRS,n,2,296.49,3.37,N,0
40.89175,25.67253,337.46,0.4,0.37,2023-08-23,0006,N,VIIRS,n,2,298.82,18.39,N,0
40.8911,25.67719,323.54,0.4,0.37,2023-08-23,0006,N,VIIRS,n,2,302.61,18.39,N,0
40.89241,25.66781,309.92,0.4,0.37,2023-08-23,0006,N,VIIRS,n,2,293.72,1.43,N,0
40.88567,25.64152,321.62,0.4,0.37,2023-08-23,0006,N,VIIRS,n,2,296.25,1.54,N,0
40.88231,25.64066,335.04,0.4,0.37,2023-08-23,0006,N,VIIRS,n,2,298.27,3.92,N,0
40.86701,25.67566,323.61,0.4,0.37,2023-08-23,0006,N,VIIRS,n,2,296.78,2.28,N,0
40.86176,25.71325,308.48,0.4,0.37,2023-08-23,0006,N,VIIRS,n,2,296.12,1.08,N,0
40.86682,25.67379,321.49,0.4,0.37,2023-08-23,0006,N,VIIRS,n,2,296.15,3.13,N,0
40.86149,25.71136,306.8,0.4,0.37,2023-08-23,0006,N,VIIRS,n,2,295.83,1.84,N,0
41.0559,26.01923,317.91,0.39,0.37,2023-08-23,0006,N,VIIRS,n,2,295.44,1.47,N,0
41.05984,25.9673,335.01,0.4,0.37,2023-08-23,0006,N,VIIRS,n,2,297.41,3.82,N,0
41.05851,25.97669,330.4,0.39,0.37,2023-08-23,0006,N,VIIRS,n,2,295.17,2.09,N,0
41.05785,25.98134,320.77,0.39,0.37,2023-08-23,0006,N,VIIRS,n,2,294.5,1.23,N,0
41.03064,26.17146,335.68,0.39,0.36,2023-08-23,0006,N,VIIRS,n,2,297.45,11.85,N,0
41.02998,26.17608,337.15,0.39,0.36,2023-08-23,0006,N,VIIRS,n,2,307.22,19.34,N,0
41.05917,25.97203,310.89,0.39,0.37,2023-08-23,0006,N,VIIRS,n,2,293.31,2.09,N,0
41.05719,25.98597,306.75,0.39,0.37,2023-08-23,0006,N,VIIRS,n,2,294.03,1.23,N,0
41.05653,25.99058,311.57,0.39,0.37,2023-08-23,0006,N,VIIRS,n,2,294.55,1.15,N,0
41.05588,25.99519,306.26,0.39,0.37,2023-08-23,0006,N,VIIRS,n,2,294.27,1.15,N,0
41.05652,25.96632,320.09,0.4,0.37,2023-08-23,0006,N,VIIRS,n,2,295.02,3.82,N,0
41.05518,25.9758,328.88,0.39,0.37,2023-08-23,0006,N,VIIRS,n,2,295.3,2.09,N,0
41.02732,26.17062,335.79,0.39,0.36,2023-08-23,0006,N,VIIRS,n,2,297.88,11.85,N,0
41.02665,26.17524,327.11,0.39,0.36,2023-08-23,0006,N,VIIRS,n,2,298.62,19.34,N,0
41.05585,25.97109,306.32,0.39,0.37,2023-08-23,0006,N,VIIRS,n,2,294.16,2.09,N,0
41.05452,25.9805,314.31,0.39,0.37,2023-08-23,0006,N,VIIRS,n,2,294.39,1.23,N,0
41.05386,25.98512,313.98,0.39,0.37,2023-08-23,0006,N,VIIRS,n,2,293.89,1.23,N,0
41.05252,25.97015,327.3,0.39,0.37,2023-08-23,0006,N,VIIRS,n,2,295.63,2.72,N,0
41.02399,26.16978,337.96,0.39,0.36,2023-08-23,0006,N,VIIRS,n,2,300.03,10.59,N,0
41.02332,26.17441,330.12,0.39,0.36,2023-08-23,0006,N,VIIRS,n,2,295.86,2.85,N,0
41.05118,25.97962,314.8,0.39,0.37,2023-08-23,0006,N,VIIRS,n,2,294.48,1.31,N,0
41.02133,26.16432,323.49,0.39,0.36,2023-08-23,0006,N,VIIRS,n,2,296.95,10.59,N,0
41.02066,26.16894,348.6,0.39,0.36,2023-08-23,0006,N,VIIRS,n,2,302.52,10.59,N,0
41.04852,25.97399,316.49,0.39,0.37,2023-08-23,0006,N,VIIRS,n,2,295.77,2.72,N,0
41.04785,25.97871,319.61,0.39,0.37,2023-08-23,0006,N,VIIRS,n,2,294.82,1.31,N,0
41.04719,25.98339,315.66,0.39,0.37,2023-08-23,0006,N,VIIRS,n,2,294.06,1.31,N,0
41.02,26.17356,312.29,0.39,0.36,2023-08-23,0006,N,VIIRS,n,2,294.9,2.85,N,0
41.04586,25.96832,320.48,0.39,0.37,2023-08-23,0006,N,VIIRS,n,2,296.71,3.68,N,0
41.04519,25.97308,342.73,0.39,0.37,2023-08-23,0006,N,VIIRS,n,2,299.01,3.68,N,0
41.018,26.16347,345.22,0.39,0.36,2023-08-23,0006,N,VIIRS,n,2,311.05,49.95,N,0
41.01734,26.16809,347.09,0.39,0.36,2023-08-23,0006,N,VIIRS,n,2,299.88,49.95,N,0
41.04452,25.97781,308.76,0.39,0.37,2023-08-23,0006,N,VIIRS,n,2,294.89,1.06,N,0
41.01867,26.15884,317.06,0.39,0.36,2023-08-23,0006,N,VIIRS,n,2,295.74,9.46,N,0
41.04253,25.96743,349.47,0.39,0.37,2023-08-23,0006,N,VIIRS,n,2,301.11,3.68,N,0
41.01534,26.15798,350.69,0.39,0.36,2023-08-23,0006,N,VIIRS,n,2,302.79,9.46,N,0
41.01468,26.16261,367,0.39,0.36,2023-08-23,0006,N,VIIRS,h,2,342.93,49.95,N,0
41.01401,26.16723,321.56,0.39,0.36,2023-08-23,0006,N,VIIRS,n,2,298.02,49.95,N,0
41.04186,25.97217,307.29,0.39,0.37,2023-08-23,0006,N,VIIRS,n,2,295.54,3.68,N,0
41.04119,25.9769,319.02,0.39,0.37,2023-08-23,0006,N,VIIRS,n,2,295.18,1.06,N,0
41.04053,25.98162,310.47,0.39,0.37,2023-08-23,0006,N,VIIRS,n,2,294.21,1.06,N,0
41.01601,26.15332,311.23,0.39,0.36,2023-08-23,0006,N,VIIRS,n,2,295.66,9.46,N,0
41.04197,25.96457,329.67,0.39,0.37,2023-08-23,0006,N,VIIRS,n,2,296.22,4.15,N,0
41.04129,25.9693,332.99,0.39,0.37,2023-08-23,0006,N,VIIRS,n,2,298.11,2.89,N,0
41.01448,26.15504,338.11,0.39,0.36,2023-08-23,0006,N,VIIRS,n,2,302.87,49.27,N,0
41.01381,26.15967,340.73,0.39,0.36,2023-08-23,0006,N,VIIRS,n,2,317.84,49.27,N,0
41.01313,26.16429,367,0.39,0.36,2023-08-23,0006,N,VIIRS,h,2,323.62,46.34,N,0
41.04061,25.97403,314.12,0.39,0.37,2023-08-23,0006,N,VIIRS,n,2,295.58,2.89,N,0
41.03993,25.97876,312.89,0.39,0.37,2023-08-23,0006,N,VIIRS,n,2,294.5,1.6,N,0
41.03925,25.98346,316.56,0.39,0.37,2023-08-23,0006,N,VIIRS,n,2,294.99,1.6,N,0
41.03526,25.98726,324.98,0.39,0.37,2023-08-23,0006,N,VIIRS,n,2,294.62,2.32,N,0
41.01116,26.15417,336.47,0.39,0.36,2023-08-23,0006,N,VIIRS,n,2,311.07,49.27,N,0
41.01048,26.15881,347.61,0.39,0.36,2023-08-23,0006,N,VIIRS,n,2,300.23,49.27,N,0
41.00981,26.16344,310.51,0.39,0.36,2023-08-23,0006,N,VIIRS,n,2,296.18,46.34,N,0
41.00784,26.15328,346.35,0.39,0.36,2023-08-23,0006,N,VIIRS,n,2,306.13,22.44,N,0
41.03192,25.98639,306.73,0.39,0.37,2023-08-23,0006,N,VIIRS,n,2,293.51,0.69,N,0
41.00519,26.14777,334.19,0.39,0.36,2023-08-23,0006,N,VIIRS,n,2,297.73,9.84,N,0
41.00452,26.1524,347.41,0.39,0.36,2023-08-23,0006,N,VIIRS,n,2,303.58,22.44,N,0
41.00186,26.14694,329.84,0.39,0.36,2023-08-23,0006,N,VIIRS,n,2,297.76,2.69,N,0
41.00119,26.15157,317.91,0.39,0.36,2023-08-23,0006,N,VIIRS,n,2,296.49,4.42,N,0
40.99786,26.15074,345.63,0.39,0.36,2023-08-23,0006,N,VIIRS,n,2,300.72,4.42,N,0
40.99853,26.14612,307.67,0.39,0.36,2023-08-23,0006,N,VIIRS,n,2,295.82,2.69,N,0
40.9952,26.14531,332.81,0.39,0.36,2023-08-23,0006,N,VIIRS,n,2,299.16,10.21,N,0
40.99453,26.14992,332.04,0.39,0.36,2023-08-23,0006,N,VIIRS,n,2,297.49,4.69,N,0
40.99187,26.14447,346.65,0.39,0.36,2023-08-23,0006,N,VIIRS,n,2,302.68,10.21,N,0
40.98854,26.14364,333.33,0.39,0.36,2023-08-23,0006,N,VIIRS,n,2,298.06,2.95,N,0
40.98921,26.13903,312.55,0.39,0.36,2023-08-23,0006,N,VIIRS,n,2,295.89,2.95,N,0
41.01796,25.91489,329.76,0.4,0.37,2023-08-23,0006,N,VIIRS,n,2,296.93,2.21,N,0
41.01664,25.92418,323.93,0.4,0.37,2023-08-23,0006,N,VIIRS,n,2,296.05,1.48,N,0
41.01531,25.93346,332,0.4,0.37,2023-08-23,0006,N,VIIRS,n,2,295.52,2.62,N,0
40.98588,26.1382,333.09,0.39,0.36,2023-08-23,0006,N,VIIRS,n,2,296.96,2.95,N,0
41.0173,25.91955,314.57,0.4,0.37,2023-08-23,0006,N,VIIRS,n,2,294.66,2.21,N,0
41.01598,25.9288,310.91,0.4,0.37,2023-08-23,0006,N,VIIRS,n,2,294.37,1.48,N,0
40.98521,26.14281,313.58,0.39,0.36,2023-08-23,0006,N,VIIRS,n,2,295.58,2.95,N,0
40.98256,26.13736,347.25,0.39,0.36,2023-08-23,0006,N,VIIRS,n,2,302.05,7.15,N,0
40.98189,26.142,325.94,0.39,0.36,2023-08-23,0006,N,VIIRS,n,2,295.97,7.15,N,0
41.01528,25.90941,319.57,0.4,0.37,2023-08-23,0006,N,VIIRS,n,2,296.09,1.98,N,0
41.01463,25.91403,306.91,0.4,0.37,2023-08-23,0006,N,VIIRS,n,2,295.03,2.17,N,0
41.01397,25.91868,307.93,0.4,0.37,2023-08-23,0006,N,VIIRS,n,2,293.9,2.17,N,0
41.01331,25.92331,317.44,0.4,0.37,2023-08-23,0006,N,VIIRS,n,2,295.53,1.09,N,0
41.01264,25.92793,307.16,0.4,0.37,2023-08-23,0006,N,VIIRS,n,2,294.77,1.09,N,0
40.98323,26.13273,306.36,0.39,0.36,2023-08-23,0006,N,VIIRS,n,2,295.47,2.17,N,0
41.0126,25.90397,322.62,0.4,0.37,2023-08-23,0006,N,VIIRS,n,2,296.39,1.98,N,0
41.01194,25.90857,320.78,0.4,0.37,2023-08-23,0006,N,VIIRS,n,2,296.64,1.98,N,0
41.01129,25.91317,343.78,0.4,0.37,2023-08-23,0006,N,VIIRS,n,2,298.91,2.17,N,0
40.9799,26.13189,332.56,0.39,0.36,2023-08-23,0006,N,VIIRS,n,2,297.24,2.17,N,0
40.97923,26.13652,343.64,0.39,0.36,2023-08-23,0006,N,VIIRS,n,2,298.53,7.15,N,0
41.01328,25.89922,307.64,0.4,0.37,2023-08-23,0006,N,VIIRS,n,2,295.08,1.29,N,0
41.00997,25.92245,317.24,0.4,0.37,2023-08-23,0006,N,VIIRS,n,2,295.64,1.09,N,0
41.00931,25.92708,309.17,0.4,0.37,2023-08-23,0006,N,VIIRS,n,2,295.41,1.09,N,0
41.00795,25.91229,335.23,0.4,0.37,2023-08-23,0006,N,VIIRS,n,2,296.79,2.59,N,0
40.97657,26.13104,348.48,0.39,0.36,2023-08-23,0006,N,VIIRS,n,2,299.72,3.33,N,0
41.01061,25.89362,311.36,0.4,0.37,2023-08-23,0006,N,VIIRS,n,2,295.27,1.27,N,0
41.00994,25.89833,311.79,0.4,0.37,2023-08-23,0006,N,VIIRS,n,2,295.06,1.27,N,0
41.00927,25.90306,310.33,0.4,0.37,2023-08-23,0006,N,VIIRS,n,2,295.21,1.35,N,0
41.00861,25.90769,311.27,0.4,0.37,2023-08-23,0006,N,VIIRS,n,2,295.62,1.35,N,0
40.9933,26.01482,307.48,0.39,0.36,2023-08-23,0006,N,VIIRS,n,2,294.75,1.57,N,0
40.97724,26.12642,319.38,0.39,0.36,2023-08-23,0006,N,VIIRS,n,2,296.93,3.33,N,0
40.97391,26.12558,324.16,0.39,0.36,2023-08-23,0006,N,VIIRS,n,2,296.24,3.33,N,0
41.00926,25.8788,315.6,0.4,0.37,2023-08-23,0006,N,VIIRS,n,2,295.36,1.63,N,0
41.00794,25.88807,311.06,0.4,0.37,2023-08-23,0006,N,VIIRS,n,2,295.55,2.37,N,0
41.00728,25.89275,316.7,0.4,0.37,2023-08-23,0006,N,VIIRS,n,2,295.14,1.27,N,0
41.00528,25.9068,307.26,0.4,0.37,2023-08-23,0006,N,VIIRS,n,2,294.77,1.35,N,0
41.00462,25.91142,319.64,0.4,0.37,2023-08-23,0006,N,VIIRS,n,2,295.96,2.59,N,0
40.98795,26.02799,308.83,0.39,0.36,2023-08-23,0006,N,VIIRS,n,2,295.4,1.03,N,0
41.00592,25.87792,326.49,0.4,0.37,2023-08-23,0006,N,VIIRS,n,2,296.07,3.07,N,0
41.00526,25.88258,325.62,0.4,0.37,2023-08-23,0006,N,VIIRS,n,2,295.32,2.18,N,0
41.0046,25.88722,317.51,0.4,0.37,2023-08-23,0006,N,VIIRS,n,2,296.17,2.18,N,0
41.00394,25.89188,309.5,0.4,0.37,2023-08-23,0006,N,VIIRS,n,2,295.47,0.98,N,0
41.00328,25.89656,309.21,0.4,0.37,2023-08-23,0006,N,VIIRS,n,2,295.77,0.98,N,0
41.00261,25.90127,308.59,0.4,0.37,2023-08-23,0006,N,VIIRS,n,2,294.76,1.86,N,0
40.98463,26.02715,307.24,0.39,0.36,2023-08-23,0006,N,VIIRS,n,2,295.46,1.33,N,0
41.00523,25.85848,328.18,0.4,0.37,2023-08-23,0006,N,VIIRS,n,2,296.25,3.14,N,0
41.00719,25.84459,307.46,0.4,0.37,2023-08-23,0006,N,VIIRS,n,2,294.67,1.33,N,0
41.00457,25.86312,314.13,0.4,0.37,2023-08-23,0006,N,VIIRS,n,2,295.72,1.74,N,0
40.99994,25.89571,306.66,0.4,0.37,2023-08-23,0006,N,VIIRS,n,2,295.43,0.98,N,0
40.98063,26.03094,306.7,0.39,0.36,2023-08-23,0006,N,VIIRS,n,2,295.38,1.42,N,0
40.97126,26.09616,306.89,0.39,0.36,2023-08-23,0006,N,VIIRS,n,2,294.22,0.87,N,0
40.96925,26.11005,319.44,0.39,0.36,2023-08-23,0006,N,VIIRS,n,2,295.52,2.14,N,0
40.96659,26.10458,322.09,0.39,0.36,2023-08-23,0006,N,VIIRS,n,2,295.59,1.52,N,0
40.96593,26.1092,320.39,0.39,0.36,2023-08-23,0006,N,VIIRS,n,2,296.21,1.52,N,0
41.00453,25.83895,309.76,0.4,0.37,2023-08-23,0006,N,VIIRS,n,2,294.4,1.3,N,0
41.00386,25.84371,309.07,0.4,0.37,2023-08-23,0006,N,VIIRS,n,2,294.92,0.99,N,0
41.0032,25.84836,316.94,0.4,0.37,2023-08-23,0006,N,VIIRS,n,2,295.92,0.99,N,0
40.99921,25.85204,322.77,0.4,0.37,2023-08-23,0006,N,VIIRS,n,2,296.36,2.93,N,0
40.9626,26.10835,320.12,0.39,0.36,2023-08-23,0006,N,VIIRS,n,2,295.23,1.52,N,0
41.0012,25.83801,305.68,0.4,0.37,2023-08-23,0006,N,VIIRS,n,2,293.87,1.3,N,0
41.00053,25.84275,306.85,0.4,0.37,2023-08-23,0006,N,VIIRS,n,2,294.52,0.99,N,0
40.99987,25.84741,307.89,0.4,0.37,2023-08-23,0006,N,VIIRS,n,2,294.9,0.99,N,0
40.97726,26.00622,312.76,0.39,0.36,2023-08-23,0006,N,VIIRS,n,2,295.13,1.71,N,0
40.96326,26.10374,305.76,0.39,0.36,2023-08-23,0006,N,VIIRS,n,2,294.9,1.52,N,0
41.00053,25.81821,320.59,0.4,0.37,2023-08-23,0006,N,VIIRS,n,2,296.16,1.86,N,0
40.96662,26.05638,331.88,0.39,0.36,2023-08-23,0006,N,VIIRS,n,2,298.17,5.03,N,0
40.99987,25.8229,306.99,0.4,0.37,2023-08-23,0006,N,VIIRS,n,2,294.79,1.47,N,0
40.99719,25.81732,318.7,0.4,0.37,2023-08-23,0006,N,VIIRS,n,2,295.25,1.86,N,0
40.99653,25.82201,311.99,0.4,0.37,2023-08-23,0006,N,VIIRS,n,2,294.91,1.47,N,0
40.98987,25.84465,324.24,0.4,0.37,2023-08-23,0006,N,VIIRS,n,2,295.12,3.48,N,0
40.99517,25.80713,310.41,0.4,0.37,2023-08-23,0006,N,VIIRS,n,2,295.47,1.42,N,0
40.99186,25.83055,310.88,0.4,0.37,2023-08-23,0006,N,VIIRS,n,2,295.04,2.46,N,0
40.9892,25.84935,307.18,0.4,0.37,2023-08-23,0006,N,VIIRS,n,2,294.18,1.3,N,0
40.99314,25.79691,339.15,0.4,0.37,2023-08-23,0006,N,VIIRS,n,2,296.62,2.76,N,0
40.99381,25.79217,308.78,0.4,0.37,2023-08-23,0006,N,VIIRS,n,2,294.14,2.76,N,0
40.99248,25.80166,312.75,0.4,0.37,2023-08-23,0006,N,VIIRS,n,2,295.82,1.42,N,0
40.99181,25.80638,319.01,0.4,0.37,2023-08-23,0006,N,VIIRS,n,2,296.72,1.42,N,0
40.99115,25.81104,314.21,0.4,0.37,2023-08-23,0006,N,VIIRS,n,2,295.86,3.01,N,0
40.94995,26.10032,311.47,0.39,0.36,2023-08-23,0006,N,VIIRS,n,2,295.24,1.2,N,0
40.99179,25.78193,339.84,0.4,0.37,2023-08-23,0006,N,VIIRS,n,2,301.38,43.36,N,0
40.99113,25.7866,343.22,0.4,0.37,2023-08-23,0006,N,VIIRS,n,2,297.66,43.36,N,0
40.99046,25.79132,338.61,0.4,0.37,2023-08-23,0006,N,VIIRS,n,2,302.27,30.55,N,0
40.9898,25.79608,320.31,0.4,0.37,2023-08-23,0006,N,VIIRS,n,2,310.05,30.55,N,0
40.98913,25.80086,320.86,0.4,0.37,2023-08-23,0006,N,VIIRS,n,2,296.19,2.73,N,0
40.98846,25.80562,317.37,0.4,0.37,2023-08-23,0006,N,VIIRS,n,2,295.37,2.73,N,0
40.9878,25.81027,316.55,0.4,0.37,2023-08-23,0006,N,VIIRS,n,2,295.99,1.3,N,0
40.98715,25.81489,311.43,0.4,0.37,2023-08-23,0006,N,VIIRS,n,2,296.5,1.3,N,0
40.98976,25.77172,344.85,0.4,0.37,2023-08-23,0006,N,VIIRS,n,2,296.07,13.74,N,0
40.9891,25.77639,351.97,0.4,0.37,2023-08-23,0006,N,VIIRS,n,2,300.58,13.74,N,0
40.98844,25.78107,335.12,0.4,0.37,2023-08-23,0006,N,VIIRS,n,2,325.39,43.36,N,0
40.98778,25.78575,336.81,0.4,0.37,2023-08-23,0006,N,VIIRS,n,2,297.9,43.36,N,0
40.9805,25.83739,325.33,0.4,0.37,2023-08-23,0006,N,VIIRS,n,2,294.36,2.79,N,0
40.98712,25.79046,306.89,0.4,0.37,2023-08-23,0006,N,VIIRS,n,2,294,30.55,N,0
40.98645,25.79522,308.98,0.4,0.37,2023-08-23,0006,N,VIIRS,n,2,294.51,30.55,N,0
40.98446,25.80938,308.24,0.4,0.37,2023-08-23,0006,N,VIIRS,n,2,295.01,1.3,N,0
40.98641,25.77086,307.18,0.4,0.37,2023-08-23,0006,N,VIIRS,n,2,294.21,1.31,N,0
40.98576,25.77554,306.93,0.4,0.37,2023-08-23,0006,N,VIIRS,n,2,294.25,1.31,N,0
40.9798,25.81785,314.28,0.4,0.37,2023-08-23,0006,N,VIIRS,n,2,295.08,1.99,N,0
40.98234,25.75048,330,0.4,0.37,2023-08-23,0006,N,VIIRS,n,2,296,2.42,N,0
40.98168,25.75518,320.65,0.4,0.37,2023-08-23,0006,N,VIIRS,n,2,296.54,2.42,N,0
40.97708,25.78792,307.58,0.4,0.37,2023-08-23,0006,N,VIIRS,n,2,294.39,1.36,N,0
40.97642,25.79263,317.7,0.4,0.37,2023-08-23,0006,N,VIIRS,n,2,295.55,1.36,N,0
40.98031,25.7402,337.26,0.4,0.37,2023-08-23,0006,N,VIIRS,n,2,298.38,5.27,N,0
40.97964,25.74495,325.04,0.4,0.37,2023-08-23,0006,N,VIIRS,n,2,296.6,5.27,N,0
40.97898,25.74968,319.77,0.4,0.37,2023-08-23,0006,N,VIIRS,n,2,296.96,2.42,N,0
40.97307,25.79183,318.05,0.4,0.37,2023-08-23,0006,N,VIIRS,n,2,294.75,1.36,N,0
40.9638,25.85765,309.02,0.4,0.37,2023-08-23,0006,N,VIIRS,n,2,295.2,1.39,N,0
40.97762,25.73463,331.21,0.4,0.37,2023-08-23,0006,N,VIIRS,n,2,298.01,2.37,N,0
40.97696,25.73939,338.95,0.4,0.37,2023-08-23,0006,N,VIIRS,n,2,300.24,2.29,N,0
40.96112,25.85209,309.82,0.4,0.37,2023-08-23,0006,N,VIIRS,n,2,295.75,1.75,N,0
40.97493,25.72905,310.09,0.4,0.37,2023-08-23,0006,N,VIIRS,n,2,295.38,2.37,N,0
41.12315,26.18733,324.63,0.39,0.36,2023-08-23,0006,N,VIIRS,n,2,296.54,2.33,N,0
41.12248,26.192,321.79,0.39,0.36,2023-08-23,0006,N,VIIRS,n,2,295.93,2.33,N,0
41.12382,26.18269,319.63,0.39,0.36,2023-08-23,0006,N,VIIRS,n,2,295.64,1.79,N,0
41.12181,26.19667,309.43,0.39,0.36,2023-08-23,0006,N,VIIRS,n,2,294.96,1.35,N,0
41.12382,26.15864,349.11,0.39,0.36,2023-08-23,0006,N,VIIRS,n,2,297.96,2.89,N,0
41.12448,26.15403,318.83,0.39,0.36,2023-08-23,0006,N,VIIRS,n,2,294.4,2.16,N,0
41.12316,26.16325,312.8,0.39,0.36,2023-08-23,0006,N,VIIRS,n,2,293.59,2.89,N,0
41.12048,26.18193,317.64,0.39,0.36,2023-08-23,0006,N,VIIRS,n,2,295.51,1.79,N,0
41.11715,26.20515,316.2,0.39,0.36,2023-08-23,0006,N,VIIRS,n,2,294.97,1.42,N,0
41.12318,26.15157,328.03,0.39,0.36,2023-08-23,0006,N,VIIRS,n,2,295.85,3.56,N,0
41.12251,26.15619,345.4,0.39,0.36,2023-08-23,0006,N,VIIRS,n,2,298.65,3.56,N,0
41.12185,26.16079,342.52,0.39,0.36,2023-08-23,0006,N,VIIRS,n,2,296.22,4.7,N,0
41.11576,26.20269,330.55,0.39,0.36,2023-08-23,0006,N,VIIRS,n,2,296.51,4.74,N,0
41.1151,26.20728,323.9,0.39,0.36,2023-08-23,0006,N,VIIRS,n,2,296.33,4.85,N,0
41.1212,26.14145,322.8,0.39,0.36,2023-08-23,0006,N,VIIRS,n,2,294.1,1.7,N,0
41.11985,26.15073,324.73,0.39,0.36,2023-08-23,0006,N,VIIRS,n,2,295.66,3.56,N,0
41.11177,26.20645,346.59,0.39,0.36,2023-08-23,0006,N,VIIRS,n,2,300.22,4.85,N,0
41.12052,26.1461,308.61,0.39,0.36,2023-08-23,0006,N,VIIRS,n,2,294.82,1.7,N,0
41.10845,26.20558,343.88,0.39,0.36,2023-08-23,0006,N,VIIRS,n,2,300.29,4.88,N,0
41.11921,26.13132,305.92,0.39,0.36,2023-08-23,0006,N,VIIRS,n,2,293.53,2.3,N,0
41.11854,26.13597,314.28,0.39,0.36,2023-08-23,0006,N,VIIRS,n,2,294.35,2.3,N,0
41.10911,26.201,307.38,0.39,0.36,2023-08-23,0006,N,VIIRS,n,2,295.44,1.75,N,0
41.11588,26.13051,349.84,0.39,0.36,2023-08-23,0006,N,VIIRS,n,2,297.35,2.3,N,0
41.10513,26.20469,331.82,0.39,0.36,2023-08-23,0006,N,VIIRS,n,2,298.5,4.88,N,0
41.10447,26.20929,322.18,0.39,0.36,2023-08-23,0006,N,VIIRS,n,2,295.35,4.88,N,0
41.1152,26.13515,308.93,0.39,0.36,2023-08-23,0006,N,VIIRS,n,2,294.52,2.3,N,0
41.11321,26.12504,321.98,0.39,0.36,2023-08-23,0006,N,VIIRS,n,2,295.01,3.03,N,0
41.10181,26.20384,310.7,0.39,0.36,2023-08-23,0006,N,VIIRS,n,2,296.05,2.04,N,0
41.11056,26.11957,332.43,0.39,0.36,2023-08-23,0006,N,VIIRS,n,2,295.1,3.03,N,0
41.09848,26.20301,338.01,0.39,0.36,2023-08-23,0006,N,VIIRS,n,2,298.2,2.04,N,0
41.09781,26.20764,314.64,0.39,0.36,2023-08-23,0006,N,VIIRS,n,2,295.62,2.04,N,0
41.10789,26.11409,328.2,0.39,0.36,2023-08-23,0006,N,VIIRS,n,2,295.56,2.11,N,0
41.09448,26.20681,356.47,0.39,0.36,2023-08-23,0006,N,VIIRS,n,2,300.33,6.21,N,0
41.10857,26.10942,304.92,0.39,0.36,2023-08-23,0006,N,VIIRS,n,2,293.33,2.11,N,0
41.10722,26.11876,304.68,0.39,0.36,2023-08-23,0006,N,VIIRS,n,2,294.07,1.01,N,0
41.09515,26.20218,311.71,0.39,0.36,2023-08-23,0006,N,VIIRS,n,2,296.04,6.21,N,0
41.1059,26.10394,339.53,0.39,0.36,2023-08-23,0006,N,VIIRS,n,2,296.25,4.84,N,0
41.10523,26.10862,332.31,0.39,0.36,2023-08-23,0006,N,VIIRS,n,2,296.19,2.11,N,0
41.10257,26.10312,337.77,0.39,0.36,2023-08-23,0006,N,VIIRS,n,2,298.77,2.95,N,0
41.10324,26.09847,313.67,0.39,0.36,2023-08-23,0006,N,VIIRS,n,2,293.19,2.95,N,0
41.08517,26.19972,331.5,0.39,0.36,2023-08-23,0006,N,VIIRS,n,2,296.37,3.44,N,0
41.17802,25.54554,309.57,0.4,0.37,2023-08-23,0006,N,VIIRS,n,2,295.28,1.61,N,0
41.09991,26.09765,315.16,0.39,0.36,2023-08-23,0006,N,VIIRS,n,2,294.13,2.95,N,0
41.10125,26.06433,307.64,0.39,0.36,2023-08-23,0006,N,VIIRS,n,2,293.1,1.25,N,0
41.10057,26.06905,317.66,0.39,0.36,2023-08-23,0006,N,VIIRS,n,2,293.46,1.05,N,0
41.09791,26.08759,313.19,0.39,0.36,2023-08-23,0006,N,VIIRS,n,2,293.98,1.91,N,0
41.09792,26.06346,322.79,0.39,0.36,2023-08-23,0006,N,VIIRS,n,2,294.5,1.25,N,0
41.09457,26.08675,324.6,0.39,0.36,2023-08-23,0006,N,VIIRS,n,2,294.82,1.91,N,0
41.09391,26.09135,332.92,0.39,0.36,2023-08-23,0006,N,VIIRS,n,2,295.26,1.91,N,0
41.09724,26.06821,310.4,0.39,0.36,2023-08-23,0006,N,VIIRS,n,2,292.96,1.05,N,0
41.09656,26.07292,310.93,0.39,0.36,2023-08-23,0006,N,VIIRS,n,2,292.77,1.05,N,0
41.09523,26.08216,306.04,0.39,0.36,2023-08-23,0006,N,VIIRS,n,2,293.54,1.68,N,0
41.09527,26.05788,305.64,0.39,0.36,2023-08-23,0006,N,VIIRS,n,2,293.77,1.01,N,0
41.09459,26.06258,310.28,0.39,0.36,2023-08-23,0006,N,VIIRS,n,2,293.53,1.01,N,0
41.09855,26.01084,346.66,0.39,0.37,2023-08-23,0006,N,VIIRS,n,2,296.79,4.28,N,0
41.0979,26.01544,335.2,0.39,0.37,2023-08-23,0006,N,VIIRS,n,2,295.54,4.28,N,0
41.09724,26.01999,316.99,0.39,0.37,2023-08-23,0006,N,VIIRS,n,2,294.33,1.31,N,0
41.09523,26.0099,328.18,0.39,0.37,2023-08-23,0006,N,VIIRS,n,2,294.47,1.92,N,0
41.09391,26.01912,332.86,0.39,0.37,2023-08-23,0006,N,VIIRS,n,2,295.08,2.18,N,0
41.09326,26.0237,323.37,0.39,0.37,2023-08-23,0006,N,VIIRS,n,2,294.91,2.18,N,0
41.0926,26.02829,332.24,0.39,0.37,2023-08-23,0006,N,VIIRS,n,2,295.58,2.14,N,0
41.08928,26.05145,336.27,0.39,0.36,2023-08-23,0006,N,VIIRS,n,2,295.97,1.89,N,0
41.09457,26.01454,314.91,0.39,0.37,2023-08-23,0006,N,VIIRS,n,2,293.44,1.92,N,0
41.08995,26.04679,316.13,0.39,0.36,2023-08-23,0006,N,VIIRS,n,2,294.21,1.89,N,0
41.08862,26.05613,306.65,0.39,0.36,2023-08-23,0006,N,VIIRS,n,2,294.32,0.94,N,0
41.09324,25.99969,349.02,0.39,0.37,2023-08-23,0006,N,VIIRS,n,2,298.36,6.5,N,0
41.09258,26.00426,331.16,0.39,0.37,2023-08-23,0006,N,VIIRS,n,2,295.74,6.5,N,0
41.09192,26.00894,325.39,0.39,0.37,2023-08-23,0006,N,VIIRS,n,2,295.04,1.92,N,0
41.0886,26.03209,329.94,0.39,0.36,2023-08-23,0006,N,VIIRS,n,2,295.02,2.14,N,0
41.08794,26.03669,331.64,0.39,0.36,2023-08-23,0006,N,VIIRS,n,2,295.28,2.45,N,0
41.08729,26.04129,325.06,0.39,0.36,2023-08-23,0006,N,VIIRS,n,2,295.21,2.45,N,0
41.08662,26.04593,322.08,0.39,0.36,2023-08-23,0006,N,VIIRS,n,2,294.95,1.89,N,0
41.09058,26.01823,306.3,0.39,0.37,2023-08-23,0006,N,VIIRS,n,2,293.45,2.18,N,0
41.08926,26.02748,306.81,0.39,0.37,2023-08-23,0006,N,VIIRS,n,2,293.21,2.14,N,0
41.08595,26.05058,312.16,0.39,0.36,2023-08-23,0006,N,VIIRS,n,2,294.53,1.89,N,0
41.08528,26.05527,307.21,0.39,0.36,2023-08-23,0006,N,VIIRS,n,2,293.84,0.94,N,0
41.09124,25.98948,335.49,0.39,0.37,2023-08-23,0006,N,VIIRS,n,2,295.32,2.95,N,0
41.08859,26.00801,321.8,0.39,0.37,2023-08-23,0006,N,VIIRS,n,2,295.27,2.72,N,0
41.09191,25.98477,307.89,0.39,0.37,2023-08-23,0006,N,VIIRS,n,2,293,0.75,N,0
41.09057,25.99417,319.28,0.39,0.37,2023-08-23,0006,N,VIIRS,n,2,294.42,2.95,N,0
41.08991,25.99879,306.52,0.39,0.37,2023-08-23,0006,N,VIIRS,n,2,294.28,1.8,N,0
41.08926,26.00336,318.13,0.39,0.37,2023-08-23,0006,N,VIIRS,n,2,295.4,1.8,N,0
41.08726,26.01731,304.78,0.39,0.37,2023-08-23,0006,N,VIIRS,n,2,292.75,0.94,N,0
41.08395,26.04044,318.79,0.39,0.36,2023-08-23,0006,N,VIIRS,n,2,293.68,2.5,N,0
41.08329,26.04507,309.4,0.39,0.36,2023-08-23,0006,N,VIIRS,n,2,293.75,1.92,N,0
41.08858,25.98386,308.38,0.39,0.37,2023-08-23,0006,N,VIIRS,n,2,293.52,0.75,N,0
41.05858,26.16901,306.89,0.39,0.36,2023-08-23,0006,N,VIIRS,n,2,295.46,1.33,N,0
41.18161,25.26497,344.46,0.41,0.37,2023-08-23,0006,N,VIIRS,n,2,297.34,6.88,N,0
41.05459,26.17277,335.92,0.39,0.36,2023-08-23,0006,N,VIIRS,n,2,297.99,3.39,N,0
41.18033,25.27435,305.08,0.41,0.37,2023-08-23,0006,N,VIIRS,n,2,292.66,1.3,N,0
41.17971,25.27891,312.07,0.41,0.37,2023-08-23,0006,N,VIIRS,n,2,294.68,1.3,N,0
41.07728,26.01461,306.68,0.39,0.37,2023-08-23,0006,N,VIIRS,n,2,294.34,1.13,N,0
41.07396,26.03789,308.16,0.39,0.36,2023-08-23,0006,N,VIIRS,n,2,294.88,1.62,N,0
41.05526,26.16814,311,0.39,0.36,2023-08-23,0006,N,VIIRS,n,2,296.37,1.33,N,0
41.17506,25.28736,322.92,0.41,0.37,2023-08-23,0006,N,VIIRS,n,2,295.9,3.64,N,0
41.05126,26.17194,334.73,0.39,0.36,2023-08-23,0006,N,VIIRS,n,2,295.98,1.92,N,0
41.17633,25.27801,309.66,0.41,0.37,2023-08-23,0006,N,VIIRS,n,2,293.84,2.47,N,0
41.07395,26.01378,308.65,0.39,0.37,2023-08-23,0006,N,VIIRS,n,2,294.98,2.59,N,0
41.05059,26.17655,305.3,0.39,0.36,2023-08-23,0006,N,VIIRS,n,2,294.71,1.92,N,0
41.1755,25.25837,326.42,0.41,0.37,2023-08-23,0006,N,VIIRS,n,2,294.04,2.89,N,0
41.17104,25.29121,322.92,0.41,0.37,2023-08-23,0006,N,VIIRS,n,2,296.7,2.35,N,0
41.04726,26.17574,329.55,0.39,0.36,2023-08-23,0006,N,VIIRS,n,2,295.64,1.92,N,0
41.1704,25.29587,317.96,0.41,0.37,2023-08-23,0006,N,VIIRS,n,2,296.05,2.35,N,0
41.0759,25.97586,305.84,0.39,0.37,2023-08-23,0006,N,VIIRS,n,2,293.68,1.77,N,0
41.04793,26.17113,309.13,0.39,0.36,2023-08-23,0006,N,VIIRS,n,2,294.8,1.92,N,0
41.17212,25.25746,310.25,0.41,0.37,2023-08-23,0006,N,VIIRS,n,2,292.51,2.32,N,0
41.07255,25.97513,311.08,0.39,0.37,2023-08-23,0006,N,VIIRS,n,2,293.94,0.9,N,0
41.07189,25.97977,312.82,0.39,0.37,2023-08-23,0006,N,VIIRS,n,2,294.28,0.9,N,0
41.0692,25.9744,310.38,0.39,0.37,2023-08-23,0006,N,VIIRS,n,2,293.81,0.9,N,0
41.06854,25.97904,309.48,0.39,0.37,2023-08-23,0006,N,VIIRS,n,2,293.8,0.9,N,0
41.04061,26.17406,315.75,0.39,0.36,2023-08-23,0006,N,VIIRS,n,2,294.81,1.73,N,0
41.06585,25.97367,315.24,0.39,0.37,2023-08-23,0006,N,VIIRS,n,2,293.61,2.58,N,0
41.06255,25.99685,312.93,0.39,0.37,2023-08-23,0006,N,VIIRS,n,2,294.76,2.03,N,0
41.06189,26.00147,316.55,0.39,0.37,2023-08-23,0006,N,VIIRS,n,2,295.15,1.32,N,0
41.06123,26.0061,317.5,0.39,0.37,2023-08-23,0006,N,VIIRS,n,2,295.09,1.32,N,0
41.06057,26.01074,308.22,0.39,0.37,2023-08-23,0006,N,VIIRS,n,2,294.19,1.44,N,0
41.05991,26.01536,318.52,0.39,0.37,2023-08-23,0006,N,VIIRS,n,2,295.14,1.44,N,0
41.05925,26.01999,315.55,0.39,0.37,2023-08-23,0006,N,VIIRS,n,2,295.68,1.47,N,0
41.05859,26.02465,310.83,0.39,0.36,2023-08-23,0006,N,VIIRS,n,2,294.95,1.47,N,0
41.06316,25.96823,344.36,0.4,0.37,2023-08-23,0006,N,VIIRS,n,2,295.9,5.82,N,0
41.0625,25.97293,336.1,0.39,0.37,2023-08-23,0006,N,VIIRS,n,2,294.64,2.58,N,0
41.05987,25.99142,325.62,0.39,0.37,2023-08-23,0006,N,VIIRS,n,2,295.49,2.03,N,0
41.05921,25.99604,326.42,0.39,0.37,2023-08-23,0006,N,VIIRS,n,2,295.8,2.03,N,0
41.05656,26.01459,327.32,0.39,0.37,2023-08-23,0006,N,VIIRS,n,2,295.8,1.44,N,0
41.03397,26.17233,321.78,0.39,0.36,2023-08-23,0006,N,VIIRS,n,2,296.16,4.21,N,0
41.0333,26.17696,344.1,0.39,0.36,2023-08-23,0006,N,VIIRS,n,2,301.61,10.33,N,0
41.06119,25.98217,317.27,0.39,0.37,2023-08-23,0006,N,VIIRS,n,2,294.59,1.84,N,0
41.06052,25.9868,319.92,0.39,0.37,2023-08-23,0006,N,VIIRS,n,2,295.04,1.84,N,0
41.05855,26.00066,314.84,0.39,0.37,2023-08-23,0006,N,VIIRS,n,2,294.95,1.32,N,0
41.05789,26.0053,308.83,0.39,0.37,2023-08-23,0006,N,VIIRS,n,2,294.14,1.32,N,0
41.05723,26.00994,307.63,0.39,0.37,2023-08-23,0006,N,VIIRS,n,2,293.77,1.44,N,0
38.11106,23.60077,367,0.43,0.38,2023-08-23,0007,N,VIIRS,h,2,334.53,31.71,N,0
39.22557,22.46567,320.44,0.48,0.4,2023-08-23,0007,N,VIIRS,n,2,294.17,2.87,N,0
39.22253,22.45959,321.78,0.48,0.4,2023-08-23,0007,N,VIIRS,n,2,295.23,21.73,N,0
39.22188,22.46504,313.96,0.48,0.4,2023-08-23,0007,N,VIIRS,n,2,294.06,2.75,N,0
39.21886,22.45878,350.67,0.48,0.4,2023-08-23,0007,N,VIIRS,n,2,308.71,21.73,N,0
39.21823,22.46415,304.39,0.48,0.4,2023-08-23,0007,N,VIIRS,n,2,293.57,2.75,N,0
39.21522,22.45781,315.12,0.48,0.4,2023-08-23,0007,N,VIIRS,n,2,293.12,2.67,N,0
38.93243,22.06307,307.56,0.49,0.41,2023-08-23,0007,N,VIIRS,n,2,290.81,1.13,N,0
38.37306,24.0616,312.16,0.42,0.37,2023-08-23,0007,N,VIIRS,n,2,298.07,1.94,N,2
38.38061,23.242,326.78,0.44,0.38,2023-08-23,0007,N,VIIRS,n,2,297.4,2.33,N,0
38.37707,23.24137,327.83,0.44,0.38,2023-08-23,0007,N,VIIRS,n,2,295.69,2.33,N,0
38.3777,23.2364,314.31,0.44,0.38,2023-08-23,0007,N,VIIRS,n,2,295.21,3.82,N,0
38.37352,23.24075,305.15,0.44,0.38,2023-08-23,0007,N,VIIRS,n,2,294.71,1.24,N,0
38.35456,23.24737,331,0.44,0.38,2023-08-23,0007,N,VIIRS,n,2,296.22,3.83,N,0
38.34689,23.25077,320.01,0.44,0.38,2023-08-23,0007,N,VIIRS,n,2,296.16,3.31,N,0
38.34337,23.24996,333.84,0.44,0.38,2023-08-23,0007,N,VIIRS,n,2,297.81,5.09,N,0
38.32339,23.40597,338.95,0.43,0.38,2023-08-23,0007,N,VIIRS,n,2,296.9,6.59,N,0
38.32276,23.41089,367,0.43,0.38,2023-08-23,0007,N,VIIRS,h,2,301.67,6.59,N,0
38.34272,23.2551,310.36,0.44,0.38,2023-08-23,0007,N,VIIRS,n,2,296.04,2.72,N,0
38.32212,23.41586,313.74,0.43,0.38,2023-08-23,0007,N,VIIRS,n,2,293.86,4.42,N,0
38.33985,23.24915,331.08,0.44,0.38,2023-08-23,0007,N,VIIRS,n,2,296.87,5.09,N,0
38.3392,23.25428,331.87,0.44,0.38,2023-08-23,0007,N,VIIRS,n,2,296.88,2.72,N,0
38.31925,23.41021,337.58,0.43,0.38,2023-08-23,0007,N,VIIRS,n,2,302.82,6.59,N,0
38.31861,23.41511,345.67,0.43,0.38,2023-08-23,0007,N,VIIRS,n,2,297.78,4.42,N,0
38.31987,23.40537,313.98,0.43,0.38,2023-08-23,0007,N,VIIRS,n,2,297.68,6.59,N,0
38.11039,23.60588,355.89,0.43,0.38,2023-08-23,0007,N,VIIRS,n,2,307.74,31.71,N,0
38.10973,23.61089,323.4,0.43,0.38,2023-08-23,0007,N,VIIRS,n,2,297.45,2.35,N,0
38.10831,23.59463,331.62,0.43,0.38,2023-08-23,0007,N,VIIRS,n,2,298.47,17.06,N,0
38.10765,23.59962,367,0.43,0.38,2023-08-23,0007,N,VIIRS,h,2,303.46,31.71,N,0
38.10699,23.60464,343.93,0.43,0.38,2023-08-23,0007,N,VIIRS,n,2,301.19,31.71,N,0
38.10633,23.60964,309.94,0.43,0.38,2023-08-23,0007,N,VIIRS,n,2,297.15,2.35,N,0
38.10486,23.59366,322.7,0.43,0.38,2023-08-23,0007,N,VIIRS,n,2,296.6,4.7,N,0
38.10422,23.59856,356.5,0.43,0.38,2023-08-23,0007,N,VIIRS,n,2,299.99,12.68,N,0
38.10291,23.60851,308.86,0.43,0.38,2023-08-23,0007,N,VIIRS,n,2,296.68,2.43,N,0
38.1016,23.61835,317.95,0.43,0.38,2023-08-23,0007,N,VIIRS,n,2,297.04,1.63,N,0
38.35247,21.54578,338.93,0.51,0.41,2023-08-23,0007,N,VIIRS,n,2,299.7,7.13,N,0
38.09754,23.62215,310.02,0.43,0.38,2023-08-23,0007,N,VIIRS,n,2,295.78,1.63,N,0
38.34933,21.5392,312.68,0.51,0.41,2023-08-23,0007,N,VIIRS,n,2,296.5,1.84,N,0
38.34867,21.54508,318.23,0.51,0.41,2023-08-23,0007,N,VIIRS,n,2,296.84,3.94,N,0
38.09473,23.61639,318.01,0.43,0.38,2023-08-23,0007,N,VIIRS,n,2,296.3,3.19,N,0
38.34553,21.5385,313.12,0.51,0.41,2023-08-23,0007,N,VIIRS,n,2,295.92,1.84,N,0
38.34174,21.5378,347.4,0.51,0.41,2023-08-23,0007,N,VIIRS,n,2,303.71,8.7,N,0
38.3424,21.53191,311.49,0.51,0.41,2023-08-23,0007,N,VIIRS,n,2,295.33,8.7,N,0
38.33794,21.5371,305.96,0.51,0.41,2023-08-23,0007,N,VIIRS,n,2,294.55,8.7,N,0
38.08241,23.62862,310.48,0.43,0.38,2023-08-23,0007,N,VIIRS,n,2,296.32,2.22,N,0
39.22765,22.46717,305.19,0.48,0.4,2023-08-23,0007,N,VIIRS,n,2,292.3,0.71,N,0
38.31701,23.39957,327.22,0.43,0.38,2023-08-23,0007,N,VIIRS,n,2,295.13,2.69,N,0
38.31637,23.40458,331.12,0.43,0.38,2023-08-23,0007,N,VIIRS,n,2,296.37,4.34,N,0
38.31574,23.40947,323.84,0.43,0.38,2023-08-23,0007,N,VIIRS,n,2,295.99,4.34,N,0
38.31511,23.41436,330.33,0.43,0.38,2023-08-23,0007,N,VIIRS,n,2,295.96,5.65,N,0
38.33568,23.25348,315.46,0.44,0.38,2023-08-23,0007,N,VIIRS,n,2,294.55,1.55,N,0
38.34797,22.7416,336.89,0.46,0.39,2023-08-23,0007,N,VIIRS,n,2,297.43,4.02,N,0
38.35325,22.69739,316.8,0.46,0.39,2023-08-23,0007,N,VIIRS,n,2,299.07,3.44,N,0
38.34439,22.74068,310.93,0.46,0.39,2023-08-23,0007,N,VIIRS,n,2,295,4.02,N,0
38.34081,22.73981,309.67,0.46,0.39,2023-08-23,0007,N,VIIRS,n,2,296.18,2.04,N,0
38.34013,22.74549,319.53,0.46,0.39,2023-08-23,0007,N,VIIRS,n,2,296.34,2.04,N,0
38.33947,22.75101,316.38,0.46,0.39,2023-08-23,0007,N,VIIRS,n,2,296.18,2.08,N,0
38.33656,22.74454,321.49,0.46,0.39,2023-08-23,0007,N,VIIRS,n,2,295.92,2.04,N,0
38.3359,22.75008,315.06,0.46,0.39,2023-08-23,0007,N,VIIRS,n,2,296.06,2.08,N,0
38.34236,22.75019,325.02,0.46,0.39,2023-08-23,0007,N,VIIRS,n,2,296.07,2.38,N,0
38.33878,22.74932,322.26,0.46,0.39,2023-08-23,0007,N,VIIRS,n,2,296.59,2.38,N,0
38.34019,22.73808,309.43,0.46,0.39,2023-08-23,0007,N,VIIRS,n,2,296.07,3.14,N,0
38.33948,22.74377,312.96,0.46,0.39,2023-08-23,0007,N,VIIRS,n,2,296.09,2.38,N,0
38.34409,22.67716,321.42,0.46,0.39,2023-08-23,0007,N,VIIRS,n,2,299.2,3.98,N,3
38.34475,22.67181,311.83,0.46,0.39,2023-08-23,0007,N,VIIRS,n,2,296.86,2.08,N,3
38.33522,22.74835,316.4,0.46,0.39,2023-08-23,0007,N,VIIRS,n,2,295.87,3.7,N,0
38.33097,22.75286,321.17,0.46,0.39,2023-08-23,0007,N,VIIRS,n,2,296.79,3.55,N,0
38.32741,22.75187,314.16,0.46,0.39,2023-08-23,0007,N,VIIRS,n,2,296.85,3.03,N,0
38.32452,22.74549,309.97,0.46,0.39,2023-08-23,0007,N,VIIRS,n,2,296.68,3.24,N,0
38.32093,22.74476,312.76,0.46,0.39,2023-08-23,0007,N,VIIRS,n,2,296.72,1.73,N,0
38.3173,22.74428,311.03,0.46,0.39,2023-08-23,0007,N,VIIRS,n,2,296.3,1.73,N,0
38.30571,22.7187,309.51,0.46,0.39,2023-08-23,0007,N,VIIRS,n,2,297.98,3.71,N,0
38.14938,23.6668,307.15,0.43,0.38,2023-08-23,0007,N,VIIRS,n,2,290.23,1.42,N,0
38.14654,23.66125,306.21,0.43,0.38,2023-08-23,0007,N,VIIRS,n,2,290.26,1.16,N,0
38.14591,23.66603,311.11,0.43,0.38,2023-08-23,0007,N,VIIRS,n,2,290.32,0.94,N,0
38.24696,22.83778,312.25,0.45,0.39,2023-08-23,0007,N,VIIRS,n,2,296.56,2.4,N,0
38.24518,22.85221,313.26,0.45,0.39,2023-08-23,0007,N,VIIRS,n,2,298.5,4.11,N,0
38.14308,23.6604,313.05,0.43,0.38,2023-08-23,0007,N,VIIRS,n,2,290.15,1.16,N,0
38.14246,23.66521,305.84,0.43,0.38,2023-08-23,0007,N,VIIRS,n,2,292.48,0.94,N,0
38.2434,22.8369,348.47,0.45,0.39,2023-08-23,0007,N,VIIRS,n,2,299.53,22.62,N,0
38.24278,22.84194,329.42,0.45,0.39,2023-08-23,0007,N,VIIRS,n,2,297.99,3.29,N,0
38.24162,22.85135,335.63,0.45,0.39,2023-08-23,0007,N,VIIRS,n,2,300,5.72,N,0
38.24219,22.84672,316.79,0.45,0.39,2023-08-23,0007,N,VIIRS,n,2,298.5,3.29,N,0
38.13964,23.65948,305.4,0.43,0.38,2023-08-23,0007,N,VIIRS,n,2,291.96,1.46,N,0
38.23984,22.83598,345.61,0.45,0.39,2023-08-23,0007,N,VIIRS,n,2,307.27,22.62,N,0
38.23921,22.8411,329.11,0.45,0.39,2023-08-23,0007,N,VIIRS,n,2,297.74,3.29,N,0
38.23862,22.84587,336.2,0.45,0.39,2023-08-23,0007,N,VIIRS,n,2,299.55,3.29,N,0
38.23805,22.85051,347.96,0.45,0.39,2023-08-23,0007,N,VIIRS,n,2,300.45,5.72,N,0
38.1349,23.66853,351.22,0.43,0.38,2023-08-23,0007,N,VIIRS,n,2,305.72,38.12,N,0
38.13424,23.67365,345.99,0.43,0.38,2023-08-23,0007,N,VIIRS,n,2,312.39,27.14,N,0
38.13293,23.68372,325.48,0.42,0.38,2023-08-23,0007,N,VIIRS,n,2,292.6,3.93,N,0
38.23747,22.85521,313.12,0.45,0.39,2023-08-23,0007,N,VIIRS,n,2,297.79,5.72,N,0
38.13358,23.67873,312.31,0.43,0.38,2023-08-23,0007,N,VIIRS,n,2,293.2,27.14,N,0
38.23568,22.83999,328.32,0.45,0.39,2023-08-23,0007,N,VIIRS,n,2,298.08,3.06,N,0
38.23508,22.84483,330.81,0.45,0.39,2023-08-23,0007,N,VIIRS,n,2,299.27,3.06,N,0
38.2345,22.84954,325.96,0.45,0.39,2023-08-23,0007,N,VIIRS,n,2,298.59,2.73,N,0
38.13145,23.66759,323.44,0.43,0.38,2023-08-23,0007,N,VIIRS,n,2,295.31,1.84,N,0
38.13078,23.67276,335.46,0.43,0.38,2023-08-23,0007,N,VIIRS,n,2,335.15,112.04,N,0
38.13013,23.67787,343.62,0.43,0.38,2023-08-23,0007,N,VIIRS,n,2,297.14,112.04,N,0
38.12947,23.68289,367,0.42,0.38,2023-08-23,0007,N,VIIRS,h,2,349.42,202.16,N,0
38.12884,23.68782,334.47,0.42,0.38,2023-08-23,0007,N,VIIRS,n,2,294.22,202.16,N,0
38.12821,23.69259,348.65,0.42,0.38,2023-08-23,0007,N,VIIRS,n,2,298.59,11.2,N,0
38.1276,23.69733,356.86,0.42,0.38,2023-08-23,0007,N,VIIRS,n,2,309.02,11.2,N,0
38.12699,23.70201,344.98,0.42,0.38,2023-08-23,0007,N,VIIRS,n,2,307.67,25.74,N,0
38.23631,22.83482,306.65,0.45,0.39,2023-08-23,0007,N,VIIRS,n,2,295.92,3.17,N,0
38.23392,22.85427,309.99,0.45,0.39,2023-08-23,0007,N,VIIRS,n,2,297.6,2.73,N,0
38.13211,23.66246,309.64,0.43,0.38,2023-08-23,0007,N,VIIRS,n,2,295.37,1.84,N,0
38.23097,22.84834,338.9,0.45,0.39,2023-08-23,0007,N,VIIRS,n,2,300.38,2.73,N,0
38.1318,23.63734,333.27,0.43,0.38,2023-08-23,0007,N,VIIRS,n,2,298.97,15.17,N,0
38.13119,23.64205,334.97,0.43,0.38,2023-08-23,0007,N,VIIRS,n,2,298.72,11.03,N,0
38.13058,23.6468,346.32,0.43,0.38,2023-08-23,0007,N,VIIRS,n,2,299.1,11.03,N,0
38.12734,23.67183,350.64,0.43,0.38,2023-08-23,0007,N,VIIRS,n,2,299.6,112.04,N,0
38.12669,23.67689,335.48,0.43,0.38,2023-08-23,0007,N,VIIRS,n,2,330.77,112.04,N,0
38.1254,23.68686,329.44,0.42,0.38,2023-08-23,0007,N,VIIRS,n,2,314.99,202.16,N,0
38.12477,23.69169,350.33,0.42,0.38,2023-08-23,0007,N,VIIRS,n,2,298.23,11.2,N,0
38.12415,23.69645,333.69,0.42,0.38,2023-08-23,0007,N,VIIRS,n,2,298.79,11.2,N,0
38.12354,23.70114,355.6,0.42,0.38,2023-08-23,0007,N,VIIRS,n,2,316.58,25.74,N,0
38.12293,23.70576,343.04,0.42,0.38,2023-08-23,0007,N,VIIRS,n,2,307.89,25.74,N,0
38.23156,22.84355,309.52,0.45,0.39,2023-08-23,0007,N,VIIRS,n,2,297.6,3.06,N,0
38.23037,22.85323,308.33,0.45,0.39,2023-08-23,0007,N,VIIRS,n,2,297.15,2.73,N,0
38.12995,23.65162,307.56,0.43,0.38,2023-08-23,0007,N,VIIRS,n,2,294.56,1.88,N,0
38.12867,23.6615,307.77,0.43,0.38,2023-08-23,0007,N,VIIRS,n,2,295.2,1.84,N,0
38.12801,23.66666,313.08,0.43,0.38,2023-08-23,0007,N,VIIRS,n,2,295.04,1.84,N,0
38.12835,23.6365,355.05,0.43,0.38,2023-08-23,0007,N,VIIRS,n,2,321.18,22.45,N,0
38.12774,23.64119,336.63,0.43,0.38,2023-08-23,0007,N,VIIRS,n,2,325.7,35.66,N,0
38.12712,23.64594,337.73,0.43,0.38,2023-08-23,0007,N,VIIRS,n,2,306.27,35.66,N,0
38.12325,23.6759,321.14,0.43,0.38,2023-08-23,0007,N,VIIRS,n,2,295.68,2.08,N,0
38.12261,23.68085,339.46,0.42,0.38,2023-08-23,0007,N,VIIRS,n,2,299.78,3.49,N,0
38.1201,23.7002,325.1,0.42,0.38,2023-08-23,0007,N,VIIRS,n,2,301.06,4.85,N,0
38.11949,23.70486,341.65,0.42,0.38,2023-08-23,0007,N,VIIRS,n,2,304.27,4.85,N,0
38.11889,23.70943,355.17,0.42,0.38,2023-08-23,0007,N,VIIRS,n,2,310.41,49.12,N,0
38.11829,23.71397,339.08,0.42,0.38,2023-08-23,0007,N,VIIRS,n,2,318.29,49.12,N,0
38.22745,22.84707,310.92,0.45,0.39,2023-08-23,0007,N,VIIRS,n,2,296.31,3.09,N,3
38.12895,23.63187,310.2,0.43,0.38,2023-08-23,0007,N,VIIRS,n,2,294.26,22.45,N,0
38.1239,23.67091,311.29,0.43,0.38,2023-08-23,0007,N,VIIRS,n,2,294.31,2.08,N,0
38.12196,23.68584,319.92,0.42,0.38,2023-08-23,0007,N,VIIRS,n,2,297.24,3.49,N,0
38.12489,23.6356,338.37,0.43,0.38,2023-08-23,0007,N,VIIRS,n,2,306.25,22.45,N,0
38.11544,23.70853,351.2,0.42,0.38,2023-08-23,0007,N,VIIRS,n,2,315.52,49.12,N,0
38.11484,23.71312,338.51,0.42,0.38,2023-08-23,0007,N,VIIRS,n,2,336.28,49.12,N,0
38.1255,23.63097,315.67,0.43,0.38,2023-08-23,0007,N,VIIRS,n,2,295.4,22.45,N,0
38.12428,23.64031,318.27,0.43,0.38,2023-08-23,0007,N,VIIRS,n,2,299.4,35.66,N,0
38.12045,23.66995,309.19,0.43,0.38,2023-08-23,0007,N,VIIRS,n,2,294.5,2.08,N,0
38.11918,23.67977,310.58,0.42,0.38,2023-08-23,0007,N,VIIRS,n,2,296.2,3.49,N,0
38.11605,23.70388,318.93,0.42,0.38,2023-08-23,0007,N,VIIRS,n,2,300.47,4.85,N,0
38.11425,23.71767,312.92,0.42,0.38,2023-08-23,0007,N,VIIRS,n,2,298.83,7.45,N,0
38.36633,21.58149,323.65,0.51,0.41,2023-08-23,0007,N,VIIRS,n,2,297.15,2.56,N,0
38.12144,23.63471,335.56,0.43,0.38,2023-08-23,0007,N,VIIRS,n,2,298.47,3.46,N,0
38.112,23.70762,347.51,0.42,0.38,2023-08-23,0007,N,VIIRS,n,2,310.01,14.95,N,0
38.11139,23.71225,356.03,0.42,0.38,2023-08-23,0007,N,VIIRS,n,2,325.04,14.95,N,0
38.36558,21.5884,305.05,0.51,0.41,2023-08-23,0007,N,VIIRS,n,2,294.76,2.56,N,0
38.12082,23.63944,312.22,0.43,0.38,2023-08-23,0007,N,VIIRS,n,2,297.51,3.2,N,0
38.11262,23.70289,313.27,0.42,0.38,2023-08-23,0007,N,VIIRS,n,2,297.62,5.28,N,0
38.10795,23.71135,348.06,0.42,0.38,2023-08-23,0007,N,VIIRS,n,2,307.32,14.95,N,0
38.11796,23.63402,317.43,0.43,0.38,2023-08-23,0007,N,VIIRS,n,2,297.1,3.46,N,0
38.11424,23.66277,309.45,0.43,0.38,2023-08-23,0007,N,VIIRS,n,2,295.38,2.72,N,0
38.10855,23.70671,312.97,0.42,0.38,2023-08-23,0007,N,VIIRS,n,2,299.04,14.95,N,0
38.12045,23.6378,327.34,0.43,0.38,2023-08-23,0007,N,VIIRS,n,2,298.68,2.19,N,0
38.11137,23.70593,321.19,0.42,0.38,2023-08-23,0007,N,VIIRS,n,2,298.94,5.75,N,0
38.11076,23.71056,355.99,0.42,0.38,2023-08-23,0007,N,VIIRS,n,2,317.64,10.92,N,0
38.11014,23.71515,331.86,0.42,0.38,2023-08-23,0007,N,VIIRS,n,2,302.47,10.92,N,0
38.12106,23.63315,308.7,0.43,0.38,2023-08-23,0007,N,VIIRS,n,2,295.62,2.19,N,0
38.10732,23.70966,345.18,0.42,0.38,2023-08-23,0007,N,VIIRS,n,2,303.9,10.92,N,0
38.1067,23.71428,330.15,0.42,0.38,2023-08-23,0007,N,VIIRS,n,2,298.53,10.92,N,0
38.11696,23.63711,312.45,0.43,0.38,2023-08-23,0007,N,VIIRS,n,2,296.84,2.19,N,0
38.11313,23.666,311.05,0.43,0.38,2023-08-23,0007,N,VIIRS,n,2,295.8,3.04,N,0
38.36694,21.58839,315.26,0.51,0.41,2023-08-23,0007,N,VIIRS,n,2,295.67,1.45,N,0
38.12843,23.52342,311.9,0.43,0.38,2023-08-23,0007,N,VIIRS,n,2,297.95,2.26,N,2
38.11517,23.59676,333.2,0.43,0.38,2023-08-23,0007,N,VIIRS,n,2,304.94,27.35,N,0
38.11449,23.60188,347.39,0.43,0.38,2023-08-23,0007,N,VIIRS,n,2,318.21,21.38,N,0
38.11381,23.60699,340.29,0.43,0.38,2023-08-23,0007,N,VIIRS,n,2,299.57,21.38,N,0
38.11314,23.61207,353.76,0.43,0.38,2023-08-23,0007,N,VIIRS,n,2,301.46,11.28,N,0
38.11249,23.61693,327.44,0.43,0.38,2023-08-23,0007,N,VIIRS,n,2,297.68,11.28,N,0
38.1017,23.69833,320.95,0.42,0.38,2023-08-23,0007,N,VIIRS,n,2,297.76,4.4,N,0
38.36322,21.58714,314.94,0.51,0.41,2023-08-23,0007,N,VIIRS,n,2,296.03,1.45,N,0
38.11186,23.62172,307.75,0.43,0.38,2023-08-23,0007,N,VIIRS,n,2,294.36,2.34,N,0
38.11174,23.59565,333.97,0.43,0.38,2023-08-23,0007,N,VIIRS,n,2,301.01,17.06,N,0
35.03479,25.07597,351.64,0.4,0.37,2023-08-23,1127,N,VIIRS,n,2,319.16,71.46,D,0
38.37147,23.23311,351.99,0.39,0.36,2023-08-23,1128,N,VIIRS,n,2,299.4,25.27,D,0
37.62141,22.69938,343.42,0.38,0.36,2023-08-23,1128,N,VIIRS,n,2,315.83,21.08,D,0
38.11427,23.72787,347.34,0.39,0.36,2023-08-23,1128,N,VIIRS,n,2,307.24,3.49,D,0
38.11759,23.72706,356.43,0.39,0.36,2023-08-23,1128,N,VIIRS,n,2,308.79,5.23,D,0
38.12091,23.72625,342.05,0.39,0.36,2023-08-23,1128,N,VIIRS,n,2,309.65,5.23,D,0
38.11432,23.63124,342.87,0.39,0.36,2023-08-23,1128,N,VIIRS,n,2,308.31,5.06,D,0
38.10808,23.58748,338.71,0.39,0.36,2023-08-23,1128,N,VIIRS,l,2,310.98,2.52,D,0
38.12957,23.71464,367,0.39,0.36,2023-08-23,1128,N,VIIRS,h,2,314,17.09,D,0
38.13021,23.71917,343.72,0.39,0.36,2023-08-23,1128,N,VIIRS,n,2,301.99,17.09,D,0
38.12893,23.71011,336.66,0.39,0.36,2023-08-23,1128,N,VIIRS,n,2,298.56,11.77,D,0
38.12829,23.70556,343.2,0.39,0.36,2023-08-23,1128,N,VIIRS,n,2,301.91,11.77,D,0
38.12765,23.70106,345.64,0.39,0.36,2023-08-23,1128,N,VIIRS,n,2,298.91,6.15,D,0
38.12638,23.69213,341.61,0.39,0.36,2023-08-23,1128,N,VIIRS,n,2,295.18,10.59,D,0
38.11764,23.63054,354.81,0.39,0.36,2023-08-23,1128,N,VIIRS,n,2,307.91,6.68,D,0
38.11573,23.61709,351.13,0.39,0.36,2023-08-23,1128,N,VIIRS,n,2,311.98,50.07,D,0
38.11139,23.58665,338.93,0.39,0.36,2023-08-23,1128,N,VIIRS,l,2,312.74,3.59,D,0
38.11905,23.61631,367,0.39,0.36,2023-08-23,1128,N,VIIRS,h,2,335.8,50.07,D,0
38.13353,23.71833,352.3,0.39,0.36,2023-08-23,1128,N,VIIRS,n,2,313.56,17.09,D,0
38.13289,23.71383,344.19,0.39,0.36,2023-08-23,1128,N,VIIRS,n,2,299.16,17.09,D,0
38.13225,23.70931,349.33,0.39,0.36,2023-08-23,1128,N,VIIRS,n,2,302.86,11.77,D,0
38.13161,23.70478,342.64,0.39,0.36,2023-08-23,1128,N,VIIRS,n,2,303.19,11.77,D,0
38.12907,23.68686,342.97,0.39,0.36,2023-08-23,1128,N,VIIRS,n,2,297.41,10.59,D,0
38.12845,23.68249,341.34,0.39,0.36,2023-08-23,1128,N,VIIRS,n,2,305.47,6.37,D,0
38.12161,23.6343,341.72,0.39,0.36,2023-08-23,1128,N,VIIRS,n,2,302.09,6.78,D,0
38.12097,23.62982,343.82,0.39,0.36,2023-08-23,1128,N,VIIRS,n,2,300.13,6.68,D,0
38.12033,23.6253,346.66,0.39,0.36,2023-08-23,1128,N,VIIRS,n,2,304.45,6.68,D,0
38.11969,23.62079,354.89,0.39,0.36,2023-08-23,1128,N,VIIRS,n,2,316.64,50.07,D,0
38.11842,23.61187,354.64,0.39,0.36,2023-08-23,1128,N,VIIRS,n,2,313.34,47.64,D,0
38.11532,23.59014,340.25,0.39,0.36,2023-08-23,1128,N,VIIRS,l,2,311.58,4.33,D,0
38.1147,23.5858,348.35,0.39,0.36,2023-08-23,1128,N,VIIRS,n,2,313.63,3.59,D,0
38.13684,23.7175,367,0.39,0.36,2023-08-23,1128,N,VIIRS,h,2,339.83,87.45,D,0
38.13747,23.72194,346.85,0.39,0.36,2023-08-23,1128,N,VIIRS,n,2,319.63,34.11,D,0
38.13239,23.68609,339.23,0.39,0.36,2023-08-23,1128,N,VIIRS,n,2,296.62,11.37,D,0
38.13177,23.68171,346.91,0.39,0.36,2023-08-23,1128,N,VIIRS,n,2,307.92,13.23,D,0
38.12556,23.63794,339.31,0.39,0.36,2023-08-23,1128,N,VIIRS,n,2,293.96,2.88,D,0
38.12492,23.63346,341.79,0.39,0.36,2023-08-23,1128,N,VIIRS,n,2,299.23,2.88,D,0
38.12428,23.62897,353.47,0.39,0.36,2023-08-23,1128,N,VIIRS,n,2,302.01,72.76,D,0
38.12237,23.61553,349.82,0.39,0.36,2023-08-23,1128,N,VIIRS,n,2,297.31,26.69,D,0
38.12111,23.60671,354,0.39,0.36,2023-08-23,1128,N,VIIRS,n,2,317.71,24.94,D,0
38.12049,23.60234,350.35,0.39,0.36,2023-08-23,1128,N,VIIRS,n,2,315.02,7.11,D,0
38.11862,23.58926,335.97,0.39,0.36,2023-08-23,1128,N,VIIRS,l,2,310.1,4.44,D,0
38.118,23.58492,346.48,0.39,0.36,2023-08-23,1128,N,VIIRS,n,2,311.93,6.11,D,0
38.12364,23.6245,367,0.39,0.36,2023-08-23,1128,N,VIIRS,l,2,332.47,72.76,D,0
38.13952,23.71216,367,0.39,0.36,2023-08-23,1128,N,VIIRS,h,2,329.45,87.45,D,0
38.12442,23.60593,367,0.39,0.36,2023-08-23,1128,N,VIIRS,h,2,312.17,24.94,D,0
38.14141,23.72553,336.44,0.39,0.36,2023-08-23,1128,N,VIIRS,n,2,304.78,34.11,D,0
38.13448,23.67657,343.01,0.39,0.36,2023-08-23,1128,N,VIIRS,n,2,304.77,13.23,D,0
38.12887,23.6371,339.9,0.39,0.36,2023-08-23,1128,N,VIIRS,n,2,300.63,2.88,D,0
38.12823,23.63261,343.12,0.39,0.36,2023-08-23,1128,N,VIIRS,n,2,300.38,2.88,D,0
38.12632,23.61923,346.57,0.39,0.36,2023-08-23,1128,N,VIIRS,n,2,292.88,26.69,D,0
38.12569,23.61476,338.83,0.39,0.36,2023-08-23,1128,N,VIIRS,n,2,284.84,26.69,D,0
38.12505,23.61032,348.84,0.39,0.36,2023-08-23,1128,N,VIIRS,n,2,292.98,24.94,D,0
38.1238,23.60153,346.86,0.39,0.36,2023-08-23,1128,N,VIIRS,n,2,314.1,7.11,D,0
38.12317,23.59712,349.07,0.39,0.36,2023-08-23,1128,N,VIIRS,n,2,314.06,7.11,D,0
38.12255,23.59275,341.58,0.39,0.36,2023-08-23,1128,N,VIIRS,l,2,313.6,4.44,D,0
38.12193,23.58839,346.6,0.39,0.36,2023-08-23,1128,N,VIIRS,n,2,314.56,4.44,D,0
38.12131,23.58405,349.11,0.39,0.36,2023-08-23,1128,N,VIIRS,n,2,312,6.11,D,0
38.14078,23.72102,367,0.39,0.36,2023-08-23,1128,N,VIIRS,l,2,336.96,34.11,D,0
38.14014,23.71658,367,0.39,0.36,2023-08-23,1128,N,VIIRS,l,2,343.26,87.45,D,0
38.13779,23.6758,367,0.39,0.36,2023-08-23,1128,N,VIIRS,h,2,304.1,25.16,D,0
38.14471,23.72459,339.2,0.39,0.36,2023-08-23,1128,N,VIIRS,n,2,311.36,38,D,0
38.13718,23.67146,352.31,0.39,0.36,2023-08-23,1128,N,VIIRS,n,2,307.53,29.71,D,0
38.13345,23.64521,340.95,0.39,0.36,2023-08-23,1128,N,VIIRS,n,2,303.88,16.9,D,0
38.13282,23.64076,346.86,0.39,0.36,2023-08-23,1128,N,VIIRS,n,2,303.96,16.9,D,0
38.13218,23.63629,342.95,0.39,0.36,2023-08-23,1128,N,VIIRS,n,2,298.83,4.32,D,0
38.13154,23.63177,341.79,0.39,0.36,2023-08-23,1128,N,VIIRS,n,2,293.04,4.32,D,0
38.1309,23.6273,352.6,0.39,0.36,2023-08-23,1128,N,VIIRS,n,2,295.56,4.95,D,0
38.13027,23.62286,340.87,0.39,0.36,2023-08-23,1128,N,VIIRS,n,2,296.58,4.95,D,0
38.12648,23.59629,348.09,0.39,0.36,2023-08-23,1128,N,VIIRS,n,2,306.41,9.12,D,0
38.12586,23.59191,346.23,0.39,0.36,2023-08-23,1128,N,VIIRS,n,2,304.85,5.35,D,0
38.12524,23.58755,343.78,0.39,0.36,2023-08-23,1128,N,VIIRS,n,2,311.78,5.35,D,0
38.12461,23.58322,353.43,0.39,0.36,2023-08-23,1128,N,VIIRS,n,2,316.11,18.41,D,0
38.14407,23.72005,367,0.39,0.36,2023-08-23,1128,N,VIIRS,l,2,328.7,38,D,0
38.14344,23.71563,367,0.39,0.36,2023-08-23,1128,N,VIIRS,l,2,339.16,155.87,D,0
38.13863,23.65751,356.1,0.39,0.36,2023-08-23,1128,N,VIIRS,n,2,305.62,21.5,D,0
38.138,23.65309,351.9,0.39,0.36,2023-08-23,1128,N,VIIRS,n,2,305.68,97.73,D,0
38.13613,23.63995,344.38,0.39,0.36,2023-08-23,1128,N,VIIRS,n,2,297.72,16.9,D,0
38.13485,23.63095,342.35,0.39,0.36,2023-08-23,1128,N,VIIRS,n,2,292.05,4.32,D,0
38.13421,23.62646,342.99,0.39,0.36,2023-08-23,1128,N,VIIRS,n,2,290.01,4.95,D,0
38.23063,22.84773,347.94,0.38,0.36,2023-08-23,1128,N,VIIRS,n,2,312.04,6.02,D,0
38.24377,22.8444,356.41,0.38,0.36,2023-08-23,1128,N,VIIRS,n,2,316.8,22.88,D,0
38.24707,22.8436,350.7,0.38,0.36,2023-08-23,1128,N,VIIRS,n,2,311.32,56.07,D,0
38.24641,22.83921,349.48,0.38,0.36,2023-08-23,1128,N,VIIRS,n,2,313.05,75.78,D,0
38.24971,22.83841,367,0.38,0.36,2023-08-23,1128,N,VIIRS,h,2,347.2,75.78,D,0
38.25298,22.86036,343.03,0.38,0.36,2023-08-23,1128,N,VIIRS,n,2,307.22,7.05,D,0
38.25036,22.84279,342.75,0.38,0.36,2023-08-23,1128,N,VIIRS,n,2,306.97,56.07,D,0
38.25626,22.85953,367,0.38,0.36,2023-08-23,1128,N,VIIRS,h,2,359.44,84.35,D,0
38.25692,22.86392,340.02,0.38,0.36,2023-08-23,1128,N,VIIRS,n,2,309.56,84.35,D,0
38.253,22.83762,347.23,0.38,0.36,2023-08-23,1128,N,VIIRS,n,2,303.83,29.55,D,0
38.25955,22.8587,367,0.38,0.36,2023-08-23,1128,N,VIIRS,l,2,326.29,84.35,D,0
38.34085,23.24846,367,0.39,0.36,2023-08-23,1128,N,VIIRS,l,2,325.53,23.1,D,0
38.34479,23.25205,342.01,0.39,0.36,2023-08-23,1128,N,VIIRS,l,2,312.25,23.1,D,0
38.34415,23.24769,354.13,0.39,0.36,2023-08-23,1128,N,VIIRS,n,2,312.17,23.1,D,0
38.34691,23.25256,340.97,0.39,0.36,2023-08-23,1128,N,VIIRS,n,2,306.2,3.2,D,0
38.34628,23.24818,350.53,0.39,0.36,2023-08-23,1128,N,VIIRS,n,2,304.98,3.2,D,0
38.35086,23.25623,338,0.39,0.36,2023-08-23,1128,N,VIIRS,n,2,302.27,5.68,D,0
38.35022,23.2518,340.5,0.39,0.36,2023-08-23,1128,N,VIIRS,n,2,296.98,3.2,D,0
38.34958,23.24739,347.2,0.39,0.36,2023-08-23,1128,N,VIIRS,n,2,297.86,3.2,D,0
38.34895,23.24301,339.21,0.39,0.36,2023-08-23,1128,N,VIIRS,n,2,300.61,2.62,D,0
38.34832,23.23862,338.36,0.39,0.36,2023-08-23,1128,N,VIIRS,n,2,296.89,2.62,D,0
38.34768,23.23422,341.03,0.39,0.36,2023-08-23,1128,N,VIIRS,n,2,293.39,3.4,D,0
38.35417,23.25548,337.44,0.39,0.36,2023-08-23,1128,N,VIIRS,n,2,292.83,2.43,D,0
38.35353,23.25102,339.44,0.39,0.36,2023-08-23,1128,N,VIIRS,n,2,291.44,2.96,D,0
38.35289,23.24657,340.09,0.39,0.36,2023-08-23,1128,N,VIIRS,n,2,285.55,2.96,D,0
38.35226,23.24219,346.29,0.39,0.36,2023-08-23,1128,N,VIIRS,n,2,291.38,4.2,D,0
38.35162,23.23779,349.85,0.39,0.36,2023-08-23,1128,N,VIIRS,n,2,293.2,4.2,D,0
38.35098,23.23341,341.73,0.39,0.36,2023-08-23,1128,N,VIIRS,n,2,298.38,8.78,D,0
38.35748,23.25471,338,0.39,0.36,2023-08-23,1128,N,VIIRS,n,2,293.35,2.43,D,0
38.35684,23.25025,340.51,0.39,0.36,2023-08-23,1128,N,VIIRS,n,2,291.16,2.96,D,0
38.3562,23.24578,352.67,0.39,0.36,2023-08-23,1128,N,VIIRS,n,2,296.33,2.96,D,0
38.35556,23.24137,348.3,0.39,0.36,2023-08-23,1128,N,VIIRS,n,2,292.27,4.2,D,0
38.35492,23.23697,355.23,0.39,0.36,2023-08-23,1128,N,VIIRS,n,2,303.12,4.2,D,0
38.35429,23.23263,357.22,0.39,0.36,2023-08-23,1128,N,VIIRS,n,2,304.8,8.78,D,0
38.35759,23.23181,367,0.39,0.36,2023-08-23,1128,N,VIIRS,h,2,363.52,89.27,D,0
38.36015,23.24944,338.09,0.39,0.36,2023-08-23,1128,N,VIIRS,n,2,283.1,2.4,D,0
38.3595,23.24498,341.13,0.39,0.36,2023-08-23,1128,N,VIIRS,n,2,286.52,2.4,D,0
38.35886,23.24056,349.02,0.39,0.36,2023-08-23,1128,N,VIIRS,n,2,290.75,21.19,D,0
38.35633,23.22309,345.33,0.39,0.36,2023-08-23,1128,N,VIIRS,n,2,301.81,4.18,D,0
38.35823,23.23617,367,0.39,0.36,2023-08-23,1128,N,VIIRS,l,2,332.05,21.19,D,0
38.36281,23.24419,343.03,0.39,0.36,2023-08-23,1128,N,VIIRS,n,2,293.71,2.4,D,0
38.36217,23.23976,348.22,0.39,0.36,2023-08-23,1128,N,VIIRS,n,2,293.45,21.19,D,0
38.36153,23.23537,353.83,0.39,0.36,2023-08-23,1128,N,VIIRS,n,2,300.26,21.19,D,0
38.36026,23.22662,345.25,0.39,0.36,2023-08-23,1128,N,VIIRS,n,2,303.94,89.27,D,0
38.35963,23.22226,342.32,0.39,0.36,2023-08-23,1128,N,VIIRS,n,2,295.3,4.18,D,0
38.359,23.21788,339.45,0.39,0.36,2023-08-23,1128,N,VIIRS,n,2,297.34,4.18,D,0
38.36613,23.24345,339.7,0.39,0.36,2023-08-23,1128,N,VIIRS,n,2,293.91,6.27,D,0
38.36548,23.23903,345.21,0.39,0.36,2023-08-23,1128,N,VIIRS,n,2,291.21,5.01,D,0
38.36485,23.2346,348.4,0.39,0.36,2023-08-23,1128,N,VIIRS,n,2,289.2,5.01,D,0
38.3642,23.23021,353.72,0.39,0.36,2023-08-23,1128,N,VIIRS,n,2,302.07,8.01,D,0
38.36357,23.22583,341.95,0.39,0.36,2023-08-23,1128,N,VIIRS,n,2,291.58,8.01,D,0
40.94567,25.7284,367,0.46,0.39,2023-08-23,1129,N,VIIRS,h,2,345.36,153.67,D,0
40.93585,25.67494,347.61,0.46,0.39,2023-08-23,1129,N,VIIRS,n,2,301.43,15.36,D,0
40.93648,25.6804,340.17,0.46,0.39,2023-08-23,1129,N,VIIRS,n,2,302.06,9.36,D,0
40.9371,25.68584,349.91,0.46,0.39,2023-08-23,1129,N,VIIRS,n,2,304,9.36,D,0
40.94204,25.72899,346.36,0.46,0.39,2023-08-23,1129,N,VIIRS,n,2,303.12,11.28,D,0
40.98886,26.14636,346.62,0.48,0.4,2023-08-23,1129,N,VIIRS,n,2,308.68,13.8,D,0
40.9895,26.15213,344.83,0.48,0.4,2023-08-23,1129,N,VIIRS,n,2,313,14.6,D,0
40.99015,26.15799,342.5,0.48,0.4,2023-08-23,1129,N,VIIRS,n,2,313.97,14.6,D,0
40.93224,25.67559,354.85,0.46,0.39,2023-08-23,1129,N,VIIRS,n,2,304.9,15.36,D,0
40.93287,25.68109,349.03,0.46,0.39,2023-08-23,1129,N,VIIRS,n,2,302.65,9.36,D,0
40.94215,25.76244,342.08,0.46,0.39,2023-08-23,1129,N,VIIRS,n,2,301.5,5.56,D,0
40.98454,26.1412,340.4,0.48,0.4,2023-08-23,1129,N,VIIRS,n,2,310.9,13.8,D,0
40.98582,26.15282,354.39,0.48,0.4,2023-08-23,1129,N,VIIRS,n,2,312.53,14.6,D,0
40.98647,26.15877,333.23,0.48,0.4,2023-08-23,1129,N,VIIRS,l,2,307.12,14.6,D,0
40.98518,26.14705,367,0.48,0.4,2023-08-23,1129,N,VIIRS,h,2,313.23,13.8,D,0
40.92862,25.67624,335.91,0.46,0.39,2023-08-23,1129,N,VIIRS,n,2,300.69,6.81,D,0
40.92924,25.68177,339.08,0.46,0.39,2023-08-23,1129,N,VIIRS,n,2,300.85,6.46,D,0
40.98085,26.14187,348.88,0.48,0.4,2023-08-23,1129,N,VIIRS,n,2,312.12,8.12,D,0
40.98149,26.14768,340.74,0.48,0.4,2023-08-23,1129,N,VIIRS,n,2,310.48,8.12,D,0
40.92562,25.68238,333.62,0.46,0.39,2023-08-23,1129,N,VIIRS,n,2,299.39,6.46,D,0
40.93127,25.67232,330.73,0.46,0.39,2023-08-23,1129,N,VIIRS,n,2,298.32,5.57,D,0
40.93193,25.67786,352.22,0.46,0.39,2023-08-23,1129,N,VIIRS,n,2,305.24,12.84,D,0
40.93258,25.68333,344.81,0.46,0.39,2023-08-23,1129,N,VIIRS,n,2,301.04,12.84,D,0
40.94219,25.76461,347.28,0.46,0.39,2023-08-23,1129,N,VIIRS,n,2,302.41,7.22,D,0
40.98629,26.14289,350.05,0.48,0.4,2023-08-23,1129,N,VIIRS,n,2,310.62,17.63,D,0
40.98695,26.14867,351.21,0.48,0.4,2023-08-23,1129,N,VIIRS,n,2,309.96,17.08,D,0
40.98763,26.15447,354.81,0.48,0.4,2023-08-23,1129,N,VIIRS,n,2,316.81,17.08,D,0
40.98831,26.16039,335.3,0.48,0.4,2023-08-23,1129,N,VIIRS,l,2,309.72,9.06,D,0
40.92831,25.67851,348.65,0.46,0.39,2023-08-23,1129,N,VIIRS,n,2,303.18,12.84,D,0
40.9826,26.14353,355.76,0.48,0.4,2023-08-23,1129,N,VIIRS,n,2,315.83,17.63,D,0
40.98326,26.1493,350.47,0.48,0.4,2023-08-23,1129,N,VIIRS,n,2,311.74,17.08,D,0
40.92995,25.75519,341.15,0.46,0.39,2023-08-23,1129,N,VIIRS,n,2,302.63,6.07,D,0
40.92191,25.71821,335.31,0.46,0.39,2023-08-23,1129,N,VIIRS,n,2,303.22,5.38,D,0
40.91766,25.71361,340.79,0.46,0.39,2023-08-23,1129,N,VIIRS,n,2,303.5,5.38,D,0
40.91405,25.71433,335.73,0.46,0.39,2023-08-23,1129,N,VIIRS,n,2,304.22,4.73,D,0
40.38695,21.96051,339.82,0.38,0.36,2023-08-23,1129,N,VIIRS,n,2,306.01,3.69,D,0
40.87866,25.72803,341.92,0.46,0.39,2023-08-23,1129,N,VIIRS,n,2,308.85,15.77,D,0
40.87505,25.72881,354.37,0.46,0.39,2023-08-23,1129,N,VIIRS,n,2,316.72,15.77,D,0
40.8759,25.76815,345.01,0.46,0.39,2023-08-23,1129,N,VIIRS,n,2,313.1,13.16,D,0
39.69323,20.03632,346.73,0.4,0.37,2023-08-23,1129,N,VIIRS,n,2,312.14,5.41,D,0
39.69402,20.04093,335.87,0.4,0.37,2023-08-23,1129,N,VIIRS,l,2,308.26,5.41,D,0
39.68988,20.03722,346.85,0.4,0.37,2023-08-23,1129,N,VIIRS,n,2,312.22,5.41,D,0
39.68957,20.04034,342.53,0.4,0.37,2023-08-23,1129,N,VIIRS,n,2,309.07,5.54,D,0
39.22289,22.45505,301.51,0.38,0.36,2023-08-23,1129,N,VIIRS,l,2,305.55,20.04,D,0
39.22355,22.45947,355.14,0.38,0.36,2023-08-23,1129,N,VIIRS,n,2,312.98,20.04,D,0
41.18368,25.26705,334.18,0.45,0.39,2023-08-23,1129,N,VIIRS,n,2,301.02,3.69,D,0
41.18576,25.28419,335.16,0.45,0.39,2023-08-23,1129,N,VIIRS,n,2,301.19,17.68,D,0
41.18646,25.29001,332.82,0.45,0.39,2023-08-23,1129,N,VIIRS,n,2,300.89,13.12,D,0
41.18223,25.28525,346.66,0.45,0.39,2023-08-23,1129,N,VIIRS,n,2,309.04,17.68,D,0
41.18293,25.29101,333.35,0.45,0.39,2023-08-23,1129,N,VIIRS,n,2,302.19,13.12,D,0
41.1787,25.28624,333.99,0.45,0.39,2023-08-23,1129,N,VIIRS,n,2,303.79,4.81,D,0
41.17939,25.29198,343.71,0.45,0.39,2023-08-23,1129,N,VIIRS,n,2,303.39,6.49,D,0
41.19255,25.55731,337.25,0.46,0.39,2023-08-23,1129,N,VIIRS,l,2,310.56,2.61,D,0
41.06936,24.68764,342.76,0.43,0.38,2023-08-23,1129,N,VIIRS,n,2,312.21,13.08,D,0
41.07195,24.70847,340.83,0.43,0.38,2023-08-23,1129,N,VIIRS,n,2,307.96,5.5,D,0
41.06569,24.71577,336.95,0.43,0.38,2023-08-23,1129,N,VIIRS,l,2,311.85,6.18,D,0
41.05078,24.68211,342.88,0.43,0.38,2023-08-23,1129,N,VIIRS,n,2,315.12,10.08,D,0
41.20842,26.29663,337.7,0.49,0.4,2023-08-23,1129,N,VIIRS,n,2,309.78,3.2,D,0
41.10741,26.01258,344.92,0.48,0.4,2023-08-23,1129,N,VIIRS,n,2,299.59,6.44,D,0
41.12045,26.1294,332.57,0.48,0.4,2023-08-23,1129,N,VIIRS,l,2,304.91,3.04,D,0
41.12434,26.16445,367,0.48,0.4,2023-08-23,1129,N,VIIRS,h,2,305.63,16.12,D,0
41.1031,26.00763,347.56,0.48,0.4,2023-08-23,1129,N,VIIRS,n,2,303.43,16.37,D,0
41.10374,26.01336,352.77,0.48,0.4,2023-08-23,1129,N,VIIRS,n,2,320.12,44.69,D,0
41.11484,26.11277,334.72,0.48,0.4,2023-08-23,1129,N,VIIRS,n,2,305.22,15.45,D,0
41.11547,26.11848,356.03,0.48,0.4,2023-08-23,1129,N,VIIRS,n,2,308.96,51.77,D,0
41.11676,26.13002,345.28,0.48,0.4,2023-08-23,1129,N,VIIRS,n,2,307.31,4.62,D,0
41.1174,26.13585,331.83,0.48,0.4,2023-08-23,1129,N,VIIRS,l,2,306.14,4.62,D,0
41.12064,26.16509,350.99,0.48,0.4,2023-08-23,1129,N,VIIRS,n,2,307.49,8.29,D,0
41.12387,26.19424,342.63,0.48,0.4,2023-08-23,1129,N,VIIRS,n,2,305.87,2.83,D,0
41.09756,25.99155,347.85,0.48,0.4,2023-08-23,1129,N,VIIRS,n,2,296.93,9.39,D,0
41.09947,26.00865,349.19,0.48,0.4,2023-08-23,1129,N,VIIRS,n,2,308.37,16.37,D,0
41.10079,26.02048,351.29,0.48,0.4,2023-08-23,1129,N,VIIRS,n,2,314.56,44.69,D,0
41.10467,26.0552,349.94,0.48,0.4,2023-08-23,1129,N,VIIRS,n,2,310.91,14.43,D,0
41.10531,26.06094,349.25,0.48,0.4,2023-08-23,1129,N,VIIRS,n,2,310.38,13.17,D,0
41.1105,26.10763,338.35,0.48,0.4,2023-08-23,1129,N,VIIRS,n,2,305.78,15.45,D,0
41.11115,26.11338,354.71,0.48,0.4,2023-08-23,1129,N,VIIRS,n,2,315.63,15.45,D,0
41.11178,26.11909,343,0.48,0.4,2023-08-23,1129,N,VIIRS,n,2,306.91,51.77,D,0
41.11242,26.12483,346.79,0.48,0.4,2023-08-23,1129,N,VIIRS,n,2,309.03,51.77,D,0
41.12013,26.19461,334.42,0.48,0.4,2023-08-23,1129,N,VIIRS,l,2,307.31,2.83,D,0
41.09391,25.99249,347.08,0.48,0.4,2023-08-23,1129,N,VIIRS,n,2,304.2,12.04,D,0
41.09583,26.00963,339.21,0.48,0.4,2023-08-23,1129,N,VIIRS,l,2,309.51,9.74,D,0
41.09715,26.02144,347.16,0.48,0.4,2023-08-23,1129,N,VIIRS,n,2,310.65,13.1,D,0
41.09783,26.02754,342.15,0.48,0.4,2023-08-23,1129,N,VIIRS,n,2,307.59,13.24,D,0
41.09977,26.04488,354.68,0.48,0.4,2023-08-23,1129,N,VIIRS,n,2,305.63,269.28,D,0
41.10165,26.06178,356.61,0.48,0.4,2023-08-23,1129,N,VIIRS,n,2,322.65,25.16,D,0
41.10227,26.06737,356.02,0.48,0.4,2023-08-23,1129,N,VIIRS,n,2,311.57,25.16,D,0
41.10617,26.10246,353.35,0.48,0.4,2023-08-23,1129,N,VIIRS,n,2,307.79,7.32,D,0
41.10681,26.10821,343.52,0.48,0.4,2023-08-23,1129,N,VIIRS,n,2,306.07,4.43,D,0
41.11772,26.20702,338.34,0.48,0.4,2023-08-23,1129,N,VIIRS,n,2,305.42,6.47,D,0
41.10102,26.05612,367,0.48,0.4,2023-08-23,1129,N,VIIRS,h,2,344.54,96.16,D,0
41.09612,26.04579,367,0.48,0.4,2023-08-23,1129,N,VIIRS,l,2,376.04,269.28,D,0
41.09674,26.05143,352.39,0.48,0.4,2023-08-23,1129,N,VIIRS,l,2,330.21,96.16,D,0
41.09417,26.02838,342.28,0.48,0.4,2023-08-23,1129,N,VIIRS,n,2,304.46,13.24,D,0
41.09799,26.06265,348.05,0.48,0.4,2023-08-23,1129,N,VIIRS,n,2,317.04,25.16,D,0
41.10184,26.09733,338.67,0.48,0.4,2023-08-23,1129,N,VIIRS,n,2,305.39,7.32,D,0
41.11335,26.20163,337.93,0.48,0.4,2023-08-23,1129,N,VIIRS,l,2,308.08,6.47,D,0
41.11402,26.20772,347.64,0.48,0.4,2023-08-23,1129,N,VIIRS,n,2,307.8,6.47,D,0
41.09484,26.03437,367,0.48,0.4,2023-08-23,1129,N,VIIRS,h,2,302.84,13.24,D,0
41.09549,26.04014,367,0.48,0.4,2023-08-23,1129,N,VIIRS,h,2,342.47,269.28,D,0
41.09737,26.05707,367,0.48,0.4,2023-08-23,1129,N,VIIRS,h,2,322.85,96.16,D,0
41.09246,26.04665,354.28,0.48,0.4,2023-08-23,1129,N,VIIRS,l,2,330.35,77.98,D,0
41.09309,26.05231,352.63,0.48,0.4,2023-08-23,1129,N,VIIRS,n,2,326.46,43.56,D,0
41.09685,26.08623,346.57,0.48,0.4,2023-08-23,1129,N,VIIRS,n,2,306.55,9.38,D,0
41.11033,26.20852,345.19,0.48,0.4,2023-08-23,1129,N,VIIRS,n,2,310.42,11,D,0
41.09117,26.03505,367,0.48,0.4,2023-08-23,1129,N,VIIRS,h,2,325.73,74.28,D,0
41.09182,26.04092,367,0.48,0.4,2023-08-23,1129,N,VIIRS,h,2,354.42,77.98,D,0
41.09371,26.05792,367,0.48,0.4,2023-08-23,1129,N,VIIRS,h,2,341.05,43.56,D,0
41.0875,26.03578,341.41,0.48,0.4,2023-08-23,1129,N,VIIRS,n,2,303.69,74.28,D,0
41.08879,26.04749,349.71,0.48,0.4,2023-08-23,1129,N,VIIRS,n,2,319.12,77.98,D,0
41.08942,26.05313,340.57,0.48,0.4,2023-08-23,1129,N,VIIRS,n,2,311.02,43.56,D,0
41.09005,26.05873,342.47,0.48,0.4,2023-08-23,1129,N,VIIRS,n,2,314.16,43.56,D,0
41.10666,26.20949,339.99,0.48,0.4,2023-08-23,1129,N,VIIRS,n,2,309.55,11,D,0
41.08815,26.04171,367,0.48,0.4,2023-08-23,1129,N,VIIRS,h,2,317.93,77.98,D,0
41.08514,26.0483,347.48,0.48,0.4,2023-08-23,1129,N,VIIRS,n,2,312.74,12.95,D,0
41.10232,26.20435,337.07,0.48,0.4,2023-08-23,1129,N,VIIRS,n,2,306.99,5.13,D,0
41.09862,26.20504,340.24,0.48,0.4,2023-08-23,1129,N,VIIRS,n,2,309.63,5.13,D,0
41.09926,26.21092,334.63,0.48,0.4,2023-08-23,1129,N,VIIRS,l,2,306.55,5.13,D,0
41.09555,26.21161,348.56,0.48,0.4,2023-08-23,1129,N,VIIRS,n,2,309.42,7.91,D,0
41.10125,26.20681,348.01,0.48,0.4,2023-08-23,1129,N,VIIRS,n,2,308.55,8.53,D,0
41.09754,26.20747,348.98,0.48,0.4,2023-08-23,1129,N,VIIRS,n,2,310.23,8.53,D,0
41.09821,26.21331,335.62,0.48,0.4,2023-08-23,1129,N,VIIRS,l,2,307.61,3.59,D,0
41.06227,25.96602,336.54,0.47,0.4,2023-08-23,1129,N,VIIRS,n,2,298.32,2.7,D,0
41.08207,26.20428,336.96,0.48,0.4,2023-08-23,1129,N,VIIRS,l,2,308.34,3.14,D,0
41.05139,25.96889,337.01,0.47,0.4,2023-08-23,1129,N,VIIRS,n,2,302.68,5.89,D,0
40.48853,21.77701,336.58,0.38,0.36,2023-08-23,1129,N,VIIRS,n,2,304.86,4.49,D,0
41.07264,26.18782,331.76,0.48,0.4,2023-08-23,1129,N,VIIRS,l,2,306.67,1.41,D,0
40.48456,21.77337,336.27,0.38,0.36,2023-08-23,1129,N,VIIRS,n,2,305.09,2.73,D,0
41.03621,25.9669,347.92,0.47,0.4,2023-08-23,1129,N,VIIRS,n,2,305.22,6.39,D,0
41.05598,26.17385,350.43,0.48,0.4,2023-08-23,1129,N,VIIRS,n,2,308.73,12.95,D,0
41.02245,25.91201,350.92,0.47,0.4,2023-08-23,1129,N,VIIRS,n,2,302.58,10.27,D,0
41.02374,25.92324,340.92,0.47,0.4,2023-08-23,1129,N,VIIRS,n,2,301.24,53.44,D,0
41.0523,26.17462,348.74,0.48,0.4,2023-08-23,1129,N,VIIRS,n,2,308.16,6.84,D,0
41.02308,25.91759,367,0.47,0.4,2023-08-23,1129,N,VIIRS,h,2,305.92,10.27,D,0
41.02011,25.92421,367,0.47,0.4,2023-08-23,1129,N,VIIRS,l,2,328.48,53.44,D,0
41.02077,25.92996,367,0.47,0.4,2023-08-23,1129,N,VIIRS,l,2,325.06,53.44,D,0
41.01229,25.85617,336.83,0.47,0.4,2023-08-23,1129,N,VIIRS,n,2,290.3,5.36,D,0
41.0175,25.90146,354.2,0.47,0.4,2023-08-23,1129,N,VIIRS,n,2,306.26,25.67,D,0
41.01881,25.91288,342.55,0.47,0.4,2023-08-23,1129,N,VIIRS,n,2,303.5,10.27,D,0
41.01946,25.91851,344.24,0.47,0.4,2023-08-23,1129,N,VIIRS,n,2,304.55,10.27,D,0
41.04859,26.17526,343.9,0.48,0.4,2023-08-23,1129,N,VIIRS,n,2,309.3,6.84,D,0
41.00298,25.80759,367,0.47,0.39,2023-08-23,1129,N,VIIRS,l,2,338.29,51.44,D,0
41.00169,25.79647,355.8,0.47,0.39,2023-08-23,1129,N,VIIRS,n,2,291.6,24.43,D,0
41.00233,25.80203,350.41,0.47,0.39,2023-08-23,1129,N,VIIRS,n,2,308.99,51.44,D,0
41.00362,25.81314,356.32,0.47,0.39,2023-08-23,1129,N,VIIRS,n,2,318.95,22.35,D,0
41.00491,25.8243,337.22,0.47,0.4,2023-08-23,1129,N,VIIRS,n,2,301.29,8.85,D,0
41.00553,25.82973,341.95,0.47,0.4,2023-08-23,1129,N,VIIRS,n,2,301.64,8.85,D,0
41.00802,25.85139,347.18,0.47,0.4,2023-08-23,1129,N,VIIRS,n,2,304.38,199.09,D,0
41.00868,25.85711,352.6,0.47,0.4,2023-08-23,1129,N,VIIRS,n,2,306.25,25.64,D,0
41.0126,25.89126,342.55,0.47,0.4,2023-08-23,1129,N,VIIRS,n,2,300.78,10.14,D,0
41.01714,25.93086,351.56,0.47,0.4,2023-08-23,1129,N,VIIRS,n,2,313.54,26.57,D,0
41.04424,26.17009,342.55,0.48,0.4,2023-08-23,1129,N,VIIRS,n,2,315.49,7.19,D,0
41.0449,26.17595,348.26,0.48,0.4,2023-08-23,1129,N,VIIRS,n,2,321.62,29.39,D,0
41.04556,26.18183,338.01,0.48,0.4,2023-08-23,1129,N,VIIRS,l,2,311.33,29.39,D,0
41.00426,25.81874,367,0.47,0.4,2023-08-23,1129,N,VIIRS,h,2,309.75,22.35,D,0
40.99744,25.79184,345.51,0.47,0.39,2023-08-23,1129,N,VIIRS,n,2,295.24,24.43,D,0
40.99872,25.80289,354.63,0.47,0.39,2023-08-23,1129,N,VIIRS,n,2,323.52,51.44,D,0
41.00001,25.81406,354.76,0.47,0.39,2023-08-23,1129,N,VIIRS,n,2,313.27,22.35,D,0
41.00065,25.81964,342.09,0.47,0.4,2023-08-23,1129,N,VIIRS,n,2,305.83,22.35,D,0
41.00129,25.82517,353.84,0.47,0.4,2023-08-23,1129,N,VIIRS,n,2,309.15,8.85,D,0
41.00191,25.83062,334.51,0.47,0.4,2023-08-23,1129,N,VIIRS,n,2,302.9,8.85,D,0
41.00507,25.85804,345.3,0.47,0.4,2023-08-23,1129,N,VIIRS,n,2,304.41,25.64,D,0
41.00768,25.88077,338.27,0.47,0.4,2023-08-23,1129,N,VIIRS,n,2,298.49,10.57,D,0
41.0135,25.93169,342.99,0.47,0.4,2023-08-23,1129,N,VIIRS,n,2,305.79,26.57,D,0
41.04057,26.17089,338.02,0.48,0.4,2023-08-23,1129,N,VIIRS,l,2,313.01,7.19,D,0
41.04122,26.17672,346.12,0.48,0.4,2023-08-23,1129,N,VIIRS,n,2,316.2,29.39,D,0
40.99809,25.79736,367,0.47,0.39,2023-08-23,1129,N,VIIRS,h,2,308.5,24.43,D,0
40.99936,25.80848,367,0.47,0.39,2023-08-23,1129,N,VIIRS,h,2,320.71,51.44,D,0
40.99255,25.7816,334.27,0.47,0.39,2023-08-23,1129,N,VIIRS,n,2,288.2,2.13,D,0
40.99575,25.80933,356.51,0.47,0.39,2023-08-23,1129,N,VIIRS,n,2,308.73,9.58,D,0
40.9964,25.81494,336.64,0.47,0.39,2023-08-23,1129,N,VIIRS,n,2,303.43,7.16,D,0
41.00081,25.85336,350.33,0.47,0.4,2023-08-23,1129,N,VIIRS,n,2,303.24,8.13,D,0
40.99509,25.80368,367,0.47,0.39,2023-08-23,1129,N,VIIRS,h,2,308.79,9.58,D,0
40.987,25.76565,332.8,0.46,0.39,2023-08-23,1129,N,VIIRS,n,2,294.79,1.4,D,0
40.99145,25.80426,334.9,0.47,0.39,2023-08-23,1129,N,VIIRS,n,2,288.2,9.58,D,0
40.98144,25.74959,330.08,0.46,0.39,2023-08-23,1129,N,VIIRS,n,2,295.76,1.44,D,0
41.02151,26.16903,339.18,0.48,0.4,2023-08-23,1129,N,VIIRS,l,2,313.79,8.04,D,0
41.01783,26.16982,349.11,0.48,0.4,2023-08-23,1129,N,VIIRS,n,2,314.92,8.04,D,0
41.01912,26.18146,346.27,0.48,0.4,2023-08-23,1129,N,VIIRS,n,2,309.68,9.56,D,0
41.0135,26.16482,339.6,0.48,0.4,2023-08-23,1129,N,VIIRS,l,2,311.47,5.09,D,0
41.0111,26.17715,350.62,0.48,0.4,2023-08-23,1129,N,VIIRS,n,2,315.2,17.4,D,0
40.95717,25.7318,335.65,0.46,0.39,2023-08-23,1129,N,VIIRS,n,2,292.65,11.4,D,0
41.00742,26.17792,355.05,0.48,0.4,2023-08-23,1129,N,VIIRS,n,2,320.35,54.72,D,0
40.94857,25.6891,347.05,0.46,0.39,2023-08-23,1129,N,VIIRS,n,2,302.9,10.25,D,0
40.95232,25.72185,337.55,0.46,0.39,2023-08-23,1129,N,VIIRS,n,2,290.55,6.28,D,0
40.95294,25.72716,346.71,0.46,0.39,2023-08-23,1129,N,VIIRS,n,2,295.29,6.28,D,0
40.95354,25.73248,353.11,0.46,0.39,2023-08-23,1129,N,VIIRS,n,2,302.9,11.4,D,0
40.95415,25.73779,342.66,0.46,0.39,2023-08-23,1129,N,VIIRS,n,2,302.68,11.4,D,0
41.00247,26.1672,350.88,0.48,0.4,2023-08-23,1129,N,VIIRS,n,2,312.41,17.77,D,0
41.00311,26.17298,345.09,0.48,0.4,2023-08-23,1129,N,VIIRS,n,2,309.45,54.72,D,0
40.94931,25.72779,367,0.46,0.39,2023-08-23,1129,N,VIIRS,l,2,334.56,153.67,D,0
40.9437,25.67893,343.79,0.46,0.39,2023-08-23,1129,N,VIIRS,n,2,301.04,30.55,D,0
40.94432,25.68434,350.13,0.46,0.39,2023-08-23,1129,N,VIIRS,n,2,304.89,30.55,D,0
40.94557,25.6952,348.92,0.46,0.39,2023-08-23,1129,N,VIIRS,n,2,301.84,19.16,D,0
40.94619,25.70062,346.4,0.46,0.39,2023-08-23,1129,N,VIIRS,n,2,301.46,13.18,D,0
40.94992,25.73312,355.56,0.46,0.39,2023-08-23,1129,N,VIIRS,n,2,311.97,17.95,D,0
40.95053,25.73842,354.76,0.46,0.39,2023-08-23,1129,N,VIIRS,n,2,312.18,17.95,D,0
40.95113,25.74369,333.09,0.46,0.39,2023-08-23,1129,N,VIIRS,l,2,303.44,5.58,D,0
40.99816,26.16227,349.71,0.48,0.4,2023-08-23,1129,N,VIIRS,n,2,316.28,37.3,D,0
40.99879,26.16803,353.83,0.48,0.4,2023-08-23,1129,N,VIIRS,n,2,316.14,37.3,D,0
40.25121,20.70222,333.85,0.39,0.36,2023-08-23,1129,N,VIIRS,n,2,302.74,3.36,D,0
40.94009,25.67968,349.16,0.46,0.39,2023-08-23,1129,N,VIIRS,n,2,313.48,30.55,D,0
40.94133,25.69052,339.26,0.46,0.39,2023-08-23,1129,N,VIIRS,n,2,301.79,19.16,D,0
40.94196,25.69593,353.39,0.46,0.39,2023-08-23,1129,N,VIIRS,n,2,312.22,19.16,D,0
40.94506,25.72303,334.26,0.46,0.39,2023-08-23,1129,N,VIIRS,n,2,305.02,153.67,D,0
40.99384,26.15728,351.07,0.48,0.4,2023-08-23,1129,N,VIIRS,n,2,311.48,15.73,D,0
40.99448,26.16307,350.72,0.48,0.4,2023-08-23,1129,N,VIIRS,n,2,319.63,37.3,D,0
41.10521,26.03793,329.73,0.56,0.43,2023-08-23,2347,N,VIIRS,n,2,293.37,2.81,N,0
41.10652,26.02527,325.45,0.57,0.43,2023-08-23,2347,N,VIIRS,n,2,293.32,3.27,N,0
41.0952,25.98847,311.35,0.57,0.43,2023-08-23,2347,N,VIIRS,n,2,291.69,2.38,N,0
41.07823,26.20146,308.52,0.55,0.43,2023-08-23,2347,N,VIIRS,n,2,292.4,2.91,N,0
41.09848,25.99648,308.24,0.57,0.43,2023-08-23,2347,N,VIIRS,n,2,291.13,2.2,N,0
41.09731,26.09055,318.17,0.56,0.43,2023-08-23,2347,N,VIIRS,n,2,292.22,2.64,N,0
41.10262,26.03671,318.19,0.56,0.43,2023-08-23,2347,N,VIIRS,n,2,293.06,3.98,N,0
41.10388,26.02406,311.62,0.57,0.43,2023-08-23,2347,N,VIIRS,n,2,292.32,2.77,N,0
41.10575,26.00506,302.73,0.57,0.43,2023-08-23,2347,N,VIIRS,n,2,289.96,1.16,N,0
41.17648,25.25792,306.27,0.41,0.45,2023-08-23,2347,N,VIIRS,n,2,291.48,0.69,N,0
41.10326,26.03025,328.23,0.57,0.43,2023-08-23,2347,N,VIIRS,n,2,293.37,3.98,N,0
41.10719,26.03151,318.14,0.57,0.43,2023-08-23,2347,N,VIIRS,n,2,292.44,3.98,N,0
41.10845,26.01884,315.24,0.57,0.43,2023-08-23,2347,N,VIIRS,n,2,291.91,2.77,N,0
41.10974,26.00577,302.43,0.57,0.43,2023-08-23,2347,N,VIIRS,n,2,290.19,1.16,N,0
41.17773,25.28992,309.14,0.41,0.45,2023-08-23,2347,N,VIIRS,n,2,292.11,0.83,N,0
41.10656,26.0379,336.6,0.56,0.43,2023-08-23,2347,N,VIIRS,n,2,293.9,3.98,N,0
41.10782,26.02517,320.58,0.57,0.43,2023-08-23,2347,N,VIIRS,n,2,292.79,2.77,N,0
41.09272,26.2172,316.36,0.55,0.43,2023-08-23,2347,N,VIIRS,n,2,292.54,2.6,N,0
41.09338,26.21064,306.66,0.55,0.43,2023-08-23,2347,N,VIIRS,n,2,292.4,3.4,N,0
41.18382,25.26962,309.01,0.41,0.45,2023-08-23,2347,N,VIIRS,n,2,291.26,1.32,N,0
41.10853,26.05892,337.4,0.56,0.43,2023-08-23,2347,N,VIIRS,n,2,292.82,6.43,N,0
41.11048,26.03923,328.94,0.56,0.43,2023-08-23,2347,N,VIIRS,n,2,293.38,4.55,N,0
41.11175,26.02641,331.5,0.57,0.43,2023-08-23,2347,N,VIIRS,n,2,291.76,5.13,N,0
41.18186,25.29077,323.62,0.41,0.45,2023-08-23,2347,N,VIIRS,n,2,293.02,2.05,N,0
41.18597,25.29167,313.01,0.41,0.45,2023-08-23,2347,N,VIIRS,n,2,292.21,2.05,N,0
41.09733,26.21131,329.05,0.55,0.43,2023-08-23,2347,N,VIIRS,n,2,294.35,3.4,N,0
41.19203,25.27177,305.75,0.41,0.45,2023-08-23,2347,N,VIIRS,n,2,290.72,1.07,N,0
41.10128,26.21191,332.3,0.55,0.43,2023-08-23,2347,N,VIIRS,n,2,293.84,5.28,N,0
41.11588,26.1068,314.47,0.56,0.43,2023-08-23,2347,N,VIIRS,n,2,291.97,2.03,N,0
41.11653,26.10024,314.48,0.56,0.43,2023-08-23,2347,N,VIIRS,n,2,291.74,2.03,N,0
41.11782,26.12763,305.15,0.56,0.43,2023-08-23,2347,N,VIIRS,n,2,291.9,1.72,N,0
41.1185,26.12089,311.29,0.56,0.43,2023-08-23,2347,N,VIIRS,n,2,292.19,2.28,N,0
41.12113,26.13488,313.33,0.56,0.43,2023-08-23,2347,N,VIIRS,n,2,291.52,1.72,N,0
41.1218,26.12818,315.99,0.56,0.43,2023-08-23,2347,N,VIIRS,n,2,292.05,1.72,N,0
41.11309,26.21434,325.6,0.55,0.43,2023-08-23,2347,N,VIIRS,n,2,293.53,4.56,N,0
41.1177,26.20849,319.42,0.55,0.43,2023-08-23,2347,N,VIIRS,n,2,293.68,3.45,N,0
41.11901,26.19555,307.85,0.56,0.43,2023-08-23,2347,N,VIIRS,n,2,292.63,2.49,N,0
41.12442,26.14223,313.26,0.56,0.43,2023-08-23,2347,N,VIIRS,n,2,292.63,3.05,N,0
41.1251,26.13544,302.39,0.56,0.43,2023-08-23,2347,N,VIIRS,n,2,290.86,0.59,N,0
41.11705,26.21496,329.99,0.55,0.43,2023-08-23,2347,N,VIIRS,n,2,294.22,3.45,N,0
41.11835,26.20214,327.95,0.56,0.43,2023-08-23,2347,N,VIIRS,n,2,294.22,2.49,N,0
41.12302,26.19578,309.06,0.56,0.43,2023-08-23,2347,N,VIIRS,n,2,292.74,2.49,N,0
41.12703,26.15617,303,0.56,0.43,2023-08-23,2347,N,VIIRS,n,2,291.84,2.98,N,0
41.12571,26.16928,330.77,0.56,0.43,2023-08-23,2347,N,VIIRS,n,2,294.26,4.88,N,0
41.12638,26.16261,325.62,0.56,0.43,2023-08-23,2347,N,VIIRS,n,2,293.53,2.98,N,0
40.92469,25.71291,316.81,0.39,0.44,2023-08-23,2347,N,VIIRS,n,2,293.82,1.64,N,0
40.92873,25.71358,305.15,0.39,0.44,2023-08-23,2347,N,VIIRS,n,2,293.49,1.21,N,0
40.94114,25.75484,306.9,0.39,0.44,2023-08-23,2347,N,VIIRS,n,2,291.81,0.89,N,0
40.95408,25.66392,310.99,0.39,0.44,2023-08-23,2347,N,VIIRS,n,2,291.51,1.2,N,0
40.95453,25.65924,306.52,0.39,0.44,2023-08-23,2347,N,VIIRS,n,2,291.2,1.2,N,0
40.95498,25.65459,334.97,0.39,0.44,2023-08-23,2347,N,VIIRS,n,2,292.39,3,N,0
40.97938,25.74104,307.13,0.39,0.44,2023-08-23,2347,N,VIIRS,n,2,292.65,1.29,N,0
40.98744,25.74246,316.17,0.39,0.44,2023-08-23,2347,N,VIIRS,n,2,292.28,1.19,N,0
40.98791,25.73777,304.92,0.39,0.44,2023-08-23,2347,N,VIIRS,n,2,292.18,1.04,N,0
40.99288,25.72907,306.96,0.39,0.44,2023-08-23,2347,N,VIIRS,n,2,292.63,1.25,N,0
40.999,25.74996,304.19,0.39,0.44,2023-08-23,2347,N,VIIRS,n,2,291.5,0.94,N,0
41.00825,25.78012,318.88,0.39,0.44,2023-08-23,2347,N,VIIRS,n,2,292.03,2.13,N,0
41.00919,25.77075,314.02,0.39,0.44,2023-08-23,2347,N,VIIRS,n,2,292.46,1.73,N,0
41.00354,25.8665,308.1,0.57,0.43,2023-08-23,2347,N,VIIRS,n,2,293.24,3.5,N,0
41.01134,25.78994,304.87,0.39,0.44,2023-08-23,2347,N,VIIRS,n,2,292.3,0.85,N,0
41.0118,25.78545,304.83,0.39,0.44,2023-08-23,2347,N,VIIRS,n,2,292.35,0.85,N,0
41.01226,25.78091,316.59,0.39,0.44,2023-08-23,2347,N,VIIRS,n,2,292.55,2.01,N,0
41.00764,25.82634,323.08,0.38,0.43,2023-08-23,2347,N,VIIRS,n,2,293.61,3.35,N,0
41.0092,25.85109,308.34,0.38,0.43,2023-08-23,2347,N,VIIRS,n,2,293.31,1.59,N,0
41.01014,25.84189,306.53,0.38,0.43,2023-08-23,2347,N,VIIRS,n,2,292.77,1.74,N,0
41.01065,25.83692,308.1,0.38,0.43,2023-08-23,2347,N,VIIRS,n,2,292.83,2.32,N,0
41.01347,25.80926,306.05,0.38,0.44,2023-08-23,2347,N,VIIRS,n,2,292.72,1.61,N,0
40.98156,26.15656,319.06,0.56,0.43,2023-08-23,2347,N,VIIRS,n,2,293.51,3.8,N,0
41.01152,25.86828,311.29,0.57,0.43,2023-08-23,2347,N,VIIRS,n,2,292.44,2.08,N,0
41.01613,25.86304,306.52,0.57,0.43,2023-08-23,2347,N,VIIRS,n,2,292.48,2.08,N,0
40.98552,26.15715,330.07,0.56,0.43,2023-08-23,2347,N,VIIRS,n,2,294.86,3.8,N,0
41.00457,25.86659,309,0.57,0.43,2023-08-23,2347,N,VIIRS,n,2,293.66,1.39,N,0
41.00822,25.82871,306.84,0.38,0.43,2023-08-23,2347,N,VIIRS,n,2,293.18,2.21,N,0
41.01262,25.78308,312.61,0.39,0.44,2023-08-23,2347,N,VIIRS,n,2,292.44,1.5,N,0
41.00868,25.82399,321.42,0.38,0.43,2023-08-23,2347,N,VIIRS,n,2,293.46,2.49,N,0
41.00856,25.8675,304.66,0.57,0.43,2023-08-23,2347,N,VIIRS,n,2,292.35,1.39,N,0
41.00908,25.86216,306.25,0.38,0.43,2023-08-23,2347,N,VIIRS,n,2,293.5,1.84,N,0
41.01036,25.84894,308.56,0.38,0.43,2023-08-23,2347,N,VIIRS,n,2,292.76,1.8,N,0
41.01081,25.84431,304.54,0.38,0.43,2023-08-23,2347,N,VIIRS,n,2,292.66,1.01,N,0
41.01128,25.83938,307.21,0.38,0.43,2023-08-23,2347,N,VIIRS,n,2,292.47,1.01,N,0
41.01255,25.86838,306.59,0.57,0.43,2023-08-23,2347,N,VIIRS,n,2,292.01,2.58,N,0
41.01528,25.8403,308.81,0.38,0.43,2023-08-23,2347,N,VIIRS,n,2,291.95,1.57,N,0
40.98408,26.15701,333.73,0.56,0.43,2023-08-23,2347,N,VIIRS,n,2,294.98,4.05,N,0
41.01436,25.84982,324.01,0.38,0.43,2023-08-23,2347,N,VIIRS,n,2,292.93,1.38,N,0
41.01481,25.84517,320.18,0.38,0.43,2023-08-23,2347,N,VIIRS,n,2,292.37,1.57,N,0
41.01703,25.86428,313.44,0.38,0.43,2023-08-23,2347,N,VIIRS,n,2,292.85,1.38,N,0
41.01746,25.85996,304.97,0.38,0.43,2023-08-23,2347,N,VIIRS,n,2,292.75,1.38,N,0
41.01789,25.85542,306.83,0.38,0.43,2023-08-23,2347,N,VIIRS,n,2,292.8,1.38,N,0
40.98805,26.15758,324.29,0.56,0.43,2023-08-23,2347,N,VIIRS,n,2,294.35,4.05,N,0
41.01458,25.88936,321.74,0.57,0.43,2023-08-23,2347,N,VIIRS,n,2,292.77,4.45,N,0
41.01921,25.88367,316.83,0.57,0.43,2023-08-23,2347,N,VIIRS,n,2,293.48,3.12,N,0
41.021,25.86545,304.86,0.38,0.43,2023-08-23,2347,N,VIIRS,n,2,292.49,0.94,N,0
41.01855,25.89037,329.45,0.57,0.43,2023-08-23,2347,N,VIIRS,n,2,293.18,3.12,N,0
41.01986,25.87707,321.09,0.57,0.43,2023-08-23,2347,N,VIIRS,n,2,293.5,4.07,N,0
40.99462,26.17219,310.72,0.56,0.43,2023-08-23,2347,N,VIIRS,n,2,294.01,3.03,N,0
41.02121,25.90486,311.14,0.57,0.43,2023-08-23,2347,N,VIIRS,n,2,293.68,1.93,N,0
41.02187,25.89811,306.76,0.57,0.43,2023-08-23,2347,N,VIIRS,n,2,292.66,1.93,N,0
41.02453,25.91248,306.63,0.57,0.43,2023-08-23,2347,N,VIIRS,n,2,293.14,3.3,N,0
41.02518,25.90586,313.1,0.57,0.43,2023-08-23,2347,N,VIIRS,n,2,293.31,2.3,N,0
40.99789,26.17968,327.38,0.55,0.43,2023-08-23,2347,N,VIIRS,n,2,293.83,1.94,N,0
40.99855,26.17303,322.7,0.56,0.43,2023-08-23,2347,N,VIIRS,n,2,294.01,5.32,N,0
41.00182,26.18053,311.09,0.55,0.43,2023-08-23,2347,N,VIIRS,n,2,293.72,1.94,N,0
41.02654,25.93334,309.73,0.57,0.43,2023-08-23,2347,N,VIIRS,n,2,292.39,4.9,N,0
41.02914,25.90694,311.06,0.57,0.43,2023-08-23,2347,N,VIIRS,n,2,293.25,2.3,N,0
41.02718,25.92687,341.59,0.57,0.43,2023-08-23,2347,N,VIIRS,n,2,295.08,4.9,N,0
41.02782,25.92035,325.92,0.57,0.43,2023-08-23,2347,N,VIIRS,n,2,293.9,3.3,N,0
41.02849,25.91357,329.58,0.57,0.43,2023-08-23,2347,N,VIIRS,n,2,293.88,3.3,N,0
41.00576,26.18135,319.36,0.55,0.43,2023-08-23,2347,N,VIIRS,n,2,293.91,2.9,N,0
41.0337,25.98396,309.77,0.57,0.43,2023-08-23,2347,N,VIIRS,n,2,292.68,1.54,N,0
41.03441,25.97678,314.96,0.57,0.43,2023-08-23,2347,N,VIIRS,n,2,293.26,1.75,N,0
41.03512,25.96968,305.64,0.57,0.43,2023-08-23,2347,N,VIIRS,n,2,293.02,1.75,N,0
41.03581,25.96272,304.1,0.57,0.43,2023-08-23,2347,N,VIIRS,n,2,293.07,1.29,N,0
41.05443,26.17718,313.08,0.56,0.43,2023-08-23,2347,N,VIIRS,n,2,293.22,1.24,N,0
41.05836,26.17809,303.48,0.56,0.43,2023-08-23,2347,N,VIIRS,n,2,292.68,1.24,N,0
41.09407,25.98872,311.48,0.57,0.43,2023-08-23,2347,N,VIIRS,n,2,291.7,2.21,N,0
41.07603,26.20137,305.16,0.55,0.43,2023-08-23,2347,N,VIIRS,n,2,291.96,0.89,N,0
41.09731,25.99671,304.52,0.57,0.43,2023-08-23,2347,N,VIIRS,n,2,291.28,1.53,N,0
41.07997,26.20216,305.74,0.55,0.43,2023-08-23,2347,N,VIIRS,n,2,292.6,0.89,N,0
41.10126,25.99769,306.33,0.57,0.43,2023-08-23,2347,N,VIIRS,n,2,290.89,1.53,N,0
41.09567,26.09067,308.03,0.56,0.43,2023-08-23,2347,N,VIIRS,n,2,291.99,1.17,N,0
41.10127,26.03683,306.29,0.56,0.43,2023-08-23,2347,N,VIIRS,n,2,292.31,2.81,N,0
41.10193,26.03042,311.95,0.56,0.43,2023-08-23,2347,N,VIIRS,n,2,292.51,3.27,N,0
41.10257,26.02423,304.56,0.57,0.43,2023-08-23,2347,N,VIIRS,n,2,292.05,3.27,N,0
41.09964,26.09138,311.03,0.56,0.43,2023-08-23,2347,N,VIIRS,n,2,291.44,1.17,N,0
41.10717,26.01903,309.99,0.57,0.43,2023-08-23,2347,N,VIIRS,n,2,291.51,3.18,N,0
41.10851,26.00608,309.69,0.57,0.43,2023-08-23,2347,N,VIIRS,n,2,290.22,1.25,N,0
41.10587,26.03154,333.47,0.56,0.43,2023-08-23,2347,N,VIIRS,n,2,293.71,3.27,N,0
38.14198,23.66349,307.57,0.46,0.47,2023-08-23,2348,N,VIIRS,n,2,288.56,2.12,N,0
38.14241,23.65851,308.11,0.46,0.47,2023-08-23,2348,N,VIIRS,n,2,289.07,2.12,N,0
38.13691,23.72104,367,0.45,0.47,2023-08-23,2348,N,VIIRS,h,2,362.15,242.11,N,0
38.13736,23.716,326.98,0.45,0.47,2023-08-23,2348,N,VIIRS,n,2,294.55,10.44,N,0
38.13996,23.6866,329.61,0.46,0.47,2023-08-23,2348,N,VIIRS,n,2,294.51,13.13,N,0
38.14045,23.68102,345.33,0.46,0.47,2023-08-23,2348,N,VIIRS,n,2,294.89,13.13,N,0
38.14096,23.67512,343.96,0.46,0.47,2023-08-23,2348,N,VIIRS,n,2,290.74,20.12,N,0
38.14286,23.6534,323.75,0.46,0.47,2023-08-23,2348,N,VIIRS,n,2,292.94,7.18,N,0
38.14077,23.72717,313.6,0.45,0.47,2023-08-23,2348,N,VIIRS,n,2,294.24,3.22,N,0
38.14157,23.71816,308.76,0.45,0.47,2023-08-23,2348,N,VIIRS,n,2,291.88,2.83,N,0
38.14245,23.70827,314.52,0.45,0.47,2023-08-23,2348,N,VIIRS,n,2,291.79,3.21,N,0
38.1448,23.68156,310.55,0.46,0.47,2023-08-23,2348,N,VIIRS,n,2,284.4,1.52,N,0
38.14532,23.67566,305.62,0.46,0.47,2023-08-23,2348,N,VIIRS,n,2,280.2,1.38,N,0
38.14674,23.65955,303,0.46,0.47,2023-08-23,2348,N,VIIRS,n,2,287.56,2.18,N,0
38.14116,23.72281,326.66,0.45,0.47,2023-08-23,2348,N,VIIRS,n,2,294.24,3.22,N,0
38.14431,23.6872,327.95,0.46,0.47,2023-08-23,2348,N,VIIRS,n,2,289.23,1.52,N,0
38.14865,23.68792,307.05,0.46,0.47,2023-08-23,2348,N,VIIRS,n,2,284.06,1.52,N,0
38.14914,23.68231,305.89,0.46,0.47,2023-08-23,2348,N,VIIRS,n,2,281.74,1.52,N,0
38.15298,23.68869,304.42,0.46,0.47,2023-08-23,2348,N,VIIRS,n,2,284.56,1.85,N,0
38.2322,22.80747,316.34,0.51,0.49,2023-08-23,2348,N,VIIRS,n,2,293.13,7.88,N,3
38.23668,22.80926,318.4,0.51,0.49,2023-08-23,2348,N,VIIRS,n,2,294.86,5.72,N,0
38.23613,22.81594,320.51,0.51,0.49,2023-08-23,2348,N,VIIRS,n,2,295.09,5.72,N,0
38.24009,22.82418,312.84,0.51,0.49,2023-08-23,2348,N,VIIRS,n,2,291.43,4.71,N,0
38.24172,22.80415,322.44,0.51,0.49,2023-08-23,2348,N,VIIRS,n,2,294.89,10.5,N,0
38.24673,22.79946,367,0.51,0.49,2023-08-23,2348,N,VIIRS,h,2,299.78,8.89,N,0
38.24721,22.79352,323.86,0.51,0.49,2023-08-23,2348,N,VIIRS,n,2,282.08,11.06,N,0
38.1279,23.52587,311.63,0.46,0.47,2023-08-23,2348,N,VIIRS,n,2,295.22,3.04,N,2
38.12449,23.61144,313.31,0.46,0.47,2023-08-23,2348,N,VIIRS,n,2,293.02,5.1,N,0
38.12402,23.6165,331.55,0.46,0.47,2023-08-23,2348,N,VIIRS,n,2,293.72,2.09,N,0
38.12499,23.60593,350.51,0.46,0.47,2023-08-23,2348,N,VIIRS,n,2,296.77,5.1,N,0
38.12548,23.60058,328.49,0.46,0.47,2023-08-23,2348,N,VIIRS,n,2,293.37,4.54,N,0
38.1279,23.62231,306.35,0.46,0.47,2023-08-23,2348,N,VIIRS,n,2,293.4,2.09,N,0
38.12837,23.6173,313.07,0.46,0.47,2023-08-23,2348,N,VIIRS,n,2,293.5,2.09,N,0
38.13221,23.62357,320.11,0.46,0.47,2023-08-23,2348,N,VIIRS,n,2,292.01,8.15,N,0
38.13267,23.61855,341.35,0.46,0.47,2023-08-23,2348,N,VIIRS,n,2,301.14,8.15,N,0
38.13314,23.61346,339.05,0.46,0.47,2023-08-23,2348,N,VIIRS,n,2,293.4,18.24,N,0
38.12783,23.7178,318.63,0.45,0.47,2023-08-23,2348,N,VIIRS,n,2,295.93,5.2,N,0
38.13046,23.68962,305.21,0.45,0.47,2023-08-23,2348,N,VIIRS,n,2,290.14,1.27,N,0
38.13097,23.68421,307.24,0.45,0.47,2023-08-23,2348,N,VIIRS,n,2,292.88,1.27,N,0
38.13151,23.67842,306.88,0.46,0.47,2023-08-23,2348,N,VIIRS,n,2,291.24,2.17,N,0
38.13322,23.6601,310.36,0.46,0.47,2023-08-23,2348,N,VIIRS,n,2,294.44,2.44,N,0
38.12741,23.72225,328.12,0.45,0.47,2023-08-23,2348,N,VIIRS,n,2,296.82,5.86,N,0
38.13521,23.63885,351.9,0.46,0.47,2023-08-23,2348,N,VIIRS,n,2,300.15,20.17,N,0
38.13564,23.63416,343.04,0.46,0.47,2023-08-23,2348,N,VIIRS,n,2,298.76,13.35,N,0
38.13607,23.62958,338.66,0.46,0.47,2023-08-23,2348,N,VIIRS,n,2,296.2,13.35,N,0
38.13651,23.62486,331.04,0.46,0.47,2023-08-23,2348,N,VIIRS,n,2,294.82,8.15,N,0
38.13695,23.62002,321.39,0.46,0.47,2023-08-23,2348,N,VIIRS,n,2,292.61,8.15,N,0
38.12436,23.61205,314.77,0.46,0.47,2023-08-23,2348,N,VIIRS,n,2,293.08,2.52,N,0
38.12393,23.6171,326.62,0.46,0.47,2023-08-23,2348,N,VIIRS,n,2,293.82,2.52,N,0
38.12484,23.60657,343.34,0.46,0.47,2023-08-23,2348,N,VIIRS,n,2,295.81,6.1,N,0
38.1253,23.60116,336.49,0.46,0.47,2023-08-23,2348,N,VIIRS,n,2,294.69,6.1,N,0
38.12828,23.61791,317.81,0.46,0.47,2023-08-23,2348,N,VIIRS,n,2,293.78,2.52,N,0
38.13173,23.62915,308.01,0.46,0.47,2023-08-23,2348,N,VIIRS,n,2,291.31,3.68,N,0
38.13215,23.62421,321.04,0.46,0.47,2023-08-23,2348,N,VIIRS,n,2,292.25,3.68,N,0
38.1326,23.61917,339.3,0.46,0.47,2023-08-23,2348,N,VIIRS,n,2,296.02,10.98,N,0
38.13303,23.61409,340.91,0.46,0.47,2023-08-23,2348,N,VIIRS,n,2,299.29,10.98,N,0
38.13081,23.69043,305.13,0.45,0.47,2023-08-23,2348,N,VIIRS,n,2,289.98,2.49,N,0
38.24726,22.84942,309.09,0.5,0.49,2023-08-23,2348,N,VIIRS,n,2,294.03,4.22,N,0
38.42217,22.73756,304.8,0.51,0.5,2023-08-23,2348,N,VIIRS,n,2,291.33,30.19,N,0
38.41769,22.73531,351.16,0.51,0.5,2023-08-23,2348,N,VIIRS,n,2,298.88,30.19,N,0
38.41712,22.7427,347.15,0.51,0.5,2023-08-23,2348,N,VIIRS,n,2,309.63,30.19,N,0
38.41555,22.76294,341.98,0.51,0.5,2023-08-23,2348,N,VIIRS,n,2,291.86,4.55,N,0
38.41828,22.7276,314.43,0.51,0.5,2023-08-23,2348,N,VIIRS,n,2,293.35,7.88,N,0
38.41511,22.76847,316.74,0.51,0.5,2023-08-23,2348,N,VIIRS,n,2,290.2,4.55,N,0
38.41373,22.7262,323.15,0.51,0.5,2023-08-23,2348,N,VIIRS,n,2,295.18,6.17,N,0
38.41268,22.73983,356.83,0.51,0.5,2023-08-23,2348,N,VIIRS,n,2,298.04,13.41,N,0
38.41111,22.76021,353.26,0.51,0.5,2023-08-23,2348,N,VIIRS,n,2,299.77,84.52,N,0
38.41063,22.76634,367,0.51,0.5,2023-08-23,2348,N,VIIRS,h,2,331.9,84.52,N,0
38.41321,22.73296,307.44,0.51,0.5,2023-08-23,2348,N,VIIRS,n,2,293.63,13.41,N,0
38.41165,22.75323,307.12,0.51,0.5,2023-08-23,2348,N,VIIRS,n,2,291.01,7.11,N,0
38.41016,22.77245,313.28,0.51,0.5,2023-08-23,2348,N,VIIRS,n,2,289.76,10.73,N,0
38.40625,22.76278,334.33,0.51,0.5,2023-08-23,2348,N,VIIRS,n,2,306.47,84.52,N,0
38.40676,22.75624,318.63,0.51,0.5,2023-08-23,2348,N,VIIRS,n,2,293.15,84.52,N,0
38.40575,22.76931,319.91,0.51,0.5,2023-08-23,2348,N,VIIRS,n,2,289.78,10.73,N,0
38.41867,22.7358,349.85,0.51,0.5,2023-08-23,2348,N,VIIRS,n,2,298.58,16.21,N,0
38.41803,22.74326,349.65,0.51,0.5,2023-08-23,2348,N,VIIRS,n,2,303.76,44.48,N,0
38.41933,22.72792,319.91,0.51,0.5,2023-08-23,2348,N,VIIRS,n,2,293.45,16.21,N,0
38.41364,22.74031,347.74,0.51,0.5,2023-08-23,2348,N,VIIRS,n,2,302.53,44.48,N,0
38.41191,22.76081,367,0.51,0.5,2023-08-23,2348,N,VIIRS,h,2,301.82,85.32,N,0
38.41141,22.76678,322.71,0.51,0.5,2023-08-23,2348,N,VIIRS,n,2,322.35,123.31,N,0
38.41423,22.73333,314.79,0.51,0.5,2023-08-23,2348,N,VIIRS,n,2,294.26,16.21,N,0
38.37188,23.22593,296.25,0.48,0.48,2023-08-23,2348,N,VIIRS,n,2,272.09,1.37,N,0
38.41024,22.72532,325.35,0.51,0.5,2023-08-23,2348,N,VIIRS,n,2,294.75,8.33,N,0
38.4076,22.75686,324.04,0.51,0.5,2023-08-23,2348,N,VIIRS,n,2,293.31,27.22,N,0
38.40706,22.76336,333.98,0.51,0.5,2023-08-23,2348,N,VIIRS,n,2,315.58,35.34,N,0
38.40652,22.76976,316.43,0.51,0.49,2023-08-23,2348,N,VIIRS,n,2,288.65,35.34,N,0
38.40268,22.76019,344.53,0.51,0.5,2023-08-23,2348,N,VIIRS,n,2,295.84,35.34,N,0
38.40214,22.76669,318.08,0.51,0.49,2023-08-23,2348,N,VIIRS,n,2,289.74,35.34,N,0
38.38908,22.75621,332.89,0.51,0.5,2023-08-23,2348,N,VIIRS,n,2,293.3,10.42,N,0
38.38897,22.70119,347.56,0.52,0.5,2023-08-23,2348,N,VIIRS,n,2,292.92,11.44,N,0
38.38497,22.74979,324.43,0.51,0.5,2023-08-23,2348,N,VIIRS,n,2,294.77,12.31,N,0
38.38177,22.7322,328.27,0.51,0.5,2023-08-23,2348,N,VIIRS,n,2,296.7,7.8,N,0
38.38133,22.73744,340.99,0.51,0.5,2023-08-23,2348,N,VIIRS,n,2,294.63,7.8,N,0
38.38491,22.69385,314.12,0.52,0.5,2023-08-23,2348,N,VIIRS,n,2,291.94,4.12,N,0
38.38084,22.74343,319.24,0.51,0.5,2023-08-23,2348,N,VIIRS,n,2,287.53,8.79,N,0
38.38039,22.69205,322.8,0.52,0.5,2023-08-23,2348,N,VIIRS,n,2,293.42,4.12,N,0
38.37718,22.73144,327.62,0.51,0.5,2023-08-23,2348,N,VIIRS,n,2,289.19,7.8,N,0
38.37307,22.72474,327.91,0.51,0.5,2023-08-23,2348,N,VIIRS,n,2,287.86,9.1,N,0
38.37598,22.68892,309.85,0.52,0.5,2023-08-23,2348,N,VIIRS,n,2,294.6,5.89,N,0
38.3744,22.70847,307.02,0.52,0.5,2023-08-23,2348,N,VIIRS,n,2,291.62,7.05,N,0
38.2628,22.82894,308.41,0.51,0.49,2023-08-23,2348,N,VIIRS,n,2,285.47,2.3,N,0
38.25179,22.85044,307.91,0.5,0.49,2023-08-23,2348,N,VIIRS,n,2,293.75,5.01,N,0
38.25128,22.80037,332.36,0.51,0.49,2023-08-23,2348,N,VIIRS,n,2,290.37,8.89,N,0
38.25077,22.8066,316.39,0.51,0.49,2023-08-23,2348,N,VIIRS,n,2,287.83,8.89,N,0
38.24765,22.84461,314.33,0.51,0.49,2023-08-23,2348,N,VIIRS,n,2,294.24,5.59,N,0
38.13128,23.68509,307.96,0.46,0.47,2023-08-23,2348,N,VIIRS,n,2,292.49,1.84,N,0
38.13178,23.67933,311.2,0.46,0.47,2023-08-23,2348,N,VIIRS,n,2,291.95,1.84,N,0
38.13337,23.66093,314.04,0.46,0.47,2023-08-23,2348,N,VIIRS,n,2,293.99,3.79,N,0
38.12794,23.72303,337.3,0.45,0.47,2023-08-23,2348,N,VIIRS,n,2,298.62,6.33,N,0
38.12833,23.71858,330.94,0.45,0.47,2023-08-23,2348,N,VIIRS,n,2,297.55,6.33,N,0
38.13523,23.63954,340.64,0.46,0.47,2023-08-23,2348,N,VIIRS,n,2,299.13,21.02,N,0
38.13565,23.63478,367,0.46,0.47,2023-08-23,2348,N,VIIRS,h,2,301.51,21.02,N,0
38.13605,23.63019,335.35,0.46,0.47,2023-08-23,2348,N,VIIRS,n,2,295.71,3.68,N,0
38.13647,23.62548,327.88,0.46,0.47,2023-08-23,2348,N,VIIRS,n,2,294.42,3.68,N,0
38.13689,23.62066,323.09,0.46,0.47,2023-08-23,2348,N,VIIRS,n,2,293.12,10.98,N,0
38.13734,23.61543,321.29,0.46,0.47,2023-08-23,2348,N,VIIRS,n,2,291.86,10.98,N,0
38.13346,23.71026,308.58,0.45,0.47,2023-08-23,2348,N,VIIRS,n,2,294.63,10.44,N,0
38.13473,23.69598,307.6,0.45,0.47,2023-08-23,2348,N,VIIRS,n,2,292.14,1.74,N,0
38.13516,23.6911,305.44,0.45,0.47,2023-08-23,2348,N,VIIRS,n,2,291.62,1.74,N,0
38.13767,23.66226,312.48,0.46,0.47,2023-08-23,2348,N,VIIRS,n,2,292.56,2.12,N,0
38.13811,23.6573,310.04,0.46,0.47,2023-08-23,2348,N,VIIRS,n,2,292.7,2.12,N,0
38.13908,23.64608,319.01,0.46,0.47,2023-08-23,2348,N,VIIRS,n,2,293.67,7.18,N,0
38.13223,23.72425,367,0.45,0.47,2023-08-23,2348,N,VIIRS,h,2,315.73,242.11,N,0
38.13263,23.71975,350.76,0.45,0.47,2023-08-23,2348,N,VIIRS,n,2,318.79,242.11,N,0
38.13305,23.715,320.04,0.45,0.47,2023-08-23,2348,N,VIIRS,n,2,295.72,10.44,N,0
38.13561,23.68593,324.11,0.46,0.47,2023-08-23,2348,N,VIIRS,n,2,295.49,13.13,N,0
38.1361,23.68036,324.46,0.46,0.47,2023-08-23,2348,N,VIIRS,n,2,302.29,13.13,N,0
38.13662,23.67443,348.12,0.46,0.47,2023-08-23,2348,N,VIIRS,n,2,300.43,20.12,N,0
38.13715,23.66825,344.63,0.46,0.47,2023-08-23,2348,N,VIIRS,n,2,295.13,20.12,N,0
38.13857,23.65204,350.82,0.46,0.47,2023-08-23,2348,N,VIIRS,n,2,296.94,7.18,N,0
38.13955,23.64068,338.33,0.46,0.47,2023-08-23,2348,N,VIIRS,n,2,296.8,19.75,N,0
38.13999,23.63571,352.82,0.46,0.47,2023-08-23,2348,N,VIIRS,n,2,305.32,19.75,N,0
38.1361,23.73011,308.66,0.45,0.47,2023-08-23,2348,N,VIIRS,n,2,295.38,4.9,N,0
38.13779,23.7111,309.32,0.45,0.47,2023-08-23,2348,N,VIIRS,n,2,294.07,10.44,N,0
38.13862,23.70173,310.9,0.45,0.47,2023-08-23,2348,N,VIIRS,n,2,292.59,4.98,N,0
38.1395,23.69179,309.62,0.45,0.47,2023-08-23,2348,N,VIIRS,n,2,291.99,1.74,N,0
38.14148,23.66916,318.04,0.46,0.47,2023-08-23,2348,N,VIIRS,n,2,289.58,20.12,N,0
41.10975,26.02307,307.05,0.75,0.77,2023-08-24,0127,N,VIIRS,n,2,287.75,3.03,N,0
41.11346,26.03539,301.35,0.75,0.77,2023-08-24,0127,N,VIIRS,n,2,287.63,1.77,N,0
41.11551,26.09911,300.2,0.76,0.77,2023-08-24,0127,N,VIIRS,n,2,287.4,1.02,N,0
41.10316,26.03156,304.85,0.75,0.77,2023-08-24,0127,N,VIIRS,n,2,288.14,3.98,N,0
41.11129,26.03106,305.17,0.75,0.77,2023-08-24,0127,N,VIIRS,n,2,287.66,1.8,N,0
41.11076,26.05544,299.86,0.76,0.77,2023-08-24,0127,N,VIIRS,n,2,287.11,2.17,N,0
41.12706,26.1692,309.06,0.76,0.77,2023-08-24,0127,N,VIIRS,n,2,288.16,2.76,N,0
41.13017,26.16022,306.61,0.76,0.77,2023-08-24,0127,N,VIIRS,n,2,287.7,2.38,N,0
41.01115,25.77005,303.04,0.74,0.76,2023-08-24,0127,N,VIIRS,n,2,287.1,1.57,N,0
41.10527,26.03616,302.2,0.75,0.77,2023-08-24,0127,N,VIIRS,n,2,287.91,1.77,N,0
38.13684,23.67475,367,0.72,0.76,2023-08-24,0128,N,VIIRS,h,2,293.64,25.2,N,0
38.1388,23.66878,367,0.72,0.75,2023-08-24,0128,N,VIIRS,h,2,305.6,62.42,N,0
38.14411,23.65261,320.45,0.72,0.75,2023-08-24,0128,N,VIIRS,n,2,289.71,7.71,N,0
38.10427,23.79738,301.87,0.73,0.76,2023-08-24,0128,N,VIIRS,n,2,277.65,3.62,N,0
38.12367,23.73834,312.84,0.72,0.76,2023-08-24,0128,N,VIIRS,n,2,291.56,15.42,N,0
38.14553,23.67167,300.63,0.72,0.75,2023-08-24,0128,N,VIIRS,n,2,283.53,4.6,N,0
38.12697,23.72829,367,0.72,0.76,2023-08-24,0128,N,VIIRS,h,2,291.35,18.52,N,0
38.13188,23.71331,325.68,0.72,0.76,2023-08-24,0128,N,VIIRS,n,2,286.76,18.52,N,0
38.40668,22.77134,341.94,0.64,0.72,2023-08-24,0128,N,VIIRS,n,2,286.62,4.48,N,0
38.13464,23.61138,333.23,0.71,0.75,2023-08-24,0128,N,VIIRS,n,2,289.95,16.63,N,0
38.13148,23.62098,341.4,0.71,0.75,2023-08-24,0128,N,VIIRS,n,2,290.79,7.33,N,0
38.41945,22.73126,305.12,0.63,0.72,2023-08-24,0128,N,VIIRS,n,2,290.19,8.15,N,0
38.41165,22.75574,300.26,0.64,0.72,2023-08-24,0128,N,VIIRS,n,2,281.24,10.36,N,0
38.4093,22.76311,310.3,0.64,0.72,2023-08-24,0128,N,VIIRS,n,2,281.3,10.36,N,0
38.41423,22.72476,326.88,0.63,0.72,2023-08-24,0128,N,VIIRS,n,2,291.63,6.78,N,0
38.40049,22.76778,322.57,0.64,0.72,2023-08-24,0128,N,VIIRS,n,2,282.9,0.66,N,0
38.13006,23.60201,306.56,0.71,0.75,2023-08-24,0128,N,VIIRS,n,2,289.21,2.82,N,0
38.12735,23.61024,311.45,0.71,0.75,2023-08-24,0128,N,VIIRS,n,2,289.4,2.82,N,0
38.1244,23.61921,305.21,0.71,0.75,2023-08-24,0128,N,VIIRS,n,2,290.48,3.55,N,0
38.14069,23.71691,340.54,0.72,0.76,2023-08-24,0128,N,VIIRS,n,2,288.55,15.64,N,0
38.13548,23.73315,332.65,0.72,0.76,2023-08-24,0128,N,VIIRS,n,2,287.98,10.99,N,0
38.14466,23.68073,339.63,0.72,0.76,2023-08-24,0128,N,VIIRS,n,2,290.46,36.43,N,0
38.1425,23.68744,328.19,0.72,0.76,2023-08-24,0128,N,VIIRS,n,2,289.94,10.32,N,0
38.13257,23.71833,353.51,0.72,0.76,2023-08-24,0128,N,VIIRS,n,2,288.35,31.73,N,0
38.12795,23.7327,355.53,0.72,0.76,2023-08-24,0128,N,VIIRS,n,2,292.51,13.2,N,0
38.14206,23.66501,348.29,0.72,0.75,2023-08-24,0128,N,VIIRS,n,2,283.5,65.07,N,0
38.37288,23.22548,305.65,0.67,0.74,2023-08-24,0128,N,VIIRS,n,2,289.75,1.66,N,0
38.37491,23.225,305.38,0.67,0.74,2023-08-24,0128,N,VIIRS,n,2,289.88,1.37,N,0
38.13996,23.67154,346.85,0.72,0.76,2023-08-24,0128,N,VIIRS,n,2,304.35,36.43,N,0
38.13803,23.67751,354.8,0.72,0.76,2023-08-24,0128,N,VIIRS,n,2,293.57,36.43,N,0
38.13589,23.68415,310.12,0.72,0.76,2023-08-24,0128,N,VIIRS,n,2,287.61,10.32,N,0
38.1209,23.73076,312.64,0.72,0.76,2023-08-24,0128,N,VIIRS,n,2,287.25,13.2,N,0
38.14256,23.63971,323.87,0.72,0.75,2023-08-24,0128,N,VIIRS,n,2,290.78,8.26,N,0
38.13998,23.64771,337.77,0.72,0.75,2023-08-24,0128,N,VIIRS,n,2,291.78,8.26,N,0
38.13767,23.65488,334.58,0.72,0.75,2023-08-24,0128,N,VIIRS,n,2,288.82,12.33,N,0
38.42133,22.73718,326.43,0.64,0.72,2023-08-24,0128,N,VIIRS,n,2,290.84,32.87,N,0
38.4197,22.74237,367,0.64,0.72,2023-08-24,0128,N,VIIRS,h,2,294.67,32.87,N,0
38.41778,22.74853,344.95,0.64,0.72,2023-08-24,0128,N,VIIRS,n,2,296.05,54.62,N,0
38.41354,22.76209,320.68,0.64,0.72,2023-08-24,0128,N,VIIRS,n,2,283.38,5.92,N,0
38.41074,22.77107,335.3,0.64,0.72,2023-08-24,0128,N,VIIRS,n,2,287.99,5.92,N,0
38.13926,23.62619,325.46,0.72,0.75,2023-08-24,0128,N,VIIRS,n,2,291.1,12.6,N,0
38.13537,23.63829,324.06,0.72,0.75,2023-08-24,0128,N,VIIRS,n,2,291.19,8.26,N,0
38.42276,22.73265,308.69,0.64,0.72,2023-08-24,0128,N,VIIRS,n,2,290.04,4.94,N,0
38.13547,23.61423,353.88,0.71,0.75,2023-08-24,0128,N,VIIRS,n,2,291.31,8.07,N,0
38.13226,23.6242,329.03,0.72,0.75,2023-08-24,0128,N,VIIRS,n,2,290.33,8.07,N,0
38.41372,22.73826,306.84,0.64,0.72,2023-08-24,0128,N,VIIRS,n,2,290.73,3.88,N,0
38.41146,22.74548,315.46,0.64,0.72,2023-08-24,0128,N,VIIRS,n,2,290.59,3.88,N,0
38.40922,22.75265,306.66,0.64,0.72,2023-08-24,0128,N,VIIRS,n,2,285.59,2.65,N,0
38.4044,22.76808,311.3,0.64,0.72,2023-08-24,0128,N,VIIRS,n,2,283.7,1.15,N,0
38.41048,22.72537,324.42,0.63,0.72,2023-08-24,0128,N,VIIRS,n,2,291.19,6.44,N,0
38.41253,22.7188,305.92,0.63,0.72,2023-08-24,0128,N,VIIRS,n,2,290.22,4.67,N,0
38.12808,23.61345,308.39,0.71,0.75,2023-08-24,0128,N,VIIRS,n,2,289.38,8.07,N,0
38.12373,23.60325,304.91,0.71,0.75,2023-08-24,0128,N,VIIRS,n,2,288.39,1.63,N,0
38.12148,23.61022,303.86,0.71,0.75,2023-08-24,0128,N,VIIRS,n,2,289.28,2.15,N,0
38.38762,22.75179,324.9,0.64,0.72,2023-08-24,0128,N,VIIRS,n,2,289.96,3.86,N,0
38.38382,22.74068,308.4,0.64,0.72,2023-08-24,0128,N,VIIRS,n,2,290.4,3.1,N,0
38.38159,22.74776,307.1,0.64,0.72,2023-08-24,0128,N,VIIRS,n,2,286.96,1.55,N,0
38.38938,22.69974,309.88,0.63,0.72,2023-08-24,0128,N,VIIRS,n,2,289.35,1.77,N,0
38.37756,22.73737,309.12,0.64,0.72,2023-08-24,0128,N,VIIRS,n,2,289.74,3.1,N,0
38.3829,22.69719,307.3,0.63,0.72,2023-08-24,0128,N,VIIRS,n,2,290.23,1.63,N,0
38.24901,22.80754,317.87,0.65,0.73,2023-08-24,0128,N,VIIRS,n,2,290.76,4.16,N,0
38.4235,22.74147,305.21,0.64,0.72,2023-08-24,0128,N,VIIRS,n,2,288.27,23.85,N,0
38.13503,23.63354,320.55,0.72,0.75,2023-08-24,0128,N,VIIRS,n,2,291.38,7.33,N,0
38.13887,23.62183,321.12,0.71,0.75,2023-08-24,0128,N,VIIRS,n,2,290.52,7.33,N,0
38.42195,22.74635,367,0.64,0.72,2023-08-24,0128,N,VIIRS,h,2,291.43,23.85,N,0
38.13655,23.65227,337.1,0.72,0.75,2023-08-24,0128,N,VIIRS,n,2,289.85,7.71,N,0
38.13887,23.6452,324.67,0.72,0.75,2023-08-24,0128,N,VIIRS,n,2,291.14,7.71,N,0
38.14179,23.6363,338.54,0.72,0.75,2023-08-24,0128,N,VIIRS,n,2,291.51,11.23,N,0
38.13475,23.68115,311.13,0.72,0.76,2023-08-24,0128,N,VIIRS,n,2,285.88,25.2,N,0
38.14103,23.66199,318.7,0.72,0.75,2023-08-24,0128,N,VIIRS,n,2,283.76,62.42,N,0
38.23288,22.81211,306.51,0.65,0.73,2023-08-24,0128,N,VIIRS,n,2,286.93,5.03,N,0
38.23844,22.81777,303.7,0.65,0.73,2023-08-24,0128,N,VIIRS,n,2,289.85,7.72,N,0
38.24213,22.80609,306.37,0.65,0.73,2023-08-24,0128,N,VIIRS,n,2,286.79,4.16,N,0
38.24441,22.79885,314.83,0.65,0.73,2023-08-24,0128,N,VIIRS,n,2,280.69,4.63,N,0
38.24665,22.79175,309.87,0.65,0.73,2023-08-24,0128,N,VIIRS,n,2,288.61,4.63,N,0
38.24721,22.81325,306.64,0.65,0.73,2023-08-24,0128,N,VIIRS,n,2,289.6,4.16,N,0
38.41476,22.76892,303.54,0.64,0.72,2023-08-24,0128,N,VIIRS,n,2,287.21,4.48,N,0
38.25106,22.80107,325.49,0.65,0.73,2023-08-24,0128,N,VIIRS,n,2,289.91,4.63,N,0
38.25571,22.80957,316.15,0.65,0.73,2023-08-24,0128,N,VIIRS,n,2,288.9,9.39,N,0
38.25772,22.80319,348.93,0.65,0.73,2023-08-24,0128,N,VIIRS,n,2,284.25,15.16,N,0
38.36179,22.71796,329.21,0.64,0.72,2023-08-24,0128,N,VIIRS,n,2,293.72,5.12,N,0
38.36453,22.70926,321.38,0.63,0.72,2023-08-24,0128,N,VIIRS,n,2,293.91,5.12,N,0
38.36935,22.71713,313.67,0.64,0.72,2023-08-24,0128,N,VIIRS,n,2,292.98,3.4,N,0
38.37273,22.70638,307.96,0.63,0.72,2023-08-24,0128,N,VIIRS,n,2,292.23,3.4,N,0
38.37543,22.69779,305.03,0.63,0.72,2023-08-24,0128,N,VIIRS,n,2,291.25,1.63,N,0
38.37726,22.692,307.34,0.63,0.72,2023-08-24,0128,N,VIIRS,n,2,291.69,1.63,N,0
38.14145,23.68412,346.32,0.72,0.76,2023-08-24,0128,N,VIIRS,n,2,291.11,11.97,N,0
38.14354,23.67776,334.95,0.72,0.76,2023-08-24,0128,N,VIIRS,n,2,289.06,11.97,N,0
38.13464,23.72839,367,0.72,0.76,2023-08-24,0128,N,VIIRS,h,2,291.61,18.52,N,0
38.13916,23.71459,331.47,0.72,0.76,2023-08-24,0128,N,VIIRS,n,2,287.35,18.52,N,0
38.14436,23.72216,308.81,0.72,0.76,2023-08-24,0128,N,VIIRS,n,2,283.02,3.32,N,0
38.41378,22.74906,352.46,0.64,0.72,2023-08-24,0128,N,VIIRS,n,2,294.7,23.85,N,0
38.41595,22.74226,356.1,0.64,0.72,2023-08-24,0128,N,VIIRS,n,2,294.02,23.85,N,0
38.41784,22.73634,331.97,0.64,0.72,2023-08-24,0128,N,VIIRS,n,2,291.8,8.15,N,0
38.13959,23.62314,346.38,0.45,0.39,2023-08-24,1109,N,VIIRS,n,2,320.77,41.37,D,0
38.14136,23.63278,352.33,0.45,0.39,2023-08-24,1109,N,VIIRS,n,2,316.12,62.41,D,0
38.13696,23.62893,367,0.45,0.39,2023-08-24,1109,N,VIIRS,h,2,320.55,13.11,D,0
38.13784,23.63369,367,0.45,0.39,2023-08-24,1109,N,VIIRS,h,2,316.44,13.11,D,0
38.12882,23.6046,357.38,0.45,0.39,2023-08-24,1109,N,VIIRS,n,2,311.11,15.87,D,0
38.13707,23.64967,340.32,0.45,0.39,2023-08-24,1109,N,VIIRS,n,2,308.62,31.51,D,0
38.13987,23.66507,349.45,0.45,0.39,2023-08-24,1109,N,VIIRS,n,2,315.5,43.92,D,0
38.14083,23.67034,348.74,0.45,0.39,2023-08-24,1109,N,VIIRS,n,2,308.07,14.66,D,0
38.13068,23.61477,367,0.45,0.39,2023-08-24,1109,N,VIIRS,h,2,360.85,109.3,D,0
38.12624,23.61066,340.74,0.45,0.39,2023-08-24,1109,N,VIIRS,n,2,307.85,49.9,D,0
38.12715,23.61565,352.73,0.45,0.39,2023-08-24,1109,N,VIIRS,n,2,323.06,49.9,D,0
38.12806,23.62061,338.15,0.45,0.39,2023-08-24,1109,N,VIIRS,n,2,304.14,5.72,D,0
38.13636,23.666,345.79,0.45,0.39,2023-08-24,1109,N,VIIRS,n,2,306.79,5.22,D,0
38.14226,23.63771,347.48,0.45,0.39,2023-08-24,1109,N,VIIRS,n,2,306.68,20.86,D,0
38.14318,23.64279,352.73,0.45,0.39,2023-08-24,1109,N,VIIRS,n,2,313.17,20.86,D,0
38.14414,23.64803,339.29,0.45,0.39,2023-08-24,1109,N,VIIRS,n,2,303.96,13.89,D,0
38.13329,23.60886,314.48,0.45,0.39,2023-08-24,1109,N,VIIRS,l,2,317.13,109.3,D,0
38.13424,23.61404,351.61,0.45,0.39,2023-08-24,1109,N,VIIRS,l,2,328.97,109.3,D,0
38.14061,23.64886,367,0.45,0.39,2023-08-24,1109,N,VIIRS,l,2,330.34,31.51,D,0
38.13517,23.61911,349.21,0.45,0.39,2023-08-24,1109,N,VIIRS,n,2,312.73,40.79,D,0
38.13608,23.62409,352.18,0.45,0.39,2023-08-24,1109,N,VIIRS,n,2,316.74,40.79,D,0
38.13872,23.63852,342.94,0.45,0.39,2023-08-24,1109,N,VIIRS,n,2,311.22,5.69,D,0
38.13964,23.64359,343.49,0.45,0.39,2023-08-24,1109,N,VIIRS,n,2,312.77,5.69,D,0
38.14157,23.65421,347.81,0.45,0.39,2023-08-24,1109,N,VIIRS,n,2,318.46,31.51,D,0
38.14047,23.62796,367,0.45,0.39,2023-08-24,1109,N,VIIRS,l,2,332.2,62.41,D,0
38.1387,23.61826,347.69,0.45,0.39,2023-08-24,1109,N,VIIRS,n,2,308.27,41.37,D,0
41.01432,25.82775,353.12,0.38,0.36,2023-08-24,1110,N,VIIRS,n,2,315.95,16.86,D,0
38.41441,22.7318,334.34,0.48,0.4,2023-08-24,1110,N,VIIRS,l,2,307.35,5.24,D,0
38.42053,22.74353,349.9,0.48,0.4,2023-08-24,1110,N,VIIRS,n,2,303.61,20.06,D,0
38.41807,22.73099,335.08,0.48,0.4,2023-08-24,1110,N,VIIRS,l,2,306.01,5.24,D,0
40.98606,26.17519,338.79,0.38,0.36,2023-08-24,1110,N,VIIRS,n,2,307.94,2.23,D,0
40.99004,26.17884,340.03,0.38,0.36,2023-08-24,1110,N,VIIRS,n,2,307.49,4.74,D,0
40.98935,26.17431,348.85,0.38,0.36,2023-08-24,1110,N,VIIRS,n,2,312.98,4.74,D,0
40.98866,26.16978,344.94,0.38,0.36,2023-08-24,1110,N,VIIRS,n,2,309.05,5.91,D,0
40.99403,26.1825,350.57,0.38,0.36,2023-08-24,1110,N,VIIRS,n,2,312.44,7.96,D,0
40.99334,26.17797,339.5,0.38,0.36,2023-08-24,1110,N,VIIRS,l,2,311.47,4.74,D,0
40.99264,26.17343,345.66,0.38,0.36,2023-08-24,1110,N,VIIRS,n,2,309.01,4.74,D,0
40.99801,26.18615,347.78,0.38,0.36,2023-08-24,1110,N,VIIRS,n,2,309.28,6.09,D,0
40.99731,26.18162,351.53,0.38,0.36,2023-08-24,1110,N,VIIRS,n,2,312.97,6.09,D,0
40.99662,26.17709,350.39,0.38,0.36,2023-08-24,1110,N,VIIRS,n,2,311.07,4.07,D,0
41.0013,26.18528,347.29,0.38,0.36,2023-08-24,1110,N,VIIRS,n,2,307.87,6.09,D,0
40.99991,26.17621,349.5,0.38,0.36,2023-08-24,1110,N,VIIRS,n,2,308.74,4.07,D,0
40.99921,26.17168,337.2,0.38,0.36,2023-08-24,1110,N,VIIRS,l,2,308.29,4.07,D,0
40.93296,25.74603,342.79,0.39,0.36,2023-08-24,1110,N,VIIRS,n,2,302.95,4.86,D,0
41.00458,26.1844,336.69,0.38,0.36,2023-08-24,1110,N,VIIRS,l,2,306.72,19.9,D,0
40.93625,25.74512,350.36,0.39,0.36,2023-08-24,1110,N,VIIRS,n,2,300.98,9.65,D,0
41.05196,26.18117,356.4,0.38,0.36,2023-08-24,1110,N,VIIRS,n,2,309.38,12.58,D,0
41.00357,25.86847,342.66,0.38,0.36,2023-08-24,1110,N,VIIRS,n,2,305.53,3.67,D,0
41.05595,26.1848,337.12,0.38,0.36,2023-08-24,1110,N,VIIRS,l,2,307.46,15.28,D,0
41.05524,26.18029,334.55,0.38,0.36,2023-08-24,1110,N,VIIRS,l,2,306.52,12.58,D,0
41.03106,25.97914,346.22,0.38,0.36,2023-08-24,1110,N,VIIRS,n,2,302.95,5.58,D,0
41.01767,25.89302,335.48,0.38,0.36,2023-08-24,1110,N,VIIRS,n,2,301.71,3.61,D,0
41.01625,25.88396,340.41,0.38,0.36,2023-08-24,1110,N,VIIRS,n,2,304,7.74,D,0
41.0113,25.85227,347.85,0.38,0.36,2023-08-24,1110,N,VIIRS,n,2,310.6,11.28,D,0
41.0106,25.84774,333.47,0.38,0.36,2023-08-24,1110,N,VIIRS,l,2,306.76,11.28,D,0
41.03434,25.97827,346.22,0.38,0.36,2023-08-24,1110,N,VIIRS,n,2,300.48,6.36,D,0
41.03223,25.96463,330.45,0.38,0.36,2023-08-24,1110,N,VIIRS,l,2,301.05,2.55,D,0
41.0273,25.93291,347.42,0.38,0.36,2023-08-24,1110,N,VIIRS,n,2,302.26,4.27,D,0
41.02025,25.88761,346.65,0.38,0.36,2023-08-24,1110,N,VIIRS,n,2,305.22,6.24,D,0
41.01954,25.88308,331.29,0.38,0.36,2023-08-24,1110,N,VIIRS,l,2,302.19,6.24,D,0
41.01883,25.87855,332.45,0.38,0.36,2023-08-24,1110,N,VIIRS,l,2,303.48,2.44,D,0
41.0153,25.85592,340.33,0.38,0.36,2023-08-24,1110,N,VIIRS,n,2,305.64,6,D,0
41.01459,25.85139,355.75,0.38,0.36,2023-08-24,1110,N,VIIRS,n,2,308.51,13.34,D,0
41.01246,25.83774,348.75,0.38,0.36,2023-08-24,1110,N,VIIRS,n,2,311.44,4.85,D,0
38.4079,22.7716,346.47,0.48,0.4,2023-08-24,1110,N,VIIRS,n,2,312.51,19.25,D,0
38.39289,22.71281,338.33,0.48,0.4,2023-08-24,1110,N,VIIRS,l,2,310.27,8.25,D,0
38.40418,22.77207,347.25,0.48,0.4,2023-08-24,1110,N,VIIRS,n,2,310.7,19.25,D,0
38.40546,22.77883,344.89,0.48,0.4,2023-08-24,1110,N,VIIRS,n,2,307.56,19.25,D,0
38.40176,22.77938,355.61,0.48,0.4,2023-08-24,1110,N,VIIRS,n,2,314.1,110.31,D,0
38.38152,22.6933,342.93,0.48,0.4,2023-08-24,1110,N,VIIRS,l,2,312.95,32.74,D,0
38.37785,22.69406,340.74,0.48,0.4,2023-08-24,1110,N,VIIRS,n,2,308.28,7.05,D,0
38.39314,22.77405,342.83,0.48,0.4,2023-08-24,1110,N,VIIRS,l,2,315.2,24.51,D,0
38.39431,22.7802,336.67,0.48,0.4,2023-08-24,1110,N,VIIRS,l,2,309.53,24.51,D,0
38.37863,22.73806,348.15,0.48,0.4,2023-08-24,1110,N,VIIRS,n,2,307.15,18.99,D,0
38.37197,22.72322,345.08,0.48,0.4,2023-08-24,1110,N,VIIRS,n,2,307,13.69,D,0
38.37404,22.73402,349.85,0.48,0.4,2023-08-24,1110,N,VIIRS,n,2,307.28,18.99,D,0
38.36723,22.71843,353.99,0.48,0.4,2023-08-24,1110,N,VIIRS,n,2,310.23,14.79,D,0
38.36831,22.72409,349.44,0.48,0.4,2023-08-24,1110,N,VIIRS,n,2,306.98,50.07,D,0
38.36586,22.7312,344.85,0.48,0.4,2023-08-24,1110,N,VIIRS,n,2,313.42,50.07,D,0
38.36353,22.71907,367,0.48,0.4,2023-08-24,1110,N,VIIRS,h,2,308.28,14.79,D,0
38.38025,23.22835,335.32,0.46,0.39,2023-08-24,1110,N,VIIRS,l,2,307.82,4.26,D,0
38.37672,23.22948,355.15,0.46,0.39,2023-08-24,1110,N,VIIRS,n,2,315.44,14.57,D,0
38.36773,23.2214,336.13,0.46,0.39,2023-08-24,1110,N,VIIRS,l,2,307.53,9.91,D,0
38.36871,23.22666,348.97,0.46,0.39,2023-08-24,1110,N,VIIRS,n,2,310.51,9.91,D,0
38.25855,22.80461,344.25,0.48,0.4,2023-08-24,1110,N,VIIRS,n,2,307.33,59.43,D,0
38.26286,22.82703,348.17,0.48,0.4,2023-08-24,1110,N,VIIRS,n,2,315.61,24.12,D,0
38.2607,22.81577,367,0.48,0.4,2023-08-24,1110,N,VIIRS,h,2,321.51,94.38,D,0
38.26177,22.82134,367,0.48,0.4,2023-08-24,1110,N,VIIRS,h,2,315.14,24.12,D,0
38.25708,22.81676,351.06,0.48,0.4,2023-08-24,1110,N,VIIRS,l,2,333.39,94.38,D,0
38.25276,22.79432,354.23,0.48,0.4,2023-08-24,1110,N,VIIRS,n,2,303.81,16.71,D,0
38.25816,22.8224,355.68,0.48,0.4,2023-08-24,1110,N,VIIRS,n,2,323.76,24.12,D,0
38.25927,22.82817,345.99,0.48,0.4,2023-08-24,1110,N,VIIRS,n,2,314.45,24.12,D,0
38.25494,22.80563,367,0.48,0.4,2023-08-24,1110,N,VIIRS,h,2,336.35,59.43,D,0
38.256,22.8112,367,0.48,0.4,2023-08-24,1110,N,VIIRS,h,2,344.63,94.38,D,0
38.25024,22.80109,350.75,0.48,0.4,2023-08-24,1110,N,VIIRS,n,2,320.38,45.49,D,0
38.25132,22.80666,352.72,0.48,0.4,2023-08-24,1110,N,VIIRS,n,2,309.59,45.49,D,0
41.01175,25.83318,341.05,0.38,0.36,2023-08-24,1110,N,VIIRS,n,2,303.56,16.86,D,0
41.01104,25.82863,345.76,0.38,0.36,2023-08-24,1110,N,VIIRS,n,2,309.65,16.86,D,0
41.03059,25.93204,334.59,0.38,0.36,2023-08-24,1110,N,VIIRS,n,2,298.4,4.27,D,0
41.02636,25.90486,336.07,0.38,0.36,2023-08-24,1110,N,VIIRS,n,2,300.35,6.92,D,0
41.02212,25.87767,332.89,0.38,0.36,2023-08-24,1110,N,VIIRS,n,2,301.72,2.44,D,0
41.02,25.86412,333.33,0.38,0.36,2023-08-24,1110,N,VIIRS,n,2,302.13,4.59,D,0
41.01858,25.85505,338.95,0.38,0.36,2023-08-24,1110,N,VIIRS,n,2,304.7,6,D,0
41.01787,25.85051,353.81,0.38,0.36,2023-08-24,1110,N,VIIRS,n,2,314.13,13.34,D,0
41.01717,25.84596,347.82,0.38,0.36,2023-08-24,1110,N,VIIRS,n,2,306.7,13.34,D,0
41.01645,25.84141,342.21,0.38,0.36,2023-08-24,1110,N,VIIRS,n,2,307.04,4.85,D,0
41.01574,25.83685,338.6,0.38,0.36,2023-08-24,1110,N,VIIRS,n,2,304.66,4.85,D,0
41.12175,26.21603,332,0.38,0.36,2023-08-24,1110,N,VIIRS,l,2,304.01,2.54,D,0
41.01361,25.82319,344.47,0.38,0.36,2023-08-24,1110,N,VIIRS,n,2,302.87,7.57,D,0
41.01219,25.81414,341.04,0.38,0.36,2023-08-24,1110,N,VIIRS,n,2,304.72,5.47,D,0
41.07654,26.20761,350.44,0.38,0.36,2023-08-24,1110,N,VIIRS,n,2,307.01,7.27,D,0
41.07585,26.20308,339.17,0.38,0.36,2023-08-24,1110,N,VIIRS,n,2,304.68,3.99,D,0
41.03176,25.91759,345.66,0.38,0.36,2023-08-24,1110,N,VIIRS,n,2,299.97,5.01,D,0
41.03105,25.91306,338.25,0.38,0.36,2023-08-24,1110,N,VIIRS,n,2,299.85,4.41,D,0
41.03035,25.90852,343.94,0.38,0.36,2023-08-24,1110,N,VIIRS,n,2,302.84,4.41,D,0
41.02964,25.90399,343.41,0.38,0.36,2023-08-24,1110,N,VIIRS,n,2,302.01,7.25,D,0
41.01548,25.81326,330.17,0.38,0.36,2023-08-24,1110,N,VIIRS,n,2,300.44,1.94,D,0
41.04209,25.96198,349.18,0.38,0.36,2023-08-24,1110,N,VIIRS,n,2,302.45,6.03,D,0
41.03434,25.91219,338.56,0.38,0.36,2023-08-24,1110,N,VIIRS,n,2,299.48,4.41,D,0
41.09806,26.21764,332.49,0.38,0.36,2023-08-24,1110,N,VIIRS,l,2,306.18,6.49,D,0
41.10135,26.21676,335.43,0.38,0.36,2023-08-24,1110,N,VIIRS,l,2,305.89,6.49,D,0
41.10065,26.21222,338.49,0.38,0.36,2023-08-24,1110,N,VIIRS,n,2,307.74,6.49,D,0
41.10463,26.21588,335.28,0.38,0.36,2023-08-24,1110,N,VIIRS,l,2,305.48,3.45,D,0
41.11777,26.21237,338.72,0.38,0.36,2023-08-24,1110,N,VIIRS,n,2,310.05,17.69,D,0
41.10159,26.08452,367,0.38,0.36,2023-08-24,1110,N,VIIRS,h,2,342.04,176.67,D,0
38.3965,22.71169,341.19,0.48,0.4,2023-08-24,1110,N,VIIRS,n,2,306.93,8.25,D,0
38.41561,22.73793,339.74,0.48,0.4,2023-08-24,1110,N,VIIRS,l,2,311.95,20.06,D,0
38.41679,22.744,350.1,0.48,0.4,2023-08-24,1110,N,VIIRS,n,2,316.59,20.06,D,0
38.418,22.75015,340.87,0.48,0.4,2023-08-24,1110,N,VIIRS,n,2,307.04,10.11,D,0
38.41606,22.73426,344.1,0.48,0.4,2023-08-24,1110,N,VIIRS,n,2,312.36,21.3,D,0
38.41723,22.74045,346.01,0.48,0.4,2023-08-24,1110,N,VIIRS,n,2,316.84,21.3,D,0
38.41839,22.74662,347,0.48,0.4,2023-08-24,1110,N,VIIRS,n,2,309.08,15.47,D,0
38.41464,22.74689,349.75,0.48,0.4,2023-08-24,1110,N,VIIRS,n,2,314.03,15.47,D,0
38.24125,22.83359,351.79,0.48,0.4,2023-08-24,1110,N,VIIRS,n,2,317.04,99.41,D,0
38.25454,22.82339,367,0.48,0.4,2023-08-24,1110,N,VIIRS,h,2,317.8,22.55,D,0
38.2492,22.79566,367,0.48,0.4,2023-08-24,1110,N,VIIRS,h,2,338.43,153.75,D,0
38.25346,22.8178,347.03,0.48,0.4,2023-08-24,1110,N,VIIRS,n,2,312.77,9.65,D,0
38.25239,22.81226,349.14,0.48,0.4,2023-08-24,1110,N,VIIRS,n,2,311.14,9.65,D,0
41.18626,25.2629,333.22,0.39,0.36,2023-08-24,1110,N,VIIRS,n,2,301.02,5.02,D,0
41.18775,25.27213,344.88,0.39,0.36,2023-08-24,1110,N,VIIRS,n,2,302.55,4.82,D,0
41.18444,25.27299,347.55,0.39,0.36,2023-08-24,1110,N,VIIRS,n,2,304.13,6.57,D,0
40.63823,22.92146,333.96,0.44,0.38,2023-08-24,1110,N,VIIRS,l,2,305.17,3.52,D,0
41.11031,26.03025,338.02,0.38,0.36,2023-08-24,1110,N,VIIRS,n,2,307.05,5.76,D,0
41.12985,26.15719,356.05,0.38,0.36,2023-08-24,1110,N,VIIRS,n,2,309.45,18.38,D,0
41.13055,26.16173,334.19,0.38,0.36,2023-08-24,1110,N,VIIRS,n,2,303.46,18.38,D,0
41.10002,25.9858,333.64,0.38,0.36,2023-08-24,1110,N,VIIRS,n,2,301.13,5.13,D,0
41.11123,26.05832,333.7,0.38,0.36,2023-08-24,1110,N,VIIRS,l,2,305.53,4.45,D,0
41.11612,26.09004,333.01,0.38,0.36,2023-08-24,1110,N,VIIRS,n,2,287.19,2.01,D,0
41.1203,26.11725,340.95,0.38,0.36,2023-08-24,1110,N,VIIRS,n,2,303.14,4.6,D,0
41.121,26.12178,336.82,0.38,0.36,2023-08-24,1110,N,VIIRS,n,2,302.12,7.28,D,0
41.12239,26.13086,338.71,0.38,0.36,2023-08-24,1110,N,VIIRS,n,2,296.41,3.69,D,0
41.12309,26.13539,349.39,0.38,0.36,2023-08-24,1110,N,VIIRS,n,2,295.37,3.69,D,0
41.12518,26.149,334.23,0.38,0.36,2023-08-24,1110,N,VIIRS,n,2,300.01,3.03,D,0
41.12588,26.15354,337.1,0.38,0.36,2023-08-24,1110,N,VIIRS,n,2,304.99,3.03,D,0
41.12726,26.16259,349.75,0.38,0.36,2023-08-24,1110,N,VIIRS,n,2,306.9,10.13,D,0
41.12795,26.16712,337.06,0.38,0.36,2023-08-24,1110,N,VIIRS,n,2,306.14,10.58,D,0
41.12865,26.17166,345.17,0.38,0.36,2023-08-24,1110,N,VIIRS,n,2,306.86,10.58,D,0
41.11891,26.10818,367,0.38,0.36,2023-08-24,1110,N,VIIRS,h,2,307.97,110.47,D,0
41.11283,26.09092,339.38,0.38,0.36,2023-08-24,1110,N,VIIRS,n,2,286.69,2.01,D,0
41.11632,26.1136,333.43,0.38,0.36,2023-08-24,1110,N,VIIRS,n,2,302.17,4.6,D,0
41.11353,26.09546,367,0.38,0.36,2023-08-24,1110,N,VIIRS,h,2,304.88,14.95,D,0
41.11423,26.09999,367,0.38,0.36,2023-08-24,1110,N,VIIRS,h,2,305.93,14.95,D,0
41.11164,26.10541,367,0.38,0.36,2023-08-24,1110,N,VIIRS,l,2,329.19,108.71,D,0
41.10606,26.06915,336.03,0.38,0.36,2023-08-24,1110,N,VIIRS,n,2,299.2,3.12,D,0
41.10815,26.08275,336.17,0.38,0.36,2023-08-24,1110,N,VIIRS,n,2,289.43,33.68,D,0
41.10955,26.09181,353.67,0.38,0.36,2023-08-24,1110,N,VIIRS,n,2,298.18,128.2,D,0
41.11025,26.09634,339.78,0.38,0.36,2023-08-24,1110,N,VIIRS,n,2,287.13,15.14,D,0
41.11095,26.10088,353.52,0.38,0.36,2023-08-24,1110,N,VIIRS,n,2,297.89,15.14,D,0
41.10278,26.07004,342.89,0.38,0.36,2023-08-24,1110,N,VIIRS,n,2,297.23,3.12,D,0
41.10418,26.0791,337.09,0.38,0.36,2023-08-24,1110,N,VIIRS,n,2,293.84,33.68,D,0
41.10696,26.09723,350.26,0.38,0.36,2023-08-24,1110,N,VIIRS,n,2,297.53,15.14,D,0
41.12296,26.20154,335.03,0.38,0.36,2023-08-24,1110,N,VIIRS,n,2,303.57,4.87,D,0
41.12365,26.20608,348.17,0.38,0.36,2023-08-24,1110,N,VIIRS,n,2,303.09,4.94,D,0
41.10557,26.08817,367,0.38,0.36,2023-08-24,1110,N,VIIRS,h,2,352,128.2,D,0
41.10627,26.0927,367,0.38,0.36,2023-08-24,1110,N,VIIRS,h,2,334.91,128.2,D,0
41.10229,26.08905,367,0.38,0.36,2023-08-24,1110,N,VIIRS,l,2,335.42,144.02,D,0
41.11967,26.20242,341.89,0.38,0.36,2023-08-24,1110,N,VIIRS,n,2,303.85,3.55,D,0
41.12037,26.20695,343.71,0.38,0.36,2023-08-24,1110,N,VIIRS,n,2,308.48,17.69,D,0
41.12106,26.21149,352.17,0.38,0.36,2023-08-24,1110,N,VIIRS,n,2,312.77,17.69,D,0
41.04736,25.9601,306.36,0.33,0.55,2023-08-24,2328,N,VIIRS,n,2,291.7,0.95,N,0
41.09578,26.21773,312.37,0.32,0.54,2023-08-24,2328,N,VIIRS,n,2,291.57,1.16,N,0
41.09813,26.09148,301.94,0.32,0.55,2023-08-24,2328,N,VIIRS,n,2,290.89,0.41,N,0
41.07569,26.21173,303.09,0.32,0.55,2023-08-24,2328,N,VIIRS,n,2,291.34,0.83,N,0
41.06864,26.19729,306.44,0.32,0.55,2023-08-24,2328,N,VIIRS,n,2,291.62,0.64,N,0
41.06818,25.95816,309.91,0.33,0.55,2023-08-24,2328,N,VIIRS,n,2,289.78,0.51,N,0
41.04017,25.90685,308.13,0.33,0.55,2023-08-24,2328,N,VIIRS,n,2,290.05,1.02,N,0
41.03928,25.92193,309.46,0.33,0.55,2023-08-24,2328,N,VIIRS,n,2,290.87,0.86,N,0
41.03531,25.90129,303.52,0.33,0.55,2023-08-24,2328,N,VIIRS,n,2,290.52,0.92,N,0
41.03463,25.91286,307.3,0.33,0.55,2023-08-24,2328,N,VIIRS,n,2,290.81,1.06,N,0
41.03395,25.92425,313.6,0.33,0.55,2023-08-24,2328,N,VIIRS,n,2,291.38,1.2,N,0
41.01307,26.18614,308.06,0.32,0.55,2023-08-24,2328,N,VIIRS,n,2,291.95,0.65,N,0
41.00799,26.18556,323.86,0.32,0.55,2023-08-24,2328,N,VIIRS,n,2,292.43,1.17,N,0
41.13441,26.17126,302.51,0.32,0.55,2023-08-24,2328,N,VIIRS,n,2,290.2,2.07,N,0
41.13488,26.16379,309.35,0.32,0.55,2023-08-24,2328,N,VIIRS,n,2,291.22,3.04,N,0
41.13511,26.15993,315.84,0.32,0.55,2023-08-24,2328,N,VIIRS,n,2,291.43,3.04,N,0
41.13535,26.15601,310.14,0.32,0.55,2023-08-24,2328,N,VIIRS,n,2,290.95,0.97,N,0
41.13559,26.15206,304.39,0.32,0.55,2023-08-24,2328,N,VIIRS,n,2,290.89,0.97,N,0
41.01337,25.831,303.21,0.33,0.56,2023-08-24,2328,N,VIIRS,n,2,291.25,0.75,N,0
41.01408,25.8185,302.89,0.33,0.56,2023-08-24,2328,N,VIIRS,n,2,290.86,0.6,N,0
40.99762,26.18785,304.15,0.32,0.55,2023-08-24,2328,N,VIIRS,n,2,291.72,0.85,N,0
41.00292,26.18487,308.84,0.32,0.55,2023-08-24,2328,N,VIIRS,n,2,291.79,1.17,N,0
41.12978,26.16332,367,0.32,0.55,2023-08-24,2328,N,VIIRS,h,2,294.38,3.04,N,0
41.13143,26.13619,313.36,0.32,0.55,2023-08-24,2328,N,VIIRS,n,2,291.06,1.07,N,0
41.13119,26.14017,313.77,0.32,0.55,2023-08-24,2328,N,VIIRS,n,2,290.89,1.07,N,0
41.1307,26.14812,302.54,0.32,0.55,2023-08-24,2328,N,VIIRS,n,2,290.99,1.43,N,0
41.13046,26.15206,302.71,0.32,0.55,2023-08-24,2328,N,VIIRS,n,2,290.91,0.97,N,0
41.13,26.15958,307.41,0.32,0.55,2023-08-24,2328,N,VIIRS,n,2,291.37,3.04,N,0
41.12954,26.16713,306.13,0.32,0.55,2023-08-24,2328,N,VIIRS,n,2,290.7,2.07,N,0
41.127,26.20877,313.51,0.32,0.55,2023-08-24,2328,N,VIIRS,n,2,291.45,1.28,N,0
41.12283,26.10838,326.26,0.32,0.55,2023-08-24,2328,N,VIIRS,n,2,291.33,1.11,N,0
41.12306,26.10461,306.11,0.32,0.55,2023-08-24,2328,N,VIIRS,n,2,290.59,1.11,N,0
41.12214,26.12004,308.45,0.32,0.55,2023-08-24,2328,N,VIIRS,n,2,290.64,0.66,N,0
41.1219,26.12398,311.81,0.32,0.55,2023-08-24,2328,N,VIIRS,n,2,290.52,0.66,N,0
41.1204,26.06306,308.16,0.33,0.55,2023-08-24,2328,N,VIIRS,n,2,290.45,1.05,N,0
41.12017,26.06685,315.64,0.33,0.55,2023-08-24,2328,N,VIIRS,n,2,290.69,1.51,N,0
41.11995,26.07066,314.02,0.32,0.55,2023-08-24,2328,N,VIIRS,n,2,290.73,1.51,N,0
41.11972,26.07443,312.02,0.32,0.55,2023-08-24,2328,N,VIIRS,n,2,291.13,1.73,N,0
41.11927,26.08192,302.51,0.32,0.55,2023-08-24,2328,N,VIIRS,n,2,290.58,0.96,N,0
41.11905,26.08566,302.98,0.32,0.55,2023-08-24,2328,N,VIIRS,n,2,290.89,0.96,N,0
41.11884,26.08933,310.29,0.32,0.55,2023-08-24,2328,N,VIIRS,n,2,291.24,1.27,N,0
41.11549,26.05898,302,0.33,0.55,2023-08-24,2328,N,VIIRS,n,2,290.77,1.05,N,0
38.14254,23.61777,312.12,0.42,0.61,2023-08-24,2329,N,VIIRS,n,2,290.87,6.77,N,0
38.14188,23.63074,347.41,0.41,0.61,2023-08-24,2329,N,VIIRS,n,2,294.01,6.85,N,0
38.1421,23.62651,340.49,0.41,0.61,2023-08-24,2329,N,VIIRS,n,2,294.05,5.19,N,0
38.14231,23.62227,352.63,0.41,0.61,2023-08-24,2329,N,VIIRS,n,2,293.7,5.19,N,0
38.23044,22.82469,311.36,0.46,0.63,2023-08-24,2329,N,VIIRS,n,2,293.21,1.09,N,0
38.23067,22.81915,306.93,0.46,0.63,2023-08-24,2329,N,VIIRS,n,2,292.93,1.09,N,0
38.2309,22.81335,308.42,0.46,0.63,2023-08-24,2329,N,VIIRS,n,2,292.67,2.98,N,0
38.23619,22.82977,304.58,0.46,0.63,2023-08-24,2329,N,VIIRS,n,2,292.68,1.09,N,0
38.23644,22.82373,305.33,0.46,0.63,2023-08-24,2329,N,VIIRS,n,2,292.48,1.09,N,0
38.12659,23.59422,350.33,0.42,0.61,2023-08-24,2329,N,VIIRS,n,2,293.25,9.41,N,0
38.12634,23.59921,304.13,0.42,0.61,2023-08-24,2329,N,VIIRS,n,2,291.28,3.01,N,0
38.13738,23.60693,326.46,0.42,0.61,2023-08-24,2329,N,VIIRS,n,2,291.73,1.87,N,0
38.13014,23.5222,304.76,0.42,0.61,2023-08-24,2329,N,VIIRS,n,2,293.21,1.18,N,2
38.13765,23.60158,308.05,0.42,0.61,2023-08-24,2329,N,VIIRS,n,2,290.41,1.87,N,0
38.13662,23.62201,304.55,0.41,0.61,2023-08-24,2329,N,VIIRS,n,2,290.47,5.19,N,0
38.13198,23.60055,338.27,0.42,0.61,2023-08-24,2329,N,VIIRS,n,2,293.52,3.01,N,0
38.13175,23.60533,325.13,0.42,0.61,2023-08-24,2329,N,VIIRS,n,2,292.64,3.01,N,0
41.09893,26.21765,316.73,0.46,0.64,2023-08-25,0109,N,VIIRS,n,2,290.31,2.24,N,0
41.09874,26.22293,301.39,0.46,0.64,2023-08-25,0109,N,VIIRS,n,2,289.82,1.39,N,0
41.1003,26.21761,312.81,0.46,0.64,2023-08-25,0109,N,VIIRS,n,2,290.17,2.36,N,0
41.13084,26.13484,305.22,0.46,0.63,2023-08-25,0109,N,VIIRS,n,2,288.53,0.96,N,0
41.13022,26.15879,302.15,0.46,0.63,2023-08-25,0109,N,VIIRS,n,2,289.22,1.45,N,0
41.13179,26.15342,313.95,0.46,0.63,2023-08-25,0109,N,VIIRS,n,2,289.58,1.45,N,0
41.13326,26.14838,303.83,0.46,0.63,2023-08-25,0109,N,VIIRS,n,2,289.38,2.56,N,0
41.13244,26.17303,319.24,0.46,0.63,2023-08-25,0109,N,VIIRS,n,2,289.88,2.95,N,0
41.13564,26.16204,310.58,0.46,0.63,2023-08-25,0109,N,VIIRS,n,2,288.97,1.56,N,0
41.12834,26.20904,301.7,0.46,0.64,2023-08-25,0109,N,VIIRS,n,2,289.24,1.81,N,0
41.13082,26.1536,304.72,0.46,0.63,2023-08-25,0109,N,VIIRS,n,2,289.45,1.37,N,0
41.13232,26.14857,307.57,0.46,0.63,2023-08-25,0109,N,VIIRS,n,2,289.36,1.37,N,0
41.13136,26.17323,314.38,0.46,0.63,2023-08-25,0109,N,VIIRS,n,2,289.66,1.59,N,0
41.133,26.16774,305.66,0.46,0.63,2023-08-25,0109,N,VIIRS,n,2,288.81,1.69,N,0
41.13461,26.1623,317.43,0.46,0.63,2023-08-25,0109,N,VIIRS,n,2,289.71,1.69,N,0
41.13615,26.15714,301.28,0.46,0.63,2023-08-25,0109,N,VIIRS,n,2,288.95,1.32,N,0
41.12716,26.20883,307.59,0.46,0.64,2023-08-25,0109,N,VIIRS,n,2,289.68,1.64,N,0
38.12598,23.59836,315.29,0.41,0.61,2023-08-25,0109,N,VIIRS,n,2,291.76,1.05,N,0
38.36609,22.72295,308.45,0.37,0.58,2023-08-25,0109,N,VIIRS,n,2,293.72,2.66,N,0
38.13022,23.60476,305.96,0.41,0.61,2023-08-25,0109,N,VIIRS,n,2,291.31,3.12,N,0
38.13158,23.59988,339.83,0.41,0.61,2023-08-25,0109,N,VIIRS,n,2,293.17,3.12,N,0
38.13587,23.60613,333.45,0.41,0.61,2023-08-25,0109,N,VIIRS,n,2,293.13,3.12,N,0
38.13768,23.62134,306.78,0.42,0.61,2023-08-25,0109,N,VIIRS,n,2,290.46,3.53,N,0
38.13903,23.61648,302.93,0.41,0.61,2023-08-25,0109,N,VIIRS,n,2,290.14,3.79,N,0
38.14423,23.61948,319.81,0.41,0.61,2023-08-25,0109,N,VIIRS,n,2,291.21,3.79,N,0
38.14139,23.62971,321.92,0.42,0.61,2023-08-25,0109,N,VIIRS,n,2,292.36,3.53,N,0
38.14284,23.62449,351.41,0.42,0.61,2023-08-25,0109,N,VIIRS,n,2,294.56,3.53,N,0
38.36645,23.22108,319.78,0.39,0.59,2023-08-25,0109,N,VIIRS,n,2,291.38,2.06,N,0
38.37173,23.22324,333.94,0.39,0.59,2023-08-25,0109,N,VIIRS,n,2,292.18,2.38,N,0
39.35646,22.98349,308.93,0.36,0.57,2023-08-25,0109,N,VIIRS,n,2,291.02,1.12,N,2
41.02039,25.84473,303.4,0.45,0.63,2023-08-25,0109,N,VIIRS,n,2,289.02,0.86,N,0
40.99581,26.18873,303.77,0.46,0.64,2023-08-25,0109,N,VIIRS,n,2,290.01,0.95,N,0
41.00863,26.18866,300.95,0.46,0.64,2023-08-25,0109,N,VIIRS,n,2,289.9,1.01,N,0
41.01024,26.18312,310.99,0.46,0.64,2023-08-25,0109,N,VIIRS,n,2,289.58,1.01,N,0
40.99382,26.18793,302.41,0.46,0.64,2023-08-25,0109,N,VIIRS,n,2,290.22,0.66,N,0
40.9954,26.18262,301.65,0.46,0.64,2023-08-25,0109,N,VIIRS,n,2,290.03,0.66,N,0
41.00835,26.18219,307.73,0.46,0.64,2023-08-25,0109,N,VIIRS,n,2,289.83,1.41,N,0
41.11812,26.0696,302.21,0.45,0.63,2023-08-25,0109,N,VIIRS,n,2,289,1.71,N,0
41.11973,26.0641,304.81,0.45,0.63,2023-08-25,0109,N,VIIRS,n,2,288.82,2.16,N,0
38.12989,23.59525,304.13,0.41,0.61,2023-08-25,0110,N,VIIRS,n,2,291.17,3.8,N,0
38.36351,22.72264,306.74,0.37,0.58,2023-08-25,0110,N,VIIRS,n,2,293.11,2.42,N,0
38.12859,23.60006,321.02,0.41,0.61,2023-08-25,0110,N,VIIRS,n,2,292.03,2.5,N,0
38.13286,23.60647,317.39,0.41,0.61,2023-08-25,0110,N,VIIRS,n,2,291.86,2.5,N,0
38.13411,23.60187,337.56,0.41,0.61,2023-08-25,0110,N,VIIRS,n,2,292.88,2.5,N,0
38.13851,23.60781,318.79,0.41,0.61,2023-08-25,0110,N,VIIRS,n,2,291.49,1.64,N,0
38.14013,23.62404,335.26,0.42,0.61,2023-08-25,0110,N,VIIRS,n,2,292.5,5.79,N,0
38.14149,23.619,338.45,0.42,0.61,2023-08-25,0110,N,VIIRS,n,2,291.84,7.35,N,0
38.23959,22.80009,305.27,0.37,0.58,2023-08-25,0110,N,VIIRS,n,2,293,1.9,N,0
38.2343,22.81965,306,0.38,0.58,2023-08-25,0110,N,VIIRS,n,2,292.8,1.62,N,0
38.25043,22.79241,304.72,0.37,0.58,2023-08-25,0110,N,VIIRS,n,2,292.53,1.05,N,0
38.2419,22.80299,305.4,0.37,0.58,2023-08-25,0110,N,VIIRS,n,2,292.73,0.61,N,0
38.23218,22.81802,309.37,0.38,0.58,2023-08-25,0110,N,VIIRS,n,2,293.28,0.92,N,0
38.23101,22.82245,306.8,0.38,0.58,2023-08-25,0110,N,VIIRS,n,2,293.28,0.92,N,0
38.2331,22.82408,305.12,0.38,0.58,2023-08-25,0110,N,VIIRS,n,2,292.41,1.77,N,0
38.25336,22.79177,305.81,0.37,0.58,2023-08-25,0110,N,VIIRS,n,2,292.57,1.7,N,0
41.01614,25.81196,342.03,0.5,0.41,2023-08-25,1051,N,VIIRS,n,2,302.92,20.21,D,0
41.09774,26.22577,333.41,0.48,0.4,2023-08-25,1051,N,VIIRS,n,2,301.46,4.58,D,0
41.01226,25.83197,336.96,0.5,0.41,2023-08-25,1051,N,VIIRS,n,2,304.51,3.34,D,0
41.08359,26.21265,333.36,0.49,0.4,2023-08-25,1051,N,VIIRS,n,2,303.29,2.82,D,0
41.07634,26.21513,339.09,0.49,0.4,2023-08-25,1051,N,VIIRS,n,2,304.98,5.28,D,0
38.14317,23.62181,348.26,0.49,0.48,2023-08-25,1051,N,VIIRS,n,2,307.19,50.28,D,0
38.35514,22.73355,345.42,0.53,0.5,2023-08-25,1051,N,VIIRS,n,2,303.24,7.03,D,0
38.39708,22.79341,331.42,0.53,0.5,2023-08-25,1051,N,VIIRS,n,2,298.38,3.54,D,0
40.98049,26.17062,331.21,0.49,0.4,2023-08-25,1051,N,VIIRS,n,2,303.74,1.41,D,0
40.99949,26.18852,339.06,0.49,0.4,2023-08-25,1051,N,VIIRS,n,2,309.04,10.47,D,0
41.00202,26.19175,334.63,0.49,0.4,2023-08-25,1051,N,VIIRS,l,2,305.03,7.69,D,0
41.06796,26.21178,348.98,0.49,0.4,2023-08-25,1051,N,VIIRS,n,2,305.13,6.28,D,0
41.07272,26.21634,336.14,0.49,0.4,2023-08-25,1051,N,VIIRS,n,2,304.4,6.28,D,0
41.0716,26.21067,333.39,0.49,0.4,2023-08-25,1051,N,VIIRS,n,2,302.15,6.28,D,0
38.14141,23.62486,367,0.49,0.48,2023-08-25,1051,N,VIIRS,h,2,311.18,38.49,D,0
38.14252,23.62979,367,0.49,0.48,2023-08-25,1051,N,VIIRS,h,2,306.61,38.49,D,0
38.12954,23.59302,351.5,0.49,0.48,2023-08-25,1051,N,VIIRS,n,2,309.91,36.85,D,0
38.13203,23.60408,354.98,0.49,0.48,2023-08-25,1051,N,VIIRS,n,2,310.63,30.94,D,0
38.13465,23.61569,344.49,0.49,0.48,2023-08-25,1051,N,VIIRS,n,2,312.97,14.96,D,0
38.13926,23.6361,342.61,0.49,0.48,2023-08-25,1051,N,VIIRS,n,2,306.58,4.28,D,0
38.13081,23.59868,367,0.49,0.48,2023-08-25,1051,N,VIIRS,h,2,312.85,36.85,D,0
38.12506,23.59397,367,0.49,0.48,2023-08-25,1051,N,VIIRS,h,2,307.9,36.85,D,0
41.11061,26.00916,332.2,0.49,0.41,2023-08-25,1051,N,VIIRS,n,2,298.1,3.33,D,0
41.11952,26.05385,331.82,0.49,0.4,2023-08-25,1051,N,VIIRS,n,2,299.71,32.84,D,0
41.12064,26.05946,367,0.49,0.4,2023-08-25,1051,N,VIIRS,h,2,302.06,32.84,D,0
41.11589,26.05517,347.56,0.49,0.4,2023-08-25,1051,N,VIIRS,n,2,321.74,32.84,D,0
41.11701,26.06076,339.63,0.49,0.4,2023-08-25,1051,N,VIIRS,n,2,303.3,32.84,D,0
41.11924,26.07198,334.76,0.49,0.4,2023-08-25,1051,N,VIIRS,n,2,300.46,5.2,D,0
41.12036,26.0776,350.21,0.49,0.4,2023-08-25,1051,N,VIIRS,n,2,301.49,10.86,D,0
41.12259,26.08882,344.44,0.49,0.4,2023-08-25,1051,N,VIIRS,n,2,304.82,7.16,D,0
41.1259,26.10547,331.09,0.49,0.4,2023-08-25,1051,N,VIIRS,n,2,300.76,2.27,D,0
41.13262,26.13932,347.12,0.49,0.4,2023-08-25,1051,N,VIIRS,n,2,301.24,7.63,D,0
41.13375,26.14498,332.38,0.49,0.4,2023-08-25,1051,N,VIIRS,n,2,300.18,4.3,D,0
41.13598,26.15623,332.69,0.49,0.4,2023-08-25,1051,N,VIIRS,n,2,299.01,2.99,D,0
41.12148,26.08323,367,0.49,0.4,2023-08-25,1051,N,VIIRS,h,2,308.94,10.86,D,0
41.11113,26.05079,347.9,0.49,0.4,2023-08-25,1051,N,VIIRS,n,2,316.54,50.41,D,0
41.11783,26.08441,341.72,0.49,0.4,2023-08-25,1051,N,VIIRS,n,2,309.99,8.09,D,0
41.12004,26.09552,334.24,0.49,0.4,2023-08-25,1051,N,VIIRS,n,2,302.29,7.1,D,0
41.12227,26.10672,344.14,0.49,0.4,2023-08-25,1051,N,VIIRS,n,2,303.48,4.31,D,0
41.12338,26.11231,336.77,0.49,0.4,2023-08-25,1051,N,VIIRS,n,2,300.71,6.83,D,0
41.1063,26.04609,335.9,0.49,0.4,2023-08-25,1051,N,VIIRS,n,2,303.5,50.41,D,0
41.10746,26.05191,348.98,0.49,0.4,2023-08-25,1051,N,VIIRS,n,2,314.83,50.41,D,0
41.11752,26.10238,330.2,0.49,0.4,2023-08-25,1051,N,VIIRS,n,2,301.79,4.31,D,0
41.13098,26.17008,346.71,0.49,0.4,2023-08-25,1051,N,VIIRS,n,2,303.6,11.63,D,0
41.04242,25.90479,336.7,0.5,0.41,2023-08-25,1051,N,VIIRS,n,2,301.51,5.16,D,0
41.10027,26.21892,338.72,0.48,0.4,2023-08-25,1051,N,VIIRS,n,2,303.05,3.63,D,0
41.09666,26.22024,340.08,0.48,0.4,2023-08-25,1051,N,VIIRS,n,2,303.93,7.61,D,0
38.14432,23.62675,367,0.49,0.48,2023-08-25,1051,N,VIIRS,h,2,305.74,32.21,D,0
38.13366,23.60107,352.65,0.49,0.48,2023-08-25,1051,N,VIIRS,n,2,306.78,27.27,D,0
38.13499,23.60678,344.56,0.49,0.48,2023-08-25,1051,N,VIIRS,n,2,306.31,29.17,D,0
38.13769,23.61839,356.22,0.49,0.48,2023-08-25,1051,N,VIIRS,n,2,318.35,50.28,D,0
38.14113,23.63324,367,0.48,0.48,2023-08-25,1051,N,VIIRS,h,2,305.47,32.21,D,0
38.12661,23.59095,338.29,0.49,0.48,2023-08-25,1051,N,VIIRS,n,2,306.83,22.87,D,0
38.12798,23.59686,349.5,0.49,0.48,2023-08-25,1051,N,VIIRS,n,2,318.54,27.52,D,0
38.12925,23.60231,343.65,0.49,0.48,2023-08-25,1051,N,VIIRS,n,2,305.97,27.52,D,0
38.12349,23.59776,334.23,0.49,0.48,2023-08-25,1051,N,VIIRS,l,2,304.82,27.52,D,0
38.13644,23.60284,348.7,0.49,0.48,2023-08-25,1051,N,VIIRS,n,2,301.93,9.92,D,0
38.13909,23.61458,341.29,0.49,0.48,2023-08-25,1051,N,VIIRS,n,2,301.3,25.17,D,0
38.14028,23.61987,349.64,0.49,0.48,2023-08-25,1051,N,VIIRS,n,2,312.4,25.17,D,0
38.14369,23.63497,335.94,0.49,0.48,2023-08-25,1051,N,VIIRS,n,2,301.57,5.64,D,0
38.1297,23.60238,367,0.73,0.76,2023-08-25,1231,N,VIIRS,h,2,298.57,14.15,D,0
38.12613,23.59531,345.87,0.73,0.76,2023-08-25,1231,N,VIIRS,n,2,296.5,7.9,D,0
38.1368,23.6011,331.83,0.73,0.76,2023-08-25,1231,N,VIIRS,n,2,294.9,14.15,D,0
38.12958,23.59365,367,0.73,0.76,2023-08-25,1231,N,VIIRS,h,2,297.85,14.15,D,0
38.39834,22.78977,340.54,0.66,0.73,2023-08-25,1231,N,VIIRS,n,2,296.65,9.66,D,0
38.39867,22.79308,332.8,0.66,0.73,2023-08-25,1231,N,VIIRS,n,2,296.9,8.19,D,0
38.36323,22.72658,332.34,0.66,0.73,2023-08-25,1231,N,VIIRS,n,2,298.05,5.12,D,0
38.14057,23.61677,355.35,0.73,0.76,2023-08-25,1231,N,VIIRS,n,2,296.11,16.11,D,0
38.14067,23.62738,352.5,0.73,0.76,2023-08-25,1231,N,VIIRS,n,2,296.45,16.11,D,0
38.13324,23.59374,367,0.73,0.76,2023-08-25,1231,N,VIIRS,h,2,296.67,18.2,D,0
38.13332,23.6022,367,0.73,0.76,2023-08-25,1231,N,VIIRS,h,2,298.24,35.42,D,0
38.93743,22.05479,347.75,0.61,0.71,2023-08-25,1232,N,VIIRS,n,2,296.95,20.15,D,0
38.93755,22.06098,337.61,0.61,0.71,2023-08-25,1232,N,VIIRS,n,2,296.92,15.01,D,0
38.94415,22.05819,344.28,0.61,0.71,2023-08-25,1232,N,VIIRS,n,2,292.07,15.01,D,0
41.12631,26.05948,313.39,0.58,0.69,2023-08-25,2309,N,VIIRS,n,2,290.21,1.86,N,0
41.12643,26.05305,305.84,0.58,0.69,2023-08-25,2309,N,VIIRS,n,2,289.62,3.45,N,0
41.02063,25.83471,303.84,0.59,0.7,2023-08-25,2309,N,VIIRS,n,2,290.59,1.92,N,0
41.13725,26.16606,313.26,0.57,0.69,2023-08-25,2309,N,VIIRS,n,2,290.76,2.03,N,0
41.13738,26.15928,306.95,0.57,0.69,2023-08-25,2309,N,VIIRS,n,2,290.44,3.14,N,0
41.13712,26.17262,307.17,0.57,0.69,2023-08-25,2309,N,VIIRS,n,2,289.68,2.03,N,0
41.0209,25.81848,305.37,0.59,0.7,2023-08-25,2309,N,VIIRS,n,2,291.45,2.9,N,0
41.02645,25.87922,302.57,0.59,0.7,2023-08-25,2309,N,VIIRS,n,2,290.81,2.28,N,0
41.03867,25.9301,304.32,0.58,0.7,2023-08-25,2309,N,VIIRS,n,2,290.58,1.82,N,0
41.09502,25.98114,301.78,0.58,0.7,2023-08-25,2309,N,VIIRS,n,2,289.66,1.54,N,0
41.11383,26.02791,304.57,0.58,0.7,2023-08-25,2309,N,VIIRS,n,2,288.88,1.57,N,0
41.12013,26.04076,305.02,0.58,0.69,2023-08-25,2309,N,VIIRS,n,2,289.65,1.55,N,0
41.12023,26.03548,301.36,0.58,0.7,2023-08-25,2309,N,VIIRS,n,2,288.89,1.55,N,0
41.12034,26.02964,310.36,0.58,0.7,2023-08-25,2309,N,VIIRS,n,2,288.77,2.11,N,0
41.12507,26.12479,306.46,0.57,0.69,2023-08-25,2309,N,VIIRS,n,2,288.91,0.96,N,0
41.1257,26.09185,302.15,0.57,0.69,2023-08-25,2309,N,VIIRS,n,2,289.73,1.29,N,0
41.12582,26.08541,305.37,0.57,0.69,2023-08-25,2309,N,VIIRS,n,2,289.67,1.29,N,0
41.12607,26.07233,301.79,0.57,0.69,2023-08-25,2309,N,VIIRS,n,2,289.94,2.65,N,0
41.12619,26.06599,301.41,0.57,0.69,2023-08-25,2309,N,VIIRS,n,2,289.84,1.86,N,0
41.03727,25.93649,309.17,0.53,0.5,2023-08-26,0050,N,VIIRS,n,2,292.28,1.39,N,0
41.13636,26.16648,329.29,0.54,0.51,2023-08-26,0050,N,VIIRS,n,2,292.81,3.45,N,0
41.13945,26.1539,304.22,0.54,0.51,2023-08-26,0050,N,VIIRS,n,2,290.17,0.92,N,0
41.13792,26.16014,318.49,0.54,0.51,2023-08-26,0050,N,VIIRS,n,2,292.03,3.45,N,0
41.13649,26.14577,299.93,0.54,0.51,2023-08-26,0050,N,VIIRS,n,2,289.19,0.75,N,0
41.13499,26.15189,301.71,0.54,0.51,2023-08-26,0050,N,VIIRS,n,2,290.48,0.75,N,0
41.12687,26.08442,322.57,0.53,0.5,2023-08-26,0050,N,VIIRS,n,2,292.12,2.24,N,0
41.12528,26.09085,308.94,0.53,0.5,2023-08-26,0050,N,VIIRS,n,2,291.65,2.24,N,0
41.12364,26.0975,301.95,0.53,0.5,2023-08-26,0050,N,VIIRS,n,2,290.69,1.82,N,0
41.12725,26.06289,303.98,0.53,0.5,2023-08-26,0050,N,VIIRS,n,2,291.91,1.54,N,0
41.12563,26.06945,314.06,0.53,0.5,2023-08-26,0050,N,VIIRS,n,2,292.16,2.54,N,0
41.12402,26.07596,314.32,0.53,0.5,2023-08-26,0050,N,VIIRS,n,2,291.91,2.54,N,0
41.12606,26.04776,303.3,0.53,0.5,2023-08-26,0050,N,VIIRS,n,2,290.73,1.32,N,0
41.12436,26.05464,306.93,0.53,0.5,2023-08-26,0050,N,VIIRS,n,2,291.25,1.54,N,0
41.12273,26.06118,315.14,0.53,0.5,2023-08-26,0050,N,VIIRS,n,2,292.14,1.54,N,0
41.12074,26.02938,300.98,0.53,0.5,2023-08-26,0050,N,VIIRS,n,2,289.59,1.1,N,0
41.11897,26.03653,308.86,0.53,0.5,2023-08-26,0050,N,VIIRS,n,2,290.98,3.17,N,0
41.11617,26.02793,309.15,0.53,0.5,2023-08-26,0050,N,VIIRS,n,2,290.03,1.77,N,0
41.11447,26.03476,302.17,0.53,0.5,2023-08-26,0050,N,VIIRS,n,2,290.28,2.27,N,0
41.11152,26.02678,314.14,0.53,0.5,2023-08-26,0050,N,VIIRS,n,2,290.57,1.77,N,0
41.06681,26.20593,304.38,0.54,0.51,2023-08-26,0050,N,VIIRS,n,2,292.15,1.17,N,0
41.12093,26.03738,307.58,0.53,0.5,2023-08-26,0050,N,VIIRS,n,2,291.02,1.34,N,0
41.11815,26.02848,301.47,0.53,0.5,2023-08-26,0050,N,VIIRS,n,2,289.7,1.34,N,0
41.11646,26.03549,308.32,0.53,0.5,2023-08-26,0050,N,VIIRS,n,2,290.21,1.34,N,0
41.11353,26.02723,315.03,0.53,0.5,2023-08-26,0050,N,VIIRS,n,2,290.66,2.15,N,0
41.11188,26.03406,308.46,0.53,0.5,2023-08-26,0050,N,VIIRS,n,2,290.87,2.15,N,0
41.06528,26.20549,304.06,0.54,0.51,2023-08-26,0050,N,VIIRS,n,2,292,1.25,N,0
41.03896,25.92965,303.18,0.53,0.5,2023-08-26,0050,N,VIIRS,n,2,292.28,1.39,N,0
41.04101,25.90144,304.31,0.53,0.5,2023-08-26,0050,N,VIIRS,n,2,291.33,1.05,N,0
41.04206,25.9012,302.89,0.53,0.5,2023-08-26,0050,N,VIIRS,n,2,291.11,1.11,N,0
41.02713,25.86157,304.6,0.52,0.5,2023-08-26,0050,N,VIIRS,n,2,291.76,1.31,N,0
41.02372,25.83523,309.94,0.52,0.5,2023-08-26,0050,N,VIIRS,n,2,293.35,2.38,N,0
41.02193,25.82244,303.34,0.52,0.5,2023-08-26,0050,N,VIIRS,n,2,292.44,1.37,N,0
41.02059,25.82798,305.25,0.52,0.5,2023-08-26,0050,N,VIIRS,n,2,292.54,1.37,N,0
41.2578,23.86715,329.94,0.42,0.45,2023-08-26,0050,N,VIIRS,n,2,289.89,2.55,N,0
41.25671,23.87203,319.41,0.42,0.45,2023-08-26,0050,N,VIIRS,n,2,290.94,2.55,N,0
39.35403,22.9824,307.83,0.41,0.45,2023-08-26,0051,N,VIIRS,n,2,293.53,1.15,N,2
38.14533,23.62109,342.13,0.47,0.48,2023-08-26,0051,N,VIIRS,n,2,285.65,9.23,N,0
41.07008,26.21626,334.36,0.53,0.5,2023-08-26,1033,N,VIIRS,l,2,304.93,7.94,D,0
41.06318,26.21681,340.75,0.53,0.5,2023-08-26,1033,N,VIIRS,n,2,304.68,4.21,D,0
41.0677,26.21514,343.83,0.53,0.5,2023-08-26,1033,N,VIIRS,n,2,305.43,6.94,D,0
41.07372,26.21958,332.53,0.53,0.5,2023-08-26,1033,N,VIIRS,l,2,304.86,6.94,D,0
41.09161,26.21212,352.07,0.53,0.5,2023-08-26,1033,N,VIIRS,n,2,309.32,13.89,D,0
41.02495,25.8793,340.5,0.55,0.51,2023-08-26,1033,N,VIIRS,n,2,300.45,9.26,D,0
41.02821,25.87216,347.18,0.55,0.51,2023-08-26,1033,N,VIIRS,n,2,299.91,10.06,D,0
41.02528,25.86026,334.19,0.55,0.51,2023-08-26,1033,N,VIIRS,n,2,299.55,2.53,D,0
41.01017,25.79902,331.82,0.56,0.51,2023-08-26,1033,N,VIIRS,n,2,299.55,3.48,D,0
41.03929,25.89681,367,0.55,0.51,2023-08-26,1033,N,VIIRS,h,2,302.45,12.28,D,0
41.04393,25.91569,335.16,0.55,0.51,2023-08-26,1033,N,VIIRS,n,2,300.33,6.95,D,0
41.03781,25.89079,335.79,0.55,0.51,2023-08-26,1033,N,VIIRS,n,2,297.67,12.28,D,0
41.02131,25.82373,344.66,0.56,0.51,2023-08-26,1033,N,VIIRS,n,2,301.02,8.67,D,0
41.0486,25.91431,345.63,0.55,0.51,2023-08-26,1033,N,VIIRS,n,2,299.94,6.95,D,0
41.06834,25.95413,350.7,0.55,0.51,2023-08-26,1033,N,VIIRS,n,2,302.64,7.04,D,0
41.07305,25.95296,355.2,0.55,0.51,2023-08-26,1033,N,VIIRS,n,2,303.86,23.76,D,0
41.13633,26.17302,343.23,0.53,0.5,2023-08-26,1033,N,VIIRS,n,2,305.44,17.24,D,0
41.11742,26.09471,342.99,0.54,0.51,2023-08-26,1033,N,VIIRS,n,2,305.94,5.71,D,0
41.14078,26.17105,367,0.53,0.5,2023-08-26,1033,N,VIIRS,h,2,303.87,17.24,D,0
41.13936,26.16516,333.03,0.53,0.5,2023-08-26,1033,N,VIIRS,n,2,302.33,11.53,D,0
41.13792,26.15916,355.66,0.53,0.5,2023-08-26,1033,N,VIIRS,n,2,303.79,11.53,D,0
41.13055,26.12859,349.64,0.53,0.5,2023-08-26,1033,N,VIIRS,n,2,304.26,10.15,D,0
41.12621,26.11061,331.29,0.54,0.5,2023-08-26,1033,N,VIIRS,l,2,303.02,6.86,D,0
41.12477,26.10467,333.51,0.54,0.51,2023-08-26,1033,N,VIIRS,l,2,305.07,11.26,D,0
41.12334,26.09872,352.63,0.54,0.51,2023-08-26,1033,N,VIIRS,n,2,312.66,11.26,D,0
41.12193,26.09289,334.33,0.54,0.51,2023-08-26,1033,N,VIIRS,l,2,306.13,5.71,D,0
41.09377,25.97662,340.83,0.54,0.51,2023-08-26,1033,N,VIIRS,n,2,301.54,6.82,D,0
41.14241,26.15733,356.84,0.53,0.5,2023-08-26,1033,N,VIIRS,n,2,300.97,20.27,D,0
41.135,26.12657,338.73,0.53,0.5,2023-08-26,1033,N,VIIRS,n,2,302.01,5.63,D,0
41.13211,26.11456,341.41,0.54,0.5,2023-08-26,1033,N,VIIRS,n,2,302.78,12.83,D,0
41.13068,26.10865,348.07,0.54,0.5,2023-08-26,1033,N,VIIRS,n,2,304.39,12.83,D,0
41.12787,26.097,335.89,0.54,0.51,2023-08-26,1033,N,VIIRS,n,2,304.65,5.77,D,0
41.12646,26.09118,335.12,0.54,0.51,2023-08-26,1033,N,VIIRS,n,2,305.85,18.5,D,0
41.12504,26.08526,336.45,0.54,0.51,2023-08-26,1033,N,VIIRS,n,2,305.85,18.5,D,0
41.12359,26.07927,346.95,0.54,0.51,2023-08-26,1033,N,VIIRS,n,2,308.89,14.3,D,0
41.10006,25.98199,332.32,0.54,0.51,2023-08-26,1033,N,VIIRS,n,2,300.6,7.82,D,0
41.12951,26.08328,367,0.54,0.51,2023-08-26,1033,N,VIIRS,h,2,305.5,18.5,D,0
41.12667,26.07153,367,0.54,0.51,2023-08-26,1033,N,VIIRS,h,2,304.96,14.3,D,0
41.12807,26.0773,354.84,0.54,0.51,2023-08-26,1033,N,VIIRS,n,2,303.8,14.3,D,0
41.1298,26.06397,367,0.54,0.51,2023-08-26,1033,N,VIIRS,h,2,307.29,75.57,D,0
41.1242,26.04075,350.64,0.54,0.51,2023-08-26,1033,N,VIIRS,n,2,302.1,15.8,D,0
41.12554,26.0463,349.5,0.54,0.51,2023-08-26,1033,N,VIIRS,n,2,310.34,61.57,D,0
41.13017,26.04491,345.31,0.54,0.51,2023-08-26,1033,N,VIIRS,n,2,301.39,61.57,D,0
41.13153,26.05059,350.89,0.54,0.51,2023-08-26,1033,N,VIIRS,n,2,301.26,61.57,D,0
41.1329,26.05628,348.75,0.54,0.51,2023-08-26,1033,N,VIIRS,n,2,303.51,75.57,D,0
41.12836,26.05798,353.33,0.54,0.51,2023-08-26,1033,N,VIIRS,n,2,326.12,75.57,D,0
41.1229,26.03536,346.52,0.54,0.51,2023-08-26,1033,N,VIIRS,n,2,301.21,15.8,D,0
41.13065,26.05564,367,0.54,0.51,2023-08-26,1033,N,VIIRS,l,2,327.86,145.34,D,0
41.12513,26.03331,330.39,0.54,0.51,2023-08-26,1033,N,VIIRS,n,2,299.96,8.91,D,0
41.12646,26.03872,350.21,0.54,0.51,2023-08-26,1033,N,VIIRS,n,2,302.59,31.05,D,0
41.12783,26.04426,337.43,0.54,0.51,2023-08-26,1033,N,VIIRS,n,2,305.59,31.05,D,0
41.12923,26.04993,344.82,0.54,0.51,2023-08-26,1033,N,VIIRS,n,2,308.57,145.34,D,0
41.12053,26.03482,343.67,0.54,0.51,2023-08-26,1033,N,VIIRS,n,2,300.36,9.85,D,0
41.12461,26.05132,347.61,0.54,0.51,2023-08-26,1033,N,VIIRS,n,2,305.18,12.56,D,0
41.12757,26.06329,355.7,0.54,0.51,2023-08-26,1033,N,VIIRS,n,2,308.33,25.5,D,0
41.12608,26.05726,367,0.54,0.51,2023-08-26,1033,N,VIIRS,h,2,308.19,12.56,D,0
41.12903,26.06919,367,0.54,0.51,2023-08-26,1033,N,VIIRS,h,2,303.48,25.5,D,0
41.12593,26.0767,356.18,0.54,0.51,2023-08-26,1033,N,VIIRS,n,2,307.24,36.05,D,0
41.12889,26.08868,347.71,0.54,0.51,2023-08-26,1033,N,VIIRS,n,2,303.1,13.44,D,0
41.1274,26.08266,356.35,0.54,0.51,2023-08-26,1033,N,VIIRS,n,2,309.08,36.05,D,0
41.06557,26.21796,352.18,0.53,0.5,2023-08-26,1033,N,VIIRS,n,2,306.96,7.94,D,0
37.91995,24.79197,346.15,0.47,0.64,2023-08-26,1212,N,VIIRS,n,2,287.8,14.69,D,0
37.9324,24.80388,367,0.47,0.64,2023-08-26,1212,N,VIIRS,h,2,293.06,11.94,D,0
37.87529,24.7869,354.02,0.47,0.64,2023-08-26,1212,N,VIIRS,n,2,293.52,9.25,D,0
37.88123,24.78581,354.3,0.47,0.64,2023-08-26,1212,N,VIIRS,n,2,290.41,5.89,D,0
37.881,24.78068,333.46,0.46,0.64,2023-08-26,1212,N,VIIRS,n,2,292.05,5.89,D,0
37.90533,24.7898,367,0.47,0.64,2023-08-26,1212,N,VIIRS,h,2,299.42,42.51,D,0
37.90505,24.78363,357.36,0.47,0.64,2023-08-26,1212,N,VIIRS,n,2,299.46,48.58,D,0
37.91154,24.79509,367,0.47,0.64,2023-08-26,1212,N,VIIRS,h,2,291.21,42.51,D,0
37.91123,24.78808,367,0.47,0.64,2023-08-26,1212,N,VIIRS,h,2,298.25,42.51,D,0
37.9121,24.80749,351.11,0.47,0.64,2023-08-26,1212,N,VIIRS,n,2,292.83,14.04,D,0
37.91092,24.78113,351.22,0.47,0.64,2023-08-26,1212,N,VIIRS,n,2,297.69,48.58,D,0
37.91183,24.80152,357.16,0.47,0.64,2023-08-26,1212,N,VIIRS,l,2,289.12,14.04,D,0
37.87775,24.78357,367,0.47,0.64,2023-08-26,1212,N,VIIRS,h,2,296.1,23.14,D,0
37.908,24.79236,367,0.47,0.64,2023-08-26,1212,N,VIIRS,h,2,297.36,49.31,D,0
37.90775,24.78608,356.65,0.47,0.64,2023-08-26,1212,N,VIIRS,n,2,304.39,59.29,D,0
37.90749,24.7793,338.64,0.47,0.64,2023-08-26,1212,N,VIIRS,n,2,297.12,59.29,D,0
37.92643,24.80435,331.23,0.47,0.64,2023-08-26,1212,N,VIIRS,n,2,286.1,11.94,D,0
37.91445,24.8045,367,0.47,0.64,2023-08-26,1212,N,VIIRS,h,2,300.89,26.91,D,0
37.91396,24.79169,367,0.47,0.64,2023-08-26,1212,N,VIIRS,h,2,290.94,14.69,D,0
37.91367,24.78438,367,0.47,0.64,2023-08-26,1212,N,VIIRS,h,2,294.21,19.45,D,0
37.91421,24.7983,339.25,0.47,0.64,2023-08-26,1212,N,VIIRS,n,2,290.72,14.69,D,0
37.92018,24.7978,367,0.47,0.64,2023-08-26,1212,N,VIIRS,h,2,294.99,14.69,D,0
37.92043,24.80409,347.15,0.47,0.64,2023-08-26,1212,N,VIIRS,n,2,292.09,26.91,D,0
37.92667,24.81056,335.73,0.47,0.64,2023-08-26,1212,N,VIIRS,n,2,293.04,11.94,D,0
41.02886,25.97445,335.78,0.56,0.69,2023-08-26,1213,N,VIIRS,n,2,297.75,7.74,D,0
41.06683,25.96044,341.89,0.56,0.69,2023-08-26,1213,N,VIIRS,n,2,296.2,6.9,D,0
41.06585,26.21273,334.32,0.58,0.7,2023-08-26,1213,N,VIIRS,n,2,301.08,4.98,D,0
41.06599,26.21963,339.15,0.58,0.7,2023-08-26,1213,N,VIIRS,n,2,301.58,4.98,D,0
41.05916,26.2051,335,0.58,0.7,2023-08-26,1213,N,VIIRS,n,2,299.22,2.84,D,0
41.05932,26.21282,333.51,0.58,0.7,2023-08-26,1213,N,VIIRS,n,2,298.82,3.89,D,0
41.02831,25.96923,338.76,0.56,0.69,2023-08-26,1213,N,VIIRS,n,2,297.65,3.56,D,0
41.02844,25.97539,333.36,0.56,0.69,2023-08-26,1213,N,VIIRS,n,2,297.55,3.56,D,0
41.01172,25.79574,349.65,0.55,0.68,2023-08-26,1213,N,VIIRS,n,2,297.49,4.96,D,0
41.00471,25.76798,336.03,0.55,0.68,2023-08-26,1213,N,VIIRS,n,2,298.37,2.77,D,0
41.00534,25.79685,340.53,0.55,0.68,2023-08-26,1213,N,VIIRS,n,2,301.06,4.96,D,0
40.93983,25.71851,338.25,0.55,0.68,2023-08-26,1213,N,VIIRS,n,2,297.56,46.31,D,0
40.93994,25.72452,367,0.55,0.68,2023-08-26,1213,N,VIIRS,h,2,301.58,82.63,D,0
40.93856,25.71798,350.19,0.55,0.68,2023-08-26,1213,N,VIIRS,n,2,296.4,43.58,D,0
40.93871,25.72396,367,0.55,0.68,2023-08-26,1213,N,VIIRS,h,2,304.1,43.58,D,0
39.29107,22.45436,340.61,0.36,0.57,2023-08-26,1213,N,VIIRS,n,2,279.6,5.41,D,0
41.14142,26.17144,332.02,0.58,0.7,2023-08-26,1213,N,VIIRS,n,2,297.75,5.07,D,0
41.12757,26.11224,367,0.57,0.69,2023-08-26,1213,N,VIIRS,h,2,303.31,43.73,D,0
41.12724,26.08834,367,0.57,0.69,2023-08-26,1213,N,VIIRS,h,2,301.63,14.15,D,0
41.12713,26.0809,367,0.57,0.69,2023-08-26,1213,N,VIIRS,h,2,303.41,22.99,D,0
41.1269,26.06476,367,0.57,0.69,2023-08-26,1213,N,VIIRS,h,2,302.31,11.98,D,0
41.12777,26.12717,340.43,0.57,0.69,2023-08-26,1213,N,VIIRS,n,2,299.33,23.22,D,0
41.12735,26.09641,344.15,0.57,0.69,2023-08-26,1213,N,VIIRS,n,2,299.38,14.15,D,0
41.12702,26.07286,341.04,0.57,0.69,2023-08-26,1213,N,VIIRS,n,2,299,22.99,D,0
41.12679,26.05701,334.16,0.57,0.69,2023-08-26,1213,N,VIIRS,n,2,299.41,11.98,D,0
41.12667,26.04862,338.26,0.57,0.69,2023-08-26,1213,N,VIIRS,n,2,299.84,10.66,D,0
41.13339,26.0645,367,0.57,0.69,2023-08-26,1213,N,VIIRS,h,2,296.3,11.98,D,0
41.13327,26.05628,341.04,0.57,0.69,2023-08-26,1213,N,VIIRS,n,2,296.65,11.98,D,0
41.13313,26.04708,344.32,0.57,0.69,2023-08-26,1213,N,VIIRS,n,2,296.45,10.66,D,0
41.12767,26.11982,367,0.57,0.69,2023-08-26,1213,N,VIIRS,h,2,301.02,23.22,D,0
41.13377,26.05036,332.44,0.57,0.69,2023-08-26,1213,N,VIIRS,n,2,296.48,9.99,D,0
41.13395,26.05923,333.22,0.57,0.69,2023-08-26,1213,N,VIIRS,n,2,296.14,9.99,D,0
41.12713,26.04247,333.61,0.57,0.69,2023-08-26,1213,N,VIIRS,n,2,298.82,11.13,D,0
41.12731,26.05165,356.19,0.57,0.69,2023-08-26,1213,N,VIIRS,n,2,299.85,9.99,D,0
41.12747,26.05961,354.67,0.57,0.69,2023-08-26,1213,N,VIIRS,n,2,301.1,9.99,D,0
41.12809,26.09107,344.11,0.57,0.69,2023-08-26,1213,N,VIIRS,n,2,299.12,16.4,D,0
41.12824,26.0992,342.44,0.57,0.69,2023-08-26,1213,N,VIIRS,n,2,299.11,12.92,D,0
41.1284,26.10718,341.19,0.57,0.69,2023-08-26,1213,N,VIIRS,n,2,298.97,12.92,D,0
41.12869,26.12243,357.42,0.57,0.69,2023-08-26,1213,N,VIIRS,n,2,302.03,27.07,D,0
41.12883,26.12963,330.62,0.57,0.69,2023-08-26,1213,N,VIIRS,n,2,298.62,12.61,D,0
41.12762,26.06749,367,0.57,0.69,2023-08-26,1213,N,VIIRS,h,2,301.42,23.88,D,0
41.12778,26.07578,367,0.57,0.69,2023-08-26,1213,N,VIIRS,h,2,299.57,23.88,D,0
41.12794,26.08347,367,0.57,0.69,2023-08-26,1213,N,VIIRS,h,2,301.42,16.4,D,0
41.12855,26.1149,367,0.57,0.69,2023-08-26,1213,N,VIIRS,h,2,302.19,27.07,D,0
41.12204,26.11455,348.69,0.57,0.69,2023-08-26,1213,N,VIIRS,n,2,303.33,34.38,D,0
41.12217,26.12164,367,0.57,0.69,2023-08-26,1213,N,VIIRS,h,2,300.59,34.38,D,0
41.06735,25.95908,340.67,0.56,0.69,2023-08-26,1213,N,VIIRS,n,2,296,7.37,D,0
41.06503,26.21195,337.17,0.58,0.7,2023-08-26,1213,N,VIIRS,n,2,301.32,7.86,D,0
41.06513,26.21887,341.73,0.58,0.7,2023-08-26,1213,N,VIIRS,n,2,301.15,9.88,D,0
41.05837,26.20399,330.67,0.58,0.7,2023-08-26,1213,N,VIIRS,n,2,298.65,2.87,D,0
41.03409,25.89904,333.14,0.56,0.69,2023-08-26,1213,N,VIIRS,n,2,296.38,4.95,D,0
41.02877,25.9682,341.31,0.56,0.69,2023-08-26,1213,N,VIIRS,n,2,297.43,6.84,D,0
41.0596,26.22273,313.6,0.49,0.41,2023-08-27,0031,N,VIIRS,n,2,293.27,1.13,N,0
40.51178,21.18333,333.94,0.38,0.36,2023-08-27,0031,N,VIIRS,n,2,288.2,2.69,N,0
40.93828,25.71182,303.15,0.48,0.4,2023-08-27,0031,N,VIIRS,n,2,292.89,0.74,N,0
41.01356,25.79647,302.98,0.48,0.4,2023-08-27,0031,N,VIIRS,n,2,292.85,1.52,N,0
41.02822,25.83117,318.25,0.48,0.4,2023-08-27,0031,N,VIIRS,n,2,294.93,1.77,N,0
41.02966,25.84318,310.3,0.48,0.4,2023-08-27,0031,N,VIIRS,n,2,293.65,1.66,N,0
41.03181,25.83242,302.37,0.48,0.4,2023-08-27,0031,N,VIIRS,n,2,292.29,1.77,N,0
41.02773,25.89129,312.53,0.48,0.4,2023-08-27,0031,N,VIIRS,n,2,293.78,1.87,N,0
41.03472,25.85638,303.53,0.48,0.4,2023-08-27,0031,N,VIIRS,n,2,290.77,0.71,N,0
41.03484,25.87499,302.09,0.48,0.4,2023-08-27,0031,N,VIIRS,n,2,291.5,0.75,N,0
41.04377,25.9268,307.29,0.48,0.4,2023-08-27,0031,N,VIIRS,n,2,291.84,1.8,N,0
41.04891,26.19286,317.69,0.49,0.41,2023-08-27,0031,N,VIIRS,n,2,292.79,3.37,N,0
41.05004,26.18719,336.01,0.49,0.41,2023-08-27,0031,N,VIIRS,n,2,294.54,15.49,N,0
41.0514,26.19996,311.26,0.49,0.41,2023-08-27,0031,N,VIIRS,n,2,293,3.37,N,0
41.09717,25.96876,303.62,0.48,0.4,2023-08-27,0031,N,VIIRS,n,2,290.72,1.39,N,0
41.05252,26.19431,327.42,0.49,0.41,2023-08-27,0031,N,VIIRS,n,2,294.85,3.37,N,0
41.05366,26.1886,367,0.49,0.41,2023-08-27,0031,N,VIIRS,h,2,298.18,15.49,N,0
41.09058,25.97455,302.49,0.48,0.4,2023-08-27,0031,N,VIIRS,n,2,291.96,1.61,N,0
41.09548,25.96945,304.25,0.48,0.4,2023-08-27,0031,N,VIIRS,n,2,290.94,1.89,N,0
41.05096,26.1885,347.35,0.49,0.41,2023-08-27,0031,N,VIIRS,n,2,299.44,15.68,N,0
41.05227,26.20123,318.04,0.49,0.41,2023-08-27,0031,N,VIIRS,n,2,293.52,2,N,0
41.05458,26.18987,349.56,0.49,0.41,2023-08-27,0031,N,VIIRS,n,2,298.32,15.68,N,0
41.06076,26.21707,305.47,0.49,0.41,2023-08-27,0031,N,VIIRS,n,2,293.41,1.13,N,0
41.06442,26.2183,303.54,0.49,0.41,2023-08-27,0031,N,VIIRS,n,2,292.62,1.13,N,0
41.07539,26.22205,307.64,0.49,0.41,2023-08-27,0031,N,VIIRS,n,2,292.23,0.97,N,0
41.08021,26.21756,315.87,0.49,0.41,2023-08-27,0031,N,VIIRS,n,2,293.03,1.88,N,0
41.08384,26.21895,303.57,0.49,0.41,2023-08-27,0031,N,VIIRS,n,2,292.63,0.81,N,0
41.08502,26.21307,306.53,0.49,0.41,2023-08-27,0031,N,VIIRS,n,2,292.31,0.81,N,0
41.13109,26.06171,316.2,0.49,0.4,2023-08-27,0031,N,VIIRS,n,2,291.98,1.42,N,0
41.13226,26.05585,311.31,0.49,0.4,2023-08-27,0031,N,VIIRS,n,2,290.91,1.42,N,0
41.13347,26.04982,305.35,0.49,0.4,2023-08-27,0031,N,VIIRS,n,2,290.8,1.33,N,0
41.12885,26.09227,310.72,0.49,0.4,2023-08-27,0031,N,VIIRS,n,2,292.19,1.5,N,0
41.13116,26.08073,307.36,0.49,0.4,2023-08-27,0031,N,VIIRS,n,2,291.99,1.9,N,0
41.13234,26.07484,303.03,0.49,0.4,2023-08-27,0031,N,VIIRS,n,2,291.35,1.19,N,0
41.13352,26.06893,307.82,0.49,0.4,2023-08-27,0031,N,VIIRS,n,2,292.09,1.19,N,0
41.13469,26.06306,301.59,0.49,0.4,2023-08-27,0031,N,VIIRS,n,2,291.09,1.42,N,0
41.13128,26.0995,310.11,0.49,0.4,2023-08-27,0031,N,VIIRS,n,2,292.56,1.93,N,0
41.13477,26.08204,304.87,0.49,0.4,2023-08-27,0031,N,VIIRS,n,2,292.18,1.16,N,0
41.13596,26.07613,320.98,0.49,0.4,2023-08-27,0031,N,VIIRS,n,2,293.3,2.54,N,0
41.13139,26.11834,301.27,0.49,0.4,2023-08-27,0031,N,VIIRS,n,2,289.72,0.43,N,0
41.13254,26.11257,302.29,0.49,0.4,2023-08-27,0031,N,VIIRS,n,2,291.45,1.87,N,0
41.13913,26.1768,308.28,0.49,0.4,2023-08-27,0031,N,VIIRS,n,2,290.86,2.18,N,0
41.14391,26.17238,316.69,0.49,0.4,2023-08-27,0031,N,VIIRS,n,2,291.39,2.18,N,0
41.14276,26.17814,328.32,0.49,0.4,2023-08-27,0031,N,VIIRS,n,2,291.71,2.18,N,0
39.35437,22.98452,312.69,0.41,0.37,2023-08-27,0032,N,VIIRS,n,2,294.05,1.87,N,2
38.37457,24.06036,309.66,0.45,0.39,2023-08-27,0032,N,VIIRS,n,2,294.98,1.18,N,2
37.93737,24.81319,350.12,0.49,0.4,2023-08-27,0032,N,VIIRS,n,2,303.18,29.09,N,0
37.93374,24.81199,346.84,0.49,0.4,2023-08-27,0032,N,VIIRS,n,2,298.19,29.09,N,0
37.93488,24.80625,306.54,0.49,0.4,2023-08-27,0032,N,VIIRS,n,2,293.12,29.09,N,0
37.929,24.81637,322.32,0.49,0.4,2023-08-27,0032,N,VIIRS,n,2,293.5,2.51,N,0
37.93262,24.81763,305.52,0.49,0.4,2023-08-27,0032,N,VIIRS,n,2,293.58,7.97,N,0
38.13039,23.52635,308.39,0.44,0.38,2023-08-27,0032,N,VIIRS,n,2,295.89,2.51,N,2
38.1397,23.61464,324.34,0.44,0.38,2023-08-27,0032,N,VIIRS,n,2,292.4,2.61,N,0
38.13903,23.61589,325.48,0.44,0.38,2023-08-27,0032,N,VIIRS,n,2,292.06,1.79,N,0
37.93012,24.81076,308.93,0.49,0.4,2023-08-27,0032,N,VIIRS,n,2,293.1,2.11,N,0
41.13259,26.08781,333.91,0.46,0.63,2023-08-27,1014,N,VIIRS,n,2,298.26,16.07,D,0
41.13535,26.0972,332.86,0.46,0.63,2023-08-27,1014,N,VIIRS,n,2,297.23,3.39,D,0
41.13115,26.08291,367,0.46,0.63,2023-08-27,1014,N,VIIRS,h,2,301.26,8.48,D,0
41.13262,26.10962,341.04,0.46,0.63,2023-08-27,1014,N,VIIRS,n,2,297.87,6.05,D,0
41.00724,25.77237,336.68,0.48,0.64,2023-08-27,1014,N,VIIRS,n,2,300.08,12.54,D,0
41.00571,25.76726,367,0.48,0.64,2023-08-27,1014,N,VIIRS,h,2,302.2,12.86,D,0
41.0162,25.82417,348.35,0.47,0.64,2023-08-27,1014,N,VIIRS,n,2,301.97,6.07,D,0
41.01764,25.81992,332.66,0.47,0.64,2023-08-27,1014,N,VIIRS,n,2,300.21,2.47,D,0
41.0195,25.82631,338.92,0.47,0.64,2023-08-27,1014,N,VIIRS,n,2,300.9,4.1,D,0
41.00327,25.7707,367,0.48,0.64,2023-08-27,1014,N,VIIRS,h,2,304.65,7.01,D,0
41.07715,26.22188,367,0.45,0.63,2023-08-27,1014,N,VIIRS,h,2,302.43,8.78,D,0
41.05271,26.18145,332.33,0.45,0.63,2023-08-27,1014,N,VIIRS,n,2,298.36,7.83,D,0
41.05415,26.18639,334.78,0.45,0.63,2023-08-27,1014,N,VIIRS,n,2,298.22,7.83,D,0
41.04728,26.18457,346.84,0.45,0.63,2023-08-27,1014,N,VIIRS,n,2,300.58,7.83,D,0
41.05027,26.19484,339.31,0.45,0.63,2023-08-27,1014,N,VIIRS,n,2,298.94,11.38,D,0
41.05178,26.19999,347.58,0.45,0.63,2023-08-27,1014,N,VIIRS,n,2,298.64,11.38,D,0
41.05326,26.20507,349.27,0.45,0.63,2023-08-27,1014,N,VIIRS,n,2,299.72,9.52,D,0
41.05905,26.22491,337.17,0.45,0.63,2023-08-27,1014,N,VIIRS,n,2,300.2,5.34,D,0
41.04877,26.18969,367,0.45,0.63,2023-08-27,1014,N,VIIRS,h,2,303.97,7.83,D,0
41.04344,26.19316,367,0.45,0.63,2023-08-27,1014,N,VIIRS,h,2,300.35,5.85,D,0
41.04179,26.1875,336.24,0.45,0.63,2023-08-27,1014,N,VIIRS,n,2,298.78,5.85,D,0
41.14458,26.06357,336.71,0.46,0.63,2023-08-27,1014,N,VIIRS,n,2,297.91,68.38,D,0
41.13688,26.05896,349.57,0.46,0.63,2023-08-27,1014,N,VIIRS,n,2,297.62,49.86,D,0
41.13828,26.06374,367,0.46,0.63,2023-08-27,1014,N,VIIRS,h,2,325.41,68.38,D,0
41.13988,26.06922,367,0.46,0.63,2023-08-27,1014,N,VIIRS,h,2,306.57,68.38,D,0
41.13122,26.0614,355.47,0.46,0.63,2023-08-27,1014,N,VIIRS,n,2,299.38,14.41,D,0
41.13398,26.07082,342.55,0.46,0.63,2023-08-27,1014,N,VIIRS,n,2,300.66,12.12,D,0
41.13536,26.07554,343.17,0.46,0.63,2023-08-27,1014,N,VIIRS,n,2,298.43,8.48,D,0
41.13261,26.06613,367,0.46,0.63,2023-08-27,1014,N,VIIRS,h,2,300.87,12.12,D,0
41.13675,26.08027,367,0.46,0.63,2023-08-27,1014,N,VIIRS,h,2,300.2,8.48,D,0
41.09882,25.97278,330.96,0.46,0.64,2023-08-27,1014,N,VIIRS,n,2,298.01,6.93,D,0
41.05326,26.18568,347.03,0.33,0.55,2023-08-27,1154,N,VIIRS,n,2,302.38,6.41,D,0
41.06345,26.18348,332.69,0.33,0.55,2023-08-27,1154,N,VIIRS,n,2,302.43,1.98,D,0
41.07107,26.22821,335.63,0.33,0.55,2023-08-27,1154,N,VIIRS,n,2,304.14,2.88,D,0
41.07086,26.22427,346.57,0.33,0.55,2023-08-27,1154,N,VIIRS,n,2,304.25,2.88,D,0
41.07599,26.22381,338.67,0.33,0.55,2023-08-27,1154,N,VIIRS,n,2,303.33,5.92,D,0
41.06072,25.95331,338.67,0.64,0.54,2023-08-27,1154,N,VIIRS,n,2,299.15,42.27,D,0
41.08136,26.22746,367,0.33,0.55,2023-08-27,1154,N,VIIRS,h,2,302.09,5.92,D,0
41.08114,26.22348,367,0.33,0.55,2023-08-27,1154,N,VIIRS,h,2,305.56,5.92,D,0
41.06614,25.95897,344.16,0.64,0.54,2023-08-27,1154,N,VIIRS,n,2,302.81,42.27,D,0
41.06572,25.95187,350.28,0.64,0.54,2023-08-27,1154,N,VIIRS,n,2,313.3,42.27,D,0
41.07073,25.95035,336.58,0.64,0.54,2023-08-27,1154,N,VIIRS,n,2,301.16,9.05,D,0
41.09205,25.9665,333.07,0.32,0.54,2023-08-27,1154,N,VIIRS,n,2,299.43,1.88,D,0
41.13173,26.11765,367,0.32,0.55,2023-08-27,1154,N,VIIRS,h,2,301.14,10.9,D,0
41.13197,26.12174,340.25,0.32,0.55,2023-08-27,1154,N,VIIRS,n,2,300.89,10.75,D,0
41.13021,26.09232,343.84,0.32,0.55,2023-08-27,1154,N,VIIRS,n,2,288.47,7.05,D,0
41.13457,26.07951,367,0.32,0.55,2023-08-27,1154,N,VIIRS,h,2,300.06,15.46,D,0
41.13432,26.07523,367,0.32,0.55,2023-08-27,1154,N,VIIRS,h,2,299.58,25.62,D,0
41.13301,26.05366,367,0.32,0.55,2023-08-27,1154,N,VIIRS,h,2,293.76,14.51,D,0
41.13483,26.08376,352.3,0.32,0.55,2023-08-27,1154,N,VIIRS,n,2,297.12,15.46,D,0
41.13964,26.07845,367,0.32,0.55,2023-08-27,1154,N,VIIRS,h,2,302.44,75.7,D,0
41.13835,26.05713,367,0.32,0.55,2023-08-27,1154,N,VIIRS,h,2,296.14,23.82,D,0
41.1399,26.08283,339.19,0.32,0.55,2023-08-27,1154,N,VIIRS,n,2,295.59,75.7,D,0
41.13911,26.06972,347.57,0.32,0.55,2023-08-27,1154,N,VIIRS,n,2,297.56,67.26,D,0
41.13887,26.0656,353.88,0.32,0.55,2023-08-27,1154,N,VIIRS,n,2,297.78,24.83,D,0
41.13937,26.07404,208,0.32,0.55,2023-08-27,1154,N,VIIRS,l,2,312.93,67.26,D,0
41.14408,26.06734,367,0.32,0.55,2023-08-27,1154,N,VIIRS,h,2,302.03,67.26,D,0
41.14361,26.05944,367,0.32,0.55,2023-08-27,1154,N,VIIRS,h,2,299.64,24.83,D,0
41.14385,26.06337,346.92,0.32,0.55,2023-08-27,1154,N,VIIRS,n,2,302.51,24.83,D,0
41.03085,26.18833,367,0.33,0.55,2023-08-27,1154,N,VIIRS,h,2,302.72,77.5,D,0
41.00533,25.77002,341.37,0.62,0.54,2023-08-27,1154,N,VIIRS,n,2,305.98,7.85,D,0
41.03594,26.18736,367,0.33,0.55,2023-08-27,1154,N,VIIRS,h,2,332.47,77.5,D,0
41.03636,26.19437,354.88,0.33,0.55,2023-08-27,1154,N,VIIRS,n,2,302.23,47.76,D,0
41.01225,25.79994,348.24,0.62,0.54,2023-08-27,1154,N,VIIRS,n,2,304.37,150.05,D,0
41.03616,26.19091,367,0.33,0.55,2023-08-27,1154,N,VIIRS,l,2,329.64,77.5,D,0
41.03572,26.18355,208,0.33,0.55,2023-08-27,1154,N,VIIRS,l,2,304.79,76.59,D,0
41.01177,25.7923,367,0.62,0.54,2023-08-27,1154,N,VIIRS,l,2,338.21,305.45,D,0
41.04173,26.19797,367,0.33,0.55,2023-08-27,1154,N,VIIRS,h,2,303.34,28.42,D,0
41.04128,26.19045,367,0.33,0.55,2023-08-27,1154,N,VIIRS,h,2,310.5,19.07,D,0
41.0415,26.19409,352.28,0.33,0.55,2023-08-27,1154,N,VIIRS,n,2,311.63,28.42,D,0
41.04106,26.1868,354.04,0.33,0.55,2023-08-27,1154,N,VIIRS,n,2,306.91,19.07,D,0
41.01867,25.82172,343.45,0.62,0.54,2023-08-27,1154,N,VIIRS,n,2,303.24,5.84,D,0
41.01724,25.7991,345.94,0.62,0.54,2023-08-27,1154,N,VIIRS,n,2,304.45,24.31,D,0
41.01678,25.79176,355.99,0.62,0.54,2023-08-27,1154,N,VIIRS,n,2,304.82,59.28,D,0
41.04689,26.19796,367,0.33,0.55,2023-08-27,1154,N,VIIRS,h,2,309.01,28.42,D,0
41.04642,26.19019,367,0.33,0.55,2023-08-27,1154,N,VIIRS,h,2,306.33,19.07,D,0
41.04619,26.18632,367,0.33,0.55,2023-08-27,1154,N,VIIRS,h,2,306.79,19.07,D,0
41.04739,26.20626,332.7,0.33,0.55,2023-08-27,1154,N,VIIRS,n,2,300.69,12.04,D,0
41.04713,26.20201,355.27,0.33,0.55,2023-08-27,1154,N,VIIRS,n,2,302.88,12.04,D,0
41.04665,26.19403,342.63,0.33,0.55,2023-08-27,1154,N,VIIRS,n,2,306.83,28.42,D,0
41.05134,26.18624,367,0.33,0.55,2023-08-27,1154,N,VIIRS,h,2,305.39,5.38,D,0
41.0538,26.22705,333.51,0.33,0.55,2023-08-27,1154,N,VIIRS,n,2,296.8,6.33,D,0
41.05252,26.20594,355.73,0.33,0.55,2023-08-27,1154,N,VIIRS,n,2,303.88,5.96,D,0
41.05228,26.2019,348.62,0.33,0.55,2023-08-27,1154,N,VIIRS,n,2,302.84,5.96,D,0
41.05205,26.19804,351.53,0.33,0.55,2023-08-27,1154,N,VIIRS,n,2,301.11,7.5,D,0
41.05158,26.19023,338.17,0.33,0.55,2023-08-27,1154,N,VIIRS,n,2,302.59,5.38,D,0
41.0511,26.1822,340.97,0.33,0.55,2023-08-27,1154,N,VIIRS,n,2,302.41,3.98,D,0
41.05913,26.22992,367,0.33,0.55,2023-08-27,1154,N,VIIRS,h,2,308.5,6.33,D,0
41.05646,26.1857,336.94,0.33,0.55,2023-08-27,1154,N,VIIRS,n,2,302.14,5.38,D,0
41.06402,26.22537,330.7,0.33,0.55,2023-08-27,1154,N,VIIRS,n,2,303.35,2.84,D,0
41.0638,26.22172,330.75,0.33,0.55,2023-08-27,1154,N,VIIRS,l,2,304.04,2.7,D,0
41.06154,26.18457,336.71,0.33,0.55,2023-08-27,1154,N,VIIRS,n,2,303.21,2.81,D,0
41.06916,26.22496,343.88,0.33,0.55,2023-08-27,1154,N,VIIRS,n,2,304.93,2.84,D,0
41.06252,25.95352,350.4,0.63,0.54,2023-08-27,1154,N,VIIRS,n,2,299.7,13.89,D,0
41.05569,26.2303,367,0.33,0.55,2023-08-27,1154,N,VIIRS,h,2,306.92,4.51,D,0
41.05547,26.2262,339.96,0.33,0.55,2023-08-27,1154,N,VIIRS,n,2,299.08,4.51,D,0
41.05434,26.20538,346.75,0.33,0.55,2023-08-27,1154,N,VIIRS,n,2,301.93,3.11,D,0
41.05412,26.20133,338.02,0.33,0.55,2023-08-27,1154,N,VIIRS,n,2,302.73,3.11,D,0
41.06079,26.22905,356.43,0.33,0.55,2023-08-27,1154,N,VIIRS,n,2,305.25,4.51,D,0
41.07209,25.94751,305.86,0.38,0.36,2023-08-28,0012,N,VIIRS,n,2,290.64,1.2,N,0
41.04943,26.19377,308.82,0.38,0.36,2023-08-28,0012,N,VIIRS,n,2,291.77,1.16,N,0
41.04295,26.17579,326.16,0.38,0.36,2023-08-28,0012,N,VIIRS,n,2,290.46,2.17,N,0
41.04223,26.18032,301.32,0.38,0.36,2023-08-28,0012,N,VIIRS,n,2,290.69,0.85,N,0
41.05599,26.19559,309.22,0.38,0.36,2023-08-28,0012,N,VIIRS,n,2,290.95,0.79,N,0
41.08193,26.22646,308.19,0.38,0.36,2023-08-28,0012,N,VIIRS,n,2,291.82,1,N,0
41.1273,26.0261,313.54,0.38,0.36,2023-08-28,0012,N,VIIRS,n,2,288.35,1.16,N,0
41.13445,26.08953,303.52,0.38,0.36,2023-08-28,0012,N,VIIRS,n,2,291.08,0.91,N,0
41.05271,26.19468,320.89,0.38,0.36,2023-08-28,0012,N,VIIRS,n,2,292.31,1.16,N,0
41.13516,26.085,303.98,0.38,0.36,2023-08-28,0012,N,VIIRS,n,2,290.79,1.06,N,0
41.14315,26.07773,308.22,0.38,0.36,2023-08-28,0012,N,VIIRS,n,2,290.65,0.88,N,0
41.14386,26.07318,299.87,0.38,0.36,2023-08-28,0012,N,VIIRS,n,2,289.78,0.88,N,0
41.14458,26.06865,301.04,0.38,0.36,2023-08-28,0012,N,VIIRS,n,2,290.14,0.75,N,0
41.14786,26.06955,302.6,0.38,0.36,2023-08-28,0012,N,VIIRS,n,2,289.41,0.75,N,0
41.14929,26.06048,299.75,0.38,0.36,2023-08-28,0012,N,VIIRS,n,2,288.82,0.84,N,0
41.15256,26.06138,298.8,0.38,0.36,2023-08-28,0012,N,VIIRS,n,2,288,0.29,N,0
41.02994,25.82273,304.38,0.38,0.36,2023-08-28,0012,N,VIIRS,n,2,291.22,1.01,N,0
41.03177,25.89871,307.06,0.38,0.36,2023-08-28,0012,N,VIIRS,n,2,290.99,1.64,N,0
41.05753,25.95298,318.38,0.38,0.36,2023-08-28,0012,N,VIIRS,n,2,291.94,2.47,N,0
41.05682,25.95751,324.88,0.38,0.36,2023-08-28,0012,N,VIIRS,n,2,292.49,2.12,N,0
41.06152,25.94935,310.99,0.38,0.36,2023-08-28,0012,N,VIIRS,n,2,290.68,1.45,N,0
39.35437,22.98299,307.61,0.41,0.37,2023-08-28,0013,N,VIIRS,n,2,294.22,1.5,N,2
38.1284,23.52538,310.22,0.39,0.37,2023-08-28,0013,N,VIIRS,n,2,293.43,1.42,N,2
38.37524,24.06026,310.17,0.39,0.36,2023-08-28,0013,N,VIIRS,n,2,293.72,0.9,N,3
41.13639,26.11496,344.94,0.76,0.77,2023-08-28,0955,N,VIIRS,n,2,294.85,11.86,D,0
41.13207,26.11346,348.85,0.76,0.77,2023-08-28,0955,N,VIIRS,n,2,295.68,9.78,D,0
41.15076,26.06838,345.46,0.56,0.43,2023-08-28,1135,N,VIIRS,n,2,305.89,13.16,D,0
41.13976,26.07919,346.69,0.56,0.43,2023-08-28,1135,N,VIIRS,n,2,314.08,25.14,D,0
41.14046,26.08628,335.34,0.56,0.43,2023-08-28,1135,N,VIIRS,l,2,306.2,25.14,D,0
41.13582,26.08015,335.16,0.56,0.43,2023-08-28,1135,N,VIIRS,l,2,305.38,9.06,D,0
41.13652,26.08719,353.49,0.56,0.43,2023-08-28,1135,N,VIIRS,n,2,307.58,9.06,D,0
41.13789,26.10112,336.93,0.56,0.43,2023-08-28,1135,N,VIIRS,n,2,306.17,50.19,D,0
41.13461,26.10875,332.74,0.56,0.43,2023-08-28,1135,N,VIIRS,n,2,302.47,7.57,D,0
41.13529,26.11567,334.46,0.56,0.43,2023-08-28,1135,N,VIIRS,n,2,304.87,7.57,D,0
41.07063,25.94722,331.87,0.55,0.43,2023-08-28,1135,N,VIIRS,l,2,302.56,3.76,D,0
41.07177,25.948,331.83,0.55,0.43,2023-08-28,1135,N,VIIRS,l,2,303.2,7.85,D,0
39.16896,22.84183,339.19,0.41,0.37,2023-08-28,1135,N,VIIRS,l,2,310,3.91,D,2
41.04821,26.1933,338.04,0.56,0.43,2023-08-28,1135,N,VIIRS,l,2,310.25,8.99,D,0
41.04948,25.9255,332.1,0.55,0.43,2023-08-28,1135,N,VIIRS,l,2,302.72,5.66,D,0
41.1409,26.08415,312.61,0.48,0.4,2023-08-28,2353,N,VIIRS,n,2,291.31,1.24,N,0
41.15008,26.06996,320.99,0.48,0.4,2023-08-28,2353,N,VIIRS,n,2,289.01,3.82,N,0
41.14946,26.07528,339.16,0.48,0.4,2023-08-28,2353,N,VIIRS,n,2,292.7,3.82,N,0
41.14579,26.07444,309.6,0.48,0.4,2023-08-28,2353,N,VIIRS,n,2,289.12,1.74,N,0
41.14518,26.07972,302.4,0.48,0.4,2023-08-28,2353,N,VIIRS,n,2,289.6,1.24,N,0
41.14456,26.08508,308.62,0.48,0.4,2023-08-28,2353,N,VIIRS,n,2,291.24,1.24,N,0
41.14393,26.09054,317.57,0.48,0.4,2023-08-28,2353,N,VIIRS,n,2,291.77,1.89,N,0
41.14329,26.09607,312.23,0.48,0.4,2023-08-28,2353,N,VIIRS,n,2,290.55,1.89,N,0
41.14135,26.1128,298.29,0.48,0.4,2023-08-28,2353,N,VIIRS,n,2,288.15,0.49,N,0
41.14026,26.08963,314.14,0.48,0.4,2023-08-28,2353,N,VIIRS,n,2,291.43,1.89,N,0
41.13658,26.08882,304.2,0.48,0.4,2023-08-28,2353,N,VIIRS,n,2,289.83,1.17,N,0
41.06837,25.94544,307.73,0.49,0.4,2023-08-28,2353,N,VIIRS,n,2,291.19,1,N,0
41.06103,25.94333,301.2,0.49,0.4,2023-08-28,2353,N,VIIRS,n,2,289.62,0.79,N,0
41.05668,25.94822,301.68,0.49,0.4,2023-08-28,2353,N,VIIRS,n,2,289.36,1.24,N,0
41.05599,25.95424,310.01,0.49,0.4,2023-08-28,2353,N,VIIRS,n,2,292.08,1.24,N,0
41.05531,25.96013,301.37,0.49,0.4,2023-08-28,2353,N,VIIRS,n,2,290.63,1.01,N,0
41.05306,25.91359,311.59,0.49,0.4,2023-08-28,2353,N,VIIRS,n,2,290.37,1.14,N,0
39.16949,22.84291,306.66,0.43,0.46,2023-08-28,2354,N,VIIRS,n,2,282.39,1.87,N,2
38.12901,23.5235,314.14,0.39,0.44,2023-08-28,2354,N,VIIRS,n,2,294.79,0.98,N,2
41.14631,26.08372,335.44,0.39,0.36,2023-08-29,1116,N,VIIRS,n,2,301.45,4.04,D,0
41.14232,26.07988,344.82,0.39,0.36,2023-08-29,1116,N,VIIRS,n,2,306.27,4.04,D,0
41.14299,26.0846,335.22,0.39,0.36,2023-08-29,1116,N,VIIRS,n,2,301.58,4.04,D,0
41.13966,26.10984,340.43,0.39,0.36,2023-08-29,1116,N,VIIRS,n,2,304.18,10.96,D,0
41.13699,26.11536,331.74,0.39,0.36,2023-08-29,1116,N,VIIRS,l,2,305.83,2.37,D,0
41.07806,25.9415,356.68,0.39,0.36,2023-08-29,1116,N,VIIRS,n,2,300.19,19.54,D,0
41.07475,25.94238,356.2,0.39,0.36,2023-08-29,1116,N,VIIRS,n,2,306.05,19.54,D,0
41.07539,25.94692,354.33,0.39,0.36,2023-08-29,1116,N,VIIRS,n,2,315.34,19.54,D,0
41.07079,25.93869,330.31,0.39,0.36,2023-08-29,1116,N,VIIRS,n,2,297.77,2.02,D,0
41.07144,25.94325,335.16,0.39,0.36,2023-08-29,1116,N,VIIRS,n,2,300.74,5.64,D,0
41.06748,25.93956,332.09,0.39,0.36,2023-08-29,1116,N,VIIRS,n,2,297.4,2.02,D,0
41.06812,25.94414,341.1,0.39,0.36,2023-08-29,1116,N,VIIRS,n,2,303.23,5.64,D,0
41.06481,25.94503,338.2,0.39,0.36,2023-08-29,1116,N,VIIRS,n,2,302.16,4.12,D,0
41.06084,25.94127,332.34,0.39,0.36,2023-08-29,1116,N,VIIRS,n,2,296.01,2.41,D,0
41.0615,25.9459,335.71,0.39,0.36,2023-08-29,1116,N,VIIRS,n,2,299.42,4.12,D,0
41.05818,25.94677,332.18,0.39,0.36,2023-08-29,1116,N,VIIRS,n,2,296.63,2.39,D,0
40.86312,22.67657,347.26,0.4,0.37,2023-08-29,1116,N,VIIRS,n,2,300.03,4.05,D,0
41.14563,26.07896,339.55,0.39,0.36,2023-08-29,1116,N,VIIRS,n,2,306.65,4.04,D,0
41.0846,26.23459,346.56,0.39,0.37,2023-08-29,1116,N,VIIRS,n,2,298.89,10.59,D,0
41.08126,26.23538,340.45,0.39,0.37,2023-08-29,1116,N,VIIRS,n,2,299.04,10.59,D,0
41.01799,25.8085,347.82,0.39,0.36,2023-08-29,1116,N,VIIRS,n,2,295.67,8.88,D,0
38.27469,23.65407,338.54,0.4,0.37,2023-08-29,1116,N,VIIRS,l,2,309.7,1.68,D,0
38.27546,23.6586,335.6,0.4,0.37,2023-08-29,1116,N,VIIRS,l,2,309.13,1.68,D,0
40.86231,22.67185,341.42,0.4,0.37,2023-08-29,1116,N,VIIRS,n,2,299.94,4.05,D,0
41.14707,26.08017,342.47,0.39,0.36,2023-08-29,1116,N,VIIRS,n,2,304.88,7.32,D,0
40.85815,22.66813,338.81,0.4,0.37,2023-08-29,1116,N,VIIRS,n,2,300.34,3.17,D,0
41.15306,26.07364,349.29,0.39,0.36,2023-08-29,1116,N,VIIRS,n,2,305.28,8.72,D,0
41.1524,26.06888,367,0.39,0.36,2023-08-29,1116,N,VIIRS,h,2,307.38,8.72,D,0
41.14973,26.07451,341.79,0.39,0.36,2023-08-29,1116,N,VIIRS,n,2,307.73,8.02,D,0
41.1504,26.0793,338.58,0.39,0.36,2023-08-29,1116,N,VIIRS,n,2,304.83,7.32,D,0
41.1457,26.09681,303.45,0.54,0.51,2023-08-29,2334,N,VIIRS,n,2,290.42,2.55,N,0
41.16103,26.08152,323.47,0.54,0.51,2023-08-29,2334,N,VIIRS,n,2,290.63,5.8,N,0
41.15925,26.10592,320.01,0.54,0.51,2023-08-29,2334,N,VIIRS,n,2,291.27,2.36,N,0
41.16143,26.07594,313.57,0.54,0.51,2023-08-29,2334,N,VIIRS,n,2,290.41,5.8,N,0
41.13923,26.12072,311.11,0.53,0.5,2023-08-29,2334,N,VIIRS,n,2,289.64,0.86,N,0
41.14103,26.09581,303.68,0.54,0.51,2023-08-29,2334,N,VIIRS,n,2,290.01,0.88,N,0
41.14388,26.12194,304.34,0.53,0.5,2023-08-29,2334,N,VIIRS,n,2,290.08,1.42,N,0
41.16905,26.10151,303.46,0.54,0.51,2023-08-29,2334,N,VIIRS,n,2,289.86,1.63,N,0
41.14436,26.11526,309.65,0.54,0.5,2023-08-29,2334,N,VIIRS,n,2,290.86,2.24,N,0
41.16438,26.1006,315.68,0.54,0.51,2023-08-29,2334,N,VIIRS,n,2,290.73,1.63,N,0
41.14901,26.11644,311.18,0.54,0.5,2023-08-29,2334,N,VIIRS,n,2,291.28,2.24,N,0
41.1508,26.09176,301.71,0.54,0.51,2023-08-29,2334,N,VIIRS,n,2,290.55,1.93,N,0
41.1546,26.10474,306.7,0.54,0.51,2023-08-29,2334,N,VIIRS,n,2,290.53,2.36,N,0
41.15634,26.08086,338.84,0.54,0.51,2023-08-29,2334,N,VIIRS,n,2,292.33,5.8,N,0
41.16951,26.09519,301.92,0.54,0.51,2023-08-29,2334,N,VIIRS,n,2,289.75,1.55,N,0
41.15673,26.07536,319.15,0.54,0.51,2023-08-29,2334,N,VIIRS,n,2,290.28,5.8,N,0
41.15548,26.09259,301.32,0.54,0.51,2023-08-29,2334,N,VIIRS,n,2,289.84,1.4,N,0
41.05037,25.9535,304.61,0.54,0.51,2023-08-29,2334,N,VIIRS,n,2,289.46,0.95,N,0
38.37324,24.05995,305.33,0.32,0.55,2023-08-29,2335,N,VIIRS,n,2,294.05,0.85,N,2
41.15909,26.07887,301.4,0.54,0.68,2023-08-30,0115,N,VIIRS,n,2,287.71,0.97,N,0
41.15588,26.11092,298.85,0.54,0.68,2023-08-30,0115,N,VIIRS,n,2,287.98,0.99,N,0
41.15155,26.10994,298.83,0.54,0.68,2023-08-30,0115,N,VIIRS,n,2,287.63,1.77,N,0
41.15509,26.07623,299.02,0.54,0.68,2023-08-30,0115,N,VIIRS,n,2,287.48,1.04,N,0
41.14758,26.11542,299.28,0.54,0.68,2023-08-30,0115,N,VIIRS,n,2,288.15,0.99,N,0
41.15223,26.07877,339.93,0.43,0.38,2023-08-30,1058,N,VIIRS,l,2,311.29,7.06,D,0
41.17061,26.09947,348.37,0.43,0.38,2023-08-30,1058,N,VIIRS,n,2,309.25,12.06,D,0
41.17241,26.10932,349.19,0.43,0.38,2023-08-30,1058,N,VIIRS,n,2,305.08,53.42,D,0
41.17331,26.11421,345.97,0.43,0.38,2023-08-30,1058,N,VIIRS,n,2,303.26,252.42,D,0
41.17606,26.12922,346.41,0.43,0.38,2023-08-30,1058,N,VIIRS,n,2,297.39,124.38,D,0
41.17699,26.13436,334.34,0.43,0.38,2023-08-30,1058,N,VIIRS,n,2,293.75,3.09,D,0
41.17512,26.12413,367,0.43,0.38,2023-08-30,1058,N,VIIRS,h,2,355.12,124.38,D,0
41.16439,26.0854,306.52,0.43,0.38,2023-08-30,1058,N,VIIRS,l,2,307.35,25.69,D,0
41.17168,26.12518,367,0.43,0.38,2023-08-30,1058,N,VIIRS,l,2,325.01,124.38,D,0
41.1635,26.08056,344.85,0.43,0.38,2023-08-30,1058,N,VIIRS,n,2,302.55,10.7,D,0
41.16529,26.09034,355.19,0.43,0.38,2023-08-30,1058,N,VIIRS,n,2,314.25,25.69,D,0
41.16623,26.09541,351.04,0.43,0.38,2023-08-30,1058,N,VIIRS,n,2,306.84,12.06,D,0
41.16716,26.1005,342.82,0.43,0.38,2023-08-30,1058,N,VIIRS,n,2,310.88,12.06,D,0
41.16808,26.10552,353.59,0.43,0.38,2023-08-30,1058,N,VIIRS,n,2,306.15,53.42,D,0
41.1726,26.13023,344.36,0.43,0.38,2023-08-30,1058,N,VIIRS,n,2,296.5,124.38,D,0
41.17354,26.13537,331.54,0.43,0.38,2023-08-30,1058,N,VIIRS,n,2,291.34,3.09,D,0
41.16987,26.11532,367,0.43,0.38,2023-08-30,1058,N,VIIRS,h,2,327.93,252.42,D,0
41.17076,26.1202,367,0.43,0.38,2023-08-30,1058,N,VIIRS,h,2,375.33,252.42,D,0
41.16005,26.08159,348.35,0.43,0.38,2023-08-30,1058,N,VIIRS,n,2,305.8,64.43,D,0
41.16093,26.08644,348.75,0.43,0.38,2023-08-30,1058,N,VIIRS,n,2,308.18,13.03,D,0
41.16184,26.09137,353.88,0.43,0.38,2023-08-30,1058,N,VIIRS,n,2,311.63,13.03,D,0
41.16276,26.09641,353.39,0.43,0.38,2023-08-30,1058,N,VIIRS,n,2,309.63,18.97,D,0
41.16463,26.10656,353.52,0.43,0.38,2023-08-30,1058,N,VIIRS,n,2,310.15,10.7,D,0
41.16553,26.11151,356.89,0.43,0.38,2023-08-30,1058,N,VIIRS,n,2,309.9,10.7,D,0
41.16823,26.12626,353.7,0.43,0.38,2023-08-30,1058,N,VIIRS,n,2,312.05,22.63,D,0
41.16915,26.13126,343.99,0.43,0.38,2023-08-30,1058,N,VIIRS,n,2,286.3,22.63,D,0
41.16644,26.11642,367,0.43,0.38,2023-08-30,1058,N,VIIRS,h,2,341.48,61.28,D,0
41.16733,26.12133,367,0.43,0.38,2023-08-30,1058,N,VIIRS,h,2,348.94,61.28,D,0
41.16389,26.12244,351.15,0.43,0.38,2023-08-30,1058,N,VIIRS,l,2,329.26,61.28,D,0
41.16117,26.10758,346.97,0.43,0.38,2023-08-30,1058,N,VIIRS,n,2,309.01,10.7,D,0
41.16209,26.11258,351.07,0.43,0.38,2023-08-30,1058,N,VIIRS,n,2,310.47,10.7,D,0
41.16299,26.11752,348.41,0.43,0.38,2023-08-30,1058,N,VIIRS,n,2,315.04,61.28,D,0
41.16478,26.12731,344.98,0.43,0.38,2023-08-30,1058,N,VIIRS,n,2,299.56,22.63,D,0
41.15839,26.09243,367,0.43,0.38,2023-08-30,1058,N,VIIRS,h,2,308.19,13.03,D,0
41.16969,26.09442,334.95,0.43,0.38,2023-08-30,1058,N,VIIRS,l,2,306.94,12.06,D,0
41.15313,26.08364,339.78,0.43,0.38,2023-08-30,1058,N,VIIRS,n,2,307.38,7.06,D,0
41.1577,26.10853,344.13,0.43,0.38,2023-08-30,1058,N,VIIRS,n,2,310.17,4.89,D,0
41.15863,26.11358,350.17,0.43,0.38,2023-08-30,1058,N,VIIRS,n,2,310.05,4.89,D,0
41.16045,26.12353,354.52,0.43,0.38,2023-08-30,1058,N,VIIRS,n,2,323,17.76,D,0
41.15955,26.1186,367,0.43,0.38,2023-08-30,1058,N,VIIRS,h,2,315.98,17.76,D,0
41.15423,26.10949,340.74,0.43,0.38,2023-08-30,1058,N,VIIRS,n,2,308.45,4.89,D,0
41.15517,26.11457,348.52,0.43,0.38,2023-08-30,1058,N,VIIRS,n,2,308.62,4.89,D,0
41.15611,26.11969,346.27,0.43,0.38,2023-08-30,1058,N,VIIRS,n,2,311.5,17.76,D,0
41.15701,26.1246,347.82,0.43,0.38,2023-08-30,1058,N,VIIRS,n,2,311.04,17.76,D,0
41.15171,26.11557,341.72,0.43,0.38,2023-08-30,1058,N,VIIRS,n,2,306.03,7.5,D,0
41.15265,26.1207,345.1,0.43,0.38,2023-08-30,1058,N,VIIRS,n,2,306.86,36.94,D,0
41.15356,26.12566,336.81,0.43,0.38,2023-08-30,1058,N,VIIRS,n,2,302.76,36.94,D,0
41.15011,26.1267,339,0.43,0.38,2023-08-30,1058,N,VIIRS,n,2,306.32,36.94,D,0
41.14919,26.1217,367,0.43,0.38,2023-08-30,1058,N,VIIRS,h,2,330.6,36.94,D,0
41.14479,26.11755,342.03,0.43,0.38,2023-08-30,1058,N,VIIRS,n,2,309.32,40.16,D,0
41.14573,26.12268,367,0.43,0.38,2023-08-30,1058,N,VIIRS,h,2,364.17,437.4,D,0
41.05352,26.19717,340.04,0.43,0.38,2023-08-30,1058,N,VIIRS,n,2,306.71,9.81,D,0
41.11099,24.11608,343.43,0.51,0.41,2023-08-30,1058,N,VIIRS,n,2,301.57,4.94,D,0
41.18018,26.11197,334.21,0.43,0.38,2023-08-30,1058,N,VIIRS,n,2,293.23,82.49,D,0
41.1811,26.11698,355.64,0.43,0.38,2023-08-30,1058,N,VIIRS,n,2,291.02,82.49,D,0
41.18202,26.12204,354.22,0.43,0.38,2023-08-30,1058,N,VIIRS,n,2,291,118.88,D,0
41.18296,26.12716,334.05,0.43,0.38,2023-08-30,1058,N,VIIRS,n,2,292.45,118.88,D,0
41.17857,26.12308,367,0.43,0.38,2023-08-30,1058,N,VIIRS,l,2,333.45,118.88,D,0
41.17405,26.09836,341.65,0.43,0.38,2023-08-30,1058,N,VIIRS,n,2,303.91,32.37,D,0
41.17675,26.11308,341.64,0.43,0.38,2023-08-30,1058,N,VIIRS,n,2,300.02,82.49,D,0
41.17951,26.1282,341.36,0.43,0.38,2023-08-30,1058,N,VIIRS,n,2,297.91,118.88,D,0
41.17421,26.11914,367,0.43,0.38,2023-08-30,1058,N,VIIRS,l,2,364.12,252.42,D,0
41.16875,26.08932,347.58,0.43,0.38,2023-08-30,1058,N,VIIRS,n,2,300.36,25.69,D,0
39.13207,22.50783,367,0.78,0.78,2023-08-30,1238,N,VIIRS,h,2,308.05,52.15,D,0
41.20037,26.20661,356.47,0.47,0.64,2023-08-30,2315,N,VIIRS,n,2,293,16.07,N,0
41.20193,26.15741,304.74,0.47,0.64,2023-08-30,2315,N,VIIRS,n,2,290.68,1.82,N,0
41.19729,26.11288,301.74,0.47,0.64,2023-08-30,2315,N,VIIRS,n,2,290.43,1.34,N,0
41.20672,26.19608,329.85,0.47,0.64,2023-08-30,2315,N,VIIRS,n,2,292.24,14.41,N,0
41.20858,26.13774,335.83,0.47,0.64,2023-08-30,2315,N,VIIRS,n,2,291.96,4.6,N,0
41.21236,26.20736,303.14,0.47,0.64,2023-08-30,2315,N,VIIRS,n,2,290.9,3.02,N,0
41.21393,26.15866,317.14,0.47,0.64,2023-08-30,2315,N,VIIRS,n,2,291.57,4.86,N,0
41.21359,26.16954,332.04,0.47,0.64,2023-08-30,2315,N,VIIRS,n,2,293.59,4.98,N,0
41.21375,26.16433,320.02,0.47,0.64,2023-08-30,2315,N,VIIRS,n,2,292.33,4.86,N,0
41.21818,26.21309,319.17,0.47,0.64,2023-08-30,2315,N,VIIRS,n,2,290.49,3.12,N,0
41.21873,26.19629,303.41,0.47,0.64,2023-08-30,2315,N,VIIRS,n,2,291.37,1.42,N,0
41.21891,26.19082,310.78,0.47,0.64,2023-08-30,2315,N,VIIRS,n,2,292.14,1.42,N,0
41.21836,26.20751,330.14,0.47,0.64,2023-08-30,2315,N,VIIRS,n,2,292.3,3.02,N,0
41.21926,26.18018,322.23,0.47,0.64,2023-08-30,2315,N,VIIRS,n,2,294.42,5.35,N,0
41.21942,26.17501,328.3,0.47,0.64,2023-08-30,2315,N,VIIRS,n,2,295.52,4.98,N,0
41.21959,26.16974,336.63,0.47,0.64,2023-08-30,2315,N,VIIRS,n,2,294.96,4.98,N,0
41.22416,26.2139,308.67,0.47,0.64,2023-08-30,2315,N,VIIRS,n,2,290.93,4.08,N,0
41.22435,26.20826,304.25,0.47,0.64,2023-08-30,2315,N,VIIRS,n,2,290.93,2.84,N,0
41.22472,26.1969,321.99,0.47,0.64,2023-08-30,2315,N,VIIRS,n,2,292.7,4.63,N,0
41.20055,26.20106,367,0.47,0.64,2023-08-30,2315,N,VIIRS,h,2,298.03,16.07,N,0
41.20073,26.19543,367,0.47,0.64,2023-08-30,2315,N,VIIRS,h,2,297.08,14.41,N,0
41.19611,26.15119,310.91,0.47,0.64,2023-08-30,2315,N,VIIRS,n,2,290.75,3.07,N,0
41.19594,26.15652,309.9,0.47,0.64,2023-08-30,2315,N,VIIRS,n,2,290.69,1.55,N,0
41.19508,26.18377,316.75,0.47,0.64,2023-08-30,2315,N,VIIRS,n,2,293.27,20.84,N,0
41.19491,26.1893,316.43,0.47,0.64,2023-08-30,2315,N,VIIRS,n,2,292.6,6,N,0
41.19474,26.19487,310.12,0.47,0.64,2023-08-30,2315,N,VIIRS,n,2,291.97,6,N,0
41.18925,26.17793,367,0.47,0.64,2023-08-30,2315,N,VIIRS,h,2,298.28,20.84,N,0
41.18908,26.18353,354.27,0.47,0.64,2023-08-30,2315,N,VIIRS,n,2,303.83,20.84,N,0
41.1889,26.18923,342.28,0.47,0.64,2023-08-30,2315,N,VIIRS,n,2,294.17,6,N,0
41.18995,26.15545,306.14,0.47,0.64,2023-08-30,2315,N,VIIRS,n,2,291.2,1.55,N,0
41.18942,26.1725,308.83,0.47,0.64,2023-08-30,2315,N,VIIRS,n,2,290.98,9.28,N,0
41.1836,26.16605,322.36,0.47,0.64,2023-08-30,2315,N,VIIRS,n,2,293.46,37.49,N,0
41.18343,26.17181,367,0.47,0.64,2023-08-30,2315,N,VIIRS,h,2,302.5,37.49,N,0
41.18325,26.1774,367,0.47,0.64,2023-08-30,2315,N,VIIRS,h,2,296.05,18.44,N,0
41.18308,26.18313,342.75,0.47,0.64,2023-08-30,2315,N,VIIRS,n,2,292.66,18.44,N,0
41.2009,26.18982,322.83,0.47,0.64,2023-08-30,2315,N,VIIRS,n,2,292.35,14.41,N,0
41.20176,26.16275,320.74,0.47,0.64,2023-08-30,2315,N,VIIRS,n,2,290.73,1.82,N,0
41.20636,26.20718,326.68,0.47,0.64,2023-08-30,2315,N,VIIRS,n,2,292.66,16.07,N,0
41.20654,26.20166,367,0.47,0.64,2023-08-30,2315,N,VIIRS,h,2,296.1,16.07,N,0
41.18378,26.16033,306.05,0.47,0.64,2023-08-30,2315,N,VIIRS,n,2,291.78,15.89,N,0
41.17794,26.15444,327.04,0.47,0.64,2023-08-30,2315,N,VIIRS,n,2,292.99,15.89,N,0
41.17777,26.15983,367,0.47,0.64,2023-08-30,2315,N,VIIRS,h,2,299.25,15.89,N,0
41.1776,26.16537,356.14,0.47,0.64,2023-08-30,2315,N,VIIRS,n,2,302.35,37.49,N,0
41.17743,26.171,367,0.47,0.64,2023-08-30,2315,N,VIIRS,h,2,298.15,37.49,N,0
41.17727,26.17662,356.95,0.47,0.64,2023-08-30,2315,N,VIIRS,n,2,292.75,18.44,N,0
41.17826,26.14358,304.08,0.47,0.64,2023-08-30,2315,N,VIIRS,n,2,290.91,2.19,N,0
41.1781,26.14898,307.55,0.47,0.64,2023-08-30,2315,N,VIIRS,n,2,291.02,2.19,N,0
41.17208,26.14882,367,0.47,0.64,2023-08-30,2315,N,VIIRS,h,2,296.58,22.21,N,0
41.17192,26.15433,367,0.47,0.64,2023-08-30,2315,N,VIIRS,h,2,300.61,61.01,N,0
41.17176,26.15977,351.09,0.47,0.64,2023-08-30,2315,N,VIIRS,n,2,300.41,61.01,N,0
41.17159,26.16524,335.28,0.47,0.64,2023-08-30,2315,N,VIIRS,n,2,293.04,42.89,N,0
41.17143,26.17069,325.15,0.47,0.64,2023-08-30,2315,N,VIIRS,n,2,288.66,42.89,N,0
41.17406,26.08241,315.06,0.48,0.64,2023-08-30,2315,N,VIIRS,n,2,291.63,1.98,N,0
41.17244,26.13709,303.79,0.47,0.64,2023-08-30,2315,N,VIIRS,n,2,290.72,10.11,N,0
41.17225,26.14308,316.48,0.47,0.64,2023-08-30,2315,N,VIIRS,n,2,291.93,22.21,N,0
41.17127,26.17593,303.79,0.47,0.64,2023-08-30,2315,N,VIIRS,n,2,288.8,2.55,N,0
41.16644,26.13586,328.53,0.47,0.64,2023-08-30,2315,N,VIIRS,n,2,287.73,10.11,N,0
41.16626,26.14213,367,0.47,0.64,2023-08-30,2315,N,VIIRS,h,2,288.46,22.21,N,0
41.16608,26.14815,351.08,0.47,0.64,2023-08-30,2315,N,VIIRS,n,2,288.9,22.21,N,0
41.16591,26.15378,351.67,0.47,0.64,2023-08-30,2315,N,VIIRS,n,2,288.6,61.01,N,0
41.16575,26.15934,324.14,0.47,0.64,2023-08-30,2315,N,VIIRS,n,2,288.99,61.01,N,0
41.16816,26.07742,305.44,0.48,0.64,2023-08-30,2315,N,VIIRS,n,2,290.63,1.98,N,0
41.16787,26.08735,309.62,0.48,0.64,2023-08-30,2315,N,VIIRS,n,2,291.57,2.44,N,0
41.16558,26.16487,308.44,0.47,0.64,2023-08-30,2315,N,VIIRS,n,2,288.84,42.89,N,0
41.15443,26.13424,324.79,0.47,0.64,2023-08-30,2315,N,VIIRS,n,2,291.05,2.19,N,0
41.15458,26.12922,307.42,0.47,0.64,2023-08-30,2315,N,VIIRS,n,2,291.7,2.19,N,0
41.2249,26.19139,338.33,0.47,0.64,2023-08-30,2315,N,VIIRS,n,2,293.73,4.63,N,0
41.23032,26.20928,328.4,0.47,0.64,2023-08-30,2315,N,VIIRS,n,2,291.6,2.84,N,0
41.23051,26.2036,318.01,0.47,0.64,2023-08-30,2315,N,VIIRS,n,2,291.85,2.84,N,0
41.15869,26.13453,303.92,0.47,0.64,2023-08-30,2316,N,VIIRS,n,2,285.64,4.7,N,0
41.15284,26.12905,302.56,0.47,0.64,2023-08-30,2316,N,VIIRS,n,2,291.36,7.49,N,0
41.15249,26.13948,308.67,0.47,0.64,2023-08-30,2316,N,VIIRS,n,2,289.7,4.06,N,0
41.14665,26.13399,342.63,0.47,0.64,2023-08-30,2316,N,VIIRS,n,2,291.7,4.06,N,0
41.14647,26.13921,303.36,0.47,0.64,2023-08-30,2316,N,VIIRS,n,2,290.26,4.06,N,0
41.17045,26.14275,348.38,0.47,0.64,2023-08-30,2316,N,VIIRS,n,2,292.77,5.87,N,0
41.17508,26.18173,301.78,0.47,0.64,2023-08-30,2316,N,VIIRS,n,2,289.97,4.31,N,0
41.17626,26.14876,309.87,0.47,0.64,2023-08-30,2316,N,VIIRS,n,2,291.08,40.06,N,0
41.17645,26.14328,305.26,0.47,0.64,2023-08-30,2316,N,VIIRS,n,2,291.3,5.87,N,0
41.17528,26.17615,343.66,0.47,0.64,2023-08-30,2316,N,VIIRS,n,2,290.31,16.55,N,0
41.17548,26.17066,367,0.47,0.64,2023-08-30,2316,N,VIIRS,h,2,290.75,16.55,N,0
41.17567,26.1651,347.17,0.47,0.64,2023-08-30,2316,N,VIIRS,n,2,303.6,73.19,N,0
41.17587,26.15963,367,0.47,0.64,2023-08-30,2316,N,VIIRS,h,2,301.31,73.19,N,0
41.17606,26.15423,342.22,0.47,0.64,2023-08-30,2316,N,VIIRS,n,2,295.27,40.06,N,0
41.18106,26.1827,319.62,0.47,0.64,2023-08-30,2316,N,VIIRS,n,2,292.68,22.41,N,0
41.18188,26.1599,308.63,0.47,0.64,2023-08-30,2316,N,VIIRS,n,2,291.77,8.8,N,0
41.18208,26.15443,303.98,0.47,0.64,2023-08-30,2316,N,VIIRS,n,2,291.17,1.59,N,0
41.18369,26.10932,305.26,0.47,0.64,2023-08-30,2316,N,VIIRS,n,2,290.92,1.19,N,0
41.18746,26.17209,328.38,0.47,0.64,2023-08-30,2316,N,VIIRS,n,2,293.66,34.34,N,0
41.18726,26.17751,367,0.47,0.64,2023-08-30,2316,N,VIIRS,h,2,298.28,34.34,N,0
41.18705,26.18315,351.75,0.47,0.64,2023-08-30,2316,N,VIIRS,n,2,305.11,22.41,N,0
41.18127,26.17692,351.19,0.47,0.64,2023-08-30,2316,N,VIIRS,n,2,296.91,34.34,N,0
41.18685,26.18889,367,0.47,0.64,2023-08-30,2316,N,VIIRS,h,2,294.78,22.41,N,0
41.18808,26.15493,304.86,0.47,0.64,2023-08-30,2316,N,VIIRS,n,2,291.07,1.59,N,0
41.18766,26.16644,309.71,0.47,0.64,2023-08-30,2316,N,VIIRS,n,2,291.44,8.8,N,0
41.18168,26.16551,342.44,0.47,0.64,2023-08-30,2316,N,VIIRS,n,2,295.44,8.8,N,0
41.18148,26.17125,367,0.47,0.64,2023-08-30,2316,N,VIIRS,h,2,303.66,34.34,N,0
41.17005,26.15405,367,0.47,0.64,2023-08-30,2316,N,VIIRS,h,2,298.28,40.06,N,0
41.16986,26.15955,354.75,0.47,0.64,2023-08-30,2316,N,VIIRS,n,2,295.9,73.19,N,0
41.16967,26.16498,350.39,0.47,0.64,2023-08-30,2316,N,VIIRS,n,2,290.83,73.19,N,0
41.16468,26.1354,305.83,0.47,0.64,2023-08-30,2316,N,VIIRS,n,2,283.79,4.7,N,0
41.16425,26.14775,340.48,0.47,0.64,2023-08-30,2316,N,VIIRS,n,2,286.17,5.58,N,0
41.16446,26.14161,339.78,0.47,0.64,2023-08-30,2316,N,VIIRS,n,2,278.7,4.7,N,0
41.16928,26.17561,302.17,0.47,0.64,2023-08-30,2316,N,VIIRS,n,2,288.85,16.55,N,0
41.16947,26.17039,315.43,0.47,0.64,2023-08-30,2316,N,VIIRS,n,2,288.92,16.55,N,0
41.17067,26.13658,307.05,0.47,0.64,2023-08-30,2316,N,VIIRS,n,2,290.73,5.87,N,0
41.17237,26.08754,303.89,0.48,0.64,2023-08-30,2316,N,VIIRS,n,2,291.7,1.57,N,0
41.17255,26.08237,312.51,0.48,0.64,2023-08-30,2316,N,VIIRS,n,2,291.5,1.57,N,0
41.17274,26.07701,303.08,0.48,0.64,2023-08-30,2316,N,VIIRS,n,2,290.52,1.51,N,0
41.17024,26.14853,367,0.47,0.64,2023-08-30,2316,N,VIIRS,h,2,295.21,40.06,N,0
41.16405,26.15346,308.23,0.47,0.64,2023-08-30,2316,N,VIIRS,n,2,286.77,5.58,N,0
41.16385,26.15903,305.29,0.47,0.64,2023-08-30,2316,N,VIIRS,n,2,287.95,1.27,N,0
41.16366,26.16453,301.81,0.47,0.64,2023-08-30,2316,N,VIIRS,n,2,289.13,1.27,N,0
41.15267,26.13408,348.75,0.47,0.64,2023-08-30,2316,N,VIIRS,n,2,294.9,4.06,N,0
41.16738,26.17852,313.34,0.32,0.55,2023-08-31,0056,N,VIIRS,n,2,293.23,7.68,N,0
41.14431,26.12749,304.93,0.32,0.55,2023-08-31,0056,N,VIIRS,n,2,291.74,1.47,N,0
41.14329,26.13141,320.25,0.32,0.55,2023-08-31,0056,N,VIIRS,n,2,292.95,1.21,N,0
41.14711,26.13743,336.15,0.32,0.55,2023-08-31,0056,N,VIIRS,n,2,292.89,2.14,N,0
41.14815,26.13346,320.78,0.32,0.55,2023-08-31,0056,N,VIIRS,n,2,293.17,2.14,N,0
41.15287,26.13604,319.71,0.32,0.55,2023-08-31,0056,N,VIIRS,n,2,293.25,2.14,N,0
41.15392,26.132,304.94,0.32,0.55,2023-08-31,0056,N,VIIRS,n,2,292.24,2.21,N,0
41.16736,26.08024,306.59,0.32,0.54,2023-08-31,0056,N,VIIRS,n,2,291.6,1.77,N,0
41.17204,26.08292,309.15,0.32,0.54,2023-08-31,0056,N,VIIRS,n,2,292.08,2.13,N,0
41.15869,26.13438,327.47,0.32,0.55,2023-08-31,0056,N,VIIRS,n,2,292.53,8.16,N,0
41.16171,26.14351,312.79,0.32,0.55,2023-08-31,0056,N,VIIRS,n,2,292.47,6.45,N,0
41.17669,26.08568,310.42,0.32,0.54,2023-08-31,0056,N,VIIRS,n,2,292.6,2.13,N,0
41.16263,26.13998,367,0.32,0.55,2023-08-31,0056,N,VIIRS,h,2,298.48,6.45,N,0
41.16356,26.13638,367,0.32,0.55,2023-08-31,0056,N,VIIRS,h,2,302.29,8.16,N,0
41.16454,26.13261,322.71,0.32,0.55,2023-08-31,0056,N,VIIRS,n,2,292.4,8.16,N,0
41.1627,26.16048,307.83,0.32,0.55,2023-08-31,0056,N,VIIRS,n,2,291.92,66.58,N,0
41.1637,26.15664,338.09,0.32,0.55,2023-08-31,0056,N,VIIRS,n,2,292.19,66.58,N,0
41.16469,26.15282,344.56,0.32,0.55,2023-08-31,0056,N,VIIRS,n,2,295.51,46.78,N,0
41.16567,26.14902,367,0.32,0.55,2023-08-31,0056,N,VIIRS,h,2,295.27,46.78,N,0
41.16664,26.14528,345.69,0.32,0.55,2023-08-31,0056,N,VIIRS,n,2,295.02,4.78,N,0
41.16758,26.14166,323.63,0.32,0.55,2023-08-31,0056,N,VIIRS,n,2,293.72,4.78,N,0
41.1635,26.17822,304.93,0.32,0.55,2023-08-31,0056,N,VIIRS,n,2,292.85,1.33,N,0
41.16451,26.17434,309.38,0.32,0.55,2023-08-31,0056,N,VIIRS,n,2,292.43,1.33,N,0
41.16552,26.17044,316.13,0.32,0.55,2023-08-31,0056,N,VIIRS,n,2,293.01,9.06,N,0
41.1715,26.14731,306.09,0.32,0.55,2023-08-31,0056,N,VIIRS,n,2,292.01,4.78,N,0
41.18116,26.11001,306.43,0.32,0.54,2023-08-31,0056,N,VIIRS,n,2,292.17,1.07,N,0
41.16652,26.16656,340.96,0.32,0.55,2023-08-31,0056,N,VIIRS,n,2,293.75,9.06,N,0
41.16752,26.1627,333.29,0.32,0.55,2023-08-31,0056,N,VIIRS,n,2,304.68,66.58,N,0
41.16952,26.15498,367,0.32,0.55,2023-08-31,0056,N,VIIRS,h,2,312.78,46.78,N,0
41.17052,26.15114,338.52,0.32,0.55,2023-08-31,0056,N,VIIRS,n,2,294.42,46.78,N,0
41.16628,26.18833,304.47,0.32,0.55,2023-08-31,0056,N,VIIRS,n,2,292.62,1.1,N,0
41.16727,26.18453,308.19,0.32,0.55,2023-08-31,0056,N,VIIRS,n,2,292.99,1.1,N,0
41.16824,26.18075,313.83,0.32,0.55,2023-08-31,0056,N,VIIRS,n,2,293.5,65.95,N,0
41.17429,26.1574,319.79,0.32,0.55,2023-08-31,0056,N,VIIRS,n,2,294.67,1.82,N,0
41.17528,26.15356,309.03,0.32,0.55,2023-08-31,0056,N,VIIRS,n,2,291.91,1.82,N,0
41.16925,26.17686,328.84,0.32,0.55,2023-08-31,0056,N,VIIRS,n,2,295.61,65.95,N,0
41.17231,26.16506,367,0.32,0.55,2023-08-31,0056,N,VIIRS,h,2,308.2,42.47,N,0
41.17329,26.16124,332.21,0.32,0.55,2023-08-31,0056,N,VIIRS,n,2,295.22,42.47,N,0
41.17011,26.1944,305.01,0.32,0.55,2023-08-31,0056,N,VIIRS,n,2,292.73,2.15,N,0
41.17109,26.19065,309.48,0.32,0.55,2023-08-31,0056,N,VIIRS,n,2,293.02,1.1,N,0
41.17207,26.18683,318.59,0.32,0.55,2023-08-31,0056,N,VIIRS,n,2,294.24,1.1,N,0
41.17903,26.1599,305.5,0.32,0.55,2023-08-31,0056,N,VIIRS,n,2,292.24,1.82,N,0
41.17307,26.18297,350.08,0.32,0.55,2023-08-31,0056,N,VIIRS,n,2,297.49,65.95,N,0
41.17609,26.17131,367,0.32,0.55,2023-08-31,0056,N,VIIRS,h,2,319.77,623.17,N,0
41.17707,26.16751,367,0.32,0.55,2023-08-31,0056,N,VIIRS,h,2,300.65,42.47,N,0
41.17804,26.16374,333.48,0.32,0.55,2023-08-31,0056,N,VIIRS,n,2,295.52,42.47,N,0
41.17581,26.08574,310.76,0.64,0.54,2023-08-31,0056,N,VIIRS,n,2,292.25,2.34,N,0
41.16366,26.17214,308.11,0.32,0.55,2023-08-31,0056,N,VIIRS,n,2,292.93,7.68,N,0
41.16468,26.16828,312.6,0.32,0.55,2023-08-31,0056,N,VIIRS,n,2,293.53,76.31,N,0
41.17078,26.14533,305.03,0.32,0.55,2023-08-31,0056,N,VIIRS,n,2,291.79,3.38,N,0
41.18067,26.10805,311.49,0.32,0.54,2023-08-31,0056,N,VIIRS,n,2,292.11,0.97,N,0
41.16571,26.16443,330.3,0.32,0.55,2023-08-31,0056,N,VIIRS,n,2,294.16,76.31,N,0
41.16877,26.15292,353.73,0.32,0.55,2023-08-31,0056,N,VIIRS,n,2,310.25,35.32,N,0
41.16978,26.14909,338.44,0.32,0.55,2023-08-31,0056,N,VIIRS,n,2,293.75,35.32,N,0
41.16637,26.18232,307.77,0.32,0.55,2023-08-31,0056,N,VIIRS,n,2,292.59,4.34,N,0
41.17456,26.15143,313.88,0.32,0.55,2023-08-31,0056,N,VIIRS,n,2,292.01,35.32,N,0
41.16842,26.17459,330.16,0.32,0.55,2023-08-31,0056,N,VIIRS,n,2,294.82,7.68,N,0
41.1705,26.16675,367,0.32,0.55,2023-08-31,0056,N,VIIRS,h,2,334.2,76.31,N,0
41.17152,26.16291,367,0.32,0.55,2023-08-31,0056,N,VIIRS,h,2,312.35,145.46,N,0
41.17254,26.15908,333.17,0.32,0.55,2023-08-31,0056,N,VIIRS,n,2,294.82,145.46,N,0
41.17355,26.15525,321.07,0.32,0.55,2023-08-31,0056,N,VIIRS,n,2,294.79,35.32,N,0
41.17014,26.18849,310.46,0.32,0.55,2023-08-31,0056,N,VIIRS,n,2,293.61,1.77,N,0
41.17115,26.18469,319.94,0.32,0.55,2023-08-31,0056,N,VIIRS,n,2,295.31,1.77,N,0
41.17829,26.15775,306.48,0.32,0.55,2023-08-31,0056,N,VIIRS,n,2,292.2,2.65,N,0
41.1904,26.11205,303.17,0.32,0.54,2023-08-31,0056,N,VIIRS,n,2,291.19,0.71,N,0
41.17217,26.18085,367,0.32,0.55,2023-08-31,0056,N,VIIRS,h,2,297.66,147.96,N,0
41.17527,26.16916,367,0.32,0.55,2023-08-31,0056,N,VIIRS,h,2,312.3,143.27,N,0
41.17627,26.16539,351.66,0.32,0.55,2023-08-31,0056,N,VIIRS,n,2,298.06,6.75,N,0
41.17727,26.16161,323.04,0.32,0.55,2023-08-31,0056,N,VIIRS,n,2,294.33,6.75,N,0
41.17408,26.19408,307.57,0.32,0.55,2023-08-31,0056,N,VIIRS,n,2,293.17,2.97,N,0
41.17508,26.19028,311.1,0.32,0.55,2023-08-31,0056,N,VIIRS,n,2,293.84,1.77,N,0
41.17609,26.18647,318.88,0.32,0.55,2023-08-31,0056,N,VIIRS,n,2,294.95,1.77,N,0
41.18209,26.16382,307.86,0.32,0.55,2023-08-31,0056,N,VIIRS,n,2,292.64,6.75,N,0
41.17709,26.1827,347.44,0.32,0.55,2023-08-31,0056,N,VIIRS,n,2,300.35,147.96,N,0
41.17909,26.17516,367,0.32,0.55,2023-08-31,0056,N,VIIRS,h,2,315.38,143.27,N,0
41.18009,26.17138,350.82,0.32,0.55,2023-08-31,0056,N,VIIRS,n,2,299.61,143.27,N,0
41.18109,26.1676,322.63,0.32,0.55,2023-08-31,0056,N,VIIRS,n,2,294.85,6.75,N,0
41.17596,26.20739,308.23,0.32,0.55,2023-08-31,0056,N,VIIRS,n,2,293.31,19.64,N,0
41.17698,26.20357,310.88,0.32,0.55,2023-08-31,0056,N,VIIRS,n,2,293.62,19.64,N,0
41.17799,26.19977,314.39,0.32,0.55,2023-08-31,0056,N,VIIRS,n,2,294.29,74.94,N,0
41.18599,26.16951,306.7,0.32,0.55,2023-08-31,0056,N,VIIRS,n,2,292.34,2.97,N,0
41.179,26.19593,343.64,0.32,0.55,2023-08-31,0056,N,VIIRS,n,2,294.82,74.94,N,0
41.18001,26.19211,331.37,0.32,0.55,2023-08-31,0056,N,VIIRS,n,2,301.37,63.72,N,0
41.18101,26.18836,353.56,0.32,0.55,2023-08-31,0056,N,VIIRS,n,2,306.99,63.72,N,0
41.18198,26.18467,354.19,0.32,0.55,2023-08-31,0056,N,VIIRS,n,2,309.33,24.05,N,0
41.18296,26.18097,367,0.32,0.55,2023-08-31,0056,N,VIIRS,h,2,302.58,24.05,N,0
41.18396,26.17719,367,0.32,0.55,2023-08-31,0056,N,VIIRS,h,2,301.89,10.12,N,0
41.18498,26.17334,342.61,0.32,0.55,2023-08-31,0056,N,VIIRS,n,2,295,10.12,N,0
41.17669,26.22511,305.61,0.32,0.55,2023-08-31,0056,N,VIIRS,n,2,292.76,1.68,N,0
41.17775,26.22111,311.65,0.32,0.55,2023-08-31,0056,N,VIIRS,n,2,293.42,1.68,N,0
41.17878,26.21724,313.67,0.32,0.55,2023-08-31,0056,N,VIIRS,n,2,293.66,4.57,N,0
41.19487,26.15633,304.16,0.32,0.55,2023-08-31,0056,N,VIIRS,n,2,291.66,0.85,N,0
41.19593,26.15235,310.11,0.32,0.55,2023-08-31,0056,N,VIIRS,n,2,291.71,0.85,N,0
41.17978,26.21344,320.43,0.32,0.55,2023-08-31,0056,N,VIIRS,n,2,294.11,4.57,N,0
41.18079,26.20961,339.65,0.32,0.55,2023-08-31,0056,N,VIIRS,n,2,294.89,19.64,N,0
41.18181,26.20577,338.25,0.32,0.55,2023-08-31,0056,N,VIIRS,n,2,299.57,19.64,N,0
41.18283,26.20192,367,0.32,0.55,2023-08-31,0056,N,VIIRS,h,2,317.38,74.94,N,0
41.18484,26.19429,339.42,0.32,0.55,2023-08-31,0056,N,VIIRS,n,2,335.28,63.72,N,0
41.18583,26.19057,367,0.32,0.55,2023-08-31,0056,N,VIIRS,h,2,310.73,63.72,N,0
41.18681,26.18688,367,0.32,0.55,2023-08-31,0056,N,VIIRS,h,2,301.97,24.05,N,0
41.18779,26.18316,367,0.32,0.55,2023-08-31,0056,N,VIIRS,h,2,299.48,24.05,N,0
41.18879,26.17938,331.3,0.32,0.55,2023-08-31,0056,N,VIIRS,n,2,294.2,10.12,N,0
41.18042,26.23155,306.47,0.32,0.55,2023-08-31,0056,N,VIIRS,n,2,292.66,1.56,N,0
41.1815,26.22746,310.82,0.32,0.55,2023-08-31,0056,N,VIIRS,n,2,293.17,1.5,N,0
41.18255,26.22345,318.66,0.32,0.55,2023-08-31,0056,N,VIIRS,n,2,294.76,1.5,N,0
41.19357,26.18173,306.67,0.32,0.55,2023-08-31,0056,N,VIIRS,n,2,292.7,4.18,N,0
41.19975,26.15833,307.75,0.32,0.55,2023-08-31,0056,N,VIIRS,n,2,291.8,1.65,N,0
41.18359,26.21952,332.2,0.32,0.55,2023-08-31,0056,N,VIIRS,n,2,296.7,25.27,N,0
41.18462,26.21564,353.54,0.32,0.55,2023-08-31,0056,N,VIIRS,n,2,302.45,25.27,N,0
41.19061,26.19298,367,0.32,0.55,2023-08-31,0056,N,VIIRS,h,2,309.97,86.02,N,0
41.19158,26.18928,367,0.32,0.55,2023-08-31,0056,N,VIIRS,h,2,300.85,9.77,N,0
41.19257,26.18553,345.89,0.32,0.55,2023-08-31,0056,N,VIIRS,n,2,295.41,9.77,N,0
41.18518,26.23403,306.85,0.32,0.55,2023-08-31,0056,N,VIIRS,n,2,292.31,1.56,N,0
41.18623,26.23006,312.15,0.32,0.55,2023-08-31,0056,N,VIIRS,n,2,293.16,1.5,N,0
41.18728,26.22607,319.15,0.32,0.55,2023-08-31,0056,N,VIIRS,n,2,293.99,1.5,N,0
41.19736,26.18789,313.27,0.32,0.55,2023-08-31,0056,N,VIIRS,n,2,292.77,9.77,N,0
41.20356,26.16436,306.92,0.32,0.55,2023-08-31,0056,N,VIIRS,n,2,291.5,1.52,N,0
41.18834,26.22206,330.76,0.32,0.55,2023-08-31,0056,N,VIIRS,n,2,295.21,25.27,N,0
41.18938,26.21812,367,0.32,0.55,2023-08-31,0056,N,VIIRS,h,2,297.9,25.27,N,0
41.19139,26.2105,335.2,0.32,0.55,2023-08-31,0056,N,VIIRS,n,2,329.55,854.59,N,0
41.19239,26.20672,352.03,0.32,0.55,2023-08-31,0056,N,VIIRS,n,2,311.34,295.57,N,0
41.19338,26.20298,367,0.32,0.55,2023-08-31,0056,N,VIIRS,h,2,301.61,295.57,N,0
41.19436,26.19926,325.09,0.32,0.55,2023-08-31,0056,N,VIIRS,n,2,294.42,86.02,N,0
41.19534,26.19554,340.24,0.32,0.55,2023-08-31,0056,N,VIIRS,n,2,294.94,86.02,N,0
41.19635,26.19172,330.5,0.32,0.55,2023-08-31,0056,N,VIIRS,n,2,294.12,9.77,N,0
41.19409,26.22081,311.55,0.32,0.55,2023-08-31,0056,N,VIIRS,n,2,294.02,4.07,N,0
41.19611,26.21314,316.26,0.32,0.55,2023-08-31,0056,N,VIIRS,n,2,294.44,8.77,N,0
41.21049,26.15854,312.75,0.32,0.55,2023-08-31,0056,N,VIIRS,n,2,293.23,2.06,N,0
41.1951,26.217,320.68,0.32,0.55,2023-08-31,0056,N,VIIRS,n,2,294.28,8.77,N,0
41.19714,26.20924,338.44,0.32,0.55,2023-08-31,0056,N,VIIRS,n,2,294.6,25.8,N,0
41.19817,26.20534,347.39,0.32,0.55,2023-08-31,0056,N,VIIRS,n,2,295.97,25.8,N,0
41.19918,26.20148,367,0.32,0.55,2023-08-31,0056,N,VIIRS,h,2,299.32,8.4,N,0
41.20019,26.19766,338.53,0.32,0.55,2023-08-31,0056,N,VIIRS,n,2,296.56,8.4,N,0
41.20948,26.16236,325.86,0.32,0.55,2023-08-31,0056,N,VIIRS,n,2,292.25,2.06,N,0
41.19994,26.21917,309.03,0.32,0.55,2023-08-31,0056,N,VIIRS,n,2,294.25,8.77,N,0
41.21324,26.16861,312.42,0.32,0.55,2023-08-31,0056,N,VIIRS,n,2,294.31,2.85,N,0
41.20098,26.21521,350.91,0.32,0.55,2023-08-31,0056,N,VIIRS,n,2,297.5,8.77,N,0
41.20201,26.2113,346.95,0.32,0.55,2023-08-31,0056,N,VIIRS,n,2,313.34,25.8,N,0
41.20303,26.20743,367,0.32,0.55,2023-08-31,0056,N,VIIRS,h,2,301.43,25.8,N,0
41.20404,26.20358,367,0.32,0.55,2023-08-31,0056,N,VIIRS,h,2,296.97,8.4,N,0
41.20504,26.19977,345.89,0.32,0.55,2023-08-31,0056,N,VIIRS,n,2,294.97,8.4,N,0
41.21429,26.16462,340.31,0.32,0.55,2023-08-31,0056,N,VIIRS,n,2,295.16,2.06,N,0
41.21526,26.16092,323.13,0.32,0.55,2023-08-31,0056,N,VIIRS,n,2,294.26,2.06,N,0
41.20477,26.22139,309.98,0.32,0.55,2023-08-31,0056,N,VIIRS,n,2,294.97,11.1,N,0
41.20884,26.20592,310.72,0.32,0.55,2023-08-31,0056,N,VIIRS,n,2,292.78,5.12,N,0
41.21693,26.1751,307.41,0.32,0.55,2023-08-31,0056,N,VIIRS,n,2,294.19,1.76,N,0
41.21899,26.16725,309.39,0.32,0.55,2023-08-31,0056,N,VIIRS,n,2,292.83,1.9,N,0
41.2058,26.21747,353.92,0.32,0.55,2023-08-31,0056,N,VIIRS,n,2,302.46,11.1,N,0
41.20682,26.21359,367,0.32,0.55,2023-08-31,0056,N,VIIRS,h,2,302.41,15.75,N,0
41.20783,26.20974,325.38,0.32,0.55,2023-08-31,0056,N,VIIRS,n,2,293.76,15.75,N,0
41.21798,26.17109,322.56,0.32,0.55,2023-08-31,0056,N,VIIRS,n,2,294.15,1.76,N,0
41.22065,26.18152,314.85,0.32,0.55,2023-08-31,0056,N,VIIRS,n,2,295.08,3.2,N,0
41.2136,26.20836,367,0.32,0.55,2023-08-31,0056,N,VIIRS,h,2,295.02,5.12,N,0
41.22169,26.17753,327.43,0.32,0.55,2023-08-31,0056,N,VIIRS,n,2,295.38,1.76,N,0
41.21738,26.21458,316.14,0.32,0.55,2023-08-31,0056,N,VIIRS,n,2,292.46,2.12,N,0
41.22235,26.19562,313.72,0.32,0.55,2023-08-31,0056,N,VIIRS,n,2,294.37,1.68,N,0
41.21838,26.21077,330.29,0.32,0.55,2023-08-31,0056,N,VIIRS,n,2,294.37,5.14,N,0
41.22338,26.1917,330.98,0.32,0.55,2023-08-31,0056,N,VIIRS,n,2,294.91,1.68,N,0
41.22123,26.22052,318.69,0.32,0.55,2023-08-31,0056,N,VIIRS,n,2,292.14,2.12,N,0
41.22626,26.20133,315.12,0.32,0.55,2023-08-31,0056,N,VIIRS,n,2,293.41,2.79,N,0
41.22725,26.19754,313.13,0.32,0.55,2023-08-31,0056,N,VIIRS,n,2,293.16,1.68,N,0
41.22224,26.21669,331.96,0.32,0.55,2023-08-31,0056,N,VIIRS,n,2,293.97,2.12,N,0
41.22716,26.21855,310.48,0.32,0.55,2023-08-31,0056,N,VIIRS,n,2,291.68,1.08,N,0
41.22816,26.2147,308.82,0.32,0.55,2023-08-31,0056,N,VIIRS,n,2,291.32,1.46,N,0
41.23115,26.20329,304.54,0.32,0.55,2023-08-31,0056,N,VIIRS,n,2,292.51,1.98,N,0
41.22917,26.21086,327.2,0.32,0.55,2023-08-31,0056,N,VIIRS,n,2,292.76,1.46,N,0
41.17694,22.63039,338.38,0.33,0.55,2023-08-31,1039,N,VIIRS,n,2,301.75,12.23,D,0
39.3783,22.91434,355.06,0.36,0.57,2023-08-31,1039,N,VIIRS,n,2,306.26,4.09,D,0
41.17049,22.64765,367,0.33,0.55,2023-08-31,1039,N,VIIRS,h,2,299.32,14.95,D,0
41.16943,22.64357,354.08,0.33,0.55,2023-08-31,1039,N,VIIRS,n,2,304.81,15.74,D,0
41.17545,22.64569,367,0.33,0.55,2023-08-31,1039,N,VIIRS,h,2,307.53,140.82,D,0
41.17212,22.63287,331.48,0.33,0.55,2023-08-31,1039,N,VIIRS,n,2,301.04,12.23,D,0
41.1743,22.6311,331.94,0.33,0.55,2023-08-31,1039,N,VIIRS,n,2,302.03,19.46,D,0
41.17434,22.64145,367,0.33,0.55,2023-08-31,1039,N,VIIRS,l,2,336.57,79.95,D,0
41.17805,22.63466,346.57,0.33,0.55,2023-08-31,1039,N,VIIRS,n,2,315.7,79.95,D,0
41.17774,22.644,338.15,0.33,0.55,2023-08-31,1039,N,VIIRS,n,2,297.5,35.92,D,0
41.17659,22.63966,353.45,0.33,0.55,2023-08-31,1039,N,VIIRS,n,2,321.4,48.48,D,0
37.11685,22.03386,367,0.4,0.6,2023-08-31,1218,N,VIIRS,h,2,309.37,25.02,D,0
37.12242,22.03342,367,0.4,0.6,2023-08-31,1218,N,VIIRS,h,2,307.17,31.9,D,0
37.12217,22.02883,355.31,0.4,0.6,2023-08-31,1218,N,VIIRS,n,2,306.74,17.71,D,0
37.11661,22.02932,346.83,0.4,0.6,2023-08-31,1218,N,VIIRS,n,2,303.16,10.37,D,0
41.17644,22.65024,367,0.46,0.63,2023-08-31,1219,N,VIIRS,h,2,301.44,119.36,D,0
41.1759,22.63531,355.53,0.46,0.63,2023-08-31,1219,N,VIIRS,n,2,305.41,22.75,D,0
41.17625,22.645,367,0.46,0.63,2023-08-31,1219,N,VIIRS,l,2,348.34,115.66,D,0
41.16443,22.64679,367,0.46,0.63,2023-08-31,1219,N,VIIRS,h,2,303.83,14.83,D,0
41.16423,22.64141,351.46,0.46,0.63,2023-08-31,1219,N,VIIRS,n,2,300.12,14.83,D,0
41.17034,22.64582,367,0.46,0.63,2023-08-31,1219,N,VIIRS,h,2,306,14.83,D,0
41.17015,22.64066,367,0.46,0.63,2023-08-31,1219,N,VIIRS,h,2,307.79,14.83,D,0
41.17053,22.65121,350.32,0.46,0.63,2023-08-31,1219,N,VIIRS,n,2,297.92,19.96,D,0
41.16997,22.63565,345.14,0.46,0.63,2023-08-31,1219,N,VIIRS,n,2,300.07,9.5,D,0
41.17607,22.64014,338.73,0.46,0.63,2023-08-31,1219,N,VIIRS,n,2,312.51,115.66,D,0
41.22997,26.18151,329.55,0.7,0.75,2023-08-31,1220,N,VIIRS,n,2,291.04,6.44,D,0
41.17358,22.64306,367,0.46,0.63,2023-08-31,1220,N,VIIRS,h,2,309.04,136.85,D,0
41.17374,22.6482,367,0.46,0.63,2023-08-31,1220,N,VIIRS,h,2,310.73,136.85,D,0
41.1795,22.64257,367,0.46,0.63,2023-08-31,1220,N,VIIRS,l,2,353.62,136.85,D,0
41.17966,22.6475,367,0.46,0.63,2023-08-31,1220,N,VIIRS,h,2,305.87,136.85,D,0
41.17327,22.63321,339.41,0.46,0.63,2023-08-31,1220,N,VIIRS,n,2,300.63,49.92,D,0
41.1675,22.63866,340.72,0.46,0.63,2023-08-31,1220,N,VIIRS,n,2,300.8,13.4,D,0
41.16766,22.64387,367,0.46,0.63,2023-08-31,1220,N,VIIRS,h,2,309.8,18.67,D,0
41.16174,22.64478,343.54,0.46,0.63,2023-08-31,1220,N,VIIRS,n,2,299.92,18.67,D,0
41.17342,22.63812,367,0.46,0.63,2023-08-31,1220,N,VIIRS,h,2,308.2,49.92,D,0
41.15993,26.17204,333.19,0.57,0.43,2023-09-01,0037,N,VIIRS,n,2,290.34,3.6,N,0
41.15791,26.20093,342.31,0.57,0.43,2023-09-01,0037,N,VIIRS,n,2,292.34,5.69,N,0
41.1618,26.20237,311.43,0.57,0.43,2023-09-01,0037,N,VIIRS,n,2,290.37,4.65,N,0
41.16325,26.19565,313.44,0.57,0.43,2023-09-01,0037,N,VIIRS,n,2,287.11,8.21,N,0
41.16573,26.20366,328.44,0.57,0.43,2023-09-01,0037,N,VIIRS,n,2,291.27,4.65,N,0
41.16716,26.197,331.86,0.57,0.43,2023-09-01,0037,N,VIIRS,n,2,293.44,8.21,N,0
41.20623,26.23918,302.5,0.38,0.43,2023-09-01,0037,N,VIIRS,n,2,289.11,1.53,N,0
41.19825,26.27562,310.67,0.38,0.43,2023-09-01,0037,N,VIIRS,n,2,290.09,3.35,N,0
41.1953,26.26982,324.46,0.38,0.43,2023-09-01,0037,N,VIIRS,n,2,290.54,1.9,N,0
41.20946,26.2052,305.39,0.57,0.43,2023-09-01,0037,N,VIIRS,n,2,288.3,1.81,N,0
41.21183,26.21361,322.94,0.57,0.43,2023-09-01,0037,N,VIIRS,n,2,290.03,4.05,N,0
41.20797,26.21201,317.44,0.57,0.43,2023-09-01,0037,N,VIIRS,n,2,289.34,2.11,N,0
41.20351,26.23239,306.47,0.57,0.43,2023-09-01,0037,N,VIIRS,n,2,289.39,1.8,N,0
41.19629,26.26531,314.41,0.38,0.43,2023-09-01,0037,N,VIIRS,n,2,290.73,1.9,N,0
41.19433,26.27425,308.99,0.38,0.43,2023-09-01,0037,N,VIIRS,n,2,289.9,1.08,N,0
41.19238,26.26394,323.98,0.38,0.43,2023-09-01,0037,N,VIIRS,n,2,291.59,1.9,N,0
41.19139,26.26844,312.62,0.38,0.43,2023-09-01,0037,N,VIIRS,n,2,290.43,1.9,N,0
41.18747,26.26706,343.62,0.38,0.43,2023-09-01,0037,N,VIIRS,n,2,293.26,6.13,N,0
41.1865,26.2715,311.3,0.38,0.43,2023-09-01,0037,N,VIIRS,n,2,290.25,1.57,N,0
41.19057,26.23379,310.22,0.38,0.43,2023-09-01,0037,N,VIIRS,n,2,290.57,3.14,N,0
41.18752,26.24764,302.79,0.38,0.43,2023-09-01,0037,N,VIIRS,n,2,290.3,1.96,N,0
41.18795,26.22652,320.84,0.57,0.43,2023-09-01,0037,N,VIIRS,n,2,291.05,9.79,N,0
41.18411,26.22484,334.68,0.57,0.43,2023-09-01,0037,N,VIIRS,n,2,293.79,9.79,N,0
41.20605,26.21152,317.81,0.57,0.43,2023-09-01,0037,N,VIIRS,n,2,288.76,2.35,N,0
41.18535,26.26911,337.12,0.38,0.44,2023-09-01,0037,N,VIIRS,n,2,291.97,2.98,N,0
41.18631,26.26463,317.73,0.38,0.43,2023-09-01,0037,N,VIIRS,n,2,290.73,2.98,N,0
41.18829,26.2357,332.05,0.38,0.43,2023-09-01,0037,N,VIIRS,n,2,292.49,3.9,N,0
41.18927,26.23113,308.45,0.38,0.43,2023-09-01,0037,N,VIIRS,n,2,290.11,3.33,N,0
41.17654,26.25125,320.81,0.38,0.43,2023-09-01,0037,N,VIIRS,n,2,291.82,2.55,N,0
41.18254,26.22324,309.81,0.38,0.43,2023-09-01,0037,N,VIIRS,n,2,291.23,19.87,N,0
41.1785,26.24213,318.58,0.38,0.43,2023-09-01,0037,N,VIIRS,n,2,292.41,1.38,N,0
41.17751,26.2467,309.09,0.38,0.43,2023-09-01,0037,N,VIIRS,n,2,291.18,1.38,N,0
41.17767,26.22633,337.55,0.38,0.43,2023-09-01,0037,N,VIIRS,n,2,293.16,7.77,N,0
41.17562,26.23587,339.28,0.38,0.43,2023-09-01,0037,N,VIIRS,n,2,293.16,5.4,N,0
41.17463,26.24051,341.98,0.38,0.43,2023-09-01,0037,N,VIIRS,n,2,296.62,15.29,N,0
41.17268,26.2496,325.16,0.38,0.43,2023-09-01,0037,N,VIIRS,n,2,292.52,3.21,N,0
41.17665,26.23109,319.29,0.38,0.43,2023-09-01,0037,N,VIIRS,n,2,291.25,5.4,N,0
41.17365,26.24506,316.61,0.38,0.43,2023-09-01,0037,N,VIIRS,n,2,292.1,15.29,N,0
41.17476,26.22028,333.04,0.38,0.43,2023-09-01,0037,N,VIIRS,n,2,291.9,7.77,N,0
41.17376,26.22494,347.22,0.38,0.43,2023-09-01,0037,N,VIIRS,n,2,295.32,7.77,N,0
41.17275,26.22966,332.34,0.38,0.43,2023-09-01,0037,N,VIIRS,n,2,291.95,5.4,N,0
41.17075,26.23895,351.95,0.38,0.43,2023-09-01,0037,N,VIIRS,n,2,301.3,15.29,N,0
41.16978,26.24347,349.4,0.38,0.43,2023-09-01,0037,N,VIIRS,n,2,295.37,15.29,N,0
41.16881,26.248,345.52,0.38,0.43,2023-09-01,0037,N,VIIRS,n,2,294.01,3.21,N,0
41.16784,26.25252,321.79,0.38,0.43,2023-09-01,0037,N,VIIRS,n,2,291.15,3.21,N,0
41.17599,26.21457,306.55,0.57,0.43,2023-09-01,0037,N,VIIRS,n,2,290.18,2.25,N,0
41.17174,26.23437,309.98,0.38,0.43,2023-09-01,0037,N,VIIRS,n,2,290.6,5.4,N,0
41.17209,26.21314,338.45,0.57,0.43,2023-09-01,0037,N,VIIRS,n,2,292.79,9.87,N,0
41.16686,26.2375,336.85,0.38,0.43,2023-09-01,0037,N,VIIRS,n,2,291.04,10.26,N,0
41.136,26.12751,303.47,0.57,0.43,2023-09-01,0037,N,VIIRS,n,2,289.64,2.06,N,0
41.13844,26.1356,309.06,0.57,0.43,2023-09-01,0037,N,VIIRS,n,2,290.26,3.67,N,0
41.13207,26.1843,305.05,0.57,0.43,2023-09-01,0037,N,VIIRS,n,2,290.5,9.76,N,0
41.13358,26.17733,344.72,0.57,0.43,2023-09-01,0037,N,VIIRS,n,2,289.42,9.76,N,0
41.2157,26.21514,327.56,0.57,0.43,2023-09-01,0037,N,VIIRS,n,2,291.06,4.05,N,0
41.14085,26.14381,325.36,0.57,0.43,2023-09-01,0037,N,VIIRS,n,2,291.08,3.18,N,0
41.20704,26.27405,308.4,0.38,0.43,2023-09-01,0037,N,VIIRS,n,2,291.08,0.99,N,0
41.21089,26.27571,307.96,0.38,0.43,2023-09-01,0037,N,VIIRS,n,2,289.91,0.99,N,0
41.21189,26.27117,304.99,0.38,0.43,2023-09-01,0037,N,VIIRS,n,2,290.06,0.99,N,0
41.21678,26.26805,301.48,0.38,0.43,2023-09-01,0037,N,VIIRS,n,2,289.86,1.16,N,0
41.21877,26.25891,304.39,0.38,0.43,2023-09-01,0037,N,VIIRS,n,2,289.33,1.52,N,0
41.14474,26.14522,307.58,0.57,0.43,2023-09-01,0037,N,VIIRS,n,2,288.9,3.18,N,0
41.13446,26.19266,324.03,0.57,0.43,2023-09-01,0037,N,VIIRS,n,2,291.26,6.08,N,0
41.13597,26.1857,355.57,0.57,0.43,2023-09-01,0037,N,VIIRS,n,2,294.89,9.76,N,0
41.13745,26.17886,349.93,0.57,0.43,2023-09-01,0037,N,VIIRS,n,2,297.1,9.76,N,0
41.14331,26.15181,336.95,0.57,0.43,2023-09-01,0037,N,VIIRS,n,2,289.73,8.44,N,0
41.16588,26.24204,346.58,0.38,0.43,2023-09-01,0037,N,VIIRS,n,2,294.19,10.26,N,0
41.20023,26.26658,338.44,0.38,0.43,2023-09-01,0037,N,VIIRS,n,2,290.79,4.71,N,0
41.19924,26.27114,350.61,0.38,0.43,2023-09-01,0037,N,VIIRS,n,2,292.12,4.71,N,0
41.21333,26.20676,315.55,0.57,0.43,2023-09-01,0037,N,VIIRS,n,2,288.9,2.58,N,0
41.14423,26.167,306.31,0.57,0.43,2023-09-01,0037,N,VIIRS,n,2,289.86,2.14,N,0
41.14571,26.16011,309.96,0.57,0.43,2023-09-01,0037,N,VIIRS,n,2,288.38,3.81,N,0
41.13837,26.19402,346.73,0.57,0.43,2023-09-01,0037,N,VIIRS,n,2,294.15,26.23,N,0
41.16396,26.25097,332.02,0.38,0.43,2023-09-01,0037,N,VIIRS,n,2,291.66,2.7,N,0
41.16491,26.24652,317.86,0.38,0.43,2023-09-01,0037,N,VIIRS,n,2,291.35,2.7,N,0
41.21778,26.26349,322.01,0.38,0.43,2023-09-01,0037,N,VIIRS,n,2,290.25,1.16,N,0
41.23082,26.2423,305.49,0.57,0.43,2023-09-01,0037,N,VIIRS,n,2,288.71,1.23,N,0
41.16966,26.2049,345.31,0.57,0.43,2023-09-01,0037,N,VIIRS,n,2,292.5,9.87,N,0
41.13987,26.18709,352.52,0.57,0.43,2023-09-01,0037,N,VIIRS,n,2,305.16,21.41,N,0
41.14132,26.1804,345.62,0.57,0.43,2023-09-01,0037,N,VIIRS,n,2,295.36,21.41,N,0
41.14722,26.15317,322.74,0.57,0.43,2023-09-01,0037,N,VIIRS,n,2,290.91,3.81,N,0
41.14865,26.14655,351.02,0.57,0.43,2023-09-01,0037,N,VIIRS,n,2,294.87,6.22,N,0
41.14667,26.17513,309.18,0.57,0.43,2023-09-01,0037,N,VIIRS,n,2,288.32,2.14,N,0
41.14814,26.16829,306.5,0.57,0.43,2023-09-01,0037,N,VIIRS,n,2,288.91,2.14,N,0
41.15257,26.14785,312.14,0.57,0.43,2023-09-01,0037,N,VIIRS,n,2,289.95,6.22,N,0
41.15399,26.14125,306.31,0.57,0.43,2023-09-01,0037,N,VIIRS,n,2,283.46,6.22,N,0
41.14232,26.19519,356.35,0.57,0.43,2023-09-01,0037,N,VIIRS,n,2,300.62,26.23,N,0
41.14379,26.18841,346.08,0.57,0.43,2023-09-01,0037,N,VIIRS,n,2,294.02,21.41,N,0
41.14521,26.18187,343.19,0.57,0.43,2023-09-01,0037,N,VIIRS,n,2,293.5,21.41,N,0
41.16817,26.21179,331.17,0.57,0.43,2023-09-01,0037,N,VIIRS,n,2,290.61,9.87,N,0
41.14963,26.16144,321.41,0.57,0.43,2023-09-01,0037,N,VIIRS,n,2,290.11,3.81,N,0
41.15062,26.1763,318.51,0.57,0.43,2023-09-01,0037,N,VIIRS,n,2,290.07,3.28,N,0
41.1521,26.1694,305.17,0.57,0.43,2023-09-01,0037,N,VIIRS,n,2,289.19,3.28,N,0
41.14626,26.19642,345.9,0.57,0.43,2023-09-01,0037,N,VIIRS,n,2,296.97,9.2,N,0
41.14771,26.18974,334.11,0.57,0.43,2023-09-01,0037,N,VIIRS,n,2,294.26,17.46,N,0
41.14914,26.18311,355.16,0.57,0.43,2023-09-01,0037,N,VIIRS,n,2,299.06,17.46,N,0
41.15308,26.18436,318.96,0.57,0.43,2023-09-01,0037,N,VIIRS,n,2,290.65,17.46,N,0
41.15604,26.17061,304.94,0.57,0.43,2023-09-01,0037,N,VIIRS,n,2,288.29,3.28,N,0
41.15015,26.19792,331.71,0.57,0.43,2023-09-01,0037,N,VIIRS,n,2,292.97,9.2,N,0
41.22178,26.24516,301.65,0.38,0.43,2023-09-01,0037,N,VIIRS,n,2,289.18,1.32,N,0
41.15161,26.19114,340.01,0.57,0.43,2023-09-01,0037,N,VIIRS,n,2,294.38,17.46,N,0
41.15456,26.17748,339.19,0.57,0.43,2023-09-01,0037,N,VIIRS,n,2,290.8,3.28,N,0
41.15698,26.18574,308.25,0.57,0.43,2023-09-01,0037,N,VIIRS,n,2,285.91,3.36,N,0
41.15845,26.17889,306.14,0.57,0.43,2023-09-01,0037,N,VIIRS,n,2,285.3,3.6,N,0
41.15403,26.19942,329.07,0.57,0.43,2023-09-01,0037,N,VIIRS,n,2,291.24,5.69,N,0
41.15549,26.1926,333.31,0.57,0.43,2023-09-01,0037,N,VIIRS,n,2,290.67,3.36,N,0
41.15937,26.19413,313.15,0.57,0.43,2023-09-01,0037,N,VIIRS,n,2,287.99,3.36,N,0
41.1854,26.22953,367,0.38,0.43,2023-09-01,0037,N,VIIRS,h,2,300.14,19.87,N,0
41.1844,26.2342,349.66,0.38,0.43,2023-09-01,0037,N,VIIRS,n,2,292.51,12.49,N,0
41.18339,26.23892,324.21,0.38,0.43,2023-09-01,0037,N,VIIRS,n,2,292.82,12.49,N,0
41.1864,26.22486,304.18,0.38,0.43,2023-09-01,0037,N,VIIRS,n,2,290.03,19.87,N,0
41.18238,26.24364,304.27,0.38,0.43,2023-09-01,0037,N,VIIRS,n,2,291.3,1.38,N,0
41.17848,26.26182,313.16,0.38,0.43,2023-09-01,0037,N,VIIRS,n,2,290.41,1.52,N,0
41.18154,26.2279,356.19,0.38,0.43,2023-09-01,0037,N,VIIRS,n,2,296.1,19.87,N,0
41.20416,26.26792,305.48,0.38,0.43,2023-09-01,0037,N,VIIRS,n,2,289.39,4.71,N,0
41.20913,26.2452,313.56,0.38,0.43,2023-09-01,0037,N,VIIRS,n,2,289.49,1.53,N,0
41.21136,26.23503,301.74,0.57,0.43,2023-09-01,0037,N,VIIRS,n,2,289.16,2.22,N,0
41.21718,26.20833,316.19,0.57,0.43,2023-09-01,0037,N,VIIRS,n,2,289.46,2.58,N,0
41.20316,26.2725,339.91,0.38,0.43,2023-09-01,0037,N,VIIRS,n,2,292.7,4.71,N,0
41.18053,26.23264,329.76,0.38,0.43,2023-09-01,0037,N,VIIRS,n,2,299.96,12.49,N,0
41.1795,26.23744,352.98,0.38,0.43,2023-09-01,0037,N,VIIRS,n,2,294.75,12.49,N,0
38.07467,23.63495,308.74,0.5,0.41,2023-09-01,0038,N,VIIRS,n,2,287.67,1.22,N,0
38.37353,24.06192,305.36,0.52,0.42,2023-09-01,0038,N,VIIRS,n,2,294.99,1.59,N,2
41.14754,26.2127,337.9,0.38,0.59,2023-09-01,1020,N,VIIRS,n,2,280.66,16.52,D,0
41.15526,26.21966,336.8,0.38,0.59,2023-09-01,1020,N,VIIRS,n,2,278.28,7.06,D,0
41.15406,26.21525,348.18,0.38,0.59,2023-09-01,1020,N,VIIRS,n,2,280.56,7.06,D,0
41.15464,26.23868,347.79,0.38,0.58,2023-09-01,1020,N,VIIRS,n,2,265.99,11.7,D,0
41.15181,26.207,357.24,0.38,0.59,2023-09-01,1020,N,VIIRS,l,2,285.15,16.52,D,0
41.14994,26.22146,337.43,0.38,0.59,2023-09-01,1020,N,VIIRS,n,2,281.8,7.06,D,0
41.15709,26.20503,336.39,0.38,0.59,2023-09-01,1020,N,VIIRS,n,2,276.02,6.79,D,0
41.15823,26.20921,347.51,0.38,0.59,2023-09-01,1020,N,VIIRS,n,2,278.02,6.79,D,0
41.15071,26.20301,357.25,0.38,0.59,2023-09-01,1020,N,VIIRS,l,2,282.79,23.66,D,0
41.1529,26.21102,357.25,0.38,0.59,2023-09-01,1020,N,VIIRS,l,2,283.81,16.52,D,0
41.14874,26.21707,356.18,0.38,0.59,2023-09-01,1020,N,VIIRS,n,2,282.46,7.06,D,0
41.14711,26.23147,307.94,0.4,0.37,2023-09-02,0018,N,VIIRS,n,2,289.21,0.87,N,0
41.2353,26.24785,308.05,0.4,0.37,2023-09-02,0018,N,VIIRS,n,2,290.13,0.68,N,0
41.22539,26.26476,304.98,0.4,0.37,2023-09-02,0018,N,VIIRS,n,2,291.7,1.71,N,0
41.22783,26.2506,306.52,0.4,0.37,2023-09-02,0018,N,VIIRS,n,2,290.81,5.05,N,0
41.23197,26.24687,306.06,0.4,0.37,2023-09-02,0018,N,VIIRS,n,2,290.31,0.68,N,0
41.15044,26.23245,307.13,0.4,0.37,2023-09-02,0018,N,VIIRS,n,2,289.98,1.14,N,0
41.14962,26.23715,325.66,0.4,0.37,2023-09-02,0018,N,VIIRS,n,2,290.97,2.12,N,0
41.22035,26.25337,310.53,0.4,0.37,2023-09-02,0018,N,VIIRS,n,2,292.24,1.19,N,0
41.21709,26.27228,320.41,0.4,0.37,2023-09-02,0018,N,VIIRS,n,2,291.61,1.53,N,0
41.22205,26.2638,319.27,0.4,0.37,2023-09-02,0018,N,VIIRS,n,2,292.64,1.71,N,0
41.22287,26.25907,326.35,0.4,0.37,2023-09-02,0018,N,VIIRS,n,2,293.23,1.71,N,0
41.22369,26.25434,351.75,0.4,0.37,2023-09-02,0018,N,VIIRS,n,2,297.22,5.05,N,0
41.23278,26.24216,300.2,0.4,0.37,2023-09-02,0018,N,VIIRS,n,2,289.94,0.68,N,0
41.12471,26.17281,332.37,0.4,0.37,2023-09-02,0019,N,VIIRS,n,2,292.19,2.94,N,0
41.12722,26.17858,305.22,0.4,0.37,2023-09-02,0019,N,VIIRS,n,2,290.6,1.86,N,0
41.12803,26.17386,328.82,0.4,0.37,2023-09-02,0019,N,VIIRS,n,2,293.54,1.86,N,0
38.12964,23.52529,314.25,0.38,0.36,2023-09-02,0019,N,VIIRS,n,2,293.9,1.25,N,2
38.37342,24.06237,308.69,0.39,0.36,2023-09-02,0019,N,VIIRS,n,2,292.49,1.08,N,2
39.16836,22.84049,311.58,0.39,0.36,2023-09-02,0019,N,VIIRS,n,2,291.88,1.3,N,2
39.35352,22.98435,311.47,0.39,0.36,2023-09-02,0019,N,VIIRS,n,2,294.05,1.37,N,2
41.13215,26.17018,316.41,0.4,0.37,2023-09-02,0019,N,VIIRS,n,2,290.24,1.23,N,0
37.9185,23.07187,307.8,0.38,0.36,2023-09-02,0020,N,VIIRS,n,2,296.1,1.37,N,2
41.22248,26.25573,334.04,0.63,0.72,2023-09-02,1001,N,VIIRS,n,2,294.35,8.74,D,0
36.99421,25.06234,333.17,0.53,0.42,2023-09-02,1140,N,VIIRS,n,2,300.23,32.55,D,0
37.22424,21.62523,335.37,0.4,0.37,2023-09-02,1141,N,VIIRS,n,2,305.25,2.72,D,0
41.14192,26.22732,350.34,0.45,0.47,2023-09-02,1142,N,VIIRS,n,2,304.71,11.16,D,0
41.22857,26.25485,333.27,0.45,0.47,2023-09-02,1142,N,VIIRS,n,2,300.27,4.9,D,0
41.05384,26.23118,357.2,0.45,0.47,2023-09-02,1142,N,VIIRS,n,2,307.38,13.11,D,0
41.03045,26.20333,306.82,0.42,0.38,2023-09-03,0000,N,VIIRS,n,2,291.92,0.69,N,0
41.03954,26.21544,309.71,0.42,0.38,2023-09-03,0000,N,VIIRS,n,2,292.09,2.14,N,0
41.03891,26.22031,329.83,0.42,0.38,2023-09-03,0000,N,VIIRS,n,2,293.14,2.14,N,0
41.027,26.20246,307.72,0.42,0.38,2023-09-03,0000,N,VIIRS,n,2,291.73,0.69,N,0
41.03609,26.21464,334.08,0.42,0.38,2023-09-03,0000,N,VIIRS,n,2,293.19,3.53,N,0
38.0003,23.69086,347.4,0.38,0.36,2023-09-03,1122,N,VIIRS,n,2,306.28,3.21,D,0
38.06042,21.38627,336.23,0.42,0.38,2023-09-03,1122,N,VIIRS,l,2,307.27,2.41,D,0
39.45324,22.45639,337.01,0.39,0.36,2023-09-03,1122,N,VIIRS,l,2,307.7,2.32,D,0
41.02672,24.89672,336.4,0.4,0.37,2023-09-03,1123,N,VIIRS,n,2,309.7,6.66,D,0
38.5545,23.1539,303.12,0.6,0.53,2023-09-03,2342,N,VIIRS,n,2,278.61,39.39,N,0
38.55839,23.16906,297.73,0.59,0.53,2023-09-03,2342,N,VIIRS,n,2,280.88,4.77,N,0
38.56038,23.1411,302.34,0.6,0.53,2023-09-03,2342,N,VIIRS,n,2,279.37,2.61,N,0
38.55887,23.16225,322.25,0.6,0.53,2023-09-03,2342,N,VIIRS,n,2,281.06,4.77,N,0
38.55938,23.15509,333.69,0.6,0.53,2023-09-03,2342,N,VIIRS,n,2,294.37,39.39,N,0
38.55989,23.14798,331.57,0.6,0.53,2023-09-03,2342,N,VIIRS,n,2,279.9,39.39,N,0
38.56328,23.17007,296.37,0.59,0.53,2023-09-03,2342,N,VIIRS,n,2,280.7,2.32,N,0
38.56376,23.16326,319.27,0.6,0.53,2023-09-03,2342,N,VIIRS,n,2,280.92,2.32,N,0
38.56527,23.14207,303.04,0.6,0.53,2023-09-03,2342,N,VIIRS,n,2,279.24,2.64,N,0
38.56427,23.1562,350.17,0.6,0.53,2023-09-03,2342,N,VIIRS,n,2,299.32,22.39,N,0
38.56478,23.14899,326.19,0.6,0.53,2023-09-03,2342,N,VIIRS,n,2,280.53,22.39,N,0
38.56866,23.16418,297.4,0.6,0.53,2023-09-03,2342,N,VIIRS,n,2,280.1,2.32,N,0
38.56916,23.15716,310.89,0.6,0.53,2023-09-03,2342,N,VIIRS,n,2,279.92,22.39,N,0
38.56967,23.15004,299.39,0.6,0.53,2023-09-03,2342,N,VIIRS,n,2,279.15,22.39,N,0
38.12926,23.5249,301.46,0.56,0.52,2023-09-03,2342,N,VIIRS,n,2,285.17,0.81,N,2
38.55399,23.16114,298.4,0.6,0.53,2023-09-03,2342,N,VIIRS,n,2,280.55,4.77,N,0
38.55498,23.14715,300.48,0.6,0.53,2023-09-03,2342,N,VIIRS,n,2,278.33,39.39,N,0
41.27102,26.36532,305.33,0.39,0.36,2023-09-08,0006,N,VIIRS,n,2,288.68,0.43,N,0
41.19121,25.27002,296.76,0.41,0.37,2023-09-08,0006,N,VIIRS,n,2,285.12,0.27,N,0
38.1313,23.52573,301.24,0.43,0.38,2023-09-08,0007,N,VIIRS,n,2,287.38,0.64,N,2
38.14111,21.40764,339.12,0.6,0.53,2023-09-08,2348,N,VIIRS,n,2,290.67,13.87,N,0
38.13078,23.52267,303.17,0.46,0.47,2023-09-08,2348,N,VIIRS,n,2,289.68,0.45,N,2
38.14161,21.40063,367,0.6,0.53,2023-09-08,2348,N,VIIRS,h,2,290.47,13.87,N,0
38.37379,24.06169,302.64,0.44,0.46,2023-09-08,2348,N,VIIRS,n,2,289.73,0.76,N,2
38.13617,21.40705,303.2,0.6,0.53,2023-09-08,2348,N,VIIRS,n,2,288.21,1.79,N,0
38.14211,21.39361,309.37,0.6,0.53,2023-09-08,2348,N,VIIRS,n,2,288.79,5.05,N,0
41.2005,25.27019,323.27,0.69,0.74,2023-09-09,0127,N,VIIRS,n,2,284.61,6.26,N,0
41.19751,25.27912,314.99,0.69,0.74,2023-09-09,0127,N,VIIRS,n,2,285.24,4.83,N,0
38.14286,21.40244,334.53,0.55,0.68,2023-09-09,0128,N,VIIRS,n,2,286.35,7.26,N,0
38.13891,21.40851,342.65,0.56,0.68,2023-09-09,0128,N,VIIRS,n,2,287.34,7.94,N,0
38.14075,21.40235,334.27,0.55,0.68,2023-09-09,0128,N,VIIRS,n,2,286.89,8.11,N,0
38.14258,21.39622,336.88,0.55,0.68,2023-09-09,0128,N,VIIRS,n,2,286.56,8.11,N,0
38.13499,21.40565,303.18,0.55,0.68,2023-09-09,0128,N,VIIRS,n,2,286.38,1.87,N,0
38.14098,21.40858,336.37,0.55,0.68,2023-09-09,0128,N,VIIRS,n,2,286.95,7.26,N,0
38.14472,21.39633,337.79,0.55,0.68,2023-09-09,0128,N,VIIRS,n,2,286.52,9.35,N,0
38.1311,23.52323,300.68,0.42,0.61,2023-09-09,2329,N,VIIRS,n,2,289.61,0.67,N,2
38.13171,23.52353,299.55,0.42,0.61,2023-09-09,2329,N,VIIRS,n,2,289.45,0.81,N,2
37.91715,23.07182,302.63,0.39,0.6,2023-09-10,0109,N,VIIRS,n,2,292.06,1.33,N,2
38.37247,24.06023,306.07,0.43,0.62,2023-09-10,0109,N,VIIRS,n,2,290.01,0.79,N,2
37.74275,21.61915,338.07,0.63,0.54,2023-09-10,1051,N,VIIRS,n,2,300.16,7.8,D,0
39.53808,22.52958,342.99,0.51,0.49,2023-09-10,1051,N,VIIRS,n,2,300.83,6,D,0
39.3857,22.80727,316.1,0.4,0.45,2023-09-11,0050,N,VIIRS,n,2,288.11,1.28,N,2
40.28243,23.44538,303.16,0.42,0.45,2023-09-11,0050,N,VIIRS,n,2,290.71,0.68,N,2
37.74361,21.61557,312.82,0.38,0.43,2023-09-11,0051,N,VIIRS,n,2,292.09,1.12,N,0
37.74227,21.61293,321.31,0.38,0.43,2023-09-11,0051,N,VIIRS,n,2,291.86,2.35,N,0
37.73962,21.6146,307.12,0.38,0.43,2023-09-11,0051,N,VIIRS,n,2,290.6,1.12,N,0
38.09391,20.79867,333.98,0.52,0.42,2023-09-11,0051,N,VIIRS,n,2,294.56,6.07,N,0
38.17781,21.47003,354.92,0.54,0.68,2023-09-11,1032,N,VIIRS,n,2,303.62,6.3,D,0
38.17492,21.47375,330.73,0.55,0.68,2023-09-11,1032,N,VIIRS,n,2,301.85,1.94,D,0
41.05606,25.27363,344.77,0.59,0.53,2023-09-11,1032,N,VIIRS,n,2,303.32,5.95,D,0
40.28584,23.44332,306.63,0.41,0.37,2023-09-12,0031,N,VIIRS,n,2,289.5,0.75,N,2
40.70625,22.81358,309.88,0.4,0.37,2023-09-12,0031,N,VIIRS,n,2,290.31,1.07,N,2
37.78391,24.86269,305.59,0.49,0.4,2023-09-12,0032,N,VIIRS,n,2,290.32,0.89,N,0
39.35326,22.98458,307.27,0.41,0.37,2023-09-12,0032,N,VIIRS,n,2,290.52,1.06,N,2
38.12816,23.52307,303.78,0.44,0.38,2023-09-12,0032,N,VIIRS,n,2,290.45,0.82,N,2
39.38705,22.80669,331.03,0.42,0.45,2023-09-12,1154,N,VIIRS,l,2,305.15,1.52,D,2
40.28324,23.44504,302.6,0.41,0.37,2023-09-13,0012,N,VIIRS,n,2,289.29,0.76,N,2
38.37334,24.06344,303.43,0.39,0.36,2023-09-13,0013,N,VIIRS,n,2,289.85,0.89,N,2
37.9181,23.07217,306.38,0.4,0.37,2023-09-13,0013,N,VIIRS,n,2,295.31,1.44,N,2
39.35567,22.98701,302.26,0.41,0.37,2023-09-13,0013,N,VIIRS,n,2,290.89,0.92,N,2
37.78429,24.86307,307.81,0.38,0.36,2023-09-13,0013,N,VIIRS,n,2,292.39,0.65,N,0
38.075,23.63397,299.74,0.39,0.36,2023-09-13,0013,N,VIIRS,n,2,287.31,0.25,N,0
38.12989,23.5242,307.49,0.39,0.37,2023-09-13,0013,N,VIIRS,n,2,291.66,0.98,N,2
38.01217,21.40272,335.8,0.39,0.36,2023-09-13,1134,N,VIIRS,n,2,308.86,1.81,D,0
38.01087,21.394,346.93,0.38,0.36,2023-09-13,1134,N,VIIRS,n,2,312.96,6.86,D,0
38.96866,22.44586,345.79,0.4,0.37,2023-09-13,1135,N,VIIRS,n,2,307.26,9.59,D,0
38.13041,23.5255,311.2,0.39,0.44,2023-09-13,2354,N,VIIRS,n,2,293.05,1.03,N,2
40.28461,23.44384,304.42,0.41,0.45,2023-09-13,2354,N,VIIRS,n,2,289.89,0.52,N,2
38.37418,24.06372,301.97,0.55,0.43,2023-09-13,2354,N,VIIRS,n,2,291.5,0.53,N,2
40.69823,22.94917,298.81,0.39,0.59,2023-09-14,2334,N,VIIRS,n,2,288.14,0.3,N,0
40.28728,23.4443,302.49,0.36,0.58,2023-09-14,2335,N,VIIRS,n,2,288.27,0.5,N,2
38.37472,24.06066,306.27,0.32,0.55,2023-09-14,2335,N,VIIRS,n,2,289.85,0.56,N,2
40.69745,22.94974,299.8,0.39,0.59,2023-09-15,0115,N,VIIRS,n,2,286.46,0.42,N,0
39.35469,22.98186,302.32,0.43,0.62,2023-09-15,0115,N,VIIRS,n,2,289.45,1.15,N,2
39.35585,22.9835,305.74,0.43,0.62,2023-09-15,0115,N,VIIRS,n,2,289.82,1.28,N,2
40.28468,23.44195,298.66,0.42,0.61,2023-09-15,0115,N,VIIRS,n,2,283.06,0.74,N,2
40.70551,22.81429,299.35,0.39,0.59,2023-09-15,0115,N,VIIRS,n,2,284.56,0.5,N,2
35.07975,25.08779,315.12,0.72,0.75,2023-09-15,0116,N,VIIRS,n,2,288.54,10.18,N,0
35.07721,25.09595,343.32,0.72,0.75,2023-09-15,0116,N,VIIRS,n,2,288.93,9.16,N,0
36.56305,26.33801,305.79,0.43,0.62,2023-09-15,2317,N,VIIRS,n,2,291.24,0.85,N,0
39.35344,22.98502,305.26,0.49,0.49,2023-09-16,0056,N,VIIRS,n,2,290.83,1.77,N,2
39.35694,22.98367,301.93,0.49,0.49,2023-09-16,0056,N,VIIRS,n,2,290.27,1.47,N,2
37.91856,23.07257,304.22,0.54,0.51,2023-09-16,0057,N,VIIRS,n,2,292.95,1.71,N,2
41.02695,25.4472,341.46,0.49,0.48,2023-09-16,1039,N,VIIRS,n,2,298.31,6.71,D,0
41.02967,25.44536,332.47,0.49,0.48,2023-09-16,1039,N,VIIRS,n,2,297.3,2.6,D,0
37.91811,23.07339,305.12,0.48,0.4,2023-09-17,0038,N,VIIRS,n,2,293.75,1.36,N,2
38.37498,24.06137,302.91,0.52,0.41,2023-09-17,0038,N,VIIRS,n,2,290.38,0.96,N,2
39.35544,22.98662,304.2,0.46,0.39,2023-09-17,0038,N,VIIRS,n,2,287.71,0.87,N,2
38.12965,23.52416,311.86,0.38,0.36,2023-09-18,0019,N,VIIRS,n,2,292.14,1.1,N,2
40.28388,23.44669,303.89,0.39,0.36,2023-09-18,0019,N,VIIRS,n,2,290.12,0.35,N,0
38.37392,24.06246,304.96,0.39,0.36,2023-09-18,0019,N,VIIRS,n,2,291.74,0.86,N,2
39.35583,22.98603,305.36,0.39,0.36,2023-09-18,0019,N,VIIRS,n,2,290.97,1.16,N,2
37.11791,21.96954,343.38,0.41,0.37,2023-09-18,1140,N,VIIRS,n,2,306.7,3.57,D,0
38.13025,23.52752,302.78,0.49,0.4,2023-09-19,0000,N,VIIRS,n,2,292.31,0.54,N,2
40.28561,23.4415,299.67,0.52,0.42,2023-09-19,0000,N,VIIRS,n,2,289.34,0.46,N,2
38.13168,23.52291,299.26,0.57,0.52,2023-09-19,2341,N,VIIRS,n,2,288.83,1.04,N,2
40.69853,22.95059,298.81,0.32,0.55,2023-09-19,2341,N,VIIRS,n,2,287.29,0.38,N,2
40.28337,23.44398,298.99,0.51,0.66,2023-09-20,0121,N,VIIRS,n,2,281.53,1.68,N,2
35.15271,26.07613,338.7,0.46,0.39,2023-09-20,1102,N,VIIRS,n,2,303.39,5.14,D,0
35.14915,26.07697,349.93,0.46,0.39,2023-09-20,1102,N,VIIRS,n,2,315,44.22,D,0
35.23686,23.60864,336.9,0.39,0.44,2023-09-20,1102,N,VIIRS,n,2,306.12,3.44,D,0
40.58617,23.37655,347.48,0.48,0.4,2023-09-20,1103,N,VIIRS,n,2,305.44,10.61,D,0
40.58981,23.37546,332.13,0.48,0.4,2023-09-20,1103,N,VIIRS,n,2,298.37,1.76,D,0
40.58474,23.37494,333.7,0.48,0.4,2023-09-20,1104,N,VIIRS,n,2,301.74,5.94,D,0
40.58585,23.38052,329.12,0.48,0.4,2023-09-20,1104,N,VIIRS,n,2,304.03,5.94,D,0
40.58948,23.37942,337.47,0.48,0.4,2023-09-20,1104,N,VIIRS,n,2,301.06,5.94,D,0
40.28422,23.44341,298.23,0.59,0.53,2023-09-21,0102,N,VIIRS,n,2,284.2,0.63,N,2
38.37351,24.06231,302.32,0.36,0.57,2023-09-21,0103,N,VIIRS,n,2,288.3,0.59,N,2
38.37315,24.05961,305.76,0.36,0.57,2023-09-21,0103,N,VIIRS,n,2,288.76,0.88,N,2
37.84429,21.28388,329.22,0.39,0.6,2023-09-21,1044,N,VIIRS,n,2,293.83,1.76,D,0
41.33364,26.36256,352.22,0.55,0.43,2023-09-21,1045,N,VIIRS,n,2,279.02,26.61,D,0
41.32981,26.36395,333.3,0.55,0.43,2023-09-21,1045,N,VIIRS,n,2,272.74,26.61,D,0
38.12935,23.52704,300.36,0.39,0.44,2023-09-22,0044,N,VIIRS,n,2,290.3,0.44,N,2
38.37529,24.06251,303.31,0.41,0.45,2023-09-22,0044,N,VIIRS,n,2,290.63,0.93,N,2
40.28582,23.44546,303.87,0.53,0.42,2023-09-22,0044,N,VIIRS,n,2,289.39,1.01,N,2
39.35508,22.98521,306.05,0.52,0.42,2023-09-22,0044,N,VIIRS,n,2,290.96,1.12,N,2
39.32671,22.4454,298.87,0.5,0.41,2023-09-22,0044,N,VIIRS,n,2,288.02,0.55,N,0
37.72294,24.95931,341.34,0.39,0.59,2023-09-22,1206,N,VIIRS,n,2,301.88,3.64,D,0
38.03249,23.60178,305.84,0.4,0.37,2023-09-23,0025,N,VIIRS,n,2,293.73,0.66,N,0
38.12993,23.52678,311.33,0.4,0.37,2023-09-23,0025,N,VIIRS,n,2,294.2,0.79,N,2
36.42244,28.22929,336.04,0.42,0.45,2023-09-23,0026,N,VIIRS,n,2,295.89,3.88,N,0
36.45903,25.41841,344.49,0.44,0.46,2023-09-23,1146,N,VIIRS,n,2,310.38,6.38,D,0
37.86776,21.33282,336.45,0.44,0.39,2023-09-23,1147,N,VIIRS,l,2,309.9,4.44,D,0
37.86561,21.33105,338.57,0.44,0.39,2023-09-23,1147,N,VIIRS,n,2,310.92,2.72,D,0
38.37259,24.06329,305.77,0.42,0.37,2023-09-24,0006,N,VIIRS,n,2,291.97,0.45,N,2
37.12202,26.87626,320.78,0.39,0.36,2023-09-24,0007,N,VIIRS,n,2,296.42,1.75,N,0
38.13108,23.52322,298.81,0.43,0.38,2023-09-24,0007,N,VIIRS,n,2,281.18,0.93,N,2
38.03933,23.51176,298.24,0.43,0.38,2023-09-24,0007,N,VIIRS,n,2,284.28,0.4,N,2
37.92323,21.27952,331.48,0.56,0.43,2023-09-25,1109,N,VIIRS,n,2,301.5,3.2,D,0
38.12984,23.5244,295.81,0.42,0.61,2023-09-25,2329,N,VIIRS,n,2,281.57,0.8,N,2
40.69917,22.94965,297.75,0.33,0.55,2023-09-26,0108,N,VIIRS,n,2,285.56,0.5,N,2
39.3539,22.98485,305.29,0.36,0.57,2023-09-26,0109,N,VIIRS,n,2,287.47,2.24,N,2
38.37363,24.05956,300.54,0.43,0.62,2023-09-26,0109,N,VIIRS,n,2,287.07,0.92,N,2
39.35329,22.98517,303.84,0.36,0.57,2023-09-26,0109,N,VIIRS,n,2,287.2,1.49,N,2
41.43606,26.53476,329.15,0.43,0.62,2023-09-28,1013,N,VIIRS,n,2,287.3,3.19,D,0
39.17046,22.84269,301.5,0.41,0.37,2023-09-29,0012,N,VIIRS,n,2,286.64,0.74,N,2
37.91982,23.07274,304.28,0.4,0.37,2023-09-29,0013,N,VIIRS,n,2,290.52,0.96,N,2
38.03444,23.59236,301.16,0.39,0.36,2023-09-29,0013,N,VIIRS,n,2,288.83,0.69,N,0
38.12815,23.52375,299.69,0.4,0.37,2023-09-29,0013,N,VIIRS,n,2,287.29,0.7,N,2
38.13149,23.52454,300.08,0.4,0.37,2023-09-29,0013,N,VIIRS,n,2,287.51,0.62,N,2
38.04065,23.51087,300.71,0.39,0.44,2023-09-29,2354,N,VIIRS,n,2,287.66,0.77,N,0
39.20845,22.6827,339.31,0.42,0.37,2023-09-30,1115,N,VIIRS,n,2,295.77,2.02,D,0
40.36935,21.79034,346.08,0.43,0.38,2023-09-30,1116,N,VIIRS,n,2,297.09,2.94,D,0
41.02813,25.32177,343.67,0.39,0.36,2023-09-30,1116,N,VIIRS,n,2,307.41,5.36,D,0
41.0288,25.32632,332.98,0.39,0.36,2023-09-30,1116,N,VIIRS,l,2,303.8,5.36,D,0
41.0321,25.32547,338.6,0.39,0.36,2023-09-30,1116,N,VIIRS,n,2,306.04,5.36,D,0
38.07746,23.62836,299.3,0.34,0.56,2023-09-30,2335,N,VIIRS,n,2,286.67,0.3,N,0
38.13161,23.5228,298.54,0.35,0.56,2023-09-30,2335,N,VIIRS,n,2,287.34,1.11,N,2
38.07224,23.62759,299.77,0.34,0.56,2023-09-30,2335,N,VIIRS,n,2,286.45,0.21,N,0
38.37347,24.06024,299.23,0.51,0.66,2023-10-01,0115,N,VIIRS,n,2,286.04,0.67,N,2
35.03543,25.00315,336.4,0.4,0.44,2023-10-01,1055,N,VIIRS,n,2,300.56,1.56,D,0
35.24061,23.61055,338.52,0.47,0.48,2023-10-01,1056,N,VIIRS,n,2,301.09,5.72,D,0
35.24097,23.61279,339.35,0.47,0.48,2023-10-01,1056,N,VIIRS,n,2,301.56,5.31,D,0
39.65998,22.26248,326.22,0.44,0.46,2023-10-01,1057,N,VIIRS,n,2,297.47,1.74,D,0
40.69813,22.95214,298.8,0.46,0.47,2023-10-02,0056,N,VIIRS,n,2,287.62,0.66,N,2
39.89514,21.59726,336.91,0.4,0.6,2023-10-02,1038,N,VIIRS,n,2,292.09,4.58,D,0
39.38755,22.80918,327.55,0.45,0.63,2023-10-02,1218,N,VIIRS,n,2,294.44,1.94,D,2
40.59642,22.36822,333.18,0.44,0.62,2023-10-02,1219,N,VIIRS,n,2,296.66,2.67,D,0
39.3868,22.80835,295.58,0.45,0.39,2023-10-03,0037,N,VIIRS,n,2,284.92,0.95,N,2
38.12952,23.52501,304.44,0.5,0.41,2023-10-03,0038,N,VIIRS,n,2,288.58,1.14,N,2
38.03216,23.60187,309.72,0.5,0.41,2023-10-03,0038,N,VIIRS,n,2,288.55,1.92,N,0
40.04881,21.95107,325.8,0.46,0.47,2023-10-03,1200,N,VIIRS,n,2,288.71,3.01,D,0
40.48854,21.81523,331.69,0.46,0.47,2023-10-03,1200,N,VIIRS,n,2,296.06,2.65,D,0
40.28381,23.44355,302,0.39,0.36,2023-10-04,0018,N,VIIRS,n,2,287.15,0.75,N,2
37.91783,23.07519,303.18,0.38,0.36,2023-10-04,0019,N,VIIRS,n,2,291.66,0.73,N,2
39.35518,22.98347,305.28,0.39,0.36,2023-10-04,0019,N,VIIRS,n,2,288.23,0.84,N,2
39.1698,22.83983,305.95,0.39,0.36,2023-10-04,0019,N,VIIRS,n,2,287.37,1.15,N,2
38.37379,24.06111,301.48,0.39,0.36,2023-10-04,0019,N,VIIRS,n,2,287.99,0.71,N,2
38.12983,23.52351,310.15,0.38,0.36,2023-10-04,0019,N,VIIRS,n,2,289.53,1.32,N,2
38.03204,23.60475,306.1,0.38,0.36,2023-10-04,0019,N,VIIRS,n,2,290.45,1.21,N,0
38.03984,23.51186,302.41,0.38,0.36,2023-10-04,0019,N,VIIRS,n,2,292.26,0.81,N,0
37.9185,23.07084,303.16,0.38,0.36,2023-10-04,0019,N,VIIRS,n,2,292.51,0.73,N,2
35.56849,24.10969,313.16,0.39,0.37,2023-10-04,0020,N,VIIRS,n,2,288.15,1.23,N,0
37.624,22.89909,355.66,0.44,0.38,2023-10-04,1140,N,VIIRS,n,2,312.13,26.56,D,0
37.96185,23.40271,344.61,0.46,0.39,2023-10-04,1140,N,VIIRS,n,2,298.57,6.11,D,0
37.62753,22.89846,343.63,0.44,0.38,2023-10-04,1140,N,VIIRS,n,2,297.42,5.69,D,0
40.20221,21.31644,341.93,0.42,0.37,2023-10-04,1141,N,VIIRS,n,2,297.39,5.73,D,0
39.17123,22.83922,297.06,0.54,0.42,2023-10-05,0000,N,VIIRS,n,2,286.79,1.3,N,2
38.12918,23.52769,299.69,0.49,0.41,2023-10-05,0000,N,VIIRS,n,2,288.8,0.38,N,2
36.87589,22.62773,355.06,0.4,0.37,2023-10-05,1121,N,VIIRS,n,2,304.73,6.43,D,0
38.41193,21.38459,333.41,0.42,0.38,2023-10-05,1121,N,VIIRS,n,2,300.47,14.69,D,0
36.91164,22.59066,340.15,0.4,0.37,2023-10-05,1121,N,VIIRS,n,2,298.94,2.48,D,0
36.90828,22.59146,348.55,0.4,0.37,2023-10-05,1121,N,VIIRS,n,2,301.79,4.62,D,0
38.82076,21.12115,353.01,0.42,0.38,2023-10-05,1122,N,VIIRS,n,2,303.51,5.15,D,0
38.84901,21.13909,336.18,0.42,0.38,2023-10-05,1122,N,VIIRS,n,2,303.16,4,D,0
38.81735,21.12214,336.6,0.42,0.38,2023-10-05,1122,N,VIIRS,n,2,303.03,3.8,D,0
41.01558,23.34959,337.77,0.38,0.36,2023-10-05,1122,N,VIIRS,n,2,305.21,4.47,D,0
40.03888,21.65835,337.62,0.4,0.37,2023-10-05,1122,N,VIIRS,n,2,301.11,3.4,D,0
38.85052,21.13576,338.37,0.42,0.38,2023-10-05,1122,N,VIIRS,n,2,302.92,2.71,D,0
38.80116,21.13208,337.77,0.42,0.38,2023-10-05,1122,N,VIIRS,n,2,300.98,3.94,D,0
38.84711,21.13675,346.69,0.42,0.38,2023-10-05,1122,N,VIIRS,n,2,304.01,2.71,D,0
40.69893,22.95048,300.13,0.32,0.55,2023-10-05,2340,N,VIIRS,n,2,287.67,0.44,N,2
40.70749,22.81499,297.81,0.33,0.55,2023-10-05,2340,N,VIIRS,n,2,287.36,0.59,N,2
38.12791,23.52566,300.74,0.57,0.52,2023-10-05,2341,N,VIIRS,n,2,288.19,1.31,N,2
40.28469,23.44406,298.85,0.5,0.66,2023-10-06,0121,N,VIIRS,n,2,286.24,0.88,N,2
37.79539,21.28185,340.63,0.45,0.47,2023-10-06,1103,N,VIIRS,n,2,297.42,4.65,D,0
37.79118,21.28334,339.06,0.45,0.47,2023-10-06,1103,N,VIIRS,n,2,299.82,4.65,D,0
37.9179,23.07255,297.06,0.54,0.68,2023-10-06,2322,N,VIIRS,n,2,285.72,4.16,N,2
37.9616,23.40106,326.59,0.61,0.54,2023-10-07,1044,N,VIIRS,n,2,291.8,1.2,D,0
41.04647,23.5756,326.92,0.51,0.49,2023-10-07,1044,N,VIIRS,n,2,296.93,2.27,D,0
39.66384,20.12499,327.21,0.41,0.6,2023-10-07,1044,N,VIIRS,n,2,299.3,2.98,D,0
38.36761,21.45503,350.12,0.38,0.58,2023-10-07,1044,N,VIIRS,n,2,294.43,3.1,D,0
38.36873,21.45922,326.41,0.38,0.58,2023-10-07,1044,N,VIIRS,n,2,293.95,4.38,D,0
38.36776,21.45862,328.4,0.45,0.63,2023-10-07,1224,N,VIIRS,n,2,293.37,5.4,D,0
38.36994,21.4556,344.41,0.45,0.63,2023-10-07,1224,N,VIIRS,n,2,293.97,4.69,D,0
40.28395,23.44636,299.28,0.52,0.42,2023-10-08,0043,N,VIIRS,n,2,287.98,0.56,N,0
39.35257,22.98709,302.66,0.52,0.42,2023-10-08,0043,N,VIIRS,n,2,289.35,1.49,N,2
39.24157,22.53286,325.17,0.54,0.68,2023-10-08,1025,N,VIIRS,n,2,295.8,3.25,D,0
39.24483,22.5289,325.22,0.54,0.68,2023-10-08,1025,N,VIIRS,n,2,295.48,2.61,D,0
39.25521,22.52315,326.52,0.58,0.52,2023-10-08,1206,N,VIIRS,n,2,299.42,3.22,D,0
37.97074,23.68907,328.77,0.4,0.37,2023-10-09,0025,N,VIIRS,n,2,290,3.27,N,0
38.03987,23.51068,302.03,0.4,0.37,2023-10-09,0025,N,VIIRS,n,2,291.87,1.03,N,0
38.1297,23.52319,304.82,0.4,0.37,2023-10-09,0025,N,VIIRS,n,2,289.93,0.9,N,2
38.37424,24.06317,306.64,0.4,0.37,2023-10-09,0025,N,VIIRS,n,2,290.21,0.59,N,2
39.35502,22.9842,306.9,0.39,0.36,2023-10-09,0025,N,VIIRS,n,2,292.11,0.89,N,2
39.387,22.8076,304.5,0.39,0.36,2023-10-09,0025,N,VIIRS,n,2,287.92,0.62,N,2
39.34025,22.6679,340.63,0.52,0.41,2023-10-09,1147,N,VIIRS,n,2,298.34,4.86,D,0
38.81624,20.86576,338.87,0.44,0.38,2023-10-09,1147,N,VIIRS,n,2,304.15,4.5,D,0
39.34406,22.66718,331.54,0.52,0.41,2023-10-09,1147,N,VIIRS,n,2,299.96,4.86,D,0
39.4815,22.51934,337.13,0.51,0.41,2023-10-09,1147,N,VIIRS,n,2,299.55,3.97,D,0
39.96669,21.6755,329.62,0.48,0.4,2023-10-09,1147,N,VIIRS,n,2,298.46,3.3,D,0
40.28426,23.44258,296.7,0.46,0.39,2023-10-10,0006,N,VIIRS,n,2,286.61,0.34,N,2
39.38564,22.80847,302.44,0.47,0.4,2023-10-10,0006,N,VIIRS,n,2,287.6,0.81,N,2
36.92555,25.60627,303.73,0.39,0.36,2023-10-10,0006,N,VIIRS,n,2,292.34,0.76,N,3
37.91882,23.07163,304.64,0.45,0.39,2023-10-10,0006,N,VIIRS,n,2,292.55,1.39,N,2
38.12941,23.52695,305.07,0.43,0.38,2023-10-10,0006,N,VIIRS,n,2,289.65,0.63,N,2
37.82837,21.23774,330.57,0.39,0.36,2023-10-10,1127,N,VIIRS,n,2,301.69,2.07,D,0
39.33775,22.53729,325.62,0.38,0.36,2023-10-10,1128,N,VIIRS,l,2,299.88,0.84,D,0
39.36797,22.46539,337.53,0.38,0.36,2023-10-10,1128,N,VIIRS,n,2,302.16,2.83,D,0
39.38168,22.39759,328.94,0.38,0.36,2023-10-10,1128,N,VIIRS,n,2,302.4,1.39,D,0
39.47663,22.53619,327.21,0.38,0.36,2023-10-10,1128,N,VIIRS,n,2,298.4,1.17,D,0
39.45303,22.26578,336.17,0.38,0.36,2023-10-10,1128,N,VIIRS,n,2,301.11,3.74,D,0
39.47181,22.25783,340.25,0.38,0.36,2023-10-10,1128,N,VIIRS,n,2,301.29,5.91,D,0
39.51764,22.42601,328.48,0.38,0.36,2023-10-10,1128,N,VIIRS,l,2,301.99,1.65,D,0
40.00541,21.68359,327.07,0.38,0.36,2023-10-10,1128,N,VIIRS,l,2,299.83,2.91,D,0
40.01578,21.66233,345.42,0.38,0.36,2023-10-10,1128,N,VIIRS,n,2,300.37,11.57,D,0
40.04787,21.67391,333.21,0.38,0.36,2023-10-10,1128,N,VIIRS,n,2,300.94,2.73,D,0
40.0816,21.69295,339.97,0.38,0.36,2023-10-10,1128,N,VIIRS,n,2,297.77,4.29,D,0
40.69937,22.88231,344.18,0.39,0.36,2023-10-10,1128,N,VIIRS,n,2,297.06,5.04,D,0
40.64115,22.33936,335.64,0.39,0.36,2023-10-10,1128,N,VIIRS,n,2,301.83,6.06,D,0
40.73093,22.21425,331.5,0.39,0.36,2023-10-10,1128,N,VIIRS,n,2,297.4,1.98,D,0
40.73422,22.2134,331.09,0.39,0.36,2023-10-10,1128,N,VIIRS,n,2,295.57,1.84,D,0
38.03271,23.60686,297.77,0.71,0.75,2023-10-11,0127,N,VIIRS,n,2,285.76,2.34,N,0
38.33564,23.39992,346.78,0.46,0.39,2023-10-11,1109,N,VIIRS,n,2,295.03,4.92,D,0
40.91465,26.30301,329.4,0.38,0.36,2023-10-11,1109,N,VIIRS,n,2,292.66,2.08,D,0
37.87006,21.22397,338.68,0.57,0.43,2023-10-11,1109,N,VIIRS,n,2,302.38,27.14,D,0
38.12976,23.52309,298.37,0.43,0.62,2023-10-11,2328,N,VIIRS,n,2,286.07,0.55,N,2
40.69908,22.95135,299.89,0.32,0.55,2023-10-12,0108,N,VIIRS,n,2,286.63,0.42,N,2
39.94178,21.57991,339.13,0.56,0.52,2023-10-12,1050,N,VIIRS,n,2,295.18,7.19,D,0
39.94329,21.5861,325.74,0.56,0.52,2023-10-12,1050,N,VIIRS,n,2,295.92,7.19,D,0
39.60339,22.30943,328.95,0.53,0.5,2023-10-12,1050,N,VIIRS,n,2,297.14,2.78,D,0
40.97638,23.60985,326.89,0.73,0.76,2023-10-12,1231,N,VIIRS,n,2,295.63,7.52,D,0
40.97108,23.6181,345.68,0.74,0.76,2023-10-12,1231,N,VIIRS,n,2,294.52,9.53,D,0
40.97639,23.61902,343.27,0.74,0.76,2023-10-12,1231,N,VIIRS,n,2,294.79,7.52,D,0
38.15586,24.02177,367,0.72,0.76,2023-10-12,2309,N,VIIRS,h,2,287.38,9.37,N,0
38.14874,24.02158,323.36,0.72,0.76,2023-10-12,2309,N,VIIRS,n,2,282.64,9.37,N,0
38.15306,24.01797,313.57,0.72,0.76,2023-10-12,2309,N,VIIRS,n,2,283.61,10.14,N,0
38.16018,24.01822,315.53,0.72,0.76,2023-10-12,2309,N,VIIRS,n,2,282.86,2.67,N,0
38.16006,24.02682,308.34,0.72,0.75,2023-10-12,2309,N,VIIRS,n,2,281.51,1.66,N,0
38.15295,24.02658,353.01,0.72,0.75,2023-10-12,2309,N,VIIRS,n,2,284.92,9.3,N,0
40.28574,23.44647,297.75,0.41,0.45,2023-10-13,0049,N,VIIRS,n,2,286.67,0.64,N,2
39.35515,22.9835,304.79,0.41,0.45,2023-10-13,0050,N,VIIRS,n,2,288.3,1.05,N,2
39.3858,22.80601,308.04,0.4,0.44,2023-10-13,0050,N,VIIRS,n,2,285.14,0.69,N,2
41.14697,24.32887,334.49,0.33,0.55,2023-10-13,1032,N,VIIRS,n,2,296.29,6.28,D,0
41.14802,24.33281,342.75,0.33,0.55,2023-10-13,1032,N,VIIRS,n,2,296.68,6.28,D,0
41.14887,24.32779,354.44,0.33,0.55,2023-10-13,1032,N,VIIRS,n,2,299.39,11.37,D,0
41.15158,24.32562,367,0.33,0.55,2023-10-13,1032,N,VIIRS,h,2,297.25,6.28,D,0
40.05831,21.65418,326.34,0.48,0.65,2023-10-13,1032,N,VIIRS,n,2,295.84,2.77,D,0
39.96955,21.69457,325.38,0.48,0.65,2023-10-13,1032,N,VIIRS,n,2,294.45,2.95,D,0
41.14989,24.3317,367,0.33,0.55,2023-10-13,1032,N,VIIRS,h,2,301.51,11.37,D,0
41.1526,24.32945,367,0.33,0.55,2023-10-13,1032,N,VIIRS,h,2,296.09,6.28,D,0
39.97839,21.6924,330.58,0.33,0.55,2023-10-13,1212,N,VIIRS,n,2,297.84,2.09,D,0
40.69917,22.95071,298.69,0.4,0.37,2023-10-14,0031,N,VIIRS,n,2,288.56,0.64,N,2
40.77339,26.13303,354.81,0.47,0.64,2023-10-14,1013,N,VIIRS,n,2,294.04,8.5,D,0
40.7715,26.13396,367,0.47,0.64,2023-10-14,1013,N,VIIRS,h,2,294.82,10.32,D,0
39.27614,22.51118,337.66,0.4,0.44,2023-10-14,1153,N,VIIRS,n,2,298.79,3.17,D,0
39.7002,22.57964,336.23,0.41,0.45,2023-10-14,1153,N,VIIRS,n,2,298,6.15,D,0
39.69607,22.58033,334.11,0.41,0.45,2023-10-14,1153,N,VIIRS,n,2,298.7,2.78,D,0
39.50386,22.40351,326.02,0.4,0.44,2023-10-14,1153,N,VIIRS,l,2,299.99,1.91,D,0
39.5043,22.40812,334.6,0.4,0.44,2023-10-14,1153,N,VIIRS,n,2,303.38,1.91,D,0
39.28023,22.51045,342.59,0.4,0.44,2023-10-14,1153,N,VIIRS,n,2,299.48,3.17,D,0
39.24667,22.46294,327.31,0.4,0.44,2023-10-14,1153,N,VIIRS,n,2,298.21,1.78,D,0
39.23365,22.61185,338.26,0.4,0.44,2023-10-14,1153,N,VIIRS,n,2,291.14,3.05,D,0
40.9699,23.43267,342.34,0.46,0.47,2023-10-14,1153,N,VIIRS,n,2,302.8,7.06,D,0
40.97268,23.46633,347.32,0.47,0.47,2023-10-14,1153,N,VIIRS,n,2,300.81,5.35,D,0
40.01464,21.66464,326.74,0.56,0.43,2023-10-14,1153,N,VIIRS,n,2,297.95,3.1,D,0
39.93389,21.64068,327.18,0.55,0.43,2023-10-14,1153,N,VIIRS,n,2,300.69,3.53,D,0
39.35294,22.98571,301.12,0.41,0.37,2023-10-15,0012,N,VIIRS,n,2,289.21,0.92,N,2
38.13085,23.52395,305.5,0.4,0.37,2023-10-15,0012,N,VIIRS,n,2,288.14,1.36,N,2
37.91913,23.0708,302,0.4,0.37,2023-10-15,0012,N,VIIRS,n,2,291.53,1.29,N,2
39.38792,22.80515,308.84,0.42,0.38,2023-10-15,0012,N,VIIRS,n,2,286.55,1.04,N,2
38.37448,24.06359,299.9,0.39,0.36,2023-10-15,0012,N,VIIRS,n,2,288.52,0.3,N,2
39.17048,22.84245,299.5,0.42,0.37,2023-10-15,0012,N,VIIRS,n,2,287.08,1.17,N,2
41.08431,26.31367,330.82,0.57,0.43,2023-10-15,1134,N,VIIRS,n,2,295.49,5.87,D,0
37.96171,23.40236,332.6,0.41,0.37,2023-10-15,1134,N,VIIRS,n,2,297.11,1.73,D,0
38.60851,21.3248,333.31,0.39,0.36,2023-10-15,1134,N,VIIRS,n,2,301.34,2.56,D,0
39.33945,22.65996,333.57,0.4,0.37,2023-10-15,1134,N,VIIRS,n,2,300.52,3.58,D,0
39.34452,22.62032,342.58,0.4,0.37,2023-10-15,1134,N,VIIRS,n,2,306.32,5.37,D,0
39.36225,22.54638,326.7,0.4,0.37,2023-10-15,1134,N,VIIRS,l,2,301.63,2.26,D,0
39.37377,22.60614,343.94,0.4,0.37,2023-10-15,1134,N,VIIRS,n,2,302.25,5.59,D,0
39.37314,22.60147,334.62,0.4,0.37,2023-10-15,1134,N,VIIRS,n,2,299.93,3.51,D,0
39.39341,22.59683,351.86,0.4,0.37,2023-10-15,1134,N,VIIRS,n,2,302.76,8.44,D,0
39.39476,22.52956,336.89,0.4,0.37,2023-10-15,1134,N,VIIRS,n,2,298.93,2.7,D,0
39.49496,22.21769,329.6,0.4,0.37,2023-10-15,1134,N,VIIRS,l,2,302.29,1.79,D,0
39.56666,22.23137,333.35,0.4,0.37,2023-10-15,1134,N,VIIRS,n,2,304.03,2.46,D,0
40.00738,21.7089,339.65,0.39,0.36,2023-10-15,1134,N,VIIRS,n,2,299.93,2.79,D,0
40.01445,21.61263,334.51,0.39,0.36,2023-10-15,1134,N,VIIRS,n,2,305.28,4.35,D,0
40.05824,21.63048,334.61,0.39,0.36,2023-10-15,1134,N,VIIRS,n,2,301.88,2.08,D,0
40.07431,21.29918,331.08,0.39,0.36,2023-10-15,1134,N,VIIRS,n,2,299.61,3.51,D,0
40.07366,21.29465,330.82,0.39,0.36,2023-10-15,1134,N,VIIRS,n,2,299.94,3.15,D,0
40.81301,26.15252,336.76,0.55,0.43,2023-10-15,1134,N,VIIRS,n,2,296.24,6.55,D,0
40.37016,21.38236,340.59,0.39,0.36,2023-10-15,1134,N,VIIRS,n,2,300.89,3.51,D,0
40.9757,26.33323,333.32,0.57,0.43,2023-10-15,1134,N,VIIRS,n,2,296.03,2.48,D,0
39.38649,22.8087,299.05,0.44,0.46,2023-10-15,2353,N,VIIRS,n,2,286.96,0.64,N,2
38.12812,23.52427,306.46,0.39,0.44,2023-10-15,2354,N,VIIRS,n,2,289.42,0.74,N,2
39.05142,22.2737,327.52,0.43,0.38,2023-10-16,1115,N,VIIRS,n,2,281.64,2.85,D,0
39.05231,22.27862,331.81,0.43,0.38,2023-10-16,1115,N,VIIRS,n,2,280.4,3.76,D,0
38.4534,23.13649,337.42,0.41,0.37,2023-10-16,1115,N,VIIRS,n,2,295.46,2.22,D,0
39.9298,21.64088,325.64,0.44,0.38,2023-10-16,1115,N,VIIRS,n,2,290.57,3.4,D,0
38.45082,23.14214,326.45,0.41,0.37,2023-10-16,1115,N,VIIRS,n,2,295.22,2.13,D,0
39.46473,22.25729,333.2,0.43,0.38,2023-10-16,1115,N,VIIRS,n,2,295.74,3.29,D,0
39.42472,22.50302,344.01,0.42,0.38,2023-10-16,1115,N,VIIRS,n,2,294.04,4.51,D,0
39.32424,22.4128,335.12,0.42,0.38,2023-10-16,1115,N,VIIRS,n,2,295.42,3.01,D,0
39.4187,22.4894,352.11,0.42,0.38,2023-10-16,1115,N,VIIRS,n,2,297.75,7.05,D,0
36.87112,22.62825,335.33,0.44,0.39,2023-10-16,1115,N,VIIRS,n,2,300.9,1.84,D,0
39.05576,22.27759,327.89,0.43,0.38,2023-10-16,1115,N,VIIRS,n,2,281.48,2.78,D,0
39.32015,22.61242,346.42,0.42,0.38,2023-10-16,1115,N,VIIRS,n,2,296.65,11.88,D,0
39.30137,22.56727,343.75,0.42,0.38,2023-10-16,1115,N,VIIRS,n,2,296.39,6.76,D,0
38.45001,23.13745,343.48,0.41,0.37,2023-10-16,1115,N,VIIRS,n,2,296.59,2.22,D,0
36.87464,22.62734,335,0.44,0.39,2023-10-16,1115,N,VIIRS,n,2,302.09,1.84,D,0
39.42558,22.50789,331.16,0.42,0.38,2023-10-16,1115,N,VIIRS,n,2,294.55,4.51,D,0
36.95802,22.46526,332.95,0.45,0.39,2023-10-16,1115,N,VIIRS,n,2,301.95,2.25,D,0
40.07499,21.61574,329.35,0.44,0.38,2023-10-16,1116,N,VIIRS,n,2,289.13,3.62,D,0
40.07528,21.6184,325.6,0.44,0.38,2023-10-16,1116,N,VIIRS,n,2,291.4,2.35,D,0
40.62197,22.22391,326.24,0.42,0.37,2023-10-16,1116,N,VIIRS,n,2,297.1,1.63,D,0
40.62464,22.18534,326.75,0.42,0.37,2023-10-16,1116,N,VIIRS,n,2,296.03,1.46,D,0
40.65101,22.19263,344.12,0.42,0.37,2023-10-16,1116,N,VIIRS,n,2,296.46,4.77,D,0
40.6578,22.19056,346.5,0.42,0.37,2023-10-16,1116,N,VIIRS,n,2,297.15,2.46,D,0
40.66119,22.18952,355.5,0.42,0.37,2023-10-16,1116,N,VIIRS,l,2,299.56,12.16,D,0
37.91889,23.07195,300.35,0.53,0.5,2023-10-18,0056,N,VIIRS,n,2,288.49,1.73,N,2
37.58428,21.93587,299.43,0.48,0.48,2023-10-18,0056,N,VIIRS,n,2,283.36,1.26,N,0
37.58403,21.9387,295.86,0.48,0.48,2023-10-18,0057,N,VIIRS,n,2,283.52,1.08,N,0
35.23722,24.67107,333.04,0.37,0.58,2023-10-18,1037,N,VIIRS,n,2,295.92,2.43,D,0
41.0547,26.33371,367,0.4,0.6,2023-10-19,1200,N,VIIRS,h,2,293.36,7.87,D,0
39.35497,22.98749,300.52,0.39,0.36,2023-10-20,0018,N,VIIRS,n,2,287.74,0.59,N,2
39.3849,22.80895,296.49,0.39,0.36,2023-10-20,0018,N,VIIRS,n,2,285.94,0.24,N,2
40.28576,23.4458,296.46,0.39,0.36,2023-10-20,0018,N,VIIRS,n,2,285.55,0.4,N,2
39.38822,22.80975,296.66,0.39,0.36,2023-10-20,0018,N,VIIRS,n,2,285.54,0.24,N,0
40.28407,23.44337,302.78,0.39,0.36,2023-10-20,0018,N,VIIRS,n,2,285.78,0.58,N,2
38.373,24.06223,301.23,0.39,0.36,2023-10-20,0019,N,VIIRS,n,2,289.48,0.49,N,2
38.12861,23.52452,311.43,0.38,0.36,2023-10-20,0019,N,VIIRS,n,2,288.39,1.47,N,2
39.17039,22.8394,315.49,0.39,0.36,2023-10-20,0019,N,VIIRS,n,2,287.52,1.31,N,2
39.16972,22.84386,296.11,0.39,0.36,2023-10-20,0019,N,VIIRS,n,2,281.69,0.55,N,2
39.6784,22.58584,325.99,0.45,0.39,2023-10-20,1141,N,VIIRS,n,2,297.9,1.85,D,0
40.28426,23.44358,299.21,0.52,0.42,2023-10-20,2359,N,VIIRS,n,2,289.03,0.79,N,2
37.87065,21.27859,298.81,0.42,0.45,2023-10-21,0000,N,VIIRS,n,2,285.77,0.86,N,0
37.21227,21.98998,345.54,0.41,0.37,2023-10-21,1121,N,VIIRS,n,2,299.17,2.74,D,0
37.21306,21.99458,335.47,0.41,0.37,2023-10-21,1121,N,VIIRS,n,2,299.3,2.74,D,0
37.92847,23.95335,352.73,0.38,0.36,2023-10-21,1121,N,VIIRS,n,2,301.77,6.03,D,0
38.51901,23.18907,347.69,0.39,0.36,2023-10-21,1121,N,VIIRS,n,2,301.78,3.03,D,0
38.52232,23.18825,347.4,0.39,0.36,2023-10-21,1121,N,VIIRS,n,2,301.57,3.89,D,0
40.29301,21.91151,338,0.39,0.36,2023-10-21,1122,N,VIIRS,n,2,299.79,2.75,D,0
40.29697,21.90715,344.22,0.39,0.36,2023-10-21,1122,N,VIIRS,n,2,299.21,5.61,D,0
40.98212,26.33425,330.94,0.43,0.38,2023-10-21,1122,N,VIIRS,n,2,296.55,2.68,D,0
40.36156,21.77331,339.69,0.4,0.37,2023-10-21,1122,N,VIIRS,n,2,285.4,2.23,D,0
40.85849,21.54199,330.86,0.4,0.37,2023-10-21,1122,N,VIIRS,n,2,291.88,2.41,D,0
39.25274,22.63696,335.62,0.39,0.36,2023-10-21,1122,N,VIIRS,n,2,300.76,2.38,D,0
40.86768,21.53443,326.59,0.4,0.37,2023-10-21,1122,N,VIIRS,n,2,288.6,2.25,D,0
41.23228,23.20246,328.54,0.38,0.36,2023-10-21,1122,N,VIIRS,n,2,295.87,3.35,D,0
40.29377,21.91614,335.97,0.39,0.36,2023-10-21,1122,N,VIIRS,n,2,301.04,3.12,D,0
39.36008,22.50131,330.87,0.39,0.36,2023-10-21,1122,N,VIIRS,n,2,301.31,2.35,D,0
38.63973,21.31217,342.27,0.43,0.46,2023-10-22,1103,N,VIIRS,n,2,297.36,4.95,D,0
41.06145,26.32647,356.16,0.39,0.37,2023-10-22,1103,N,VIIRS,n,2,294.2,9.91,D,0
40.64442,21.67939,334.38,0.57,0.43,2023-10-22,1103,N,VIIRS,n,2,294.41,5.04,D,0
37.88568,21.28413,336.52,0.45,0.47,2023-10-22,1103,N,VIIRS,n,2,298.71,4.88,D,0
40.94383,23.05159,336.87,0.54,0.51,2023-10-23,1044,N,VIIRS,n,2,296.45,5.54,D,0
39.75262,22.20983,325.85,0.63,0.54,2023-10-23,1044,N,VIIRS,n,2,295.08,3.46,D,0
40.94171,23.05079,330.37,0.54,0.51,2023-10-23,1045,N,VIIRS,n,2,295.75,3.21,D,0
39.20435,22.46317,330.67,0.52,0.67,2023-10-23,1225,N,VIIRS,n,2,295.3,3.71,D,0
39.16821,22.84257,309.93,0.52,0.41,2023-10-24,0044,N,VIIRS,n,2,288.76,1.36,N,2
38.37229,24.06191,300.62,0.41,0.45,2023-10-24,0044,N,VIIRS,n,2,290.31,0.64,N,2
39.35574,22.98421,297.42,0.52,0.42,2023-10-24,0044,N,VIIRS,n,2,281.52,0.6,N,2
37.72278,24.96172,335.23,0.45,0.63,2023-10-24,1025,N,VIIRS,n,2,292.52,3.76,D,0
37.80536,21.29049,326.77,0.49,0.48,2023-10-24,1205,N,VIIRS,n,2,295.45,2.29,D,0
39.31693,22.64311,333.26,0.6,0.53,2023-10-24,1206,N,VIIRS,n,2,285.48,3.02,D,0
39.16993,22.84129,295.61,0.39,0.36,2023-10-25,0025,N,VIIRS,n,2,270.51,0.68,N,2
37.91855,23.07398,305.61,0.39,0.36,2023-10-25,0025,N,VIIRS,n,2,293.7,1.03,N,2
38.12971,23.52594,306.98,0.4,0.37,2023-10-25,0025,N,VIIRS,n,2,284.48,0.99,N,2
39.35442,22.9835,295.89,0.39,0.36,2023-10-25,0025,N,VIIRS,n,2,270.09,0.42,N,2
38.1278,23.52424,300.51,0.47,0.47,2023-10-26,2347,N,VIIRS,n,2,287,0.83,N,2
38.12887,23.52385,304.37,0.47,0.47,2023-10-26,2347,N,VIIRS,n,2,287.78,1.04,N,2
36.15704,27.72046,332.21,0.43,0.38,2023-10-26,2348,N,VIIRS,n,2,292,3.71,N,0
36.16055,27.72109,320.71,0.43,0.38,2023-10-26,2348,N,VIIRS,n,2,291.06,3.71,N,0
36.15639,27.72539,329.97,0.43,0.38,2023-10-26,2348,N,VIIRS,n,2,291.73,3.71,N,0
36.15991,27.72593,335.77,0.43,0.38,2023-10-26,2348,N,VIIRS,n,2,292.91,3.71,N,0
38.12937,23.52272,297.08,0.42,0.61,2023-10-27,2328,N,VIIRS,n,2,276.45,0.5,N,2
37.918,23.07279,302.81,0.39,0.59,2023-10-28,0109,N,VIIRS,n,2,291,1.42,N,2
41.5155,26.21005,337.15,0.48,0.4,2023-10-28,1051,N,VIIRS,n,2,301.56,4.53,D,0
39.30157,22.58366,330.45,0.65,0.73,2023-10-28,1231,N,VIIRS,n,2,294.18,5.92,D,0
37.95854,23.40247,337.12,0.7,0.75,2023-10-28,1231,N,VIIRS,n,2,291.7,3.94,D,0
37.96169,23.39982,329.92,0.7,0.75,2023-10-28,1231,N,VIIRS,n,2,291.47,4.33,D,0
39.30047,22.58424,329.96,0.65,0.73,2023-10-28,1231,N,VIIRS,n,2,294.24,6.51,D,0
40.70001,22.95043,301.46,0.39,0.44,2023-10-29,0049,N,VIIRS,n,2,289.37,0.64,N,2
39.35435,22.98726,301.61,0.41,0.45,2023-10-29,0050,N,VIIRS,n,2,287.7,0.77,N,2
40.28415,23.44257,299.8,0.41,0.45,2023-10-29,0050,N,VIIRS,n,2,288.19,0.35,N,2
40.8244,22.79218,325.45,0.4,0.6,2023-10-29,1032,N,VIIRS,n,2,298.27,1.06,D,0
39.5386,22.53075,334.21,0.44,0.63,2023-10-29,1032,N,VIIRS,n,2,293.95,2.81,D,0
40.79944,23.45203,333.58,0.37,0.58,2023-10-29,1032,N,VIIRS,n,2,296.06,2.29,D,0
40.37465,22.53466,329.28,0.37,0.58,2023-10-29,1212,N,VIIRS,n,2,296.45,1.84,D,0
41.04523,26.33001,325.57,0.58,0.7,2023-10-29,1212,N,VIIRS,n,2,288.35,3.08,D,0
40.81844,22.80297,338.4,0.38,0.59,2023-10-29,1212,N,VIIRS,n,2,300.85,2.82,D,0
37.88175,21.34217,341.06,0.6,0.53,2023-10-29,1212,N,VIIRS,n,2,299.55,7.35,D,0
39.55558,22.24714,340.24,0.35,0.57,2023-10-29,1212,N,VIIRS,n,2,298.07,2.67,D,0
39.5945,22.47241,336.54,0.36,0.57,2023-10-29,1212,N,VIIRS,n,2,297.98,4.1,D,0
39.59427,22.46813,327.71,0.36,0.57,2023-10-29,1212,N,VIIRS,n,2,296.8,2.36,D,0
40.24717,21.39573,340.32,0.32,0.54,2023-10-29,1212,N,VIIRS,n,2,295.71,1.97,D,0
41.0434,26.33504,333.72,0.58,0.7,2023-10-29,1213,N,VIIRS,n,2,289.14,6.34,D,0
38.03466,23.59377,299.92,0.44,0.38,2023-10-30,0031,N,VIIRS,n,2,289.55,0.68,N,0
39.53975,22.52872,298.25,0.4,0.37,2023-10-30,0031,N,VIIRS,n,2,285.34,0.55,N,0
39.35415,22.98276,301.34,0.41,0.37,2023-10-30,0031,N,VIIRS,n,2,289.79,1.25,N,2
38.12783,23.52398,305.84,0.43,0.38,2023-10-30,0031,N,VIIRS,n,2,289.28,1.67,N,2
37.9608,23.39987,321.78,0.43,0.38,2023-10-30,0031,N,VIIRS,n,2,291.39,2.34,N,0
37.91901,23.07106,302.69,0.42,0.38,2023-10-30,0031,N,VIIRS,n,2,292.28,1.32,N,2
41.07549,25.26555,339.13,0.5,0.66,2023-10-30,1013,N,VIIRS,n,2,295.41,3.42,D,0
41.07666,25.26561,335.84,0.5,0.66,2023-10-30,1013,N,VIIRS,n,2,295.51,3.42,D,0
36.74903,25.26973,339.43,0.53,0.5,2023-10-30,1152,N,VIIRS,n,2,296.26,4.18,D,0
38.35247,21.11482,329.87,0.51,0.41,2023-10-30,1153,N,VIIRS,n,2,296.59,1.27,D,0
40.38023,21.34548,330.95,0.55,0.43,2023-10-30,1153,N,VIIRS,n,2,296.64,8.94,D,0
40.3939,22.51201,332.08,0.41,0.45,2023-10-30,1153,N,VIIRS,n,2,297.43,3.33,D,0
40.39325,22.51036,345.49,0.41,0.45,2023-10-30,1153,N,VIIRS,n,2,299.39,5.98,D,0
40.05683,21.87386,335.35,0.38,0.43,2023-10-30,1153,N,VIIRS,n,2,296.46,4.52,D,0
39.39698,22.30026,331,0.39,0.44,2023-10-30,1153,N,VIIRS,n,2,300.66,2.24,D,0
41.10877,22.80811,343.2,0.44,0.46,2023-10-30,1154,N,VIIRS,n,2,303.57,6.42,D,0
41.10922,22.81327,340.43,0.44,0.46,2023-10-30,1154,N,VIIRS,n,2,301.24,6.42,D,0
41.03074,26.36717,337.8,0.33,0.55,2023-10-30,1154,N,VIIRS,n,2,294.72,2.59,D,0
41.1045,22.80876,329.93,0.44,0.46,2023-10-30,1154,N,VIIRS,l,2,303.79,5.41,D,0
41.09844,22.78863,338.44,0.44,0.46,2023-10-30,1154,N,VIIRS,n,2,302.05,4.96,D,0
40.28453,23.44678,298.89,0.41,0.37,2023-10-31,0012,N,VIIRS,n,2,287.68,0.52,N,2
40.70564,22.81527,305.06,0.43,0.38,2023-10-31,0012,N,VIIRS,n,2,287.21,1.02,N,2
37.91964,23.07286,303.84,0.4,0.37,2023-10-31,0013,N,VIIRS,n,2,293.1,1.03,N,2
38.03418,23.59266,305.07,0.39,0.36,2023-10-31,0013,N,VIIRS,n,2,290.92,0.78,N,0
38.1283,23.5246,315.47,0.4,0.37,2023-10-31,0013,N,VIIRS,n,2,288.61,1.28,N,2
40.12549,21.69689,327.82,0.39,0.36,2023-10-31,1134,N,VIIRS,n,2,294.76,2.58,D,0
39.53436,22.52649,332.67,0.4,0.37,2023-10-31,1134,N,VIIRS,n,2,298.56,2.81,D,0
39.25563,22.39725,341.48,0.4,0.37,2023-10-31,1134,N,VIIRS,n,2,298.33,3.73,D,0
38.5961,22.79954,345,0.4,0.37,2023-10-31,1134,N,VIIRS,n,2,301.9,6.67,D,0
38.34243,21.13946,328.32,0.38,0.36,2023-10-31,1134,N,VIIRS,n,2,295.79,1.54,D,0
40.99217,24.81571,335.83,0.49,0.4,2023-10-31,1135,N,VIIRS,n,2,300.23,3.81,D,0
40.9878,24.81057,331.82,0.49,0.4,2023-10-31,1135,N,VIIRS,n,2,299.66,1.55,D,0
40.98473,24.81714,333.31,0.49,0.4,2023-10-31,1135,N,VIIRS,n,2,299.41,6.17,D,0
40.97663,24.81271,328.4,0.49,0.4,2023-10-31,1135,N,VIIRS,l,2,300.5,3.53,D,0
39.07666,22.30423,331.87,0.43,0.38,2023-11-01,1115,N,VIIRS,n,2,293.36,1.85,D,0
39.57998,22.42871,331.19,0.42,0.38,2023-11-01,1115,N,VIIRS,n,2,276.29,3.64,D,0
37.54391,21.58434,331.25,0.47,0.4,2023-11-01,1115,N,VIIRS,n,2,295.72,4.93,D,0
37.5429,21.57906,325.63,0.47,0.4,2023-11-01,1115,N,VIIRS,n,2,294.53,2.2,D,0
37.61248,21.74697,330.77,0.47,0.39,2023-11-01,1115,N,VIIRS,n,2,294.1,5.28,D,0
38.67315,22.53505,325.31,0.43,0.38,2023-11-01,1115,N,VIIRS,n,2,286.45,1.98,D,0
38.83125,22.50589,326.46,0.42,0.38,2023-11-01,1115,N,VIIRS,n,2,293.43,1.97,D,0
38.84239,22.50772,343.06,0.42,0.38,2023-11-01,1115,N,VIIRS,n,2,289.94,3.95,D,0
38.84153,22.50288,336.91,0.42,0.38,2023-11-01,1115,N,VIIRS,n,2,291.21,3.95,D,0
37.24554,21.98364,331.61,0.46,0.39,2023-11-01,1115,N,VIIRS,n,2,295.84,2.8,D,0
38.84067,22.49805,327.6,0.42,0.38,2023-11-01,1115,N,VIIRS,n,2,289.99,2.12,D,0
41.21443,26.31895,331.25,0.4,0.37,2023-11-01,1116,N,VIIRS,n,2,293.55,9.4,D,0
40.21756,22.56494,331.5,0.41,0.37,2023-11-01,1116,N,VIIRS,n,2,294.85,2.05,D,0
40.44807,23.41897,332.83,0.39,0.36,2023-11-01,1116,N,VIIRS,n,2,293.24,2.12,D,0
40.29485,21.91054,335.62,0.43,0.38,2023-11-01,1116,N,VIIRS,n,2,297.39,4.51,D,0
40.29738,21.90457,336.21,0.43,0.38,2023-11-01,1116,N,VIIRS,n,2,297.18,4.21,D,0
40.30272,21.914,337.77,0.43,0.38,2023-11-01,1116,N,VIIRS,n,2,296.66,2.33,D,0
40.32448,21.95437,336,0.42,0.38,2023-11-01,1116,N,VIIRS,n,2,295.15,5.67,D,0
40.33311,21.96223,337.78,0.42,0.38,2023-11-01,1116,N,VIIRS,n,2,296.1,4.62,D,0
40.37548,21.75263,335.08,0.43,0.38,2023-11-01,1116,N,VIIRS,n,2,297.89,5.38,D,0
40.37805,21.74683,341.17,0.43,0.38,2023-11-01,1116,N,VIIRS,n,2,300.52,3.32,D,0
40.51285,22.45897,326.86,0.41,0.37,2023-11-01,1116,N,VIIRS,n,2,294.36,2.47,D,0
40.39367,21.77272,340.11,0.43,0.38,2023-11-01,1116,N,VIIRS,n,2,298.9,3.29,D,0
40.38457,21.703,351.2,0.43,0.38,2023-11-01,1116,N,VIIRS,n,2,299.71,5.47,D,0
40.38803,21.70203,341.26,0.43,0.38,2023-11-01,1116,N,VIIRS,n,2,296.66,2.67,D,0
41.18104,26.31057,330.71,0.4,0.37,2023-11-01,1116,N,VIIRS,n,2,293.35,6.88,D,0
41.18039,26.30587,334.8,0.4,0.37,2023-11-01,1116,N,VIIRS,n,2,298.85,6.88,D,0
40.57274,22.39514,341.62,0.41,0.37,2023-11-01,1116,N,VIIRS,n,2,296.02,7.66,D,0
40.68019,22.89372,344.42,0.4,0.37,2023-11-01,1116,N,VIIRS,n,2,300.4,1.96,D,0
40.50333,21.75156,350.9,0.43,0.38,2023-11-01,1116,N,VIIRS,n,2,297.46,6.05,D,0
40.50583,21.74537,338.94,0.43,0.38,2023-11-01,1116,N,VIIRS,n,2,297.25,2.92,D,0
40.50926,21.7443,336.23,0.43,0.38,2023-11-01,1116,N,VIIRS,n,2,296.49,2.92,D,0
40.6783,22.25659,339.15,0.41,0.37,2023-11-01,1116,N,VIIRS,n,2,297.12,2.04,D,0
40.68168,22.25556,343.42,0.41,0.37,2023-11-01,1116,N,VIIRS,n,2,296.38,2.04,D,0
41.00285,23.57045,331.4,0.39,0.36,2023-11-01,1116,N,VIIRS,n,2,298.84,1.47,D,0
40.96528,22.8935,345.97,0.4,0.37,2023-11-01,1116,N,VIIRS,n,2,306.36,12.07,D,0
41.50618,26.41455,335.74,0.4,0.37,2023-11-01,1116,N,VIIRS,n,2,301.41,6.11,D,0
41.50552,26.40977,346.59,0.4,0.37,2023-11-01,1116,N,VIIRS,n,2,300.49,6.11,D,0
41.50954,26.41375,334.01,0.4,0.37,2023-11-01,1116,N,VIIRS,n,2,298.72,6.11,D,0
41.50888,26.40896,332.15,0.4,0.37,2023-11-01,1116,N,VIIRS,n,2,299.43,6.11,D,0
41.56203,26.18666,332.21,0.4,0.37,2023-11-01,1116,N,VIIRS,n,2,297.2,2.89,D,0
38.0507,21.35196,305.54,0.44,0.46,2023-11-03,0057,N,VIIRS,n,2,287.25,1.14,N,0
38.63591,22.51014,334.93,0.43,0.62,2023-11-03,1218,N,VIIRS,n,2,280.52,4.32,D,0
39.2989,22.70118,335.28,0.45,0.63,2023-11-03,1218,N,VIIRS,n,2,282.54,4.82,D,0
39.37668,22.77226,333.77,0.45,0.63,2023-11-03,1218,N,VIIRS,n,2,276.04,2.71,D,0
39.37038,22.32563,330.25,0.43,0.62,2023-11-03,1218,N,VIIRS,n,2,289.38,4.35,D,0
39.54722,22.66805,332.92,0.45,0.63,2023-11-03,1218,N,VIIRS,n,2,284.41,5.91,D,0
39.55309,22.66773,329.76,0.45,0.63,2023-11-03,1218,N,VIIRS,n,2,281.38,5.91,D,0
40.28576,23.44411,301.49,0.46,0.39,2023-11-04,0037,N,VIIRS,n,2,284.23,0.77,N,2
35.33232,23.94514,357.38,0.53,0.5,2023-11-04,1158,N,VIIRS,l,2,288.2,19.82,D,0
35.32812,23.9511,349.37,0.53,0.5,2023-11-04,1158,N,VIIRS,n,2,289.57,16.13,D,0
35.32771,23.94607,346.84,0.53,0.5,2023-11-04,1158,N,VIIRS,n,2,288.49,14.62,D,0
35.33275,23.95034,357.38,0.53,0.5,2023-11-04,1158,N,VIIRS,l,2,289.65,48.59,D,0
35.33781,23.95473,352.63,0.53,0.5,2023-11-04,1158,N,VIIRS,n,2,290.19,48.59,D,0
37.67251,21.37349,326.62,0.41,0.45,2023-11-04,1159,N,VIIRS,n,2,290.86,1.71,D,0
37.67297,21.37816,342.14,0.41,0.45,2023-11-04,1159,N,VIIRS,n,2,294.95,13.71,D,0
37.6771,21.37747,343.18,0.41,0.45,2023-11-04,1159,N,VIIRS,n,2,290.87,11.22,D,0
37.91828,23.07178,296.94,0.38,0.36,2023-11-05,0019,N,VIIRS,n,2,279.59,0.55,N,2
38.15259,24.58039,336.57,0.39,0.36,2023-11-05,0019,N,VIIRS,n,2,294.95,11.08,N,0
38.15186,24.58479,305.16,0.39,0.36,2023-11-05,0019,N,VIIRS,n,2,286.3,1.33,N,0
38.1493,24.5794,344.07,0.39,0.36,2023-11-05,0019,N,VIIRS,n,2,287.36,11.08,N,0
38.12873,24.57858,304.76,0.39,0.36,2023-11-05,0019,N,VIIRS,n,2,286.94,0.73,N,0
38.12211,24.57682,299.41,0.39,0.36,2023-11-05,0019,N,VIIRS,n,2,286.47,0.86,N,0
38.12109,24.56233,328.36,0.39,0.36,2023-11-05,0019,N,VIIRS,n,2,286.71,7.83,N,0
38.11779,24.56144,344.65,0.39,0.36,2023-11-05,0019,N,VIIRS,n,2,291.26,7.83,N,0
38.11702,24.56599,300.92,0.39,0.36,2023-11-05,0019,N,VIIRS,n,2,286.47,1.22,N,0
38.12956,23.52715,307.21,0.38,0.36,2023-11-05,0019,N,VIIRS,n,2,286.98,0.77,N,2
39.10139,26.06079,339.89,0.42,0.45,2023-11-05,1140,N,VIIRS,n,2,295.65,4.88,D,0
41.07716,24.15045,343.82,0.54,0.42,2023-11-05,1141,N,VIIRS,n,2,293.78,7.26,D,0
40.4268,22.4491,329.72,0.45,0.39,2023-11-05,1141,N,VIIRS,n,2,292.05,2.66,D,0
41.07769,24.15207,331.71,0.54,0.42,2023-11-05,1141,N,VIIRS,n,2,293.56,8.46,D,0
40.28345,23.44646,298.94,0.52,0.42,2023-11-05,2359,N,VIIRS,n,2,287.33,0.66,N,0
39.1674,22.84219,302.28,0.54,0.42,2023-11-06,0000,N,VIIRS,n,2,289.13,1.13,N,2
38.12845,23.52597,303.64,0.49,0.4,2023-11-06,0000,N,VIIRS,n,2,289.19,0.68,N,2
38.52647,22.98269,326.71,0.39,0.36,2023-11-06,1121,N,VIIRS,n,2,299.44,2.03,D,0
38.30803,21.51718,330.5,0.41,0.37,2023-11-06,1121,N,VIIRS,n,2,295.5,2.85,D,0
37.96592,21.29527,344.06,0.42,0.38,2023-11-06,1121,N,VIIRS,n,2,295.36,2.4,D,0
38.22059,22.98438,336.62,0.39,0.36,2023-11-06,1121,N,VIIRS,n,2,298.48,1.72,D,0
37.96153,23.40303,330.67,0.39,0.36,2023-11-06,1121,N,VIIRS,n,2,297.23,2,D,0
37.64597,21.56224,336.51,0.42,0.38,2023-11-06,1121,N,VIIRS,n,2,295.99,2.1,D,0
37.17978,22.47164,334.61,0.4,0.37,2023-11-06,1121,N,VIIRS,n,2,296.55,2.53,D,0
40.99268,22.64276,331.91,0.39,0.36,2023-11-06,1122,N,VIIRS,n,2,297.62,2.58,D,0
40.81273,21.45213,333.26,0.4,0.37,2023-11-06,1122,N,VIIRS,n,2,296.33,4.36,D,0
40.81194,21.44747,337.98,0.4,0.37,2023-11-06,1122,N,VIIRS,n,2,296.75,4.36,D,0
40.81527,21.4465,326.89,0.4,0.37,2023-11-06,1122,N,VIIRS,n,2,295.04,2.19,D,0
41.56264,26.25111,337.11,0.43,0.38,2023-11-06,1122,N,VIIRS,n,2,297.29,4.72,D,0
38.8425,22.53608,328.43,0.39,0.36,2023-11-06,1122,N,VIIRS,n,2,295.95,2.48,D,0
39.06033,22.47238,334.89,0.39,0.36,2023-11-06,1122,N,VIIRS,n,2,297.3,3.58,D,0
39.06788,22.40144,346.7,0.39,0.36,2023-11-06,1122,N,VIIRS,n,2,303.17,10.68,D,0
39.08398,22.18486,327.36,0.4,0.37,2023-11-06,1122,N,VIIRS,n,2,291.24,2.1,D,0
39.40717,22.76583,331.96,0.39,0.36,2023-11-06,1122,N,VIIRS,n,2,298.75,7.63,D,0
39.40646,22.76137,328.93,0.39,0.36,2023-11-06,1122,N,VIIRS,n,2,302.68,7.72,D,0
39.35425,22.43887,330.99,0.39,0.36,2023-11-06,1122,N,VIIRS,n,2,300.68,1.02,D,0
39.41047,22.76495,350.06,0.39,0.36,2023-11-06,1122,N,VIIRS,n,2,299.37,5.81,D,0
39.40976,22.76049,331.94,0.39,0.36,2023-11-06,1122,N,VIIRS,n,2,297.23,2.29,D,0
39.62002,22.62818,333.6,0.39,0.36,2023-11-06,1122,N,VIIRS,n,2,298.07,2.84,D,0
39.62496,22.55191,355.28,0.39,0.36,2023-11-06,1122,N,VIIRS,n,2,303.47,10.52,D,0
39.62827,22.55102,337.68,0.39,0.36,2023-11-06,1122,N,VIIRS,n,2,299.49,4.64,D,0
39.58248,22.24792,331.89,0.39,0.36,2023-11-06,1122,N,VIIRS,n,2,299.14,1.62,D,0
39.58401,22.24883,332.95,0.39,0.36,2023-11-06,1122,N,VIIRS,n,2,299.86,2.78,D,0
39.65517,22.53559,333.34,0.39,0.36,2023-11-06,1122,N,VIIRS,n,2,299.16,4.22,D,0
39.62866,22.28862,332.26,0.39,0.36,2023-11-06,1122,N,VIIRS,n,2,298.1,2,D,0
39.6894,22.30028,325.22,0.39,0.36,2023-11-06,1122,N,VIIRS,n,2,297.15,1.57,D,0
40.10679,23.37194,332.22,0.38,0.36,2023-11-06,1122,N,VIIRS,n,2,300.48,3.59,D,0
40.52615,23.42546,331.13,0.38,0.36,2023-11-06,1122,N,VIIRS,n,2,295.89,3.47,D,0
40.76856,23.96386,330.98,0.39,0.36,2023-11-06,1122,N,VIIRS,n,2,297.13,2.55,D,0
40.95099,23.96314,330.66,0.39,0.36,2023-11-06,1122,N,VIIRS,n,2,296.3,2.21,D,0
40.99999,24.1364,336.26,0.39,0.36,2023-11-06,1122,N,VIIRS,n,2,298.44,4.77,D,0
41.01524,24.14689,334.56,0.39,0.36,2023-11-06,1122,N,VIIRS,n,2,297.38,3.53,D,0
40.82822,22.632,333.95,0.39,0.36,2023-11-06,1122,N,VIIRS,n,2,297.2,2.25,D,0
40.83151,22.6311,336.02,0.39,0.36,2023-11-06,1122,N,VIIRS,n,2,297.44,4.74,D,0
40.94064,22.87315,342.96,0.38,0.36,2023-11-06,1122,N,VIIRS,n,2,298.2,4.06,D,0
40.93993,22.86862,337.96,0.38,0.36,2023-11-06,1122,N,VIIRS,n,2,299.11,4.24,D,0
38.8366,22.54234,344.96,0.39,0.36,2023-11-06,1122,N,VIIRS,n,2,297.27,4.57,D,0
38.56467,21.40893,346.32,0.41,0.37,2023-11-06,1122,N,VIIRS,n,2,298.24,6.32,D,0
38.56548,21.41363,335.14,0.41,0.37,2023-11-06,1122,N,VIIRS,n,2,296.7,5.01,D,0
38.65902,22.52381,346.86,0.39,0.36,2023-11-06,1122,N,VIIRS,n,2,300.44,8.42,D,0
40.87839,22.45498,331.02,0.39,0.36,2023-11-06,1122,N,VIIRS,n,2,296.59,3.58,D,0
38.12856,23.52371,301.29,0.57,0.52,2023-11-06,2341,N,VIIRS,n,2,289.41,1.16,N,2
41.5343,26.22382,327.74,0.39,0.36,2023-11-07,1103,N,VIIRS,n,2,295.18,2.99,D,0
40.79536,21.47414,330.82,0.57,0.43,2023-11-07,1103,N,VIIRS,n,2,291.97,4.17,D,0
41.60821,26.28211,336.73,0.39,0.36,2023-11-07,1103,N,VIIRS,n,2,296.72,2.73,D,0
40.93695,22.69946,327.69,0.5,0.41,2023-11-07,1103,N,VIIRS,n,2,297.2,1.45,D,0
41.53353,26.21916,351.61,0.39,0.36,2023-11-07,1103,N,VIIRS,n,2,296.99,6.58,D,0
41.52944,26.2155,339.31,0.39,0.36,2023-11-07,1103,N,VIIRS,n,2,296.81,4.31,D,0
41.03546,23.54,331.19,0.47,0.39,2023-11-07,1103,N,VIIRS,n,2,294.14,3.06,D,0
41.50602,26.38831,329.75,0.39,0.36,2023-11-07,1103,N,VIIRS,n,2,299.01,4.86,D,0
41.50678,26.39294,326.38,0.39,0.36,2023-11-07,1103,N,VIIRS,l,2,297,4.86,D,0
41.49811,26.36146,331.66,0.39,0.36,2023-11-07,1103,N,VIIRS,n,2,297.13,1.53,D,0
41.01975,23.87523,335.37,0.45,0.39,2023-11-07,1103,N,VIIRS,n,2,305.05,29.62,D,0
40.82153,22.90938,327.85,0.5,0.41,2023-11-07,1103,N,VIIRS,n,2,296.63,3.64,D,0
40.957,23.64379,342.82,0.46,0.39,2023-11-07,1103,N,VIIRS,n,2,294.97,4.24,D,0
41.42317,26.35715,330.01,0.39,0.36,2023-11-07,1103,N,VIIRS,n,2,296.16,2.24,D,0
40.91328,23.93438,327.81,0.45,0.39,2023-11-07,1103,N,VIIRS,n,2,296.05,2.86,D,0
40.84307,24.10473,329.12,0.45,0.39,2023-11-07,1103,N,VIIRS,n,2,295.47,2.72,D,0
40.8139,24.00875,334.14,0.45,0.39,2023-11-07,1103,N,VIIRS,n,2,294.11,3.19,D,0
39.07726,22.40632,332.24,0.56,0.43,2023-11-07,1103,N,VIIRS,n,2,295.04,5.44,D,0
39.0734,22.40767,334.43,0.56,0.43,2023-11-07,1103,N,VIIRS,n,2,296.53,5.44,D,0
38.84672,22.518,329.39,0.56,0.43,2023-11-07,1103,N,VIIRS,n,2,295.42,3.98,D,0
38.84804,22.52432,328.27,0.56,0.43,2023-11-07,1103,N,VIIRS,n,2,294.56,5.63,D,0
38.06096,21.44889,325.9,0.43,0.46,2023-11-07,1103,N,VIIRS,n,2,295.4,3.15,D,0
37.6956,21.3402,328.58,0.45,0.47,2023-11-07,1103,N,VIIRS,n,2,294.5,2.31,D,0
40.28477,23.44338,295.35,0.59,0.53,2023-11-08,0102,N,VIIRS,n,2,285.26,0.54,N,2
37.93091,22.90399,307.54,0.32,0.54,2023-11-08,0103,N,VIIRS,n,2,284.63,0.49,N,0
38.37349,24.0624,302.35,0.36,0.57,2023-11-08,0103,N,VIIRS,n,2,288.81,0.66,N,2
38.37309,24.05991,301.17,0.36,0.57,2023-11-08,0103,N,VIIRS,n,2,288.59,0.93,N,2
39.50751,22.67668,326.35,0.6,0.53,2023-11-08,1044,N,VIIRS,n,2,295.57,4.3,D,0
37.64531,24.31552,356.7,0.55,0.51,2023-11-08,1044,N,VIIRS,n,2,299.57,20.9,D,0
37.64981,24.31341,347.78,0.55,0.51,2023-11-08,1044,N,VIIRS,n,2,294.53,15.07,D,0
37.64766,24.31892,326.05,0.55,0.51,2023-11-08,1044,N,VIIRS,n,2,291.29,21.38,D,0
37.64632,24.31336,349.06,0.55,0.51,2023-11-08,1044,N,VIIRS,n,2,302.77,21.38,D,0
38.52824,22.97013,339.76,0.62,0.54,2023-11-08,1044,N,VIIRS,n,2,295.23,5.34,D,0
38.52834,22.96884,339.3,0.62,0.54,2023-11-08,1044,N,VIIRS,n,2,294.57,9.11,D,0
39.0701,22.41819,350.88,0.32,0.55,2023-11-08,1044,N,VIIRS,n,2,299.84,3.94,D,0
39.58019,22.25005,325.38,0.63,0.54,2023-11-08,1044,N,VIIRS,n,2,293.98,3.66,D,0
39.57538,22.25215,335.48,0.63,0.54,2023-11-08,1044,N,VIIRS,n,2,296.42,5.19,D,0
39.58035,22.25066,328.25,0.63,0.54,2023-11-08,1044,N,VIIRS,n,2,294.06,5.5,D,0
39.07492,22.41604,326.24,0.32,0.55,2023-11-08,1044,N,VIIRS,n,2,295.8,3.94,D,0
39.07402,22.41245,352.38,0.32,0.55,2023-11-08,1044,N,VIIRS,n,2,299.25,3.94,D,0
39.07356,22.41565,367,0.32,0.55,2023-11-08,1044,N,VIIRS,h,2,299,5.1,D,0
39.07264,22.41207,353.7,0.32,0.55,2023-11-08,1044,N,VIIRS,n,2,298.86,5.1,D,0
39.05234,22.33324,337.06,0.32,0.55,2023-11-08,1044,N,VIIRS,n,2,297.09,2.63,D,0
39.57555,22.25279,332.97,0.63,0.54,2023-11-08,1044,N,VIIRS,n,2,296.53,5.5,D,0
37.6461,24.31643,347.65,0.65,0.73,2023-11-08,1224,N,VIIRS,n,2,295.03,7.71,D,0
37.83288,21.29323,334.16,0.44,0.63,2023-11-08,1224,N,VIIRS,n,2,292.42,2.78,D,0
39.32252,22.34215,331.72,0.52,0.67,2023-11-08,1225,N,VIIRS,n,2,290.88,3.57,D,0
39.58387,22.25562,332.06,0.52,0.66,2023-11-08,1225,N,VIIRS,n,2,293.23,3.74,D,0
39.57104,22.24365,341.53,0.51,0.66,2023-11-08,1225,N,VIIRS,n,2,292.56,9.35,D,0
39.32234,22.58781,349.13,0.54,0.67,2023-11-08,1225,N,VIIRS,n,2,293.77,10.12,D,0
39.32499,22.34387,337.72,0.52,0.67,2023-11-08,1225,N,VIIRS,n,2,291.39,6.06,D,0
39.31984,22.58952,340.39,0.53,0.67,2023-11-08,1225,N,VIIRS,n,2,293.84,10.35,D,0
37.91801,23.07197,303.02,0.56,0.43,2023-11-09,0044,N,VIIRS,n,2,291.6,1.52,N,2
40.93031,23.48689,330.92,0.43,0.62,2023-11-09,1026,N,VIIRS,n,2,289.11,1.93,D,0
38.12794,23.52443,301,0.4,0.37,2023-11-10,0025,N,VIIRS,n,2,285.68,0.97,N,2
40.28421,23.44553,296.74,0.39,0.36,2023-11-10,0025,N,VIIRS,n,2,284.2,0.43,N,2
38.13127,23.52533,295.19,0.4,0.37,2023-11-10,0025,N,VIIRS,n,2,284.91,0.75,N,2
38.37563,24.06243,295.99,0.41,0.37,2023-11-10,0025,N,VIIRS,n,2,283.73,1.01,N,3
39.17294,26.02081,325.04,0.62,0.72,2023-11-10,1007,N,VIIRS,n,2,283.26,3.63,D,0
41.59282,26.24381,336.57,0.55,0.51,2023-11-10,1147,N,VIIRS,n,2,288.58,5.73,D,0
39.1689,22.84091,305.49,0.46,0.39,2023-11-11,0006,N,VIIRS,n,2,284.43,0.97,N,2
38.03651,23.59098,297.31,0.46,0.47,2023-11-11,2347,N,VIIRS,n,2,287.02,0.64,N,0
38.79302,23.49648,296,0.47,0.48,2023-11-11,2347,N,VIIRS,n,2,284.78,0.61,N,0
38.37447,24.06389,298.95,0.44,0.46,2023-11-11,2347,N,VIIRS,n,2,287.96,0.72,N,2
38.13068,23.52646,301.95,0.46,0.47,2023-11-11,2347,N,VIIRS,n,2,286.68,0.84,N,2
39.18166,25.93146,339.59,0.39,0.36,2023-11-12,1109,N,VIIRS,n,2,292.89,3.64,D,0
39.18496,25.93058,345.77,0.39,0.36,2023-11-12,1109,N,VIIRS,n,2,295.73,3.64,D,0
41.35878,26.60632,343.14,0.38,0.36,2023-11-12,1110,N,VIIRS,n,2,297.43,5.37,D,0
41.36207,26.60545,328.26,0.38,0.36,2023-11-12,1110,N,VIIRS,n,2,293.46,5.37,D,0
41.36379,26.54804,342.05,0.38,0.36,2023-11-12,1110,N,VIIRS,n,2,297.14,9.17,D,0
41.37832,26.55372,333.15,0.38,0.36,2023-11-12,1110,N,VIIRS,n,2,294.7,4.27,D,0
41.38161,26.55285,330,0.38,0.36,2023-11-12,1110,N,VIIRS,n,2,292.53,4.27,D,0
41.4103,26.37905,325.98,0.38,0.36,2023-11-12,1110,N,VIIRS,n,2,294.05,1.51,D,0
41.59684,26.35697,340.09,0.38,0.36,2023-11-12,1110,N,VIIRS,n,2,294.35,7.59,D,0
41.53284,26.25029,337.23,0.38,0.36,2023-11-12,1110,N,VIIRS,n,2,294.28,6.67,D,0
41.51051,26.26102,332.58,0.38,0.36,2023-11-12,1110,N,VIIRS,n,2,294.37,3.5,D,0
41.41919,26.37436,331.87,0.38,0.36,2023-11-12,1110,N,VIIRS,n,2,294.54,2.04,D,0
41.50939,26.35983,330.57,0.38,0.36,2023-11-12,1110,N,VIIRS,n,2,292.51,1.44,D,0
41.41359,26.37818,332.87,0.38,0.36,2023-11-12,1110,N,VIIRS,n,2,295.31,2.63,D,0
38.12845,23.52348,295.48,0.47,0.47,2023-11-14,0050,N,VIIRS,n,2,283.09,0.58,N,2
37.23908,23.14852,312.06,0.47,0.48,2023-11-14,0050,N,VIIRS,n,2,288.13,1.55,N,0
37.24031,23.14313,299.61,0.47,0.47,2023-11-14,0050,N,VIIRS,n,2,286.72,1.55,N,0
35.33213,25.33256,327.52,0.41,0.61,2023-11-14,1030,N,VIIRS,n,2,292.59,2.63,D,0
39.04755,26.13334,338.81,0.6,0.53,2023-11-14,1031,N,VIIRS,n,2,292.64,3.62,D,0
38.37332,24.06075,299.56,0.45,0.39,2023-11-15,0031,N,VIIRS,n,2,287.22,1.1,N,2
38.37467,24.06278,298.5,0.45,0.39,2023-11-15,0031,N,VIIRS,n,2,286.81,0.74,N,2
40.28508,23.44571,295.65,0.41,0.37,2023-11-15,0031,N,VIIRS,n,2,284.68,0.38,N,2
38.03579,23.59371,296.77,0.44,0.38,2023-11-15,0031,N,VIIRS,n,2,286.69,0.52,N,0
38.12867,23.52733,305.13,0.44,0.38,2023-11-15,0031,N,VIIRS,n,2,286.95,0.78,N,2
37.14484,24.52813,332.9,0.49,0.48,2023-11-15,1152,N,VIIRS,n,2,295.68,3.77,D,0
37.14745,24.52866,332.85,0.49,0.48,2023-11-15,1152,N,VIIRS,n,2,294.89,2.51,D,0
35.08014,24.98306,329.48,0.49,0.48,2023-11-15,1152,N,VIIRS,n,2,291.41,3.17,D,0
37.96264,23.40228,332.87,0.43,0.46,2023-11-15,1153,N,VIIRS,n,2,292.78,2.21,D,3
41.4004,26.34241,350.26,0.33,0.56,2023-11-15,1154,N,VIIRS,n,2,291.94,3.78,D,0
41.1344,23.97091,326.89,0.5,0.49,2023-11-15,1154,N,VIIRS,n,2,291.87,4.86,D,0
41.13379,23.96664,331.59,0.5,0.49,2023-11-15,1154,N,VIIRS,n,2,290.88,3.19,D,0
41.48573,26.26223,335.58,0.33,0.55,2023-11-15,1154,N,VIIRS,n,2,291.33,1.93,D,0
41.4913,26.2694,351,0.33,0.55,2023-11-15,1154,N,VIIRS,n,2,293.21,6.62,D,0
41.49001,26.24503,328.15,0.33,0.55,2023-11-15,1154,N,VIIRS,n,2,291.48,2.12,D,0
41.55111,26.22368,332.95,0.33,0.55,2023-11-15,1154,N,VIIRS,n,2,290.78,2.93,D,0
41.63531,26.32274,331.8,0.34,0.56,2023-11-15,1154,N,VIIRS,n,2,291.32,2.06,D,0
41.66536,26.3943,341.03,0.34,0.56,2023-11-15,1154,N,VIIRS,n,2,292.43,3.39,D,0
41.49529,26.27066,326.21,0.33,0.55,2023-11-15,1154,N,VIIRS,n,2,291.92,2.91,D,0
41.49014,26.27142,338.35,0.33,0.55,2023-11-15,1154,N,VIIRS,n,2,292.72,2.91,D,0
41.40062,26.34654,331.3,0.33,0.56,2023-11-15,1154,N,VIIRS,n,2,291.35,3.78,D,0
39.38565,22.80927,297.64,0.42,0.37,2023-11-16,0012,N,VIIRS,n,2,284.79,0.32,N,2
38.37516,24.06119,301.23,0.39,0.36,2023-11-16,0012,N,VIIRS,n,2,288.63,0.96,N,3
39.16885,22.84085,299.65,0.41,0.37,2023-11-16,0012,N,VIIRS,n,2,285.69,0.75,N,2
39.46135,22.15635,299.18,0.43,0.38,2023-11-16,0012,N,VIIRS,n,2,283.75,0.49,N,0
38.12781,23.52581,302.24,0.39,0.37,2023-11-16,0013,N,VIIRS,n,2,288.08,0.7,N,2
38.13115,23.5266,303.04,0.39,0.37,2023-11-16,0013,N,VIIRS,n,2,288.64,0.54,N,2
38.03404,23.59403,299.24,0.39,0.36,2023-11-16,0013,N,VIIRS,n,2,288.81,0.61,N,0
35.24133,24.66311,325.98,0.43,0.38,2023-11-16,1133,N,VIIRS,n,2,292.79,2.16,D,0
37.96254,22.59877,328.28,0.4,0.37,2023-11-16,1134,N,VIIRS,n,2,285.31,1.26,D,0
38.9252,22.04472,329.66,0.39,0.36,2023-11-16,1134,N,VIIRS,n,2,286.23,1.84,D,0
37.18303,24.47159,329.83,0.44,0.38,2023-11-16,1134,N,VIIRS,n,2,289.89,3.43,D,0
39.67551,22.68906,326.27,0.41,0.37,2023-11-16,1134,N,VIIRS,n,2,280.42,3.39,D,0
40.87862,23.70596,330.15,0.45,0.39,2023-11-16,1135,N,VIIRS,n,2,293.4,2.83,D,0
41.36271,26.40971,327.99,0.39,0.44,2023-11-16,1135,N,VIIRS,n,2,289.55,1.59,D,0
41.15829,23.99586,325.18,0.46,0.39,2023-11-16,1135,N,VIIRS,n,2,293.92,1.6,D,0
41.11484,23.32093,325.23,0.44,0.38,2023-11-16,1135,N,VIIRS,n,2,291.76,2.88,D,0
41.1142,23.31573,328.05,0.44,0.38,2023-11-16,1135,N,VIIRS,n,2,291.71,2.07,D,0
41.52499,26.26208,334.94,0.38,0.43,2023-11-16,1135,N,VIIRS,n,2,290.69,2.72,D,0
41.26103,23.3135,339.71,0.44,0.38,2023-11-16,1135,N,VIIRS,n,2,291.8,3.69,D,0
41.56485,26.25174,351.03,0.38,0.43,2023-11-16,1135,N,VIIRS,n,2,293.01,9.57,D,0
40.42603,23.09078,328.77,0.42,0.38,2023-11-16,1135,N,VIIRS,n,2,291.24,2.4,D,0
40.53798,23.44121,334.84,0.43,0.38,2023-11-16,1135,N,VIIRS,n,2,292.61,2.91,D,0
40.41888,23.20469,329.96,0.43,0.38,2023-11-16,1135,N,VIIRS,n,2,289.77,2.68,D,0
40.42552,23.22938,328.43,0.43,0.38,2023-11-16,1135,N,VIIRS,n,2,290.46,3.74,D,0
40.79568,23.93916,329.83,0.45,0.39,2023-11-16,1135,N,VIIRS,n,2,294.02,5.93,D,0
40.79925,23.93828,330.47,0.45,0.39,2023-11-16,1135,N,VIIRS,n,2,292.75,5.4,D,0
40.88232,23.85851,328.8,0.45,0.39,2023-11-16,1135,N,VIIRS,n,2,292.06,4.48,D,0
39.25703,26.02962,336.08,0.39,0.36,2023-11-17,1115,N,VIIRS,n,2,278.23,4.58,D,0
38.41785,23.01373,332.59,0.41,0.37,2023-11-17,1115,N,VIIRS,n,2,295.72,1.24,D,0
38.8825,22.4852,337.82,0.42,0.38,2023-11-17,1115,N,VIIRS,n,2,294.4,3.64,D,0
39.52609,25.01367,331.63,0.38,0.36,2023-11-17,1115,N,VIIRS,n,2,291.21,3.15,D,0
39.25373,26.03041,326.75,0.39,0.36,2023-11-17,1115,N,VIIRS,n,2,276.01,1.94,D,0
40.47023,21.12733,337.69,0.48,0.48,2023-11-18,1057,N,VIIRS,n,2,280.87,2.7,D,0
40.21521,24.31731,309.84,0.58,0.7,2023-11-18,2315,N,VIIRS,n,2,276.86,2.55,N,0
41.02704,23.63341,335.11,0.59,0.53,2023-11-19,1038,N,VIIRS,n,2,288.4,5.85,D,0
39.16242,20.76891,326.72,0.46,0.64,2023-11-19,1038,N,VIIRS,n,2,287.44,2.34,D,0
39.27471,22.61114,326.39,0.37,0.58,2023-11-19,1038,N,VIIRS,n,2,286.79,3.03,D,0
38.6632,22.52522,348.28,0.39,0.59,2023-11-19,1038,N,VIIRS,n,2,289.89,3.66,D,0
40.99016,23.62016,326.63,0.6,0.53,2023-11-19,1038,N,VIIRS,n,2,285.38,3.43,D,0
41.55692,26.20333,325.51,0.43,0.46,2023-11-19,1038,N,VIIRS,n,2,284.44,2.11,D,0
41.541,26.23189,335.42,0.43,0.46,2023-11-19,1038,N,VIIRS,n,2,285.4,3.56,D,0
41.50246,26.27817,345.82,0.43,0.46,2023-11-19,1038,N,VIIRS,n,2,286.32,4.72,D,0
40.3368,22.57981,337.6,0.35,0.57,2023-11-19,1038,N,VIIRS,n,2,288.03,2.77,D,0
40.24552,23.30928,328.85,0.32,0.55,2023-11-19,1038,N,VIIRS,n,2,287.03,1.91,D,0
37.92046,23.07381,345.21,0.46,0.63,2023-11-19,1218,N,VIIRS,n,2,291.11,6.62,D,2
37.82749,21.22164,342.86,0.36,0.57,2023-11-19,1218,N,VIIRS,n,2,287.9,4.03,D,0
38.67454,22.55567,327.24,0.43,0.62,2023-11-19,1218,N,VIIRS,n,2,288.56,3.2,D,0
38.86818,22.48092,340.99,0.43,0.62,2023-11-19,1218,N,VIIRS,n,2,289.07,3.46,D,0
38.86832,22.48329,325.03,0.43,0.62,2023-11-19,1218,N,VIIRS,n,2,287.62,3.13,D,0
40.05618,22.20082,341.11,0.43,0.62,2023-11-19,1219,N,VIIRS,n,2,275.53,3.43,D,0
39.38638,22.80503,298.64,0.45,0.39,2023-11-20,0037,N,VIIRS,n,2,277.21,0.85,N,2
39.35519,22.98686,296.54,0.46,0.39,2023-11-20,0037,N,VIIRS,n,2,279.61,0.79,N,2
38.12886,23.52736,299.55,0.5,0.41,2023-11-20,0038,N,VIIRS,n,2,278.56,0.86,N,2
35.30478,23.7688,333.09,0.72,0.76,2023-11-20,1018,N,VIIRS,n,2,287.81,11.03,D,0
35.30742,23.76933,330.65,0.72,0.76,2023-11-20,1018,N,VIIRS,n,2,287.66,7.54,D,0
35.23721,24.51925,325.35,0.67,0.73,2023-11-20,1018,N,VIIRS,n,2,287.87,9.6,D,0
41.10959,24.23698,343.62,0.47,0.64,2023-11-20,1020,N,VIIRS,n,2,289.25,5.94,D,0
41.59933,26.23128,355.25,0.37,0.58,2023-11-20,1020,N,VIIRS,n,2,288.29,5.52,D,0
40.54801,23.45658,326.44,0.53,0.67,2023-11-20,1020,N,VIIRS,n,2,287.44,2.33,D,0
41.03582,23.45752,326.07,0.51,0.66,2023-11-20,1020,N,VIIRS,n,2,286.7,2.02,D,0
35.30665,23.76739,330.78,0.51,0.5,2023-11-20,1158,N,VIIRS,n,2,291.91,4.63,D,0
35.30209,23.76849,333.35,0.51,0.5,2023-11-20,1158,N,VIIRS,n,2,291.25,4.71,D,0
35.31121,23.76639,328.54,0.51,0.5,2023-11-20,1158,N,VIIRS,n,2,289.33,4.63,D,0
39.3195,22.30669,340.72,0.47,0.48,2023-11-20,1159,N,VIIRS,n,2,294,6.16,D,0
39.06386,22.21393,332.54,0.47,0.48,2023-11-20,1159,N,VIIRS,n,2,293.67,2.77,D,0
37.07505,25.36824,336.09,0.33,0.55,2023-11-20,1159,N,VIIRS,n,2,293.21,2.94,D,0
37.54964,21.57221,328.95,0.42,0.45,2023-11-20,1159,N,VIIRS,n,2,292.16,3.14,D,0
41.50789,26.25043,367,0.4,0.6,2023-11-20,1200,N,VIIRS,h,2,290.31,5.15,D,0
41.11521,23.34432,325.12,0.56,0.52,2023-11-20,1200,N,VIIRS,n,2,289.37,4.09,D,0
40.78685,21.51702,335.88,0.45,0.47,2023-11-20,1200,N,VIIRS,n,2,287.49,3.57,D,0
40.53914,21.6159,333.62,0.45,0.47,2023-11-20,1200,N,VIIRS,n,2,286.32,3.31,D,0
41.55035,26.25455,367,0.4,0.6,2023-11-20,1200,N,VIIRS,h,2,290.03,11.16,D,0
41.64924,26.25071,325.43,0.4,0.6,2023-11-20,1200,N,VIIRS,n,2,287.09,2.12,D,0
41.68211,26.22848,335.15,0.4,0.6,2023-11-20,1200,N,VIIRS,n,2,289.15,3.12,D,0
41.42744,26.41383,333.98,0.41,0.6,2023-11-20,1200,N,VIIRS,n,2,289.07,4.01,D,0
41.50461,26.17785,343.2,0.4,0.6,2023-11-20,1200,N,VIIRS,n,2,288.73,5.65,D,0
40.70593,22.81351,309.54,0.39,0.36,2023-11-21,0018,N,VIIRS,n,2,279.44,1.44,N,2
39.38548,22.80491,300.46,0.39,0.36,2023-11-21,0019,N,VIIRS,n,2,277.3,0.61,N,2
39.38879,22.80572,297.23,0.39,0.36,2023-11-21,0019,N,VIIRS,n,2,277.47,0.38,N,0
38.12838,23.52449,309,0.38,0.36,2023-11-21,0019,N,VIIRS,n,2,282.27,1.22,N,2
40.87466,23.04221,330.31,0.48,0.4,2023-11-21,1141,N,VIIRS,n,2,271.43,3.95,D,0
40.06338,22.09335,329.69,0.44,0.38,2023-11-21,1141,N,VIIRS,n,2,270.49,3.01,D,0
39.35279,22.98688,299.65,0.53,0.42,2023-11-25,0044,N,VIIRS,n,2,285.85,1.15,N,2
39.35427,22.98774,296.79,0.52,0.42,2023-11-25,0044,N,VIIRS,n,2,284.5,0.91,N,2
37.62938,25.17149,329.41,0.48,0.48,2023-11-25,0044,N,VIIRS,n,2,285.91,4.39,N,0
39.26937,25.91467,327.42,0.37,0.58,2023-11-25,1025,N,VIIRS,n,2,287.88,2.81,D,0
39.16827,22.8401,298.22,0.39,0.36,2023-11-26,0025,N,VIIRS,n,2,279.01,0.92,N,2
38.12881,23.52728,301.06,0.4,0.37,2023-11-26,0025,N,VIIRS,n,2,282.15,1.19,N,2
38.87621,22.48833,342.04,0.51,0.41,2023-11-26,1147,N,VIIRS,n,2,286.05,5.71,D,0
38.13036,23.5243,303.71,0.43,0.38,2023-11-27,0006,N,VIIRS,n,2,278.16,1.44,N,2
39.17002,22.84151,312.02,0.46,0.39,2023-11-27,0006,N,VIIRS,n,2,274.9,1.86,N,2
37.19994,24.48051,338.59,0.4,0.37,2023-11-27,1127,N,VIIRS,n,2,289.93,3.62,D,0
36.89849,22.7541,331.94,0.38,0.36,2023-11-27,1127,N,VIIRS,n,2,287.95,2.27,D,0
35.16676,25.17826,330.53,0.4,0.37,2023-11-27,1127,N,VIIRS,n,2,287.68,2.6,D,0
35.13412,24.60197,326.55,0.39,0.36,2023-11-27,1127,N,VIIRS,n,2,292.91,1.35,D,0
36.90178,22.75332,334.45,0.38,0.36,2023-11-27,1127,N,VIIRS,n,2,288.16,4.45,D,0
40.39098,23.12528,329.36,0.39,0.36,2023-11-27,1128,N,VIIRS,n,2,287.83,2.51,D,0
39.21523,22.76608,329.67,0.39,0.36,2023-11-27,1128,N,VIIRS,n,2,290.91,2.74,D,0
39.21588,22.77053,329.12,0.39,0.36,2023-11-27,1128,N,VIIRS,n,2,289,2.74,D,0
41.10985,25.55795,328.78,0.46,0.39,2023-11-27,1128,N,VIIRS,n,2,285.8,6.03,D,0
40.99934,22.61479,331.89,0.39,0.36,2023-11-27,1128,N,VIIRS,n,2,286.34,6.5,D,0
41,22.6194,330.91,0.39,0.36,2023-11-27,1128,N,VIIRS,n,2,286.93,6.5,D,0
39.35346,22.98668,301.62,0.41,0.45,2023-11-30,0050,N,VIIRS,n,2,284.9,1.44,N,2
39.38845,22.8086,307.65,0.4,0.45,2023-11-30,0050,N,VIIRS,n,2,279.21,0.85,N,2
38.37454,24.06098,301.25,0.49,0.49,2023-11-30,0050,N,VIIRS,n,2,286.12,1.3,N,2
37.08615,25.39097,326.28,0.37,0.58,2023-11-30,1031,N,VIIRS,n,2,290.98,1.58,D,0
40.39302,23.2219,352.89,0.39,0.59,2023-11-30,1032,N,VIIRS,n,2,290.27,5.24,D,0
40.84471,21.43429,330.05,0.77,0.77,2023-12-01,1013,N,VIIRS,n,2,285.87,5.22,D,0
35.2933,24.52041,337.96,0.46,0.47,2023-12-01,1152,N,VIIRS,n,2,293.38,3.59,D,0
35.26516,24.54752,331.75,0.46,0.47,2023-12-01,1152,N,VIIRS,n,2,290.93,2.56,D,0
35.26191,24.51224,335.31,0.46,0.47,2023-12-01,1152,N,VIIRS,n,2,292.34,4.61,D,0
36.81326,22.72601,337.86,0.39,0.44,2023-12-01,1152,N,VIIRS,n,2,292.27,2.09,D,0
38.48469,23.06682,326.59,0.42,0.45,2023-12-01,1153,N,VIIRS,n,2,293.2,2.95,D,0
38.41882,23.09308,344.97,0.42,0.45,2023-12-01,1153,N,VIIRS,n,2,293.75,8.26,D,0
38.48093,23.07231,333.25,0.42,0.45,2023-12-01,1153,N,VIIRS,n,2,293.89,2.95,D,0
40.5001,23.07238,326.98,0.44,0.46,2023-12-01,1153,N,VIIRS,n,2,292.86,2.64,D,0
39.31871,22.51611,327.68,0.4,0.45,2023-12-01,1153,N,VIIRS,n,2,291.54,2.56,D,0
39.36118,22.36918,347.47,0.4,0.44,2023-12-01,1153,N,VIIRS,n,2,295.33,4.61,D,0
38.1297,23.52632,308.65,0.39,0.37,2023-12-02,0012,N,VIIRS,n,2,283.47,1.26,N,2
40.89403,21.43637,328.53,0.39,0.36,2023-12-02,1135,N,VIIRS,n,2,289.83,5.3,D,0
40.7587,21.49044,332.54,0.39,0.36,2023-12-02,1135,N,VIIRS,n,2,291.39,5.51,D,0
40.76203,21.48965,341.87,0.39,0.36,2023-12-02,1135,N,VIIRS,n,2,291.17,5.51,D,0
40.89801,21.44022,331.09,0.39,0.36,2023-12-02,1135,N,VIIRS,n,2,286.69,5.3,D,0
40.89736,21.43557,330.44,0.39,0.36,2023-12-02,1135,N,VIIRS,n,2,286.15,5.3,D,0
35.20335,24.59621,341.09,0.4,0.37,2023-12-03,1114,N,VIIRS,n,2,285.95,18.19,D,0
38.40102,23.08894,346.15,0.41,0.37,2023-12-03,1115,N,VIIRS,n,2,294.43,8.08,D,0
37.5607,21.57226,328.21,0.47,0.4,2023-12-03,1115,N,VIIRS,n,2,291.28,1.58,D,0
39.3993,22.28471,339.54,0.42,0.38,2023-12-03,1115,N,VIIRS,n,2,295.22,6.02,D,0
39.53786,22.67067,334.8,0.41,0.37,2023-12-03,1115,N,VIIRS,n,2,288.16,4.41,D,0
38.92519,22.04345,330.2,0.44,0.38,2023-12-03,1115,N,VIIRS,n,2,291.98,7.23,D,0
41.54885,26.29259,325.92,0.4,0.37,2023-12-03,1116,N,VIIRS,n,2,289.24,4.96,D,0
41.52226,26.40252,328.28,0.4,0.37,2023-12-03,1116,N,VIIRS,n,2,290.44,1.58,D,0
41.5522,26.2918,343.81,0.4,0.37,2023-12-03,1116,N,VIIRS,n,2,290.12,4.96,D,0
40.22561,22.56627,336.64,0.41,0.37,2023-12-03,1116,N,VIIRS,n,2,292.92,3.81,D,0
40.85595,22.64957,339.44,0.4,0.44,2023-12-04,1057,N,VIIRS,n,2,285.69,13.16,D,0
40.85496,22.6449,326.58,0.4,0.44,2023-12-04,1057,N,VIIRS,n,2,285.98,9.44,D,0
39.80036,21.52721,330.66,0.47,0.48,2023-12-04,1057,N,VIIRS,n,2,286.84,3.03,D,0
37.33225,24.38811,327.45,0.38,0.36,2023-12-08,1121,N,VIIRS,n,2,284.22,1.77,D,0
35.39246,24.64659,329.35,0.52,0.41,2023-12-09,1102,N,VIIRS,n,2,280.82,7.76,D,0
35.3913,24.64066,329.09,0.52,0.41,2023-12-09,1102,N,VIIRS,n,2,276.78,5.3,D,0
41.10928,23.36989,328.41,0.47,0.4,2023-12-09,1103,N,VIIRS,n,2,283.13,2.99,D,0
41.10783,23.38215,327.63,0.47,0.4,2023-12-09,1103,N,VIIRS,n,2,283.09,3.01,D,0
40.7045,22.81377,295.74,0.49,0.4,2023-12-11,0043,N,VIIRS,n,2,276.57,0.77,N,2
40.71915,23.3054,335.59,0.45,0.63,2023-12-11,1026,N,VIIRS,n,2,283.07,3.75,D,0
40.87072,23.74832,344.29,0.43,0.62,2023-12-11,1026,N,VIIRS,n,2,283.99,4.89,D,0
40.86753,23.75171,328.23,0.42,0.61,2023-12-11,1026,N,VIIRS,n,2,283.85,3.87,D,0
40.86681,23.74918,343.48,0.35,0.57,2023-12-11,1206,N,VIIRS,n,2,286.38,3.78,D,0
40.82033,23.02965,348.91,0.32,0.55,2023-12-11,1206,N,VIIRS,n,2,285.04,1.94,D,0
39.35579,22.98504,295.83,0.39,0.36,2023-12-12,0025,N,VIIRS,n,2,279.51,0.64,N,2
41.09205,23.35357,338.45,0.39,0.44,2023-12-12,1147,N,VIIRS,n,2,288.47,6.41,D,0
41.10418,23.35156,328.98,0.39,0.44,2023-12-12,1147,N,VIIRS,n,2,287.7,2.45,D,0
40.97631,23.98763,330.78,0.42,0.45,2023-12-12,1147,N,VIIRS,n,2,286.17,2.98,D,0
41.0916,23.34889,337.13,0.39,0.44,2023-12-12,1147,N,VIIRS,n,2,289.08,6.41,D,0
38.3732,24.0624,299.01,0.42,0.38,2023-12-13,0006,N,VIIRS,n,2,281.46,0.77,N,2
38.42586,23.06597,331.82,0.46,0.39,2023-12-14,1109,N,VIIRS,n,2,293.34,3.62,D,0
37.91858,23.07371,300.43,0.39,0.59,2023-12-15,0109,N,VIIRS,n,2,287.52,1.03,N,2
40.97005,22.73063,304.89,0.43,0.38,2023-12-18,0012,N,VIIRS,n,2,271.73,1.54,N,0
38.37516,24.06268,299.11,0.39,0.36,2023-12-18,0012,N,VIIRS,n,2,279.84,0.54,N,2
40.28459,23.4461,296.88,0.41,0.37,2023-12-18,0012,N,VIIRS,n,2,275.33,0.38,N,2
38.03461,23.59055,295.49,0.39,0.36,2023-12-18,0012,N,VIIRS,n,2,283.58,0.59,N,0
35.27643,25.00143,331.22,0.44,0.38,2023-12-18,1133,N,VIIRS,n,2,286.68,4.4,D,0
38.34203,21.56923,338.05,0.39,0.36,2023-12-18,1134,N,VIIRS,n,2,288.82,3.53,D,0
40.96993,22.73845,326.19,0.42,0.37,2023-12-18,1134,N,VIIRS,n,2,284.77,1.87,D,0
39.16956,22.83933,300.73,0.43,0.46,2023-12-18,2353,N,VIIRS,n,2,275.87,0.93,N,2
38.04074,23.51019,296,0.39,0.44,2023-12-18,2353,N,VIIRS,n,2,284.94,1.24,N,0
38.12976,23.52524,304.8,0.39,0.44,2023-12-18,2353,N,VIIRS,n,2,281.84,0.69,N,2
36.46453,23.14903,298.24,0.39,0.44,2023-12-18,2354,N,VIIRS,n,2,281.1,2.05,N,0
36.4641,23.15305,338.36,0.39,0.44,2023-12-18,2354,N,VIIRS,n,2,284.36,3.99,N,0
36.46006,23.15247,324.85,0.39,0.44,2023-12-18,2354,N,VIIRS,n,2,281.66,1.49,N,0
39.2091,25.91027,329.05,0.39,0.36,2023-12-19,1115,N,VIIRS,n,2,288.6,1.7,D,0
37.92275,23.06372,316.71,0.37,0.58,2023-12-19,2334,N,VIIRS,n,2,281.55,1.13,N,0
37.91909,23.06956,295.63,0.37,0.58,2023-12-19,2334,N,VIIRS,n,2,284.05,1.18,N,2
37.91932,23.06531,312.45,0.37,0.58,2023-12-19,2334,N,VIIRS,n,2,281.78,1.14,N,0
37.92469,23.06637,303.12,0.37,0.58,2023-12-19,2334,N,VIIRS,n,2,280.61,1.14,N,0
38.12981,23.52442,295.36,0.35,0.57,2023-12-19,2334,N,VIIRS,n,2,279.27,0.32,N,2
39.38589,22.80545,306.86,0.42,0.61,2023-12-20,0114,N,VIIRS,n,2,274.57,0.62,N,2
40.28506,23.44288,298.25,0.42,0.61,2023-12-20,0114,N,VIIRS,n,2,278.58,0.64,N,2
37.92324,23.07201,298.75,0.47,0.64,2023-12-20,0115,N,VIIRS,n,2,280.73,0.53,N,0
37.91748,23.06985,300.4,0.47,0.64,2023-12-20,0115,N,VIIRS,n,2,282.51,1.94,N,2
41.23672,23.35345,329.93,0.55,0.42,2023-12-20,1057,N,VIIRS,n,2,283.42,4.01,D,0
41.09851,23.37288,325.52,0.61,0.54,2023-12-21,1038,N,VIIRS,n,2,282.87,3.83,D,0
41.07516,23.32866,347.81,0.62,0.54,2023-12-21,1038,N,VIIRS,n,2,283.06,8.99,D,0
41.06564,23.33289,339.02,0.62,0.54,2023-12-21,1038,N,VIIRS,n,2,281.47,5.83,D,0
41.07471,23.36847,338.76,0.62,0.54,2023-12-21,1038,N,VIIRS,n,2,286.19,11.85,D,0
40.42968,23.08094,326.51,0.33,0.55,2023-12-21,1038,N,VIIRS,n,2,284.13,1.5,D,0
40.32463,23.25621,325.69,0.33,0.55,2023-12-21,1038,N,VIIRS,n,2,285.48,2.87,D,0
40.29954,23.36121,341.72,0.32,0.55,2023-12-21,1038,N,VIIRS,n,2,286.84,2.16,D,0
38.12866,23.52721,298.55,0.49,0.41,2023-12-22,0037,N,VIIRS,n,2,279.57,0.43,N,2
38.89945,21.16752,311.87,0.41,0.37,2023-12-22,0037,N,VIIRS,n,2,282.6,1.62,N,3
37.91821,23.07259,303.13,0.38,0.36,2023-12-23,0019,N,VIIRS,n,2,287.56,0.87,N,2
38.12907,23.52483,303.61,0.38,0.36,2023-12-23,0019,N,VIIRS,n,2,282.26,0.9,N,2
40.0678,22.19656,342.46,0.44,0.38,2023-12-23,1140,N,VIIRS,n,2,289.12,9.42,D,0
40.06428,22.19732,332.79,0.44,0.38,2023-12-23,1140,N,VIIRS,n,2,290.72,3.35,D,0
41.0183,22.74701,331.45,0.47,0.4,2023-12-23,1141,N,VIIRS,n,2,288.25,4.1,D,0
40.37973,21.9334,343.89,0.43,0.38,2023-12-23,1141,N,VIIRS,n,2,287.7,8.91,D,0
40.62358,21.73083,328.22,0.43,0.38,2023-12-23,1141,N,VIIRS,n,2,288.46,2.1,D,0
40.71155,22.25676,296.9,0.4,0.44,2023-12-23,2359,N,VIIRS,n,2,276.15,0.31,N,0
40.71249,22.15924,297.52,0.41,0.45,2023-12-23,2359,N,VIIRS,n,2,279.65,0.54,N,0
40.77738,21.39995,298.36,0.44,0.46,2023-12-23,2359,N,VIIRS,n,2,276.64,1.26,N,0
40.84196,22.30984,296.4,0.4,0.44,2023-12-23,2359,N,VIIRS,n,2,275.2,0.79,N,0
40.79411,22.41781,310.33,0.39,0.44,2023-12-23,2359,N,VIIRS,n,2,280.42,1.18,N,0
40.79004,22.41702,308.45,0.39,0.44,2023-12-23,2359,N,VIIRS,n,2,279.9,1.18,N,0
40.78598,22.41623,297.24,0.39,0.44,2023-12-23,2359,N,VIIRS,n,2,279.43,1.02,N,0
37.91877,23.07042,297.5,0.51,0.41,2023-12-24,0000,N,VIIRS,n,2,286.48,0.75,N,2
38.0397,23.51141,296.14,0.49,0.41,2023-12-24,0000,N,VIIRS,n,2,285.83,1.17,N,2
38.12999,23.52434,304.68,0.49,0.41,2023-12-24,0000,N,VIIRS,n,2,283.97,1.32,N,2
35.21896,24.34806,336.89,0.39,0.36,2023-12-24,1120,N,VIIRS,n,2,293.16,3.1,D,0
39.83078,25.18126,329.04,0.4,0.37,2023-12-24,1121,N,VIIRS,n,2,289.33,3.3,D,0
39.82807,25.18662,331.07,0.4,0.37,2023-12-24,1121,N,VIIRS,n,2,289.62,4.07,D,0
39.83142,25.18589,332.33,0.4,0.37,2023-12-24,1121,N,VIIRS,n,2,289.59,7.11,D,0
41.681,26.35967,331.93,0.44,0.38,2023-12-24,1122,N,VIIRS,n,2,287.52,7.08,D,0
38.07368,24.50468,310.41,0.5,0.49,2023-12-24,2341,N,VIIRS,n,2,282.57,2.73,N,0
38.07323,24.51002,325.24,0.5,0.49,2023-12-24,2341,N,VIIRS,n,2,282.92,2.73,N,0
40.84363,22.67273,340.67,0.51,0.41,2023-12-25,1103,N,VIIRS,n,2,290.99,15.92,D,0
37.919,23.06736,295.22,0.54,0.68,2023-12-25,2322,N,VIIRS,n,2,283.96,1.18,N,0
37.91938,23.07207,298.33,0.32,0.55,2023-12-26,0102,N,VIIRS,n,2,285.47,0.86,N,2
37.36067,22.74265,326.35,0.34,0.56,2023-12-26,1043,N,VIIRS,n,2,288.63,1.54,D,0
39.85786,21.58881,325.45,0.34,0.56,2023-12-26,1044,N,VIIRS,n,2,287.15,1.49,D,0
39.86071,21.58761,331.06,0.34,0.56,2023-12-26,1044,N,VIIRS,n,2,287.94,1.54,D,0
38.12884,23.52675,296.13,0.39,0.44,2023-12-27,0044,N,VIIRS,n,2,281.36,0.39,N,2
38.03164,23.6053,299.7,0.39,0.44,2023-12-27,0044,N,VIIRS,n,2,284.29,0.75,N,0
41.07888,23.34377,326.4,0.44,0.62,2023-12-27,1026,N,VIIRS,n,2,286.08,2.7,D,0
41.07712,23.34233,337.07,0.44,0.62,2023-12-27,1026,N,VIIRS,n,2,286.81,4.92,D,0
41.07742,23.33875,329.91,0.44,0.62,2023-12-27,1026,N,VIIRS,n,2,286.81,2.7,D,0
40.40596,21.3209,328.35,0.52,0.5,2023-12-27,1206,N,VIIRS,n,2,287.32,4.31,D,0
41.10836,23.38877,325.68,0.34,0.56,2023-12-27,1206,N,VIIRS,n,2,287.04,1.8,D,0
41.1002,23.33554,339.08,0.34,0.56,2023-12-27,1206,N,VIIRS,n,2,288.96,3.32,D,0
41.10156,23.36029,367,0.34,0.56,2023-12-27,1206,N,VIIRS,h,2,290.77,9.25,D,0
41.09567,23.3484,349.33,0.34,0.56,2023-12-27,1206,N,VIIRS,n,2,290.09,5.45,D,0
41.08957,23.3324,330.02,0.34,0.56,2023-12-27,1206,N,VIIRS,n,2,288.81,2.12,D,0
41.09046,23.34888,351.78,0.34,0.56,2023-12-27,1206,N,VIIRS,n,2,290.23,3.54,D,0
41.08392,23.32465,328.52,0.34,0.56,2023-12-27,1206,N,VIIRS,n,2,288.84,3.13,D,0
40.4031,21.31689,339.17,0.52,0.5,2023-12-27,1206,N,VIIRS,n,2,288.49,7.07,D,0
40.39719,23.09572,339.74,0.32,0.55,2023-12-27,1206,N,VIIRS,n,2,290.89,2.98,D,0
40.28506,23.31782,356.62,0.33,0.55,2023-12-27,1206,N,VIIRS,n,2,291.89,4.03,D,0
38.08258,24.54431,313.65,0.42,0.38,2023-12-28,0025,N,VIIRS,n,2,280.49,0.85,N,0
38.07582,24.54208,303.58,0.42,0.38,2023-12-28,0025,N,VIIRS,n,2,279.35,7.52,N,0
38.12764,23.52614,300.25,0.4,0.37,2023-12-28,0025,N,VIIRS,n,2,280.63,0.68,N,2
38.08157,23.63118,295.52,0.4,0.37,2023-12-28,0025,N,VIIRS,n,2,279.35,0.41,N,0
37.91926,23.07178,299.72,0.39,0.36,2023-12-28,0025,N,VIIRS,n,2,285.81,1.14,N,2
38.07922,24.54307,343.17,0.42,0.38,2023-12-28,0025,N,VIIRS,n,2,287.37,7.52,N,0
38.61507,21.2859,326.51,0.45,0.39,2023-12-28,1146,N,VIIRS,n,2,289.86,2.73,D,0
37.08284,22.63563,337.45,0.49,0.4,2023-12-28,1146,N,VIIRS,n,2,289.95,8.97,D,0
41.07685,23.36344,342.61,0.39,0.44,2023-12-28,1147,N,VIIRS,n,2,291.44,4.03,D,0
41.08089,23.36277,349.84,0.39,0.44,2023-12-28,1147,N,VIIRS,n,2,290.04,11.55,D,0
41.08583,23.37146,337.63,0.39,0.44,2023-12-28,1147,N,VIIRS,n,2,289.41,2.48,D,0
40.53948,22.60939,330.57,0.53,0.42,2023-12-28,1147,N,VIIRS,n,2,287.1,3.49,D,0
40.4306,21.16257,336.39,0.46,0.39,2023-12-28,1147,N,VIIRS,n,2,289.54,3.79,D,0
40.52987,21.73128,330.25,0.49,0.4,2023-12-28,1147,N,VIIRS,n,2,290.08,2.69,D,0
40.75559,23.51671,327.95,0.39,0.44,2023-12-28,1147,N,VIIRS,n,2,289.24,1.89,D,0
40.75966,23.51614,340.77,0.39,0.44,2023-12-28,1147,N,VIIRS,n,2,291.1,9.39,D,0
40.87997,24.82023,325.52,0.46,0.47,2023-12-28,1147,N,VIIRS,n,2,286.84,3.37,D,0
40.62339,21.59846,329.49,0.48,0.4,2023-12-28,1147,N,VIIRS,n,2,287.05,3.41,D,0
38.1297,23.52687,306.18,0.43,0.38,2023-12-29,0006,N,VIIRS,n,2,281.72,1.2,N,2
41.11106,23.38541,327.65,0.4,0.37,2023-12-29,1128,N,VIIRS,n,2,286.72,2.16,D,0
39.57555,20.78081,327.89,0.39,0.36,2023-12-29,1128,N,VIIRS,n,2,278.27,2.5,D,0
40.73815,21.83577,327.05,0.38,0.36,2023-12-29,1128,N,VIIRS,n,2,288.62,2.84,D,0
41.02317,23.37699,325.23,0.4,0.37,2023-12-29,1128,N,VIIRS,n,2,287.63,1.53,D,0
41.07633,22.66056,334.83,0.39,0.36,2023-12-29,1128,N,VIIRS,n,2,290.68,2.47,D,0
